-8.506792109999999241e+00 -8.268662909999999755e+00 -8.030595269999999175e+00 -7.792588539999999675e+00 -7.554642040000000058e+00 -7.316755099999999956e+00 -7.078927059999999827e+00 -6.841157270000000068e+00 -6.603445060000000311e+00 -6.365789780000000064e+00 -6.128190779999999727e+00 -5.890647409999999695e+00 -5.653159030000000307e+00 -5.415724990000000183e+00 -5.178344649999999660e+00 -4.941017369999999964e+00 -4.703742530000000421e+00 -4.466519500000000420e+00 -4.229347640000000297e+00 -3.992226329999999823e+00 -3.755154950000000103e+00 -3.518132889999999957e+00 -3.281159530000000046e+00 -3.044234260000000081e+00 -2.807356470000000215e+00 -2.570525560000000098e+00 -2.333740940000000208e+00 -2.097001989999999871e+00 -1.860308129999999949e+00 -1.623658779999999968e+00 -1.387053330000000084e+00 -1.150491219999999926e+00 -9.139718580000000259e-01 -6.774946699999999655e-01 -4.410590850000000174e-01 -2.046645340000000091e-01 3.168954799999999794e-02 2.680037230000000270e-01 5.042785490000000204e-01 7.405145800000000333e-01 9.767123680000000530e-01 1.212872460000000041e+00 1.448995400000000044e+00 1.685081719999999894e+00 1.921131970000000022e+00 2.157146679999999872e+00 2.393126370000000058e+00 2.629071580000000186e+00 2.864982819999999819e+00 3.100860620000000178e+00
-2.966464510000000132e+01 -2.941846479999999886e+01 -2.917241329999999877e+01 -2.892648960000000002e+01 -2.868069240000000164e+01 -2.843502090000000138e+01 -2.818947410000000176e+01 -2.794405079999999941e+01 -2.769875030000000038e+01 -2.745357140000000129e+01 -2.720851319999999873e+01 -2.696357490000000112e+01 -2.671875550000000032e+01 -2.647405399999999887e+01 -2.622946969999999922e+01 -2.598500149999999920e+01 -2.574064870000000127e+01 -2.549641030000000086e+01 -2.525228560000000044e+01 -2.500827359999999899e+01 -2.476437359999999899e+01 -2.452058470000000057e+01 -2.427690600000000032e+01 -2.403333689999999834e+01 -2.378987629999999953e+01 -2.354652370000000161e+01 -2.330327809999999999e+01 -2.306013869999999955e+01 -2.281710479999999919e+01 -2.257417570000000140e+01 -2.233135040000000160e+01 -2.208862840000000105e+01 -2.184600860000000111e+01 -2.160349060000000065e+01 -2.136107330000000104e+01 -2.111875619999999998e+01 -2.087653840000000116e+01 -2.063441909999999879e+01 -2.039239780000000124e+01 -2.015047350000000037e+01 -1.990864549999999866e+01 -1.966691309999999859e+01 -1.942527559999999909e+01 -1.918373220000000146e+01 -1.894228220000000107e+01 -1.870092490000000041e+01 -1.845965939999999961e+01 -1.821848509999999877e+01 -1.797740119999999919e+01 -1.773640710000000098e+01
-8.666547939999999173e+00 -8.428587269999999521e+00 -8.190687719999999672e+00 -7.952848610000000207e+00 -7.715069259999999929e+00 -7.477349010000000185e+00 -7.239687179999999778e+00 -7.002083129999999933e+00 -6.764536180000000343e+00 -6.527045679999999628e+00 -6.289610979999999962e+00 -6.052231420000000028e+00 -5.814906350000000224e+00 -5.577635139999999936e+00 -5.340417139999999563e+00 -5.103251700000000390e+00 -4.866138209999999908e+00 -4.629076010000000352e+00 -4.392064500000000038e+00 -4.155103030000000253e+00 -3.918191000000000201e+00 -3.681327770000000221e+00 -3.444512749999999901e+00 -3.207745309999999961e+00 -2.971024850000000050e+00 -2.734350759999999880e+00 -2.497722449999999927e+00 -2.261139319999999842e+00 -2.024600770000000161e+00 -1.788106219999999968e+00 -1.551655079999999964e+00 -1.315246759999999959e+00 -1.078880700000000026e+00 -8.425563080000000316e-01 -6.062730210000000231e-01 -3.700302710000000217e-01 -1.338274929999999918e-01 1.023358719999999944e-01 3.384603809999999768e-01 5.745465859999999703e-01 8.105950360000000465e-01 1.046606280000000000e+00 1.282580849999999995e+00 1.518519289999999966e+00 1.754422130000000024e+00 1.990289909999999995e+00 2.226123149999999828e+00 2.461922369999999916e+00 2.697688100000000144e+00 2.933420850000000080e+00
-2.982235659999999910e+01 -2.957635210000000114e+01 -2.933047570000000093e+01 -2.908472629999999981e+01 -2.883910300000000149e+01 -2.859360470000000021e+01 -2.834823060000000083e+01 -2.810297960000000117e+01 -2.785785080000000136e+01 -2.761284339999999915e+01 -2.736795629999999946e+01 -2.712318870000000004e+01 -2.687853970000000103e+01 -2.663400839999999903e+01 -2.638959390000000127e+01 -2.614529549999999958e+01 -2.590111220000000003e+01 -2.565704309999999921e+01 -2.541308760000000078e+01 -2.516924470000000014e+01 -2.492551359999999860e+01 -2.468189350000000104e+01 -2.443838360000000165e+01 -2.419498310000000174e+01 -2.395169110000000146e+01 -2.370850700000000089e+01 -2.346542990000000017e+01 -2.322245909999999824e+01 -2.297959369999999879e+01 -2.273683300000000074e+01 -2.249417610000000067e+01 -2.225162249999999986e+01 -2.200917120000000082e+01 -2.176682149999999893e+01 -2.152457259999999906e+01 -2.128242380000000011e+01 -2.104037440000000103e+01 -2.079842359999999957e+01 -2.055657049999999941e+01 -2.031481459999999828e+01 -2.007315489999999869e+01 -1.983159089999999836e+01 -1.959012170000000097e+01 -1.934874650000000074e+01 -1.910746479999999892e+01 -1.886627560000000159e+01 -1.862517820000000057e+01 -1.838417199999999951e+01 -1.814325619999999972e+01 -1.790242999999999896e+01
-8.812554349999999204e+00 -8.574746799999999780e+00 -8.336999909999999403e+00 -8.099312989999999601e+00 -7.861685389999999884e+00 -7.624116410000000066e+00 -7.386605389999999716e+00 -7.149151670000000180e+00 -6.911754580000000203e+00 -6.674413460000000242e+00 -6.437127659999999807e+00 -6.199896520000000244e+00 -5.962719380000000235e+00 -5.725595610000000057e+00 -5.488524570000000047e+00 -5.251505599999999774e+00 -5.014538080000000342e+00 -4.777621360000000372e+00 -4.540754830000000020e+00 -4.303937859999999560e+00 -4.067169820000000158e+00 -3.830450100000000191e+00 -3.593778079999999875e+00 -3.357153149999999808e+00 -3.120574710000000085e+00 -2.884042140000000032e+00 -2.647554860000000065e+00 -2.411112259999999896e+00 -2.174713750000000001e+00 -1.938358749999999908e+00 -1.702046670000000095e+00 -1.465776919999999928e+00 -1.229548950000000085e+00 -9.933621569999999679e-01 -7.572159889999999782e-01 -5.211098769999999991e-01 -2.850432600000000205e-01 -4.901558019999999877e-02 1.869737160000000120e-01 4.229251789999999844e-01 6.588393550000000154e-01 8.947167839999999872e-01 1.130558009999999891e+00 1.366363559999999922e+00 1.602133959999999968e+00 1.837869760000000019e+00 2.073571460000000144e+00 2.309239589999999787e+00 2.544874660000000066e+00 2.780477190000000043e+00
-2.996442509999999970e+01 -2.971857879999999952e+01 -2.947286009999999834e+01 -2.922726799999999869e+01 -2.898180149999999955e+01 -2.873645959999999988e+01 -2.849124150000000100e+01 -2.824614619999999832e+01 -2.800117290000000025e+01 -2.775632050000000106e+01 -2.751158829999999966e+01 -2.726697529999999858e+01 -2.702248069999999913e+01 -2.677810360000000145e+01 -2.653384330000000091e+01 -2.628969869999999887e+01 -2.604566919999999897e+01 -2.580175390000000135e+01 -2.555795200000000023e+01 -2.531426250000000167e+01 -2.507068489999999983e+01 -2.482721820000000079e+01 -2.458386159999999876e+01 -2.434061439999999976e+01 -2.409747570000000039e+01 -2.385444479999999956e+01 -2.361152089999999859e+01 -2.336870319999999879e+01 -2.312599090000000146e+01 -2.288338329999999843e+01 -2.264087960000000166e+01 -2.239847909999999942e+01 -2.215618089999999896e+01 -2.191398420000000158e+01 -2.167188840000000027e+01 -2.142989269999999991e+01 -2.118799629999999823e+01 -2.094619850000000127e+01 -2.070449849999999969e+01 -2.046289549999999835e+01 -2.022138879999999972e+01 -1.997997760000000156e+01 -1.973866119999999924e+01 -1.949743889999999880e+01 -1.925630980000000037e+01 -1.901527330000000049e+01 -1.877432860000000048e+01 -1.853347490000000164e+01 -1.829271149999999935e+01 -1.805203769999999963e+01
-8.943460209999999577e+00 -8.705789340000000820e+00 -8.468178699999999282e+00 -8.230627600000000044e+00 -7.993135360000000134e+00 -7.755701310000000070e+00 -7.518324770000000434e+00 -7.281005079999999907e+00 -7.043741559999999957e+00 -6.806533560000000094e+00 -6.569380419999999887e+00 -6.332281479999999796e+00 -6.095236100000000157e+00 -5.858243619999999652e+00 -5.621303389999999567e+00 -5.384414790000000117e+00 -5.147577169999999924e+00 -4.910789890000000213e+00 -4.674052340000000250e+00 -4.437363880000000371e+00 -4.200723889999999905e+00 -3.964131749999999954e+00 -3.727586860000000168e+00 -3.491088589999999936e+00 -3.254636350000000178e+00 -3.018229530000000160e+00 -2.781867529999999977e+00 -2.545549760000000106e+00 -2.309275630000000135e+00 -2.073044560000000036e+00 -1.836855949999999904e+00 -1.600709230000000094e+00 -1.364603830000000073e+00 -1.128539170000000036e+00 -8.925146999999999942e-01 -6.565298419999999746e-01 -4.205840439999999902e-01 -1.846767500000000006e-01 5.119259069999999856e-02 2.870245240000000031e-01 5.228195920000000552e-01 7.585783350000000480e-01 9.943012860000000064e-01 1.229988979999999898e+00 1.465641940000000032e+00 1.701260680000000081e+00 1.936845740000000093e+00 2.172397619999999918e+00 2.407916839999999947e+00 2.643403900000000029e+00
-3.009051410000000004e+01 -2.984481010000000012e+01 -2.959923309999999930e+01 -2.935378240000000005e+01 -2.910845690000000019e+01 -2.886325580000000102e+01 -2.861817810000000151e+01 -2.837322289999999825e+01 -2.812838939999999965e+01 -2.788367660000000114e+01 -2.763908380000000165e+01 -2.739461000000000013e+01 -2.715025440000000145e+01 -2.690601619999999983e+01 -2.666189460000000011e+01 -2.641788860000000128e+01 -2.617399749999999869e+01 -2.593022050000000078e+01 -2.568655680000000174e+01 -2.544300550000000172e+01 -2.519956589999999963e+01 -2.495623709999999917e+01 -2.471301839999999927e+01 -2.446990890000000007e+01 -2.422690800000000166e+01 -2.398401480000000063e+01 -2.374122849999999829e+01 -2.349854840000000067e+01 -2.325597360000000080e+01 -2.301350349999999878e+01 -2.277113719999999830e+01 -2.252887399999999829e+01 -2.228671310000000005e+01 -2.204465370000000135e+01 -2.180269510000000110e+01 -2.156083650000000063e+01 -2.131907719999999884e+01 -2.107741640000000061e+01 -2.083585330000000013e+01 -2.059438719999999989e+01 -2.035301720000000003e+01 -2.011174279999999825e+01 -1.987056300000000064e+01 -1.962947720000000018e+01 -1.938848460000000173e+01 -1.914758450000000067e+01 -1.890677600000000069e+01 -1.866605840000000072e+01 -1.842543099999999967e+01 -1.818489299999999886e+01
-9.059129009999999482e+00 -8.821578369999999225e+00 -8.584087540000000516e+00 -8.346655849999999432e+00 -8.109282600000000230e+00 -7.871967119999999873e+00 -7.634708739999999771e+00 -7.397506779999999615e+00 -7.160360579999999864e+00 -6.923269470000000148e+00 -6.686232799999999976e+00 -6.449249909999999808e+00 -6.212320140000000102e+00 -5.975442850000000305e+00 -5.738617399999999868e+00 -5.501843130000000137e+00 -5.265119430000000378e+00 -5.028445640000000161e+00 -4.791821149999999641e+00 -4.555245329999999981e+00 -4.318717549999999683e+00 -4.082237209999999727e+00 -3.845803689999999886e+00 -3.609416369999999930e+00 -3.373074659999999891e+00 -3.136777949999999926e+00 -2.900525650000000066e+00 -2.664317169999999901e+00 -2.428151909999999969e+00 -2.192029300000000180e+00 -1.955948749999999903e+00 -1.719909689999999935e+00 -1.483911540000000029e+00 -1.247953740000000034e+00 -1.012035730000000022e+00 -7.761569350000000478e-01 -5.403168130000000069e-01 -3.045148109999999964e-01 -6.875037890000000596e-02 1.669770250000000011e-01 4.026679389999999747e-01 6.383228990000000547e-01 8.739424359999999892e-01 1.109527080000000110e+00 1.345077349999999949e+00 1.580593759999999959e+00 1.816076830000000086e+00 2.051527080000000058e+00 2.286945010000000167e+00 2.522331120000000038e+00
-3.020127310000000165e+01 -2.995569289999999896e+01 -2.971023960000000130e+01 -2.946491209999999938e+01 -2.921970969999999923e+01 -2.897463139999999981e+01 -2.872967630000000128e+01 -2.848484360000000137e+01 -2.824013229999999908e+01 -2.799554159999999925e+01 -2.775107069999999965e+01 -2.750671880000000158e+01 -2.726248490000000047e+01 -2.701836829999999878e+01 -2.677436810000000023e+01 -2.653048349999999900e+01 -2.628671380000000113e+01 -2.604305799999999849e+01 -2.579951540000000065e+01 -2.555608529999999945e+01 -2.531276670000000095e+01 -2.506955900000000170e+01 -2.482646120000000067e+01 -2.458347270000000151e+01 -2.434059269999999842e+01 -2.409782029999999864e+01 -2.385515489999999872e+01 -2.361259550000000118e+01 -2.337014149999999901e+01 -2.312779210000000063e+01 -2.288554650000000024e+01 -2.264340389999999914e+01 -2.240136359999999982e+01 -2.215942469999999886e+01 -2.191758659999999992e+01 -2.167584850000000074e+01 -2.143420959999999909e+01 -2.119266909999999982e+01 -2.095122620000000069e+01 -2.070988029999999824e+01 -2.046863049999999973e+01 -2.022747610000000051e+01 -1.998641639999999953e+01 -1.974545039999999929e+01 -1.950457760000000107e+01 -1.926379710000000145e+01 -1.902310819999999936e+01 -1.878251009999999965e+01 -1.854200210000000126e+01 -1.830158330000000078e+01
-9.159434810000000482e+00 -8.921987969999999990e+00 -8.684600570000000630e+00 -8.447271920000000378e+00 -8.210001330000000763e+00 -7.972788139999999579e+00 -7.735631670000000071e+00 -7.498531240000000153e+00 -7.261486180000000346e+00 -7.024495840000000157e+00 -6.787559540000000169e+00 -6.550676639999999828e+00 -6.313846490000000422e+00 -6.077068429999999744e+00 -5.840341809999999967e+00 -5.603666010000000419e+00 -5.367040379999999722e+00 -5.130464289999999927e+00 -4.893937120000000363e+00 -4.657458229999999588e+00 -4.421027010000000423e+00 -4.184642850000000358e+00 -3.948305130000000052e+00 -3.712013240000000103e+00 -3.475766590000000100e+00 -3.239564580000000138e+00 -3.003406599999999926e+00 -2.767292069999999882e+00 -2.531220409999999976e+00 -2.295191019999999860e+00 -2.059203350000000210e+00 -1.823256800000000011e+00 -1.587350819999999940e+00 -1.351484839999999910e+00 -1.115658290000000052e+00 -8.798706309999999586e-01 -6.441212979999999533e-01 -4.084097469999999896e-01 -1.727354349999999927e-01 6.290217900000000251e-02 2.985036289999999926e-01 5.340694459999999477e-01 7.696001590000000059e-01 1.005096290000000003e+00 1.240558360000000082e+00 1.475986870000000062e+00 1.711382359999999991e+00 1.946745310000000062e+00 2.182076229999999839e+00 2.417375629999999997e+00
-3.029660549999999830e+01 -3.005113120000000038e+01 -2.980578350000000043e+01 -2.956056159999999977e+01 -2.931546439999999976e+01 -2.907049119999999931e+01 -2.882564109999999857e+01 -2.858091320000000124e+01 -2.833630670000000151e+01 -2.809182059999999836e+01 -2.784745429999999899e+01 -2.760320670000000121e+01 -2.735907720000000154e+01 -2.711506490000000014e+01 -2.687116890000000069e+01 -2.662738849999999857e+01 -2.638372280000000103e+01 -2.614017120000000105e+01 -2.589673259999999999e+01 -2.565340649999999911e+01 -2.541019190000000094e+01 -2.516708799999999968e+01 -2.492409419999999898e+01 -2.468120959999999897e+01 -2.443843340000000097e+01 -2.419576490000000035e+01 -2.395320320000000081e+01 -2.371074760000000126e+01 -2.346839740000000063e+01 -2.322615169999999907e+01 -2.298400970000000143e+01 -2.274197080000000071e+01 -2.250003410000000059e+01 -2.225819879999999884e+01 -2.201646420000000148e+01 -2.177482960000000034e+01 -2.153329409999999910e+01 -2.129185689999999909e+01 -2.105051740000000038e+01 -2.080927469999999957e+01 -2.056812809999999914e+01 -2.032707680000000039e+01 -2.008612000000000108e+01 -1.984525700000000015e+01 -1.960448699999999889e+01 -1.936380929999999978e+01 -1.912322299999999942e+01 -1.888272740000000027e+01 -1.864232180000000128e+01 -1.840200529999999901e+01
-9.244276049999999856e+00 -9.006916750000000249e+00 -8.769616550000000288e+00 -8.532374759999999725e+00 -8.295190720000000795e+00 -8.058063730000000646e+00 -7.820993109999999859e+00 -7.583978209999999720e+00 -7.347018339999999981e+00 -7.110112840000000212e+00 -6.873261059999999922e+00 -6.636462339999999571e+00 -6.399716019999999617e+00 -6.163021460000000395e+00 -5.926378009999999641e+00 -5.689785040000000294e+00 -5.453241900000000086e+00 -5.216747970000000123e+00 -4.980302629999999731e+00 -4.743905240000000134e+00 -4.507555189999999712e+00 -4.271251870000000395e+00 -4.034994669999999672e+00 -3.798782969999999981e+00 -3.562616189999999960e+00 -3.326493720000000209e+00 -3.090414979999999812e+00 -2.854379359999999810e+00 -2.618386300000000055e+00 -2.382435220000000076e+00 -2.146525519999999965e+00 -1.910656659999999896e+00 -1.674828060000000063e+00 -1.439039160000000095e+00 -1.203289400000000064e+00 -9.675782259999999857e-01 -7.319050959999999773e-01 -4.962694619999999945e-01 -2.606707839999999887e-01 -2.510852670000000147e-02 2.104178429999999933e-01 4.459088509999999950e-01 6.813650220000000424e-01 9.167868759999999728e-01 1.152174929999999931e+00 1.387529690000000038e+00 1.622851660000000029e+00 1.858141349999999914e+00 2.093399269999999923e+00 2.328625890000000087e+00
-3.037640610000000052e+01 -3.013101980000000069e+01 -2.988575990000000004e+01 -2.964062559999999991e+01 -2.939561610000000158e+01 -2.915073029999999932e+01 -2.890596749999999915e+01 -2.866132689999999883e+01 -2.841680750000000089e+01 -2.817240860000000069e+01 -2.792812929999999838e+01 -2.768396879999999882e+01 -2.743992619999999860e+01 -2.719600080000000020e+01 -2.695219170000000020e+01 -2.670849809999999991e+01 -2.646491929999999826e+01 -2.622145439999999894e+01 -2.597810259999999971e+01 -2.573486319999999949e+01 -2.549173529999999843e+01 -2.524871819999999900e+01 -2.500581100000000134e+01 -2.476301309999999845e+01 -2.452032349999999994e+01 -2.427774159999999881e+01 -2.403526649999999876e+01 -2.379289759999999987e+01 -2.355063390000000112e+01 -2.330847470000000143e+01 -2.306641929999999974e+01 -2.282446679999999972e+01 -2.258261650000000031e+01 -2.234086770000000044e+01 -2.209921939999999907e+01 -2.185767110000000102e+01 -2.161622189999999932e+01 -2.137487090000000123e+01 -2.113361760000000089e+01 -2.089246100000000084e+01 -2.065140039999999999e+01 -2.041043510000000083e+01 -2.016956419999999994e+01 -1.992878699999999981e+01 -1.968810270000000173e+01 -1.944751060000000109e+01 -1.920700980000000158e+01 -1.896659969999999973e+01 -1.872627939999999924e+01 -1.848604810000000143e+01
-9.313553199999999421e+00 -9.076265270000000385e+00 -8.839036159999999143e+00 -8.601865189999999828e+00 -8.364751659999999589e+00 -8.127694910000000661e+00 -7.890694250000000132e+00 -7.653749020000000236e+00 -7.416858529999999838e+00 -7.180022140000000164e+00 -6.943239170000000016e+00 -6.706508979999999731e+00 -6.469830909999999768e+00 -6.233204309999999637e+00 -5.996628549999999613e+00 -5.760102970000000155e+00 -5.523626959999999642e+00 -5.287199880000000185e+00 -5.050821090000000346e+00 -4.814489990000000219e+00 -4.578205960000000019e+00 -4.341968379999999961e+00 -4.105776640000000199e+00 -3.869630149999999880e+00 -3.633528300000000044e+00 -3.397470499999999838e+00 -3.161456160000000182e+00 -2.925484690000000221e+00 -2.689555509999999927e+00 -2.453668050000000100e+00 -2.217821729999999825e+00 -1.982015990000000061e+00 -1.746250269999999993e+00 -1.510523990000000039e+00 -1.274836620000000087e+00 -1.039187599999999989e+00 -8.035763799999999790e-01 -5.680024240000000058e-01 -3.324651929999999922e-01 -9.696415519999999899e-02 1.385012180000000093e-01 3.739314519999999975e-01 6.093270659999999728e-01 8.446885760000000243e-01 1.080016489999999996e+00 1.315311329999999890e+00 1.550573580000000007e+00 1.785803749999999912e+00 2.021002339999999897e+00 2.256169830000000154e+00
-3.044058739999999830e+01 -3.019527120000000053e+01 -2.995008130000000079e+01 -2.970501700000000156e+01 -2.946007720000000063e+01 -2.921526130000000165e+01 -2.897056819999999888e+01 -2.872599719999999834e+01 -2.848154750000000135e+01 -2.823721809999999977e+01 -2.799300829999999962e+01 -2.774891729999999868e+01 -2.750494420000000062e+01 -2.726108819999999966e+01 -2.701734850000000066e+01 -2.677372439999999898e+01 -2.653021490000000071e+01 -2.628681939999999884e+01 -2.604353700000000060e+01 -2.580036690000000021e+01 -2.555730829999999898e+01 -2.531436049999999938e+01 -2.507152269999999916e+01 -2.482879399999999848e+01 -2.458617380000000097e+01 -2.434366109999999850e+01 -2.410125529999999827e+01 -2.385895560000000160e+01 -2.361676110000000151e+01 -2.337467110000000048e+01 -2.313268479999999983e+01 -2.289080149999999847e+01 -2.264902030000000011e+01 -2.240734060000000127e+01 -2.216576140000000095e+01 -2.192428209999999922e+01 -2.168290179999999978e+01 -2.144161980000000156e+01 -2.120043529999999876e+01 -2.095934749999999980e+01 -2.071835570000000004e+01 -2.047745899999999963e+01 -2.023665679999999867e+01 -1.999594809999999967e+01 -1.975533229999999918e+01 -1.951480859999999851e+01 -1.927437619999999896e+01 -1.903403420000000068e+01 -1.879378210000000138e+01 -1.855361879999999886e+01
-9.367201610000000400e+00 -9.129969100000000282e+00 -8.892795189999999295e+00 -8.655679179999999917e+00 -8.418620400000000004e+00 -8.181618159999999307e+00 -7.944671780000000183e+00 -7.707780600000000426e+00 -7.470943939999999728e+00 -7.234161150000000262e+00 -6.997431549999999945e+00 -6.760754509999999939e+00 -6.524129349999999938e+00 -6.287555450000000157e+00 -6.051032150000000165e+00 -5.814558820000000239e+00 -5.578134829999999766e+00 -5.341759549999999912e+00 -5.105432350000000064e+00 -4.869152610000000436e+00 -4.632919720000000297e+00 -4.396733059999999860e+00 -4.160592040000000047e+00 -3.924496040000000185e+00 -3.688444479999999803e+00 -3.452436759999999882e+00 -3.216472290000000012e+00 -2.980550490000000163e+00 -2.744670769999999926e+00 -2.508832579999999979e+00 -2.273035319999999970e+00 -2.037278450000000074e+00 -1.801561399999999979e+00 -1.565883600000000042e+00 -1.330244519999999930e+00 -1.094643599999999939e+00 -8.590803019999999623e-01 -6.235540840000000085e-01 -3.880644109999999980e-01 -1.526107549999999868e-01 8.280741020000000063e-02 3.181906070000000142e-01 5.535393520000000400e-01 7.888541580000000275e-01 1.024135540000000066e+00 1.259383989999999898e+00 1.494600020000000029e+00 1.729784119999999925e+00 1.964936779999999938e+00 2.200058499999999917e+00
-3.048907319999999999e+01 -3.024380929999999879e+01 -2.999867169999999916e+01 -2.975365950000000126e+01 -2.950877189999999928e+01 -2.926400800000000046e+01 -2.901936699999999902e+01 -2.877484799999999865e+01 -2.853045029999999826e+01 -2.828617279999999923e+01 -2.804201499999999925e+01 -2.779797590000000085e+01 -2.755405460000000062e+01 -2.731025049999999865e+01 -2.706656269999999864e+01 -2.682299039999999835e+01 -2.657953279999999907e+01 -2.633618909999999858e+01 -2.609295859999999934e+01 -2.584984030000000033e+01 -2.560683360000000164e+01 -2.536393759999999986e+01 -2.512115149999999986e+01 -2.487847470000000172e+01 -2.463590620000000087e+01 -2.439344540000000094e+01 -2.415109130000000093e+01 -2.390884330000000091e+01 -2.366670059999999864e+01 -2.342466230000000138e+01 -2.318272779999999855e+01 -2.294089609999999979e+01 -2.269916660000000164e+01 -2.245753849999999829e+01 -2.221601090000000056e+01 -2.197458320000000143e+01 -2.173325439999999986e+01 -2.149202400000000068e+01 -2.125089090000000169e+01 -2.100985460000000060e+01 -2.076891409999999993e+01 -2.052806879999999978e+01 -2.028731780000000029e+01 -2.004666040000000038e+01 -1.980609580000000136e+01 -1.956562309999999982e+01 -1.932524169999999941e+01 -1.908495080000000144e+01 -1.884474949999999893e+01 -1.860463700000000031e+01
-9.405173879999999542e+00 -9.167981029999999976e+00 -8.930846609999999686e+00 -8.693769930000000201e+00 -8.456750310000000326e+00 -8.219787050000000761e+00 -7.982879500000000128e+00 -7.746026969999999956e+00 -7.509228799999999815e+00 -7.272484320000000224e+00 -7.035792869999999866e+00 -6.799153809999999964e+00 -6.562566480000000091e+00 -6.326030229999999754e+00 -6.089544420000000180e+00 -5.853108419999999867e+00 -5.616721590000000042e+00 -5.380383300000000091e+00 -5.144092940000000169e+00 -4.907849879999999665e+00 -4.671653509999999621e+00 -4.435503220000000191e+00 -4.199398409999999693e+00 -3.963338470000000058e+00 -3.727322809999999986e+00 -3.491350830000000016e+00 -3.255421960000000059e+00 -3.019535600000000208e+00 -2.783691189999999871e+00 -2.547888149999999907e+00 -2.312125909999999784e+00 -2.076403909999999797e+00 -1.840721580000000079e+00 -1.605078379999999916e+00 -1.369473750000000045e+00 -1.133907149999999975e+00 -8.983780380000000454e-01 -6.628858749999999578e-01 -4.274301300000000192e-01 -1.920102750000000080e-01 4.337421479999999802e-02 2.787238579999999910e-01 5.140391699999999897e-01 7.493206610000000545e-01 9.845688390000000290e-01 1.219784210000000035e+00 1.454967260000000095e+00 1.690118500000000079e+00 1.925238409999999956e+00 2.160327479999999856e+00
-3.052180089999999879e+01 -3.027657140000000169e+01 -3.003146819999999906e+01 -2.978649040000000170e+01 -2.954163720000000026e+01 -2.929690760000000083e+01 -2.905230089999999876e+01 -2.880781620000000132e+01 -2.856345269999999914e+01 -2.831920960000000065e+01 -2.807508599999999888e+01 -2.783108109999999868e+01 -2.758719410000000138e+01 -2.734342429999999879e+01 -2.709977070000000055e+01 -2.685623259999999846e+01 -2.661280929999999856e+01 -2.636949979999999982e+01 -2.612630349999999879e+01 -2.588321940000000154e+01 -2.564024690000000106e+01 -2.539738519999999866e+01 -2.515463340000000159e+01 -2.491199070000000049e+01 -2.466945649999999901e+01 -2.442702979999999968e+01 -2.418470999999999904e+01 -2.394249620000000078e+01 -2.370038770000000028e+01 -2.345838360000000122e+01 -2.321648319999999899e+01 -2.297468569999999843e+01 -2.273299039999999849e+01 -2.249139639999999929e+01 -2.224990289999999860e+01 -2.200850930000000005e+01 -2.176721459999999908e+01 -2.152601810000000171e+01 -2.128491909999999976e+01 -2.104391680000000164e+01 -2.080301030000000040e+01 -2.056219889999999850e+01 -2.032148180000000082e+01 -2.008085820000000155e+01 -1.984032739999999961e+01 -1.959988859999999988e+01 -1.935954089999999894e+01 -1.911928359999999927e+01 -1.887911589999999862e+01 -1.863903709999999947e+01
-9.427423680000000417e+00 -9.190254830000000652e+00 -8.953144310000000772e+00 -8.716091430000000528e+00 -8.479095499999999674e+00 -8.242155829999999739e+00 -8.005271759999999404e+00 -7.768442620000000076e+00 -7.531667719999999733e+00 -7.294946419999999598e+00 -7.058278050000000192e+00 -6.821661960000000136e+00 -6.585097489999999887e+00 -6.348584009999999722e+00 -6.112120870000000039e+00 -5.875707430000000286e+00 -5.639343069999999791e+00 -5.403027159999999718e+00 -5.166759060000000403e+00 -4.930538170000000164e+00 -4.694363880000000044e+00 -4.458235570000000259e+00 -4.222152630000000073e+00 -3.986114479999999904e+00 -3.750120509999999907e+00 -3.514170140000000053e+00 -3.278262779999999932e+00 -3.042397840000000020e+00 -2.806574760000000168e+00 -2.570792949999999966e+00 -2.335051870000000029e+00 -2.099350929999999948e+00 -1.863689579999999957e+00 -1.628067280000000006e+00 -1.392483460000000006e+00 -1.156937590000000071e+00 -9.214291310000000124e-01 -6.859575399999999767e-01 -4.505222870000000213e-01 -2.151228480000000054e-01 2.024130089999999840e-02 2.555706779999999956e-01 4.908657960000000209e-01 7.261271649999999633e-01 9.613552920000000279e-01 1.196550680000000089e+00 1.431713819999999915e+00 1.666845200000000027e+00 1.901945329999999990e+00 2.137014670000000116e+00
-3.053872649999999922e+01 -3.029351360000000071e+01 -3.004842700000000022e+01 -2.980346580000000145e+01 -2.955862910000000099e+01 -2.931391610000000014e+01 -2.906932600000000022e+01 -2.882485790000000137e+01 -2.858051090000000016e+01 -2.833628429999999909e+01 -2.809217729999999946e+01 -2.784818890000000025e+01 -2.760431850000000153e+01 -2.736056519999999992e+01 -2.711692820000000026e+01 -2.687340670000000031e+01 -2.662999990000000139e+01 -2.638670700000000124e+01 -2.614352720000000119e+01 -2.590045969999999897e+01 -2.565750380000000064e+01 -2.541465859999999921e+01 -2.517192329999999956e+01 -2.492929730000000177e+01 -2.468677960000000127e+01 -2.444436950000000053e+01 -2.420206629999999848e+01 -2.395986909999999881e+01 -2.371777709999999928e+01 -2.347578959999999881e+01 -2.323390579999999872e+01 -2.299212490000000031e+01 -2.275044610000000134e+01 -2.250886859999999956e+01 -2.226739170000000101e+01 -2.202601459999999989e+01 -2.178473650000000106e+01 -2.154355659999999872e+01 -2.130247410000000130e+01 -2.106148819999999944e+01 -2.082059819999999917e+01 -2.057980329999999825e+01 -2.033910260000000036e+01 -2.009849549999999851e+01 -1.985798109999999994e+01 -1.961755870000000002e+01 -1.937722739999999888e+01 -1.913698640000000140e+01 -1.889683510000000055e+01 -1.865677260000000004e+01
-9.433953849999999974e+00 -9.196793500000000066e+00 -8.959691429999999457e+00 -8.722646960000000504e+00 -8.485659399999999408e+00 -8.248728079999999352e+00 -8.011852310000000088e+00 -7.775031420000000359e+00 -7.538264749999999736e+00 -7.301551629999999626e+00 -7.064891399999999599e+00 -6.828283410000000053e+00 -6.591727020000000437e+00 -6.355221570000000320e+00 -6.118766420000000039e+00 -5.882360939999999871e+00 -5.646004500000000093e+00 -5.409696460000000151e+00 -5.173436210000000202e+00 -4.937223129999999571e+00 -4.701056610000000191e+00 -4.464936040000000439e+00 -4.228860809999999582e+00 -3.992830319999999933e+00 -3.756843990000000133e+00 -3.520901209999999892e+00 -3.285001410000000011e+00 -3.049144010000000016e+00 -2.813328419999999941e+00 -2.577554090000000020e+00 -2.341820429999999842e+00 -2.106126890000000085e+00 -1.870472920000000094e+00 -1.634857950000000004e+00 -1.399281439999999987e+00 -1.163742849999999995e+00 -9.282416340000000377e-01 -6.927772599999999503e-01 -4.573491969999999851e-01 -2.219569170000000036e-01 1.340009909999999999e-02 2.487223709999999977e-01 4.840104109999999737e-01 7.192647290000000471e-01 9.544858299999999796e-01 1.189674209999999954e+00 1.424830379999999952e+00 1.659954820000000053e+00 1.895048010000000005e+00 2.130110460000000039e+00
-3.053981579999999951e+01 -3.029460179999999880e+01 -3.004951409999999967e+01 -2.980455179999999871e+01 -2.955971399999999960e+01 -2.931499990000000011e+01 -2.907040860000000038e+01 -2.882593939999999932e+01 -2.858159129999999948e+01 -2.833736359999999976e+01 -2.809325540000000032e+01 -2.784926600000000008e+01 -2.760539449999999917e+01 -2.736164009999999891e+01 -2.711800189999999944e+01 -2.687447930000000085e+01 -2.663107139999999973e+01 -2.638777740000000094e+01 -2.614459649999999868e+01 -2.590152799999999900e+01 -2.565857090000000085e+01 -2.541572469999999839e+01 -2.517298830000000009e+01 -2.493036120000000011e+01 -2.468784240000000096e+01 -2.444543129999999920e+01 -2.420312690000000089e+01 -2.396092859999999902e+01 -2.371883559999999846e+01 -2.347684699999999935e+01 -2.323496210000000062e+01 -2.299318010000000001e+01 -2.275150030000000001e+01 -2.250992180000000076e+01 -2.226844380000000001e+01 -2.202706560000000025e+01 -2.178578650000000039e+01 -2.154460549999999941e+01 -2.130352189999999979e+01 -2.106253500000000045e+01 -2.082164399999999915e+01 -2.058084799999999959e+01 -2.034014639999999829e+01 -2.009953820000000135e+01 -1.985902280000000175e+01 -1.961859929999999963e+01 -1.937826700000000102e+01 -1.913802499999999895e+01 -1.889787270000000063e+01 -1.865780910000000148e+01
-9.424765660000000267e+00 -9.187598290000000389e+00 -8.950489239999999569e+00 -8.713437810000000283e+00 -8.476443310000000508e+00 -8.239505080000000703e+00 -8.002622430000000620e+00 -7.765794689999999889e+00 -7.529021199999999858e+00 -7.292301280000000219e+00 -7.055634290000000419e+00 -6.819019560000000091e+00 -6.582456449999999570e+00 -6.345944320000000083e+00 -6.109482510000000310e+00 -5.873070399999999580e+00 -5.636707350000000005e+00 -5.400392740000000025e+00 -5.164125939999999915e+00 -4.927906329999999890e+00 -4.691733310000000046e+00 -4.455606259999999708e+00 -4.219524579999999858e+00 -3.983487670000000147e+00 -3.747494940000000163e+00 -3.511545790000000000e+00 -3.275639650000000014e+00 -3.039775919999999854e+00 -2.803954029999999875e+00 -2.568173419999999929e+00 -2.332433509999999988e+00 -2.096733739999999901e+00 -1.861073559999999905e+00 -1.625452399999999908e+00 -1.389869730000000025e+00 -1.154325000000000045e+00 -9.188176630000000067e-01 -6.833471890000000215e-01 -4.479130470000000086e-01 -2.125147089999999961e-01 2.284834609999999988e-02 2.581766380000000138e-01 4.934706790000000232e-01 7.287309789999999454e-01 9.639580429999999867e-01 1.199152369999999967e+00 1.434314469999999897e+00 1.669444820000000052e+00 1.904543909999999896e+00 2.139612230000000004e+00
-3.052506879999999967e+01 -3.027983550000000079e+01 -3.003472860000000111e+01 -2.978974709999999959e+01 -2.954489020000000110e+01 -2.930015699999999867e+01 -2.905554659999999956e+01 -2.881105829999999912e+01 -2.856669129999999868e+01 -2.832244449999999958e+01 -2.807831739999999954e+01 -2.783430900000000108e+01 -2.759041849999999840e+01 -2.734664509999999993e+01 -2.710298810000000103e+01 -2.685944659999999828e+01 -2.661601980000000012e+01 -2.637270690000000073e+01 -2.612950719999999905e+01 -2.588641979999999876e+01 -2.564344390000000118e+01 -2.540057880000000168e+01 -2.515782370000000157e+01 -2.491517779999999860e+01 -2.467264020000000002e+01 -2.443021029999999882e+01 -2.418788729999999987e+01 -2.394567029999999974e+01 -2.370355849999999975e+01 -2.346155130000000000e+01 -2.321964769999999945e+01 -2.297784710000000175e+01 -2.273614859999999993e+01 -2.249455150000000003e+01 -2.225305499999999981e+01 -2.201165830000000057e+01 -2.177036049999999889e+01 -2.152916109999999961e+01 -2.128805900000000051e+01 -2.104705369999999931e+01 -2.080614419999999853e+01 -2.056532980000000066e+01 -2.032460980000000106e+01 -2.008398329999999987e+01 -1.984344959999999958e+01 -1.960300780000000032e+01 -1.936265720000000101e+01 -1.912239710000000059e+01 -1.888222659999999919e+01 -1.864214490000000168e+01
-9.399881260000000793e+00 -9.162691360000000174e+00 -8.925559850000000850e+00 -8.688486069999999728e+00 -8.451469319999999286e+00 -8.214508909999999275e+00 -7.977604190000000095e+00 -7.740754469999999721e+00 -7.503959090000000387e+00 -7.267217370000000010e+00 -7.030528669999999813e+00 -6.793892340000000196e+00 -6.557307709999999901e+00 -6.320774140000000152e+00 -6.084290990000000399e+00 -5.847857630000000029e+00 -5.611473430000000207e+00 -5.375137740000000441e+00 -5.138849959999999939e+00 -4.902609469999999803e+00 -4.666415640000000309e+00 -4.430267869999999775e+00 -4.194165560000000070e+00 -3.958108109999999957e+00 -3.722094910000000034e+00 -3.486125390000000213e+00 -3.250198940000000203e+00 -3.014314999999999856e+00 -2.778472980000000092e+00 -2.542672319999999875e+00 -2.306912430000000125e+00 -2.071192770000000127e+00 -1.835512760000000076e+00 -1.599871870000000085e+00 -1.364269530000000064e+00 -1.128705199999999964e+00 -8.931783389999999878e-01 -6.576884130000000273e-01 -4.222348879999999749e-01 -1.868172369999999971e-01 4.856506420000000074e-02 2.839125350000000214e-01 5.192256910000000447e-01 7.545050420000000146e-01 9.897510950000000252e-01 1.224964350000000035e+00 1.460145309999999919e+00 1.695294470000000109e+00 1.930412320000000070e+00 2.165499340000000217e+00
-3.049447239999999937e+01 -3.024920219999999915e+01 -3.000405840000000168e+01 -2.975904010000000000e+01 -2.951414640000000134e+01 -2.926937639999999874e+01 -2.902472930000000062e+01 -2.878020439999999880e+01 -2.853580060000000174e+01 -2.829151720000000125e+01 -2.804735349999999983e+01 -2.780330849999999998e+01 -2.755938139999999947e+01 -2.731557150000000078e+01 -2.707187790000000049e+01 -2.682829990000000109e+01 -2.658483659999999915e+01 -2.634148719999999955e+01 -2.609825100000000120e+01 -2.585512719999999831e+01 -2.561211490000000168e+01 -2.536921329999999841e+01 -2.512642179999999925e+01 -2.488373950000000079e+01 -2.464116560000000078e+01 -2.439869930000000053e+01 -2.415633989999999898e+01 -2.391408660000000097e+01 -2.367193849999999955e+01 -2.342989499999999836e+01 -2.318795520000000110e+01 -2.294611829999999841e+01 -2.270438370000000106e+01 -2.246275040000000089e+01 -2.222121770000000041e+01 -2.197978480000000090e+01 -2.173845100000000130e+01 -2.149721549999999937e+01 -2.125607749999999996e+01 -2.101503609999999966e+01 -2.077409069999999858e+01 -2.053324050000000156e+01 -2.029248460000000165e+01 -2.005182239999999894e+01 -1.981125289999999950e+01 -1.957077539999999871e+01 -1.933038930000000022e+01 -1.909009349999999827e+01 -1.884988750000000124e+01 -1.860977039999999860e+01
-9.359338590000000124e+00 -9.122110510000000616e+00 -8.884940999999999534e+00 -8.647829350000000304e+00 -8.410774899999999832e+00 -8.173776959999999647e+00 -7.936834850000000330e+00 -7.699947899999999734e+00 -7.463115440000000156e+00 -7.226336810000000277e+00 -6.989611349999999668e+00 -6.752938409999999614e+00 -6.516317329999999686e+00 -6.279747470000000220e+00 -6.043228179999999838e+00 -5.806758829999999705e+00 -5.570338790000000095e+00 -5.333967419999999571e+00 -5.097644110000000062e+00 -4.861368220000000129e+00 -4.625139159999999805e+00 -4.388956300000000255e+00 -4.152819049999999734e+00 -3.916726800000000175e+00 -3.680678949999999894e+00 -3.444674909999999812e+00 -3.208714089999999963e+00 -2.972795919999999814e+00 -2.736919799999999903e+00 -2.501085180000000019e+00 -2.265291470000000196e+00 -2.029538109999999840e+00 -1.793824550000000073e+00 -1.558150219999999919e+00 -1.322514579999999995e+00 -1.086917069999999930e+00 -8.513571610000000289e-01 -6.158343040000000546e-01 -3.803479679999999807e-01 -1.448976230000000032e-01 9.051725530000000186e-02 3.258971900000000033e-01 5.612426959999999854e-01 7.965542890000000265e-01 1.031832469999999891e+00 1.267077760000000053e+00 1.502290640000000010e+00 1.737471619999999994e+00 1.972621189999999913e+00 2.207739839999999898e+00
-3.044804990000000089e+01 -3.020272500000000093e+01 -2.995752650000000017e+01 -2.971245349999999874e+01 -2.946750529999999912e+01 -2.922268079999999912e+01 -2.897797939999999883e+01 -2.873339999999999961e+01 -2.848894190000000037e+01 -2.824460429999999889e+01 -2.800038620000000122e+01 -2.775628700000000038e+01 -2.751230580000000003e+01 -2.726844170000000034e+01 -2.702469400000000022e+01 -2.678106179999999981e+01 -2.653754440000000159e+01 -2.629414099999999976e+01 -2.605085070000000158e+01 -2.580767279999999886e+01 -2.556460650000000001e+01 -2.532165099999999924e+01 -2.507880550000000142e+01 -2.483606920000000073e+01 -2.459344129999999851e+01 -2.435092110000000076e+01 -2.410850780000000171e+01 -2.386620059999999910e+01 -2.362399870000000135e+01 -2.338190140000000028e+01 -2.313990779999999958e+01 -2.289801720000000174e+01 -2.265622880000000094e+01 -2.241454179999999852e+01 -2.217295550000000048e+01 -2.193146910000000105e+01 -2.169008170000000035e+01 -2.144879269999999849e+01 -2.120760119999999915e+01 -2.096650650000000127e+01 -2.072550770000000142e+01 -2.048460419999999971e+01 -2.024379509999999982e+01 -2.000307970000000068e+01 -1.976245720000000006e+01 -1.952192670000000163e+01 -1.928148759999999839e+01 -1.904113909999999876e+01 -1.880088029999999932e+01 -1.856071049999999900e+01
-9.303192530000000460e+00 -9.065910499999999317e+00 -8.828687249999999764e+00 -8.591522089999999778e+00 -8.354414339999999939e+00 -8.117363320000000826e+00 -7.880368340000000416e+00 -7.643428749999999994e+00 -7.406543860000000201e+00 -7.169713019999999659e+00 -6.932935569999999714e+00 -6.696210849999999937e+00 -6.459538209999999836e+00 -6.222916999999999810e+00 -5.986346590000000134e+00 -5.749826320000000379e+00 -5.513355569999999872e+00 -5.276933719999999717e+00 -5.040560120000000310e+00 -4.804234169999999970e+00 -4.567955239999999861e+00 -4.331722730000000077e+00 -4.095536019999999944e+00 -3.859394519999999940e+00 -3.623297630000000158e+00 -3.387244739999999865e+00 -3.151235279999999861e+00 -2.915268649999999795e+00 -2.679344280000000023e+00 -2.443461590000000072e+00 -2.207620009999999855e+00 -1.971818960000000009e+00 -1.736057900000000043e+00 -1.500336249999999927e+00 -1.264653470000000057e+00 -1.029009010000000002e+00 -7.934023100000000550e-01 -5.578328430000000226e-01 -3.223000679999999951e-01 -8.680345359999999677e-02 1.486575300000000099e-01 3.840834060000000161e-01 6.194746939999999924e-01 8.548319100000000281e-01 1.090155570000000074e+00 1.325446169999999979e+00 1.560704220000000086e+00 1.795930229999999961e+00 2.031124670000000076e+00 2.266288059999999938e+00
-3.038584110000000038e+01 -3.014044360000000111e+01 -2.989517269999999982e+01 -2.965002739999999903e+01 -2.940500690000000006e+01 -2.916011029999999948e+01 -2.891533679999999862e+01 -2.867068539999999999e+01 -2.842615530000000135e+01 -2.818174580000000162e+01 -2.793745589999999979e+01 -2.769328489999999832e+01 -2.744923190000000091e+01 -2.720529610000000176e+01 -2.696147669999999863e+01 -2.671777289999999994e+01 -2.647418389999999988e+01 -2.623070889999999977e+01 -2.598734699999999975e+01 -2.574409759999999991e+01 -2.550095980000000040e+01 -2.525793270000000135e+01 -2.501501580000000047e+01 -2.477220799999999912e+01 -2.452950879999999856e+01 -2.428691720000000132e+01 -2.404443249999999921e+01 -2.380205390000000065e+01 -2.355978070000000102e+01 -2.331761210000000162e+01 -2.307554730000000021e+01 -2.283358550000000164e+01 -2.259172590000000014e+01 -2.234996780000000172e+01 -2.210831040000000058e+01 -2.186675299999999922e+01 -2.162529460000000014e+01 -2.138393470000000107e+01 -2.114267230000000097e+01 -2.090150679999999994e+01 -2.066043739999999929e+01 -2.041946319999999915e+01 -2.017858349999999845e+01 -1.993779759999999968e+01 -1.969710470000000058e+01 -1.945650390000000129e+01 -1.921599459999999837e+01 -1.897557589999999905e+01 -1.873524709999999871e+01 -1.849500739999999865e+01
-9.231508800000000292e+00 -8.994156840000000486e+00 -8.756863929999999741e+00 -8.519629390000000413e+00 -8.282452530000000479e+00 -8.045332670000000519e+00 -7.808269130000000224e+00 -7.571261250000000054e+00 -7.334308359999999638e+00 -7.097409790000000385e+00 -6.860564880000000088e+00 -6.623772970000000093e+00 -6.387033429999999790e+00 -6.150345579999999757e+00 -5.913708810000000149e+00 -5.677122449999999709e+00 -5.440585890000000369e+00 -5.204098479999999860e+00 -4.967659610000000114e+00 -4.731268639999999692e+00 -4.494924969999999576e+00 -4.258627979999999980e+00 -4.022377060000000171e+00 -3.786171599999999859e+00 -3.550011009999999967e+00 -3.313894680000000204e+00 -3.077822030000000098e+00 -2.841792470000000126e+00 -2.605805419999999817e+00 -2.369860290000000091e+00 -2.133956519999999912e+00 -1.898093529999999918e+00 -1.662270759999999958e+00 -1.426487639999999946e+00 -1.190743630000000053e+00 -9.550381580000000259e-01 -7.193706890000000076e-01 -4.837406750000000089e-01 -2.481475750000000091e-01 -1.259085530000000029e-02 2.229300170000000081e-01 4.584155679999999955e-01 6.938663219999999798e-01 9.292827970000000493e-01 1.164665510000000070e+00 1.400014969999999970e+00 1.635331679999999954e+00 1.870616150000000033e+00 2.105868870000000115e+00 2.341090349999999987e+00
-3.030789250000000123e+01 -3.006240469999999831e+01 -2.981704360000000165e+01 -2.957180830000000071e+01 -2.932669789999999921e+01 -2.908171150000000083e+01 -2.883684829999999977e+01 -2.859210739999999973e+01 -2.834748779999999968e+01 -2.810298889999999972e+01 -2.785860969999999881e+01 -2.761434939999999827e+01 -2.737020730000000057e+01 -2.712618229999999997e+01 -2.688227380000000011e+01 -2.663848099999999874e+01 -2.639480299999999957e+01 -2.615123900000000035e+01 -2.590778819999999882e+01 -2.566444990000000104e+01 -2.542122320000000002e+01 -2.517810730000000063e+01 -2.493510159999999942e+01 -2.469220509999999891e+01 -2.444941710000000157e+01 -2.420673680000000161e+01 -2.396416340000000034e+01 -2.372169620000000023e+01 -2.347933439999999905e+01 -2.323707720000000165e+01 -2.299492379999999869e+01 -2.275287349999999975e+01 -2.251092549999999903e+01 -2.226907900000000140e+01 -2.202733329999999867e+01 -2.178568750000000165e+01 -2.154414099999999976e+01 -2.130269290000000026e+01 -2.106134240000000091e+01 -2.082008889999999823e+01 -2.057893149999999949e+01 -2.033786939999999888e+01 -2.009690200000000004e+01 -1.985602839999999958e+01 -1.961524779999999879e+01 -1.937455960000000132e+01 -1.913396290000000022e+01 -1.889345690000000033e+01 -1.865304090000000059e+01 -1.841271419999999992e+01
-9.144368880000000033e+00 -8.906930790000000542e+00 -8.669552069999999944e+00 -8.432232049999999646e+00 -8.194970030000000349e+00 -7.957765339999999910e+00 -7.720617299999999794e+00 -7.483525249999999573e+00 -7.246488519999999767e+00 -7.009506430000000066e+00 -6.772578339999999919e+00 -6.535703579999999846e+00 -6.298881500000000244e+00 -6.062111459999999674e+00 -5.825392810000000310e+00 -5.588724919999999763e+00 -5.352107140000000207e+00 -5.115538840000000143e+00 -4.879019399999999784e+00 -4.642548190000000297e+00 -4.406124600000000058e+00 -4.169748010000000171e+00 -3.933417799999999964e+00 -3.697133379999999914e+00 -3.460894129999999791e+00 -3.224699460000000073e+00 -2.988548789999999844e+00 -2.752441500000000207e+00 -2.516377030000000126e+00 -2.280354790000000076e+00 -2.044374209999999970e+00 -1.808434700000000062e+00 -1.572535709999999920e+00 -1.336676669999999900e+00 -1.100857009999999914e+00 -8.650761879999999682e-01 -6.293336459999999688e-01 -3.936288379999999809e-01 -1.579612200000000133e-01 7.766974579999999517e-02 3.132645949999999790e-01 5.488238589999999695e-01 7.843480640000000115e-01 1.019837730000000109e+00 1.255293379999999903e+00 1.490715529999999900e+00 1.726104690000000108e+00 1.961461359999999932e+00 2.196786040000000106e+00 2.432079250000000137e+00
-3.021426759999999945e+01 -2.996867160000000041e+01 -2.972320249999999930e+01 -2.947785939999999982e+01 -2.923264149999999972e+01 -2.898754770000000036e+01 -2.874257719999999949e+01 -2.849772919999999843e+01 -2.825300269999999969e+01 -2.800839699999999866e+01 -2.776391110000000140e+01 -2.751954419999999857e+01 -2.727529540000000097e+01 -2.703116400000000041e+01 -2.678714920000000177e+01 -2.654325000000000045e+01 -2.629946580000000012e+01 -2.605579559999999972e+01 -2.581223870000000176e+01 -2.556879419999999925e+01 -2.532546149999999940e+01 -2.508223960000000119e+01 -2.483912790000000115e+01 -2.459612549999999942e+01 -2.435323160000000087e+01 -2.411044539999999969e+01 -2.386776629999999955e+01 -2.362519329999999940e+01 -2.338272579999999934e+01 -2.314036289999999951e+01 -2.289810389999999884e+01 -2.265594799999999864e+01 -2.241389440000000022e+01 -2.217194239999999894e+01 -2.193009119999999967e+01 -2.168834010000000134e+01 -2.144668820000000053e+01 -2.120513479999999973e+01 -2.096367920000000140e+01 -2.072232059999999976e+01 -2.048105809999999849e+01 -2.023989119999999886e+01 -1.999881889999999984e+01 -1.975784050000000036e+01 -1.951695529999999934e+01 -1.927616250000000164e+01 -1.903546139999999909e+01 -1.879485109999999892e+01 -1.855433100000000124e+01 -1.831390019999999907e+01
-9.041893180000000640e+00 -8.804352579999999762e+00 -8.566871730000000795e+00 -8.329449939999999941e+00 -8.092086529999999556e+00 -7.854780820000000219e+00 -7.617532129999999846e+00 -7.380339809999999723e+00 -7.143203169999999602e+00 -6.906121569999999821e+00 -6.669094330000000070e+00 -6.432120799999999861e+00 -6.195200340000000416e+00 -5.958332290000000420e+00 -5.721516010000000207e+00 -5.484750860000000117e+00 -5.248036199999999596e+00 -5.011371399999999809e+00 -4.774755830000000145e+00 -4.538188869999999930e+00 -4.301669890000000329e+00 -4.065198289999999659e+00 -3.828773439999999972e+00 -3.592394749999999970e+00 -3.356061589999999928e+00 -3.119773390000000202e+00 -2.883529530000000118e+00 -2.647329430000000094e+00 -2.411172500000000163e+00 -2.175058159999999852e+00 -1.938985820000000082e+00 -1.702954920000000039e+00 -1.466964869999999976e+00 -1.231015119999999907e+00 -9.951050919999999689e-01 -7.592342380000000057e-01 -5.234020010000000056e-01 -2.876078280000000098e-01 -5.185117329999999747e-02 1.838685049999999876e-01 4.195517469999999749e-01 6.551990859999999861e-01 8.908110529999999638e-01 1.126388179999999961e+00 1.361930969999999963e+00 1.597439969999999931e+00 1.832915669999999997e+00 2.068358599999999825e+00 2.303769260000000152e+00 2.539148139999999998e+00
-3.010506829999999923e+01 -2.985934609999999978e+01 -2.961375119999999939e+01 -2.936828249999999940e+01 -2.912293929999999875e+01 -2.887772040000000118e+01 -2.863262509999999850e+01 -2.838765240000000034e+01 -2.814280150000000091e+01 -2.789807150000000036e+01 -2.765346149999999881e+01 -2.740897059999999996e+01 -2.716459800000000158e+01 -2.692034290000000141e+01 -2.667620439999999959e+01 -2.643218170000000100e+01 -2.618827399999999983e+01 -2.594448050000000094e+01 -2.570080030000000093e+01 -2.545723269999999872e+01 -2.521377680000000154e+01 -2.497043190000000124e+01 -2.472719710000000148e+01 -2.448407170000000121e+01 -2.424105480000000057e+01 -2.399814579999999964e+01 -2.375534379999999857e+01 -2.351264799999999866e+01 -2.327005769999999885e+01 -2.302757220000000160e+01 -2.278519049999999879e+01 -2.254291200000000117e+01 -2.230073580000000177e+01 -2.205866130000000069e+01 -2.181668769999999924e+01 -2.157481419999999872e+01 -2.133304000000000045e+01 -2.109136429999999862e+01 -2.084978650000000044e+01 -2.060830569999999895e+01 -2.036692130000000134e+01 -2.012563229999999947e+01 -1.988443820000000173e+01 -1.964333799999999997e+01 -1.940233119999999900e+01 -1.916141680000000136e+01 -1.892059420000000003e+01 -1.867986259999999987e+01 -1.843922129999999981e+01 -1.819866950000000116e+01
-8.924144939999999693e+00 -8.686485230000000612e+00 -8.448885660000000186e+00 -8.211345559999999821e+00 -7.973864240000000159e+00 -7.736441039999999880e+00 -7.499075279999999566e+00 -7.261766299999999674e+00 -7.024513419999999897e+00 -6.787315989999999744e+00 -6.550173349999999672e+00 -6.313084850000000081e+00 -6.076049819999999713e+00 -5.839067629999999731e+00 -5.602137639999999585e+00 -5.365259189999999734e+00 -5.128431660000000392e+00 -4.891654420000000059e+00 -4.654926829999999960e+00 -4.418248270000000311e+00 -4.181618109999999611e+00 -3.945035750000000174e+00 -3.708500569999999996e+00 -3.472011950000000180e+00 -3.235569289999999931e+00 -2.999172000000000171e+00 -2.762819470000000166e+00 -2.526511100000000010e+00 -2.290246320000000058e+00 -2.054024529999999960e+00 -1.817845149999999910e+00 -1.581707600000000102e+00 -1.345611319999999944e+00 -1.109555719999999912e+00 -8.735402500000000181e-01 -6.375643399999999517e-01 -4.016274329999999781e-01 -1.657289760000000001e-01 7.013158149999999813e-02 3.059547850000000069e-01 5.417411770000000182e-01 7.774912959999999984e-01 1.013205679999999997e+00 1.248884850000000046e+00 1.484529339999999920e+00 1.720139670000000010e+00 1.955716360000000043e+00 2.191259919999999806e+00 2.426770869999999913e+00 2.662249720000000153e+00
-2.998039310000000057e+01 -2.973452650000000119e+01 -2.948878759999999843e+01 -2.924317539999999838e+01 -2.899768889999999999e+01 -2.875232719999999986e+01 -2.850708930000000052e+01 -2.826197439999999972e+01 -2.801698149999999998e+01 -2.777210970000000145e+01 -2.752735819999999833e+01 -2.728272600000000025e+01 -2.703821230000000142e+01 -2.679381619999999842e+01 -2.654953700000000083e+01 -2.630537370000000053e+01 -2.606132540000000120e+01 -2.581739149999999938e+01 -2.557357109999999878e+01 -2.532986329999999953e+01 -2.508626729999999938e+01 -2.484278240000000082e+01 -2.459940770000000043e+01 -2.435614239999999953e+01 -2.411298580000000058e+01 -2.386993710000000135e+01 -2.362699539999999843e+01 -2.338416009999999901e+01 -2.314143019999999851e+01 -2.289880510000000058e+01 -2.265628399999999942e+01 -2.241386620000000107e+01 -2.217155070000000094e+01 -2.192933700000000030e+01 -2.168722410000000167e+01 -2.144521140000000159e+01 -2.120329819999999899e+01 -2.096148349999999994e+01 -2.071976670000000098e+01 -2.047814710000000105e+01 -2.023662380000000027e+01 -1.999519619999999875e+01 -1.975386340000000018e+01 -1.951262480000000110e+01 -1.927147950000000165e+01 -1.903042680000000075e+01 -1.878946600000000089e+01 -1.854859629999999981e+01 -1.830781700000000001e+01 -1.806712729999999922e+01
-8.791289909999999708e+00 -8.553494360000000185e+00 -8.315759379999999368e+00 -8.078084309999999491e+00 -7.840468460000000306e+00 -7.602911169999999608e+00 -7.365411769999999692e+00 -7.127969590000000188e+00 -6.890583959999999841e+00 -6.653254239999999875e+00 -6.415979759999999921e+00 -6.178759870000000376e+00 -5.941593919999999862e+00 -5.704481259999999665e+00 -5.467421260000000061e+00 -5.230413279999999610e+00 -4.993456669999999598e+00 -4.756550800000000301e+00 -4.519695060000000097e+00 -4.282888800000000273e+00 -4.046131420000000034e+00 -3.809422300000000039e+00 -3.572760810000000120e+00 -3.336146349999999927e+00 -3.099578319999999998e+00 -2.863056100000000104e+00 -2.626579110000000217e+00 -2.390146749999999987e+00 -2.153758419999999951e+00 -1.917413540000000083e+00 -1.681111519999999970e+00 -1.444851789999999969e+00 -1.208633759999999890e+00 -9.724568740000000266e-01 -7.363205520000000170e-01 -5.002242319999999909e-01 -2.641673540000000209e-01 -2.814936120000000042e-02 2.078302999999999956e-01 4.437721780000000171e-01 6.796768199999999593e-01 9.155447660000000099e-01 1.151376549999999943e+00 1.387172719999999915e+00 1.622933790000000043e+00 1.858660289999999993e+00 2.094352760000000035e+00 2.330011690000000080e+00 2.565637619999999952e+00 2.801231050000000167e+00
-2.981900650000000041e+01 -2.959354659999999981e+01 -2.934764840000000063e+01 -2.910187730000000172e+01 -2.885623239999999967e+01 -2.861071280000000172e+01 -2.836531730000000096e+01 -2.812004519999999985e+01 -2.787489529999999860e+01 -2.762986689999999967e+01 -2.738495890000000088e+01 -2.714017060000000114e+01 -2.689550089999999827e+01 -2.665094900000000067e+01 -2.640651409999999899e+01 -2.616219519999999932e+01 -2.591799160000000057e+01 -2.567390239999999935e+01 -2.542992669999999933e+01 -2.518606369999999828e+01 -2.494231260000000105e+01 -2.469867259999999831e+01 -2.445514289999999846e+01 -2.421172260000000165e+01 -2.396841099999999969e+01 -2.372520730000000100e+01 -2.348211069999999978e+01 -2.323912029999999973e+01 -2.299623550000000094e+01 -2.275345550000000117e+01 -2.251077940000000055e+01 -2.226820650000000157e+01 -2.202573599999999843e+01 -2.178336729999999832e+01 -2.154109940000000023e+01 -2.129893170000000069e+01 -2.105686340000000101e+01 -2.081489369999999894e+01 -2.057302190000000053e+01 -2.033124730000000113e+01 -2.008956900000000090e+01 -1.984798639999999992e+01 -1.960649859999999833e+01 -1.936510510000000096e+01 -1.912380489999999966e+01 -1.888259740000000164e+01 -1.864148180000000110e+01 -1.840045740000000052e+01 -1.815952340000000120e+01 -1.791867919999999970e+01
-8.643456959999999967e+00 -8.405508850000000365e+00 -8.167621770000000225e+00 -7.929795050000000067e+00 -7.692028009999999583e+00 -7.454319990000000118e+00 -7.216670320000000416e+00 -6.979078340000000047e+00 -6.741543400000000297e+00 -6.504064829999999908e+00 -6.266641990000000106e+00 -6.029274219999999573e+00 -5.791960880000000422e+00 -5.554701320000000386e+00 -5.317494909999999742e+00 -5.080340999999999774e+00 -4.843238959999999871e+00 -4.606188160000000309e+00 -4.369187980000000415e+00 -4.132237789999999578e+00 -3.895336959999999848e+00 -3.658484889999999989e+00 -3.421680960000000216e+00 -3.184924559999999794e+00 -2.948215090000000149e+00 -2.711551930000000166e+00 -2.474934489999999876e+00 -2.238362180000000201e+00 -2.001834399999999903e+00 -1.765350570000000063e+00 -1.528910090000000110e+00 -1.292512399999999895e+00 -1.056156899999999954e+00 -8.198430319999999716e-01 -5.835702200000000284e-01 -3.473378959999999793e-01 -1.111454999999999943e-01 1.250075280000000066e-01 3.611217449999999940e-01 5.971977019999999969e-01 8.332359470000000323e-01 1.069237020000000093e+00 1.305201480000000025e+00 1.541129839999999973e+00 1.777022639999999987e+00 2.012880420000000115e+00 2.248703700000000083e+00 2.484493010000000002e+00 2.720248849999999941e+00 2.955971760000000170e+00
-2.966271229999999903e+01 -2.941651919999999976e+01 -2.919099870000000152e+01 -2.894505120000000176e+01 -2.869923059999999992e+01 -2.845353569999999976e+01 -2.820796569999999903e+01 -2.796251940000000147e+01 -2.771719590000000011e+01 -2.747199429999999865e+01 -2.722691349999999844e+01 -2.698195259999999962e+01 -2.673711079999999995e+01 -2.649238700000000080e+01 -2.624778050000000107e+01 -2.600329019999999858e+01 -2.575891530000000174e+01 -2.551465500000000119e+01 -2.527050840000000065e+01 -2.502647460000000024e+01 -2.478255280000000127e+01 -2.453874210000000033e+01 -2.429504179999999991e+01 -2.405145110000000130e+01 -2.380796899999999994e+01 -2.356459479999999829e+01 -2.332132770000000122e+01 -2.307816689999999937e+01 -2.283511169999999879e+01 -2.259216109999999844e+01 -2.234931459999999959e+01 -2.210657120000000120e+01 -2.186393019999999865e+01 -2.162139080000000035e+01 -2.137895239999999930e+01 -2.113661400000000157e+01 -2.089437500000000014e+01 -2.065223470000000106e+01 -2.041019220000000089e+01 -2.016824679999999859e+01 -1.992639769999999899e+01 -1.968464429999999865e+01 -1.944298579999999887e+01 -1.920142140000000097e+01 -1.895995040000000031e+01 -1.871857200000000176e+01 -1.847728559999999831e+01 -1.823609039999999837e+01 -1.799498570000000086e+01 -1.775397069999999999e+01
-6.534001159999999864e+00 -6.296470310000000126e+00 -6.058995010000000292e+00 -5.821574619999999811e+00 -5.584208480000000030e+00 -5.346895970000000275e+00 -5.109636430000000118e+00 -4.872429229999999833e+00 -4.635273729999999759e+00 -4.398169310000000110e+00 -4.161115350000000213e+00 -3.924111200000000022e+00 -3.687156270000000013e+00 -3.450249920000000081e+00 -3.213391559999999814e+00 -2.976580559999999931e+00 -2.739816320000000083e+00 -2.503098249999999858e+00 -2.266425739999999855e+00 -2.029798200000000108e+00 -1.793215030000000043e+00 -1.556675660000000017e+00 -1.320179489999999900e+00 -1.083725950000000049e+00 -8.473144559999999936e-01 -6.109444410000000047e-01 -3.746153329999999948e-01 -1.383265680000000108e-01 9.792241579999999557e-02 3.341321760000000030e-01 5.703032679999999743e-01 8.064362419999999698e-01 1.042531639999999982e+00 1.278590019999999994e+00 1.514611900000000011e+00 1.750597830000000021e+00 1.986548339999999913e+00 2.222463959999999794e+00 2.458345210000000058e+00 2.694192609999999988e+00 2.930006689999999914e+00 3.165787949999999906e+00 3.401536899999999974e+00 3.637254060000000067e+00 3.872939919999999869e+00 4.108594990000000280e+00 4.344219759999999653e+00 4.579814729999999834e+00 4.815380379999999683e+00 5.050917199999999774e+00
-3.159181540000000155e+01 -3.134443729999999917e+01 -3.109719820000000112e+01 -3.085009690000000049e+01 -3.060313209999999984e+01 -3.035630259999999936e+01 -3.010960710000000162e+01 -2.986304450000000088e+01 -2.961661360000000087e+01 -2.937031319999999823e+01 -2.912414229999999904e+01 -2.887809969999999993e+01 -2.863218439999999987e+01 -2.838639540000000139e+01 -2.814073159999999874e+01 -2.789519190000000037e+01 -2.764977539999999934e+01 -2.740448119999999932e+01 -2.715930820000000168e+01 -2.691425539999999828e+01 -2.666932209999999870e+01 -2.642450709999999958e+01 -2.617980969999999985e+01 -2.593522889999999848e+01 -2.569076390000000032e+01 -2.544641370000000080e+01 -2.520217750000000123e+01 -2.495805440000000175e+01 -2.471404360000000011e+01 -2.447014430000000118e+01 -2.422635560000000154e+01 -2.398267660000000134e+01 -2.373910670000000067e+01 -2.349564489999999850e+01 -2.325229039999999969e+01 -2.300904249999999962e+01 -2.276590039999999959e+01 -2.252286330000000092e+01 -2.227993030000000019e+01 -2.203710080000000104e+01 -2.179437390000000008e+01 -2.155174889999999976e+01 -2.130922500000000142e+01 -2.106680139999999923e+01 -2.082447750000000042e+01 -2.058225230000000039e+01 -2.034012519999999924e+01 -2.009809549999999945e+01 -1.985616230000000115e+01 -1.961432500000000090e+01
-6.685479769999999711e+00 -6.448103490000000271e+00 -6.210782299999999978e+00 -5.973515550000000118e+00 -5.736302590000000201e+00 -5.499142759999999797e+00 -5.262035440000000008e+00 -5.024979990000000285e+00 -4.787975760000000136e+00 -4.551022129999999777e+00 -4.314118470000000372e+00 -4.077264160000000359e+00 -3.840458579999999955e+00 -3.603701120000000202e+00 -3.366991150000000044e+00 -3.130328070000000018e+00 -2.893711280000000219e+00 -2.657140179999999852e+00 -2.420614159999999959e+00 -2.184132630000000130e+00 -1.947695009999999893e+00 -1.711300700000000008e+00 -1.474949129999999942e+00 -1.238639720000000111e+00 -1.002371880000000104e+00 -7.661450560000000465e-01 -5.299586720000000195e-01 -2.938121670000000130e-01 -5.770498119999999814e-02 1.783634410000000114e-01 4.143936529999999729e-01 6.503862009999999971e-01 8.863416309999999632e-01 1.122260480000000005e+00 1.358143289999999892e+00 1.593990599999999924e+00 1.829802920000000110e+00 2.065580789999999833e+00 2.301324730000000152e+00 2.537035260000000125e+00 2.772712890000000208e+00 3.008358129999999964e+00 3.243971489999999847e+00 3.479553479999999865e+00 3.715104590000000151e+00 3.950625309999999946e+00 4.186116150000000147e+00 4.421577599999999997e+00 4.657010129999999748e+00 4.892414220000000036e+00
-3.175618760000000051e+01 -3.150900640000000053e+01 -3.126196279999999916e+01 -3.101505579999999895e+01 -3.076828390000000013e+01 -3.052164619999999928e+01 -3.027514150000000015e+01 -3.002876859999999937e+01 -2.978252639999999829e+01 -2.953641379999999828e+01 -2.929042989999999946e+01 -2.904457359999999966e+01 -2.879884369999999905e+01 -2.855323950000000011e+01 -2.830775979999999947e+01 -2.806240370000000084e+01 -2.781717019999999962e+01 -2.757205839999999952e+01 -2.732706740000000067e+01 -2.708219619999999850e+01 -2.683744400000000141e+01 -2.659280989999999889e+01 -2.634829300000000174e+01 -2.610389229999999827e+01 -2.585960710000000162e+01 -2.561543650000000127e+01 -2.537137969999999854e+01 -2.512743569999999949e+01 -2.488360390000000066e+01 -2.463988330000000104e+01 -2.439627319999999955e+01 -2.415277269999999987e+01 -2.390938110000000094e+01 -2.366609749999999934e+01 -2.342292109999999994e+01 -2.317985120000000165e+01 -2.293688699999999869e+01 -2.269402769999999947e+01 -2.245127250000000174e+01 -2.220862070000000088e+01 -2.196607140000000058e+01 -2.172362400000000093e+01 -2.148127759999999853e+01 -2.123903149999999940e+01 -2.099688499999999891e+01 -2.075483720000000076e+01 -2.051288740000000033e+01 -2.027103500000000125e+01 -2.002927899999999894e+01 -1.978761880000000062e+01
-6.822094400000000114e+00 -6.584856659999999806e+00 -6.347673570000000431e+00 -6.110544479999999723e+00 -5.873468719999999976e+00 -5.636445669999999630e+00 -5.399474670000000032e+00 -5.162555089999999680e+00 -4.925686299999999740e+00 -4.688867649999999720e+00 -4.452098539999999716e+00 -4.215378320000000123e+00 -3.978706390000000148e+00 -3.742082130000000006e+00 -3.505504919999999913e+00 -3.268974159999999962e+00 -3.032489239999999864e+00 -2.796049560000000156e+00 -2.559654539999999923e+00 -2.323303559999999823e+00 -2.086996050000000213e+00 -1.850731420000000016e+00 -1.614509090000000091e+00 -1.378328479999999967e+00 -1.142189019999999999e+00 -9.060901430000000145e-01 -6.700312790000000351e-01 -4.340118689999999946e-01 -1.980313559999999917e-01 3.791081470000000342e-02 2.738151910000000133e-01 5.096823200000000220e-01 7.455127419999999505e-01 9.813069949999999597e-01 1.217065609999999909e+00 1.452789129999999984e+00 1.688478060000000003e+00 1.924132940000000014e+00 2.159754289999999965e+00 2.395342610000000150e+00 2.630898419999999849e+00 2.866422220000000021e+00 3.101914530000000170e+00 3.337375839999999982e+00 3.572806640000000034e+00 3.808207429999999949e+00 4.043578700000000303e+00 4.278920929999999956e+00 4.514234609999999925e+00 4.749520210000000020e+00
-3.190467849999999927e+01 -3.165767560000000103e+01 -3.141080930000000038e+01 -3.116407840000000107e+01 -3.091748180000000090e+01 -3.067101849999999885e+01 -3.042468720000000104e+01 -3.017848689999999934e+01 -2.993241659999999982e+01 -2.968647530000000145e+01 -2.944066189999999850e+01 -2.919497550000000174e+01 -2.894941499999999834e+01 -2.870397949999999909e+01 -2.845866810000000058e+01 -2.821347970000000061e+01 -2.796841360000000165e+01 -2.772346879999999913e+01 -2.747864429999999913e+01 -2.723393940000000057e+01 -2.698935300000000126e+01 -2.674488440000000011e+01 -2.650053270000000083e+01 -2.625629710000000117e+01 -2.601217670000000126e+01 -2.576817060000000126e+01 -2.552427810000000008e+01 -2.528049830000000142e+01 -2.503683039999999949e+01 -2.479327359999999913e+01 -2.454982710000000168e+01 -2.430649010000000132e+01 -2.406326179999999937e+01 -2.382014149999999830e+01 -2.357712820000000065e+01 -2.333422140000000056e+01 -2.309141999999999939e+01 -2.284872349999999841e+01 -2.260613109999999892e+01 -2.236364179999999990e+01 -2.212125509999999906e+01 -2.187897010000000009e+01 -2.163678609999999836e+01 -2.139470229999999873e+01 -2.115271789999999896e+01 -2.091083220000000154e+01 -2.066904449999999827e+01 -2.042735389999999995e+01 -2.018575979999999959e+01 -1.994426139999999847e+01
-6.945180249999999944e+00 -6.708065969999999822e+00 -6.471005899999999755e+00 -6.233999390000000140e+00 -5.997045779999999660e+00 -5.760144430000000426e+00 -5.523294690000000173e+00 -5.286495940000000004e+00 -5.049747520000000378e+00 -4.813048819999999672e+00 -4.576399209999999940e+00 -4.339798049999999741e+00 -4.103244749999999996e+00 -3.866738670000000155e+00 -3.630279209999999868e+00 -3.393865760000000176e+00 -3.157497719999999841e+00 -2.921174489999999846e+00 -2.684895479999999779e+00 -2.448660090000000178e+00 -2.212467740000000127e+00 -1.976317850000000043e+00 -1.740209829999999958e+00 -1.504143110000000005e+00 -1.268117130000000037e+00 -1.032131310000000024e+00 -7.961850959999999811e-01 -5.602779260000000372e-01 -3.244092459999999845e-01 -8.857850790000000585e-02 1.472148359999999878e-01 3.829713279999999997e-01 6.186915050000000305e-01 8.543759020000000204e-01 1.090025049999999940e+00 1.325639470000000042e+00 1.561219700000000099e+00 1.796766239999999959e+00 2.032279609999999792e+00 2.267760319999999830e+00 2.503208889999999798e+00 2.738625799999999888e+00 2.974011570000000049e+00 3.209366689999999966e+00 3.444691639999999833e+00 3.679986930000000100e+00 3.915253020000000195e+00 4.150490409999999741e+00 4.385699569999999881e+00 4.620880979999999916e+00
-3.203808120000000059e+01 -3.179123590000000021e+01 -3.154452639999999874e+01 -3.129795149999999992e+01 -3.105151019999999917e+01 -3.080520140000000140e+01 -3.055902409999999847e+01 -3.031297710000000123e+01 -3.006705960000000033e+01 -2.982127050000000068e+01 -2.957560880000000125e+01 -2.933007359999999863e+01 -2.908466389999999890e+01 -2.883937889999999982e+01 -2.859421749999999918e+01 -2.834917889999999829e+01 -2.810426220000000086e+01 -2.785946649999999991e+01 -2.761479089999999914e+01 -2.737023449999999869e+01 -2.712579649999999987e+01 -2.688147610000000043e+01 -2.663727229999999935e+01 -2.639318450000000027e+01 -2.614921169999999861e+01 -2.590535309999999924e+01 -2.566160789999999992e+01 -2.541797529999999838e+01 -2.517445449999999951e+01 -2.493104470000000106e+01 -2.468774499999999961e+01 -2.444455479999999881e+01 -2.420147329999999997e+01 -2.395849949999999851e+01 -2.371563280000000162e+01 -2.347287239999999997e+01 -2.323021749999999841e+01 -2.298766739999999942e+01 -2.274522109999999842e+01 -2.250287810000000022e+01 -2.226063759999999903e+01 -2.201849869999999854e+01 -2.177646060000000006e+01 -2.153452280000000130e+01 -2.129268430000000123e+01 -2.105094439999999878e+01 -2.080930239999999998e+01 -2.056775760000000020e+01 -2.032630899999999841e+01 -2.008495609999999942e+01
-7.053092720000000426e+00 -6.816085870000000213e+00 -6.579132819999999882e+00 -6.342232919999999829e+00 -6.105385530000000394e+00 -5.868589990000000256e+00 -5.631845659999999754e+00 -5.395151910000000051e+00 -5.158508099999999708e+00 -4.921913599999999889e+00 -4.685367779999999982e+00 -4.448870030000000142e+00 -4.212419729999999696e+00 -3.976016260000000191e+00 -3.739659010000000006e+00 -3.503347370000000183e+00 -3.267080759999999806e+00 -3.030858559999999979e+00 -2.794680200000000170e+00 -2.558545070000000088e+00 -2.322452590000000150e+00 -2.086402189999999823e+00 -1.850393289999999968e+00 -1.614425320000000053e+00 -1.378497700000000048e+00 -1.142609879999999967e+00 -9.067613009999999640e-01 -6.709514009999999473e-01 -4.351796330000000101e-01 -1.994454479999999974e-01 3.625169419999999670e-02 2.719123330000000061e-01 5.075370040000000138e-01 7.431262349999999683e-01 9.786805549999999521e-01 1.214200479999999915e+00 1.449686540000000079e+00 1.685139240000000038e+00 1.920559099999999964e+00 2.155946609999999986e+00 2.391302290000000053e+00 2.626626620000000134e+00 2.861920120000000178e+00 3.097183259999999994e+00 3.332416530000000154e+00 3.567620429999999843e+00 3.802795419999999815e+00 4.037941990000000203e+00 4.273060599999999987e+00 4.508151729999999802e+00
-3.215629109999999713e+01 -3.190958369999999888e+01 -3.166301130000000086e+01 -3.141657310000000081e+01 -3.117026780000000130e+01 -3.092409449999999893e+01 -3.067805219999999977e+01 -3.043213989999999924e+01 -3.018635649999999870e+01 -2.994070119999999946e+01 -2.969517289999999932e+01 -2.944977079999999958e+01 -2.920449389999999923e+01 -2.895934139999999957e+01 -2.871431219999999840e+01 -2.846940560000000175e+01 -2.822462060000000150e+01 -2.797995639999999895e+01 -2.773541219999999896e+01 -2.749098700000000051e+01 -2.724668000000000134e+01 -2.700249050000000040e+01 -2.675841750000000019e+01 -2.651446029999999965e+01 -2.627061799999999891e+01 -2.602688979999999930e+01 -2.578327489999999855e+01 -2.553977250000000154e+01 -2.529638190000000009e+01 -2.505310220000000143e+01 -2.480993259999999978e+01 -2.456687240000000116e+01 -2.432392069999999862e+01 -2.408107680000000173e+01 -2.383833990000000114e+01 -2.359570920000000172e+01 -2.335318399999999883e+01 -2.311076350000000090e+01 -2.286844689999999858e+01 -2.262623340000000027e+01 -2.238412239999999898e+01 -2.214211290000000076e+01 -2.190020420000000101e+01 -2.165839569999999981e+01 -2.141668650000000085e+01 -2.117507579999999834e+01 -2.093356289999999831e+01 -2.069214709999999968e+01 -2.045082749999999905e+01 -2.020960350000000005e+01
-7.145609809999999840e+00 -6.908694399999999902e+00 -6.671832430000000258e+00 -6.435023250000000417e+00 -6.198266219999999826e+00 -5.961560689999999774e+00 -5.724906009999999768e+00 -5.488301550000000084e+00 -5.251746680000000111e+00 -5.015240760000000186e+00 -4.778783169999999636e+00 -4.542373300000000391e+00 -4.306010520000000064e+00 -4.069694229999999635e+00 -3.833423810000000209e+00 -3.597198660000000103e+00 -3.361018189999999795e+00 -3.124881799999999821e+00 -2.888788889999999832e+00 -2.652738890000000183e+00 -2.416731210000000019e+00 -2.180765280000000139e+00 -1.944840509999999911e+00 -1.708956350000000013e+00 -1.473112219999999972e+00 -1.237307570000000023e+00 -1.001541840000000017e+00 -7.658144850000000448e-01 -5.301249479999999847e-01 -2.944726899999999814e-01 -5.885717139999999820e-02 1.767221429999999982e-01 4.122657820000000251e-01 6.477742749999999550e-01 8.832481429999999856e-01 1.118687900000000068e+00 1.354094069999999927e+00 1.589467160000000101e+00 1.824807669999999993e+00 2.060116110000000056e+00 2.295392979999999916e+00 2.530638759999999987e+00 2.765853959999999834e+00 3.001039050000000152e+00 3.236194530000000125e+00 3.471320860000000064e+00 3.706418540000000039e+00 3.941488019999999981e+00 4.176529780000000081e+00 4.411544280000000207e+00
-3.225913400000000308e+01 -3.201254529999999932e+01 -3.176609110000000058e+01 -3.151977060000000108e+01 -3.127358260000000101e+01 -3.102752630000000167e+01 -3.078160049999999970e+01 -3.053580439999999996e+01 -3.029013690000000025e+01 -3.004459719999999834e+01 -2.979918440000000146e+01 -2.955389740000000032e+01 -2.930873539999999977e+01 -2.906369749999999996e+01 -2.881878289999999865e+01 -2.857399059999999835e+01 -2.832931990000000155e+01 -2.808476969999999895e+01 -2.784033940000000129e+01 -2.759602800000000045e+01 -2.735183479999999889e+01 -2.710775890000000032e+01 -2.686379940000000133e+01 -2.661995569999999844e+01 -2.637622680000000130e+01 -2.613261190000000056e+01 -2.588911029999999869e+01 -2.564572120000000055e+01 -2.540244369999999918e+01 -2.515927719999999823e+01 -2.491622070000000022e+01 -2.467327350000000052e+01 -2.443043480000000045e+01 -2.418770389999999892e+01 -2.394508000000000081e+01 -2.370256230000000031e+01 -2.346014990000000111e+01 -2.321784230000000093e+01 -2.297563849999999874e+01 -2.273353780000000057e+01 -2.249153940000000063e+01 -2.224964260000000138e+01 -2.200784660000000059e+01 -2.176615059999999957e+01 -2.152455399999999841e+01 -2.128305579999999964e+01 -2.104165529999999862e+01 -2.080035180000000139e+01 -2.055914449999999860e+01 -2.031803259999999867e+01
-7.222648190000000135e+00 -6.985808429999999625e+00 -6.749021820000000282e+00 -6.512287689999999962e+00 -6.275605399999999889e+00 -6.038974299999999573e+00 -5.802393740000000300e+00 -5.565863109999999558e+00 -5.329381749999999585e+00 -5.092949039999999705e+00 -4.856564370000000075e+00 -4.620227110000000081e+00 -4.383936649999999879e+00 -4.147692369999999684e+00 -3.911493679999999973e+00 -3.675339960000000072e+00 -3.439230629999999955e+00 -3.203165090000000159e+00 -2.967142749999999829e+00 -2.731163029999999825e+00 -2.495225350000000120e+00 -2.259329140000000180e+00 -2.023473819999999979e+00 -1.787658830000000032e+00 -1.551883609999999969e+00 -1.316147600000000084e+00 -1.080450240000000006e+00 -8.447909930000000456e-01 -6.091693099999999639e-01 -3.735846509999999898e-01 -1.380364799999999892e-01 9.747573380000000565e-02 3.329525179999999751e-01 5.683943959999999684e-01 8.038018860000000210e-01 1.039175500000000030e+00 1.274515760000000109e+00 1.509823160000000053e+00 1.745098210000000094e+00 1.980341399999999918e+00 2.215553229999999818e+00 2.450734199999999863e+00 2.685884779999999861e+00 2.921005469999999882e+00 3.156096740000000178e+00 3.391159060000000114e+00 3.626192909999999880e+00 3.861198760000000174e+00 4.096177070000000420e+00 4.331128310000000425e+00
-3.234654150000000072e+01 -3.210005259999999794e+01 -3.185369809999999902e+01 -3.160747680000000059e+01 -3.136138779999999926e+01 -3.111543010000000109e+01 -3.086960279999999912e+01 -3.062390479999999826e+01 -3.037833529999999982e+01 -3.013289329999999921e+01 -2.988757800000000131e+01 -2.964238840000000152e+01 -2.939732360000000000e+01 -2.915238280000000159e+01 -2.890756509999999935e+01 -2.866286970000000167e+01 -2.841829560000000043e+01 -2.817384210000000166e+01 -2.792950839999999957e+01 -2.768529350000000022e+01 -2.744119660000000138e+01 -2.719721699999999842e+01 -2.695335389999999975e+01 -2.670960630000000080e+01 -2.646597360000000165e+01 -2.622245489999999890e+01 -2.597904940000000096e+01 -2.573575629999999848e+01 -2.549257490000000104e+01 -2.524950430000000168e+01 -2.500654379999999932e+01 -2.476369259999999883e+01 -2.452094980000000035e+01 -2.427831480000000042e+01 -2.403578669999999917e+01 -2.379336479999999909e+01 -2.355104830000000149e+01 -2.330883640000000057e+01 -2.306672830000000118e+01 -2.282472329999999872e+01 -2.258282060000000158e+01 -2.234101940000000042e+01 -2.209931900000000127e+01 -2.185771859999999833e+01 -2.161621729999999886e+01 -2.137481449999999938e+01 -2.113350940000000122e+01 -2.089230119999999857e+01 -2.065118909999999985e+01 -2.041017229999999927e+01
-7.284131870000000397e+00 -7.047352219999999612e+00 -6.810625449999999859e+00 -6.573950909999999759e+00 -6.337327959999999649e+00 -6.100755949999999928e+00 -5.864234240000000042e+00 -5.627762190000000331e+00 -5.391339180000000120e+00 -5.154964569999999746e+00 -4.918637750000000253e+00 -4.682358090000000139e+00 -4.446124990000000388e+00 -4.209937840000000264e+00 -3.973796029999999924e+00 -3.737698959999999904e+00 -3.501646039999999793e+00 -3.265636670000000130e+00 -3.029670279999999938e+00 -2.793746280000000137e+00 -2.557864089999999813e+00 -2.322023150000000147e+00 -2.086222869999999840e+00 -1.850462709999999955e+00 -1.614742099999999958e+00 -1.379060479999999922e+00 -1.143417300000000081e+00 -9.078120309999999638e-01 -6.722441160000000027e-01 -4.367130229999999780e-01 -2.012182180000000042e-01 3.424082789999999960e-02 2.696646380000000121e-01 5.050537320000000330e-01 7.404086269999999859e-01 9.757298340000000181e-01 1.211017859999999891e+00 1.446273209999999976e+00 1.681496380000000013e+00 1.916687870000000071e+00 2.151848170000000060e+00 2.386977770000000110e+00 2.622077140000000028e+00 2.857146779999999886e+00 3.092187159999999935e+00 3.327198740000000043e+00 3.562181999999999960e+00 3.797137399999999996e+00 4.032065410000000405e+00 4.266966479999999784e+00
-3.241838409999999726e+01 -3.217197680000000304e+01 -3.192570339999999973e+01 -3.167956309999999931e+01 -3.143355490000000074e+01 -3.118767779999999945e+01 -3.094193080000000151e+01 -3.069631299999999996e+01 -3.045082349999999849e+01 -3.020546140000000079e+01 -2.996022590000000108e+01 -2.971511590000000069e+01 -2.947013069999999857e+01 -2.922526930000000078e+01 -2.898053099999999915e+01 -2.873591479999999976e+01 -2.849142000000000152e+01 -2.824704559999999987e+01 -2.800279090000000082e+01 -2.775865509999999858e+01 -2.751463719999999924e+01 -2.727073659999999933e+01 -2.702695230000000137e+01 -2.678328369999999836e+01 -2.653972979999999993e+01 -2.629628990000000144e+01 -2.605296329999999827e+01 -2.580974900000000005e+01 -2.556664629999999860e+01 -2.532365449999999996e+01 -2.508077270000000070e+01 -2.483800019999999975e+01 -2.459533619999999843e+01 -2.435277990000000159e+01 -2.411033039999999872e+01 -2.386798720000000174e+01 -2.362574920000000134e+01 -2.338361589999999879e+01 -2.314158640000000133e+01 -2.289965989999999962e+01 -2.265783569999999969e+01 -2.241611299999999929e+01 -2.217449099999999973e+01 -2.193296889999999877e+01 -2.169154599999999888e+01 -2.145022150000000138e+01 -2.120899449999999931e+01 -2.096786450000000102e+01 -2.072683049999999838e+01 -2.048589180000000098e+01
-7.329997660000000081e+00 -7.093262750000000061e+00 -6.856580519999999623e+00 -6.619950339999999933e+00 -6.383371549999999672e+00 -6.146843510000000066e+00 -5.910365569999999735e+00 -5.673937109999999784e+00 -5.437557499999999600e+00 -5.201226100000000407e+00 -4.964942299999999697e+00 -4.728705490000000289e+00 -4.492515039999999793e+00 -4.256370369999999959e+00 -4.020270850000000173e+00 -3.784215890000000027e+00 -3.548204909999999934e+00 -3.312237300000000051e+00 -3.076312499999999783e+00 -2.840429910000000113e+00 -2.604588970000000003e+00 -2.368789089999999931e+00 -2.133029730000000068e+00 -1.897310300000000005e+00 -1.661630270000000076e+00 -1.425989069999999970e+00 -1.190386160000000082e+00 -9.548209920000000350e-01 -7.192930290000000282e-01 -4.838017359999999822e-01 -2.483465820000000102e-01 -1.292704050000000049e-02 2.224574089999999948e-01 4.578072850000000082e-01 6.931231009999999637e-01 9.284053660000000097e-01 1.163654579999999994e+00 1.398871259999999950e+00 1.634055880000000016e+00 1.869208949999999980e+00 2.104330959999999973e+00 2.339422379999999801e+00 2.574483700000000042e+00 2.809515399999999996e+00 3.044517949999999917e+00 3.279491810000000118e+00 3.514437469999999841e+00 3.749355369999999965e+00 3.984245979999999854e+00 4.219109750000000325e+00
-3.247457740000000115e+01 -3.222823329999999942e+01 -3.198202300000000164e+01 -3.173594549999999970e+01 -3.148999990000000082e+01 -3.124418530000000160e+01 -3.099850079999999863e+01 -3.075294530000000037e+01 -3.050751800000000102e+01 -3.026221800000000073e+01 -3.001704439999999963e+01 -2.977199639999999903e+01 -2.952707300000000146e+01 -2.928227349999999873e+01 -2.903759690000000049e+01 -2.879304240000000092e+01 -2.854860920000000135e+01 -2.830429639999999836e+01 -2.806010330000000152e+01 -2.781602900000000034e+01 -2.757207269999999966e+01 -2.732823349999999962e+01 -2.708451069999999916e+01 -2.684090349999999958e+01 -2.659741109999999864e+01 -2.635403270000000120e+01 -2.611076740000000029e+01 -2.586761459999999957e+01 -2.562457330000000155e+01 -2.538164289999999923e+01 -2.513882249999999985e+01 -2.489611130000000117e+01 -2.465350859999999855e+01 -2.441101360000000042e+01 -2.416862550000000098e+01 -2.392634350000000154e+01 -2.368416690000000102e+01 -2.344209479999999957e+01 -2.320012660000000082e+01 -2.295826130000000020e+01 -2.271649830000000136e+01 -2.247483670000000089e+01 -2.223327580000000125e+01 -2.199181480000000022e+01 -2.175045300000000026e+01 -2.150918940000000035e+01 -2.126802350000000175e+01 -2.102695429999999988e+01 -2.078598119999999838e+01 -2.054510330000000096e+01
-7.360223920000000142e+00 -7.123518589999999762e+00 -6.886865829999999633e+00 -6.650264970000000275e+00 -6.413715370000000249e+00 -6.177216389999999890e+00 -5.940767390000000425e+00 -5.704367740000000353e+00 -5.468016809999999950e+00 -5.231713960000000441e+00 -4.995458590000000143e+00 -4.759250080000000160e+00 -4.523087819999999759e+00 -4.286971190000000043e+00 -4.050899610000000095e+00 -3.814872470000000071e+00 -3.578889180000000003e+00 -3.342949149999999925e+00 -3.107051799999999808e+00 -2.871196560000000009e+00 -2.635382840000000115e+00 -2.399610079999999979e+00 -2.163877719999999893e+00 -1.928185189999999993e+00 -1.692531940000000068e+00 -1.456917419999999908e+00 -1.221341079999999968e+00 -9.858023780000000347e-01 -7.503007790000000288e-01 -5.148357500000000364e-01 -2.794067610000000035e-01 -4.401328720000000083e-02 1.913451909999999978e-01 4.266691890000000043e-01 6.619592199999999593e-01 8.972157899999999575e-01 1.132439399999999985e+00 1.367630560000000051e+00 1.602789749999999902e+00 1.837917470000000053e+00 2.073014199999999807e+00 2.308080439999999900e+00 2.543116649999999979e+00 2.778123309999999790e+00 3.013100899999999971e+00 3.248049879999999945e+00 3.482970719999999965e+00 3.717863869999999960e+00 3.952729800000000182e+00 4.187568960000000118e+00
-3.251506090000000171e+01 -3.226876180000000005e+01 -3.202259639999999763e+01 -3.177656370000000052e+01 -3.153066289999999938e+01 -3.128489280000000150e+01 -3.103925279999999987e+01 -3.079374170000000177e+01 -3.054835879999999904e+01 -3.030310310000000129e+01 -3.005797379999999919e+01 -2.981296999999999997e+01 -2.956809080000000023e+01 -2.932333530000000010e+01 -2.907870279999999852e+01 -2.883419239999999917e+01 -2.858980319999999864e+01 -2.834553449999999941e+01 -2.810138540000000162e+01 -2.785735499999999831e+01 -2.761344270000000023e+01 -2.736964749999999924e+01 -2.712596860000000021e+01 -2.688240539999999967e+01 -2.663895690000000016e+01 -2.639562240000000060e+01 -2.615240100000000112e+01 -2.590929200000000066e+01 -2.566629470000000168e+01 -2.542340809999999962e+01 -2.518063160000000167e+01 -2.493796430000000086e+01 -2.469540549999999968e+01 -2.445295439999999942e+01 -2.421061010000000024e+01 -2.396837199999999868e+01 -2.372623919999999842e+01 -2.348421090000000078e+01 -2.324228649999999874e+01 -2.300046499999999838e+01 -2.275874569999999864e+01 -2.251712789999999842e+01 -2.227561070000000143e+01 -2.203419339999999949e+01 -2.179287509999999983e+01 -2.155165519999999901e+01 -2.131053289999999834e+01 -2.106950730000000149e+01 -2.082857759999999914e+01 -2.058774319999999847e+01
-7.374790349999999606e+00 -7.138099610000000261e+00 -6.901461359999999878e+00 -6.664874949999999743e+00 -6.428339730000000252e+00 -6.191855069999999905e+00 -5.955420319999999990e+00 -5.719034849999999892e+00 -5.482698029999999889e+00 -5.246409240000000196e+00 -5.010167860000000140e+00 -4.773973269999999935e+00 -4.537824859999999738e+00 -4.301722039999999581e+00 -4.065664189999999678e+00 -3.829650720000000064e+00 -3.593681049999999821e+00 -3.357754569999999994e+00 -3.121870719999999988e+00 -2.886028909999999836e+00 -2.650228559999999955e+00 -2.414469120000000135e+00 -2.178750019999999843e+00 -1.943070700000000040e+00 -1.707430599999999909e+00 -1.471829180000000070e+00 -1.236265879999999928e+00 -1.000740170000000040e+00 -7.652515079999999692e-01 -5.297993650000000221e-01 -2.943832129999999769e-01 -5.900252699999999906e-02 1.763432119999999992e-01 4.116545189999999965e-01 6.469319040000000021e-01 8.821758739999999710e-01 1.117386929999999889e+00 1.352565580000000045e+00 1.587712299999999965e+00 1.822827589999999942e+00 2.057911939999999884e+00 2.292965829999999983e+00 2.527989740000000207e+00 2.762984129999999983e+00 2.997949489999999884e+00 3.232886279999999779e+00 3.467794950000000043e+00 3.702675979999999978e+00 3.937529819999999958e+00 4.172356920000000358e+00
-3.253977820000000065e+01 -3.229350600000000071e+01 -3.204736750000000001e+01 -3.180136159999999990e+01 -3.155548750000000169e+01 -3.130974420000000080e+01 -3.106413080000000093e+01 -3.081864639999999866e+01 -3.057329010000000125e+01 -3.032806090000000054e+01 -3.008295809999999904e+01 -2.983798080000000041e+01 -2.959312810000000127e+01 -2.934839910000000174e+01 -2.910379299999999958e+01 -2.885930899999999966e+01 -2.861494619999999856e+01 -2.837070389999999875e+01 -2.812658120000000039e+01 -2.788257720000000006e+01 -2.763869120000000024e+01 -2.739492239999999867e+01 -2.715126989999999907e+01 -2.690773300000000035e+01 -2.666431079999999909e+01 -2.642100260000000134e+01 -2.617780760000000129e+01 -2.593472500000000025e+01 -2.569175399999999954e+01 -2.544889380000000045e+01 -2.520614360000000076e+01 -2.496350260000000176e+01 -2.472097009999999884e+01 -2.447854530000000040e+01 -2.423622729999999947e+01 -2.399401549999999972e+01 -2.375190900000000127e+01 -2.350990699999999833e+01 -2.326800880000000049e+01 -2.302621359999999839e+01 -2.278452060000000046e+01 -2.254292900000000088e+01 -2.230143800000000098e+01 -2.206004689999999968e+01 -2.181875480000000067e+01 -2.157756110000000049e+01 -2.133646489999999929e+01 -2.109546539999999837e+01 -2.085456179999999904e+01 -2.061375350000000140e+01
-7.373683680000000074e+00 -7.136992560000000374e+00 -6.900353929999999636e+00 -6.663767130000000094e+00 -6.427231530000000248e+00 -6.190746479999999607e+00 -5.954311350000000225e+00 -5.717925489999999833e+00 -5.481588280000000424e+00 -5.245299100000000436e+00 -5.009057330000000086e+00 -4.772862349999999587e+00 -4.536713549999999984e+00 -4.300610329999999593e+00 -4.064552080000000345e+00 -3.828538219999999992e+00 -3.592568140000000021e+00 -3.356641269999999899e+00 -3.120757010000000164e+00 -2.884914799999999779e+00 -2.649114060000000048e+00 -2.413354210000000055e+00 -2.177634709999999973e+00 -1.941954979999999997e+00 -1.706314469999999917e+00 -1.470712639999999904e+00 -1.235148930000000034e+00 -9.996228109999999445e-01 -7.641337400000000057e-01 -5.286811869999999969e-01 -2.932646219999999748e-01 -5.788352339999999763e-02 1.774626290000000106e-01 4.127743500000000121e-01 6.480521510000000207e-01 8.832965369999999927e-01 1.118508009999999997e+00 1.353687070000000103e+00 1.588834209999999914e+00 1.823949929999999942e+00 2.059034689999999834e+00 2.294089000000000045e+00 2.529113329999999937e+00 2.764108139999999825e+00 2.999073919999999838e+00 3.234011129999999845e+00 3.468920230000000160e+00 3.703801680000000207e+00 3.938655939999999855e+00 4.173483469999999862e+00
-3.254869810000000285e+01 -3.230243469999999917e+01 -3.205630500000000183e+01 -3.181030799999999914e+01 -3.156444270000000074e+01 -3.131870809999999850e+01 -3.107310349999999843e+01 -3.082762779999999836e+01 -3.058228019999999958e+01 -3.033705979999999869e+01 -3.009196580000000054e+01 -2.984699720000000056e+01 -2.960215309999999889e+01 -2.935743289999999917e+01 -2.911283549999999920e+01 -2.886836020000000147e+01 -2.862400609999999901e+01 -2.837977250000000140e+01 -2.813565840000000051e+01 -2.789166319999999999e+01 -2.764778589999999880e+01 -2.740402579999999944e+01 -2.716038199999999847e+01 -2.691685379999999839e+01 -2.667344029999999933e+01 -2.643014090000000138e+01 -2.618695459999999997e+01 -2.594388070000000113e+01 -2.570091839999999905e+01 -2.545806689999999861e+01 -2.521532540000000111e+01 -2.497269310000000075e+01 -2.473016940000000119e+01 -2.448775330000000139e+01 -2.424544399999999911e+01 -2.400324090000000155e+01 -2.376114310000000174e+01 -2.351914989999999861e+01 -2.327726039999999941e+01 -2.303547389999999950e+01 -2.279378960000000021e+01 -2.255220669999999927e+01 -2.231072449999999918e+01 -2.206934199999999890e+01 -2.182805869999999970e+01 -2.158687370000000172e+01 -2.134578610000000154e+01 -2.110479529999999926e+01 -2.086390049999999974e+01 -2.062310079999999957e+01
-7.356923090000000443e+00 -7.120216629999999824e+00 -6.883562730000000407e+00 -6.646960729999999984e+00 -6.410409989999999780e+00 -6.173909860000000194e+00 -5.937459709999999724e+00 -5.701058899999999596e+00 -5.464706800000000086e+00 -5.228402789999999634e+00 -4.992146250000000229e+00 -4.755936560000000313e+00 -4.519773119999999977e+00 -4.283655310000000327e+00 -4.047582539999999618e+00 -3.811554210000000165e+00 -3.575569719999999840e+00 -3.339628499999999889e+00 -3.103729949999999960e+00 -2.867873499999999964e+00 -2.632058569999999875e+00 -2.396284599999999987e+00 -2.160551020000000211e+00 -1.924857279999999893e+00 -1.689202810000000055e+00 -1.453587060000000042e+00 -1.218009490000000028e+00 -9.824695620000000185e-01 -7.469667309999999949e-01 -5.115004659999999870e-01 -2.760702389999999951e-01 -4.067552420000000030e-02 1.946841970000000033e-01 4.300094409999999923e-01 6.653007199999999566e-01 9.005585400000000185e-01 1.135783409999999938e+00 1.370975810000000017e+00 1.606136259999999982e+00 1.841265240000000025e+00 2.076363240000000054e+00 2.311430730000000100e+00 2.546468210000000010e+00 2.781476140000000097e+00 3.016455000000000108e+00 3.251405249999999914e+00 3.486327360000000208e+00 3.721221780000000035e+00 3.956088990000000027e+00 4.190929419999999794e+00
-3.252114960000000110e+01 -3.229551459999999707e+01 -3.204937569999999880e+01 -3.180336959999999991e+01 -3.155749520000000174e+01 -3.131175149999999974e+01 -3.106613779999999991e+01 -3.082065310000000125e+01 -3.057529650000000032e+01 -3.033006710000000083e+01 -3.008496399999999937e+01 -2.983998640000000080e+01 -2.959513340000000170e+01 -2.935040409999999866e+01 -2.910579780000000127e+01 -2.886131350000000140e+01 -2.861695050000000151e+01 -2.837270790000000176e+01 -2.812858489999999989e+01 -2.788458070000000077e+01 -2.764069449999999861e+01 -2.739692549999999827e+01 -2.715327279999999988e+01 -2.690973569999999881e+01 -2.666631329999999878e+01 -2.642300489999999868e+01 -2.617980969999999985e+01 -2.593672690000000003e+01 -2.569375570000000053e+01 -2.545089529999999911e+01 -2.520814499999999825e+01 -2.496550390000000164e+01 -2.472297119999999993e+01 -2.448054619999999915e+01 -2.423822819999999822e+01 -2.399601619999999969e+01 -2.375390960000000007e+01 -2.351190749999999952e+01 -2.327000909999999934e+01 -2.302821379999999962e+01 -2.278652070000000052e+01 -2.254492899999999977e+01 -2.230343789999999871e+01 -2.206204669999999979e+01 -2.182075460000000078e+01 -2.157956079999999943e+01 -2.133846450000000061e+01 -2.109746489999999852e+01 -2.085656129999999919e+01 -2.061575290000000038e+01
-7.324530280000000282e+00 -7.087793460000000323e+00 -6.851109319999999947e+00 -6.614477210000000440e+00 -6.377896490000000362e+00 -6.141366500000000173e+00 -5.904886630000000025e+00 -5.668456210000000439e+00 -5.432074639999999732e+00 -5.195741280000000017e+00 -4.959455519999999673e+00 -4.723216729999999863e+00 -4.487024309999999794e+00 -4.250877639999999680e+00 -4.014776130000000443e+00 -3.778719179999999955e+00 -3.542706190000000088e+00 -3.306736579999999925e+00 -3.070809769999999883e+00 -2.834925160000000055e+00 -2.599082189999999848e+00 -2.363280290000000061e+00 -2.127518900000000102e+00 -1.891797439999999941e+00 -1.656115360000000036e+00 -1.420472119999999894e+00 -1.184867160000000030e+00 -9.492999380000000098e-01 -7.137699180000000032e-01 -4.782765640000000151e-01 -2.428193449999999920e-01 -7.397735380000000117e-03 2.279887859999999988e-01 4.633407379999999742e-01 6.986586320000000017e-01 9.339429790000000065e-01 1.169194279999999919e+00 1.404413039999999890e+00 1.639599760000000073e+00 1.874754929999999931e+00 2.109879030000000100e+00 2.344972550000000044e+00 2.580035969999999956e+00 2.815069770000000027e+00 3.050074430000000003e+00 3.285050410000000198e+00 3.519998170000000037e+00 3.754918190000000155e+00 3.989810920000000038e+00 4.224676810000000060e+00
-3.249837509999999696e+01 -3.225208630000000198e+01 -3.202657529999999753e+01 -3.178054200000000051e+01 -3.153464059999999947e+01 -3.128886999999999929e+01 -3.104322940000000131e+01 -3.079771780000000092e+01 -3.055233439999999945e+01 -3.030707819999999941e+01 -3.006194830000000096e+01 -2.981694399999999945e+01 -2.957206430000000097e+01 -2.932730839999999972e+01 -2.908267539999999940e+01 -2.883816450000000131e+01 -2.859377489999999966e+01 -2.834950570000000170e+01 -2.810535610000000162e+01 -2.786132539999999835e+01 -2.761741260000000153e+01 -2.737361699999999942e+01 -2.712993780000000044e+01 -2.688637410000000116e+01 -2.664292530000000170e+01 -2.639959040000000101e+01 -2.615636870000000158e+01 -2.591325940000000116e+01 -2.567026170000000107e+01 -2.542737479999999906e+01 -2.518459800000000115e+01 -2.494193040000000039e+01 -2.469937129999999925e+01 -2.445691989999999905e+01 -2.421457540000000108e+01 -2.397233699999999956e+01 -2.373020400000000052e+01 -2.348817550000000054e+01 -2.324625079999999855e+01 -2.300442909999999941e+01 -2.276270969999999849e+01 -2.252109159999999832e+01 -2.227957430000000016e+01 -2.203815679999999944e+01 -2.179683839999999861e+01 -2.155561840000000018e+01 -2.131449590000000072e+01 -2.107347019999999915e+01 -2.083254039999999918e+01 -2.059170590000000090e+01
-7.276564679999999896e+00 -7.039782289999999776e+00 -6.803052789999999739e+00 -6.566375500000000365e+00 -6.329749800000000093e+00 -6.093175020000000330e+00 -5.856650540000000404e+00 -5.620175709999999825e+00 -5.383749909999999694e+00 -5.147372510000000290e+00 -4.911042880000000110e+00 -4.674760420000000138e+00 -4.438524509999999701e+00 -4.202334529999999901e+00 -3.966189889999999885e+00 -3.730089990000000189e+00 -3.494034220000000079e+00 -3.258022009999999913e+00 -3.022052770000000166e+00 -2.786125909999999983e+00 -2.550240849999999782e+00 -2.314397039999999794e+00 -2.078593880000000116e+00 -1.842830839999999970e+00 -1.607107339999999995e+00 -1.371422820000000042e+00 -1.135776750000000002e+00 -9.001685769999999698e-01 -6.645977539999999850e-01 -4.290637469999999953e-01 -1.935660250000000027e-01 4.189594259999999959e-02 2.773226790000000164e-01 5.127147029999999939e-01 7.480725320000000123e-01 9.833966769999999968e-01 1.218687649999999900e+00 1.453945940000000103e+00 1.689172059999999975e+00 1.924366510000000030e+00 2.159529759999999854e+00 2.394662320000000122e+00 2.629764660000000198e+00 2.864837259999999830e+00 3.099880610000000036e+00 3.334895159999999859e+00 3.569881399999999871e+00 3.804839780000000005e+00 4.039770769999999622e+00 4.274674820000000430e+00
-3.245977990000000091e+01 -3.221344590000000352e+01 -3.197758130000000065e+01 -3.174183590000000166e+01 -3.149588950000000054e+01 -3.125007409999999908e+01 -3.100438869999999980e+01 -3.075883239999999930e+01 -3.051340439999999887e+01 -3.026810359999999989e+01 -3.002292930000000126e+01 -2.977788059999999959e+01 -2.953295650000000094e+01 -2.928815619999999953e+01 -2.904347890000000021e+01 -2.879892380000000074e+01 -2.855448990000000009e+01 -2.831017650000000074e+01 -2.806598280000000045e+01 -2.782190780000000174e+01 -2.757795090000000116e+01 -2.733411119999999883e+01 -2.709038789999999963e+01 -2.684678010000000015e+01 -2.660328720000000047e+01 -2.635990819999999957e+01 -2.611664250000000109e+01 -2.587348910000000046e+01 -2.563044740000000132e+01 -2.538751650000000026e+01 -2.514469569999999976e+01 -2.490198409999999996e+01 -2.465938110000000094e+01 -2.441688570000000169e+01 -2.417449720000000113e+01 -2.393221490000000173e+01 -2.369003790000000009e+01 -2.344796559999999985e+01 -2.320599699999999999e+01 -2.296413150000000059e+01 -2.272236819999999824e+01 -2.248070630000000136e+01 -2.223914519999999939e+01 -2.199768399999999957e+01 -2.175632189999999966e+01 -2.151505819999999858e+01 -2.127389210000000119e+01 -2.103282280000000171e+01 -2.079184950000000143e+01 -2.055097149999999928e+01
-7.213055640000000324e+00 -6.976212300000000255e+00 -6.739422089999999699e+00 -6.502684350000000002e+00 -6.265998439999999725e+00 -6.029363710000000154e+00 -5.792779529999999788e+00 -5.556245249999999913e+00 -5.319760239999999918e+00 -5.083323880000000017e+00 -4.846935550000000426e+00 -4.610594619999999644e+00 -4.374300479999999602e+00 -4.138052519999999568e+00 -3.901850130000000139e+00 -3.665692720000000016e+00 -3.429579679999999797e+00 -3.193510429999999900e+00 -2.957484379999999913e+00 -2.721500939999999868e+00 -2.485559530000000183e+00 -2.249659579999999881e+00 -2.013800530000000144e+00 -1.777981789999999895e+00 -1.542202819999999974e+00 -1.306463050000000070e+00 -1.070761939999999912e+00 -8.350989239999999647e-01 -5.994734710000000355e-01 -3.638850379999999940e-01 -1.283330890000000113e-01 1.071829069999999939e-01 3.426634780000000213e-01 5.781091459999999627e-01 8.135204310000000438e-01 1.048897849999999909e+00 1.284241900000000047e+00 1.519553109999999929e+00 1.754831969999999908e+00 1.990078969999999892e+00 2.225294620000000112e+00 2.460479410000000033e+00 2.695633809999999908e+00 2.930758319999999806e+00 3.165853419999999918e+00 3.400919570000000114e+00 3.635957260000000080e+00 3.870966940000000189e+00 4.105949090000000190e+00 4.340904169999999951e+00
-3.240538750000000334e+01 -3.215899009999999691e+01 -3.191272670000000033e+01 -3.167693930000000080e+01 -3.144127020000000172e+01 -3.119539209999999940e+01 -3.094964410000000044e+01 -3.070402530000000141e+01 -3.045853490000000008e+01 -3.021317189999999897e+01 -2.996793539999999822e+01 -2.972282459999999915e+01 -2.947783850000000072e+01 -2.923297630000000069e+01 -2.898823709999999920e+01 -2.874362010000000112e+01 -2.849912450000000064e+01 -2.825474940000000146e+01 -2.801049390000000017e+01 -2.776635729999999924e+01 -2.752233869999999882e+01 -2.727843740000000139e+01 -2.703465249999999997e+01 -2.679098319999999944e+01 -2.654742870000000110e+01 -2.630398819999999915e+01 -2.606066099999999963e+01 -2.581744610000000151e+01 -2.557434290000000132e+01 -2.533135060000000038e+01 -2.508846829999999883e+01 -2.484569529999999915e+01 -2.460303079999999909e+01 -2.436047399999999996e+01 -2.411802420000000069e+01 -2.387568050000000142e+01 -2.363344220000000107e+01 -2.339130859999999856e+01 -2.314927869999999999e+01 -2.290735189999999832e+01 -2.266552739999999844e+01 -2.242380440000000164e+01 -2.218218219999999974e+01 -2.194065989999999999e+01 -2.169923670000000016e+01 -2.145791200000000032e+01 -2.121668490000000062e+01 -2.097555470000000000e+01 -2.073452059999999975e+01 -2.049358180000000118e+01
-7.134087919999999805e+00 -6.897167959999999987e+00 -6.660301439999999573e+00 -6.423487699999999911e+00 -6.186726110000000389e+00 -5.950015999999999750e+00 -5.713356740000000045e+00 -5.476747699999999774e+00 -5.240188230000000225e+00 -5.003677719999999773e+00 -4.767215529999999646e+00 -4.530801049999999996e+00 -4.294433660000000152e+00 -4.058112740000000329e+00 -3.821837700000000115e+00 -3.585607930000000110e+00 -3.349422820000000023e+00 -3.113281789999999827e+00 -2.877184240000000059e+00 -2.641129600000000188e+00 -2.405117259999999924e+00 -2.169146669999999943e+00 -1.933217249999999998e+00 -1.697328420000000060e+00 -1.461479629999999919e+00 -1.225670309999999930e+00 -9.898999120000000485e-01 -7.541678779999999582e-01 -5.184736620000000018e-01 -2.828167229999999921e-01 -4.719652030000000276e-02 1.883874799999999960e-01 4.239358089999999968e-01 6.594489930000000388e-01 8.949275540000000140e-01 1.130372010000000094e+00 1.365782880000000032e+00 1.601160659999999902e+00 1.836505880000000035e+00 2.071819019999999956e+00 2.307100590000000118e+00 2.542351079999999985e+00 2.777570990000000073e+00 3.012760790000000188e+00 3.247920979999999957e+00 3.483052030000000077e+00 3.718154409999999910e+00 3.953228610000000032e+00 4.188275090000000311e+00 4.423294310000000173e+00
-3.233524890000000340e+01 -3.208876999999999668e+01 -3.184242529999999860e+01 -3.159621389999999863e+01 -3.136048339999999968e+01 -3.112487050000000011e+01 -3.087904209999999949e+01 -3.063334299999999999e+01 -3.038777250000000052e+01 -3.014232949999999889e+01 -2.989701319999999996e+01 -2.965182259999999914e+01 -2.940675690000000131e+01 -2.916181509999999832e+01 -2.891699649999999977e+01 -2.867230019999999868e+01 -2.842772529999999875e+01 -2.818327090000000013e+01 -2.793893630000000172e+01 -2.769472060000000013e+01 -2.745062300000000022e+01 -2.720664259999999857e+01 -2.696277870000000121e+01 -2.671903049999999880e+01 -2.647539700000000096e+01 -2.623187769999999830e+01 -2.598847149999999928e+01 -2.574517780000000045e+01 -2.550199579999999955e+01 -2.525892470000000145e+01 -2.501596359999999919e+01 -2.477311179999999879e+01 -2.453036859999999919e+01 -2.428773310000000052e+01 -2.404520460000000170e+01 -2.380278219999999934e+01 -2.356046530000000061e+01 -2.331825299999999856e+01 -2.307614450000000161e+01 -2.283413919999999919e+01 -2.259223619999999855e+01 -2.235043470000000099e+01 -2.210873399999999833e+01 -2.186713329999999900e+01 -2.162563180000000074e+01 -2.138422879999999893e+01 -2.114292349999999843e+01 -2.090171510000000055e+01 -2.066060290000000066e+01 -2.041958599999999890e+01
-7.039760910000000038e+00 -6.802748430000000290e+00 -6.565789739999999597e+00 -6.328884210000000010e+00 -6.092031170000000273e+00 -5.855229989999999773e+00 -5.618480009999999858e+00 -5.381780599999999914e+00 -5.145131140000000158e+00 -4.908530980000000099e+00 -4.671979509999999891e+00 -4.435476089999999871e+00 -4.199020130000000073e+00 -3.962610989999999944e+00 -3.726248070000000023e+00 -3.489930769999999960e+00 -3.253658489999999848e+00 -3.017430619999999841e+00 -2.781246579999999913e+00 -2.545105780000000095e+00 -2.309007639999999917e+00 -2.072951569999999855e+00 -1.836936990000000103e+00 -1.600963350000000007e+00 -1.365030060000000045e+00 -1.129136570000000006e+00 -8.932823149999999934e-01 -6.574667450000000191e-01 -4.216893059999999860e-01 -1.859494529999999868e-01 4.975335749999999779e-02 2.854196640000000174e-01 5.210500000000000131e-01 7.566448959999999557e-01 9.922048789999999840e-01 1.227730470000000018e+00 1.463222189999999978e+00 1.698680549999999956e+00 1.934106059999999960e+00 2.169499230000000001e+00 2.404860559999999925e+00 2.640190549999999803e+00 2.875489700000000148e+00 3.110758489999999821e+00 3.345997409999999839e+00 3.581206949999999889e+00 3.816387590000000163e+00 4.051539799999999580e+00 4.286664049999999726e+00 4.521760819999999903e+00
-3.224942769999999825e+01 -3.200284889999999649e+01 -3.175640470000000093e+01 -3.151009409999999988e+01 -3.126391599999999826e+01 -3.102822280000000177e+01 -3.079264489999999910e+01 -3.054684779999999833e+01 -3.030117930000000115e+01 -3.005563860000000176e+01 -2.981022480000000030e+01 -2.956493680000000168e+01 -2.931977390000000128e+01 -2.907473519999999922e+01 -2.882981970000000160e+01 -2.858502650000000145e+01 -2.834035490000000124e+01 -2.809580400000000111e+01 -2.785137280000000004e+01 -2.760706070000000167e+01 -2.736286670000000143e+01 -2.711879000000000062e+01 -2.687482990000000171e+01 -2.663098540000000014e+01 -2.638725579999999837e+01 -2.614364030000000128e+01 -2.590013809999999950e+01 -2.565674830000000028e+01 -2.541347019999999901e+01 -2.517030310000000171e+01 -2.492724600000000024e+01 -2.468429829999999825e+01 -2.444145909999999944e+01 -2.419872769999999917e+01 -2.395610329999999877e+01 -2.371358509999999953e+01 -2.347117240000000038e+01 -2.322886430000000146e+01 -2.298666010000000171e+01 -2.274455899999999886e+01 -2.250256029999999896e+01 -2.226066319999999976e+01 -2.201886689999999902e+01 -2.177717060000000160e+01 -2.153557370000000049e+01 -2.129407520000000176e+01 -2.105267449999999840e+01 -2.081137079999999884e+01 -2.057016339999999843e+01 -2.032905129999999971e+01
-6.930580459999999832e+00 -6.693459479999999573e+00 -6.456392710000000257e+00 -6.219379489999999677e+00 -5.982419160000000069e+00 -5.745511089999999932e+00 -5.508654629999999663e+00 -5.271849150000000428e+00 -5.035093999999999959e+00 -4.798388570000000186e+00 -4.561732209999999732e+00 -4.325124319999999578e+00 -4.088564270000000000e+00 -3.852051439999999882e+00 -3.615585230000000205e+00 -3.379165040000000175e+00 -3.142790250000000007e+00 -2.906460259999999796e+00 -2.670174499999999895e+00 -2.433932360000000017e+00 -2.197733250000000194e+00 -1.961576599999999893e+00 -1.725461829999999974e+00 -1.489388359999999967e+00 -1.253355620000000004e+00 -1.017363049999999935e+00 -7.814100880000000027e-01 -5.454961699999999469e-01 -3.096207449999999750e-01 -7.378326309999999610e-02 1.620168220000000048e-01 3.977800519999999951e-01 6.335069650000000330e-01 8.691980940000000322e-01 1.104853969999999963e+00 1.340475120000000020e+00 1.576062059999999931e+00 1.811615320000000029e+00 2.047135410000000100e+00 2.282622830000000214e+00 2.518078099999999875e+00 2.753501710000000102e+00 2.988894170000000017e+00 3.224255980000000132e+00 3.459587620000000197e+00 3.694889579999999896e+00 3.930162349999999805e+00 4.165406400000000176e+00 4.400622219999999807e+00 4.635810280000000283e+00
-3.214801150000000263e+01 -3.190131420000000162e+01 -3.165475190000000083e+01 -3.140832370000000040e+01 -3.116202840000000052e+01 -3.091586500000000015e+01 -3.066983249999999828e+01 -3.044462700000000055e+01 -3.019884270000000015e+01 -2.995318639999999988e+01 -2.970765719999999988e+01 -2.946225420000000028e+01 -2.921697640000000007e+01 -2.897182300000000055e+01 -2.872679300000000069e+01 -2.848188550000000063e+01 -2.823709979999999931e+01 -2.799243480000000162e+01 -2.774788979999999938e+01 -2.750346389999999985e+01 -2.725915619999999961e+01 -2.701496589999999998e+01 -2.677089229999999986e+01 -2.652693439999999825e+01 -2.628309150000000116e+01 -2.603936270000000164e+01 -2.579574720000000099e+01 -2.555224430000000169e+01 -2.530885310000000032e+01 -2.506557280000000176e+01 -2.482240270000000137e+01 -2.457934189999999930e+01 -2.433638979999999918e+01 -2.409354540000000000e+01 -2.385080809999999829e+01 -2.360817700000000130e+01 -2.336565140000000085e+01 -2.312323049999999824e+01 -2.288091349999999835e+01 -2.263869970000000009e+01 -2.239658830000000123e+01 -2.215457849999999951e+01 -2.191266960000000097e+01 -2.167086079999999981e+01 -2.142915130000000090e+01 -2.118754039999999961e+01 -2.094602730000000079e+01 -2.070461129999999983e+01 -2.046329160000000158e+01 -2.022206740000000025e+01
-6.807230399999999904e+00 -6.569985029999999782e+00 -6.332794299999999765e+00 -6.095657540000000374e+00 -5.858574100000000229e+00 -5.621543349999999606e+00 -5.384564649999999730e+00 -5.147637340000000172e+00 -4.910760810000000198e+00 -4.673934410000000206e+00 -4.437157530000000349e+00 -4.200429530000000078e+00 -3.963749809999999929e+00 -3.727117740000000179e+00 -3.490532720000000033e+00 -3.253994130000000151e+00 -3.017501380000000122e+00 -2.781053860000000100e+00 -2.544650970000000179e+00 -2.308292129999999887e+00 -2.071976750000000145e+00 -1.835704240000000098e+00 -1.599474019999999941e+00 -1.363285520000000028e+00 -1.127138170000000050e+00 -8.910313859999999808e-01 -6.549646159999999995e-01 -4.189372969999999863e-01 -1.829488720000000124e-01 5.300121220000000161e-02 2.889135039999999877e-01 5.247885479999999658e-01 7.606268849999999748e-01 9.964290529999999535e-01 1.232195579999999957e+00 1.467927009999999921e+00 1.703623850000000051e+00 1.939286639999999950e+00 2.174915879999999913e+00 2.410512100000000046e+00 2.646075789999999817e+00 2.881607479999999999e+00 3.117107659999999836e+00 3.352576839999999780e+00 3.588015500000000024e+00 3.823424140000000193e+00 4.058803250000000418e+00 4.294153309999999557e+00 4.529474809999999962e+00 4.764768219999999666e+00
-3.203110579999999885e+01 -3.178427089999999922e+01 -3.153757170000000087e+01 -3.129100710000000163e+01 -3.104457599999999928e+01 -3.079827739999999991e+01 -3.055211020000000133e+01 -3.030607330000000132e+01 -3.008086159999999865e+01 -2.983507170000000031e+01 -2.958940929999999980e+01 -2.934387339999999966e+01 -2.909846299999999886e+01 -2.885317729999999870e+01 -2.860801520000000053e+01 -2.836297599999999974e+01 -2.811805860000000123e+01 -2.787326230000000038e+01 -2.762858609999999970e+01 -2.738402909999999935e+01 -2.713959059999999823e+01 -2.689526959999999889e+01 -2.665106540000000024e+01 -2.640697700000000125e+01 -2.616300359999999969e+01 -2.591914459999999920e+01 -2.567539890000000113e+01 -2.543176580000000087e+01 -2.518824449999999970e+01 -2.494483430000000013e+01 -2.470153420000000111e+01 -2.445834359999999919e+01 -2.421526150000000044e+01 -2.397228739999999902e+01 -2.372942030000000102e+01 -2.348665949999999825e+01 -2.324400419999999912e+01 -2.300145360000000139e+01 -2.275900700000000043e+01 -2.251666369999999873e+01 -2.227442269999999880e+01 -2.203228349999999836e+01 -2.179024509999999992e+01 -2.154830690000000004e+01 -2.130646810000000002e+01 -2.106472799999999879e+01 -2.082308570000000003e+01 -2.058154049999999913e+01 -2.034009169999999855e+01 -2.009873849999999962e+01
-6.668845390000000428e+00 -6.431459059999999894e+00 -6.194127820000000284e+00 -5.956851020000000219e+00 -5.719628020000000035e+00 -5.482458170000000131e+00 -5.245340829999999954e+00 -5.008275369999999782e+00 -4.771261149999999951e+00 -4.534297539999999849e+00 -4.297383909999999752e+00 -4.060519649999999814e+00 -3.823704129999999868e+00 -3.586936740000000068e+00 -3.350216870000000124e+00 -3.113543899999999809e+00 -2.876917240000000042e+00 -2.640336280000000091e+00 -2.403800439999999927e+00 -2.167309100000000210e+00 -1.930861689999999964e+00 -1.694457620000000109e+00 -1.458096300000000012e+00 -1.221777169999999968e+00 -9.854996390000000384e-01 -7.492631459999999910e-01 -5.130671209999999594e-01 -2.769110009999999900e-01 -4.079422919999999703e-02 1.952837510000000054e-01 4.313234910000000033e-01 6.673255369999999687e-01 9.032904349999999472e-01 1.139218719999999907e+00 1.375110939999999893e+00 1.610967610000000105e+00 1.846789269999999927e+00 2.082576449999999912e+00 2.318329659999999848e+00 2.554049420000000126e+00 2.789736249999999806e+00 3.025390659999999787e+00 3.261013140000000199e+00 3.496604220000000041e+00 3.732164379999999948e+00 3.967694119999999991e+00 4.203193930000000300e+00 4.438664310000000057e+00 4.674105729999999959e+00 4.909518689999999630e+00
-3.189879489999999862e+01 -3.165180270000000107e+01 -3.140494699999999995e+01 -3.115822670000000016e+01 -3.091164069999999953e+01 -3.066518780000000177e+01 -3.041886699999999877e+01 -3.017267719999999898e+01 -2.992661730000000020e+01 -2.970138430000000085e+01 -2.945557039999999915e+01 -2.920988350000000011e+01 -2.896432250000000153e+01 -2.871888660000000115e+01 -2.847357480000000152e+01 -2.822838610000000159e+01 -2.798331969999999913e+01 -2.773837449999999905e+01 -2.749354980000000026e+01 -2.724884450000000058e+01 -2.700425789999999893e+01 -2.675978909999999900e+01 -2.651543709999999976e+01 -2.627120130000000131e+01 -2.602708060000000145e+01 -2.578307429999999911e+01 -2.553918150000000153e+01 -2.529540150000000054e+01 -2.505173339999999982e+01 -2.480817640000000068e+01 -2.456472970000000089e+01 -2.432139250000000175e+01 -2.407816400000000101e+01 -2.383504350000000116e+01 -2.359203000000000117e+01 -2.334912290000000112e+01 -2.310632139999999879e+01 -2.286362469999999902e+01 -2.262103199999999958e+01 -2.237854259999999940e+01 -2.213615559999999860e+01 -2.189387040000000084e+01 -2.165168620000000033e+01 -2.140960219999999836e+01 -2.116761759999999981e+01 -2.092573170000000005e+01 -2.068394370000000038e+01 -2.044225300000000090e+01 -2.020065860000000058e+01 -1.995916000000000068e+01
-6.515516110000000083e+00 -6.277972140000000145e+00 -6.040483769999999808e+00 -5.803050329999999590e+00 -5.565671189999999768e+00 -5.328345699999999852e+00 -5.091073230000000116e+00 -4.853853140000000010e+00 -4.616684799999999811e+00 -4.379567579999999793e+00 -4.142500850000000234e+00 -3.905483999999999956e+00 -3.668516410000000061e+00 -3.431597459999999877e+00 -3.194726530000000064e+00 -2.957903040000000150e+00 -2.721126350000000027e+00 -2.484395890000000051e+00 -2.247711049999999933e+00 -2.011071240000000149e+00 -1.774475859999999905e+00 -1.537924340000000001e+00 -1.301416080000000086e+00 -1.064950520000000012e+00 -8.285270660000000342e-01 -5.921451589999999765e-01 -3.558042269999999729e-01 -1.195037060000000012e-01 1.167569650000000042e-01 3.529783430000000277e-01 5.891609799999999453e-01 8.253054279999999521e-01 1.061412229999999957e+00 1.297481930000000006e+00 1.533515069999999980e+00 1.769512179999999990e+00 2.005473789999999923e+00 2.241400440000000049e+00 2.477292639999999935e+00 2.713150919999999910e+00 2.948975789999999986e+00 3.184767770000000109e+00 3.420527359999999906e+00 3.656255080000000213e+00 3.891951419999999828e+00 4.127616889999999650e+00 4.363251980000000252e+00 4.598857190000000372e+00 4.834432999999999758e+00 5.069979899999999873e+00
-3.175110779999999977e+01 -3.150393809999999917e+01 -3.125690600000000074e+01 -3.101001049999999992e+01 -3.076325020000000166e+01 -3.051662400000000019e+01 -3.027013080000000045e+01 -3.002376939999999905e+01 -2.977753870000000092e+01 -2.953143760000000029e+01 -2.930615690000000129e+01 -2.906030099999999905e+01 -2.881457160000000073e+01 -2.856896790000000053e+01 -2.832348869999999863e+01 -2.807813319999999990e+01 -2.783290029999999859e+01 -2.758778909999999840e+01 -2.734279869999999946e+01 -2.709792819999999836e+01 -2.685317660000000117e+01 -2.660854309999999856e+01 -2.636402670000000015e+01 -2.611962660000000014e+01 -2.587534199999999984e+01 -2.563117199999999940e+01 -2.538711560000000134e+01 -2.514317219999999864e+01 -2.489934089999999856e+01 -2.465562070000000006e+01 -2.441201099999999968e+01 -2.416851090000000113e+01 -2.392511969999999977e+01 -2.368183640000000167e+01 -2.343866029999999867e+01 -2.319559070000000034e+01 -2.295262669999999972e+01 -2.270976759999999928e+01 -2.246701260000000033e+01 -2.222436079999999947e+01 -2.198181170000000151e+01 -2.173936429999999831e+01 -2.149701789999999946e+01 -2.125477180000000033e+01 -2.101262510000000105e+01 -2.077057720000000174e+01 -2.052862730000000013e+01 -2.028677469999999872e+01 -2.004501850000000118e+01 -1.980335810000000052e+01
