1.063186400000000020e+01 1.088308029999999960e+01 1.113427659999999975e+01 1.138545359999999995e+01 1.163661160000000017e+01 1.188775120000000030e+01 1.213887279999999969e+01 1.238997690000000063e+01 1.264106409999999947e+01 1.289213469999999973e+01 1.314318929999999952e+01 1.339422829999999998e+01 1.364525229999999922e+01 1.389626160000000077e+01 1.414725669999999980e+01 1.439823819999999976e+01 1.464920629999999946e+01 1.490016169999999995e+01 1.515110469999999943e+01 1.540203589999999956e+01 1.565295560000000030e+01 1.590386419999999923e+01 1.615476230000000157e+01 1.640565030000000135e+01 1.665652860000000146e+01 1.690739770000000064e+01 1.715825789999999884e+01 1.740910979999999952e+01 1.765995360000000147e+01 1.791078999999999866e+01 1.816161920000000052e+01 1.841244169999999869e+01 1.866325799999999902e+01 1.891406840000000145e+01 1.916487340000000117e+01 1.941567330000000169e+01 1.966646869999999936e+01 1.991725980000000007e+01 2.016804709999999901e+01 2.041883109999999846e+01 2.066961200000000076e+01 2.092039039999999872e+01 2.117116670000000056e+01 2.142194110000000151e+01 2.167271420000000148e+01 2.192348630000000043e+01 2.217425779999999946e+01 2.242502909999999972e+01 2.267580059999999875e+01 2.292657279999999886e+01
-1.011761699999999919e+01 -9.862784819999999897e+00 -9.608027229999999363e+00 -9.353343419999999853e+00 -9.098732560000000191e+00 -8.844193799999999328e+00 -8.589726329999999521e+00 -8.335329319999999598e+00 -8.081001940000000161e+00 -7.826743399999999795e+00 -7.572552860000000052e+00 -7.318429509999999638e+00 -7.064372559999999801e+00 -6.810381200000000135e+00 -6.556454620000000233e+00 -6.302592040000000395e+00 -6.048792650000000215e+00 -5.795055679999999931e+00 -5.541380329999999965e+00 -5.287765829999999667e+00 -5.034211400000000225e+00 -4.780716260000000162e+00 -4.527279659999999595e+00 -4.273900819999999712e+00 -4.020578989999999742e+00 -3.767313399999999923e+00 -3.514103309999999869e+00 -3.260947980000000079e+00 -3.007846659999999783e+00 -2.754798599999999986e+00 -2.501803090000000118e+00 -2.248859389999999792e+00 -1.995966769999999890e+00 -1.743124520000000066e+00 -1.490331910000000093e+00 -1.237588249999999945e+00 -9.848928219999999456e-01 -7.322449269999999899e-01 -4.796438679999999732e-01 -2.270889530000000101e-01 2.542050400000000002e-02 2.778851860000000062e-01 5.303057709999999814e-01 7.826829330000000251e-01 1.035017340000000008e+00 1.287309650000000083e+00 1.539560529999999927e+00 1.791770630000000031e+00 2.043940599999999996e+00 2.296071089999999870e+00
1.046598030000000001e+01 1.071706329999999951e+01 1.096812669999999912e+01 1.121917110000000051e+01 1.147019700000000064e+01 1.172120469999999948e+01 1.197219480000000047e+01 1.222316780000000058e+01 1.247412420000000033e+01 1.272506440000000083e+01 1.297598879999999966e+01 1.322689809999999966e+01 1.347779249999999962e+01 1.372867259999999945e+01 1.397953889999999966e+01 1.423039170000000020e+01 1.448123159999999920e+01 1.473205899999999957e+01 1.498287440000000004e+01 1.523367810000000055e+01 1.548447069999999925e+01 1.573525260000000081e+01 1.598602409999999985e+01 1.623678579999999982e+01 1.648753809999999831e+01 1.673828140000000175e+01 1.698901610000000062e+01 1.723974270000000075e+01 1.749046159999999972e+01 1.774117310000000103e+01 1.799187789999999865e+01 1.824257610000000085e+01 1.849326830000000044e+01 1.874395489999999853e+01 1.899463629999999981e+01 1.924531289999999828e+01 1.949598509999999862e+01 1.974665329999999841e+01 1.999731789999999876e+01 2.024797930000000079e+01 2.049863799999999969e+01 2.074929429999999897e+01 2.099994859999999974e+01 2.125060129999999958e+01 2.150125279999999961e+01 2.175190359999999856e+01 2.200255389999999878e+01 2.225320430000000016e+01 2.250385500000000150e+01 2.275450650000000152e+01
-1.027921349999999912e+01 -1.002454709999999949e+01 -9.769954829999999646e+00 -9.515435899999999947e+00 -9.260989479999999219e+00 -9.006614709999999135e+00 -8.752310760000000300e+00 -8.498076799999999764e+00 -8.243911999999999907e+00 -7.989815530000000443e+00 -7.735786580000000079e+00 -7.481824330000000245e+00 -7.227927959999999707e+00 -6.974096669999999776e+00 -6.720329650000000044e+00 -6.466626090000000104e+00 -6.212985210000000258e+00 -5.959406200000000098e+00 -5.705888279999999924e+00 -5.452430670000000035e+00 -5.199032589999999843e+00 -4.945693249999999708e+00 -4.692411889999999808e+00 -4.439187740000000382e+00 -4.186020049999999770e+00 -3.932908040000000049e+00 -3.679850979999999883e+00 -3.426848099999999953e+00 -3.173898680000000194e+00 -2.921001969999999837e+00 -2.668157229999999824e+00 -2.415363740000000092e+00 -2.162620770000000192e+00 -1.909927609999999998e+00 -1.657283540000000110e+00 -1.404687849999999960e+00 -1.152139830000000087e+00 -8.996387930000000477e-01 -6.471840359999999626e-01 -3.947748710000000272e-01 -1.424106139999999909e-01 1.099094159999999959e-01 3.621858929999999810e-01 6.144194880000000136e-01 8.666108649999999525e-01 1.118760680000000063e+00 1.370869600000000021e+00 1.622938269999999905e+00 1.874967330000000043e+00 2.126957420000000099e+00
1.031511530000000043e+01 1.056607909999999961e+01 1.081702370000000002e+01 1.106794960000000039e+01 1.131885710000000067e+01 1.156974690000000017e+01 1.182061930000000061e+01 1.207147490000000012e+01 1.232231409999999983e+01 1.257313730000000085e+01 1.282394520000000071e+01 1.307473799999999997e+01 1.332551630000000031e+01 1.357628049999999931e+01 1.382703109999999924e+01 1.407776860000000063e+01 1.432849329999999988e+01 1.457920580000000044e+01 1.482990640000000049e+01 1.508059560000000054e+01 1.533127389999999934e+01 1.558194169999999978e+01 1.583259939999999943e+01 1.608324740000000119e+01 1.633388619999999847e+01 1.658451619999999949e+01 1.683513789999999943e+01 1.708575159999999826e+01 1.733635779999999826e+01 1.758695679999999939e+01 1.783754920000000155e+01 1.808813530000000114e+01 1.833871560000000045e+01 1.858929039999999944e+01 1.883986009999999922e+01 1.909042519999999854e+01 1.934098609999999852e+01 1.959154320000000027e+01 1.984209680000000020e+01 2.009264750000000177e+01 2.034319539999999904e+01 2.059374120000000019e+01 2.084428520000000162e+01 2.109482769999999974e+01 2.134536909999999921e+01 2.159590999999999994e+01 2.184645049999999955e+01 2.209699120000000150e+01 2.234753239999999863e+01 2.259807449999999918e+01
-1.042383240000000022e+01 -1.016931330000000067e+01 -9.914868059999999872e+00 -9.660495700000000241e+00 -9.406195390000000600e+00 -9.151966290000000726e+00 -8.897807560000000393e+00 -8.643718359999999379e+00 -8.389697860000000063e+00 -8.135745220000000444e+00 -7.881859630000000116e+00 -7.628040249999999745e+00 -7.374286269999999810e+00 -7.120596889999999846e+00 -6.866971279999999567e+00 -6.613408640000000283e+00 -6.359908179999999689e+00 -6.106469090000000044e+00 -5.853090599999999810e+00 -5.599771900000000358e+00 -5.346512220000000148e+00 -5.093310780000000371e+00 -4.840166810000000375e+00 -4.587079540000000399e+00 -4.334048209999999735e+00 -4.081072060000000334e+00 -3.828150340000000096e+00 -3.575282300000000024e+00 -3.322467189999999793e+00 -3.069704289999999780e+00 -2.816992850000000104e+00 -2.564332149999999810e+00 -2.311721459999999784e+00 -2.059160069999999898e+00 -1.806647270000000027e+00 -1.554182350000000046e+00 -1.301764609999999989e+00 -1.049393339999999952e+00 -7.970678639999999593e-01 -5.447874870000000147e-01 -2.925515300000000041e-01 -4.035931670000000165e-02 2.117898249999999871e-01 4.638965620000000123e-01 7.159615539999999445e-01 9.679854580000000208e-01 1.219968919999999901e+00 1.471912600000000015e+00 1.723817120000000092e+00 1.975683129999999954e+00
1.018053440000000087e+01 1.043139290000000052e+01 1.068223249999999958e+01 1.093305349999999976e+01 1.118385649999999920e+01 1.143464190000000080e+01 1.168541019999999975e+01 1.193616190000000010e+01 1.218689739999999944e+01 1.243761720000000004e+01 1.268832169999999948e+01 1.293901140000000005e+01 1.318968680000000049e+01 1.344034839999999953e+01 1.369099650000000068e+01 1.394163159999999912e+01 1.419225420000000071e+01 1.444286460000000005e+01 1.469346350000000001e+01 1.494405099999999997e+01 1.519462790000000041e+01 1.544519430000000071e+01 1.569575080000000078e+01 1.594629789999999936e+01 1.619683589999999995e+01 1.644736520000000013e+01 1.669788630000000040e+01 1.694839959999999834e+01 1.719890549999999863e+01 1.744940449999999998e+01 1.769989689999999882e+01 1.795038309999999981e+01 1.820086360000000170e+01 1.845133889999999965e+01 1.870180919999999958e+01 1.895227489999999904e+01 1.920273660000000149e+01 1.945319459999999978e+01 1.970364929999999859e+01 1.995410109999999904e+01 2.020455030000000107e+01 2.045499750000000105e+01 2.070544299999999893e+01 2.095588710000000177e+01 2.120633030000000119e+01 2.145677299999999832e+01 2.170721550000000022e+01 2.195765829999999852e+01 2.220810170000000028e+01 2.245854609999999951e+01
-1.055106080000000013e+01 -1.029667069999999995e+01 -1.004235390000000017e+01 -9.788109710000000518e+00 -9.533937119999999155e+00 -9.279835329999999161e+00 -9.025803489999999485e+00 -8.771840750000000853e+00 -8.517946289999999365e+00 -8.264119259999999301e+00 -8.010358840000000313e+00 -7.756664200000000342e+00 -7.503034519999999929e+00 -7.249468989999999557e+00 -6.995966789999999769e+00 -6.742527120000000096e+00 -6.489149180000000072e+00 -6.235832160000000179e+00 -5.982575279999999829e+00 -5.729377750000000269e+00 -5.476238790000000023e+00 -5.223157610000000339e+00 -4.970133449999999620e+00 -4.717165539999999879e+00 -4.464253120000000408e+00 -4.211395419999999667e+00 -3.958591699999999935e+00 -3.705841209999999997e+00 -3.453143209999999907e+00 -3.200496960000000168e+00 -2.947901729999999887e+00 -2.695356789999999947e+00 -2.442861429999999778e+00 -2.190414930000000204e+00 -1.938016570000000049e+00 -1.685665659999999955e+00 -1.433361490000000016e+00 -1.181103379999999925e+00 -9.288906239999999981e-01 -6.767225479999999793e-01 -4.245984729999999763e-01 -1.725177250000000106e-01 7.952036260000000523e-02 3.315164529999999887e-01 5.834712029999999938e-01 8.353852640000000163e-01 1.087259280000000050e+00 1.339093899999999948e+00 1.590889760000000042e+00 1.842647479999999893e+00
1.006235290000000049e+01 1.031311980000000084e+01 1.056386789999999998e+01 1.081459770000000020e+01 1.106530960000000086e+01 1.131600410000000068e+01 1.156668160000000078e+01 1.181734269999999931e+01 1.206798779999999915e+01 1.231861729999999966e+01 1.256923169999999956e+01 1.281983149999999938e+01 1.307041710000000023e+01 1.332098889999999969e+01 1.357154749999999943e+01 1.382209319999999941e+01 1.407262650000000015e+01 1.432314779999999921e+01 1.457365760000000066e+01 1.482415630000000029e+01 1.507464440000000039e+01 1.532512219999999914e+01 1.557559020000000061e+01 1.582604880000000058e+01 1.607649839999999841e+01 1.632693959999999933e+01 1.657737260000000035e+01 1.682779790000000020e+01 1.707821590000000000e+01 1.732862700000000089e+01 1.757903170000000159e+01 1.782943039999999968e+01 1.807982339999999866e+01 1.833021120000000082e+01 1.858059420000000017e+01 1.883097270000000023e+01 1.908134730000000090e+01 1.933171820000000096e+01 1.958208589999999916e+01 1.983245080000000016e+01 2.008281330000000153e+01 2.033317380000000085e+01 2.058353260000000162e+01 2.083389019999999903e+01 2.108424700000000129e+01 2.133460330000000127e+01 2.158495950000000008e+01 2.183531610000000001e+01 2.208567329999999984e+01 2.233603169999999949e+01
-1.066140060000000034e+01 -1.040712180000000053e+01 -1.015291599999999939e+01 -9.898782260000000832e+00 -9.644719820000000610e+00 -9.390727800000000514e+00 -9.136805340000000442e+00 -8.882951600000000170e+00 -8.629165739999999474e+00 -8.375446919999999906e+00 -8.121794319999999345e+00 -7.868207090000000292e+00 -7.614684429999999615e+00 -7.361225519999999634e+00 -7.107829540000000001e+00 -6.854495680000000313e+00 -6.601223140000000100e+00 -6.348011119999999785e+00 -6.094858839999999667e+00 -5.841765500000000166e+00 -5.588730319999999807e+00 -5.335752519999999777e+00 -5.082831330000000314e+00 -4.829965979999999881e+00 -4.577155720000000372e+00 -4.324399780000000248e+00 -4.071697419999999568e+00 -3.819047889999999779e+00 -3.566450450000000050e+00 -3.313904359999999993e+00 -3.061408899999999988e+00 -2.808963349999999970e+00 -2.556566969999999994e+00 -2.304219069999999814e+00 -2.051918929999999808e+00 -1.799665859999999951e+00 -1.547459149999999894e+00 -1.295298119999999997e+00 -1.043182080000000012e+00 -7.911103470000000470e-01 -5.390822520000000395e-01 -2.870971239999999813e-01 -3.515429999999999944e-02 2.167468790000000034e-01 4.686070660000000165e-01 7.204269079999999770e-01 9.722070480000000181e-01 1.223948119999999973e+00 1.475650759999999950e+00 1.727315600000000062e+00
9.960668489999999764e+00 1.021135720000000013e+01 1.046202730000000081e+01 1.071267920000000018e+01 1.096331329999999937e+01 1.121393010000000068e+01 1.146453009999999928e+01 1.171511379999999924e+01 1.196568150000000053e+01 1.221623390000000065e+01 1.246677120000000016e+01 1.271729400000000076e+01 1.296780279999999941e+01 1.321829789999999960e+01 1.346877980000000008e+01 1.371924890000000019e+01 1.396970570000000045e+01 1.422015069999999959e+01 1.447058419999999934e+01 1.472100670000000022e+01 1.497141859999999980e+01 1.522182029999999919e+01 1.547221230000000070e+01 1.572259500000000010e+01 1.597296889999999969e+01 1.622333420000000004e+01 1.647369159999999866e+01 1.672404119999999850e+01 1.697438370000000063e+01 1.722471940000000146e+01 1.747504869999999855e+01 1.772537200000000013e+01 1.797568970000000022e+01 1.822600230000000110e+01 1.847631009999999918e+01 1.872661360000000030e+01 1.897691310000000087e+01 1.922720899999999844e+01 1.947750179999999887e+01 1.972779189999999971e+01 1.997807960000000094e+01 2.022836530000000010e+01 2.047864949999999951e+01 2.072893240000000148e+01 2.097921459999999882e+01 2.122949639999999860e+01 2.147977819999999838e+01 2.173006039999999928e+01 2.198034330000000125e+01 2.223062739999999948e+01
-1.075474419999999931e+01 -1.050055919999999965e+01 -1.024644690000000047e+01 -9.992406289999999913e+00 -9.738436650000000583e+00 -9.484537089999999893e+00 -9.230706749999999516e+00 -8.976944780000000179e+00 -8.723250339999999881e+00 -8.469622599999999224e+00 -8.216060719999999762e+00 -7.962563870000000321e+00 -7.709131229999999668e+00 -7.455761980000000122e+00 -7.202455310000000388e+00 -6.949210400000000121e+00 -6.696026459999999680e+00 -6.442902690000000376e+00 -6.189838289999999965e+00 -5.936832479999999634e+00 -5.683884479999999684e+00 -5.430993499999999585e+00 -5.178158780000000405e+00 -4.925379549999999718e+00 -4.672655060000000304e+00 -4.419984529999999801e+00 -4.167367239999999917e+00 -3.914802429999999944e+00 -3.662289359999999938e+00 -3.409827309999999834e+00 -3.157415550000000071e+00 -2.905053339999999817e+00 -2.652739990000000159e+00 -2.400474780000000141e+00 -2.148257000000000083e+00 -1.896085959999999959e+00 -1.643960960000000027e+00 -1.391881319999999977e+00 -1.139846350000000008e+00 -8.878553829999999980e-01 -6.359077389999999719e-01 -3.840027569999999724e-01 -1.321397770000000138e-01 1.196818560000000031e-01 3.714627899999999872e-01 6.232036690000000156e-01 8.749051310000000026e-01 1.126567810000000058e+00 1.378192330000000076e+00 1.629779319999999920e+00
9.875558690000000084e+00 1.012618250000000053e+01 1.037678769999999950e+01 1.062737480000000012e+01 1.087794429999999934e+01 1.112849660000000007e+01 1.137903209999999987e+01 1.162955140000000043e+01 1.188005489999999931e+01 1.213054299999999941e+01 1.238101619999999947e+01 1.263147490000000062e+01 1.288191969999999920e+01 1.313235079999999932e+01 1.338276879999999913e+01 1.363317419999999913e+01 1.388356719999999989e+01 1.413394850000000069e+01 1.438431830000000033e+01 1.463467720000000050e+01 1.488502560000000052e+01 1.513536389999999976e+01 1.538569249999999933e+01 1.563601180000000035e+01 1.588632229999999979e+01 1.613662430000000114e+01 1.638691839999999900e+01 1.663720490000000041e+01 1.688748419999999939e+01 1.713775679999999824e+01 1.738802300000000045e+01 1.763828320000000005e+01 1.788853789999999933e+01 1.813878749999999940e+01 1.838903240000000139e+01 1.863927299999999931e+01 1.888950960000000023e+01 1.913974280000000050e+01 1.938997279999999890e+01 1.964020010000000127e+01 1.989042500000000047e+01 2.014064809999999994e+01 2.039086959999999848e+01 2.064108990000000077e+01 2.089130959999999959e+01 2.114152879999999968e+01 2.139174810000000093e+01 2.164196779999999976e+01 2.189218839999999844e+01 2.214241009999999932e+01
-1.083100589999999919e+01 -1.057689730000000061e+01 -1.032286120000000018e+01 -1.006889649999999925e+01 -9.815002460000000539e+00 -9.561178220000000394e+00 -9.307422900000000610e+00 -9.053735659999999186e+00 -8.800115659999999451e+00 -8.546562059999999406e+00 -8.293074020000000601e+00 -8.039650710000000089e+00 -7.786291310000000188e+00 -7.532994999999999663e+00 -7.279760969999999887e+00 -7.026588399999999623e+00 -6.773476500000000122e+00 -6.520424470000000028e+00 -6.267431509999999761e+00 -6.014496839999999622e+00 -5.761619679999999910e+00 -5.508799250000000036e+00 -5.256034770000000300e+00 -5.003325499999999870e+00 -4.750670659999999934e+00 -4.498069499999999721e+00 -4.245521290000000114e+00 -3.993025260000000021e+00 -3.740580700000000203e+00 -3.488186859999999889e+00 -3.235843029999999843e+00 -2.983548480000000058e+00 -2.731302499999999966e+00 -2.479104389999999825e+00 -2.226953439999999951e+00 -1.974848960000000098e+00 -1.722790260000000018e+00 -1.470776639999999968e+00 -1.218807439999999964e+00 -9.668819859999999711e-01 -7.149996020000000119e-01 -4.631596290000000171e-01 -2.113614119999999985e-01 4.039570089999999780e-02 2.921123540000000185e-01 5.437891879999999789e-01 7.954268349999999987e-01 1.047025929999999994e+00 1.298587079999999894e+00 1.550110929999999998e+00
9.807087299999999175e+00 1.005765929999999919e+01 1.030821279999999973e+01 1.055874820000000014e+01 1.080926599999999915e+01 1.105976680000000023e+01 1.131025080000000038e+01 1.156071859999999951e+01 1.181117069999999991e+01 1.206160749999999915e+01 1.231202940000000012e+01 1.256243689999999980e+01 1.281283039999999929e+01 1.306321040000000089e+01 1.331357730000000039e+01 1.356393150000000070e+01 1.381427350000000054e+01 1.406460380000000043e+01 1.431492259999999916e+01 1.456523059999999958e+01 1.481552800000000047e+01 1.506581539999999997e+01 1.531609309999999979e+01 1.556636160000000046e+01 1.581662129999999955e+01 1.606687259999999995e+01 1.631711590000000101e+01 1.656735159999999851e+01 1.681758019999999831e+01 1.706780210000000153e+01 1.731801760000000101e+01 1.756822719999999904e+01 1.781843130000000031e+01 1.806863029999999881e+01 1.831882459999999924e+01 1.856901450000000153e+01 1.881920059999999850e+01 1.906938320000000076e+01 1.931956269999999876e+01 1.956973950000000073e+01 1.981991400000000070e+01 2.007008659999999978e+01 2.032025769999999909e+01 2.057042759999999859e+01 2.082059680000000057e+01 2.107076569999999904e+01 2.132093469999999868e+01 2.157110409999999945e+01 2.182127429999999890e+01 2.207144579999999934e+01
-1.089011819999999986e+01 -1.063606900000000088e+01 -1.038209190000000071e+01 -1.012818599999999947e+01 -9.874350630000000351e+00 -9.620584759999999847e+00 -9.366887580000000213e+00 -9.113258240000000399e+00 -8.859695900000000179e+00 -8.606199719999999331e+00 -8.352768859999999407e+00 -8.099402500000000060e+00 -7.846099800000000180e+00 -7.592859960000000186e+00 -7.339682149999999794e+00 -7.086565560000000374e+00 -6.833509409999999562e+00 -6.580512879999999676e+00 -6.327575180000000188e+00 -6.074695539999999561e+00 -5.821873159999999991e+00 -5.569107279999999882e+00 -5.316397120000000420e+00 -5.063741929999999947e+00 -4.811140939999999588e+00 -4.558593400000000351e+00 -4.306098569999999626e+00 -4.053655700000000195e+00 -3.801264070000000217e+00 -3.548922940000000192e+00 -3.296631590000000056e+00 -3.044389310000000126e+00 -2.792195379999999894e+00 -2.540049090000000120e+00 -2.287949760000000055e+00 -2.035896680000000014e+00 -1.783889169999999913e+00 -1.531926550000000109e+00 -1.280008140000000072e+00 -1.028133270000000099e+00 -7.763012750000000128e-01 -5.245114969999999932e-01 -2.727632830000000230e-01 -2.105598499999999929e-02 2.306110389999999899e-01 4.822384250000000261e-01 7.338268049999999709e-01 9.853768029999999678e-01 1.236889040000000106e+00 1.488364129999999896e+00
9.755309079999999966e+00 1.000584220000000002e+01 1.025635690000000011e+01 1.050685359999999946e+01 1.075733269999999919e+01 1.100779479999999921e+01 1.125824019999999948e+01 1.150866940000000049e+01 1.175908289999999923e+01 1.200948119999999975e+01 1.225986460000000022e+01 1.251023359999999940e+01 1.276058860000000017e+01 1.301093020000000067e+01 1.326125870000000084e+01 1.351157450000000004e+01 1.376187819999999995e+01 1.401217010000000052e+01 1.426245059999999931e+01 1.451272020000000040e+01 1.476297940000000075e+01 1.501322850000000031e+01 1.526346790000000020e+01 1.551369809999999916e+01 1.576391959999999948e+01 1.601413259999999994e+01 1.626433769999999868e+01 1.651453520000000097e+01 1.676472559999999845e+01 1.701490920000000173e+01 1.726508649999999889e+01 1.751525799999999933e+01 1.776542389999999827e+01 1.801558470000000156e+01 1.826574079999999967e+01 1.851589269999999843e+01 1.876604060000000018e+01 1.901618510000000128e+01 1.926632640000000052e+01 1.951646510000000134e+01 1.976660150000000016e+01 2.001673600000000164e+01 2.026686889999999863e+01 2.051700080000000170e+01 2.076713200000000015e+01 2.101726280000000102e+01 2.126739369999999951e+01 2.151752510000000029e+01 2.176765729999999976e+01 2.201779069999999905e+01
-1.093203139999999962e+01 -1.067802449999999936e+01 -1.042408949999999912e+01 -1.017022560000000020e+01 -9.916432009999999408e+00 -9.662707749999999152e+00 -9.409052000000000859e+00 -9.155463929999999806e+00 -8.901942670000000390e+00 -8.648487400000000491e+00 -8.395097279999999884e+00 -8.141771470000000122e+00 -7.888509149999999970e+00 -7.635309509999999911e+00 -7.382171729999999599e+00 -7.129095000000000404e+00 -6.876078520000000083e+00 -6.623121499999999884e+00 -6.370223130000000289e+00 -6.117382639999999761e+00 -5.864599240000000435e+00 -5.611872169999999826e+00 -5.359200650000000010e+00 -5.106583920000000276e+00 -4.854021229999999854e+00 -4.601511819999999808e+00 -4.349054950000000197e+00 -4.096649880000000188e+00 -3.844295880000000221e+00 -3.591992219999999847e+00 -3.339738179999999890e+00 -3.087533039999999840e+00 -2.835376099999999955e+00 -2.583266650000000109e+00 -2.331204000000000054e+00 -2.079187450000000048e+00 -1.827216320000000005e+00 -1.575289919999999899e+00 -1.323407599999999906e+00 -1.071568660000000062e+00 -8.197724659999999774e-01 -5.680183460000000073e-01 -3.163056519999999927e-01 -6.463373990000000069e-02 1.869980310000000090e-01 4.385902939999999917e-01 6.901436770000000109e-01 9.416588049999999877e-01 1.193136299999999927e+00 1.444576759999999904e+00
9.720267420000000769e+00 9.970774640000000133e+00 1.022126339999999978e+01 1.047173420000000021e+01 1.072218750000000043e+01 1.097262369999999976e+01 1.122304319999999933e+01 1.147344670000000022e+01 1.172383439999999943e+01 1.197420679999999926e+01 1.222456440000000022e+01 1.247490769999999927e+01 1.272523699999999991e+01 1.297555290000000028e+01 1.322585559999999916e+01 1.347614579999999940e+01 1.372642369999999978e+01 1.397668990000000022e+01 1.422694480000000006e+01 1.447718869999999924e+01 1.472742219999999946e+01 1.497764560000000067e+01 1.522785939999999982e+01 1.547806390000000043e+01 1.572825970000000062e+01 1.597844710000000035e+01 1.622862650000000073e+01 1.647879839999999874e+01 1.672896310000000142e+01 1.697912110000000041e+01 1.722927280000000039e+01 1.747941859999999892e+01 1.772955879999999951e+01 1.797969399999999851e+01 1.822982449999999943e+01 1.847995069999999984e+01 1.873007300000000086e+01 1.898019180000000006e+01 1.923030759999999972e+01 1.948042059999999864e+01 1.973053140000000027e+01 1.998064019999999985e+01 2.023074760000000083e+01 2.048085389999999961e+01 2.073095939999999970e+01 2.098106470000000101e+01 2.123116999999999877e+01 2.148127570000000119e+01 2.173138229999999993e+01 2.198149019999999965e+01
-1.095671609999999951e+01 -1.070273459999999943e+01 -1.044882489999999997e+01 -1.019498630000000006e+01 -9.941217710000000096e+00 -9.687518430000000791e+00 -9.433887560000000505e+00 -9.180324260000000791e+00 -8.926827660000000719e+00 -8.673396939999999944e+00 -8.420031260000000017e+00 -8.166729789999999767e+00 -7.913491699999999796e+00 -7.660316179999999697e+00 -7.407202410000000015e+00 -7.154149580000000341e+00 -6.901156890000000210e+00 -6.648223549999999982e+00 -6.395348770000000016e+00 -6.142531749999999846e+00 -5.889771719999999711e+00 -5.637067899999999909e+00 -5.384419539999999671e+00 -5.131825860000000183e+00 -4.879286109999999788e+00 -4.626799550000000316e+00 -4.374365420000000171e+00 -4.121982990000000235e+00 -3.869651520000000122e+00 -3.617370300000000150e+00 -3.365138599999999869e+00 -3.112955710000000042e+00 -2.860820920000000100e+00 -2.608733519999999917e+00 -2.356692830000000072e+00 -2.104698149999999934e+00 -1.852748789999999923e+00 -1.600844079999999892e+00 -1.348983349999999914e+00 -1.097165930000000067e+00 -8.453911499999999801e-01 -5.936583669999999646e-01 -3.419669280000000033e-01 -9.031618780000000291e-02 1.612944910000000120e-01 4.128657399999999811e-01 6.643981879999999451e-01 9.158924560000000215e-01 1.167349160000000108e+00 1.418768910000000050e+00
9.701986910000000464e+00 9.952481020000000456e+00 1.020295669999999966e+01 1.045341439999999977e+01 1.070385459999999966e+01 1.095427770000000045e+01 1.120468420000000087e+01 1.145507459999999966e+01 1.170544929999999972e+01 1.195580870000000040e+01 1.220615330000000043e+01 1.245648349999999915e+01 1.270679980000000064e+01 1.295710260000000069e+01 1.320739230000000042e+01 1.345766949999999973e+01 1.370793439999999919e+01 1.395818760000000047e+01 1.420842939999999999e+01 1.445866039999999941e+01 1.470888079999999931e+01 1.495909119999999959e+01 1.520929199999999959e+01 1.545948349999999927e+01 1.570966630000000031e+01 1.595984059999999971e+01 1.621000700000000094e+01 1.646016589999999979e+01 1.671031759999999977e+01 1.696046259999999961e+01 1.721060119999999927e+01 1.746073399999999864e+01 1.771086120000000008e+01 1.796098339999999993e+01 1.821110090000000170e+01 1.846121399999999824e+01 1.871132330000000010e+01 1.896142910000000015e+01 1.921153179999999949e+01 1.946163179999999926e+01 1.971172950000000057e+01 1.996182530000000099e+01 2.021191969999999927e+01 2.046201290000000128e+01 2.071210539999999867e+01 2.096219759999999965e+01 2.121228989999999825e+01 2.146238260000000153e+01 2.171247620000000111e+01 2.196257100000000051e+01
-1.096415660000000081e+01 -1.071018369999999997e+01 -1.045628259999999976e+01 -1.020245249999999970e+01 -9.948692469999999233e+00 -9.695001660000000854e+00 -9.441379219999999961e+00 -9.187824300000000832e+00 -8.934336050000000640e+00 -8.680913639999999987e+00 -8.427556230000000426e+00 -8.174262979999999956e+00 -7.921033089999999888e+00 -7.667865719999999996e+00 -7.414760059999999875e+00 -7.161715300000000006e+00 -6.908730649999999862e+00 -6.655805309999999864e+00 -6.402938469999999604e+00 -6.150129370000000151e+00 -5.897377230000000026e+00 -5.644681249999999650e+00 -5.392040689999999969e+00 -5.139454780000000333e+00 -4.886922760000000032e+00 -4.634443890000000010e+00 -4.382017420000000385e+00 -4.129642610000000325e+00 -3.877318729999999825e+00 -3.625045050000000213e+00 -3.372820869999999971e+00 -3.120645450000000043e+00 -2.868518100000000182e+00 -2.616438120000000200e+00 -2.364404799999999973e+00 -2.112417450000000141e+00 -1.860475410000000052e+00 -1.608577970000000024e+00 -1.356724489999999950e+00 -1.104914270000000087e+00 -8.531466810000000178e-01 -6.014210490000000409e-01 -3.497367310000000229e-01 -9.809308320000000025e-02 1.535105330000000046e-01 4.050747479999999845e-01 6.566001889999999452e-01 9.080874780000000035e-01 1.159537229999999974e+00 1.410950050000000067e+00
9.700496469999999150e+00 9.950990279999999188e+00 1.020146560000000058e+01 1.045192300000000074e+01 1.070236290000000068e+01 1.095278569999999974e+01 1.120319190000000020e+01 1.145358189999999965e+01 1.170395629999999976e+01 1.195431540000000048e+01 1.220465959999999939e+01 1.245498949999999994e+01 1.270530549999999970e+01 1.295560790000000040e+01 1.320589730000000017e+01 1.345617410000000014e+01 1.370643869999999964e+01 1.395669149999999981e+01 1.420693299999999937e+01 1.445716350000000006e+01 1.470738360000000000e+01 1.495759370000000033e+01 1.520779409999999920e+01 1.545798519999999954e+01 1.570816759999999945e+01 1.595834160000000068e+01 1.620850760000000079e+01 1.645866609999999852e+01 1.670881740000000093e+01 1.695896199999999965e+01 1.720910029999999935e+01 1.745923270000000116e+01 1.770935950000000147e+01 1.795948130000000020e+01 1.820959829999999968e+01 1.845971109999999982e+01 1.870982000000000056e+01 1.895992529999999832e+01 1.921002760000000009e+01 1.946012719999999874e+01 1.971022449999999893e+01 1.996031989999999823e+01 2.021041380000000132e+01 2.046050659999999866e+01 2.071059869999999847e+01 2.096069049999999834e+01 2.121078230000000175e+01 2.146087460000000036e+01 2.171096779999999882e+01 2.196106220000000064e+01
-1.095435739999999925e+01 -1.070037630000000028e+01 -1.044646700000000017e+01 -1.019262870000000021e+01 -9.938860549999999350e+00 -9.685161649999999511e+00 -9.431531160000000469e+00 -9.177968209999999516e+00 -8.924471979999999860e+00 -8.671041609999999622e+00 -8.417676269999999406e+00 -8.164375140000000641e+00 -7.911137380000000441e+00 -7.657962180000000174e+00 -7.404848730000000323e+00 -7.151796209999999654e+00 -6.898803830000000303e+00 -6.645870790000000028e+00 -6.392996290000000137e+00 -6.140179559999999981e+00 -5.887419809999999920e+00 -5.634716270000000193e+00 -5.382068170000000151e+00 -5.129474749999999972e+00 -4.876935259999999772e+00 -4.624448949999999670e+00 -4.372015059999999842e+00 -4.119632870000000224e+00 -3.867301639999999985e+00 -3.615020640000000007e+00 -3.362789160000000166e+00 -3.110606489999999891e+00 -2.858471900000000065e+00 -2.606384709999999938e+00 -2.354344209999999826e+00 -2.102349719999999866e+00 -1.850400550000000033e+00 -1.598496020000000017e+00 -1.346635459999999895e+00 -1.094818199999999964e+00 -8.430435899999999538e-01 -5.913109640000000500e-01 -3.396196750000000097e-01 -8.796908030000000212e-02 1.636414589999999891e-01 4.152125749999999726e-01 6.667448950000000041e-01 9.182390400000000064e-01 1.169695630000000097e+00 1.421115270000000042e+00
9.715813530000000142e+00 9.966319820000000718e+00 1.021680770000000038e+01 1.046727749999999979e+01 1.071772980000000075e+01 1.096816500000000083e+01 1.121858369999999994e+01 1.146898610000000041e+01 1.171937280000000037e+01 1.196974430000000034e+01 1.222010090000000027e+01 1.247044320000000006e+01 1.272077149999999968e+01 1.297108629999999962e+01 1.322138799999999925e+01 1.347167710000000085e+01 1.372195400000000021e+01 1.397221910000000022e+01 1.422247289999999964e+01 1.447271579999999958e+01 1.472294819999999937e+01 1.497317050000000016e+01 1.522338320000000067e+01 1.547358660000000086e+01 1.572378130000000063e+01 1.597396759999999993e+01 1.622414589999999990e+01 1.647431660000000164e+01 1.672448019999999858e+01 1.697463700000000131e+01 1.722478759999999909e+01 1.747493220000000136e+01 1.772507129999999975e+01 1.797520520000000133e+01 1.822533449999999888e+01 1.847545949999999948e+01 1.872558060000000069e+01 1.897569820000000007e+01 1.922581279999999992e+01 1.947592459999999903e+01 1.972603409999999968e+01 1.997614169999999945e+01 2.022624779999999944e+01 2.047635280000000080e+01 2.072645710000000108e+01 2.097656110000000140e+01 2.122666510000000173e+01 2.147676960000000079e+01 2.172687489999999855e+01 2.197698139999999967e+01
-1.092734470000000080e+01 -1.067333870000000040e+01 -1.041940460000000002e+01 -1.016554170000000035e+01 -9.911748920000000851e+00 -9.658025529999999748e+00 -9.404370639999999781e+00 -9.150783390000000850e+00 -8.897262960000000831e+00 -8.643808489999999622e+00 -8.390419149999999604e+00 -8.137094109999999603e+00 -7.883832550000000161e+00 -7.630633640000000106e+00 -7.377496579999999859e+00 -7.124420559999999902e+00 -6.871404759999999889e+00 -6.618448410000000059e+00 -6.365550700000000006e+00 -6.112710850000000029e+00 -5.859928080000000428e+00 -5.607201619999999664e+00 -5.354530699999999754e+00 -5.101914550000000048e+00 -4.849352419999999775e+00 -4.596843559999999940e+00 -4.344387219999999772e+00 -4.091982680000000094e+00 -3.839629180000000197e+00 -3.587326009999999954e+00 -3.335072450000000188e+00 -3.082867770000000007e+00 -2.830711280000000052e+00 -2.578602270000000196e+00 -2.326540029999999870e+00 -2.074523890000000037e+00 -1.822553150000000066e+00 -1.570627140000000033e+00 -1.318745169999999911e+00 -1.066906590000000099e+00 -8.151107300000000055e-01 -5.633569339999999759e-01 -3.116445509999999919e-01 -5.997293580000000179e-02 1.916585510000000103e-01 4.432505429999999969e-01 6.948036690000000126e-01 9.463185520000000350e-01 1.197795809999999905e+00 1.449236050000000109e+00
9.747933989999999937e+00 9.998465579999999520e+00 1.024897870000000033e+01 1.049947380000000052e+01 1.074995129999999932e+01 1.100041170000000079e+01 1.125085550000000012e+01 1.150128310000000020e+01 1.175169499999999978e+01 1.200209150000000058e+01 1.225247320000000073e+01 1.250284060000000075e+01 1.275319389999999942e+01 1.300353370000000020e+01 1.325386050000000004e+01 1.350417460000000069e+01 1.375447650000000088e+01 1.400476659999999995e+01 1.425504540000000020e+01 1.450531319999999980e+01 1.475557049999999926e+01 1.500581780000000087e+01 1.525605539999999927e+01 1.550628380000000028e+01 1.575650330000000032e+01 1.600671450000000107e+01 1.625691769999999892e+01 1.650711330000000032e+01 1.675730169999999930e+01 1.700748340000000169e+01 1.725765880000000152e+01 1.750782829999999990e+01 1.775799220000000034e+01 1.800815109999999919e+01 1.825830519999999879e+01 1.850845500000000143e+01 1.875860099999999875e+01 1.900874340000000018e+01 1.925888270000000091e+01 1.950901929999999851e+01 1.975915360000000121e+01 2.000928599999999946e+01 2.025941690000000150e+01 2.050954670000000135e+01 2.075967580000000012e+01 2.100980450000000133e+01 2.125993319999999898e+01 2.151006239999999892e+01 2.176019249999999872e+01 2.201032370000000071e+01
-1.088315249999999956e+01 -1.062910459999999979e+01 -1.037512889999999999e+01 -1.012122439999999912e+01 -9.867390329999999210e+00 -9.613625750000000636e+00 -9.359929830000000450e+00 -9.106301739999999256e+00 -8.852740609999999677e+00 -8.599245619999999590e+00 -8.345815930000000549e+00 -8.092450709999999603e+00 -7.839149130000000021e+00 -7.585910379999999620e+00 -7.332733639999999831e+00 -7.079618110000000186e+00 -6.826562970000000341e+00 -6.573567439999999706e+00 -6.320630730000000419e+00 -6.067752040000000235e+00 -5.814930590000000343e+00 -5.562165620000000033e+00 -5.309456349999999603e+00 -5.056802020000000120e+00 -4.804201869999999985e+00 -4.551655150000000205e+00 -4.299161119999999947e+00 -4.046719030000000217e+00 -3.794328150000000122e+00 -3.541987750000000101e+00 -3.289697110000000091e+00 -3.037455510000000025e+00 -2.785262250000000162e+00 -2.533116619999999930e+00 -2.281017910000000093e+00 -2.028965429999999959e+00 -1.776958510000000047e+00 -1.524996449999999948e+00 -1.273078579999999960e+00 -1.021204229999999935e+00 -7.693727409999999711e-01 -5.175834449999999753e-01 -2.658356929999999840e-01 -1.412883709999999959e-02 2.375377640000000123e-01 4.891647470000000109e-01 7.407527430000000468e-01 9.923023770000000132e-01 1.243814270000000111e+00 1.495289040000000069e+00
9.796850199999999731e+00 1.004742000000000068e+01 1.029797130000000038e+01 1.054850440000000056e+01 1.079902000000000051e+01 1.104951849999999958e+01 1.130000019999999950e+01 1.155046570000000017e+01 1.180091550000000034e+01 1.205134989999999995e+01 1.230176950000000069e+01 1.255217460000000074e+01 1.280256570000000060e+01 1.305294330000000080e+01 1.330330769999999951e+01 1.355365950000000019e+01 1.380399910000000041e+01 1.405432680000000012e+01 1.430464319999999923e+01 1.455494859999999946e+01 1.480524349999999956e+01 1.505552830000000064e+01 1.530580349999999967e+01 1.555606940000000016e+01 1.580632639999999967e+01 1.605657509999999988e+01 1.630681570000000136e+01 1.655704880000000045e+01 1.680727470000000068e+01 1.705749390000000076e+01 1.730770670000000067e+01 1.755791350000000151e+01 1.780811489999999964e+01 1.805831110000000095e+01 1.830850260000000063e+01 1.855868979999999979e+01 1.880887299999999840e+01 1.905905279999999991e+01 1.930922939999999954e+01 1.955940340000000077e+01 1.980957499999999882e+01 2.005974459999999837e+01 2.030991279999999932e+01 2.056007980000000046e+01 2.081024610000000052e+01 2.106041199999999947e+01 2.131057799999999958e+01 2.156074440000000081e+01 2.181091160000000073e+01 2.206108000000000047e+01
-1.082183589999999995e+01 -1.056772920000000049e+01 -1.031369489999999978e+01 -1.005973200000000034e+01 -9.805839669999999231e+00 -9.552017129999999412e+00 -9.298263479999999248e+00 -9.044577869999999464e+00 -8.790959479999999715e+00 -8.537407440000000847e+00 -8.283920939999999788e+00 -8.030499139999999869e+00 -7.777141209999999916e+00 -7.523846340000000410e+00 -7.270613720000000058e+00 -7.017442540000000228e+00 -6.764331989999999628e+00 -6.511281280000000393e+00 -6.258289610000000280e+00 -6.005356199999999589e+00 -5.752480259999999568e+00 -5.499661030000000395e+00 -5.246897729999999704e+00 -4.994189590000000400e+00 -4.741535859999999936e+00 -4.488935790000000203e+00 -4.236388619999999605e+00 -3.983893619999999913e+00 -3.731450049999999852e+00 -3.479057179999999860e+00 -3.226714279999999935e+00 -2.974420639999999949e+00 -2.722175550000000221e+00 -2.469978289999999799e+00 -2.217828159999999826e+00 -1.965724479999999996e+00 -1.713666539999999960e+00 -1.461653670000000016e+00 -1.209685190000000077e+00 -9.577604240000000546e-01 -7.058787020000000245e-01 -4.540393659999999998e-01 -2.022417579999999937e-01 4.951477120000000176e-02 3.012308670000000133e-01 5.529071690000000316e-01 8.045443110000000120e-01 1.056142920000000096e+00 1.307703620000000067e+00 1.559227039999999898e+00
9.862540369999999612e+00 1.011316129999999980e+01 1.036376369999999980e+01 1.061434790000000028e+01 1.086491449999999936e+01 1.111546380000000056e+01 1.136599640000000022e+01 1.161651269999999947e+01 1.186701320000000059e+01 1.211749820000000000e+01 1.236796840000000053e+01 1.261842410000000037e+01 1.286886570000000063e+01 1.311929379999999945e+01 1.336970859999999917e+01 1.362011080000000085e+01 1.387050069999999913e+01 1.412087879999999984e+01 1.437124539999999939e+01 1.462160109999999946e+01 1.487194620000000000e+01 1.512228110000000036e+01 1.537260640000000045e+01 1.562292240000000021e+01 1.587322950000000077e+01 1.612352819999999909e+01 1.637381889999999984e+01 1.662410200000000060e+01 1.687437780000000132e+01 1.712464689999999834e+01 1.737490959999999873e+01 1.762516640000000123e+01 1.787541759999999869e+01 1.812566359999999932e+01 1.837590489999999832e+01 1.862614190000000036e+01 1.887637489999999829e+01 1.912660440000000150e+01 1.937683080000000047e+01 1.962705439999999868e+01 1.987727569999999844e+01 2.012749499999999969e+01 2.037771280000000118e+01 2.062792939999999930e+01 2.087814519999999874e+01 2.112836070000000177e+01 2.137857620000000125e+01 2.162879200000000068e+01 2.187900869999999998e+01 2.212922650000000147e+01
-1.074345910000000082e+01 -1.048927639999999961e+01 -1.023516640000000066e+01 -9.981128019999999879e+00 -9.727160570000000561e+00 -9.473263160000000127e+00 -9.219434919999999423e+00 -8.965675010000000000e+00 -8.711982600000000687e+00 -8.458356840000000432e+00 -8.204796899999999837e+00 -7.951301950000000396e+00 -7.697871169999999985e+00 -7.444503740000000036e+00 -7.191198850000000142e+00 -6.937955679999999958e+00 -6.684773449999999784e+00 -6.431651340000000161e+00 -6.178588569999999613e+00 -5.925584340000000338e+00 -5.672637889999999850e+00 -5.419748420000000344e+00 -5.166915170000000224e+00 -4.914137379999999666e+00 -4.661414279999999799e+00 -4.408745109999999912e+00 -4.156129140000000000e+00 -3.903565620000000180e+00 -3.651053800000000127e+00 -3.398592960000000218e+00 -3.146182370000000006e+00 -2.893821309999999869e+00 -2.641509060000000186e+00 -2.389244919999999883e+00 -2.137028169999999783e+00 -1.884858130000000020e+00 -1.632734099999999966e+00 -1.380655380000000099e+00 -1.128621309999999989e+00 -8.766311980000000004e-01 -6.246843800000000391e-01 -3.727801900000000113e-01 -1.209179670000000012e-01 1.309029409999999949e-01 3.826831840000000096e-01 6.344234050000000513e-01 8.861242409999999792e-01 1.137786329999999957e+00 1.389410290000000048e+00 1.640996740000000065e+00
9.944961590000000129e+00 1.019564680000000045e+01 1.044631339999999931e+01 1.069696169999999924e+01 1.094759220000000077e+01 1.119820540000000086e+01 1.144880180000000003e+01 1.169938179999999939e+01 1.194994589999999945e+01 1.220049460000000074e+01 1.245102819999999966e+01 1.270154729999999965e+01 1.295205220000000068e+01 1.320254350000000088e+01 1.345302159999999958e+01 1.370348689999999969e+01 1.395393980000000056e+01 1.420438079999999914e+01 1.445481039999999950e+01 1.470522889999999983e+01 1.495563690000000001e+01 1.520603460000000062e+01 1.545642259999999979e+01 1.570680119999999924e+01 1.595717100000000066e+01 1.620753219999999928e+01 1.645788539999999855e+01 1.670823090000000022e+01 1.695856919999999946e+01 1.720890070000000094e+01 1.745922570000000107e+01 1.770954479999999975e+01 1.795985819999999933e+01 1.821016649999999970e+01 1.846047000000000082e+01 1.871076910000000026e+01 1.896106419999999915e+01 1.921135569999999859e+01 1.946164410000000089e+01 1.971192960000000127e+01 1.996221279999999965e+01 2.021249410000000069e+01 2.046277369999999962e+01 2.071305209999999875e+01 2.096332969999999918e+01 2.121360689999999849e+01 2.146388400000000019e+01 2.171416149999999945e+01 2.196443980000000096e+01 2.221471920000000111e+01
-1.064812479999999972e+01 -1.039384869999999950e+01 -1.013964559999999970e+01 -9.885514549999999900e+00 -9.631454720000000691e+00 -9.377465250000000196e+00 -9.123545299999999969e+00 -8.869694020000000734e+00 -8.615910559999999663e+00 -8.362194110000000791e+00 -8.108543819999999513e+00 -7.854958859999999987e+00 -7.601438420000000029e+00 -7.347981680000000182e+00 -7.094587820000000100e+00 -6.841256040000000205e+00 -6.587985530000000090e+00 -6.334775500000000115e+00 -6.081625149999999813e+00 -5.828533700000000373e+00 -5.575500370000000316e+00 -5.322524370000000005e+00 -5.069604939999999615e+00 -4.816741310000000276e+00 -4.563932709999999560e+00 -4.311178400000000188e+00 -4.058477609999999736e+00 -3.805829619999999913e+00 -3.553233660000000071e+00 -3.300689030000000024e+00 -3.048194969999999948e+00 -2.795750770000000163e+00 -2.543355720000000098e+00 -2.291009090000000192e+00 -2.038710179999999816e+00 -1.786458300000000055e+00 -1.534252739999999893e+00 -1.282092819999999911e+00 -1.029977839999999922e+00 -7.779071340000000001e-01 -5.258800219999999470e-01 -2.738958369999999753e-01 -2.195391470000000039e-02 2.299464029999999937e-01 4.818057669999999959e-01 7.336248279999999511e-01 9.854042250000000225e-01 1.237144599999999928e+00 1.488846569999999980e+00 1.740510779999999924e+00
1.004405670000000050e+01 1.029481949999999912e+01 1.054556350000000009e+01 1.079628909999999919e+01 1.104699669999999934e+01 1.129768699999999981e+01 1.154836019999999941e+01 1.179901699999999920e+01 1.204965780000000031e+01 1.230028289999999913e+01 1.255089300000000030e+01 1.280148830000000082e+01 1.305206949999999999e+01 1.330263689999999954e+01 1.355319090000000060e+01 1.380373209999999951e+01 1.405426089999999917e+01 1.430477759999999954e+01 1.455528280000000052e+01 1.480577689999999969e+01 1.505626029999999993e+01 1.530673340000000060e+01 1.555719659999999926e+01 1.580765049999999938e+01 1.605809539999999913e+01 1.630853169999999963e+01 1.655895990000000140e+01 1.680938030000000083e+01 1.705979350000000139e+01 1.731019969999999830e+01 1.756059949999999859e+01 1.781099310000000102e+01 1.806138119999999958e+01 1.831176389999999898e+01 1.856214190000000031e+01 1.881251530000000116e+01 1.906288479999999907e+01 1.931325059999999993e+01 1.956361310000000131e+01 1.981397279999999839e+01 2.006433009999999939e+01 2.031468530000000072e+01 2.056503890000000112e+01 2.081539120000000054e+01 2.106574260000000010e+01 2.131609359999999853e+01 2.156644449999999935e+01 2.181679559999999896e+01 2.206714750000000080e+01 2.231750040000000013e+01
-1.053594129999999929e+01 -1.028155429999999981e+01 -1.002724070000000012e+01 -9.772999439999999538e+00 -9.518829800000000674e+00 -9.264730899999999991e+00 -9.010701889999999992e+00 -8.756741939999999502e+00 -8.502850199999999248e+00 -8.249025850000000659e+00 -7.995268049999999960e+00 -7.741575970000000417e+00 -7.487948809999999789e+00 -7.234385739999999565e+00 -6.980885950000000228e+00 -6.727448629999999596e+00 -6.474072989999999805e+00 -6.220758219999999561e+00 -5.967503540000000051e+00 -5.714308159999999859e+00 -5.461171290000000234e+00 -5.208092159999999637e+00 -4.955069990000000146e+00 -4.702104020000000162e+00 -4.449193479999999923e+00 -4.196337630000000374e+00 -3.943535699999999977e+00 -3.690786950000000122e+00 -3.438090639999999976e+00 -3.185446030000000039e+00 -2.932852389999999865e+00 -2.680308999999999831e+00 -2.427815139999999872e+00 -2.175370079999999984e+00 -1.922973129999999919e+00 -1.670623570000000058e+00 -1.418320709999999929e+00 -1.166063850000000013e+00 -9.138523060000000031e-01 -6.616853940000000378e-01 -4.095624359999999742e-01 -1.574827589999999999e-01 9.455430410000000008e-02 3.465494150000000273e-01 5.985032319999999961e-01 8.504164050000000419e-01 1.102289580000000102e+00 1.354123399999999977e+00 1.605918500000000027e+00 1.857675519999999914e+00
1.015977529999999973e+01 1.041062909999999953e+01 1.066146379999999994e+01 1.091228000000000087e+01 1.116307809999999989e+01 1.141385859999999930e+01 1.166462199999999960e+01 1.191536870000000015e+01 1.216609919999999967e+01 1.241681400000000046e+01 1.266751350000000009e+01 1.291819820000000085e+01 1.316886850000000031e+01 1.341952490000000076e+01 1.367016779999999976e+01 1.392079780000000078e+01 1.417141510000000082e+01 1.442202039999999919e+01 1.467261389999999999e+01 1.492319630000000075e+01 1.517376770000000086e+01 1.542432890000000079e+01 1.567487999999999992e+01 1.592542169999999935e+01 1.617595419999999962e+01 1.642647810000000064e+01 1.667699370000000059e+01 1.692750150000000176e+01 1.717800180000000054e+01 1.742849520000000041e+01 1.767898200000000131e+01 1.792946260000000080e+01 1.817993750000000119e+01 1.843040699999999887e+01 1.868087159999999969e+01 1.893133170000000121e+01 1.918178759999999983e+01 1.943223970000000023e+01 1.968268859999999876e+01 1.993313450000000131e+01 2.018357789999999952e+01 2.043401920000000160e+01 2.068445870000000042e+01 2.093489680000000064e+01 2.118533409999999861e+01 2.143577069999999907e+01 2.168620719999999835e+01 2.193664389999999997e+01 2.218708110000000033e+01 2.243751939999999934e+01
-1.040699979999999947e+01 -1.015248449999999991e+01 -9.898042919999999967e+00 -9.643674150000000722e+00 -9.389377359999999229e+00 -9.135151730000000470e+00 -8.880996389999999963e+00 -8.626910529999999966e+00 -8.372893299999999428e+00 -8.118943870000000729e+00 -7.865061419999999970e+00 -7.611245120000000419e+00 -7.357494169999999833e+00 -7.103807739999999704e+00 -6.850185019999999625e+00 -6.596625219999999956e+00 -6.343127530000000291e+00 -6.089691150000000164e+00 -5.836315299999999873e+00 -5.582999189999999778e+00 -5.329742030000000241e+00 -5.076543059999999663e+00 -4.823401490000000180e+00 -4.570316560000000194e+00 -4.317287509999999884e+00 -4.064313580000000314e+00 -3.811394019999999827e+00 -3.558528079999999871e+00 -3.305715010000000120e+00 -3.052954090000000065e+00 -2.800244569999999822e+00 -2.547585730000000215e+00 -2.294976849999999846e+00 -2.042417209999999983e+00 -1.789906089999999894e+00 -1.537442799999999998e+00 -1.285026629999999948e+00 -1.032656879999999999e+00 -7.803328550000000474e-01 -5.280538769999999493e-01 -2.758192620000000095e-01 -2.362833380000000164e-02 2.285195790000000005e-01 4.806251429999999769e-01 7.326890179999999697e-01 9.847118599999999944e-01 1.236694320000000014e+00 1.488637049999999906e+00 1.740540669999999901e+00 1.992405839999999984e+00
1.029196179999999927e+01 1.054292019999999930e+01 1.079385940000000055e+01 1.104477980000000059e+01 1.129568189999999994e+01 1.154656619999999911e+01 1.179743309999999923e+01 1.204828310000000080e+01 1.229911680000000018e+01 1.254993450000000088e+01 1.280073669999999986e+01 1.305152389999999940e+01 1.330229660000000003e+01 1.355305509999999991e+01 1.380380010000000013e+01 1.405453179999999946e+01 1.430525079999999960e+01 1.455595740000000049e+01 1.480665229999999966e+01 1.505733569999999943e+01 1.530800810000000034e+01 1.555866999999999933e+01 1.580932179999999931e+01 1.605996389999999963e+01 1.631059679999999901e+01 1.656122080000000096e+01 1.681183649999999830e+01 1.706244420000000162e+01 1.731304430000000139e+01 1.756363729999999990e+01 1.781422359999999827e+01 1.806480350000000001e+01 1.831537760000000148e+01 1.856594619999999907e+01 1.881650979999999862e+01 1.906706870000000009e+01 1.931762330000000105e+01 1.956817399999999907e+01 1.981872140000000115e+01 2.006926560000000137e+01 2.031980719999999963e+01 2.057034660000000059e+01 2.082088410000000067e+01 2.107142019999999860e+01 2.132195520000000144e+01 2.157248949999999965e+01 2.182302350000000146e+01 2.207355760000000089e+01 2.232409219999999905e+01 2.257462770000000063e+01
-1.026144629999999935e+01 -1.000678519999999949e+01 -9.752198119999999193e+00 -9.497684350000000109e+00 -9.243242990000000603e+00 -8.988873209999999503e+00 -8.734574170000000137e+00 -8.480345030000000506e+00 -8.226184970000000263e+00 -7.972093160000000012e+00 -7.718068780000000295e+00 -7.464111009999999879e+00 -7.210219040000000135e+00 -6.956392049999999827e+00 -6.702629250000000205e+00 -6.448929829999999974e+00 -6.195292990000000444e+00 -5.941717940000000198e+00 -5.688203889999999596e+00 -5.434750059999999827e+00 -5.181355660000000363e+00 -4.928019919999999665e+00 -4.674742069999999750e+00 -4.421521339999999967e+00 -4.168356959999999667e+00 -3.915248189999999795e+00 -3.662194270000000085e+00 -3.409194450000000209e+00 -3.156247989999999781e+00 -2.903354150000000189e+00 -2.650512190000000157e+00 -2.397721390000000063e+00 -2.144981029999999844e+00 -1.892290379999999939e+00 -1.639648720000000059e+00 -1.387055359999999959e+00 -1.134509589999999957e+00 -8.820107069999999494e-01 -6.295580160000000536e-01 -3.771508299999999925e-01 -1.247884630000000022e-01 1.275297629999999904e-01 3.798045239999999767e-01 6.320364870000000357e-01 8.842263179999999556e-01 1.136374680000000081e+00 1.388482219999999989e+00 1.640549590000000002e+00 1.892577439999999944e+00 2.144566409999999923e+00
1.044056360000000083e+01 1.069164059999999949e+01 1.094269800000000004e+01 1.119373629999999942e+01 1.144475609999999932e+01 1.169575769999999970e+01 1.194674170000000046e+01 1.219770860000000035e+01 1.244865880000000047e+01 1.269959279999999957e+01 1.295051109999999994e+01 1.320141409999999915e+01 1.345230240000000066e+01 1.370317630000000086e+01 1.395403630000000028e+01 1.420488289999999942e+01 1.445571660000000058e+01 1.470653770000000016e+01 1.495734679999999983e+01 1.520814419999999956e+01 1.545893039999999985e+01 1.570970589999999945e+01 1.596047109999999947e+01 1.621122640000000104e+01 1.646197229999999934e+01 1.671270919999999904e+01 1.696343740000000011e+01 1.721415760000000006e+01 1.746486990000000006e+01 1.771557500000000118e+01 1.796627319999999983e+01 1.821696490000000068e+01 1.846765059999999892e+01 1.871833060000000160e+01 1.896900529999999918e+01 1.921967529999999869e+01 1.947034079999999889e+01 1.972100229999999854e+01 1.997166029999999992e+01 2.022231499999999826e+01 2.047296689999999941e+01 2.072361640000000094e+01 2.097426390000000040e+01 2.122490979999999894e+01 2.147555450000000121e+01 2.172619840000000124e+01 2.197684190000000015e+01 2.222748530000000144e+01 2.247812910000000031e+01 2.272877360000000024e+01
-1.009853299999999976e+01 -9.843707970000000529e+00 -9.588957459999999600e+00 -9.334280630000000301e+00 -9.079676660000000510e+00 -8.825144720000000831e+00 -8.570683969999999263e+00 -8.316293579999999963e+00 -8.061972739999999860e+00 -7.807720630000000384e+00 -7.553536420000000362e+00 -7.299419310000000216e+00 -7.045368490000000428e+00 -6.791383149999999702e+00 -6.537462500000000176e+00 -6.283605729999999667e+00 -6.029812040000000373e+00 -5.776080659999999867e+00 -5.522410800000000286e+00 -5.268801660000000275e+00 -5.015252480000000013e+00 -4.761762489999999737e+00 -4.508330909999999747e+00 -4.254956970000000283e+00 -4.001639919999999684e+00 -3.748379009999999845e+00 -3.495173470000000115e+00 -3.242022570000000048e+00 -2.988925549999999820e+00 -2.735881689999999811e+00 -2.482890240000000137e+00 -2.229950489999999785e+00 -1.977061689999999983e+00 -1.724223140000000098e+00 -1.471434120000000068e+00 -1.218693919999999986e+00 -9.660018240000000089e-01 -7.133571429999999713e-01 -4.607591770000000198e-01 -2.082072329999999916e-01 4.429937560000000302e-02 2.967613299999999898e-01 5.491793090000000044e-01 8.015539830000000254e-01 1.053886019999999979e+00 1.306176089999999901e+00 1.558424840000000033e+00 1.810632940000000080e+00 2.062801020000000207e+00 2.314929729999999797e+00
1.060541489999999953e+01 1.085662450000000057e+01 1.110781410000000058e+01 1.135898440000000065e+01 1.161013570000000072e+01 1.186126860000000072e+01 1.211238359999999936e+01 1.236348109999999956e+01 1.261456160000000004e+01 1.286562559999999955e+01 1.311667360000000038e+01 1.336770609999999948e+01 1.361872340000000037e+01 1.386972620000000056e+01 1.412071470000000062e+01 1.437168959999999984e+01 1.462265119999999996e+01 1.487359999999999971e+01 1.512453649999999961e+01 1.537546110000000077e+01 1.562637430000000016e+01 1.587727650000000068e+01 1.612816809999999990e+01 1.637904959999999832e+01 1.662992140000000063e+01 1.688078399999999846e+01 1.713163769999999886e+01 1.738248310000000174e+01 1.763332049999999995e+01 1.788415039999999934e+01 1.813497309999999985e+01 1.838578920000000139e+01 1.863659900000000036e+01 1.888740290000000144e+01 1.913820150000000098e+01 1.938899490000000014e+01 1.963978380000000001e+01 1.989056850000000054e+01 2.014134939999999929e+01 2.039212690000000094e+01 2.064290139999999951e+01 2.089367329999999967e+01 2.114444299999999899e+01 2.139521099999999976e+01 2.164597759999999838e+01 2.189674319999999952e+01 2.214750820000000076e+01 2.239827299999999966e+01 2.264903800000000089e+01 2.289980359999999848e+01
-9.918825090000000344e+00 -9.663819350000000696e+00 -9.408888559999999401e+00 -9.154031879999999788e+00 -8.899248500000000561e+00 -8.644537579999999721e+00 -8.389898309999999526e+00 -8.135329860000000579e+00 -7.880831429999999749e+00 -7.626402200000000242e+00 -7.372041349999999937e+00 -7.117748100000000022e+00 -6.863521620000000212e+00 -6.609361129999999918e+00 -6.355265819999999621e+00 -6.101234909999999623e+00 -5.847267610000000282e+00 -5.593363130000000183e+00 -5.339520689999999625e+00 -5.085739509999999797e+00 -4.832018820000000048e+00 -4.578357849999999729e+00 -4.324755829999999968e+00 -4.071212000000000053e+00 -3.817725610000000103e+00 -3.564295899999999850e+00 -3.310922119999999857e+00 -3.057603519999999797e+00 -2.804339360000000170e+00 -2.551128910000000083e+00 -2.297971430000000037e+00 -2.044866190000000028e+00 -1.791812479999999930e+00 -1.538809560000000021e+00 -1.285856729999999892e+00 -1.032953269999999923e+00 -7.800984709999999600e-01 -5.272916410000000331e-01 -2.745320760000000138e-01 -2.181908470000000141e-02 2.308480230000000133e-01 4.834699299999999922e-01 7.360473170000000342e-01 9.885808600000000057e-01 1.241071229999999970e+00 1.493519089999999938e+00 1.745925100000000008e+00 1.998289919999999942e+00 2.250614210000000170e+00 2.502898599999999973e+00
1.257682020000000023e+01 1.282782109999999953e+01 1.307880620000000071e+01 1.332977589999999957e+01 1.358073070000000016e+01 1.383167100000000005e+01 1.408259739999999915e+01 1.433351019999999920e+01 1.458440990000000070e+01 1.483529689999999945e+01 1.508617180000000069e+01 1.533703500000000020e+01 1.558788679999999971e+01 1.583872779999999914e+01 1.608955840000000137e+01 1.634037899999999865e+01 1.659119000000000099e+01 1.684199200000000118e+01 1.709278520000000157e+01 1.734357019999999849e+01 1.759434740000000019e+01 1.784511709999999951e+01 1.809587989999999991e+01 1.834663610000000133e+01 1.859738619999999898e+01 1.884813049999999990e+01 1.909886949999999928e+01 1.934960359999999824e+01 1.960033329999999907e+01 1.985105880000000056e+01 2.010178060000000144e+01 2.035249920000000046e+01 2.060321490000000111e+01 2.085392810000000097e+01 2.110463929999999877e+01 2.135534880000000157e+01 2.160605699999999985e+01 2.185676429999999826e+01 2.210747119999999910e+01 2.235817799999999878e+01 2.260888509999999840e+01 2.285959280000000149e+01 2.311030170000000084e+01 2.336101209999999995e+01 2.361172429999999878e+01 2.386243879999999962e+01 2.411315589999999887e+01 2.436387609999999881e+01 2.461459959999999825e+01 2.486532700000000062e+01
-1.197649400000000064e+01 -1.172097559999999916e+01 -1.146553839999999980e+01 -1.121018169999999969e+01 -1.095490449999999960e+01 -1.069970600000000083e+01 -1.044458529999999996e+01 -1.018954169999999948e+01 -9.934574279999999646e+00 -9.679682180000000358e+00 -9.424864590000000319e+00 -9.170120660000000257e+00 -8.915449580000000651e+00 -8.660850520000000330e+00 -8.406322649999999896e+00 -8.151865159999999833e+00 -7.897477219999999853e+00 -7.643158030000000380e+00 -7.388906780000000118e+00 -7.134722649999999611e+00 -6.880604840000000166e+00 -6.626552560000000369e+00 -6.372565009999999752e+00 -6.118641389999999625e+00 -5.864780920000000286e+00 -5.610982810000000320e+00 -5.357246280000000027e+00 -5.103570549999999706e+00 -4.849954849999999595e+00 -4.596398409999999934e+00 -4.342900470000000013e+00 -4.089460260000000069e+00 -3.836077030000000221e+00 -3.582750020000000202e+00 -3.329478490000000068e+00 -3.076261689999999938e+00 -2.823098879999999866e+00 -2.569989319999999910e+00 -2.316932290000000005e+00 -2.063927060000000147e+00 -1.810972900000000108e+00 -1.558069099999999985e+00 -1.305214950000000096e+00 -1.052409729999999932e+00 -7.996527409999999447e-01 -5.469432840000000295e-01 -2.942806640000000251e-01 -4.166418919999999998e-02 2.109068249999999922e-01 4.634330609999999795e-01
1.242066990000000004e+01 1.267154820000000015e+01 1.292241100000000031e+01 1.317325869999999988e+01 1.342409179999999935e+01 1.367491069999999986e+01 1.392571590000000015e+01 1.417650790000000072e+01 1.442728709999999914e+01 1.467805390000000010e+01 1.492880880000000055e+01 1.517955219999999983e+01 1.543028460000000024e+01 1.568100650000000051e+01 1.593171809999999944e+01 1.618242010000000164e+01 1.643311279999999996e+01 1.668379660000000086e+01 1.693447189999999836e+01 1.718513929999999945e+01 1.743579899999999938e+01 1.768645160000000160e+01 1.793709750000000014e+01 1.818773699999999849e+01 1.843837050000000133e+01 1.868899860000000146e+01 1.893962159999999884e+01 1.919023990000000168e+01 1.944085379999999930e+01 1.969146399999999986e+01 1.994207060000000098e+01 2.019267419999999902e+01 2.044327499999999986e+01 2.069387370000000104e+01 2.094447040000000015e+01 2.119506559999999951e+01 2.144565980000000138e+01 2.169625329999999863e+01 2.194684649999999948e+01 2.219743970000000033e+01 2.244803350000000108e+01 2.269862810000000053e+01 2.294922389999999979e+01 2.319982140000000115e+01 2.345042090000000101e+01 2.370102290000000167e+01 2.395162759999999835e+01 2.420223550000000046e+01 2.445284690000000083e+01 2.470346230000000176e+01
-1.214650600000000047e+01 -1.189116480000000031e+01 -1.163590450000000054e+01 -1.138072430000000068e+01 -1.112562319999999971e+01 -1.087060050000000011e+01 -1.061565520000000085e+01 -1.036078660000000085e+01 -1.010599380000000025e+01 -9.851275819999999683e+00 -9.596631959999999850e+00 -9.342061329999999941e+00 -9.087563109999999611e+00 -8.833136460000000412e+00 -8.578780529999999516e+00 -8.324494509999999181e+00 -8.070277580000000839e+00 -7.816128899999999824e+00 -7.562047670000000110e+00 -7.308033069999999576e+00 -7.054084279999999652e+00 -6.800200509999999809e+00 -6.546380959999999583e+00 -6.292624810000000402e+00 -6.038931289999999841e+00 -5.785299590000000158e+00 -5.531728939999999817e+00 -5.278218560000000004e+00 -5.024767650000000252e+00 -4.771375459999999791e+00 -4.518041219999999747e+00 -4.264764150000000420e+00 -4.011543510000000090e+00 -3.758378529999999884e+00 -3.505268459999999919e+00 -3.252212570000000191e+00 -2.999210099999999990e+00 -2.746260320000000199e+00 -2.493362499999999926e+00 -2.240515910000000055e+00 -1.987719830000000076e+00 -1.734973539999999925e+00 -1.482276340000000081e+00 -1.229627500000000095e+00 -9.770263259999999450e-01 -7.244721229999999679e-01 -4.719641949999999753e-01 -2.195018529999999968e-01 3.291558709999999749e-02 2.852888040000000069e-01
1.228051750000000020e+01 1.253128650000000022e+01 1.278204009999999968e+01 1.303277899999999967e+01 1.328350340000000074e+01 1.353421389999999924e+01 1.378491099999999925e+01 1.403559510000000010e+01 1.428626649999999998e+01 1.453692589999999996e+01 1.478757350000000059e+01 1.503820990000000002e+01 1.528883549999999936e+01 1.553945069999999973e+01 1.579005599999999987e+01 1.604065170000000151e+01 1.629123840000000101e+01 1.654181639999999831e+01 1.679238610000000165e+01 1.704294810000000027e+01 1.729350260000000006e+01 1.754405009999999976e+01 1.779459110000000166e+01 1.804512589999999861e+01 1.829565489999999883e+01 1.854617869999999868e+01 1.879669750000000050e+01 1.904721179999999947e+01 1.929772189999999910e+01 1.954822839999999928e+01 1.979873149999999882e+01 2.004923169999999999e+01 2.029972940000000037e+01 2.055022500000000107e+01 2.080071889999999968e+01 2.105121150000000085e+01 2.130170310000000100e+01 2.155219410000000124e+01 2.180268500000000031e+01 2.205317619999999934e+01 2.230366790000000066e+01 2.255416070000000062e+01 2.280465489999999917e+01 2.305515079999999983e+01 2.330564890000000133e+01 2.355614950000000007e+01 2.380665309999999835e+01 2.405715989999999849e+01 2.430767039999999923e+01 2.455818500000000171e+01
-1.229928819999999945e+01 -1.204410580000000053e+01 -1.178900390000000087e+01 -1.153398170000000000e+01 -1.127903839999999924e+01 -1.102417299999999933e+01 -1.076938460000000042e+01 -1.051467249999999964e+01 -1.026003580000000071e+01 -1.000547350000000080e+01 -9.750984920000000500e+00 -9.496569140000000075e+00 -9.242225319999999300e+00 -8.987952619999999726e+00 -8.733750210000000180e+00 -8.479617250000000439e+00 -8.225552909999999329e+00 -7.971556370000000058e+00 -7.717626809999999615e+00 -7.463763390000000442e+00 -7.209965320000000233e+00 -6.956231790000000359e+00 -6.702561969999999647e+00 -6.448955080000000173e+00 -6.195410319999999693e+00 -5.941926890000000405e+00 -5.688504000000000005e+00 -5.435140879999999619e+00 -5.181836739999999608e+00 -4.928590800000000272e+00 -4.675402309999999950e+00 -4.422270479999999893e+00 -4.169194560000000216e+00 -3.916173800000000149e+00 -3.663207449999999810e+00 -3.410294749999999819e+00 -3.157434970000000174e+00 -2.904627360000000103e+00 -2.651871209999999923e+00 -2.399165780000000137e+00 -2.146510339999999850e+00 -1.893904189999999987e+00 -1.641346619999999978e+00 -1.388836909999999980e+00 -1.136374360000000028e+00 -8.839582809999999569e-01 -6.315879779999999943e-01 -3.792627650000000017e-01 -1.269819600000000048e-01 1.252551120000000018e-01
1.215521200000000057e+01 1.240588480000000082e+01 1.265654250000000047e+01 1.290718560000000004e+01 1.315781439999999947e+01 1.340842959999999984e+01 1.365903139999999993e+01 1.390962030000000027e+01 1.416019690000000075e+01 1.441076140000000017e+01 1.466131449999999958e+01 1.491185639999999957e+01 1.516238770000000002e+01 1.541290869999999913e+01 1.566341989999999917e+01 1.591392169999999950e+01 1.616441460000000063e+01 1.641489899999999835e+01 1.666537519999999972e+01 1.691584369999999993e+01 1.716630500000000126e+01 1.741675940000000011e+01 1.766720739999999878e+01 1.791764930000000078e+01 1.816808560000000128e+01 1.841851660000000024e+01 1.866894290000000112e+01 1.891936480000000032e+01 1.916978260000000134e+01 1.942019679999999937e+01 1.967060790000000026e+01 1.992101609999999923e+01 2.017142189999999857e+01 2.042182580000000058e+01 2.067222800000000049e+01 2.092262889999999942e+01 2.117302910000000082e+01 2.142342879999999994e+01 2.167382840000000144e+01 2.192422840000000051e+01 2.217462910000000065e+01 2.242503089999999943e+01 2.267543420000000154e+01 2.292583929999999981e+01 2.317624670000000009e+01 2.342665679999999995e+01 2.367706980000000172e+01 2.392748630000000176e+01 2.417790649999999886e+01 2.442833089999999885e+01
-1.243535110000000010e+01 -1.218030970000000046e+01 -1.192534850000000013e+01 -1.167046659999999925e+01 -1.141566319999999912e+01 -1.116093730000000050e+01 -1.090628809999999937e+01 -1.065171480000000059e+01 -1.039721639999999958e+01 -1.014279209999999942e+01 -9.888441090000000600e+00 -9.634162449999999822e+00 -9.379955360000000297e+00 -9.125818969999999197e+00 -8.871752430000000800e+00 -8.617754910000000379e+00 -8.363825580000000315e+00 -8.109963600000000383e+00 -7.856168150000000239e+00 -7.602438399999999596e+00 -7.348773539999999826e+00 -7.095172759999999634e+00 -6.841635239999999563e+00 -6.588160180000000032e+00 -6.334746789999999628e+00 -6.081394269999999658e+00 -5.828101829999999595e+00 -5.574868669999999859e+00 -5.321694039999999681e+00 -5.068577130000000430e+00 -4.815517200000000386e+00 -4.562513459999999910e+00 -4.309565169999999945e+00 -4.056671559999999843e+00 -3.803831880000000165e+00 -3.551045390000000079e+00 -3.298311350000000086e+00 -3.045629009999999859e+00 -2.792997670000000099e+00 -2.540416570000000096e+00 -2.287885020000000047e+00 -2.035402280000000008e+00 -1.782967659999999954e+00 -1.530580449999999981e+00 -1.278239949999999903e+00 -1.025945459999999976e+00 -7.736962990000000318e-01 -5.214917839999999583e-01 -2.693312350000000022e-01 -1.721397909999999865e-02
1.204619630000000008e+01 1.229678619999999967e+01 1.254736100000000043e+01 1.279792130000000050e+01 1.304846760000000039e+01 1.329900020000000005e+01 1.354951960000000000e+01 1.380002630000000075e+01 1.405052069999999986e+01 1.430100329999999964e+01 1.455147440000000003e+01 1.480193449999999977e+01 1.505238399999999999e+01 1.530282339999999941e+01 1.555325309999999916e+01 1.580367359999999977e+01 1.605408510000000177e+01 1.630448820000000154e+01 1.655488330000000019e+01 1.680527079999999884e+01 1.705565109999999862e+01 1.730602460000000065e+01 1.755639180000000010e+01 1.780675300000000050e+01 1.805710859999999940e+01 1.830745909999999910e+01 1.855780490000000071e+01 1.880814639999999827e+01 1.905848389999999881e+01 1.930881790000000109e+01 1.955914879999999911e+01 1.980947689999999994e+01 2.005980269999999877e+01 2.031012660000000025e+01 2.056044890000000080e+01 2.081077009999999916e+01 2.106109049999999883e+01 2.131141050000000092e+01 2.156173060000000063e+01 2.181205110000000147e+01 2.206237229999999983e+01 2.231269479999999916e+01 2.256301879999999827e+01 2.281334469999999826e+01 2.306367300000000142e+01 2.331400400000000062e+01 2.356433799999999934e+01 2.381467560000000105e+01 2.406501700000000099e+01 2.431536260000000027e+01
-1.255455790000000071e+01 -1.229963979999999957e+01 -1.204480159999999955e+01 -1.179004240000000081e+01 -1.153536120000000054e+01 -1.128075729999999943e+01 -1.102622960000000063e+01 -1.077177750000000067e+01 -1.051739989999999914e+01 -1.026309610000000028e+01 -1.000886509999999952e+01 -9.754706110000000763e+00 -9.500618270000000365e+00 -9.246600739999999874e+00 -8.992652670000000015e+00 -8.738773200000000685e+00 -8.484961509999999762e+00 -8.231216760000000576e+00 -7.977538120000000177e+00 -7.723924769999999995e+00 -7.470375879999999746e+00 -7.216890649999999852e+00 -6.963468269999999904e+00 -6.710107919999999559e+00 -6.456808800000000126e+00 -6.203570130000000127e+00 -5.950391109999999983e+00 -5.697270950000000056e+00 -5.444208869999999756e+00 -5.191204100000000210e+00 -4.938255869999999881e+00 -4.685363409999999895e+00 -4.432525960000000431e+00 -4.179742769999999830e+00 -3.927013080000000045e+00 -3.674336149999999801e+00 -3.421711249999999982e+00 -3.169137640000000200e+00 -2.916614590000000007e+00 -2.664141379999999781e+00 -2.411717289999999903e+00 -2.159341609999999800e+00 -1.907013630000000015e+00 -1.654732649999999916e+00 -1.402497979999999922e+00 -1.150308920000000068e+00 -8.981647860000000483e-01 -6.460649050000000226e-01 -3.940085990000000149e-01 -1.419951989999999886e-01
1.195364310000000074e+01 1.220416290000000004e+01 1.245466779999999929e+01 1.270515830000000079e+01 1.295563480000000034e+01 1.320609780000000022e+01 1.345654769999999978e+01 1.370698490000000014e+01 1.395740990000000004e+01 1.420782310000000059e+01 1.445822489999999938e+01 1.470861580000000046e+01 1.495899630000000080e+01 1.520936659999999918e+01 1.545972730000000084e+01 1.571007879999999979e+01 1.596042150000000071e+01 1.621075580000000116e+01 1.646108209999999872e+01 1.671140090000000100e+01 1.696171259999999847e+01 1.721201750000000175e+01 1.746231620000000007e+01 1.771260889999999932e+01 1.796289609999999826e+01 1.821317829999999915e+01 1.846345579999999842e+01 1.871372889999999956e+01 1.896399830000000009e+01 1.921426410000000118e+01 1.946452680000000157e+01 1.971478690000000000e+01 1.996504469999999998e+01 2.021530059999999906e+01 2.046555499999999839e+01 2.071580829999999906e+01 2.096606089999999867e+01 2.121631319999999832e+01 2.146656550000000152e+01 2.171681829999999991e+01 2.196707200000000171e+01 2.221732689999999977e+01 2.246758339999999876e+01 2.271784179999999864e+01 2.296810269999999932e+01 2.321836629999999957e+01 2.346863310000000169e+01 2.371890339999999853e+01 2.396917759999999831e+01 2.421945600000000098e+01
-1.265680990000000072e+01 -1.240199720000000028e+01 -1.214726409999999923e+01 -1.189260969999999951e+01 -1.163803300000000007e+01 -1.138353320000000046e+01 -1.112910940000000082e+01 -1.087476069999999950e+01 -1.062048620000000021e+01 -1.036628520000000009e+01 -1.011215660000000049e+01 -9.858099689999999526e+00 -9.604113570000000877e+00 -9.350197379999999114e+00 -9.096350290000000172e+00 -8.842571449999999444e+00 -8.588860009999999434e+00 -8.335215140000000744e+00 -8.081636010000000425e+00 -7.828121789999999969e+00 -7.574671669999999857e+00 -7.321284819999999804e+00 -7.067960430000000294e+00 -6.814697709999999908e+00 -6.561495840000000079e+00 -6.308354030000000279e+00 -6.055271499999999918e+00 -5.802247440000000367e+00 -5.549281090000000027e+00 -5.296371670000000087e+00 -5.043518409999999896e+00 -4.790720539999999694e+00 -4.537977309999999598e+00 -4.285287959999999785e+00 -4.032651740000000373e+00 -3.780067910000000087e+00 -3.527535739999999809e+00 -3.275054480000000101e+00 -3.022623429999999889e+00 -2.770241850000000117e+00 -2.517909030000000214e+00 -2.265624260000000056e+00 -2.013386839999999900e+00 -1.761196070000000002e+00 -1.509051259999999894e+00 -1.256951710000000055e+00 -1.004896760000000056e+00 -7.528857100000000413e-01 -5.009179049999999966e-01 -2.489926749999999966e-01
1.187763280000000066e+01 1.212809550000000058e+01 1.237854339999999986e+01 1.262897689999999962e+01 1.287939650000000036e+01 1.312980259999999966e+01 1.338019560000000041e+01 1.363057610000000075e+01 1.388094429999999946e+01 1.413130089999999939e+01 1.438164609999999932e+01 1.463198039999999978e+01 1.488230429999999949e+01 1.513261810000000018e+01 1.538292240000000000e+01 1.563321739999999949e+01 1.588350370000000034e+01 1.613378170000000011e+01 1.638405170000000055e+01 1.663431419999999861e+01 1.688456959999999896e+01 1.713481829999999917e+01 1.738506080000000154e+01 1.763529730000000129e+01 1.788552839999999833e+01 1.813575450000000089e+01 1.838597589999999826e+01 1.863619299999999868e+01 1.888640630000000087e+01 1.913661619999999886e+01 1.938682299999999969e+01 1.963702710000000096e+01 1.988722900000000138e+01 2.013742909999999853e+01 2.038762769999999946e+01 2.063782520000000176e+01 2.088802199999999942e+01 2.113821850000000069e+01 2.138841520000000074e+01 2.163861229999999836e+01 2.188881029999999939e+01 2.213900960000000140e+01 2.238921050000000079e+01 2.263941349999999986e+01 2.288961880000000093e+01 2.313982700000000037e+01 2.339003830000000050e+01 2.364025320000000008e+01 2.389047210000000021e+01 2.414069530000000086e+01
-1.274200949999999999e+01 -1.248728460000000062e+01 -1.223263910000000010e+01 -1.197807180000000038e+01 -1.172358209999999978e+01 -1.146916889999999967e+01 -1.121483150000000073e+01 -1.096056880000000078e+01 -1.070638010000000051e+01 -1.045226450000000007e+01 -1.019822109999999959e+01 -9.944249010000000055e+00 -9.690347400000000277e+00 -9.436515419999999210e+00 -9.182752199999999476e+00 -8.929056909999999903e+00 -8.675428710000000265e+00 -8.421866749999999513e+00 -8.168370200000000025e+00 -7.914938249999999620e+00 -7.661570049999999910e+00 -7.408264810000000367e+00 -7.155021709999999757e+00 -6.901839930000000400e+00 -6.648718679999999992e+00 -6.395657169999999780e+00 -6.142654590000000248e+00 -5.889710179999999795e+00 -5.636823139999999732e+00 -5.383992700000000298e+00 -5.131218099999999893e+00 -4.878498559999999706e+00 -4.625833339999999794e+00 -4.373221680000000333e+00 -4.120662839999999605e+00 -3.868156060000000007e+00 -3.615700630000000082e+00 -3.363295809999999886e+00 -3.110940869999999858e+00 -2.858635099999999873e+00 -2.606377779999999866e+00 -2.354168210000000094e+00 -2.102005699999999866e+00 -1.849889530000000004e+00 -1.597819019999999979e+00 -1.345793500000000087e+00 -1.093812269999999920e+00 -8.418746769999999602e-01 -5.899800410000000106e-01 -3.381277039999999734e-01
1.181822479999999942e+01 1.206864329999999974e+01 1.231904690000000002e+01 1.256943620000000017e+01 1.281981159999999953e+01 1.307017349999999922e+01 1.332052239999999976e+01 1.357085879999999989e+01 1.382118299999999955e+01 1.407149549999999927e+01 1.432179670000000016e+01 1.457208699999999979e+01 1.482236690000000046e+01 1.507263679999999972e+01 1.532289719999999988e+01 1.557314829999999972e+01 1.582339069999999914e+01 1.607362480000000104e+01 1.632385100000000122e+01 1.657406969999999902e+01 1.682428129999999911e+01 1.707448619999999906e+01 1.732468490000000116e+01 1.757487769999999827e+01 1.782506509999999977e+01 1.807524739999999852e+01 1.832542510000000036e+01 1.857559850000000168e+01 1.882576819999999884e+01 1.907593440000000129e+01 1.932609749999999948e+01 1.957625799999999927e+01 1.982641630000000177e+01 2.007657280000000100e+01 2.032672780000000046e+01 2.057688170000000127e+01 2.082703499999999863e+01 2.107718799999999959e+01 2.132734110000000172e+01 2.157749469999999903e+01 2.182764930000000092e+01 2.207780509999999907e+01 2.232796259999999933e+01 2.257812210000000164e+01 2.282828410000000119e+01 2.307844890000000149e+01 2.332861690000000010e+01 2.357878850000000170e+01 2.382896410000000031e+01 2.407914399999999944e+01
-1.281008770000000041e+01 -1.255543300000000073e+01 -1.230085739999999994e+01 -1.204635979999999940e+01 -1.179193949999999980e+01 -1.153759550000000011e+01 -1.128332699999999988e+01 -1.102913299999999985e+01 -1.077501280000000072e+01 -1.052096530000000030e+01 -1.026698979999999928e+01 -1.001308539999999958e+01 -9.759251190000000520e+00 -9.505486339999999146e+00 -9.251789990000000685e+00 -8.998161310000000412e+00 -8.744599440000000001e+00 -8.491103550000000055e+00 -8.237672809999999401e+00 -7.984306390000000420e+00 -7.731003460000000160e+00 -7.477763209999999994e+00 -7.224584830000000402e+00 -6.971467500000000150e+00 -6.718410440000000428e+00 -6.465412839999999939e+00 -6.212473909999999933e+00 -5.959592879999999759e+00 -5.706768949999999840e+00 -5.454001360000000354e+00 -5.201289329999999822e+00 -4.948632120000000079e+00 -4.696028949999999647e+00 -4.443479080000000359e+00 -4.190981769999999607e+00 -3.938536280000000112e+00 -3.686141870000000154e+00 -3.433797810000000172e+00 -3.181503390000000042e+00 -2.929257890000000142e+00 -2.677060599999999901e+00 -2.424910810000000083e+00 -2.172807829999999996e+00 -1.920750959999999896e+00 -1.668739530000000082e+00 -1.416772829999999983e+00 -1.164850209999999997e+00 -9.129709900000000378e-01 -6.611345079999999541e-01 -4.093401039999999824e-01
1.177546719999999958e+01 1.202585410000000010e+01 1.227622619999999998e+01 1.252658399999999972e+01 1.277692790000000045e+01 1.302725839999999913e+01 1.327757590000000043e+01 1.352788089999999954e+01 1.377817369999999997e+01 1.402845480000000045e+01 1.427872460000000032e+01 1.452898360000000011e+01 1.477923219999999915e+01 1.502947069999999918e+01 1.527969979999999950e+01 1.552991959999999949e+01 1.578013070000000084e+01 1.603033350000000112e+01 1.628052840000000145e+01 1.653071579999999940e+01 1.678089609999999965e+01 1.703106980000000092e+01 1.728123719999999963e+01 1.753139880000000161e+01 1.778155489999999972e+01 1.803170599999999979e+01 1.828185239999999823e+01 1.853199460000000087e+01 1.878213300000000174e+01 1.903226799999999841e+01 1.928239990000000148e+01 1.953252919999999904e+01 1.978265629999999931e+01 2.003278159999999986e+01 2.028290540000000064e+01 2.053302809999999923e+01 2.078315020000000146e+01 2.103327210000000136e+01 2.128339409999999887e+01 2.153351659999999868e+01 2.178363999999999834e+01 2.203376469999999898e+01 2.228389100000000056e+01 2.253401949999999943e+01 2.278415040000000147e+01 2.303428410000000071e+01 2.328442109999999943e+01 2.353456170000000114e+01 2.378470619999999869e+01 2.403485510000000147e+01
-1.286098540000000057e+01 -1.260638329999999918e+01 -1.235186009999999968e+01 -1.209741479999999925e+01 -1.184304659999999920e+01 -1.158875450000000029e+01 -1.133453760000000088e+01 -1.108039519999999989e+01 -1.082632620000000045e+01 -1.057232989999999972e+01 -1.031840530000000022e+01 -1.006455150000000032e+01 -9.810767809999999756e+00 -9.557053249999999167e+00 -9.303406999999999982e+00 -9.049828189999999495e+00 -8.796315999999999136e+00 -8.542869590000000457e+00 -8.289488110000000631e+00 -8.036170739999999313e+00 -7.782916659999999709e+00 -7.529725059999999637e+00 -7.276595109999999700e+00 -7.023526020000000258e+00 -6.770516980000000018e+00 -6.517567200000000227e+00 -6.264675880000000419e+00 -6.011842249999999943e+00 -5.759065529999999988e+00 -5.506344939999999966e+00 -5.253679710000000114e+00 -5.001069089999999662e+00 -4.748512329999999615e+00 -4.496008660000000212e+00 -4.243557349999999673e+00 -3.991157670000000213e+00 -3.738808870000000173e+00 -3.486510239999999872e+00 -3.234261060000000132e+00 -2.982060600000000061e+00 -2.729908169999999856e+00 -2.477803059999999835e+00 -2.225744569999999811e+00 -1.973732019999999920e+00 -1.721764719999999915e+00 -1.469841989999999932e+00 -1.217963160000000045e+00 -9.661275670000000204e-01 -7.143345399999999623e-01 -4.625834280000000187e-01
1.174940239999999925e+01 1.199977050000000034e+01 1.225012380000000078e+01 1.250046279999999932e+01 1.275078800000000001e+01 1.300109969999999926e+01 1.325139850000000052e+01 1.350168470000000021e+01 1.375195880000000059e+01 1.400222109999999986e+01 1.425247219999999970e+01 1.450271249999999945e+01 1.475294240000000023e+01 1.500316220000000023e+01 1.525337249999999933e+01 1.550357370000000046e+01 1.575376609999999999e+01 1.600395010000000084e+01 1.625412629999999936e+01 1.650429499999999905e+01 1.675445669999999865e+01 1.700461160000000049e+01 1.725476030000000094e+01 1.750490320000000111e+01 1.775504060000000095e+01 1.800517299999999921e+01 1.825530080000000055e+01 1.850542430000000138e+01 1.875554400000000044e+01 1.900566029999999884e+01 1.925577350000000010e+01 1.950588420000000056e+01 1.975599250000000140e+01 2.000609910000000013e+01 2.025620419999999910e+01 2.050630830000000060e+01 2.075641179999999864e+01 2.100651489999999910e+01 2.125661829999999952e+01 2.150672210000000106e+01 2.175682679999999891e+01 2.200693289999999891e+01 2.225704059999999984e+01 2.250715040000000045e+01 2.275726269999999829e+01 2.300737780000000043e+01 2.325749619999999851e+01 2.350761809999999841e+01 2.375774410000000003e+01 2.400787439999999862e+01
-1.289466619999999963e+01 -1.264009940000000043e+01 -1.238561140000000016e+01 -1.213120110000000018e+01 -1.187686770000000003e+01 -1.162261039999999923e+01 -1.136842820000000032e+01 -1.111432019999999987e+01 -1.086028559999999921e+01 -1.060632340000000085e+01 -1.035243290000000016e+01 -1.009861309999999968e+01 -9.844863189999999875e+00 -9.591182290000000776e+00 -9.337569549999999552e+00 -9.084024120000000480e+00 -8.830545170000000610e+00 -8.577131839999999841e+00 -8.323783320000000430e+00 -8.070498759999999550e+00 -7.817277350000000347e+00 -7.564118279999999750e+00 -7.311020720000000139e+00 -7.057983870000000159e+00 -6.805006930000000231e+00 -6.552089119999999767e+00 -6.299229630000000135e+00 -6.046427679999999860e+00 -5.793682500000000068e+00 -5.540993320000000111e+00 -5.288359370000000226e+00 -5.035779879999999764e+00 -4.783254109999999670e+00 -4.530781310000000062e+00 -4.278360740000000106e+00 -4.025991649999999922e+00 -3.773673329999999826e+00 -3.521405029999999936e+00 -3.269186060000000005e+00 -3.017015690000000028e+00 -2.764893209999999879e+00 -2.512817940000000139e+00 -2.260789169999999793e+00 -2.008806209999999925e+00 -1.756868380000000007e+00 -1.504974999999999952e+00 -1.253125409999999995e+00 -1.001318939999999991e+00 -7.495549259999999547e-01 -4.978327169999999802e-01
1.174005610000000033e+01 1.199041809999999941e+01 1.224076529999999963e+01 1.249109830000000088e+01 1.274141730000000017e+01 1.299172300000000035e+01 1.324201569999999961e+01 1.349229580000000084e+01 1.374256369999999983e+01 1.399282000000000004e+01 1.424306499999999964e+01 1.449329919999999916e+01 1.474352299999999971e+01 1.499373680000000064e+01 1.524394099999999952e+01 1.549413599999999924e+01 1.574432230000000033e+01 1.599450030000000034e+01 1.624467040000000040e+01 1.649483299999999986e+01 1.674498859999999922e+01 1.699513740000000084e+01 1.724528009999999867e+01 1.749541680000000099e+01 1.774554810000000060e+01 1.799567439999999863e+01 1.824579609999999974e+01 1.849591350000000034e+01 1.874602709999999917e+01 1.899613730000000089e+01 1.924624449999999953e+01 1.949634899999999860e+01 1.974645130000000037e+01 1.999655170000000126e+01 2.024665080000000117e+01 2.049674879999999888e+01 2.074684609999999907e+01 2.099694320000000047e+01 2.124704039999999949e+01 2.149713810000000080e+01 2.174723669999999842e+01 2.199733670000000174e+01 2.224743829999999889e+01 2.249754199999999926e+01 2.274764820000000043e+01 2.299775719999999879e+01 2.324786950000000019e+01 2.349798529999999985e+01 2.374810520000000125e+01 2.399822939999999960e+01
-1.291110579999999963e+01 -1.265655699999999939e+01 -1.240208690000000047e+01 -1.214769450000000006e+01 -1.189337890000000009e+01 -1.163913930000000008e+01 -1.138497470000000078e+01 -1.113088429999999995e+01 -1.087686719999999951e+01 -1.062292249999999960e+01 -1.036904930000000036e+01 -1.011524679999999954e+01 -9.861514100000000838e+00 -9.607850349999999651e+00 -9.354254680000000377e+00 -9.100726249999999240e+00 -8.847264230000000396e+00 -8.593867749999999361e+00 -8.340536009999999223e+00 -8.087268160000000705e+00 -7.834063379999999910e+00 -7.580920859999999983e+00 -7.327839789999999631e+00 -7.074819360000000223e+00 -6.821858759999999577e+00 -6.568957209999999769e+00 -6.316113910000000331e+00 -6.063328089999999726e+00 -5.810598960000000091e+00 -5.557925759999999826e+00 -5.305307710000000121e+00 -5.052744070000000143e+00 -4.800234070000000131e+00 -4.547776960000000201e+00 -4.295372020000000290e+00 -4.043018489999999687e+00 -3.790715660000000042e+00 -3.538462800000000019e+00 -3.286259180000000057e+00 -3.034104109999999910e+00 -2.781996860000000016e+00 -2.529936750000000067e+00 -2.277923079999999878e+00 -2.025955170000000027e+00 -1.774032320000000107e+00 -1.522153869999999909e+00 -1.270319140000000013e+00 -1.018527469999999990e+00 -7.667781970000000502e-01 -5.150706760000000051e-01
1.174744980000000005e+01 1.199781839999999988e+01 1.224817220000000084e+01 1.249851169999999989e+01 1.274883739999999932e+01 1.299914960000000086e+01 1.324944890000000086e+01 1.349973559999999928e+01 1.375001010000000079e+01 1.400027299999999997e+01 1.425052460000000032e+01 1.450076529999999941e+01 1.475099570000000071e+01 1.500121599999999944e+01 1.525142680000000084e+01 1.550162839999999953e+01 1.575182129999999958e+01 1.600200579999999917e+01 1.625218249999999998e+01 1.650235160000000079e+01 1.675251370000000151e+01 1.700266909999999854e+01 1.725281830000000127e+01 1.750296159999999901e+01 1.775309950000000114e+01 1.800323230000000052e+01 1.825336049999999943e+01 1.850348449999999900e+01 1.875360459999999918e+01 1.900372129999999871e+01 1.925383499999999870e+01 1.950394599999999912e+01 1.975405489999999986e+01 2.000416179999999855e+01 2.025426739999999981e+01 2.050437189999999887e+01 2.075447570000000042e+01 2.100457929999999962e+01 2.125468299999999999e+01 2.150478730000000027e+01 2.175489239999999924e+01 2.200499890000000036e+01 2.225510699999999886e+01 2.250521720000000059e+01 2.275532989999999955e+01 2.300544539999999927e+01 2.325556410000000085e+01 2.350568639999999832e+01 2.375581280000000106e+01 2.400594350000000077e+01
-1.291032479999999971e+01 -1.265577670000000055e+01 -1.240130729999999915e+01 -1.214691559999999981e+01 -1.189260080000000031e+01 -1.163836189999999959e+01 -1.138419810000000076e+01 -1.113010839999999924e+01 -1.087609199999999987e+01 -1.062214810000000043e+01 -1.036827560000000048e+01 -1.011447380000000074e+01 -9.860741850000000142e+00 -9.607078800000000030e+00 -9.353483840000000882e+00 -9.099956110000000820e+00 -8.846494780000000446e+00 -8.593099000000000487e+00 -8.339767939999999768e+00 -8.086500779999999722e+00 -7.833296680000000123e+00 -7.580154839999999616e+00 -7.327074429999999694e+00 -7.074054659999999828e+00 -6.821094730000000439e+00 -6.568193840000000172e+00 -6.315351190000000337e+00 -6.062566020000000222e+00 -5.809837540000000189e+00 -5.557164979999999588e+00 -5.304547570000000434e+00 -5.051984550000000240e+00 -4.799475179999999952e+00 -4.547018709999999686e+00 -4.294614379999999620e+00 -4.042261479999999629e+00 -3.789959259999999830e+00 -3.537707000000000157e+00 -3.285503999999999980e+00 -3.033349519999999799e+00 -2.781242880000000195e+00 -2.529183370000000153e+00 -2.277170289999999930e+00 -2.025202960000000107e+00 -1.773280699999999932e+00 -1.521402820000000045e+00 -1.269568669999999955e+00 -1.017777579999999960e+00 -7.660288790000000514e-01 -5.143219270000000121e-01
1.177159209999999945e+01 1.202197999999999922e+01 1.227235310000000013e+01 1.252271200000000029e+01 1.277305690000000027e+01 1.302338839999999998e+01 1.327370690000000053e+01 1.352401290000000067e+01 1.377430670000000035e+01 1.402458880000000008e+01 1.427485959999999920e+01 1.452511960000000002e+01 1.477536910000000070e+01 1.502560869999999937e+01 1.527583860000000016e+01 1.552605939999999940e+01 1.577627150000000000e+01 1.602647520000000014e+01 1.627667110000000150e+01 1.652685939999999931e+01 1.677704059999999942e+01 1.702721520000000055e+01 1.727738349999999912e+01 1.752754600000000096e+01 1.777770299999999892e+01 1.802785499999999885e+01 1.827800239999999832e+01 1.852814550000000082e+01 1.877828470000000038e+01 1.902842060000000046e+01 1.927855339999999984e+01 1.952868360000000081e+01 1.977881149999999977e+01 2.002893759999999901e+01 2.027906229999999965e+01 2.052918590000000165e+01 2.077930879999999902e+01 2.102943150000000117e+01 2.127955430000000092e+01 2.152967770000000058e+01 2.177980189999999894e+01 2.202992739999999827e+01 2.228005459999999971e+01 2.253018379999999965e+01 2.278031560000000155e+01 2.303045009999999948e+01 2.328058779999999928e+01 2.353072919999999968e+01 2.378087449999999947e+01 2.403102420000000095e+01
-1.289231769999999955e+01 -1.263775309999999941e+01 -1.238326729999999998e+01 -1.212885920000000084e+01 -1.187452809999999914e+01 -1.162027299999999919e+01 -1.136609289999999994e+01 -1.111198710000000034e+01 -1.085795470000000051e+01 -1.060399469999999944e+01 -1.035010630000000020e+01 -1.009628870000000056e+01 -9.842540879999999603e+00 -9.588862080000000176e+00 -9.335251440000000400e+00 -9.081708100000000172e+00 -8.828231219999999269e+00 -8.574819950000000190e+00 -8.321473470000000816e+00 -8.068190949999999972e+00 -7.814971569999999979e+00 -7.561814499999999661e+00 -7.308718940000000330e+00 -7.055684079999999803e+00 -6.802709110000000337e+00 -6.549793260000000394e+00 -6.296935719999999570e+00 -6.044135709999999939e+00 -5.791392459999999964e+00 -5.538705189999999945e+00 -5.286073140000000059e+00 -5.033495549999999596e+00 -4.780971659999999623e+00 -4.528500730000000196e+00 -4.276082009999999656e+00 -4.023714769999999774e+00 -3.771398280000000103e+00 -3.519131810000000193e+00 -3.266914649999999920e+00 -3.014746080000000106e+00 -2.762625400000000120e+00 -2.510551910000000220e+00 -2.258524910000000219e+00 -2.006543709999999869e+00 -1.754607629999999974e+00 -1.502715999999999941e+00 -1.250868139999999906e+00 -9.990633899999999956e-01 -7.473010890000000295e-01 -4.955805839999999907e-01
1.181246980000000057e+01 1.206288980000000066e+01 1.231329490000000071e+01 1.256368580000000001e+01 1.281406269999999914e+01 1.306442619999999977e+01 1.331477669999999947e+01 1.356511449999999996e+01 1.381544019999999939e+01 1.406575420000000065e+01 1.431605689999999953e+01 1.456634880000000010e+01 1.481663009999999936e+01 1.506690150000000017e+01 1.531716330000000070e+01 1.556741590000000031e+01 1.581765979999999949e+01 1.606789529999999999e+01 1.631812289999999876e+01 1.656834299999999871e+01 1.681855600000000095e+01 1.706876240000000067e+01 1.731896240000000020e+01 1.756915659999999946e+01 1.781934539999999956e+01 1.806952910000000045e+01 1.831970809999999972e+01 1.856988289999999964e+01 1.882005390000000133e+01 1.907022140000000121e+01 1.932038590000000156e+01 1.957054769999999877e+01 1.982070729999999870e+01 2.007086509999999890e+01 2.032102139999999935e+01 2.057117660000000114e+01 2.082133119999999948e+01 2.107148550000000142e+01 2.132163990000000098e+01 2.157179479999999927e+01 2.182195060000000097e+01 2.207210759999999894e+01 2.232226640000000017e+01 2.257242709999999875e+01 2.282259030000000166e+01 2.307275639999999939e+01 2.332292560000000137e+01 2.357309839999999923e+01 2.382327520000000121e+01 2.407345630000000014e+01
-1.285712209999999978e+01 -1.260252380000000016e+01 -1.234800429999999949e+01 -1.209356269999999967e+01 -1.183919810000000084e+01 -1.158490970000000075e+01 -1.133069650000000017e+01 -1.107655759999999923e+01 -1.082249230000000040e+01 -1.056849949999999971e+01 -1.031457849999999965e+01 -1.006072829999999918e+01 -9.806948079999999734e+00 -9.553237030000000019e+00 -9.299594250000000173e+00 -9.046018910000000801e+00 -8.792510160000000852e+00 -8.539067169999999152e+00 -8.285689089999999979e+00 -8.032375099999999435e+00 -7.779124389999999778e+00 -7.525936119999999896e+00 -7.272809500000000149e+00 -7.019743710000000192e+00 -6.766737949999999557e+00 -6.513791430000000382e+00 -6.260903360000000362e+00 -6.008072949999999857e+00 -5.755299429999999994e+00 -5.502582030000000124e+00 -5.249919969999999658e+00 -4.997312499999999602e+00 -4.744758860000000134e+00 -4.492258310000000421e+00 -4.239810099999999693e+00 -3.987413489999999783e+00 -3.735067749999999798e+00 -3.482772160000000117e+00 -3.230525989999999847e+00 -2.978328540000000135e+00 -2.726179099999999966e+00 -2.474076950000000163e+00 -2.222021419999999914e+00 -1.970011809999999919e+00 -1.718047429999999931e+00 -1.466127600000000086e+00 -1.214251659999999955e+00 -9.624189359999999471e-01 -7.106287650000000511e-01 -4.588804940000000276e-01
1.187009040000000049e+01 1.212055520000000008e+01 1.237100509999999964e+01 1.262144070000000085e+01 1.287186239999999948e+01 1.312227050000000084e+01 1.337266559999999949e+01 1.362304810000000010e+01 1.387341840000000026e+01 1.412377689999999930e+01 1.437412409999999952e+01 1.462446049999999964e+01 1.487478630000000024e+01 1.512510209999999944e+01 1.537540830000000014e+01 1.562570539999999930e+01 1.587599359999999926e+01 1.612627349999999993e+01 1.637654540000000125e+01 1.662680980000000019e+01 1.687706710000000143e+01 1.712731769999999898e+01 1.737756209999999868e+01 1.762780049999999932e+01 1.787803350000000080e+01 1.812826139999999953e+01 1.837848460000000017e+01 1.862870360000000147e+01 1.887891869999999983e+01 1.912913040000000109e+01 1.937933900000000165e+01 1.962954500000000024e+01 1.987974859999999921e+01 2.012995049999999964e+01 2.038015079999999912e+01 2.063035010000000113e+01 2.088054869999999852e+01 2.113074689999999833e+01 2.138094530000000049e+01 2.163114420000000138e+01 2.188134390000000096e+01 2.213154490000000152e+01 2.238174749999999946e+01 2.263195209999999946e+01 2.288215920000000025e+01 2.313236900000000063e+01 2.338258199999999931e+01 2.363279860000000099e+01 2.388301909999999850e+01 2.413324390000000008e+01
-1.280477669999999968e+01 -1.255012729999999976e+01 -1.229555679999999995e+01 -1.204106439999999978e+01 -1.178664930000000055e+01 -1.153231040000000007e+01 -1.127804700000000082e+01 -1.102385809999999999e+01 -1.076974290000000067e+01 -1.051570049999999945e+01 -1.026173000000000002e+01 -1.000783050000000074e+01 -9.754001219999999250e+00 -9.500241270000000071e+00 -9.246549809999999425e+00 -8.992925969999999936e+00 -8.739368929999999480e+00 -8.485877829999999733e+00 -8.232451859999999400e+00 -7.979090170000000093e+00 -7.725791949999999630e+00 -7.472556390000000270e+00 -7.219382659999999952e+00 -6.966269969999999923e+00 -6.713217499999999838e+00 -6.460224479999999936e+00 -6.207290099999999811e+00 -5.954413579999999762e+00 -5.701594140000000088e+00 -5.448831010000000141e+00 -5.196123430000000099e+00 -4.943470620000000260e+00 -4.690871839999999793e+00 -4.438326339999999703e+00 -4.185833360000000170e+00 -3.933392169999999854e+00 -3.681002050000000025e+00 -3.428662249999999911e+00 -3.176372059999999831e+00 -2.924130770000000101e+00 -2.671937660000000214e+00 -2.419792029999999983e+00 -2.167693190000000047e+00 -1.915640430000000061e+00 -1.663633080000000097e+00 -1.411670460000000071e+00 -1.159751879999999957e+00 -9.078766809999999632e-01 -6.560441980000000228e-01 -4.042537729999999829e-01
1.194438549999999921e+01 1.219490790000000047e+01 1.244541549999999930e+01 1.269590870000000038e+01 1.294638780000000011e+01 1.319685340000000018e+01 1.344730589999999992e+01 1.369774570000000047e+01 1.394817319999999938e+01 1.419858900000000013e+01 1.444899340000000088e+01 1.469938679999999920e+01 1.494976980000000033e+01 1.520014259999999950e+01 1.545050580000000018e+01 1.570085979999999992e+01 1.595120499999999986e+01 1.620154180000000110e+01 1.645187059999999946e+01 1.670219180000000136e+01 1.695250589999999846e+01 1.720281329999999897e+01 1.745311429999999930e+01 1.770340940000000174e+01 1.795369910000000147e+01 1.820398360000000082e+01 1.845426339999999854e+01 1.870453900000000047e+01 1.895481059999999829e+01 1.920507879999999901e+01 1.945534389999999902e+01 1.970560629999999946e+01 1.995586640000000145e+01 2.020612459999999899e+01 2.045638130000000032e+01 2.070663679999999829e+01 2.095689169999999990e+01 2.120714620000000039e+01 2.145740079999999850e+01 2.170765589999999889e+01 2.195791170000000037e+01 2.220816879999999927e+01 2.245842749999999910e+01 2.270868820000000099e+01 2.295895129999999895e+01 2.320921710000000004e+01 2.345948609999999945e+01 2.370975849999999951e+01 2.396003490000000014e+01 2.421031550000000010e+01
-1.273535880000000020e+01 -1.248064070000000036e+01 -1.222600189999999998e+01 -1.197144130000000040e+01 -1.171695820000000055e+01 -1.146255170000000057e+01 -1.120822079999999943e+01 -1.095396470000000022e+01 -1.069978249999999953e+01 -1.044567340000000044e+01 -1.019163640000000015e+01 -9.937670699999999968e+00 -9.683775459999999669e+00 -9.429949799999999271e+00 -9.176192880000000329e+00 -8.922503850000000014e+00 -8.668881869999999878e+00 -8.415326099999999698e+00 -8.161835710000000077e+00 -7.908409869999999842e+00 -7.655047760000000423e+00 -7.401748559999999699e+00 -7.148511459999999929e+00 -6.895335659999999756e+00 -6.642220349999999662e+00 -6.389164730000000070e+00 -6.136168030000000329e+00 -5.883229440000000032e+00 -5.630348200000000247e+00 -5.377523519999999557e+00 -5.124754649999999856e+00 -4.872040809999999667e+00 -4.619381249999999994e+00 -4.366775210000000129e+00 -4.114221960000000067e+00 -3.861720749999999924e+00 -3.609270840000000202e+00 -3.356871509999999947e+00 -3.104522030000000044e+00 -2.852221679999999981e+00 -2.599969760000000019e+00 -2.347765560000000029e+00 -2.095608369999999887e+00 -1.843497509999999950e+00 -1.591432280000000032e+00 -1.339411990000000108e+00 -1.087435979999999969e+00 -8.355035640000000319e-01 -5.836140819999999785e-01 -3.317668690000000198e-01
1.203532709999999994e+01 1.228592019999999962e+01 1.253649829999999987e+01 1.278706180000000003e+01 1.303761130000000001e+01 1.328814709999999977e+01 1.353866979999999920e+01 1.378917960000000065e+01 1.403967719999999986e+01 1.429016290000000033e+01 1.454063709999999965e+01 1.479110039999999948e+01 1.504155300000000040e+01 1.529199559999999991e+01 1.554242840000000037e+01 1.579285190000000050e+01 1.604326650000000143e+01 1.629367269999999834e+01 1.654407080000000008e+01 1.679446129999999826e+01 1.704484469999999874e+01 1.729522120000000029e+01 1.754559139999999928e+01 1.779595550000000159e+01 1.804631420000000119e+01 1.829666770000000042e+01 1.854701640000000040e+01 1.879736079999999987e+01 1.904770129999999995e+01 1.929803820000000059e+01 1.954837200000000053e+01 1.979870310000000089e+01 2.004903180000000162e+01 2.029935860000000147e+01 2.054968380000000039e+01 2.080000779999999949e+01 2.105033110000000107e+01 2.130065400000000153e+01 2.155097689999999844e+01 2.180130020000000002e+01 2.205162430000000029e+01 2.230194960000000037e+01 2.255227640000000022e+01 2.280260519999999858e+01 2.305293629999999894e+01 2.330327000000000126e+01 2.355360689999999835e+01 2.380394719999999964e+01 2.405429129999999915e+01 2.430463969999999918e+01
-1.264893550000000033e+01 -1.239413120000000035e+01 -1.213940640000000037e+01 -1.188476020000000055e+01 -1.163019169999999924e+01 -1.137570009999999954e+01 -1.112128440000000040e+01 -1.086694379999999960e+01 -1.061267740000000082e+01 -1.035848440000000004e+01 -1.010436379999999978e+01 -9.850314779999999715e+00 -9.596336539999999360e+00 -9.342428200000000516e+00 -9.088588899999999526e+00 -8.834817799999999721e+00 -8.581114060000000876e+00 -8.327476850000000042e+00 -8.073905339999999597e+00 -7.820398690000000208e+00 -7.566956089999999691e+00 -7.313576720000000364e+00 -7.060259779999999985e+00 -6.807004440000000045e+00 -6.553809919999999956e+00 -6.300675410000000198e+00 -6.047600130000000185e+00 -5.794583290000000275e+00 -5.541624109999999881e+00 -5.288721810000000190e+00 -5.035875629999999603e+00 -4.783084790000000197e+00 -4.530348550000000252e+00 -4.277666149999999945e+00 -4.025036830000000343e+00 -3.772459870000000048e+00 -3.519934510000000127e+00 -3.267460040000000010e+00 -3.015035720000000197e+00 -2.762660830000000178e+00 -2.510334670000000212e+00 -2.258056509999999850e+00 -2.005825660000000177e+00 -1.753641419999999895e+00 -1.501503100000000090e+00 -1.249410010000000071e+00 -9.973614629999999481e-01 -7.453567930000000175e-01 -4.933953249999999957e-01 -2.414763950000000103e-01
1.214286790000000060e+01 1.239354460000000024e+01 1.264420619999999928e+01 1.289485310000000062e+01 1.314548579999999944e+01 1.339610479999999981e+01 1.364671039999999991e+01 1.389730319999999963e+01 1.414788360000000011e+01 1.439845189999999953e+01 1.464900880000000072e+01 1.489955450000000070e+01 1.515008949999999999e+01 1.540061430000000087e+01 1.565112929999999913e+01 1.590163480000000007e+01 1.615213139999999825e+01 1.640261950000000013e+01 1.665309949999999972e+01 1.690357170000000053e+01 1.715403669999999892e+01 1.740449479999999838e+01 1.765494640000000004e+01 1.790539199999999909e+01 1.815583200000000019e+01 1.840626669999999976e+01 1.865669660000000007e+01 1.890712209999999871e+01 1.915754360000000034e+01 1.940796140000000136e+01 1.965837610000000168e+01 1.990878790000000009e+01 2.015919740000000004e+01 2.040960480000000032e+01 2.066001059999999967e+01 2.091041510000000159e+01 2.116081880000000126e+01 2.141122209999999981e+01 2.166162530000000075e+01 2.191202880000000164e+01 2.216243310000000122e+01 2.241283839999999827e+01 2.266324519999999865e+01 2.291365389999999991e+01 2.316406479999999846e+01 2.341447840000000014e+01 2.366489500000000135e+01 2.391531489999999849e+01 2.416573869999999857e+01 2.441616649999999922e+01
-1.254560150000000007e+01 -1.229069329999999916e+01 -1.203586489999999998e+01 -1.178111550000000030e+01 -1.152644410000000086e+01 -1.127184989999999942e+01 -1.101733190000000029e+01 -1.076288940000000061e+01 -1.050852139999999935e+01 -1.025422709999999960e+01 -1.000000550000000032e+01 -9.745855979999999974e+00 -9.491777519999999413e+00 -9.237769309999999123e+00 -8.983830510000000658e+00 -8.729960260000000360e+00 -8.476157739999999663e+00 -8.222422110000000117e+00 -7.968752529999999723e+00 -7.715148189999999850e+00 -7.461608270000000154e+00 -7.208131950000000288e+00 -6.954718419999999846e+00 -6.701366870000000198e+00 -6.448076509999999928e+00 -6.194846540000000346e+00 -5.941676160000000095e+00 -5.688564590000000365e+00 -5.435511059999999617e+00 -5.182514779999999988e+00 -4.929574979999999940e+00 -4.676690899999999651e+00 -4.423861790000000127e+00 -4.171086869999999891e+00 -3.918365409999999827e+00 -3.665696669999999990e+00 -3.413079890000000116e+00 -3.160514360000000078e+00 -2.907999329999999993e+00 -2.655534090000000180e+00 -2.403117930000000069e+00 -2.150750120000000098e+00 -1.898429970000000022e+00 -1.646156769999999936e+00 -1.393929830000000036e+00 -1.141748449999999915e+00 -8.896119580000000360e-01 -6.375196669999999566e-01 -3.854709040000000031e-01 -1.334650009999999998e-01
1.226641550000000080e+01 1.251718920000000068e+01 1.276794750000000001e+01 1.301869100000000046e+01 1.326942009999999961e+01 1.352013529999999975e+01 1.377083700000000022e+01 1.402152569999999976e+01 1.427220179999999949e+01 1.452286570000000054e+01 1.477351799999999926e+01 1.502415899999999915e+01 1.527478920000000073e+01 1.552540899999999979e+01 1.577601890000000040e+01 1.602661919999999895e+01 1.627721049999999892e+01 1.652779299999999907e+01 1.677836729999999932e+01 1.702893380000000079e+01 1.727949290000000104e+01 1.753004500000000121e+01 1.778059049999999885e+01 1.803112979999999865e+01 1.828166339999999934e+01 1.853219169999999849e+01 1.878271499999999961e+01 1.903323380000000142e+01 1.928374850000000151e+01 1.953425939999999983e+01 1.978476709999999983e+01 2.003527180000000030e+01 2.028577399999999997e+01 2.053627399999999881e+01 2.078677240000000026e+01 2.103726939999999956e+01 2.128776549999999901e+01 2.153826099999999855e+01 2.178875629999999930e+01 2.203925190000000001e+01 2.228974810000000062e+01 2.254024529999999871e+01 2.279074389999999894e+01 2.304124429999999890e+01 2.329174679999999853e+01 2.354225179999999895e+01 2.379275970000000129e+01 2.404327100000000073e+01 2.429378589999999960e+01 2.454430490000000020e+01
-1.242545849999999952e+01 -1.217042889999999922e+01 -1.191547940000000061e+01 -1.166060910000000028e+01 -1.140581730000000071e+01 -1.115110289999999971e+01 -1.089646519999999974e+01 -1.064190329999999918e+01 -1.038741629999999994e+01 -1.013300330000000038e+01 -9.878663559999999677e+00 -9.624396129999999161e+00 -9.370200179999999435e+00 -9.116074870000000274e+00 -8.862019359999999679e+00 -8.608032809999999202e+00 -8.354114369999999568e+00 -8.100263240000000309e+00 -7.846478560000000435e+00 -7.592759530000000368e+00 -7.339105329999999761e+00 -7.085515140000000045e+00 -6.831988149999999926e+00 -6.578523559999999826e+00 -6.325120570000000164e+00 -6.071778390000000414e+00 -5.818496210000000168e+00 -5.565273269999999606e+00 -5.312108779999999975e+00 -5.059001949999999859e+00 -4.805952030000000263e+00 -4.552958249999999651e+00 -4.300019840000000038e+00 -4.047136049999999763e+00 -3.794306119999999893e+00 -3.541529319999999981e+00 -3.288804910000000081e+00 -3.036132139999999868e+00 -2.783510290000000165e+00 -2.530938630000000078e+00 -2.278416449999999926e+00 -2.025943020000000150e+00 -1.773517650000000057e+00 -1.521139620000000026e+00 -1.268808240000000032e+00 -1.016522820000000049e+00 -7.642826630000000288e-01 -5.120870889999999953e-01 -2.599354220000000271e-01 -7.826988769999999526e-03
1.240522720000000056e+01 1.265611119999999978e+01 1.290697980000000022e+01 1.315783330000000007e+01 1.340867219999999982e+01 1.365949700000000000e+01 1.391030800000000056e+01 1.416110590000000080e+01 1.441189089999999950e+01 1.466266360000000013e+01 1.491342440000000025e+01 1.516417380000000037e+01 1.541491210000000045e+01 1.566563990000000040e+01 1.591635750000000016e+01 1.616706539999999848e+01 1.641776399999999825e+01 1.666845380000000176e+01 1.691913509999999832e+01 1.716980849999999847e+01 1.742047420000000102e+01 1.767113279999999875e+01 1.792178469999999990e+01 1.817243020000000087e+01 1.842306980000000038e+01 1.867370400000000075e+01 1.892433300000000074e+01 1.917495729999999909e+01 1.942557740000000166e+01 1.967619360000000128e+01 1.992680629999999908e+01 2.017741589999999974e+01 2.042802289999999843e+01 2.067862759999999867e+01 2.092923049999999918e+01 2.117983189999999993e+01 2.143043210000000087e+01 2.168103169999999835e+01 2.193163099999999943e+01 2.218223040000000168e+01 2.243283029999999911e+01 2.268343109999999996e+01 2.293403310000000062e+01 2.318463669999999865e+01 2.343524239999999992e+01 2.368585039999999964e+01 2.393646130000000127e+01 2.418707530000000006e+01 2.443769289999999828e+01 2.468831439999999944e+01
-1.228862280000000062e+01 -1.203345400000000076e+01 -1.177836570000000016e+01 -1.152335710000000013e+01 -1.126842719999999964e+01 -1.101357529999999940e+01 -1.075880030000000076e+01 -1.050410150000000087e+01 -1.024947799999999987e+01 -9.994928979999999186e+00 -9.740453540000000743e+00 -9.486050840000000761e+00 -9.231720040000000793e+00 -8.977460300000000615e+00 -8.723270780000000002e+00 -8.469150640000000507e+00 -8.215099060000000009e+00 -7.961115200000000058e+00 -7.707198250000000250e+00 -7.453347390000000239e+00 -7.199561789999999739e+00 -6.945840650000000061e+00 -6.692183169999999848e+00 -6.438588529999999643e+00 -6.185055949999999747e+00 -5.931584619999999752e+00 -5.678173769999999898e+00 -5.424822599999999717e+00 -5.171530330000000397e+00 -4.918296200000000340e+00 -4.665119429999999845e+00 -4.411999250000000039e+00 -4.158934900000000212e+00 -3.905925630000000037e+00 -3.652970690000000076e+00 -3.400069330000000001e+00 -3.147220799999999929e+00 -2.894424379999999797e+00 -2.641679330000000103e+00 -2.388984919999999956e+00 -2.136340440000000118e+00 -1.883745159999999919e+00 -1.631198380000000059e+00 -1.378699380000000030e+00 -1.126247479999999968e+00 -8.738419619999999721e-01 -6.214821480000000120e-01 -3.691673489999999780e-01 -1.168968829999999931e-01 1.353299239999999903e-01
1.256028230000000079e+01 1.281129029999999958e+01 1.306228250000000024e+01 1.331325939999999974e+01 1.356422139999999921e+01 1.381516899999999914e+01 1.406610260000000068e+01 1.431702280000000016e+01 1.456792979999999993e+01 1.481882440000000045e+01 1.506970669999999934e+01 1.532057739999999946e+01 1.557143680000000074e+01 1.582228540000000017e+01 1.607312359999999885e+01 1.632395179999999968e+01 1.657477060000000080e+01 1.682558029999999860e+01 1.707638130000000132e+01 1.732717420000000175e+01 1.757795919999999867e+01 1.782873680000000149e+01 1.807950749999999829e+01 1.833027170000000083e+01 1.858102979999999960e+01 1.883178210000000163e+01 1.908252919999999975e+01 1.933327140000000099e+01 1.958400909999999939e+01 1.983474269999999962e+01 2.008547270000000040e+01 2.033619949999999932e+01 2.058692339999999987e+01 2.083764479999999963e+01 2.108836429999999851e+01 2.133908200000000122e+01 2.158979850000000056e+01 2.184051420000000121e+01 2.209122939999999957e+01 2.234194450000000032e+01 2.259265999999999863e+01 2.284337620000000157e+01 2.309409339999999844e+01 2.334481219999999979e+01 2.359553280000000086e+01 2.384625570000000039e+01 2.409698129999999949e+01 2.434770990000000168e+01 2.459844190000000097e+01 2.484917769999999848e+01
-1.213526809999999934e+01 -1.187994259999999969e+01 -1.162469789999999925e+01 -1.136953319999999934e+01 -1.111444760000000009e+01 -1.085944029999999927e+01 -1.060451049999999995e+01 -1.034965719999999934e+01 -1.009487960000000051e+01 -9.840176859999999692e+00 -9.585548160000000095e+00 -9.330992630000000787e+00 -9.076509429999999767e+00 -8.822097740000000243e+00 -8.567756700000000336e+00 -8.313485509999999579e+00 -8.059283320000000472e+00 -7.805149319999999946e+00 -7.551082680000000380e+00 -7.297082600000000419e+00 -7.043148269999999656e+00 -6.789278859999999582e+00 -6.535473589999999611e+00 -6.281731650000000222e+00 -6.028052240000000062e+00 -5.774434580000000317e+00 -5.520877879999999571e+00 -5.267381359999999901e+00 -5.013944239999999830e+00 -4.760565739999999657e+00 -4.507245089999999621e+00 -4.253981539999999839e+00 -4.000774319999999662e+00 -3.747622670000000156e+00 -3.494525850000000045e+00 -3.241483109999999890e+00 -2.988493699999999809e+00 -2.735556889999999797e+00 -2.482671949999999850e+00 -2.229838140000000024e+00 -1.977054759999999911e+00 -1.724321070000000011e+00 -1.471636369999999916e+00 -1.218999949999999943e+00 -9.664111050000000480e-01 -7.138691339999999608e-01 -4.613733469999999892e-01 -2.089230539999999969e-01 4.348242850000000326e-02 2.958437789999999734e-01
1.273149689999999978e+01 1.298264239999999958e+01 1.323377190000000070e+01 1.348488560000000014e+01 1.373598420000000075e+01 1.398706800000000072e+01 1.423813759999999995e+01 1.448919330000000016e+01 1.474023569999999950e+01 1.499126520000000085e+01 1.524228229999999940e+01 1.549328739999999982e+01 1.574428089999999969e+01 1.599526340000000069e+01 1.624623509999999982e+01 1.649719669999999994e+01 1.674814849999999922e+01 1.699909089999999878e+01 1.725002449999999854e+01 1.750094950000000082e+01 1.775186649999999844e+01 1.800277589999999961e+01 1.825367809999999835e+01 1.850457349999999934e+01 1.875546260000000132e+01 1.900634570000000068e+01 1.925722319999999854e+01 1.950809569999999837e+01 1.975896350000000012e+01 2.000982700000000136e+01 2.026068670000000083e+01 2.051154280000000085e+01 2.076239590000000135e+01 2.101324639999999988e+01 2.126409459999999996e+01 2.151494100000000032e+01 2.176578590000000091e+01 2.201662980000000047e+01 2.226747299999999896e+01 2.251831599999999867e+01 2.276915909999999954e+01 2.302000280000000032e+01 2.327084729999999979e+01 2.352169329999999903e+01 2.377254089999999920e+01 2.402339059999999904e+01 2.427424279999999968e+01 2.452509789999999867e+01 2.477595630000000071e+01 2.502681829999999863e+01
-1.196529600000000038e+01 -1.170979640000000011e+01 -1.145437800000000017e+01 -1.119904000000000011e+01 -1.094378140000000066e+01 -1.068860160000000015e+01 -1.043349949999999993e+01 -1.017847450000000009e+01 -9.923525539999999978e+00 -9.668651889999999582e+00 -9.413852679999999751e+00 -9.159127079999999310e+00 -8.904474260000000641e+00 -8.649893390000000792e+00 -8.395383640000000369e+00 -8.140944179999999974e+00 -7.886574200000000090e+00 -7.632272880000000370e+00 -7.378039410000000409e+00 -7.123872969999999860e+00 -6.869772769999999973e+00 -6.615737990000000401e+00 -6.361767839999999730e+00 -6.107861520000000155e+00 -5.854018250000000201e+00 -5.600237230000000288e+00 -5.346517689999999767e+00 -5.092858829999999948e+00 -4.839259890000000119e+00 -4.585720099999999633e+00 -4.332238689999999615e+00 -4.078814890000000304e+00 -3.825447940000000102e+00 -3.572137099999999954e+00 -3.318881610000000038e+00 -3.065680729999999965e+00 -2.812533719999999793e+00 -2.559439830000000082e+00 -2.306398339999999880e+00 -2.053408520000000070e+00 -1.800469649999999922e+00 -1.547581000000000095e+00 -1.294741869999999961e+00 -1.041951550000000060e+00 -7.892093220000000464e-01 -5.365144960000000074e-01 -2.838663759999999758e-01 -3.126427040000000213e-02 2.212925069999999994e-01 4.738046360000000012e-01
