2.970148800000000122e+01 2.969942830000000100e+01 2.969738059999999891e+01 2.969534480000000087e+01 2.969332089999999980e+01 2.969130889999999923e+01 2.968930870000000155e+01 2.968732019999999849e+01 2.968534349999999833e+01 2.968337830000000110e+01 2.968142479999999850e+01 2.967948290000000000e+01 2.967755239999999972e+01 2.967563339999999883e+01 2.967372590000000088e+01 2.967182969999999997e+01 2.966994490000000084e+01 2.966807139999999876e+01 2.966620909999999967e+01 2.966435800000000000e+01 2.966251809999999978e+01 2.966068939999999898e+01 2.965887169999999884e+01 2.965706510000000051e+01 2.965526949999999928e+01 2.965348499999999987e+01 2.965171129999999877e+01 2.964994859999999832e+01 2.964819669999999974e+01 2.964645570000000063e+01 2.964472549999999984e+01 2.964300610000000091e+01 2.964129739999999913e+01 2.963959940000000159e+01 2.963791210000000120e+01 2.963623540000000034e+01 2.963456940000000017e+01 2.963291399999999953e+01 2.963126910000000080e+01 2.962963470000000044e+01 2.962801079999999843e+01 2.962639739999999833e+01 2.962479450000000014e+01 2.962320190000000153e+01 2.962161980000000128e+01 2.962004800000000060e+01 2.961848649999999950e+01 2.961693539999999913e+01 2.961539450000000073e+01 2.961386389999999835e+01
2.872954000000000008e+01 2.872639699999999863e+01 2.872327140000000156e+01 2.872016319999999823e+01 2.871707230000000166e+01 2.871399860000000004e+01 2.871094199999999930e+01 2.870790249999999943e+01 2.870487999999999928e+01 2.870187440000000123e+01 2.869888570000000172e+01 2.869591369999999841e+01 2.869295839999999842e+01 2.869001959999999940e+01 2.868709739999999897e+01 2.868419159999999835e+01 2.868130220000000108e+01 2.867842909999999890e+01 2.867557210000000012e+01 2.867273120000000119e+01 2.866990639999999857e+01 2.866709750000000057e+01 2.866430450000000008e+01 2.866152719999999832e+01 2.865876570000000001e+01 2.865601970000000165e+01 2.865328930000000085e+01 2.865057429999999883e+01 2.864787469999999914e+01 2.864519040000000061e+01 2.864252120000000090e+01 2.863986720000000119e+01 2.863722819999999913e+01 2.863460419999999829e+01 2.863199499999999986e+01 2.862940070000000148e+01 2.862682099999999963e+01 2.862425590000000142e+01 2.862170539999999974e+01 2.861916940000000054e+01 2.861664770000000146e+01 2.861414040000000014e+01 2.861164720000000017e+01 2.860916819999999916e+01 2.860670329999999950e+01 2.860425240000000002e+01 2.860181539999999956e+01 2.859939220000000049e+01 2.859698279999999926e+01 2.859458700000000064e+01
2.700407930000000079e+01 2.700221170000000015e+01 2.700035490000000138e+01 2.699850879999999975e+01 2.699667349999999999e+01 2.699484879999999976e+01 2.699303469999999905e+01 2.699123120000000142e+01 2.698943819999999860e+01 2.698765570000000125e+01 2.698588360000000108e+01 2.698412199999999928e+01 2.698237070000000060e+01 2.698062979999999911e+01 2.697889920000000075e+01 2.697717880000000079e+01 2.697546870000000041e+01 2.697376870000000082e+01 2.697207889999999963e+01 2.697039919999999924e+01 2.696872959999999964e+01 2.696706999999999965e+01 2.696542050000000046e+01 2.696378100000000089e+01 2.696215139999999977e+01 2.696053170000000065e+01 2.695892189999999999e+01 2.695732200000000134e+01 2.695573200000000114e+01 2.695415170000000060e+01 2.695258120000000090e+01 2.695102040000000088e+01 2.694946940000000168e+01 2.694792809999999861e+01 2.694639640000000114e+01 2.694487439999999978e+01 2.694336200000000048e+01 2.694185909999999851e+01 2.694036589999999975e+01 2.693888210000000072e+01 2.693740790000000018e+01 2.693594320000000053e+01 2.693448790000000059e+01 2.693304210000000154e+01 2.693160569999999865e+01 2.693017860000000141e+01 2.692876100000000150e+01 2.692735270000000014e+01 2.692595379999999849e+01 2.692456410000000133e+01
2.599461660000000052e+01 2.599178810000000084e+01 2.598897529999999989e+01 2.598617820000000123e+01 2.598339659999999895e+01 2.598063060000000135e+01 2.597787999999999897e+01 2.597514479999999892e+01 2.597242490000000004e+01 2.596972020000000114e+01 2.596703060000000107e+01 2.596435609999999983e+01 2.596169659999999979e+01 2.595905199999999979e+01 2.595642219999999867e+01 2.595380719999999997e+01 2.595120689999999897e+01 2.594862120000000161e+01 2.594604999999999961e+01 2.594349319999999892e+01 2.594095079999999953e+01 2.593842270000000028e+01 2.593590879999999999e+01 2.593340909999999866e+01 2.593092340000000107e+01 2.592845170000000010e+01 2.592599380000000053e+01 2.592354979999999998e+01 2.592111960000000082e+01 2.591870300000000071e+01 2.591629999999999967e+01 2.591391050000000007e+01 2.591153440000000074e+01 2.590917170000000169e+01 2.590682230000000175e+01 2.590448609999999974e+01 2.590216300000000160e+01 2.589985300000000024e+01 2.589755600000000157e+01 2.589527179999999973e+01 2.589300049999999942e+01 2.589074199999999948e+01 2.588849619999999874e+01 2.588626289999999841e+01 2.588404219999999967e+01 2.588183400000000134e+01 2.587963819999999870e+01 2.587745470000000125e+01 2.587528349999999833e+01 2.587312449999999941e+01
2.430606450000000152e+01 2.430438639999999850e+01 2.430271779999999993e+01 2.430105879999999985e+01 2.429940930000000066e+01 2.429776939999999996e+01 2.429613880000000137e+01 2.429451770000000010e+01 2.429290599999999856e+01 2.429130359999999911e+01 2.428971059999999937e+01 2.428812680000000057e+01 2.428655230000000032e+01 2.428498700000000099e+01 2.428343089999999904e+01 2.428188390000000041e+01 2.428034609999999915e+01 2.427881740000000121e+01 2.427729779999999948e+01 2.427578719999999990e+01 2.427428559999999891e+01 2.427279300000000006e+01 2.427130939999999981e+01 2.426983470000000054e+01 2.426836889999999869e+01 2.426691200000000137e+01 2.426546400000000148e+01 2.426402480000000139e+01 2.426259440000000112e+01 2.426117280000000065e+01 2.425975999999999999e+01 2.425835590000000153e+01 2.425696050000000170e+01 2.425557390000000169e+01 2.425419589999999914e+01 2.425282650000000118e+01 2.425146579999999830e+01 2.425011369999999999e+01 2.424877019999999916e+01 2.424743520000000174e+01 2.424610879999999824e+01 2.424479099999999931e+01 2.424348159999999908e+01 2.424218069999999869e+01 2.424088830000000172e+01 2.423960440000000105e+01 2.423832889999999907e+01 2.423706179999999932e+01 2.423580309999999827e+01 2.423455269999999828e+01
2.325881199999999893e+01 2.325629389999999930e+01 2.325378979999999984e+01 2.325129970000000057e+01 2.324882339999999914e+01 2.324636089999999911e+01 2.324391220000000047e+01 2.324147710000000089e+01 2.323905560000000037e+01 2.323664760000000129e+01 2.323425310000000010e+01 2.323187199999999919e+01 2.322950420000000094e+01 2.322714960000000062e+01 2.322480810000000062e+01 2.322247979999999856e+01 2.322016449999999921e+01 2.321786210000000139e+01 2.321557260000000156e+01 2.321329589999999854e+01 2.321103189999999827e+01 2.320878049999999959e+01 2.320654180000000011e+01 2.320431549999999987e+01 2.320210170000000005e+01 2.319990019999999831e+01 2.319771109999999936e+01 2.319553409999999971e+01 2.319336930000000052e+01 2.319121660000000062e+01 2.318907589999999885e+01 2.318694710000000114e+01 2.318483020000000039e+01 2.318272509999999897e+01 2.318063169999999928e+01 2.317854990000000015e+01 2.317647979999999919e+01 2.317442110000000000e+01 2.317237400000000136e+01 2.317033819999999977e+01 2.316831369999999879e+01 2.316630049999999841e+01 2.316429839999999984e+01 2.316230750000000072e+01 2.316032759999999868e+01 2.315835879999999847e+01 2.315640090000000129e+01 2.315445379999999886e+01 2.315251749999999831e+01 2.315059199999999962e+01
2.160683849999999850e+01 2.160534799999999933e+01 2.160386589999999885e+01 2.160239230000000177e+01 2.160092709999999983e+01 2.159947019999999895e+01 2.159802159999999915e+01 2.159658140000000159e+01 2.159514940000000038e+01 2.159372559999999908e+01 2.159231009999999884e+01 2.159090279999999851e+01 2.158950360000000046e+01 2.158811259999999876e+01 2.158672960000000174e+01 2.158535480000000106e+01 2.158398809999999912e+01 2.158262930000000068e+01 2.158127869999999859e+01 2.157993600000000001e+01 2.157860120000000137e+01 2.157727450000000147e+01 2.157595560000000035e+01 2.157464470000000034e+01 2.157334170000000029e+01 2.157204660000000018e+01 2.157075929999999886e+01 2.156947979999999987e+01 2.156820809999999966e+01 2.156694429999999940e+01 2.156568820000000031e+01 2.156443989999999999e+01 2.156319930000000085e+01 2.156196639999999931e+01 2.156074130000000011e+01 2.155952380000000090e+01 2.155831399999999931e+01 2.155711189999999888e+01 2.155591739999999845e+01 2.155473050000000157e+01 2.155355120000000113e+01 2.155237950000000069e+01 2.155121540000000024e+01 2.155005889999999980e+01 2.154890980000000056e+01 2.154776839999999893e+01 2.154663439999999852e+01 2.154550790000000049e+01 2.154438890000000129e+01 2.154327740000000091e+01
2.052253430000000023e+01 2.052032249999999891e+01 2.051812290000000161e+01 2.051593559999999883e+01 2.051376050000000006e+01 2.051159750000000059e+01 2.050944649999999925e+01 2.050730749999999958e+01 2.050518040000000042e+01 2.050306510000000060e+01 2.050096160000000012e+01 2.049886980000000136e+01 2.049678970000000078e+01 2.049472109999999958e+01 2.049266409999999894e+01 2.049061850000000007e+01 2.048858419999999825e+01 2.048656130000000175e+01 2.048454960000000113e+01 2.048254909999999995e+01 2.048055970000000059e+01 2.047858139999999949e+01 2.047661400000000143e+01 2.047465760000000046e+01 2.047271190000000018e+01 2.047077709999999939e+01 2.046885299999999930e+01 2.046693949999999873e+01 2.046503669999999886e+01 2.046314429999999973e+01 2.046126239999999896e+01 2.045939089999999894e+01 2.045752969999999848e+01 2.045567880000000116e+01 2.045383819999999986e+01 2.045200760000000173e+01 2.045018719999999846e+01 2.044837670000000074e+01 2.044657630000000026e+01 2.044478570000000062e+01 2.044300499999999943e+01 2.044123409999999907e+01 2.043947289999999839e+01 2.043772140000000093e+01 2.043597949999999841e+01 2.043424710000000033e+01 2.043252430000000075e+01 2.043081090000000088e+01 2.042910690000000073e+01 2.042741230000000030e+01
1.890650640000000138e+01 1.890520250000000146e+01 1.890390590000000159e+01 1.890261669999999938e+01 1.890133469999999960e+01 1.890005989999999869e+01 1.889879240000000138e+01 1.889753209999999939e+01 1.889627899999999983e+01 1.889503309999999914e+01 1.889379429999999971e+01 1.889256260000000154e+01 1.889133800000000107e+01 1.889012049999999832e+01 1.888891010000000037e+01 1.888770669999999896e+01 1.888651030000000119e+01 1.888532089999999997e+01 1.888413860000000000e+01 1.888296319999999895e+01 1.888179470000000038e+01 1.888063319999999834e+01 1.887947869999999995e+01 1.887833099999999931e+01 1.887719020000000114e+01 1.887605629999999834e+01 1.887492930000000158e+01 1.887380909999999901e+01 1.887269579999999891e+01 1.887158919999999895e+01 1.887048950000000147e+01 1.886939650000000057e+01 1.886831039999999859e+01 1.886723089999999914e+01 1.886615829999999860e+01 1.886509240000000176e+01 1.886403320000000150e+01 1.886298070000000138e+01 1.886193490000000139e+01 1.886089570000000037e+01 1.885986330000000066e+01 1.885883749999999992e+01 1.885781839999999931e+01 1.885680590000000123e+01 1.885579999999999856e+01 1.885480069999999841e+01 1.885380809999999840e+01 1.885282199999999975e+01 1.885184250000000006e+01 1.885086950000000172e+01
1.778547070000000119e+01 1.778356180000000109e+01 1.778166350000000051e+01 1.777977569999999830e+01 1.777789840000000154e+01 1.777603149999999843e+01 1.777417499999999961e+01 1.777232880000000037e+01 1.777049279999999953e+01 1.776866700000000066e+01 1.776685129999999901e+01 1.776504570000000172e+01 1.776325010000000049e+01 1.776146440000000126e+01 1.775968860000000049e+01 1.775792260000000056e+01 1.775616640000000146e+01 1.775441989999999848e+01 1.775268300000000110e+01 1.775095569999999867e+01 1.774923799999999829e+01 1.774752970000000118e+01 1.774583080000000024e+01 1.774414129999999901e+01 1.774246099999999871e+01 1.774079000000000050e+01 1.773912819999999968e+01 1.773747549999999862e+01 1.773583179999999970e+01 1.773419720000000055e+01 1.773257149999999882e+01 1.773095470000000162e+01 1.772934670000000068e+01 1.772774749999999955e+01 1.772615710000000178e+01 1.772457530000000148e+01 1.772300219999999982e+01 1.772143760000000157e+01 1.771988149999999962e+01 1.771833390000000108e+01 1.771679470000000123e+01 1.771526390000000006e+01 1.771374139999999997e+01 1.771222720000000095e+01 1.771072119999999828e+01 1.770922330000000144e+01 1.770773360000000096e+01 1.770625190000000160e+01 1.770477830000000097e+01 1.770331270000000146e+01
1.620518420000000148e+01 1.620406649999999971e+01 1.620295499999999933e+01 1.620184970000000035e+01 1.620075059999999922e+01 1.619965769999999949e+01 1.619857089999999999e+01 1.619749029999999834e+01 1.619641569999999930e+01 1.619534730000000167e+01 1.619428500000000071e+01 1.619322879999999998e+01 1.619217859999999831e+01 1.619113439999999926e+01 1.619009630000000044e+01 1.618906420000000068e+01 1.618803809999999999e+01 1.618701799999999835e+01 1.618600389999999933e+01 1.618499570000000176e+01 1.618399349999999970e+01 1.618299719999999908e+01 1.618200690000000108e+01 1.618102239999999981e+01 1.618004390000000114e+01 1.617907130000000038e+01 1.617810449999999989e+01 1.617714360000000084e+01 1.617618859999999970e+01 1.617523939999999882e+01 1.617429599999999823e+01 1.617335849999999908e+01 1.617242680000000021e+01 1.617150090000000162e+01 1.617058079999999975e+01 1.616966650000000172e+01 1.616875789999999924e+01 1.616785520000000176e+01 1.616695809999999867e+01 1.616606690000000057e+01 1.616518140000000159e+01 1.616430160000000171e+01 1.616342750000000095e+01 1.616255909999999929e+01 1.616169650000000146e+01 1.616083950000000158e+01 1.615998820000000080e+01 1.615914259999999913e+01 1.615830270000000013e+01 1.615746839999999906e+01
1.504785210000000006e+01 1.504624309999999987e+01 1.504464289999999949e+01 1.504305160000000008e+01 1.504146910000000048e+01 1.503989540000000069e+01 1.503833030000000015e+01 1.503677390000000003e+01 1.503522609999999915e+01 1.503368689999999930e+01 1.503215609999999991e+01 1.503063380000000038e+01 1.502911980000000014e+01 1.502761420000000037e+01 1.502611689999999989e+01 1.502462779999999931e+01 1.502314690000000041e+01 1.502167419999999964e+01 1.502020949999999999e+01 1.501875279999999968e+01 1.501730410000000049e+01 1.501586329999999947e+01 1.501443040000000018e+01 1.501300540000000083e+01 1.501158810000000088e+01 1.501017850000000031e+01 1.500877659999999914e+01 1.500738229999999973e+01 1.500599560000000032e+01 1.500461649999999914e+01 1.500324479999999916e+01 1.500188050000000040e+01 1.500052359999999929e+01 1.499917409999999940e+01 1.499783189999999955e+01 1.499649690000000035e+01 1.499516910000000003e+01 1.499384850000000036e+01 1.499253500000000017e+01 1.499122850000000007e+01 1.498992909999999945e+01 1.498863670000000070e+01 1.498735120000000087e+01 1.498607259999999997e+01 1.498480089999999976e+01 1.498353600000000085e+01 1.498227789999999970e+01 1.498102650000000047e+01 1.497978179999999959e+01 1.497854380000000063e+01
1.350300769999999950e+01 1.350207619999999942e+01 1.350114980000000031e+01 1.350022859999999980e+01 1.349931240000000088e+01 1.349840149999999994e+01 1.349749560000000059e+01 1.349659480000000045e+01 1.349569900000000011e+01 1.349480840000000015e+01 1.349392280000000000e+01 1.349304219999999965e+01 1.349216670000000029e+01 1.349129620000000074e+01 1.349043069999999922e+01 1.348957009999999990e+01 1.348871459999999978e+01 1.348786409999999947e+01 1.348701849999999958e+01 1.348617789999999950e+01 1.348534229999999923e+01 1.348451159999999938e+01 1.348368579999999994e+01 1.348286489999999915e+01 1.348204899999999995e+01 1.348123799999999939e+01 1.348043189999999925e+01 1.347963069999999952e+01 1.347883430000000082e+01 1.347804290000000016e+01 1.347725630000000052e+01 1.347647459999999953e+01 1.347569769999999956e+01 1.347492570000000001e+01 1.347415860000000087e+01 1.347339619999999982e+01 1.347263869999999919e+01 1.347188610000000075e+01 1.347113820000000040e+01 1.347039520000000046e+01 1.346965690000000038e+01 1.346892350000000071e+01 1.346819479999999913e+01 1.346747090000000036e+01 1.346675180000000083e+01 1.346603750000000055e+01 1.346532790000000013e+01 1.346462310000000073e+01 1.346392299999999942e+01 1.346322769999999913e+01
1.230972210000000011e+01 1.230841030000000025e+01 1.230710569999999926e+01 1.230580840000000009e+01 1.230451820000000041e+01 1.230323500000000081e+01 1.230195900000000009e+01 1.230068999999999946e+01 1.229942789999999952e+01 1.229817279999999968e+01 1.229692460000000054e+01 1.229568330000000032e+01 1.229444870000000023e+01 1.229322089999999967e+01 1.229199990000000042e+01 1.229078550000000014e+01 1.228957770000000060e+01 1.228837659999999943e+01 1.228718190000000021e+01 1.228599379999999996e+01 1.228481219999999929e+01 1.228363689999999941e+01 1.228246810000000089e+01 1.228130559999999960e+01 1.228014929999999971e+01 1.227899940000000001e+01 1.227785560000000054e+01 1.227671800000000069e+01 1.227558660000000046e+01 1.227446119999999929e+01 1.227334190000000014e+01 1.227222860000000004e+01 1.227112130000000079e+01 1.227001989999999942e+01 1.226892439999999951e+01 1.226783479999999926e+01 1.226675099999999929e+01 1.226567299999999960e+01 1.226460070000000080e+01 1.226353420000000050e+01 1.226247329999999991e+01 1.226141810000000021e+01 1.226036850000000022e+01 1.225932449999999996e+01 1.225828600000000002e+01 1.225725309999999979e+01 1.225622560000000050e+01 1.225520359999999975e+01 1.225418699999999994e+01 1.225317579999999928e+01
1.080013560000000084e+01 1.079939060000000062e+01 1.079864979999999974e+01 1.079791299999999943e+01 1.079718030000000084e+01 1.079645170000000043e+01 1.079572719999999997e+01 1.079500670000000007e+01 1.079429020000000072e+01 1.079357779999999956e+01 1.079286940000000072e+01 1.079216510000000007e+01 1.079146470000000058e+01 1.079076839999999926e+01 1.079007599999999911e+01 1.078938770000000069e+01 1.078870329999999989e+01 1.078802289999999964e+01 1.078734649999999995e+01 1.078667410000000082e+01 1.078600559999999930e+01 1.078534100000000073e+01 1.078468050000000034e+01 1.078402379999999994e+01 1.078337110000000010e+01 1.078272229999999965e+01 1.078207740000000037e+01 1.078143649999999987e+01 1.078079950000000053e+01 1.078016640000000059e+01 1.077953720000000004e+01 1.077891190000000066e+01 1.077829039999999949e+01 1.077767290000000067e+01 1.077705929999999945e+01 1.077644950000000001e+01 1.077584359999999997e+01 1.077524159999999931e+01 1.077464349999999982e+01 1.077404920000000033e+01 1.077345880000000022e+01 1.077287220000000012e+01 1.077228949999999941e+01 1.077171060000000047e+01 1.077113559999999914e+01 1.077056430000000020e+01 1.076999700000000004e+01 1.076943340000000049e+01 1.076887370000000033e+01 1.076831770000000077e+01
9.571182909999999211e+00 9.570166210000000007e+00 9.569155110000000519e+00 9.568149580000000043e+00 9.567149580000000597e+00 9.566155079999999700e+00 9.565166039999999370e+00 9.564182430000000679e+00 9.563204219999999367e+00 9.562231360000000180e+00 9.561263829999999686e+00 9.560301589999999905e+00 9.559344599999999303e+00 9.558392839999999779e+00 9.557446260000000748e+00 9.556504829999999728e+00 9.555568530000000393e+00 9.554637310000000383e+00 9.553711140000000768e+00 9.552789980000000014e+00 9.551873810000000020e+00 9.550962600000000080e+00 9.550056290000000558e+00 9.549154879999999679e+00 9.548258320000000410e+00 9.547366569999999442e+00 9.546479619999999500e+00 9.545597420000000000e+00 9.544719949999999287e+00 9.543847169999999380e+00 9.542979060000000402e+00 9.542115569999999991e+00 9.541256690000000873e+00 9.540402390000000565e+00 9.539552620000000260e+00 9.538707369999999131e+00 9.537866610000000023e+00 9.537030299999999627e+00 9.536198419999999842e+00 9.535370939999999962e+00 9.534547840000000107e+00 9.533729089999999573e+00 9.532914650000000378e+00 9.532104520000000747e+00 9.531298650000000094e+00 9.530497029999999370e+00 9.529699620000000593e+00 9.528906420000000210e+00 9.528117379999999415e+00 9.527332499999999982e+00
8.096692779999999701e+00 8.096134960000000547e+00 8.095580200000000559e+00 8.095028499999999738e+00 8.094479839999999982e+00 8.093934230000000341e+00 8.093391649999999160e+00 8.092852110000000820e+00 8.092315590000000114e+00 8.091782090000000593e+00 8.091251599999999655e+00 8.090724120000000852e+00 8.090199639999999803e+00 8.089678160000000062e+00 8.089159679999999852e+00 8.088644179999999295e+00 8.088131660000000167e+00 8.087622129999999743e+00 8.087115569999999920e+00 8.086611980000000699e+00 8.086111360000000303e+00 8.085613699999999682e+00 8.085119000000000611e+00 8.084627250000000487e+00 8.084138460000000137e+00 8.083652620000000510e+00 8.083169720000000780e+00 8.082689769999999996e+00 8.082212750000000057e+00 8.081738670000000013e+00 8.081267520000000815e+00 8.080799300000000684e+00 8.080334009999999623e+00 8.079871629999999527e+00 8.079412180000000276e+00 8.078955649999999267e+00 8.078502029999999223e+00 8.078051320000000146e+00 8.077603509999999432e+00 8.077158609999999683e+00 8.076716610000000074e+00 8.076277510000000603e+00 8.075841309999999496e+00 8.075407990000000424e+00 8.074977569999999716e+00 8.074550029999999268e+00 8.074125370000000856e+00 8.073703589999999153e+00 8.073284680000000435e+00 8.072868650000000201e+00
6.832338499999999648e+00 6.831615270000000351e+00 6.830896019999999957e+00 6.830180730000000366e+00 6.829469369999999984e+00 6.828761919999999819e+00 6.828058350000000054e+00 6.827358639999999923e+00 6.826662759999999608e+00 6.825970690000000118e+00 6.825282399999999861e+00 6.824597859999999905e+00 6.823917060000000312e+00 6.823239970000000376e+00 6.822566560000000280e+00 6.821896810000000144e+00 6.821230690000000152e+00 6.820568180000000424e+00 6.819909250000000256e+00 6.819253879999999768e+00 6.818602049999999970e+00 6.817953730000000157e+00 6.817308899999999561e+00 6.816667540000000081e+00 6.816029620000000122e+00 6.815395109999999868e+00 6.814764000000000266e+00 6.814136259999999723e+00 6.813511880000000076e+00 6.812890819999999792e+00 6.812273069999999819e+00 6.811658600000000341e+00 6.811047389999999702e+00 6.810439419999999799e+00 6.809834679999999807e+00 6.809233129999999967e+00 6.808634760000000341e+00 6.808039560000000101e+00 6.807447490000000379e+00 6.806858540000000346e+00 6.806272680000000186e+00 6.805689909999999898e+00 6.805110209999999604e+00 6.804533540000000436e+00 6.803959899999999728e+00 6.803389270000000266e+00 6.802821630000000397e+00 6.802256960000000241e+00 6.801695249999999859e+00 6.801136480000000262e+00
5.392764810000000075e+00 5.392394770000000115e+00 5.392026750000000312e+00 5.391660769999999658e+00 5.391296810000000050e+00 5.390934879999999652e+00 5.390574960000000360e+00 5.390217050000000398e+00 5.389861149999999768e+00 5.389507260000000244e+00 5.389155370000000111e+00 5.388805480000000259e+00 5.388457589999999797e+00 5.388111679999999737e+00 5.387767769999999956e+00 5.387425849999999627e+00 5.387085909999999700e+00 5.386747950000000174e+00 5.386411970000000160e+00 5.386077969999999659e+00 5.385745939999999621e+00 5.385415880000000044e+00 5.385087790000000041e+00 5.384761669999999611e+00 5.384437519999999644e+00 5.384115320000000260e+00 5.383795089999999561e+00 5.383476820000000274e+00 5.383160499999999793e+00 5.382846139999999835e+00 5.382533729999999572e+00 5.382223269999999893e+00 5.381914769999999848e+00 5.381608199999999620e+00 5.381303589999999915e+00 5.381000910000000026e+00 5.380700179999999833e+00 5.380401390000000283e+00 5.380104529999999663e+00 5.379809619999999626e+00 5.379516630000000355e+00 5.379225579999999951e+00 5.378936450000000313e+00 5.378649260000000432e+00 5.378363990000000427e+00 5.378080640000000301e+00 5.377799210000000052e+00 5.377519709999999620e+00 5.377242120000000014e+00 5.376966450000000286e+00
4.093153700000000228e+00 4.092722890000000113e+00 4.092294459999999745e+00 4.091868400000000072e+00 4.091444690000000328e+00 4.091023319999999686e+00 4.090604270000000042e+00 4.090187519999999743e+00 4.089773069999999677e+00 4.089360890000000026e+00 4.088950969999999963e+00 4.088543300000000436e+00 4.088137859999999790e+00 4.087734629999999925e+00 4.087333600000000011e+00 4.086934760000000111e+00 4.086538090000000345e+00 4.086143579999999886e+00 4.085751199999999805e+00 4.085360950000000102e+00 4.084972819999999949e+00 4.084586780000000417e+00 4.084202829999999729e+00 4.083820939999999844e+00 4.083441109999999874e+00 4.083063319999999941e+00 4.082687550000000165e+00 4.082313799999999659e+00 4.081942050000000322e+00 4.081572290000000436e+00 4.081204500000000124e+00 4.080838670000000334e+00 4.080474790000000240e+00 4.080112839999999963e+00 4.079752809999999563e+00 4.079394699999999929e+00 4.079038480000000355e+00 4.078684140000000014e+00 4.078331679999999793e+00 4.077981079999999814e+00 4.077632330000000138e+00 4.077285409999999999e+00 4.076940330000000223e+00 4.076597060000000106e+00 4.076255589999999707e+00 4.075915929999999854e+00 4.075578039999999902e+00 4.075241929999999790e+00 4.074907579999999641e+00 4.074574990000000341e+00
2.688698930000000153e+00 2.688516949999999905e+00 2.688335980000000180e+00 2.688156010000000151e+00 2.687977060000000140e+00 2.687799120000000208e+00 2.687622179999999972e+00 2.687446239999999875e+00 2.687271299999999918e+00 2.687097360000000101e+00 2.686924410000000041e+00 2.686752460000000120e+00 2.686581509999999895e+00 2.686411539999999931e+00 2.686242570000000107e+00 2.686074590000000040e+00 2.685907589999999789e+00 2.685741580000000184e+00 2.685576559999999890e+00 2.685412519999999859e+00 2.685249460000000088e+00 2.685087380000000135e+00 2.684926289999999938e+00 2.684766170000000063e+00 2.684607030000000005e+00 2.684448870000000209e+00 2.684291679999999847e+00 2.684135470000000190e+00 2.683980229999999967e+00 2.683825960000000066e+00 2.683672669999999982e+00 2.683520339999999837e+00 2.683368989999999954e+00 2.683218600000000009e+00 2.683069189999999882e+00 2.682920740000000137e+00 2.682773249999999887e+00 2.682626729999999959e+00 2.682481179999999910e+00 2.682336579999999859e+00 2.682192950000000131e+00 2.682050279999999898e+00 2.681908570000000047e+00 2.681767820000000135e+00 2.681628019999999779e+00 2.681489179999999806e+00 2.681351300000000215e+00 2.681214370000000180e+00 2.681078400000000084e+00 2.680943370000000048e+00
1.353835869999999941e+00 1.353696800000000033e+00 1.353558519999999987e+00 1.353421030000000025e+00 1.353284319999999985e+00 1.353148390000000090e+00 1.353013229999999956e+00 1.352878840000000027e+00 1.352745199999999981e+00 1.352612329999999918e+00 1.352480209999999961e+00 1.352348829999999946e+00 1.352218200000000037e+00 1.352088299999999910e+00 1.351959139999999948e+00 1.351830700000000052e+00 1.351702979999999998e+00 1.351575980000000010e+00 1.351449689999999926e+00 1.351324109999999967e+00 1.351199229999999973e+00 1.351075049999999944e+00 1.350951559999999940e+00 1.350828759999999962e+00 1.350706650000000009e+00 1.350585209999999980e+00 1.350464440000000099e+00 1.350344350000000082e+00 1.350224920000000051e+00 1.350106150000000005e+00 1.349988030000000006e+00 1.349870569999999992e+00 1.349753750000000085e+00 1.349637580000000003e+00 1.349522050000000029e+00 1.349407150000000000e+00 1.349292879999999917e+00 1.349179240000000002e+00 1.349066220000000094e+00 1.348953819999999970e+00 1.348842029999999914e+00 1.348730860000000087e+00 1.348620289999999944e+00 1.348510330000000090e+00 1.348400959999999982e+00 1.348292190000000002e+00 1.348184019999999927e+00 1.348076430000000103e+00 1.347969430000000024e+00 1.347863019999999912e+00
-1.563451899999999950e-02 -1.562806339999999947e-02 -1.562161469999999962e-02 -1.561517289999999995e-02 -1.560873850000000021e-02 -1.560231159999999999e-02 -1.559589249999999983e-02 -1.558948150000000026e-02 -1.558307869999999914e-02 -1.557668440000000050e-02 -1.557029899999999925e-02 -1.556392260000000020e-02 -1.555755550000000043e-02 -1.555119800000000045e-02 -1.554485040000000082e-02 -1.553851290000000072e-02 -1.553218569999999937e-02 -1.552586920000000037e-02 -1.551956359999999945e-02 -1.551326920000000061e-02 -1.550698619999999958e-02 -1.550071499999999998e-02 -1.549445579999999927e-02 -1.548820889999999971e-02 -1.548197450000000051e-02 -1.547575290000000048e-02 -1.546954440000000014e-02 -1.546334930000000003e-02 -1.545716790000000070e-02 -1.545100029999999999e-02 -1.544484699999999940e-02 -1.543870810000000024e-02 -1.543258399999999919e-02 -1.542647490000000066e-02 -1.542038100000000037e-02 -1.541430279999999979e-02 -1.540824030000000067e-02 -1.540219389999999966e-02 -1.539616390000000078e-02 -1.539015059999999935e-02 -1.538415410000000018e-02 -1.537817470000000034e-02 -1.537221279999999995e-02 -1.536626859999999997e-02 -1.536034229999999959e-02 -1.535443409999999974e-02 -1.534854450000000016e-02 -1.534267350000000085e-02 -1.533682150000000022e-02 -1.533098869999999919e-02
-1.385738890000000056e+00 -1.385586530000000094e+00 -1.385434959999999993e+00 -1.385284189999999915e+00 -1.385134199999999982e+00 -1.384984980000000032e+00 -1.384836549999999944e+00 -1.384688879999999900e+00 -1.384541980000000061e+00 -1.384395830000000105e+00 -1.384250439999999971e+00 -1.384105790000000002e+00 -1.383961900000000078e+00 -1.383818729999999997e+00 -1.383676310000000020e+00 -1.383534610000000109e+00 -1.383393630000000041e+00 -1.383253370000000038e+00 -1.383113830000000100e+00 -1.382974989999999904e+00 -1.382836860000000057e+00 -1.382699429999999952e+00 -1.382562690000000094e+00 -1.382426640000000040e+00 -1.382291270000000072e+00 -1.382156589999999907e+00 -1.382022579999999889e+00 -1.381889240000000019e+00 -1.381756559999999912e+00 -1.381624549999999951e+00 -1.381493190000000038e+00 -1.381362490000000109e+00 -1.381232440000000006e+00 -1.381103030000000009e+00 -1.380974259999999898e+00 -1.380846119999999955e+00 -1.380718619999999897e+00 -1.380591740000000067e+00 -1.380465489999999962e+00 -1.380339860000000085e+00 -1.380214840000000054e+00 -1.380090440000000029e+00 -1.379966639999999911e+00 -1.379843450000000082e+00 -1.379720859999999938e+00 -1.379598869999999922e+00 -1.379477470000000094e+00 -1.379356660000000012e+00 -1.379236439999999897e+00 -1.379116809999999971e+00
-2.719844750000000033e+00 -2.719650049999999819e+00 -2.719456370000000067e+00 -2.719263709999999890e+00 -2.719072080000000113e+00 -2.718881469999999911e+00 -2.718691869999999788e+00 -2.718503300000000067e+00 -2.718315730000000041e+00 -2.718129180000000034e+00 -2.717943650000000044e+00 -2.717759120000000195e+00 -2.717575609999999919e+00 -2.717393110000000167e+00 -2.717211610000000110e+00 -2.717031120000000133e+00 -2.716851639999999790e+00 -2.716673160000000031e+00 -2.716495689999999907e+00 -2.716319219999999923e+00 -2.716143760000000018e+00 -2.715969299999999809e+00 -2.715795840000000183e+00 -2.715623379999999809e+00 -2.715451920000000019e+00 -2.715281459999999925e+00 -2.715111999999999970e+00 -2.714943540000000155e+00 -2.714776080000000036e+00 -2.714609620000000056e+00 -2.714444149999999834e+00 -2.714279680000000194e+00 -2.714116209999999807e+00 -2.713953730000000064e+00 -2.713792250000000017e+00 -2.713631760000000170e+00 -2.713472270000000020e+00 -2.713313770000000069e+00 -2.713156269999999815e+00 -2.712999760000000204e+00 -2.712844239999999907e+00 -2.712689709999999810e+00 -2.712536169999999913e+00 -2.712383630000000156e+00 -2.712232070000000217e+00 -2.712081500000000034e+00 -2.711931920000000051e+00 -2.711783329999999825e+00 -2.711635729999999800e+00 -2.711489110000000036e+00
-4.124830430000000270e+00 -4.124386239999999759e+00 -4.123944429999999883e+00 -4.123504999999999754e+00 -4.123067909999999614e+00 -4.122633170000000291e+00 -4.122200750000000191e+00 -4.121770640000000263e+00 -4.121342819999999740e+00 -4.120917279999999572e+00 -4.120493999999999879e+00 -4.120072969999999835e+00 -4.119654169999999560e+00 -4.119237590000000004e+00 -4.118823210000000401e+00 -4.118411019999999922e+00 -4.118000999999999578e+00 -4.117593140000000318e+00 -4.117187419999999598e+00 -4.116783830000000144e+00 -4.116382350000000301e+00 -4.115982970000000130e+00 -4.115585679999999691e+00 -4.115190450000000055e+00 -4.114797290000000274e+00 -4.114406159999999701e+00 -4.114017070000000054e+00 -4.113629989999999736e+00 -4.113244909999999699e+00 -4.112861820000000002e+00 -4.112480709999999817e+00 -4.112101550000000216e+00 -4.111724350000000250e+00 -4.111349080000000100e+00 -4.110975729999999828e+00 -4.110604300000000322e+00 -4.110234759999999987e+00 -4.109867109999999712e+00 -4.109501339999999558e+00 -4.109137429999999647e+00 -4.108775370000000038e+00 -4.108415149999999905e+00 -4.108056760000000196e+00 -4.107700180000000145e+00 -4.107345419999999692e+00 -4.106992449999999906e+00 -4.106641269999999899e+00 -4.106291859999999794e+00 -4.105944219999999589e+00 -4.105598340000000235e+00
-5.423994389999999832e+00 -5.423611649999999784e+00 -5.423230959999999712e+00 -5.422852309999999676e+00 -5.422475699999999676e+00 -5.422101119999999774e+00 -5.421728579999999909e+00 -5.421358070000000140e+00 -5.420989579999999641e+00 -5.420623110000000189e+00 -5.420258660000000006e+00 -5.419896229999999981e+00 -5.419535810000000176e+00 -5.419177409999999639e+00 -5.418821010000000271e+00 -5.418466620000000233e+00 -5.418114229999999587e+00 -5.417763850000000048e+00 -5.417415459999999960e+00 -5.417069070000000153e+00 -5.416724679999999736e+00 -5.416382279999999660e+00 -5.416041869999999925e+00 -5.415703449999999641e+00 -5.415367019999999698e+00 -5.415032580000000095e+00 -5.414700120000000005e+00 -5.414369650000000256e+00 -5.414041160000000019e+00 -5.413714650000000184e+00 -5.413390109999999922e+00 -5.413067560000000000e+00 -5.412746979999999652e+00 -5.412428379999999706e+00 -5.412111750000000221e+00 -5.411797090000000310e+00 -5.411484399999999972e+00 -5.411173680000000097e+00 -5.410864929999999795e+00 -5.410558149999999955e+00 -5.410253329999999750e+00 -5.409950470000000067e+00 -5.409649579999999958e+00 -5.409350640000000432e+00 -5.409053669999999592e+00 -5.408758650000000223e+00 -5.408465589999999601e+00 -5.408174479999999562e+00 -5.407885320000000107e+00 -5.407598110000000347e+00
-6.863990919999999996e+00 -6.863254290000000424e+00 -6.862521649999999696e+00 -6.861792969999999769e+00 -6.861068229999999879e+00 -6.860347400000000206e+00 -6.859630450000000046e+00 -6.858917370000000346e+00 -6.858208119999999575e+00 -6.857502679999999629e+00 -6.856801029999999741e+00 -6.856103140000000096e+00 -6.855408989999999925e+00 -6.854718550000000299e+00 -6.854031789999999624e+00 -6.853348699999999738e+00 -6.852669239999999995e+00 -6.851993399999999568e+00 -6.851321139999999588e+00 -6.850652450000000115e+00 -6.849987299999999557e+00 -6.849325659999999871e+00 -6.848667520000000231e+00 -6.848012839999999990e+00 -6.847361610000000098e+00 -6.846713799999999850e+00 -6.846069400000000194e+00 -6.845428359999999657e+00 -6.844790689999999955e+00 -6.844156339999999616e+00 -6.843525299999999589e+00 -6.842897549999999995e+00 -6.842273070000000068e+00 -6.841651829999999990e+00 -6.841033809999999882e+00 -6.840418999999999805e+00 -6.839807369999999942e+00 -6.839198900000000414e+00 -6.838593580000000394e+00 -6.837991370000000124e+00 -6.837392269999999606e+00 -6.836796259999999847e+00 -6.836203310000000144e+00 -6.835613409999999668e+00 -6.835026540000000317e+00 -6.834442680000000436e+00 -6.833861810000000148e+00 -6.833283920000000400e+00 -6.832709000000000366e+00 -6.832137010000000288e+00
-8.127897020000000694e+00 -8.127326719999999227e+00 -8.126759489999999531e+00 -8.126195340000000655e+00 -8.125634249999999170e+00 -8.125076220000000404e+00 -8.124521229999999150e+00 -8.123969300000000615e+00 -8.123420400000000541e+00 -8.122874539999999755e+00 -8.122331709999999205e+00 -8.121791899999999842e+00 -8.121255109999999888e+00 -8.120721339999999344e+00 -8.120190570000000108e+00 -8.119662820000000281e+00 -8.119138059999999157e+00 -8.118616310000000169e+00 -8.118097549999999885e+00 -8.117581780000000080e+00 -8.117068989999999928e+00 -8.116559199999999308e+00 -8.116052379999999289e+00 -8.115548540000000699e+00 -8.115047669999999158e+00 -8.114549769999999995e+00 -8.114054850000000485e+00 -8.113562879999999922e+00 -8.113073879999999960e+00 -8.112587839999999773e+00 -8.112104759999999359e+00 -8.111624620000000618e+00 -8.111147439999999875e+00 -8.110673209999999855e+00 -8.110201930000000559e+00 -8.109733580000000330e+00 -8.109268180000000825e+00 -8.108805710000000389e+00 -8.108346179999999848e+00 -8.107889589999999203e+00 -8.107435920000000351e+00 -8.106985180000000568e+00 -8.106537360000000803e+00 -8.106092459999999278e+00 -8.105650490000000374e+00 -8.105211430000000661e+00 -8.104775280000000137e+00 -8.104342040000000580e+00 -8.103911710000000213e+00 -8.103484279999999984e+00
-9.602941209999999117e+00 -9.601910950000000611e+00 -9.600886290000000045e+00 -9.599867209999999318e+00 -9.598853670000000449e+00 -9.597845630000000128e+00 -9.596843059999999426e+00 -9.595845929999999413e+00 -9.594854189999999505e+00 -9.593867819999999824e+00 -9.592886780000000613e+00 -9.591911039999999389e+00 -9.590940559999999948e+00 -9.589975300000000757e+00 -9.589015240000000162e+00 -9.588060340000000181e+00 -9.587110559999999282e+00 -9.586165879999999362e+00 -9.585226249999999837e+00 -9.584291640000000001e+00 -9.583362029999999976e+00 -9.582437369999999177e+00 -9.581517639999999503e+00 -9.580602799999999419e+00 -9.579692809999999170e+00 -9.578787659999999704e+00 -9.577887289999999609e+00 -9.576991700000000662e+00 -9.576100829999999675e+00 -9.575214660000000322e+00 -9.574333160000000120e+00 -9.573456300000000141e+00 -9.572584049999999678e+00 -9.571716379999999802e+00 -9.570853259999999807e+00 -9.569994660000000763e+00 -9.569140550000000189e+00 -9.568290899999999155e+00 -9.567445689999999558e+00 -9.566604890000000694e+00 -9.565768459999999251e+00 -9.564936389999999733e+00 -9.564108649999999656e+00 -9.563285219999999143e+00 -9.562466049999999385e+00 -9.561651140000000382e+00 -9.560840459999999652e+00 -9.560033980000000042e+00 -9.559231679999999898e+00 -9.558433530000000289e+00
-1.083141769999999937e+01 -1.083066050000000047e+01 -1.082990730000000035e+01 -1.082915829999999957e+01 -1.082841329999999935e+01 -1.082767240000000086e+01 -1.082693560000000055e+01 -1.082620290000000018e+01 -1.082547429999999977e+01 -1.082474969999999992e+01 -1.082402910000000062e+01 -1.082331259999999951e+01 -1.082260010000000072e+01 -1.082189160000000072e+01 -1.082118720000000067e+01 -1.082048679999999941e+01 -1.081979029999999931e+01 -1.081909789999999916e+01 -1.081840940000000018e+01 -1.081772499999999937e+01 -1.081704449999999973e+01 -1.081636800000000065e+01 -1.081569539999999918e+01 -1.081502689999999944e+01 -1.081436230000000087e+01 -1.081370159999999991e+01 -1.081304489999999952e+01 -1.081239210000000028e+01 -1.081174320000000044e+01 -1.081109829999999938e+01 -1.081045740000000066e+01 -1.080982030000000016e+01 -1.080918720000000022e+01 -1.080855799999999967e+01 -1.080793259999999911e+01 -1.080731119999999912e+01 -1.080669370000000029e+01 -1.080608010000000085e+01 -1.080547040000000081e+01 -1.080486460000000015e+01 -1.080426270000000066e+01 -1.080366459999999940e+01 -1.080307039999999930e+01 -1.080248010000000036e+01 -1.080189370000000082e+01 -1.080131109999999950e+01 -1.080073239999999934e+01 -1.080015749999999919e+01 -1.079958650000000020e+01 -1.079901929999999943e+01
-1.234171989999999930e+01 -1.234039420000000042e+01 -1.233907579999999982e+01 -1.233776459999999986e+01 -1.233646049999999939e+01 -1.233516350000000017e+01 -1.233387369999999983e+01 -1.233259080000000019e+01 -1.233131500000000003e+01 -1.233004599999999940e+01 -1.232878400000000063e+01 -1.232752890000000079e+01 -1.232628049999999931e+01 -1.232503900000000030e+01 -1.232380410000000026e+01 -1.232257599999999975e+01 -1.232135449999999999e+01 -1.232013959999999919e+01 -1.231893119999999975e+01 -1.231772939999999927e+01 -1.231653400000000076e+01 -1.231534510000000004e+01 -1.231416250000000012e+01 -1.231298630000000038e+01 -1.231181639999999966e+01 -1.231065279999999973e+01 -1.230949530000000003e+01 -1.230834409999999934e+01 -1.230719900000000067e+01 -1.230606000000000044e+01 -1.230492710000000045e+01 -1.230380019999999952e+01 -1.230267929999999943e+01 -1.230156430000000078e+01 -1.230045520000000003e+01 -1.229935200000000073e+01 -1.229825469999999932e+01 -1.229716310000000057e+01 -1.229607730000000032e+01 -1.229499730000000035e+01 -1.229392290000000010e+01 -1.229285420000000073e+01 -1.229179109999999930e+01 -1.229073359999999937e+01 -1.228968159999999976e+01 -1.228863519999999987e+01 -1.228759419999999913e+01 -1.228655879999999989e+01 -1.228552870000000041e+01 -1.228450409999999948e+01
-1.353445400000000021e+01 -1.353351029999999966e+01 -1.353257170000000009e+01 -1.353163840000000029e+01 -1.353071010000000030e+01 -1.352978700000000067e+01 -1.352886900000000026e+01 -1.352795610000000082e+01 -1.352704839999999997e+01 -1.352614559999999955e+01 -1.352524799999999949e+01 -1.352435539999999925e+01 -1.352346789999999999e+01 -1.352258540000000053e+01 -1.352170800000000028e+01 -1.352083550000000045e+01 -1.351996809999999982e+01 -1.351910570000000078e+01 -1.351824820000000038e+01 -1.351739579999999918e+01 -1.351654830000000018e+01 -1.351570579999999921e+01 -1.351486820000000044e+01 -1.351403559999999970e+01 -1.351320789999999938e+01 -1.351238520000000065e+01 -1.351156740000000056e+01 -1.351075449999999911e+01 -1.350994649999999986e+01 -1.350914339999999925e+01 -1.350834520000000083e+01 -1.350755189999999928e+01 -1.350676349999999992e+01 -1.350597999999999921e+01 -1.350520129999999952e+01 -1.350442750000000025e+01 -1.350365859999999962e+01 -1.350289450000000002e+01 -1.350213519999999967e+01 -1.350138079999999974e+01 -1.350063120000000083e+01 -1.349988639999999940e+01 -1.349914650000000016e+01 -1.349841130000000078e+01 -1.349768100000000004e+01 -1.349695550000000033e+01 -1.349623470000000047e+01 -1.349551879999999926e+01 -1.349480759999999968e+01 -1.349410119999999935e+01
-1.507999979999999951e+01 -1.507837660000000035e+01 -1.507676230000000039e+01 -1.507515689999999964e+01 -1.507356030000000047e+01 -1.507197249999999933e+01 -1.507039340000000038e+01 -1.506882290000000069e+01 -1.506726100000000024e+01 -1.506570770000000081e+01 -1.506416289999999947e+01 -1.506262659999999975e+01 -1.506109859999999934e+01 -1.505957899999999938e+01 -1.505806770000000050e+01 -1.505656469999999914e+01 -1.505506980000000006e+01 -1.505358310000000088e+01 -1.505210439999999927e+01 -1.505063379999999995e+01 -1.504917119999999997e+01 -1.504771659999999933e+01 -1.504626979999999925e+01 -1.504483079999999973e+01 -1.504339970000000015e+01 -1.504197620000000057e+01 -1.504056049999999978e+01 -1.503915240000000075e+01 -1.503775189999999995e+01 -1.503635889999999975e+01 -1.503497349999999955e+01 -1.503359539999999939e+01 -1.503222479999999983e+01 -1.503086159999999971e+01 -1.502950560000000024e+01 -1.502815690000000082e+01 -1.502681540000000027e+01 -1.502548110000000037e+01 -1.502415389999999995e+01 -1.502283380000000079e+01 -1.502152079999999934e+01 -1.502021470000000036e+01 -1.501891559999999970e+01 -1.501762349999999913e+01 -1.501633810000000047e+01 -1.501505970000000012e+01 -1.501378799999999991e+01 -1.501252309999999923e+01 -1.501126490000000047e+01 -1.501001330000000067e+01
-1.623688440000000099e+01 -1.623575459999999993e+01 -1.623463110000000142e+01 -1.623351369999999960e+01 -1.623240260000000035e+01 -1.623129769999999894e+01 -1.623019899999999893e+01 -1.622910639999999916e+01 -1.622801989999999961e+01 -1.622693960000000146e+01 -1.622586539999999999e+01 -1.622479729999999876e+01 -1.622373530000000130e+01 -1.622267929999999936e+01 -1.622162940000000120e+01 -1.622058549999999855e+01 -1.621954759999999851e+01 -1.621851579999999871e+01 -1.621748990000000035e+01 -1.621647009999999867e+01 -1.621545619999999843e+01 -1.621444830000000081e+01 -1.621344630000000109e+01 -1.621245019999999926e+01 -1.621146010000000004e+01 -1.621047589999999872e+01 -1.620949759999999884e+01 -1.620852520000000041e+01 -1.620755869999999987e+01 -1.620659799999999962e+01 -1.620564329999999842e+01 -1.620469429999999988e+01 -1.620375119999999924e+01 -1.620281400000000005e+01 -1.620188260000000113e+01 -1.620095690000000133e+01 -1.620003709999999941e+01 -1.619912310000000133e+01 -1.619821489999999997e+01 -1.619731240000000128e+01 -1.619641569999999930e+01 -1.619552480000000116e+01 -1.619463959999999858e+01 -1.619376019999999983e+01 -1.619288650000000018e+01 -1.619201849999999965e+01 -1.619115620000000177e+01 -1.619029970000000063e+01 -1.618944880000000097e+01 -1.618860360000000043e+01
-1.781770290000000045e+01 -1.781577959999999905e+01 -1.781386699999999834e+01 -1.781196489999999955e+01 -1.781007329999999911e+01 -1.780819209999999941e+01 -1.780632130000000046e+01 -1.780446080000000109e+01 -1.780261060000000128e+01 -1.780077049999999872e+01 -1.779894060000000167e+01 -1.779712079999999830e+01 -1.779531090000000049e+01 -1.779351109999999991e+01 -1.779172110000000018e+01 -1.778994099999999889e+01 -1.778817060000000083e+01 -1.778641000000000005e+01 -1.778465900000000133e+01 -1.778291760000000110e+01 -1.778118579999999938e+01 -1.777946340000000092e+01 -1.777775049999999979e+01 -1.777604690000000076e+01 -1.777435270000000145e+01 -1.777266759999999834e+01 -1.777099180000000089e+01 -1.776932520000000082e+01 -1.776766759999999934e+01 -1.776601900000000001e+01 -1.776437939999999926e+01 -1.776274869999999950e+01 -1.776112679999999955e+01 -1.775951380000000057e+01 -1.775790950000000024e+01 -1.775631389999999854e+01 -1.775472699999999904e+01 -1.775314859999999939e+01 -1.775157880000000077e+01 -1.775001740000000083e+01 -1.774846450000000075e+01 -1.774691999999999936e+01 -1.774538379999999904e+01 -1.774385589999999979e+01 -1.774233620000000045e+01 -1.774082470000000100e+01 -1.773932140000000146e+01 -1.773782620000000065e+01 -1.773633889999999980e+01 -1.773485970000000123e+01
-1.893850529999999921e+01 -1.893718940000000117e+01 -1.893588099999999841e+01 -1.893457980000000163e+01 -1.893328590000000133e+01 -1.893199939999999870e+01 -1.893072000000000088e+01 -1.892944789999999955e+01 -1.892818300000000065e+01 -1.892692530000000062e+01 -1.892567479999999946e+01 -1.892443139999999957e+01 -1.892319510000000093e+01 -1.892196590000000000e+01 -1.892074380000000033e+01 -1.891952879999999837e+01 -1.891832090000000122e+01 -1.891711989999999943e+01 -1.891592599999999891e+01 -1.891473909999999847e+01 -1.891355920000000168e+01 -1.891238620000000026e+01 -1.891122019999999893e+01 -1.891006110000000007e+01 -1.890890890000000013e+01 -1.890776370000000028e+01 -1.890662530000000174e+01 -1.890549379999999857e+01 -1.890436910000000026e+01 -1.890325130000000087e+01 -1.890214040000000040e+01 -1.890103620000000006e+01 -1.889993889999999865e+01 -1.889884830000000093e+01 -1.889776450000000096e+01 -1.889668749999999875e+01 -1.889561720000000022e+01 -1.889455369999999945e+01 -1.889349689999999882e+01 -1.889244679999999832e+01 -1.889140340000000151e+01 -1.889036670000000129e+01 -1.888933670000000120e+01 -1.888831330000000008e+01 -1.888729659999999910e+01 -1.888628650000000064e+01 -1.888528309999999877e+01 -1.888428629999999941e+01 -1.888329600000000141e+01 -1.888231240000000000e+01
-2.055510419999999883e+01 -2.055287759999999864e+01 -2.055066319999999891e+01 -2.054846110000000081e+01 -2.054627119999999962e+01 -2.054409340000000128e+01 -2.054192769999999868e+01 -2.053977390000000014e+01 -2.053763209999999972e+01 -2.053550209999999865e+01 -2.053338390000000047e+01 -2.053127750000000162e+01 -2.052918269999999978e+01 -2.052709949999999850e+01 -2.052502780000000016e+01 -2.052296760000000120e+01 -2.052091869999999929e+01 -2.051888119999999915e+01 -2.051685499999999962e+01 -2.051483999999999952e+01 -2.051283610000000124e+01 -2.051084320000000005e+01 -2.050886140000000069e+01 -2.050689050000000080e+01 -2.050493039999999922e+01 -2.050298120000000068e+01 -2.050104269999999929e+01 -2.049911489999999858e+01 -2.049719770000000096e+01 -2.049529100000000170e+01 -2.049339480000000080e+01 -2.049150900000000064e+01 -2.048963360000000122e+01 -2.048776850000000138e+01 -2.048591359999999995e+01 -2.048406890000000047e+01 -2.048223429999999823e+01 -2.048040969999999916e+01 -2.047859509999999972e+01 -2.047679049999999989e+01 -2.047499570000000091e+01 -2.047321080000000038e+01 -2.047143559999999951e+01 -2.046967009999999831e+01 -2.046791419999999917e+01 -2.046616789999999853e+01 -2.046443119999999993e+01 -2.046270390000000106e+01 -2.046098599999999834e+01 -2.045927760000000006e+01
-2.163917149999999978e+01 -2.163766910000000010e+01 -2.163617520000000027e+01 -2.163468969999999914e+01 -2.163321260000000024e+01 -2.163174390000000002e+01 -2.163028359999999850e+01 -2.162883160000000160e+01 -2.162738789999999867e+01 -2.162595250000000036e+01 -2.162452529999999840e+01 -2.162310640000000106e+01 -2.162169559999999890e+01 -2.162029300000000021e+01 -2.161889860000000141e+01 -2.161751220000000018e+01 -2.161613399999999885e+01 -2.161476379999999864e+01 -2.161340170000000072e+01 -2.161204770000000153e+01 -2.161070159999999873e+01 -2.160936350000000061e+01 -2.160803340000000006e+01 -2.160671119999999945e+01 -2.160539699999999996e+01 -2.160409059999999926e+01 -2.160279219999999967e+01 -2.160150159999999886e+01 -2.160021880000000039e+01 -2.159894389999999831e+01 -2.159767679999999856e+01 -2.159641750000000116e+01 -2.159516590000000136e+01 -2.159392210000000034e+01 -2.159268610000000166e+01 -2.159145769999999942e+01 -2.159023709999999951e+01 -2.158902420000000077e+01 -2.158781889999999848e+01 -2.158662130000000090e+01 -2.158543129999999977e+01 -2.158424899999999980e+01 -2.158307419999999865e+01 -2.158190709999999868e+01 -2.158074750000000108e+01 -2.157959549999999993e+01 -2.157845100000000116e+01 -2.157731409999999883e+01 -2.157618469999999888e+01 -2.157506280000000132e+01
-2.329198600000000141e+01 -2.328945230000000066e+01 -2.328693270000000126e+01 -2.328442700000000087e+01 -2.328193519999999950e+01 -2.327945719999999952e+01 -2.327699300000000093e+01 -2.327454249999999902e+01 -2.327210549999999856e+01 -2.326968210000000070e+01 -2.326727220000000074e+01 -2.326487559999999988e+01 -2.326249239999999929e+01 -2.326012250000000137e+01 -2.325776570000000021e+01 -2.325542199999999937e+01 -2.325309139999999886e+01 -2.325077369999999988e+01 -2.324846889999999888e+01 -2.324617699999999942e+01 -2.324389779999999917e+01 -2.324163130000000166e+01 -2.323937730000000101e+01 -2.323713589999999840e+01 -2.323490699999999975e+01 -2.323269050000000036e+01 -2.323048629999999903e+01 -2.322829430000000173e+01 -2.322611450000000133e+01 -2.322394680000000022e+01 -2.322179110000000080e+01 -2.321964750000000066e+01 -2.321751569999999987e+01 -2.321539569999999841e+01 -2.321328749999999985e+01 -2.321119089999999829e+01 -2.320910599999999846e+01 -2.320703269999999918e+01 -2.320497080000000167e+01 -2.320292029999999883e+01 -2.320088120000000131e+01 -2.319885340000000085e+01 -2.319683679999999981e+01 -2.319483130000000060e+01 -2.319283700000000081e+01 -2.319085360000000051e+01 -2.318888129999999848e+01 -2.318691979999999830e+01 -2.318496920000000117e+01 -2.318302930000000117e+01
-2.433934109999999862e+01 -2.433765100000000103e+01 -2.433597059999999956e+01 -2.433429969999999898e+01 -2.433263850000000161e+01 -2.433098670000000041e+01 -2.432934450000000126e+01 -2.432771169999999827e+01 -2.432608829999999855e+01 -2.432447429999999855e+01 -2.432286969999999826e+01 -2.432127440000000007e+01 -2.431968829999999926e+01 -2.431811160000000172e+01 -2.431654400000000038e+01 -2.431498570000000115e+01 -2.431343650000000167e+01 -2.431189649999999958e+01 -2.431036560000000080e+01 -2.430884379999999823e+01 -2.430733100000000135e+01 -2.430582719999999952e+01 -2.430433250000000100e+01 -2.430284669999999991e+01 -2.430136990000000097e+01 -2.429990199999999945e+01 -2.429844299999999890e+01 -2.429699280000000172e+01 -2.429555159999999958e+01 -2.429411909999999963e+01 -2.429269550000000066e+01 -2.429128060000000033e+01 -2.428987449999999981e+01 -2.428847719999999910e+01 -2.428708849999999941e+01 -2.428570849999999837e+01 -2.428433730000000068e+01 -2.428297459999999930e+01 -2.428162060000000011e+01 -2.428027519999999839e+01 -2.427893840000000125e+01 -2.427761020000000158e+01 -2.427629050000000177e+01 -2.427497939999999943e+01 -2.427367669999999933e+01 -2.427238260000000025e+01 -2.427109700000000103e+01 -2.426981980000000050e+01 -2.426855099999999865e+01 -2.426729070000000021e+01
-2.602779010000000071e+01 -2.602494490000000127e+01 -2.602211540000000056e+01 -2.601930150000000097e+01 -2.601650330000000011e+01 -2.601372059999999919e+01 -2.601095330000000061e+01 -2.600820140000000080e+01 -2.600546479999999860e+01 -2.600274339999999995e+01 -2.600003720000000129e+01 -2.599734610000000146e+01 -2.599466999999999928e+01 -2.599200880000000069e+01 -2.598936249999999859e+01 -2.598673099999999891e+01 -2.598411409999999933e+01 -2.598151190000000099e+01 -2.597892429999999919e+01 -2.597635109999999870e+01 -2.597379229999999950e+01 -2.597124790000000161e+01 -2.596871760000000151e+01 -2.596620160000000155e+01 -2.596369960000000177e+01 -2.596121169999999978e+01 -2.595873759999999919e+01 -2.595627749999999878e+01 -2.595383109999999860e+01 -2.595139839999999865e+01 -2.594897939999999892e+01 -2.594657390000000063e+01 -2.594418190000000024e+01 -2.594180330000000012e+01 -2.593943799999999911e+01 -2.593708589999999958e+01 -2.593474709999999916e+01 -2.593242130000000145e+01 -2.593010860000000051e+01 -2.592780880000000110e+01 -2.592552189999999968e+01 -2.592324779999999862e+01 -2.592098640000000032e+01 -2.591873770000000121e+01 -2.591650160000000014e+01 -2.591427799999999948e+01 -2.591206689999999924e+01 -2.590986810000000062e+01 -2.590768170000000126e+01 -2.590550749999999880e+01
-2.703826550000000140e+01 -2.703638589999999908e+01 -2.703451709999999863e+01 -2.703265910000000005e+01 -2.703081189999999978e+01 -2.702897540000000021e+01 -2.702714950000000016e+01 -2.702533430000000081e+01 -2.702352959999999982e+01 -2.702173549999999835e+01 -2.701995189999999880e+01 -2.701817869999999999e+01 -2.701641599999999954e+01 -2.701466359999999867e+01 -2.701292159999999853e+01 -2.701118990000000153e+01 -2.700946839999999938e+01 -2.700775720000000035e+01 -2.700605630000000090e+01 -2.700436540000000107e+01 -2.700268469999999965e+01 -2.700101420000000019e+01 -2.699935359999999918e+01 -2.699770320000000012e+01 -2.699606269999999952e+01 -2.699443219999999855e+01 -2.699281159999999957e+01 -2.699120100000000022e+01 -2.698960020000000171e+01 -2.698800930000000164e+01 -2.698642819999999887e+01 -2.698485700000000165e+01 -2.698329550000000054e+01 -2.698174369999999911e+01 -2.698020169999999851e+01 -2.697866929999999996e+01 -2.697714660000000109e+01 -2.697563359999999832e+01 -2.697413020000000117e+01 -2.697263630000000134e+01 -2.697115210000000118e+01 -2.696967739999999836e+01 -2.696821219999999997e+01 -2.696675649999999891e+01 -2.696531029999999873e+01 -2.696387349999999827e+01 -2.696244619999999870e+01 -2.696102829999999884e+01 -2.695961970000000107e+01 -2.695822060000000064e+01
-2.876327810000000085e+01 -2.876011629999999997e+01 -2.875697189999999992e+01 -2.875384490000000071e+01 -2.875073509999999999e+01 -2.874764259999999894e+01 -2.874456719999999876e+01 -2.874150879999999830e+01 -2.873846749999999872e+01 -2.873544300000000007e+01 -2.873243539999999996e+01 -2.872944460000000078e+01 -2.872647040000000018e+01 -2.872351289999999935e+01 -2.872057189999999949e+01 -2.871764729999999943e+01 -2.871473909999999918e+01 -2.871184729999999874e+01 -2.870897160000000170e+01 -2.870611209999999858e+01 -2.870326860000000124e+01 -2.870044109999999904e+01 -2.869762950000000146e+01 -2.869483370000000022e+01 -2.869205360000000127e+01 -2.868928929999999866e+01 -2.868654039999999839e+01 -2.868380709999999922e+01 -2.868108919999999884e+01 -2.867838659999999962e+01 -2.867569930000000156e+01 -2.867302709999999877e+01 -2.867037009999999952e+01 -2.866772800000000032e+01 -2.866510089999999877e+01 -2.866248859999999965e+01 -2.865989109999999940e+01 -2.865730819999999923e+01 -2.865474000000000032e+01 -2.865218630000000033e+01 -2.864964709999999926e+01 -2.864712219999999832e+01 -2.864461169999999868e+01 -2.864211530000000039e+01 -2.863963310000000106e+01 -2.863716499999999954e+01 -2.863471080000000057e+01 -2.863227059999999824e+01 -2.862984409999999968e+01 -2.862743150000000014e+01
2.831401719999999855e+01 2.831214590000000086e+01 2.831028560000000027e+01 2.830843619999999916e+01 2.830659770000000108e+01 2.830477000000000132e+01 2.830295309999999986e+01 2.830114700000000028e+01 2.829935160000000138e+01 2.829756689999999963e+01 2.829579280000000097e+01 2.829402929999999827e+01 2.829227639999999866e+01 2.829053400000000096e+01 2.828880210000000162e+01 2.828708070000000063e+01 2.828536980000000156e+01 2.828366919999999851e+01 2.828197899999999976e+01 2.828029910000000058e+01 2.827862950000000097e+01 2.827697020000000094e+01 2.827532109999999932e+01 2.827368219999999965e+01 2.827205349999999839e+01 2.827043490000000148e+01 2.826882649999999941e+01 2.826722810000000052e+01 2.826563979999999887e+01 2.826406160000000156e+01 2.826249329999999915e+01 2.826093499999999992e+01 2.825938670000000030e+01 2.825784829999999914e+01 2.825631979999999999e+01 2.825480110000000167e+01 2.825329239999999942e+01 2.825179340000000039e+01 2.825030429999999981e+01 2.824882489999999891e+01 2.824735529999999883e+01 2.824589539999999843e+01 2.824444520000000125e+01 2.824300480000000135e+01 2.824157389999999879e+01 2.824015280000000061e+01 2.823874130000000093e+01 2.823733929999999859e+01 2.823594699999999946e+01 2.823456420000000122e+01
3.012970179999999942e+01 3.012625859999999989e+01 3.012283430000000095e+01 3.011942870000000028e+01 3.011604189999999903e+01 3.011267369999999843e+01 3.010932400000000086e+01 3.010599279999999922e+01 3.010268010000000061e+01 3.009938569999999913e+01 3.009610959999999835e+01 3.009285159999999948e+01 3.008961180000000013e+01 3.008639000000000152e+01 3.008318620000000010e+01 3.008000029999999825e+01 3.007683210000000074e+01 3.007368170000000163e+01 3.007054899999999975e+01 3.006743379999999988e+01 3.006433600000000084e+01 3.006125570000000025e+01 3.005819269999999932e+01 3.005514700000000161e+01 3.005211830000000006e+01 3.004910680000000056e+01 3.004611219999999960e+01 3.004313459999999836e+01 3.004017370000000042e+01 3.003722959999999986e+01 3.003430210000000145e+01 3.003139120000000162e+01 3.002849670000000160e+01 3.002561860000000138e+01 3.002275690000000097e+01 3.001991130000000041e+01 3.001708190000000087e+01 3.001426850000000002e+01 3.001147110000000140e+01 3.000868949999999913e+01 3.000592380000000148e+01 3.000317370000000139e+01 3.000043930000000003e+01 2.999772039999999862e+01 2.999501700000000071e+01 2.999232890000000040e+01 2.998965610000000126e+01 2.998699849999999856e+01 2.998435599999999823e+01 2.998172860000000028e+01
2.561987470000000044e+01 2.561818480000000164e+01 2.561650480000000130e+01 2.561483459999999823e+01 2.561317409999999839e+01 2.561152339999999938e+01 2.560988240000000005e+01 2.560825099999999921e+01 2.560662930000000159e+01 2.560501719999999892e+01 2.560341469999999831e+01 2.560182169999999857e+01 2.560023819999999972e+01 2.559866420000000176e+01 2.559709959999999995e+01 2.559554449999999903e+01 2.559399880000000138e+01 2.559246239999999872e+01 2.559093539999999933e+01 2.558941769999999849e+01 2.558790929999999975e+01 2.558641019999999955e+01 2.558492019999999911e+01 2.558343950000000078e+01 2.558196799999999982e+01 2.558050559999999862e+01 2.557905239999999836e+01 2.557760820000000024e+01 2.557617319999999950e+01 2.557474720000000090e+01 2.557333029999999852e+01 2.557192230000000066e+01 2.557052339999999901e+01 2.556913349999999951e+01 2.556775250000000099e+01 2.556638039999999990e+01 2.556501719999999978e+01 2.556366290000000063e+01 2.556231749999999892e+01 2.556098100000000173e+01 2.555965319999999963e+01 2.555833429999999851e+01 2.555702420000000075e+01 2.555572280000000163e+01 2.555443019999999876e+01 2.555314630000000165e+01 2.555187120000000078e+01 2.555060470000000095e+01 2.554934689999999975e+01 2.554809780000000075e+01
2.739230470000000039e+01 2.738919100000000029e+01 2.738609440000000106e+01 2.738301480000000154e+01 2.737995229999999935e+01 2.737690669999999926e+01 2.737387790000000010e+01 2.737086589999999831e+01 2.736787070000000099e+01 2.736489209999999872e+01 2.736193000000000097e+01 2.735898440000000065e+01 2.735605530000000130e+01 2.735314250000000058e+01 2.735024599999999850e+01 2.734736559999999983e+01 2.734450139999999863e+01 2.734165319999999966e+01 2.733882090000000176e+01 2.733600459999999899e+01 2.733320399999999850e+01 2.733041920000000147e+01 2.732764999999999844e+01 2.732489629999999892e+01 2.732215820000000051e+01 2.731943539999999970e+01 2.731672800000000123e+01 2.731403579999999920e+01 2.731135869999999954e+01 2.730869679999999988e+01 2.730604980000000026e+01 2.730341770000000068e+01 2.730080050000000114e+01 2.729819799999999930e+01 2.729561019999999871e+01 2.729303700000000177e+01 2.729047830000000019e+01 2.728793410000000108e+01 2.728540410000000094e+01 2.728288849999999854e+01 2.728038700000000105e+01 2.727789960000000136e+01 2.727542629999999946e+01 2.727296690000000012e+01 2.727052139999999980e+01 2.726808970000000087e+01 2.726567169999999862e+01 2.726326740000000015e+01 2.726087659999999957e+01 2.725849930000000043e+01
2.292473400000000083e+01 2.292322360000000003e+01 2.292172190000000143e+01 2.292022890000000146e+01 2.291874449999999896e+01 2.291726889999999983e+01 2.291580190000000172e+01 2.291434350000000109e+01 2.291289360000000030e+01 2.291145230000000055e+01 2.291001959999999826e+01 2.290859530000000177e+01 2.290717959999999920e+01 2.290577220000000125e+01 2.290437329999999960e+01 2.290298290000000137e+01 2.290160080000000065e+01 2.290022700000000100e+01 2.289886160000000004e+01 2.289750450000000015e+01 2.289615570000000133e+01 2.289481520000000003e+01 2.289348289999999864e+01 2.289215889999999831e+01 2.289084310000000144e+01 2.288953539999999975e+01 2.288823599999999914e+01 2.288694470000000081e+01 2.288566150000000121e+01 2.288438640000000035e+01 2.288311940000000178e+01 2.288186059999999955e+01 2.288060970000000083e+01 2.287936690000000084e+01 2.287813219999999959e+01 2.287690539999999828e+01 2.287568660000000165e+01 2.287447579999999903e+01 2.287327300000000108e+01 2.287207809999999952e+01 2.287089110000000147e+01 2.286971199999999982e+01 2.286854080000000167e+01 2.286737749999999991e+01 2.286622200000000049e+01 2.286507440000000102e+01 2.286393460000000033e+01 2.286280259999999842e+01 2.286167839999999885e+01 2.286056200000000160e+01
2.465454989999999924e+01 2.465176119999999926e+01 2.464898799999999923e+01 2.464623010000000036e+01 2.464348740000000149e+01 2.464076000000000022e+01 2.463804770000000133e+01 2.463535040000000009e+01 2.463266810000000007e+01 2.463000080000000125e+01 2.462734830000000130e+01 2.462471060000000023e+01 2.462208760000000041e+01 2.461947920000000067e+01 2.461688549999999864e+01 2.461430610000000030e+01 2.461174129999999849e+01 2.460919069999999920e+01 2.460665450000000121e+01 2.460413240000000101e+01 2.460162439999999862e+01 2.459913050000000112e+01 2.459665060000000025e+01 2.459418450000000078e+01 2.459173230000000032e+01 2.458929380000000009e+01 2.458686900000000009e+01 2.458445779999999914e+01 2.458206009999999964e+01 2.457967580000000041e+01 2.457730490000000145e+01 2.457494730000000160e+01 2.457260289999999969e+01 2.457027160000000165e+01 2.456795350000000155e+01 2.456564819999999827e+01 2.456335590000000124e+01 2.456107649999999865e+01 2.455880979999999880e+01 2.455655580000000171e+01 2.455431439999999910e+01 2.455208550000000045e+01 2.454986919999999984e+01 2.454766520000000085e+01 2.454547349999999994e+01 2.454329410000000067e+01 2.454112689999999830e+01 2.453897179999999878e+01 2.453682870000000094e+01 2.453469769999999883e+01
2.022927370000000025e+01 2.022794109999999890e+01 2.022661619999999871e+01 2.022529889999999853e+01 2.022398929999999950e+01 2.022268719999999931e+01 2.022139269999999911e+01 2.022010579999999891e+01 2.021882640000000109e+01 2.021755449999999854e+01 2.021629009999999838e+01 2.021503320000000059e+01 2.021378370000000047e+01 2.021254160000000155e+01 2.021130700000000147e+01 2.021007979999999904e+01 2.020885990000000021e+01 2.020764739999999904e+01 2.020644229999999908e+01 2.020524440000000155e+01 2.020405390000000168e+01 2.020287069999999829e+01 2.020169470000000089e+01 2.020052599999999998e+01 2.019936459999999911e+01 2.019821040000000067e+01 2.019706340000000111e+01 2.019592360000000042e+01 2.019479090000000099e+01 2.019366550000000160e+01 2.019254719999999992e+01 2.019143599999999950e+01 2.019033200000000150e+01 2.018923510000000121e+01 2.018814520000000101e+01 2.018706249999999969e+01 2.018598679999999845e+01 2.018491819999999848e+01 2.018385659999999859e+01 2.018280209999999997e+01 2.018175450000000026e+01 2.018071399999999826e+01 2.017968039999999874e+01 2.017865390000000048e+01 2.017763430000000113e+01 2.017662160000000071e+01 2.017561590000000038e+01 2.017461709999999897e+01 2.017362520000000004e+01 2.017264020000000002e+01
2.191594470000000072e+01 2.191347749999999905e+01 2.191102379999999883e+01 2.190858379999999883e+01 2.190615730000000028e+01 2.190374429999999961e+01 2.190134460000000161e+01 2.189895830000000032e+01 2.189658520000000053e+01 2.189422539999999984e+01 2.189187869999999947e+01 2.188954499999999825e+01 2.188722440000000091e+01 2.188491670000000155e+01 2.188262179999999901e+01 2.188033980000000156e+01 2.187807049999999975e+01 2.187581379999999953e+01 2.187356970000000089e+01 2.187133820000000028e+01 2.186911909999999892e+01 2.186691229999999919e+01 2.186471789999999871e+01 2.186253579999999985e+01 2.186036580000000029e+01 2.185820790000000002e+01 2.185606200000000143e+01 2.185392810000000097e+01 2.185180610000000101e+01 2.184969590000000039e+01 2.184759749999999912e+01 2.184551069999999839e+01 2.184343559999999940e+01 2.184137199999999979e+01 2.183931989999999956e+01 2.183727920000000111e+01 2.183524979999999971e+01 2.183323169999999891e+01 2.183122480000000110e+01 2.182922900000000155e+01 2.182724440000000143e+01 2.182527070000000080e+01 2.182330789999999965e+01 2.182135609999999915e+01 2.181941499999999934e+01 2.181748470000000140e+01 2.181556510000000060e+01 2.181365609999999933e+01 2.181175759999999997e+01 2.180986959999999897e+01
1.753277710000000056e+01 1.753162190000000109e+01 1.753047319999999942e+01 1.752933110000000028e+01 1.752819560000000010e+01 1.752706669999999889e+01 1.752594429999999903e+01 1.752482840000000053e+01 1.752371899999999982e+01 1.752261610000000047e+01 1.752151960000000130e+01 1.752042970000000111e+01 1.751934609999999992e+01 1.751826900000000009e+01 1.751719830000000044e+01 1.751613400000000098e+01 1.751507610000000170e+01 1.751402459999999905e+01 1.751297939999999898e+01 1.751194059999999908e+01 1.751090810000000175e+01 1.750988189999999989e+01 1.750886200000000059e+01 1.750784850000000148e+01 1.750684120000000021e+01 1.750584020000000152e+01 1.750484540000000067e+01 1.750385689999999883e+01 1.750287469999999956e+01 1.750189870000000170e+01 1.750092880000000051e+01 1.749996519999999833e+01 1.749900780000000111e+01 1.749805660000000174e+01 1.749711160000000021e+01 1.749617269999999891e+01 1.749523999999999901e+01 1.749431339999999935e+01 1.749339289999999991e+01 1.749247859999999832e+01 1.749157029999999935e+01 1.749066820000000178e+01 1.748977220000000088e+01 1.748888219999999905e+01 1.748799830000000100e+01 1.748712049999999962e+01 1.748624870000000087e+01 1.748538299999999879e+01 1.748452320000000171e+01 1.748366950000000131e+01
1.917684979999999939e+01 1.917470009999999903e+01 1.917256229999999917e+01 1.917043629999999865e+01 1.916832219999999865e+01 1.916621969999999919e+01 1.916412890000000147e+01 1.916204979999999836e+01 1.915998210000000057e+01 1.915792599999999979e+01 1.915588130000000078e+01 1.915384789999999882e+01 1.915182589999999863e+01 1.914981510000000142e+01 1.914781539999999893e+01 1.914582689999999943e+01 1.914384950000000174e+01 1.914188299999999998e+01 1.913992740000000126e+01 1.913798269999999846e+01 1.913604880000000108e+01 1.913412569999999846e+01 1.913221319999999892e+01 1.913031140000000008e+01 1.912841999999999842e+01 1.912653919999999985e+01 1.912466879999999847e+01 1.912280870000000021e+01 1.912095899999999915e+01 1.911911939999999888e+01 1.911729010000000173e+01 1.911547080000000065e+01 1.911366160000000036e+01 1.911186239999999970e+01 1.911007310000000103e+01 1.910829359999999966e+01 1.910652400000000029e+01 1.910476410000000058e+01 1.910301390000000055e+01 1.910127329999999901e+01 1.909954229999999953e+01 1.909782069999999976e+01 1.909610860000000088e+01 1.909440590000000171e+01 1.909271259999999870e+01 1.909102850000000018e+01 1.908935359999999903e+01 1.908768789999999882e+01 1.908603129999999837e+01 1.908438380000000123e+01
1.483536840000000012e+01 1.483439040000000020e+01 1.483341799999999999e+01 1.483245110000000011e+01 1.483148979999999995e+01 1.483053400000000011e+01 1.482958370000000059e+01 1.482863889999999962e+01 1.482769960000000076e+01 1.482676580000000044e+01 1.482583739999999928e+01 1.482491450000000022e+01 1.482399700000000031e+01 1.482308500000000073e+01 1.482217840000000031e+01 1.482127709999999965e+01 1.482038129999999931e+01 1.481949089999999991e+01 1.481860589999999966e+01 1.481772630000000035e+01 1.481685200000000080e+01 1.481598299999999924e+01 1.481511949999999977e+01 1.481426120000000068e+01 1.481340830000000075e+01 1.481256070000000058e+01 1.481171840000000017e+01 1.481088139999999953e+01 1.481004979999999982e+01 1.480922340000000048e+01 1.480840229999999913e+01 1.480758639999999993e+01 1.480677589999999988e+01 1.480597050000000081e+01 1.480517049999999912e+01 1.480437560000000019e+01 1.480358599999999925e+01 1.480280169999999984e+01 1.480202249999999964e+01 1.480124859999999920e+01 1.480047979999999974e+01 1.479971630000000005e+01 1.479895789999999955e+01 1.479820469999999943e+01 1.479745669999999969e+01 1.479671379999999914e+01 1.479597610000000074e+01 1.479524349999999977e+01 1.479451609999999917e+01 1.479379379999999955e+01
1.643692040000000176e+01 1.643508509999999845e+01 1.643326000000000064e+01 1.643144500000000008e+01 1.642964010000000030e+01 1.642784509999999898e+01 1.642606010000000083e+01 1.642428500000000113e+01 1.642251979999999989e+01 1.642076429999999831e+01 1.641901860000000113e+01 1.641728249999999889e+01 1.641555609999999987e+01 1.641383920000000174e+01 1.641213180000000094e+01 1.641043390000000102e+01 1.640874540000000081e+01 1.640706619999999916e+01 1.640539629999999960e+01 1.640373560000000097e+01 1.640208420000000089e+01 1.640044179999999940e+01 1.639880850000000123e+01 1.639718420000000165e+01 1.639556890000000067e+01 1.639396239999999949e+01 1.639236479999999929e+01 1.639077599999999890e+01 1.638919590000000071e+01 1.638762450000000115e+01 1.638606169999999906e+01 1.638450750000000156e+01 1.638296169999999918e+01 1.638142450000000139e+01 1.637989560000000111e+01 1.637837509999999952e+01 1.637686289999999900e+01 1.637535899999999955e+01 1.637386319999999884e+01 1.637237560000000158e+01 1.637089599999999834e+01 1.636942459999999855e+01 1.636796109999999871e+01 1.636650549999999882e+01 1.636505790000000005e+01 1.636361799999999889e+01 1.636218600000000123e+01 1.636076170000000118e+01 1.635934519999999992e+01 1.635793629999999865e+01
1.213714910000000025e+01 1.213634880000000038e+01 1.213555299999999981e+01 1.213476170000000032e+01 1.213397490000000012e+01 1.213319270000000039e+01 1.213241490000000056e+01 1.213164169999999942e+01 1.213087289999999996e+01 1.213010859999999980e+01 1.212934869999999954e+01 1.212859339999999975e+01 1.212784240000000047e+01 1.212709590000000048e+01 1.212635389999999980e+01 1.212561619999999962e+01 1.212488300000000052e+01 1.212415419999999955e+01 1.212342980000000026e+01 1.212270980000000087e+01 1.212199430000000078e+01 1.212128309999999942e+01 1.212057620000000036e+01 1.211987380000000059e+01 1.211917569999999955e+01 1.211848200000000020e+01 1.211779270000000075e+01 1.211710770000000004e+01 1.211642709999999923e+01 1.211575080000000071e+01 1.211507879999999915e+01 1.211441119999999927e+01 1.211374789999999990e+01 1.211308889999999927e+01 1.211243419999999915e+01 1.211178390000000071e+01 1.211113779999999984e+01 1.211049610000000065e+01 1.210985860000000081e+01 1.210922539999999969e+01 1.210859650000000087e+01 1.210797190000000079e+01 1.210735150000000004e+01 1.210673539999999981e+01 1.210612350000000070e+01 1.210551590000000033e+01 1.210491260000000047e+01 1.210431349999999995e+01 1.210371860000000055e+01 1.210312790000000049e+01
1.369667839999999970e+01 1.369515439999999984e+01 1.369363889999999984e+01 1.369213180000000030e+01 1.369063300000000005e+01 1.368914239999999971e+01 1.368766019999999983e+01 1.368618610000000047e+01 1.368472019999999922e+01 1.368326240000000027e+01 1.368181260000000066e+01 1.368037089999999978e+01 1.367893710000000063e+01 1.367751119999999965e+01 1.367609320000000039e+01 1.367468299999999992e+01 1.367328060000000001e+01 1.367188589999999948e+01 1.367049890000000012e+01 1.366911950000000076e+01 1.366774769999999961e+01 1.366638340000000085e+01 1.366502670000000030e+01 1.366367729999999980e+01 1.366233530000000052e+01 1.366100070000000066e+01 1.365967340000000085e+01 1.365835329999999992e+01 1.365704050000000080e+01 1.365573470000000000e+01 1.365443609999999985e+01 1.365314459999999919e+01 1.365185999999999922e+01 1.365058250000000051e+01 1.364931190000000072e+01 1.364804810000000046e+01 1.364679119999999912e+01 1.364554110000000087e+01 1.364429769999999920e+01 1.364306110000000061e+01 1.364183109999999921e+01 1.364060770000000034e+01 1.363939090000000043e+01 1.363818060000000010e+01 1.363697690000000051e+01 1.363577959999999933e+01 1.363458870000000012e+01 1.363340419999999931e+01 1.363222599999999929e+01 1.363105410000000006e+01
9.438277279999999436e+00 9.437655180000000144e+00 9.437036600000000774e+00 9.436421530000000502e+00 9.435809949999999446e+00 9.435201879999999264e+00 9.434597300000000075e+00 9.433996199999999277e+00 9.433398580000000422e+00 9.432804439999999957e+00 9.432213770000000608e+00 9.431626559999999770e+00 9.431042809999999221e+00 9.430462509999999909e+00 9.429885670000000886e+00 9.429312270000000495e+00 9.428742310000000515e+00 9.428175780000000117e+00 9.427612690000000129e+00 9.427053020000000672e+00 9.426496780000000797e+00 9.425943959999999677e+00 9.425394550000000038e+00 9.424848559999999154e+00 9.424305970000000698e+00 9.423766779999999343e+00 9.423230999999999469e+00 9.422698609999999420e+00 9.422169609999999196e+00 9.421644000000000574e+00 9.421121769999999174e+00 9.420602929999999375e+00 9.420087459999999524e+00 9.419575359999999620e+00 9.419066629999999662e+00 9.418561269999999652e+00 9.418059270000000538e+00 9.417560619999999716e+00 9.417065329999999790e+00 9.416573389999999932e+00 9.416084789999999316e+00 9.415599529999999717e+00 9.415117609999999360e+00 9.414639019999999192e+00 9.414163750000000164e+00 9.413691809999999549e+00 9.413223190000000073e+00 9.412757879999999133e+00 9.412295869999999454e+00 9.411837179999999137e+00
1.095587410000000084e+01 1.095465910000000065e+01 1.095345080000000060e+01 1.095224909999999952e+01 1.095105410000000035e+01 1.094986570000000015e+01 1.094868390000000069e+01 1.094750849999999964e+01 1.094633969999999934e+01 1.094517729999999922e+01 1.094402129999999929e+01 1.094287169999999954e+01 1.094172840000000058e+01 1.094059140000000063e+01 1.093946069999999970e+01 1.093833610000000078e+01 1.093721780000000088e+01 1.093610559999999943e+01 1.093499940000000059e+01 1.093389930000000021e+01 1.093280530000000006e+01 1.093171719999999958e+01 1.093063509999999994e+01 1.092955880000000057e+01 1.092848840000000088e+01 1.092742390000000086e+01 1.092636509999999994e+01 1.092531209999999930e+01 1.092426479999999955e+01 1.092322309999999952e+01 1.092218710000000037e+01 1.092115669999999916e+01 1.092013180000000006e+01 1.091911250000000067e+01 1.091809869999999982e+01 1.091709029999999991e+01 1.091608729999999916e+01 1.091508969999999934e+01 1.091409739999999928e+01 1.091311050000000016e+01 1.091212879999999963e+01 1.091115240000000064e+01 1.091018120000000025e+01 1.090921510000000083e+01 1.090825420000000001e+01 1.090729840000000017e+01 1.090634769999999953e+01 1.090540200000000048e+01 1.090446140000000064e+01 1.090352569999999943e+01
6.738959620000000150e+00 6.738516340000000326e+00 6.738075560000000408e+00 6.737637290000000334e+00 6.737201510000000226e+00 6.736768230000000024e+00 6.736337439999999788e+00 6.735909129999999578e+00 6.735483310000000223e+00 6.735059960000000068e+00 6.734639089999999939e+00 6.734220699999999837e+00 6.733804779999999823e+00 6.733391319999999958e+00 6.732980320000000241e+00 6.732571789999999723e+00 6.732165720000000242e+00 6.731762100000000082e+00 6.731360930000000131e+00 6.730962210000000390e+00 6.730565949999999908e+00 6.730172119999999758e+00 6.729780739999999817e+00 6.729391800000000146e+00 6.729005299999999856e+00 6.728621229999999898e+00 6.728239590000000270e+00 6.727860390000000024e+00 6.727483610000000169e+00 6.727109259999999757e+00 6.726737329999999737e+00 6.726367820000000108e+00 6.726000739999999922e+00 6.725636060000000249e+00 6.725273800000000080e+00 6.724913950000000362e+00 6.724556510000000209e+00 6.724201469999999681e+00 6.723848839999999605e+00 6.723498610000000042e+00 6.723150770000000165e+00 6.722805329999999913e+00 6.722462280000000234e+00 6.722121620000000242e+00 6.721783339999999995e+00 6.721447450000000323e+00 6.721113940000000397e+00 6.720782800000000279e+00 6.720454029999999968e+00 6.720127640000000291e+00
8.214545620000000881e+00 8.213637620000000084e+00 8.212734640000000752e+00 8.211836650000000404e+00 8.210943609999999282e+00 8.210055510000000112e+00 8.209172300000000533e+00 8.208293969999999717e+00 8.207420479999999685e+00 8.206551799999999730e+00 8.205687899999999146e+00 8.204828750000000781e+00 8.203974320000000375e+00 8.203124589999999827e+00 8.202279519999999380e+00 8.201439080000000104e+00 8.200603239999999516e+00 8.199771979999999516e+00 8.198945260000000346e+00 8.198123049999999523e+00 8.197305330000000723e+00 8.196492060000000635e+00 8.195683210000000329e+00 8.194878759999999929e+00 8.194078669999999676e+00 8.193282919999999692e+00 8.192491479999999271e+00 8.191704310000000433e+00 8.190921400000000574e+00 8.190142700000000886e+00 8.189368200000000542e+00 8.188597859999999784e+00 8.187831660000000511e+00 8.187069559999999413e+00 8.186311549999999215e+00 8.185557599999999212e+00 8.184807669999999646e+00 8.184061740000000640e+00 8.183319779999999710e+00 8.182581770000000532e+00 8.181847689999999673e+00 8.181117499999999154e+00 8.180391180000000872e+00 8.179668720000000448e+00 8.178950070000000849e+00 8.178235219999999472e+00 8.177524149999999992e+00 8.176816829999999925e+00 8.176113230000000343e+00 8.175413340000000417e+00
4.039113740000000341e+00 4.038849840000000135e+00 4.038587449999999635e+00 4.038326549999999848e+00 4.038067139999999888e+00 4.037809229999999694e+00 4.037552820000000153e+00 4.037297889999999612e+00 4.037044439999999845e+00 4.036792489999999844e+00 4.036542019999999731e+00 4.036293019999999565e+00 4.036045510000000114e+00 4.035799479999999662e+00 4.035554920000000045e+00 4.035311840000000316e+00 4.035070229999999647e+00 4.034830099999999753e+00 4.034591429999999868e+00 4.034354229999999930e+00 4.034118499999999941e+00 4.033884239999999899e+00 4.033651439999999866e+00 4.033420099999999842e+00 4.033190229999999765e+00 4.032961819999999697e+00 4.032734859999999699e+00 4.032509369999999649e+00 4.032285329999999668e+00 4.032062739999999756e+00 4.031841609999999854e+00 4.031621930000000020e+00 4.031403700000000256e+00 4.031186919999999674e+00 4.030971590000000049e+00 4.030757709999999605e+00 4.030545270000000180e+00 4.030334269999999997e+00 4.030124719999999883e+00 4.029916609999999899e+00 4.029709930000000107e+00 4.029504689999999556e+00 4.029300890000000024e+00 4.029098519999999795e+00 4.028897589999999695e+00 4.028698079999999848e+00 4.028500000000000192e+00 4.028303349999999838e+00 4.028108119999999737e+00 4.027914309999999887e+00
5.472895600000000194e+00 5.472293170000000373e+00 5.471694079999999794e+00 5.471098300000000414e+00 5.470505819999999630e+00 5.469916610000000290e+00 5.469330659999999789e+00 5.468747950000000024e+00 5.468168450000000291e+00 5.467592149999999762e+00 5.467019020000000395e+00 5.466449060000000415e+00 5.465882220000000125e+00 5.465318510000000352e+00 5.464757889999999563e+00 5.464200339999999656e+00 5.463645849999999804e+00 5.463094400000000128e+00 5.462545959999999923e+00 5.462000510000000197e+00 5.461458040000000125e+00 5.460918529999999826e+00 5.460381950000000373e+00 5.459848280000000109e+00 5.459317509999999984e+00 5.458789620000000120e+00 5.458264579999999810e+00 5.457742380000000004e+00 5.457222989999999996e+00 5.456706409999999785e+00 5.456192599999999615e+00 5.455681560000000374e+00 5.455173249999999641e+00 5.454667670000000079e+00 5.454164800000000035e+00 5.453664609999999691e+00 5.453167089999999995e+00 5.452672220000000181e+00 5.452179980000000370e+00 5.451690359999999735e+00 5.451203340000000175e+00 5.450718900000000033e+00 5.450237020000000321e+00 5.449757690000000210e+00 5.449280899999999761e+00 5.448806620000000045e+00 5.448334840000000234e+00 5.447865550000000390e+00 5.447398719999999805e+00 5.446934350000000258e+00
1.339225190000000065e+00 1.339141190000000092e+00 1.339057699999999906e+00 1.338974689999999912e+00 1.338892179999999987e+00 1.338810159999999971e+00 1.338728630000000086e+00 1.338647600000000049e+00 1.338567049999999981e+00 1.338486990000000043e+00 1.338407420000000014e+00 1.338328339999999894e+00 1.338249749999999905e+00 1.338171640000000107e+00 1.338094019999999995e+00 1.338016880000000075e+00 1.337940219999999902e+00 1.337864050000000082e+00 1.337788369999999949e+00 1.337713160000000068e+00 1.337638440000000095e+00 1.337564200000000092e+00 1.337490429999999897e+00 1.337417150000000055e+00 1.337344349999999960e+00 1.337272019999999895e+00 1.337200179999999961e+00 1.337128810000000056e+00 1.337057919999999900e+00 1.336987499999999995e+00 1.336917560000000060e+00 1.336848089999999933e+00 1.336779099999999998e+00 1.336710580000000093e+00 1.336642539999999935e+00 1.336574960000000090e+00 1.336507859999999992e+00 1.336441229999999925e+00 1.336375070000000109e+00 1.336309380000000102e+00 1.336244159999999903e+00 1.336179409999999956e+00 1.336115120000000100e+00 1.336051300000000053e+00 1.335987950000000035e+00 1.335925060000000109e+00 1.335862639999999990e+00 1.335800679999999963e+00 1.335739189999999965e+00 1.335678149999999897e+00
2.730785109999999793e+00 2.730487199999999781e+00 2.730190970000000217e+00 2.729896380000000011e+00 2.729603439999999992e+00 2.729312140000000220e+00 2.729022459999999928e+00 2.728734400000000004e+00 2.728447940000000127e+00 2.728163079999999852e+00 2.727879800000000188e+00 2.727598099999999803e+00 2.727317960000000152e+00 2.727039379999999902e+00 2.726762340000000062e+00 2.726486840000000189e+00 2.726212850000000021e+00 2.725940389999999880e+00 2.725669420000000009e+00 2.725399949999999905e+00 2.725131970000000070e+00 2.724865449999999800e+00 2.724600399999999922e+00 2.724336810000000053e+00 2.724074649999999931e+00 2.723813929999999939e+00 2.723554640000000138e+00 2.723296760000000205e+00 2.723040280000000202e+00 2.722785200000000128e+00 2.722531500000000104e+00 2.722279180000000132e+00 2.722028229999999827e+00 2.721778630000000199e+00 2.721530379999999916e+00 2.721283469999999927e+00 2.721037889999999848e+00 2.720793640000000124e+00 2.720550690000000049e+00 2.720309050000000006e+00 2.720068700000000117e+00 2.719829639999999937e+00 2.719591850000000033e+00 2.719355339999999899e+00 2.719120090000000101e+00 2.718886089999999811e+00 2.718653339999999918e+00 2.718421820000000100e+00 2.718191539999999851e+00 2.717962469999999797e+00
-1.360832580000000069e+00 -1.360736640000000053e+00 -1.360641210000000045e+00 -1.360546290000000047e+00 -1.360451880000000058e+00 -1.360357969999999916e+00 -1.360264570000000006e+00 -1.360171680000000105e+00 -1.360079290000000052e+00 -1.359987410000000008e+00 -1.359896030000000033e+00 -1.359805160000000068e+00 -1.359714789999999951e+00 -1.359624930000000065e+00 -1.359535570000000027e+00 -1.359446719999999997e+00 -1.359358370000000038e+00 -1.359270530000000088e+00 -1.359183189999999986e+00 -1.359096349999999953e+00 -1.359010019999999930e+00 -1.358924189999999976e+00 -1.358838870000000032e+00 -1.358754039999999996e+00 -1.358669729999999909e+00 -1.358585909999999952e+00 -1.358502600000000005e+00 -1.358419789999999905e+00 -1.358337490000000036e+00 -1.358255680000000076e+00 -1.358174379999999903e+00 -1.358093589999999962e+00 -1.358013289999999929e+00 -1.357933499999999905e+00 -1.357854209999999950e+00 -1.357775420000000066e+00 -1.357697139999999969e+00 -1.357619359999999942e+00 -1.357542070000000045e+00 -1.357465289999999936e+00 -1.357389009999999896e+00 -1.357313240000000087e+00 -1.357237959999999966e+00 -1.357163179999999914e+00 -1.357088910000000093e+00 -1.357015129999999958e+00 -1.356941849999999894e+00 -1.356869069999999899e+00 -1.356796799999999914e+00 -1.356725020000000059e+00
-1.087663390000000001e-02 -1.087045440000000002e-02 -1.086427260000000054e-02 -1.085808830000000065e-02 -1.085190169999999954e-02 -1.084571269999999935e-02 -1.083952139999999967e-02 -1.083332769999999917e-02 -1.082713169999999919e-02 -1.082093339999999973e-02 -1.081473280000000078e-02 -1.080852990000000062e-02 -1.080232469999999924e-02 -1.079611720000000011e-02 -1.078990739999999976e-02 -1.078369529999999993e-02 -1.077748090000000061e-02 -1.077126420000000008e-02 -1.076504529999999966e-02 -1.075882400000000017e-02 -1.075260039999999945e-02 -1.074637449999999925e-02 -1.074014639999999916e-02 -1.073391590000000000e-02 -1.072768309999999961e-02 -1.072144799999999974e-02 -1.071521060000000039e-02 -1.070897080000000022e-02 -1.070272880000000017e-02 -1.069648439999999930e-02 -1.069023770000000068e-02 -1.068398880000000044e-02 -1.067773749999999938e-02 -1.067148390000000058e-02 -1.066522810000000016e-02 -1.065897000000000025e-02 -1.065270960000000086e-02 -1.064644690000000025e-02 -1.064018209999999937e-02 -1.063391500000000073e-02 -1.062764570000000047e-02 -1.062137420000000033e-02 -1.061510059999999991e-02 -1.060882489999999921e-02 -1.060254709999999996e-02 -1.059626720000000043e-02 -1.058998530000000021e-02 -1.058370139999999932e-02 -1.057741560000000081e-02 -1.057112779999999988e-02
-4.060844730000000347e+00 -4.060569039999999852e+00 -4.060294859999999950e+00 -4.060022189999999753e+00 -4.059751030000000149e+00 -4.059481380000000250e+00 -4.059213230000000117e+00 -4.058946589999999688e+00 -4.058681439999999974e+00 -4.058417799999999964e+00 -4.058155659999999720e+00 -4.057895020000000130e+00 -4.057635870000000367e+00 -4.057378220000000368e+00 -4.057122060000000197e+00 -4.056867399999999790e+00 -4.056614230000000099e+00 -4.056362550000000233e+00 -4.056112360000000194e+00 -4.055863659999999982e+00 -4.055616439999999656e+00 -4.055370719999999984e+00 -4.055126480000000200e+00 -4.054883720000000302e+00 -4.054642450000000231e+00 -4.054402660000000047e+00 -4.054164359999999689e+00 -4.053927540000000107e+00 -4.053692189999999584e+00 -4.053458329999999776e+00 -4.053225949999999855e+00 -4.052995039999999882e+00 -4.052765619999999736e+00 -4.052537670000000425e+00 -4.052311190000000174e+00 -4.052086189999999810e+00 -4.051862660000000282e+00 -4.051640599999999814e+00 -4.051420010000000183e+00 -4.051200900000000438e+00 -4.050983249999999813e+00 -4.050767070000000025e+00 -4.050552350000000246e+00 -4.050339100000000414e+00 -4.050127319999999642e+00 -4.049916989999999828e+00 -4.049708129999999962e+00 -4.049500720000000165e+00 -4.049294780000000316e+00 -4.049090289999999648e+00
-2.752809089999999959e+00 -2.752498870000000153e+00 -2.752190310000000029e+00 -2.751883400000000091e+00 -2.751578139999999895e+00 -2.751274500000000067e+00 -2.750972490000000104e+00 -2.750672090000000125e+00 -2.750373290000000193e+00 -2.750076079999999923e+00 -2.749780460000000204e+00 -2.749486399999999886e+00 -2.749193909999999796e+00 -2.748902970000000057e+00 -2.748613569999999839e+00 -2.748325700000000094e+00 -2.748039349999999992e+00 -2.747754510000000039e+00 -2.747471169999999852e+00 -2.747189319999999935e+00 -2.746908949999999905e+00 -2.746630039999999884e+00 -2.746352599999999811e+00 -2.746076609999999807e+00 -2.745802059999999933e+00 -2.745528939999999807e+00 -2.745257239999999932e+00 -2.744986949999999926e+00 -2.744718059999999848e+00 -2.744450570000000145e+00 -2.744184450000000108e+00 -2.743919710000000123e+00 -2.743656329999999866e+00 -2.743394299999999841e+00 -2.743133620000000050e+00 -2.742874270000000170e+00 -2.742616250000000200e+00 -2.742359539999999818e+00 -2.742104149999999851e+00 -2.741850050000000039e+00 -2.741597249999999875e+00 -2.741345729999999925e+00 -2.741095479999999807e+00 -2.740846499999999963e+00 -2.740598780000000012e+00 -2.740352310000000013e+00 -2.740107080000000028e+00 -2.739863090000000057e+00 -2.739620320000000220e+00 -2.739378770000000074e+00
-6.760748989999999736e+00 -6.760293899999999745e+00 -6.759841340000000365e+00 -6.759391289999999941e+00 -6.758943750000000250e+00 -6.758498730000000343e+00 -6.758056210000000341e+00 -6.757616190000000245e+00 -6.757178679999999993e+00 -6.756743659999999707e+00 -6.756311130000000276e+00 -6.755881099999999861e+00 -6.755453560000000301e+00 -6.755028499999999880e+00 -6.754605930000000313e+00 -6.754185829999999946e+00 -6.753768220000000433e+00 -6.753353080000000119e+00 -6.752940419999999833e+00 -6.752530239999999573e+00 -6.752122520000000350e+00 -6.751717270000000326e+00 -6.751314490000000390e+00 -6.750914169999999714e+00 -6.750516310000000075e+00 -6.750120919999999636e+00 -6.749727980000000294e+00 -6.749337500000000212e+00 -6.748949480000000278e+00 -6.748563899999999727e+00 -6.748180780000000212e+00 -6.747800110000000018e+00 -6.747421890000000033e+00 -6.747046100000000379e+00 -6.746672769999999986e+00 -6.746301869999999923e+00 -6.745933410000000130e+00 -6.745567389999999719e+00 -6.745203809999999578e+00 -6.744842649999999828e+00 -6.744483930000000349e+00 -6.744127630000000373e+00 -6.743773759999999839e+00 -6.743422309999999698e+00 -6.743073279999999947e+00 -6.742726669999999700e+00 -6.742382479999999845e+00 -6.742040689999999614e+00 -6.741701319999999775e+00 -6.741364349999999561e+00
-5.494678659999999937e+00 -5.494063879999999678e+00 -5.493452429999999609e+00 -5.492844289999999852e+00 -5.492239449999999579e+00 -5.491637879999999861e+00 -5.491039559999999931e+00 -5.490444469999999910e+00 -5.489852599999999860e+00 -5.489263929999999903e+00 -5.488678420000000280e+00 -5.488096070000000104e+00 -5.487516849999999557e+00 -5.486940749999999589e+00 -5.486367740000000381e+00 -5.485797800000000279e+00 -5.485230910000000293e+00 -5.484667049999999655e+00 -5.484106210000000203e+00 -5.483548360000000343e+00 -5.482993480000000197e+00 -5.482441549999999886e+00 -5.481892560000000358e+00 -5.481346480000000021e+00 -5.480803279999999944e+00 -5.480262970000000067e+00 -5.479725499999999805e+00 -5.479190870000000047e+00 -5.478659050000000086e+00 -5.478130029999999984e+00 -5.477603789999999861e+00 -5.477080299999999902e+00 -5.476559550000000165e+00 -5.476041529999999824e+00 -5.475526200000000010e+00 -5.475013559999999835e+00 -5.474503580000000369e+00 -5.473996249999999897e+00 -5.473491560000000256e+00 -5.472989469999999912e+00 -5.472489979999999754e+00 -5.471993069999999904e+00 -5.471498730000000421e+00 -5.471006919999999774e+00 -5.470517649999999676e+00 -5.470030890000000312e+00 -5.469546629999999965e+00 -5.469064849999999645e+00 -5.468585540000000300e+00 -5.468108680000000277e+00
-9.460266519999999346e+00 -9.459632750000000811e+00 -9.459002509999999475e+00 -9.458375800000000666e+00 -9.457752599999999177e+00 -9.457132919999999388e+00 -9.456516750000000471e+00 -9.455904090000000650e+00 -9.455294920000000047e+00 -9.454689240000000439e+00 -9.454087060000000875e+00 -9.453488350000000651e+00 -9.452893129999999644e+00 -9.452301379999999753e+00 -9.451713099999999201e+00 -9.451128289999999765e+00 -9.450546949999999669e+00 -9.449969060000000809e+00 -9.449394619999999634e+00 -9.448823640000000523e+00 -9.448256100000000046e+00 -9.447692010000000806e+00 -9.447131349999999372e+00 -9.446574139999999176e+00 -9.446020360000000338e+00 -9.445470000000000255e+00 -9.444923069999999754e+00 -9.444379570000000612e+00 -9.443839490000000225e+00 -9.443302819999999542e+00 -9.442769560000000340e+00 -9.442239719999999892e+00 -9.441713280000000097e+00 -9.441190239999999179e+00 -9.440670600000000690e+00 -9.440154359999999301e+00 -9.439641509999999514e+00 -9.439132040000000501e+00 -9.438625970000000365e+00 -9.438123270000000176e+00 -9.437623950000000761e+00 -9.437128010000000344e+00 -9.436635439999999875e+00 -9.436146230000000301e+00 -9.435660379999999847e+00 -9.435177890000000289e+00 -9.434698759999999851e+00 -9.434222979999999481e+00 -9.433750540000000129e+00 -9.433281440000000018e+00
-8.236491819999999464e+00 -8.235571370000000613e+00 -8.234655930000000623e+00 -8.233745470000000566e+00 -8.232839970000000562e+00 -8.231939390000000856e+00 -8.231043720000000619e+00 -8.230152909999999267e+00 -8.229266940000000474e+00 -8.228385779999999983e+00 -8.227509409999999690e+00 -8.226637780000000788e+00 -8.225770869999999846e+00 -8.224908649999999710e+00 -8.224051089999999675e+00 -8.223198169999999863e+00 -8.222349839999999688e+00 -8.221506090000000100e+00 -8.220666870000000515e+00 -8.219832170000000104e+00 -8.219001949999999113e+00 -8.218176180000000386e+00 -8.217354840000000493e+00 -8.216537880000000627e+00 -8.215725289999999958e+00 -8.214917039999999560e+00 -8.214113089999999673e+00 -8.213313420000000420e+00 -8.212517990000000268e+00 -8.211726790000000165e+00 -8.210939780000000354e+00 -8.210156919999999303e+00 -8.209378210000000564e+00 -8.208603600000000000e+00 -8.207833069999999509e+00 -8.207066599999999212e+00 -8.206304149999999353e+00 -8.205545700000000053e+00 -8.204791220000000607e+00 -8.204040689999999358e+00 -8.203294079999999155e+00 -8.202551370000000119e+00 -8.201812529999999768e+00 -8.201077539999999999e+00 -8.200346359999999279e+00 -8.199618989999999386e+00 -8.198895379999999733e+00 -8.198175530000000322e+00 -8.197459410000000446e+00 -8.196746989999999400e+00
-1.215946210000000072e+01 -1.215865020000000030e+01 -1.215784290000000034e+01 -1.215704009999999968e+01 -1.215624189999999949e+01 -1.215544809999999920e+01 -1.215465889999999938e+01 -1.215387430000000002e+01 -1.215309410000000057e+01 -1.215231840000000041e+01 -1.215154719999999955e+01 -1.215078040000000037e+01 -1.215001819999999988e+01 -1.214926039999999929e+01 -1.214850709999999978e+01 -1.214775820000000017e+01 -1.214701379999999986e+01 -1.214627379999999945e+01 -1.214553820000000073e+01 -1.214480709999999952e+01 -1.214408040000000000e+01 -1.214335810000000038e+01 -1.214264020000000066e+01 -1.214192670000000085e+01 -1.214121770000000033e+01 -1.214051300000000033e+01 -1.213981270000000023e+01 -1.213911680000000004e+01 -1.213842529999999975e+01 -1.213773809999999997e+01 -1.213705530000000010e+01 -1.213637690000000013e+01 -1.213570280000000068e+01 -1.213503309999999935e+01 -1.213436779999999970e+01 -1.213370669999999940e+01 -1.213305000000000078e+01 -1.213239770000000028e+01 -1.213174959999999913e+01 -1.213110589999999966e+01 -1.213046650000000071e+01 -1.212983140000000049e+01 -1.212920060000000078e+01 -1.212857419999999919e+01 -1.212795200000000051e+01 -1.212733410000000056e+01 -1.212672039999999996e+01 -1.212611109999999925e+01 -1.212550599999999967e+01 -1.212490520000000060e+01
-1.097800200000000004e+01 -1.097677440000000004e+01 -1.097555350000000018e+01 -1.097433919999999929e+01 -1.097313169999999971e+01 -1.097193069999999970e+01 -1.097073630000000044e+01 -1.096954840000000075e+01 -1.096836700000000064e+01 -1.096719200000000072e+01 -1.096602339999999920e+01 -1.096486130000000081e+01 -1.096370540000000027e+01 -1.096255580000000052e+01 -1.096141249999999978e+01 -1.096027540000000045e+01 -1.095914450000000073e+01 -1.095801969999999947e+01 -1.095690100000000022e+01 -1.095578830000000004e+01 -1.095468170000000008e+01 -1.095358099999999979e+01 -1.095248630000000034e+01 -1.095139750000000056e+01 -1.095031460000000045e+01 -1.094923739999999945e+01 -1.094816609999999990e+01 -1.094710049999999946e+01 -1.094604059999999990e+01 -1.094498639999999945e+01 -1.094393780000000049e+01 -1.094289490000000065e+01 -1.094185739999999996e+01 -1.094082550000000076e+01 -1.093979910000000011e+01 -1.093877819999999979e+01 -1.093776259999999922e+01 -1.093675250000000077e+01 -1.093574770000000029e+01 -1.093474819999999958e+01 -1.093375389999999925e+01 -1.093276490000000045e+01 -1.093178119999999964e+01 -1.093080259999999981e+01 -1.092982909999999919e+01 -1.092886080000000071e+01 -1.092789750000000026e+01 -1.092693930000000080e+01 -1.092598609999999937e+01 -1.092503789999999952e+01
-1.485809850000000054e+01 -1.485710910000000062e+01 -1.485612539999999981e+01 -1.485514719999999933e+01 -1.485417449999999917e+01 -1.485320749999999990e+01 -1.485224589999999978e+01 -1.485128989999999938e+01 -1.485033939999999930e+01 -1.484939439999999955e+01 -1.484845480000000073e+01 -1.484752079999999985e+01 -1.484659219999999991e+01 -1.484566910000000028e+01 -1.484475139999999982e+01 -1.484383919999999968e+01 -1.484293240000000047e+01 -1.484203109999999981e+01 -1.484113510000000069e+01 -1.484024450000000073e+01 -1.483935939999999931e+01 -1.483847959999999944e+01 -1.483760520000000049e+01 -1.483673620000000071e+01 -1.483587250000000068e+01 -1.483501419999999982e+01 -1.483416120000000049e+01 -1.483331360000000032e+01 -1.483247129999999991e+01 -1.483163429999999927e+01 -1.483080269999999956e+01 -1.482997630000000022e+01 -1.482915520000000065e+01 -1.482833950000000023e+01 -1.482752900000000018e+01 -1.482672379999999990e+01 -1.482592389999999938e+01 -1.482512919999999923e+01 -1.482433980000000062e+01 -1.482355560000000061e+01 -1.482277659999999919e+01 -1.482200289999999931e+01 -1.482123449999999920e+01 -1.482047120000000007e+01 -1.481971309999999953e+01 -1.481896030000000053e+01 -1.481821260000000073e+01 -1.481747009999999953e+01 -1.481673280000000048e+01 -1.481600070000000002e+01
-1.371925880000000042e+01 -1.371772200000000019e+01 -1.371619360000000043e+01 -1.371467349999999996e+01 -1.371316179999999996e+01 -1.371165839999999925e+01 -1.371016320000000022e+01 -1.370867630000000048e+01 -1.370719740000000009e+01 -1.370572669999999960e+01 -1.370426409999999962e+01 -1.370280939999999958e+01 -1.370136280000000006e+01 -1.369992399999999932e+01 -1.369849310000000031e+01 -1.369707000000000008e+01 -1.369565470000000040e+01 -1.369424710000000012e+01 -1.369284719999999922e+01 -1.369145499999999949e+01 -1.369007030000000036e+01 -1.368869310000000006e+01 -1.368732349999999975e+01 -1.368596119999999949e+01 -1.368460639999999984e+01 -1.368325890000000022e+01 -1.368191870000000065e+01 -1.368058579999999935e+01 -1.367926010000000048e+01 -1.367794149999999931e+01 -1.367662999999999940e+01 -1.367532560000000075e+01 -1.367402820000000041e+01 -1.367273780000000016e+01 -1.367145440000000001e+01 -1.367017779999999938e+01 -1.366890800000000006e+01 -1.366764509999999966e+01 -1.366638889999999940e+01 -1.366513939999999927e+01 -1.366389659999999928e+01 -1.366266040000000004e+01 -1.366143079999999976e+01 -1.366020780000000023e+01 -1.365899120000000089e+01 -1.365778109999999934e+01 -1.365657739999999976e+01 -1.365538010000000035e+01 -1.365418919999999936e+01 -1.365300449999999977e+01
-1.755600189999999827e+01 -1.755483549999999937e+01 -1.755367569999999944e+01 -1.755252259999999964e+01 -1.755137600000000120e+01 -1.755023600000000172e+01 -1.754910260000000122e+01 -1.754797579999999968e+01 -1.754685539999999833e+01 -1.754574159999999949e+01 -1.754463429999999846e+01 -1.754353349999999878e+01 -1.754243920000000045e+01 -1.754135129999999876e+01 -1.754026980000000080e+01 -1.753919480000000064e+01 -1.753812620000000067e+01 -1.753706400000000087e+01 -1.753600820000000127e+01 -1.753495879999999829e+01 -1.753391579999999905e+01 -1.753287909999999883e+01 -1.753184870000000117e+01 -1.753082470000000015e+01 -1.752980700000000169e+01 -1.752879559999999870e+01 -1.752779049999999827e+01 -1.752679170000000042e+01 -1.752579920000000158e+01 -1.752481300000000175e+01 -1.752383299999999977e+01 -1.752285919999999919e+01 -1.752189170000000118e+01 -1.752093040000000101e+01 -1.751997529999999870e+01 -1.751902640000000133e+01 -1.751808369999999826e+01 -1.751714720000000014e+01 -1.751621689999999987e+01 -1.751529269999999983e+01 -1.751437470000000118e+01 -1.751346279999999922e+01 -1.751255700000000104e+01 -1.751165740000000071e+01 -1.751076390000000060e+01 -1.750987650000000073e+01 -1.750899520000000109e+01 -1.750811990000000051e+01 -1.750725080000000133e+01 -1.750638770000000122e+01
-1.646016129999999933e+01 -1.645831270000000046e+01 -1.645647419999999883e+01 -1.645464580000000154e+01 -1.645282740000000032e+01 -1.645101909999999990e+01 -1.644922070000000147e+01 -1.644743220000000150e+01 -1.644565349999999881e+01 -1.644388460000000052e+01 -1.644212549999999951e+01 -1.644037600000000054e+01 -1.643863620000000125e+01 -1.643690589999999929e+01 -1.643518510000000177e+01 -1.643347380000000157e+01 -1.643177190000000110e+01 -1.643007940000000033e+01 -1.642839610000000050e+01 -1.642672209999999922e+01 -1.642505720000000125e+01 -1.642340150000000065e+01 -1.642175479999999865e+01 -1.642011719999999997e+01 -1.641848849999999871e+01 -1.641686869999999843e+01 -1.641525779999999912e+01 -1.641365559999999846e+01 -1.641206220000000116e+01 -1.641047749999999894e+01 -1.640890140000000130e+01 -1.640733390000000114e+01 -1.640577490000000083e+01 -1.640422429999999920e+01 -1.640268220000000099e+01 -1.640114840000000029e+01 -1.639962299999999829e+01 -1.639810579999999973e+01 -1.639659680000000108e+01 -1.639509590000000117e+01 -1.639360309999999998e+01 -1.639211840000000109e+01 -1.639064169999999976e+01 -1.638917299999999955e+01 -1.638771210000000167e+01 -1.638625920000000136e+01 -1.638481399999999866e+01 -1.638337650000000068e+01 -1.638194680000000147e+01 -1.638052479999999989e+01
-2.025296469999999971e+01 -2.025162119999999888e+01 -2.025028530000000160e+01 -2.024895709999999838e+01 -2.024763659999999987e+01 -2.024632360000000020e+01 -2.024501830000000169e+01 -2.024372059999999962e+01 -2.024243050000000110e+01 -2.024114790000000141e+01 -2.023987280000000055e+01 -2.023860519999999852e+01 -2.023734520000000003e+01 -2.023609259999999921e+01 -2.023484739999999960e+01 -2.023360969999999881e+01 -2.023237939999999924e+01 -2.023115650000000088e+01 -2.022994100000000017e+01 -2.022873279999999951e+01 -2.022753200000000007e+01 -2.022633850000000066e+01 -2.022515239999999892e+01 -2.022397349999999960e+01 -2.022280200000000150e+01 -2.022163769999999872e+01 -2.022048059999999836e+01 -2.021933080000000160e+01 -2.021818820000000017e+01 -2.021705289999999877e+01 -2.021592469999999864e+01 -2.021480370000000093e+01 -2.021368989999999854e+01 -2.021258329999999859e+01 -2.021148369999999872e+01 -2.021039139999999890e+01 -2.020930609999999916e+01 -2.020822790000000069e+01 -2.020715679999999992e+01 -2.020609280000000041e+01 -2.020503589999999861e+01 -2.020398600000000044e+01 -2.020294319999999999e+01 -2.020190729999999846e+01 -2.020087850000000174e+01 -2.019985670000000155e+01 -2.019884190000000146e+01 -2.019783410000000146e+01 -2.019683320000000037e+01 -2.019583929999999938e+01
-1.920071589999999873e+01 -1.919855229999999935e+01 -1.919640070000000165e+01 -1.919426079999999857e+01 -1.919213279999999955e+01 -1.919001649999999870e+01 -1.918791179999999841e+01 -1.918581879999999984e+01 -1.918373730000000066e+01 -1.918166730000000086e+01 -1.917960869999999929e+01 -1.917756149999999948e+01 -1.917552560000000028e+01 -1.917350100000000168e+01 -1.917148750000000135e+01 -1.916948509999999928e+01 -1.916749379999999903e+01 -1.916551349999999942e+01 -1.916354420000000047e+01 -1.916158569999999983e+01 -1.915963800000000106e+01 -1.915770099999999942e+01 -1.915577469999999849e+01 -1.915385909999999825e+01 -1.915195399999999992e+01 -1.915005939999999995e+01 -1.914817520000000073e+01 -1.914630139999999869e+01 -1.914443789999999979e+01 -1.914258470000000045e+01 -1.914074159999999836e+01 -1.913890870000000177e+01 -1.913708580000000126e+01 -1.913527290000000036e+01 -1.913346990000000147e+01 -1.913167680000000104e+01 -1.912989359999999905e+01 -1.912811999999999912e+01 -1.912635620000000003e+01 -1.912460199999999944e+01 -1.912285740000000089e+01 -1.912112229999999968e+01 -1.911939669999999936e+01 -1.911768049999999874e+01 -1.911597360000000023e+01 -1.911427600000000027e+01 -1.911258760000000123e+01 -1.911090839999999957e+01 -1.910923839999999885e+01 -1.910757740000000027e+01
-2.294856330000000000e+01 -2.294704180000000093e+01 -2.294552900000000051e+01 -2.294402499999999989e+01 -2.294252970000000147e+01 -2.294104310000000169e+01 -2.293956520000000054e+01 -2.293809590000000043e+01 -2.293663520000000133e+01 -2.293518320000000088e+01 -2.293373970000000028e+01 -2.293230480000000071e+01 -2.293087840000000099e+01 -2.292946050000000113e+01 -2.292805099999999996e+01 -2.292664999999999864e+01 -2.292525750000000073e+01 -2.292387330000000034e+01 -2.292249759999999981e+01 -2.292113009999999917e+01 -2.291977109999999840e+01 -2.291842030000000108e+01 -2.291707789999999889e+01 -2.291574370000000016e+01 -2.291441779999999895e+01 -2.291310019999999881e+01 -2.291179070000000095e+01 -2.291048950000000062e+01 -2.290919639999999902e+01 -2.290791150000000087e+01 -2.290663479999999907e+01 -2.290536619999999957e+01 -2.290410569999999879e+01 -2.290285330000000030e+01 -2.290160900000000055e+01 -2.290037269999999836e+01 -2.289914449999999846e+01 -2.289792429999999968e+01 -2.289671209999999846e+01 -2.289550789999999836e+01 -2.289431169999999938e+01 -2.289312350000000151e+01 -2.289194320000000005e+01 -2.289077079999999853e+01 -2.288960640000000168e+01 -2.288844980000000007e+01 -2.288730119999999957e+01 -2.288616040000000140e+01 -2.288502749999999963e+01 -2.288390250000000137e+01
-2.194086349999999896e+01 -2.193838149999999843e+01 -2.193591320000000167e+01 -2.193345850000000041e+01 -2.193101730000000060e+01 -2.192858950000000107e+01 -2.192617519999999942e+01 -2.192377409999999927e+01 -2.192138639999999938e+01 -2.191901179999999982e+01 -2.191665040000000175e+01 -2.191430210000000045e+01 -2.191196670000000069e+01 -2.190964430000000007e+01 -2.190733480000000100e+01 -2.190503800000000112e+01 -2.190275400000000161e+01 -2.190048270000000130e+01 -2.189822399999999902e+01 -2.189597780000000071e+01 -2.189374409999999926e+01 -2.189152269999999945e+01 -2.188931369999999887e+01 -2.188711689999999876e+01 -2.188493229999999912e+01 -2.188275989999999993e+01 -2.188059949999999887e+01 -2.187845099999999832e+01 -2.187631449999999944e+01 -2.187418979999999991e+01 -2.187207689999999971e+01 -2.186997560000000007e+01 -2.186788599999999860e+01 -2.186580800000000124e+01 -2.186374149999999972e+01 -2.186168639999999996e+01 -2.185964260000000081e+01 -2.185761019999999988e+01 -2.185558899999999838e+01 -2.185357889999999870e+01 -2.185157990000000083e+01 -2.184959200000000124e+01 -2.184761500000000112e+01 -2.184564890000000048e+01 -2.184369369999999932e+01 -2.184174919999999886e+01 -2.183981539999999910e+01 -2.183789230000000003e+01 -2.183597969999999933e+01 -2.183407770000000170e+01
-2.564306279999999916e+01 -2.564136200000000088e+01 -2.563967110000000105e+01 -2.563798999999999850e+01 -2.563631880000000152e+01 -2.563465739999999826e+01 -2.563300569999999823e+01 -2.563136379999999903e+01 -2.562973159999999950e+01 -2.562810899999999847e+01 -2.562649610000000067e+01 -2.562489280000000136e+01 -2.562329899999999938e+01 -2.562171479999999946e+01 -2.562014020000000158e+01 -2.561857499999999987e+01 -2.561701920000000143e+01 -2.561547300000000149e+01 -2.561393610000000010e+01 -2.561240859999999842e+01 -2.561089039999999883e+01 -2.560938159999999897e+01 -2.560788210000000120e+01 -2.560639180000000081e+01 -2.560491079999999897e+01 -2.560343909999999923e+01 -2.560197649999999925e+01 -2.560052310000000020e+01 -2.559907889999999853e+01 -2.559764380000000017e+01 -2.559621780000000157e+01 -2.559480100000000036e+01 -2.559339320000000129e+01 -2.559199440000000081e+01 -2.559060470000000009e+01 -2.558922400000000152e+01 -2.558785220000000038e+01 -2.558648949999999900e+01 -2.558513569999999859e+01 -2.558379079999999917e+01 -2.558245480000000072e+01 -2.558112780000000086e+01 -2.557980960000000081e+01 -2.557850020000000058e+01 -2.557719970000000131e+01 -2.557590809999999948e+01 -2.557462519999999984e+01 -2.557335120000000117e+01 -2.557208590000000115e+01 -2.557082940000000093e+01
-2.468032260000000022e+01 -2.467751880000000142e+01 -2.467473030000000023e+01 -2.467195710000000020e+01 -2.466919920000000133e+01 -2.466645640000000128e+01 -2.466372880000000123e+01 -2.466101630000000000e+01 -2.465831869999999881e+01 -2.465563600000000122e+01 -2.465296820000000011e+01 -2.465031520000000143e+01 -2.464767690000000044e+01 -2.464505330000000072e+01 -2.464244419999999991e+01 -2.463984960000000157e+01 -2.463726940000000099e+01 -2.463470360000000170e+01 -2.463215200000000138e+01 -2.462961470000000119e+01 -2.462709149999999880e+01 -2.462458240000000131e+01 -2.462208719999999929e+01 -2.461960600000000099e+01 -2.461713849999999937e+01 -2.461468490000000031e+01 -2.461224490000000031e+01 -2.460981860000000054e+01 -2.460740570000000105e+01 -2.460500640000000061e+01 -2.460262039999999928e+01 -2.460024780000000177e+01 -2.459788830000000104e+01 -2.459554209999999941e+01 -2.459320890000000048e+01 -2.459088870000000071e+01 -2.458858150000000009e+01 -2.458628709999999984e+01 -2.458400560000000112e+01 -2.458173670000000044e+01 -2.457948049999999895e+01 -2.457723689999999905e+01 -2.457500579999999957e+01 -2.457278709999999933e+01 -2.457058070000000072e+01 -2.456838660000000019e+01 -2.456620480000000128e+01 -2.456403510000000168e+01 -2.456187750000000136e+01 -2.455973180000000156e+01
-2.833638110000000054e+01 -2.833449900000000099e+01 -2.833262789999999853e+01 -2.833076790000000145e+01 -2.832891880000000029e+01 -2.832708069999999978e+01 -2.832525349999999875e+01 -2.832343709999999959e+01 -2.832163149999999874e+01 -2.831983669999999975e+01 -2.831805260000000146e+01 -2.831627920000000032e+01 -2.831451649999999987e+01 -2.831276439999999894e+01 -2.831102290000000110e+01 -2.830929199999999923e+01 -2.830757159999999928e+01 -2.830586170000000124e+01 -2.830416220000000038e+01 -2.830247320000000144e+01 -2.830079449999999852e+01 -2.829912619999999990e+01 -2.829746829999999846e+01 -2.829582070000000016e+01 -2.829418330000000026e+01 -2.829255619999999993e+01 -2.829093930000000157e+01 -2.828933260000000161e+01 -2.828773610000000005e+01 -2.828614960000000167e+01 -2.828457339999999931e+01 -2.828300720000000013e+01 -2.828145100000000056e+01 -2.827990489999999824e+01 -2.827836879999999908e+01 -2.827684269999999955e+01 -2.827532659999999964e+01 -2.827382040000000174e+01 -2.827232409999999874e+01 -2.827083779999999891e+01 -2.826936129999999991e+01 -2.826789469999999937e+01 -2.826643789999999967e+01 -2.826499099999999842e+01 -2.826355380000000039e+01 -2.826212639999999965e+01 -2.826070879999999974e+01 -2.825930100000000067e+01 -2.825790290000000127e+01 -2.825651450000000153e+01
-2.741933429999999916e+01 -2.741620430000000042e+01 -2.741309139999999900e+01 -2.740999550000000085e+01 -2.740691659999999885e+01 -2.740385459999999895e+01 -2.740080939999999998e+01 -2.739778099999999839e+01 -2.739476930000000010e+01 -2.739177420000000041e+01 -2.738879569999999930e+01 -2.738583369999999917e+01 -2.738288809999999884e+01 -2.737995880000000071e+01 -2.737704580000000121e+01 -2.737414890000000156e+01 -2.737126819999999938e+01 -2.736840349999999944e+01 -2.736555480000000173e+01 -2.736272200000000154e+01 -2.735990500000000125e+01 -2.735710369999999969e+01 -2.735431810000000041e+01 -2.735154800000000108e+01 -2.734879349999999931e+01 -2.734605429999999870e+01 -2.734333050000000043e+01 -2.734062199999999976e+01 -2.733792860000000147e+01 -2.733525039999999962e+01 -2.733258719999999897e+01 -2.732993889999999837e+01 -2.732730550000000136e+01 -2.732468679999999850e+01 -2.732208290000000162e+01 -2.731949360000000127e+01 -2.731691879999999983e+01 -2.731435850000000087e+01 -2.731181259999999966e+01 -2.730928099999999858e+01 -2.730676360000000003e+01 -2.730426040000000043e+01 -2.730177120000000102e+01 -2.729929609999999940e+01 -2.729683479999999918e+01 -2.729438740000000152e+01 -2.729195380000000171e+01 -2.728953380000000095e+01 -2.728712739999999926e+01 -2.728473460000000017e+01
