2.959354009999999846e+01 2.959206010000000120e+01 2.959059129999999982e+01 2.958913390000000021e+01 2.958768770000000004e+01 2.958625269999999929e+01 2.958482899999999916e+01 2.958341649999999845e+01 2.958201520000000073e+01 2.958062509999999889e+01 2.957924609999999888e+01 2.957787839999999946e+01 2.957652170000000069e+01 2.957517629999999897e+01 2.957384190000000146e+01 2.957251869999999982e+01 2.957120660000000001e+01 2.956990559999999846e+01 2.956861569999999872e+01 2.956733690000000081e+01 2.956606920000000116e+01 2.956481259999999978e+01 2.956356710000000021e+01 2.956233269999999891e+01 2.956110929999999826e+01 2.955989710000000059e+01 2.955869600000000119e+01 2.955750600000000006e+01 2.955632699999999957e+01 2.955515929999999969e+01 2.890388220000000175e+01 2.890276550000000100e+01 2.890165969999999973e+01 2.890056500000000028e+01 2.889948120000000031e+01 2.889840840000000100e+01 2.889734659999999877e+01 2.889629589999999837e+01 2.889525629999999978e+01 2.889422779999999946e+01 2.889321029999999979e+01 2.889220410000000072e+01 2.889120899999999992e+01 2.889022509999999855e+01 2.888925240000000016e+01 2.888829110000000000e+01 2.888734099999999927e+01 2.888640230000000031e+01 2.888547489999999840e+01 2.888455899999999943e+01
2.856322169999999971e+01 2.856086589999999958e+01 2.855852450000000076e+01 2.855619730000000089e+01 2.855388419999999883e+01 2.855158529999999928e+01 2.854930029999999874e+01 2.854702939999999955e+01 2.854477220000000059e+01 2.854252890000000065e+01 2.854029930000000093e+01 2.853808330000000026e+01 2.853588089999999866e+01 2.853369209999999967e+01 2.853151670000000095e+01 2.852935460000000134e+01 2.852720589999999845e+01 2.852507050000000177e+01 2.852294819999999831e+01 2.852083909999999989e+01 2.851874300000000062e+01 2.851666000000000167e+01 2.851458990000000071e+01 2.851253270000000128e+01 2.851048829999999867e+01 2.850845669999999998e+01 2.850643790000000166e+01 2.850443170000000137e+01 2.850243809999999911e+01 2.850045709999999843e+01 2.849848860000000172e+01 2.849653259999999833e+01 2.849458900000000128e+01 2.849265769999999875e+01 2.849073879999999903e+01 2.848883209999999977e+01 2.848693760000000097e+01 2.848505540000000025e+01 2.848318520000000120e+01 2.848132710000000145e+01 2.847948110000000099e+01 2.847764709999999866e+01 2.847582500000000039e+01 2.847401490000000024e+01 2.847221659999999943e+01 2.847043019999999913e+01 2.846865550000000056e+01 2.846689260000000132e+01 2.846514150000000143e+01 2.846340199999999854e+01
2.690600290000000072e+01 2.690465879999999999e+01 2.690332499999999882e+01 2.690200150000000079e+01 2.690068809999999999e+01 2.689938490000000115e+01 2.689809190000000072e+01 2.689680909999999869e+01 2.689553640000000101e+01 2.689427390000000173e+01 2.689302149999999969e+01 2.689177919999999844e+01 2.689054690000000036e+01 2.688932480000000069e+01 2.688811270000000064e+01 2.688691070000000138e+01 2.688571879999999936e+01 2.688453679999999935e+01 2.688336490000000012e+01 2.688220310000000168e+01 2.688105120000000170e+01 2.687990939999999895e+01 2.687877750000000177e+01 2.687765569999999826e+01 2.687654380000000032e+01 2.687544199999999961e+01 2.687435010000000091e+01 2.687326829999999944e+01 2.687219639999999998e+01 2.687113450000000014e+01 2.687008259999999993e+01 2.686904069999999933e+01 2.686800889999999953e+01 2.686698700000000173e+01 2.686597510000000000e+01 2.686497329999999906e+01 2.686398150000000129e+01 2.686299980000000076e+01 2.686202809999999985e+01 2.686106649999999973e+01 2.686011489999999924e+01 2.685917350000000070e+01 2.685824219999999940e+01 2.685732110000000006e+01 2.685641010000000151e+01 2.685550930000000136e+01 2.685461869999999962e+01 2.685373840000000101e+01 2.685286830000000080e+01 2.685200850000000017e+01
2.584472680000000011e+01 2.584260159999999829e+01 2.584048909999999921e+01 2.583838940000000051e+01 2.583630219999999866e+01 2.583422759999999840e+01 2.583216549999999856e+01 2.583011589999999913e+01 2.582807860000000133e+01 2.582605360000000161e+01 2.582404079999999880e+01 2.582204020000000000e+01 2.582005180000000166e+01 2.581807540000000145e+01 2.581611099999999936e+01 2.581415850000000134e+01 2.581221790000000027e+01 2.581028919999999971e+01 2.580837229999999849e+01 2.580646700000000138e+01 2.580457350000000005e+01 2.580269159999999928e+01 2.580082129999999907e+01 2.579896249999999824e+01 2.579711509999999919e+01 2.579527930000000069e+01 2.579345470000000162e+01 2.579164159999999839e+01 2.578983970000000170e+01 2.578804909999999850e+01 2.578626969999999829e+01 2.578450150000000107e+01 2.578274430000000095e+01 2.578099830000000026e+01 2.577926330000000021e+01 2.577753930000000082e+01 2.577582629999999853e+01 2.577412419999999926e+01 2.577243299999999948e+01 2.577075269999999918e+01 2.576908309999999958e+01 2.576742439999999945e+01 2.576577640000000002e+01 2.576413910000000129e+01 2.576251249999999970e+01 2.576089650000000120e+01 2.575929109999999866e+01 2.575769640000000038e+01 2.575611209999999929e+01 2.575453840000000127e+01
2.421773440000000122e+01 2.421652500000000074e+01 2.421532489999999882e+01 2.421413390000000021e+01 2.421295209999999898e+01 2.421177959999999985e+01 2.421061609999999931e+01 2.420946190000000087e+01 2.420831670000000102e+01 2.420718069999999855e+01 2.420605379999999940e+01 2.420493600000000001e+01 2.420382730000000038e+01 2.420272759999999934e+01 2.420163700000000162e+01 2.420055539999999894e+01 2.419948289999999957e+01 2.419841939999999880e+01 2.419736490000000018e+01 2.419631929999999898e+01 2.419528280000000109e+01 2.419425529999999824e+01 2.419323669999999993e+01 2.419222710000000021e+01 2.419122649999999908e+01 2.419023479999999893e+01 2.418925199999999975e+01 2.418827819999999917e+01 2.418731340000000074e+01 2.418635749999999973e+01 2.418541049999999970e+01 2.418447249999999826e+01 2.418354340000000136e+01 2.418262319999999832e+01 2.418171200000000098e+01 2.418080970000000107e+01 2.417991629999999859e+01 2.417903189999999825e+01 2.417815650000000005e+01 2.417728999999999928e+01 2.417643250000000066e+01 2.417558400000000063e+01 2.417474440000000158e+01 2.417391389999999873e+01 2.417309240000000159e+01 2.417227989999999949e+01 2.417147650000000070e+01 2.417068220000000167e+01 2.416989690000000124e+01 2.416912070000000057e+01
2.312512750000000139e+01 2.312322999999999951e+01 2.312134370000000061e+01 2.311946869999999876e+01 2.311760479999999873e+01 2.311575189999999935e+01 2.311391009999999824e+01 2.311207920000000016e+01 2.311025920000000156e+01 2.310845009999999888e+01 2.310665180000000163e+01 2.310486420000000152e+01 2.310308739999999972e+01 2.310132120000000100e+01 2.309956550000000064e+01 2.309782050000000098e+01 2.309608589999999850e+01 2.309436180000000149e+01 2.309264819999999929e+01 2.309094490000000022e+01 2.308925190000000072e+01 2.308756920000000079e+01 2.308589680000000044e+01 2.308423459999999849e+01 2.308258250000000089e+01 2.308094060000000169e+01 2.307930869999999857e+01 2.307768689999999978e+01 2.307607519999999823e+01 2.307447339999999869e+01 2.307288150000000115e+01 2.307129959999999969e+01 2.306972749999999905e+01 2.306816530000000043e+01 2.306661280000000147e+01 2.306507020000000097e+01 2.306353730000000013e+01 2.306201409999999896e+01 2.306050060000000101e+01 2.305899679999999918e+01 2.305750259999999940e+01 2.305601800000000168e+01 2.305454290000000128e+01 2.305307739999999939e+01 2.305162149999999954e+01 2.305017499999999941e+01 2.304873800000000017e+01 2.304731040000000064e+01 2.304589220000000083e+01 2.304448340000000073e+01
2.152819669999999874e+01 2.152712169999999858e+01 2.152605489999999833e+01 2.152499630000000153e+01 2.152394599999999869e+01 2.152290380000000170e+01 2.152186980000000105e+01 2.152084400000000031e+01 2.151982629999999830e+01 2.151881669999999858e+01 2.151781529999999876e+01 2.151682200000000122e+01 2.151583670000000126e+01 2.151485960000000119e+01 2.151389049999999870e+01 2.151292949999999848e+01 2.151197649999999939e+01 2.151103150000000142e+01 2.151009459999999862e+01 2.150916570000000050e+01 2.150824469999999877e+01 2.150733179999999933e+01 2.150642679999999984e+01 2.150552980000000147e+01 2.150464080000000067e+01 2.150375969999999981e+01 2.150288660000000007e+01 2.150202140000000028e+01 2.150116420000000161e+01 2.150031480000000172e+01 2.149947339999999940e+01 2.149863990000000058e+01 2.149781430000000171e+01 2.149699670000000040e+01 2.149618690000000143e+01 2.149538510000000002e+01 2.149459110000000095e+01 2.149380509999999944e+01 2.149302690000000027e+01 2.149225669999999866e+01 2.149149440000000055e+01 2.149073999999999884e+01 2.148999350000000064e+01 2.148925500000000000e+01 2.148852439999999930e+01 2.148780169999999856e+01 2.148708699999999894e+01 2.148638030000000043e+01 2.148568149999999832e+01 2.148499070000000088e+01
2.040485179999999943e+01 2.040317990000000137e+01 2.040151780000000059e+01 2.039986539999999948e+01 2.039822270000000159e+01 2.039658969999999982e+01 2.039496619999999893e+01 2.039335230000000010e+01 2.039174789999999859e+01 2.039015300000000153e+01 2.038856739999999945e+01 2.038699129999999826e+01 2.038542440000000155e+01 2.038386690000000101e+01 2.038231860000000140e+01 2.038077949999999916e+01 2.037924950000000024e+01 2.037772869999999870e+01 2.037621700000000047e+01 2.037471439999999845e+01 2.037322079999999858e+01 2.037173609999999968e+01 2.037026050000000055e+01 2.036879370000000122e+01 2.036733579999999932e+01 2.036588679999999840e+01 2.036444669999999846e+01 2.036301530000000071e+01 2.036159269999999921e+01 2.036017879999999991e+01 2.035877370000000042e+01 2.035737719999999840e+01 2.035598939999999857e+01 2.035461030000000093e+01 2.035323969999999960e+01 2.035187780000000046e+01 2.035052440000000118e+01 2.034917950000000175e+01 2.034784309999999863e+01 2.034651519999999891e+01 2.034519579999999905e+01 2.034388489999999905e+01 2.034258230000000012e+01 2.034128820000000104e+01 2.034000239999999948e+01 2.033872500000000016e+01 2.033745599999999953e+01 2.033619519999999881e+01 2.033494280000000032e+01 2.033369860000000173e+01
1.883752429999999833e+01 1.883658360000000087e+01 1.883565009999999873e+01 1.883472379999999902e+01 1.883380470000000173e+01 1.883289290000000094e+01 1.883198829999999901e+01 1.883109079999999835e+01 1.883020050000000012e+01 1.882931740000000076e+01 1.882844139999999911e+01 1.882757249999999871e+01 1.882671080000000075e+01 1.882585609999999932e+01 1.882500860000000031e+01 1.882416810000000140e+01 1.882333470000000020e+01 1.882250840000000025e+01 1.882168910000000039e+01 1.882087689999999824e+01 1.882007159999999857e+01 1.881927340000000015e+01 1.881848219999999827e+01 1.881769800000000004e+01 1.881692079999999834e+01 1.881615049999999911e+01 1.881538719999999998e+01 1.881463090000000093e+01 1.881388150000000081e+01 1.881313910000000078e+01 1.881240359999999967e+01 1.881167500000000103e+01 1.881095330000000132e+01 1.881023860000000170e+01 1.880953080000000099e+01 1.880882980000000160e+01 1.880813579999999874e+01 1.880744869999999835e+01 1.880676850000000044e+01 1.880609510000000029e+01 1.880542870000000022e+01 1.880476910000000146e+01 1.880411649999999923e+01 1.880347069999999832e+01 1.880283190000000104e+01 1.880219990000000152e+01 1.880157480000000092e+01 1.880095670000000041e+01 1.880034549999999882e+01 1.879974119999999971e+01
1.768363659999999982e+01 1.768218889999999988e+01 1.768074959999999862e+01 1.767931869999999961e+01 1.767789600000000050e+01 1.767648150000000129e+01 1.767507529999999960e+01 1.767367720000000020e+01 1.767228730000000070e+01 1.767090549999999993e+01 1.766953170000000028e+01 1.766816599999999937e+01 1.766680819999999841e+01 1.766545839999999856e+01 1.766411659999999983e+01 1.766278259999999989e+01 1.766145649999999989e+01 1.766013829999999984e+01 1.765882780000000096e+01 1.765752510000000086e+01 1.765623019999999954e+01 1.765494299999999939e+01 1.765366350000000040e+01 1.765239160000000140e+01 1.765112750000000119e+01 1.764987089999999981e+01 1.764862189999999842e+01 1.764738050000000058e+01 1.764614669999999919e+01 1.764492040000000017e+01 1.764370159999999998e+01 1.764249029999999863e+01 1.764128639999999848e+01 1.764009000000000071e+01 1.763890110000000178e+01 1.763771949999999933e+01 1.763654530000000165e+01 1.763537850000000162e+01 1.763421909999999926e+01 1.763306700000000049e+01 1.763192220000000177e+01 1.763078469999999953e+01 1.762965450000000089e+01 1.762853159999999875e+01 1.762741600000000020e+01 1.762630749999999935e+01 1.762520639999999972e+01 1.762411240000000134e+01 1.762302559999999829e+01 1.762194600000000122e+01
1.614585939999999908e+01 1.614505300000000076e+01 1.614425280000000029e+01 1.614345889999999883e+01 1.614267110000000116e+01 1.614188970000000012e+01 1.614111439999999931e+01 1.614034529999999990e+01 1.613958239999999833e+01 1.613882570000000172e+01 1.613807519999999940e+01 1.613733080000000086e+01 1.613659249999999901e+01 1.613586039999999855e+01 1.613513439999999832e+01 1.613441459999999950e+01 1.613370079999999973e+01 1.613299310000000020e+01 1.613229150000000089e+01 1.613159590000000065e+01 1.613090640000000064e+01 1.613022300000000087e+01 1.612954549999999898e+01 1.612887410000000088e+01 1.612820869999999829e+01 1.612754939999999948e+01 1.612689599999999857e+01 1.612624860000000027e+01 1.612560709999999986e+01 1.612497169999999969e+01 1.612434220000000096e+01 1.612371860000000012e+01 1.612310099999999835e+01 1.612248939999999919e+01 1.612188360000000031e+01 1.612128380000000050e+01 1.612068989999999857e+01 1.612010190000000165e+01 1.611951979999999907e+01 1.611894360000000148e+01 1.611837329999999824e+01 1.611780900000000116e+01 1.611725050000000081e+01 1.611669789999999836e+01 1.611615109999999973e+01 1.611561030000000017e+01 1.611507539999999850e+01 1.611454630000000066e+01 1.611402319999999833e+01 1.611350589999999983e+01
1.496173729999999935e+01 1.496051300000000062e+01 1.495929570000000020e+01 1.495808539999999986e+01 1.495688200000000023e+01 1.495568549999999952e+01 1.495449580000000012e+01 1.495331299999999963e+01 1.495213700000000046e+01 1.495096780000000081e+01 1.494980529999999952e+01 1.494864959999999954e+01 1.494750050000000030e+01 1.494635820000000059e+01 1.494522240000000046e+01 1.494409330000000047e+01 1.494297079999999944e+01 1.494185479999999977e+01 1.494074550000000023e+01 1.493964260000000088e+01 1.493854619999999933e+01 1.493745640000000030e+01 1.493637290000000029e+01 1.493529599999999924e+01 1.493422540000000076e+01 1.493316130000000008e+01 1.493210359999999959e+01 1.493105219999999989e+01 1.493000720000000037e+01 1.492896859999999926e+01 1.492793619999999954e+01 1.492691020000000002e+01 1.492589049999999951e+01 1.492487700000000039e+01 1.492386980000000030e+01 1.492286889999999921e+01 1.492187419999999953e+01 1.492088569999999947e+01 1.491990350000000021e+01 1.491892739999999939e+01 1.491795749999999998e+01 1.491699380000000019e+01 1.491603630000000003e+01 1.491508490000000009e+01 1.491413969999999978e+01 1.491320059999999970e+01 1.491226759999999985e+01 1.491134070000000023e+01 1.491041990000000084e+01 1.490950519999999990e+01
1.345335810000000087e+01 1.345268609999999931e+01 1.345201939999999929e+01 1.345135789999999965e+01 1.345070160000000037e+01 1.345005060000000086e+01 1.344940479999999994e+01 1.344876419999999939e+01 1.344812869999999982e+01 1.344749850000000002e+01 1.344687339999999942e+01 1.344625360000000036e+01 1.344563879999999934e+01 1.344502920000000046e+01 1.344442480000000018e+01 1.344382550000000087e+01 1.344323130000000077e+01 1.344264210000000048e+01 1.344205810000000056e+01 1.344147919999999985e+01 1.344090540000000011e+01 1.344033660000000019e+01 1.343977289999999947e+01 1.343921420000000033e+01 1.343866060000000040e+01 1.343811200000000028e+01 1.343756839999999997e+01 1.343702979999999947e+01 1.343649629999999995e+01 1.343596770000000085e+01 1.343544409999999978e+01 1.343492550000000030e+01 1.343441179999999946e+01 1.343390310000000021e+01 1.343339940000000077e+01 1.343290059999999997e+01 1.343240669999999959e+01 1.343191780000000080e+01 1.343143380000000064e+01 1.343095469999999914e+01 1.343048059999999921e+01 1.343001130000000032e+01 1.342954699999999946e+01 1.342908749999999962e+01 1.342863299999999960e+01 1.342818330000000060e+01 1.342773850000000024e+01 1.342729869999999970e+01 1.342686370000000018e+01 1.342643359999999930e+01
1.223923079999999963e+01 1.223822960000000037e+01 1.223723410000000023e+01 1.223624410000000040e+01 1.223525979999999969e+01 1.223428110000000046e+01 1.223330799999999918e+01 1.223234030000000061e+01 1.223137819999999998e+01 1.223042159999999967e+01 1.222947049999999969e+01 1.222852480000000064e+01 1.222758450000000074e+01 1.222664969999999940e+01 1.222572019999999959e+01 1.222479620000000011e+01 1.222387739999999923e+01 1.222296410000000044e+01 1.222205600000000025e+01 1.222115319999999983e+01 1.222025580000000033e+01 1.221936359999999944e+01 1.221847660000000069e+01 1.221759489999999992e+01 1.221671850000000070e+01 1.221584720000000068e+01 1.221498120000000043e+01 1.221412029999999938e+01 1.221326460000000047e+01 1.221241410000000016e+01 1.221156880000000022e+01 1.221072859999999949e+01 1.220989349999999973e+01 1.220906360000000035e+01 1.220823870000000078e+01 1.220741899999999980e+01 1.220660439999999980e+01 1.220579479999999961e+01 1.220499030000000040e+01 1.220419090000000040e+01 1.220339659999999959e+01 1.220260730000000038e+01 1.220182310000000037e+01 1.220104380000000077e+01 1.220026969999999977e+01 1.219950049999999919e+01 1.219873630000000020e+01 1.219797720000000041e+01 1.219722299999999926e+01 1.219647390000000087e+01
1.076019199999999998e+01 1.075965470000000046e+01 1.075912169999999968e+01 1.075859280000000062e+01 1.075806820000000030e+01 1.075754779999999933e+01 1.075703159999999947e+01 1.075651960000000074e+01 1.075601179999999957e+01 1.075550810000000013e+01 1.075500869999999942e+01 1.075451329999999928e+01 1.075402219999999964e+01 1.075353519999999996e+01 1.075305230000000023e+01 1.075257359999999984e+01 1.075209890000000001e+01 1.075162839999999953e+01 1.075116200000000077e+01 1.075069970000000019e+01 1.075024140000000017e+01 1.074978729999999949e+01 1.074933719999999937e+01 1.074889119999999920e+01 1.074844919999999959e+01 1.074801129999999993e+01 1.074757740000000084e+01 1.074714750000000052e+01 1.074672170000000015e+01 1.074629979999999918e+01 1.074588199999999993e+01 1.074546810000000008e+01 1.074505830000000017e+01 1.074465239999999966e+01 1.074425049999999970e+01 1.074385260000000031e+01 1.074345860000000030e+01 1.074306860000000086e+01 1.074268250000000080e+01 1.074230039999999953e+01 1.074192219999999942e+01 1.074154790000000048e+01 1.074117749999999916e+01 1.074081110000000017e+01 1.074044860000000057e+01 1.074009000000000036e+01 1.073973529999999954e+01 1.073938449999999989e+01 1.073903759999999963e+01 1.073869460000000053e+01
9.516245299999999574e+00 9.515467179999999914e+00 9.514693440000000280e+00 9.513924030000000087e+00 9.513158949999999336e+00 9.512398179999999925e+00 9.511641700000000199e+00 9.510889490000000279e+00 9.510141539999999338e+00 9.509397820000000223e+00 9.508658329999999381e+00 9.507923050000000487e+00 9.507191960000000108e+00 9.506465049999999195e+00 9.505742310000000472e+00 9.505023720000000509e+00 9.504309259999999426e+00 9.503598930000000777e+00 9.502892720000000182e+00 9.502190609999999538e+00 9.501492589999999794e+00 9.500798650000000123e+00 9.500108779999999697e+00 9.499422969999999466e+00 9.498741219999999430e+00 9.498063500000000658e+00 9.497389809999999599e+00 9.496720149999999805e+00 9.496054499999999621e+00 9.495392860000000823e+00 9.494735220000000808e+00 9.494081570000000525e+00 9.493431899999999146e+00 9.492786210000000224e+00 9.492144489999999379e+00 9.491506729999999337e+00 9.490872939999999147e+00 9.490243089999999881e+00 9.489617190000000591e+00 9.488995230000000447e+00 9.488377200000000400e+00 9.487763100000000449e+00 9.487152930000000595e+00 9.486546669999999182e+00 9.485944330000000591e+00 9.485345889999999613e+00 9.484751360000000631e+00 9.484160729999999262e+00 9.483573990000000009e+00 9.482991150000000147e+00
8.066492039999999974e+00 8.066089729999999847e+00 8.065690610000000760e+00 8.065294679999999161e+00 8.064901920000000501e+00 8.064512349999999330e+00 8.064125940000000270e+00 8.063742700000000596e+00 8.063362610000000430e+00 8.062985680000000599e+00 8.062611880000000397e+00 8.062241229999999703e+00 8.061873710000000415e+00 8.061509309999999928e+00 8.061148030000000020e+00 8.060789870000000690e+00 8.060434810000000283e+00 8.060082850000000576e+00 8.059733980000000741e+00 8.059388189999999952e+00 8.059045490000000811e+00 8.058705850000000837e+00 8.058369280000000856e+00 8.058035770000000042e+00 8.057705309999999344e+00 8.057377889999999709e+00 8.057053509999999363e+00 8.056732159999999254e+00 8.056413830000000331e+00 8.056098529999999869e+00 8.055786230000000714e+00 8.055476929999999314e+00 8.055170640000000049e+00 8.054867330000000436e+00 8.054567009999999527e+00 8.054269670000000048e+00 8.053975310000000221e+00 8.053683910000000168e+00 8.053395469999999889e+00 8.053109989999999385e+00 8.052827459999999604e+00 8.052547880000000546e+00 8.052271239999999608e+00 8.051997540000000342e+00 8.051726779999999195e+00 8.051458939999999842e+00 8.051194029999999557e+00 8.050932039999999290e+00 8.050672970000000817e+00 8.050416829999999635e+00
6.792905499999999819e+00 6.792350680000000196e+00 6.791798960000000385e+00 6.791250319999999618e+00 6.790704749999999734e+00 6.790162239999999905e+00 6.789622770000000251e+00 6.789086329999999947e+00 6.788552909999999940e+00 6.788022500000000292e+00 6.787495090000000175e+00 6.786970669999999650e+00 6.786449229999999666e+00 6.785930750000000344e+00 6.785415229999999909e+00 6.784902670000000136e+00 6.784393040000000319e+00 6.783886350000000398e+00 6.783382590000000434e+00 6.782881739999999660e+00 6.782383799999999852e+00 6.781888770000000122e+00 6.781396629999999703e+00 6.780907380000000373e+00 6.780421010000000415e+00 6.779937519999999829e+00 6.779456899999999564e+00 6.778979149999999620e+00 6.778504250000000120e+00 6.778032220000000052e+00 6.777563029999999600e+00 6.777096679999999651e+00 6.776633180000000145e+00 6.776172510000000315e+00 6.775714680000000101e+00 6.775259669999999623e+00 6.774807489999999710e+00 6.774358130000000422e+00 6.773911580000000043e+00 6.773467850000000290e+00 6.773026930000000334e+00 6.772588810000000237e+00 6.772153499999999937e+00 6.771720990000000384e+00 6.771291269999999862e+00 6.770864350000000087e+00 6.770440220000000231e+00 6.770018870000000355e+00 6.769600320000000337e+00 6.769184540000000361e+00
5.372344700000000195e+00 5.372077629999999715e+00 5.371812689999999613e+00 5.371549879999999888e+00 5.371289189999999714e+00 5.371030619999999978e+00 5.370774169999999792e+00 5.370519830000000105e+00 5.370267600000000030e+00 5.370017459999999687e+00 5.369769429999999844e+00 5.369523489999999732e+00 5.369279650000000181e+00 5.369037879999999596e+00 5.368798199999999632e+00 5.368560600000000349e+00 5.368325070000000032e+00 5.368091599999999630e+00 5.367860199999999971e+00 5.367630850000000287e+00 5.367403559999999629e+00 5.367178309999999897e+00 5.366955110000000140e+00 5.366733950000000419e+00 5.366514819999999908e+00 5.366297720000000382e+00 5.366082640000000126e+00 5.365869580000000028e+00 5.365658540000000087e+00 5.365449500000000427e+00 5.365242470000000097e+00 5.365037440000000046e+00 5.364834410000000275e+00 5.364633360000000017e+00 5.364434300000000100e+00 5.364237229999999634e+00 5.364042129999999631e+00 5.363849010000000028e+00 5.363657850000000060e+00 5.363468659999999666e+00 5.363281429999999794e+00 5.363096159999999557e+00 5.362912839999999903e+00 5.362731469999999945e+00 5.362552049999999682e+00 5.362374580000000002e+00 5.362199040000000139e+00 5.362025440000000032e+00 5.361853779999999681e+00 5.361684059999999974e+00
4.069202950000000207e+00 4.068871820000000028e+00 4.068542530000000212e+00 4.068215089999999812e+00 4.067889479999999836e+00 4.067565690000000345e+00 4.067243709999999624e+00 4.066923550000000276e+00 4.066605189999999759e+00 4.066288629999999849e+00 4.065973849999999779e+00 4.065660860000000376e+00 4.065349649999999926e+00 4.065040210000000265e+00 4.064732539999999616e+00 4.064426629999999818e+00 4.064122479999999982e+00 4.063820080000000168e+00 4.063519430000000376e+00 4.063220519999999780e+00 4.062923350000000156e+00 4.062627909999999787e+00 4.062334210000000390e+00 4.062042230000000309e+00 4.061751980000000373e+00 4.061463439999999814e+00 4.061176630000000287e+00 4.060891520000000199e+00 4.060608130000000315e+00 4.060326449999999809e+00 4.060046469999999630e+00 4.059768189999999777e+00 4.059491610000000250e+00 4.059216730000000162e+00 4.058943550000000400e+00 4.058672060000000137e+00 4.058402250000000322e+00 4.058134139999999945e+00 4.057867710000000017e+00 4.057602969999999587e+00 4.057339909999999605e+00 4.057078540000000011e+00 4.056818840000000037e+00 4.056560819999999623e+00 4.056304469999999718e+00 4.056049800000000261e+00 4.055796800000000424e+00 4.055545470000000208e+00 4.055295820000000440e+00 4.055047830000000353e+00
2.678078310000000073e+00 2.677946690000000185e+00 2.677816120000000133e+00 2.677686609999999856e+00 2.677558159999999798e+00 2.677430769999999960e+00 2.677304420000000018e+00 2.677179129999999851e+00 2.677054889999999965e+00 2.676931689999999975e+00 2.676809539999999821e+00 2.676688430000000007e+00 2.676568360000000091e+00 2.676449330000000071e+00 2.676331339999999948e+00 2.676214369999999843e+00 2.676098440000000078e+00 2.675983529999999888e+00 2.675869650000000100e+00 2.675756789999999885e+00 2.675644960000000072e+00 2.675534139999999894e+00 2.675424329999999795e+00 2.675315540000000158e+00 2.675207760000000157e+00 2.675100989999999790e+00 2.674995220000000007e+00 2.674890459999999859e+00 2.674786689999999911e+00 2.674683920000000104e+00 2.674582149999999992e+00 2.674481370000000080e+00 2.674381579999999925e+00 2.674282779999999970e+00 2.674184959999999833e+00 2.674088129999999897e+00 2.673992269999999838e+00 2.673897390000000041e+00 2.673803490000000060e+00 2.673710569999999898e+00 2.673618610000000118e+00 2.673527630000000155e+00 2.673437610000000131e+00 2.673348550000000046e+00 2.673260459999999838e+00 2.673173339999999953e+00 2.673087170000000068e+00 2.673001960000000121e+00 2.672917710000000113e+00 2.672834410000000105e+00
1.345349799999999929e+00 1.345242559999999976e+00 1.345135930000000091e+00 1.345029899999999889e+00 1.344924489999999917e+00 1.344819669999999912e+00 1.344715459999999974e+00 1.344611840000000003e+00 1.344508819999999938e+00 1.344406400000000001e+00 1.344304570000000032e+00 1.344203320000000090e+00 1.344102670000000055e+00 1.344002600000000047e+00 1.343903120000000007e+00 1.343804210000000054e+00 1.343705890000000069e+00 1.343608149999999890e+00 1.343510989999999961e+00 1.343414399999999898e+00 1.343318390000000084e+00 1.343222949999999916e+00 1.343128080000000057e+00 1.343033790000000005e+00 1.342940060000000102e+00 1.342846900000000065e+00 1.342754309999999895e+00 1.342662280000000097e+00 1.342570819999999943e+00 1.342479930000000099e+00 1.342389590000000021e+00 1.342299820000000032e+00 1.342210609999999971e+00 1.342121960000000058e+00 1.342033880000000012e+00 1.341946340000000015e+00 1.341859370000000107e+00 1.341772959999999904e+00 1.341687099999999910e+00 1.341601789999999905e+00 1.341517049999999989e+00 1.341432849999999899e+00 1.341349209999999958e+00 1.341266129999999945e+00 1.341183589999999981e+00 1.341101609999999944e+00 1.341020179999999895e+00 1.340939300000000056e+00 1.340858969999999983e+00 1.340779189999999899e+00
-1.643548709999999996e-02 -1.643158000000000118e-02 -1.642769259999999829e-02 -1.642382540000000141e-02 -1.641997829999999881e-02 -1.641615160000000143e-02 -1.641234540000000020e-02 -1.640855990000000125e-02 -1.640479530000000033e-02 -1.640105169999999876e-02 -1.639732929999999922e-02 -1.639362830000000090e-02 -1.638994880000000168e-02 -1.638629089999999941e-02 -1.638265490000000157e-02 -1.637904089999999910e-02 -1.637544900000000025e-02 -1.637187940000000078e-02 -1.636833219999999853e-02 -1.636480770000000098e-02 -1.636130590000000121e-02 -1.635782699999999840e-02 -1.635437119999999869e-02 -1.635093859999999996e-02 -1.634752940000000140e-02 -1.634414370000000089e-02 -1.634078170000000108e-02 -1.633744360000000118e-02 -1.633412940000000119e-02 -1.633083949999999951e-02 -1.632757389999999961e-02 -1.632433269999999936e-02 -1.632111619999999930e-02 -1.631792459999999861e-02 -1.631475799999999865e-02 -1.631161650000000074e-02 -1.630850039999999848e-02 -1.630540980000000015e-02 -1.630234499999999934e-02 -1.629930599999999952e-02 -1.629629319999999909e-02 -1.629330669999999939e-02 -1.629034669999999962e-02 -1.628741330000000112e-02 -1.628450700000000015e-02 -1.628162769999999884e-02 -1.627877590000000041e-02 -1.627595169999999924e-02 -1.627315530000000149e-02 -1.627038700000000074e-02
-1.378774249999999979e+00 -1.378657669999999946e+00 -1.378541699999999981e+00 -1.378426359999999962e+00 -1.378311630000000010e+00 -1.378197520000000065e+00 -1.378084010000000026e+00 -1.377971110000000055e+00 -1.377858819999999929e+00 -1.377747140000000092e+00 -1.377636050000000001e+00 -1.377525569999999977e+00 -1.377415679999999920e+00 -1.377306389999999992e+00 -1.377197699999999969e+00 -1.377089599999999914e+00 -1.376982090000000047e+00 -1.376875169999999926e+00 -1.376768839999999994e+00 -1.376663090000000089e+00 -1.376557940000000091e+00 -1.376453369999999898e+00 -1.376349379999999956e+00 -1.376245970000000041e+00 -1.376143150000000093e+00 -1.376040900000000011e+00 -1.375939239999999897e+00 -1.375838160000000032e+00 -1.375737650000000034e+00 -1.375637720000000064e+00 -1.375538369999999899e+00 -1.375439590000000045e+00 -1.375341380000000058e+00 -1.375243760000000037e+00 -1.375146699999999944e+00 -1.375050220000000101e+00 -1.374954309999999902e+00 -1.374858970000000014e+00 -1.374764209999999931e+00 -1.374670009999999998e+00 -1.374576390000000092e+00 -1.374483329999999892e+00 -1.374390849999999942e+00 -1.374298940000000080e+00 -1.374207589999999923e+00 -1.374116810000000077e+00 -1.374026610000000037e+00 -1.373936969999999924e+00 -1.373847889999999961e+00 -1.373759390000000025e+00
-2.710834869999999786e+00 -2.710695449999999784e+00 -2.710557119999999820e+00 -2.710419879999999893e+00 -2.710283739999999941e+00 -2.710148690000000027e+00 -2.710014720000000210e+00 -2.709881849999999925e+00 -2.709750060000000182e+00 -2.709619360000000032e+00 -2.709489730000000041e+00 -2.709361190000000086e+00 -2.709233719999999845e+00 -2.709107330000000147e+00 -2.708982020000000102e+00 -2.708857769999999832e+00 -2.708734600000000103e+00 -2.708612490000000150e+00 -2.708491449999999912e+00 -2.708371469999999892e+00 -2.708252560000000031e+00 -2.708134700000000006e+00 -2.708017889999999817e+00 -2.707902139999999847e+00 -2.707787450000000096e+00 -2.707673799999999797e+00 -2.707561199999999779e+00 -2.707449640000000102e+00 -2.707339129999999816e+00 -2.707229659999999871e+00 -2.707121229999999823e+00 -2.707013830000000176e+00 -2.706907469999999982e+00 -2.706802129999999806e+00 -2.706697829999999971e+00 -2.706594560000000094e+00 -2.706492309999999790e+00 -2.706391089999999888e+00 -2.706290880000000065e+00 -2.706191700000000200e+00 -2.706093529999999969e+00 -2.705996390000000140e+00 -2.705900250000000007e+00 -2.705805129999999892e+00 -2.705711019999999856e+00 -2.705617929999999838e+00 -2.705525839999999960e+00 -2.705434760000000161e+00 -2.705344689999999996e+00 -2.705255619999999972e+00
-4.102398059999999624e+00 -4.102057499999999912e+00 -4.101718800000000442e+00 -4.101381950000000387e+00 -4.101046939999999807e+00 -4.100713769999999592e+00 -4.100382419999999861e+00 -4.100052889999999728e+00 -4.099725170000000141e+00 -4.099399260000000211e+00 -4.099075159999999940e+00 -4.098752850000000336e+00 -4.098432319999999685e+00 -4.098113579999999700e+00 -4.097796619999999557e+00 -4.097481440000000141e+00 -4.097168019999999800e+00 -4.096856370000000247e+00 -4.096546469999999829e+00 -4.096238330000000261e+00 -4.095931949999999766e+00 -4.095627310000000243e+00 -4.095324409999999915e+00 -4.095023249999999670e+00 -4.094723830000000397e+00 -4.094426150000000320e+00 -4.094130189999999558e+00 -4.093835959999999830e+00 -4.093543460000000245e+00 -4.093252679999999977e+00 -4.092963619999999914e+00 -4.092676270000000116e+00 -4.092390639999999635e+00 -4.092106720000000308e+00 -4.091824520000000298e+00 -4.091544019999999726e+00 -4.091265220000000369e+00 -4.090988140000000328e+00 -4.090712749999999787e+00 -4.090439070000000399e+00 -4.090167079999999622e+00 -4.089896790000000060e+00 -4.089628199999999936e+00 -4.089361310000000138e+00 -4.089096109999999840e+00 -4.088832599999999928e+00 -4.088570780000000404e+00 -4.088310650000000379e+00 -4.088052209999999853e+00 -4.087795459999999714e+00
-5.405186060000000126e+00 -5.404911239999999673e+00 -5.404638590000000242e+00 -5.404368100000000119e+00 -5.404099770000000191e+00 -5.403833599999999571e+00 -5.403569590000000034e+00 -5.403307719999999925e+00 -5.403048000000000073e+00 -5.402790419999999649e+00 -5.402534969999999603e+00 -5.402281659999999874e+00 -5.402030479999999635e+00 -5.401781419999999834e+00 -5.401534490000000410e+00 -5.401289669999999710e+00 -5.401046960000000396e+00 -5.400806359999999806e+00 -5.400567859999999776e+00 -5.400331470000000245e+00 -5.400097159999999619e+00 -5.399864950000000441e+00 -5.399634820000000168e+00 -5.399406779999999628e+00 -5.399180809999999830e+00 -5.398956909999999887e+00 -5.398735079999999797e+00 -5.398515309999999623e+00 -5.398297600000000251e+00 -5.398081949999999907e+00 -5.397868339999999598e+00 -5.397656780000000154e+00 -5.397447259999999858e+00 -5.397239779999999598e+00 -5.397034320000000385e+00 -5.396830900000000319e+00 -5.396629510000000352e+00 -5.396430129999999714e+00 -5.396232770000000123e+00 -5.396037419999999862e+00 -5.395844089999999760e+00 -5.395652759999999937e+00 -5.395463430000000393e+00 -5.395276100000000241e+00 -5.395090780000000308e+00 -5.394907439999999887e+00 -5.394726099999999747e+00 -5.394546749999999946e+00 -5.394369389999999598e+00 -5.394194019999999590e+00
-6.826084029999999636e+00 -6.825519850000000055e+00 -6.824958770000000285e+00 -6.824400790000000327e+00 -6.823845890000000303e+00 -6.823294050000000333e+00 -6.822745270000000417e+00 -6.822199539999999729e+00 -6.821656830000000227e+00 -6.821117150000000073e+00 -6.820580470000000339e+00 -6.820046800000000076e+00 -6.819516110000000353e+00 -6.818988410000000222e+00 -6.818463669999999865e+00 -6.817941900000000111e+00 -6.817423080000000191e+00 -6.816907210000000106e+00 -6.816394269999999977e+00 -6.815884259999999806e+00 -6.815377179999999591e+00 -6.814873010000000342e+00 -6.814371740000000344e+00 -6.813873390000000363e+00 -6.813377919999999754e+00 -6.812885350000000173e+00 -6.812395659999999964e+00 -6.811908850000000015e+00 -6.811424910000000388e+00 -6.810943840000000193e+00 -6.810465640000000320e+00 -6.809990290000000002e+00 -6.809517800000000065e+00 -6.809048159999999683e+00 -6.808581369999999744e+00 -6.808117420000000308e+00 -6.807656309999999600e+00 -6.807198030000000344e+00 -6.806742589999999815e+00 -6.806289969999999911e+00 -6.805840189999999623e+00 -6.805393220000000021e+00 -6.804949070000000155e+00 -6.804507740000000027e+00 -6.804069219999999696e+00 -6.803633510000000051e+00 -6.803200620000000143e+00 -6.802770520000000154e+00 -6.802343229999999963e+00 -6.801918739999999630e+00
-8.099317870000000141e+00 -8.098907880000000503e+00 -8.098501119999999887e+00 -8.098097570000000189e+00 -8.097697249999999514e+00 -8.097300130000000706e+00 -8.096906210000000215e+00 -8.096515489999999815e+00 -8.096127960000000456e+00 -8.095743620000000362e+00 -8.095362460000000482e+00 -8.094984469999999988e+00 -8.094609639999999828e+00 -8.094237980000000832e+00 -8.093869480000000394e+00 -8.093504120000000412e+00 -8.093141900000000888e+00 -8.092782820000000044e+00 -8.092426870000000605e+00 -8.092074050000000796e+00 -8.091724340000000737e+00 -8.091377729999999602e+00 -8.091034240000000821e+00 -8.090693829999999309e+00 -8.090356520000000273e+00 -8.090022299999999333e+00 -8.089691150000000164e+00 -8.089363069999999212e+00 -8.089038049999999203e+00 -8.088716099999999187e+00 -8.088397190000000236e+00 -8.088081329999999625e+00 -8.087768519999999128e+00 -8.087458729999999818e+00 -8.087151979999999796e+00 -8.086848240000000132e+00 -8.086547530000000705e+00 -8.086249820000000810e+00 -8.085955130000000324e+00 -8.085663430000000318e+00 -8.085374740000000671e+00 -8.085089030000000676e+00 -8.084806320000000213e+00 -8.084526589999999402e+00 -8.084249840000000020e+00 -8.083976070000000291e+00 -8.083705269999999388e+00 -8.083437449999999913e+00 -8.083172599999999264e+00 -8.082910719999999216e+00
-9.549530029999999670e+00 -9.548742479999999588e+00 -9.547959300000000482e+00 -9.547180479999999747e+00 -9.546405999999999281e+00 -9.545635850000000033e+00 -9.544869990000000470e+00 -9.544108420000000592e+00 -9.543351109999999693e+00 -9.542598059999999549e+00 -9.541849250000000282e+00 -9.541104649999999410e+00 -9.540364269999999536e+00 -9.539628069999999127e+00 -9.538896049999999960e+00 -9.538168199999999430e+00 -9.537444499999999437e+00 -9.536724939999999151e+00 -9.536009509999999523e+00 -9.535298190000000673e+00 -9.534590980000000826e+00 -9.533887860000000103e+00 -9.533188830000000280e+00 -9.532493869999999703e+00 -9.531802969999999320e+00 -9.531116129999999131e+00 -9.530433340000000086e+00 -9.529754580000000530e+00 -9.529079850000000462e+00 -9.528409149999999883e+00 -9.527742449999999863e+00 -9.527079770000000281e+00 -9.526421080000000430e+00 -9.525766389999999362e+00 -9.525115680000000751e+00 -9.524468949999999268e+00 -9.523826189999999414e+00 -9.523187410000000241e+00 -9.522552579999999267e+00 -9.521921710000000871e+00 -9.521294790000000674e+00 -9.520671820000000452e+00 -9.520052780000000325e+00 -9.519437690000000174e+00 -9.518826519999999292e+00 -9.518219280000000282e+00 -9.517615960000000541e+00 -9.517016560000000069e+00 -9.516421069999999816e+00 -9.515829489999999780e+00
-1.079310330000000029e+01 -1.079255840000000077e+01 -1.079201779999999999e+01 -1.079148149999999973e+01 -1.079094940000000058e+01 -1.079042150000000078e+01 -1.078989789999999971e+01 -1.078937849999999976e+01 -1.078886329999999916e+01 -1.078835240000000084e+01 -1.078784560000000070e+01 -1.078734299999999990e+01 -1.078684469999999962e+01 -1.078635049999999929e+01 -1.078586050000000007e+01 -1.078537460000000081e+01 -1.078489289999999912e+01 -1.078441540000000032e+01 -1.078394199999999969e+01 -1.078347270000000080e+01 -1.078300750000000008e+01 -1.078254650000000048e+01 -1.078208949999999966e+01 -1.078163669999999996e+01 -1.078118800000000022e+01 -1.078074329999999925e+01 -1.078030270000000002e+01 -1.077986620000000073e+01 -1.077943370000000023e+01 -1.077900529999999968e+01 -1.077858100000000086e+01 -1.077816059999999965e+01 -1.077774430000000017e+01 -1.077733199999999947e+01 -1.077692380000000050e+01 -1.077651949999999914e+01 -1.077611929999999951e+01 -1.077572299999999927e+01 -1.077533080000000076e+01 -1.077494249999999987e+01 -1.077455819999999953e+01 -1.077417789999999975e+01 -1.077380149999999936e+01 -1.077342920000000071e+01 -1.077306079999999966e+01 -1.077269629999999978e+01 -1.077233580000000046e+01 -1.077197929999999992e+01 -1.077162670000000055e+01 -1.077127809999999997e+01
-1.227274790000000060e+01 -1.227173709999999929e+01 -1.227073189999999947e+01 -1.226973240000000054e+01 -1.226873849999999955e+01 -1.226775020000000005e+01 -1.226676750000000027e+01 -1.226579030000000081e+01 -1.226481869999999930e+01 -1.226385259999999988e+01 -1.226289200000000079e+01 -1.226193680000000086e+01 -1.226098709999999947e+01 -1.226004280000000080e+01 -1.225910389999999950e+01 -1.225817039999999913e+01 -1.225724229999999970e+01 -1.225631950000000003e+01 -1.225540209999999952e+01 -1.225449000000000055e+01 -1.225358319999999956e+01 -1.225268170000000012e+01 -1.225178539999999927e+01 -1.225089439999999996e+01 -1.225000870000000042e+01 -1.224912819999999947e+01 -1.224825290000000066e+01 -1.224738289999999985e+01 -1.224651800000000001e+01 -1.224565830000000055e+01 -1.224480379999999968e+01 -1.224395449999999919e+01 -1.224311029999999967e+01 -1.224227119999999935e+01 -1.224143729999999941e+01 -1.224060850000000045e+01 -1.223978480000000069e+01 -1.223896620000000013e+01 -1.223815270000000055e+01 -1.223734430000000017e+01 -1.223654100000000078e+01 -1.223574280000000059e+01 -1.223494960000000020e+01 -1.223416139999999963e+01 -1.223337830000000004e+01 -1.223260029999999965e+01 -1.223182730000000085e+01 -1.223105930000000008e+01 -1.223029629999999912e+01 -1.222953839999999914e+01
-1.348644039999999933e+01 -1.348576090000000072e+01 -1.348508679999999949e+01 -1.348441790000000040e+01 -1.348375429999999930e+01 -1.348309590000000036e+01 -1.348244279999999939e+01 -1.348179499999999997e+01 -1.348115229999999976e+01 -1.348051489999999930e+01 -1.347988269999999922e+01 -1.347925569999999951e+01 -1.347863390000000017e+01 -1.347801729999999942e+01 -1.347740579999999966e+01 -1.347679950000000026e+01 -1.347619839999999947e+01 -1.347560239999999965e+01 -1.347501160000000020e+01 -1.347442580000000056e+01 -1.347384519999999952e+01 -1.347326969999999946e+01 -1.347269930000000038e+01 -1.347213400000000050e+01 -1.347157379999999982e+01 -1.347101860000000073e+01 -1.347046850000000084e+01 -1.346992340000000077e+01 -1.346938339999999990e+01 -1.346884840000000061e+01 -1.346831850000000053e+01 -1.346779350000000086e+01 -1.346727360000000040e+01 -1.346675869999999975e+01 -1.346624880000000068e+01 -1.346574389999999966e+01 -1.346524390000000082e+01 -1.346474899999999941e+01 -1.346425900000000020e+01 -1.346377400000000080e+01 -1.346329390000000004e+01 -1.346281880000000086e+01 -1.346234869999999972e+01 -1.346188350000000078e+01 -1.346142329999999987e+01 -1.346096810000000055e+01 -1.346051770000000047e+01 -1.346007239999999960e+01 -1.345963189999999976e+01 -1.345919649999999912e+01
-1.499540529999999983e+01 -1.499417129999999965e+01 -1.499294420000000017e+01 -1.499172420000000017e+01 -1.499051110000000087e+01 -1.498930499999999988e+01 -1.498810570000000020e+01 -1.498691329999999944e+01 -1.498572769999999998e+01 -1.498454890000000006e+01 -1.498337680000000027e+01 -1.498221159999999941e+01 -1.498105299999999929e+01 -1.497990109999999930e+01 -1.497875589999999946e+01 -1.497761730000000036e+01 -1.497648530000000022e+01 -1.497535990000000083e+01 -1.497424110000000042e+01 -1.497312879999999957e+01 -1.497202309999999947e+01 -1.497092379999999956e+01 -1.496983110000000039e+01 -1.496874479999999963e+01 -1.496766500000000022e+01 -1.496659159999999922e+01 -1.496552450000000078e+01 -1.496446390000000015e+01 -1.496340969999999970e+01 -1.496236180000000004e+01 -1.496132030000000057e+01 -1.496028510000000011e+01 -1.495925620000000045e+01 -1.495823359999999980e+01 -1.495721729999999994e+01 -1.495620730000000087e+01 -1.495520349999999965e+01 -1.495420599999999922e+01 -1.495321470000000019e+01 -1.495222960000000079e+01 -1.495125080000000040e+01 -1.495027810000000024e+01 -1.494931159999999970e+01 -1.494835130000000056e+01 -1.494739719999999927e+01 -1.494644910000000060e+01 -1.494550729999999916e+01 -1.494457159999999973e+01 -1.494364189999999937e+01 -1.494271840000000040e+01
-1.617920259999999999e+01 -1.617838890000000163e+01 -1.617758140000000111e+01 -1.617678030000000078e+01 -1.617598539999999829e+01 -1.617519679999999838e+01 -1.617441439999999986e+01 -1.617363830000000036e+01 -1.617286839999999870e+01 -1.617210469999999845e+01 -1.617134719999999959e+01 -1.617059589999999858e+01 -1.616985079999999897e+01 -1.616911179999999959e+01 -1.616837900000000161e+01 -1.616765240000000148e+01 -1.616693190000000158e+01 -1.616621749999999835e+01 -1.616550930000000008e+01 -1.616480710000000087e+01 -1.616411109999999951e+01 -1.616342110000000076e+01 -1.616273729999999986e+01 -1.616205940000000041e+01 -1.616138769999999880e+01 -1.616072199999999981e+01 -1.616006229999999988e+01 -1.615940870000000018e+01 -1.615876109999999954e+01 -1.615811950000000152e+01 -1.615748389999999901e+01 -1.615685440000000028e+01 -1.615623079999999945e+01 -1.615561320000000123e+01 -1.615500159999999852e+01 -1.615439590000000081e+01 -1.615379629999999977e+01 -1.615320260000000019e+01 -1.615261479999999850e+01 -1.615203299999999942e+01 -1.615145719999999940e+01 -1.615088739999999845e+01 -1.615032349999999894e+01 -1.614976550000000088e+01 -1.614921349999999833e+01 -1.614866749999999840e+01 -1.614812739999999991e+01 -1.614759319999999931e+01 -1.614706509999999895e+01 -1.614654290000000003e+01
-1.771739519999999857e+01 -1.771593779999999896e+01 -1.771448870000000042e+01 -1.771304800000000057e+01 -1.771161550000000062e+01 -1.771019139999999936e+01 -1.770877550000000156e+01 -1.770736769999999893e+01 -1.770596820000000093e+01 -1.770457670000000050e+01 -1.770319329999999880e+01 -1.770181799999999939e+01 -1.770045070000000109e+01 -1.769909140000000036e+01 -1.769773999999999958e+01 -1.769639649999999875e+01 -1.769506090000000142e+01 -1.769373320000000049e+01 -1.769241329999999834e+01 -1.769110119999999853e+01 -1.768979690000000105e+01 -1.768850030000000118e+01 -1.768721139999999892e+01 -1.768593020000000138e+01 -1.768465670000000145e+01 -1.768339089999999914e+01 -1.768213259999999920e+01 -1.768088200000000043e+01 -1.767963890000000049e+01 -1.767840340000000054e+01 -1.767717539999999943e+01 -1.767595490000000069e+01 -1.767474190000000078e+01 -1.767353629999999853e+01 -1.767233829999999983e+01 -1.767114760000000118e+01 -1.766996440000000135e+01 -1.766878850000000156e+01 -1.766761999999999944e+01 -1.766645889999999852e+01 -1.766530519999999882e+01 -1.766415870000000155e+01 -1.766301959999999838e+01 -1.766188770000000119e+01 -1.766076320000000166e+01 -1.765964590000000101e+01 -1.765853579999999923e+01 -1.765743300000000104e+01 -1.765633740000000174e+01 -1.765524900000000130e+01
-1.887117539999999849e+01 -1.887022759999999977e+01 -1.886928710000000109e+01 -1.886835389999999890e+01 -1.886742789999999914e+01 -1.886650909999999826e+01 -1.886559760000000097e+01 -1.886469340000000017e+01 -1.886379630000000063e+01 -1.886290639999999996e+01 -1.886202370000000172e+01 -1.886114819999999881e+01 -1.886027989999999832e+01 -1.885941869999999909e+01 -1.885856460000000112e+01 -1.885771769999999847e+01 -1.885687790000000064e+01 -1.885604520000000051e+01 -1.885521960000000163e+01 -1.885440099999999930e+01 -1.885358959999999939e+01 -1.885278519999999958e+01 -1.885198779999999985e+01 -1.885119750000000138e+01 -1.885041430000000062e+01 -1.884963809999999995e+01 -1.884886889999999937e+01 -1.884810669999999888e+01 -1.884735149999999848e+01 -1.884660330000000172e+01 -1.884586210000000150e+01 -1.884512790000000138e+01 -1.884440060000000017e+01 -1.884368040000000022e+01 -1.884296709999999919e+01 -1.884226079999999826e+01 -1.884156150000000096e+01 -1.884086909999999904e+01 -1.884018370000000075e+01 -1.883950520000000139e+01 -1.883883379999999974e+01 -1.883816919999999939e+01 -1.883751170000000030e+01 -1.883686110000000014e+01 -1.883621750000000006e+01 -1.883558090000000007e+01 -1.883495130000000017e+01 -1.883432859999999920e+01 -1.883371299999999948e+01 -1.883310429999999869e+01
-2.043893810000000144e+01 -2.043725609999999904e+01 -2.043558399999999864e+01 -2.043392160000000146e+01 -2.043226900000000157e+01 -2.043062600000000018e+01 -2.042899260000000083e+01 -2.042736879999999999e+01 -2.042575450000000004e+01 -2.042414970000000096e+01 -2.042255430000000160e+01 -2.042096839999999958e+01 -2.041939169999999848e+01 -2.041782440000000065e+01 -2.041626640000000137e+01 -2.041471759999999946e+01 -2.041317799999999849e+01 -2.041164759999999845e+01 -2.041012620000000055e+01 -2.040861400000000003e+01 -2.040711080000000166e+01 -2.040561659999999833e+01 -2.040413140000000070e+01 -2.040265520000000166e+01 -2.040118790000000004e+01 -2.039972939999999824e+01 -2.039827980000000096e+01 -2.039683910000000111e+01 -2.039540709999999990e+01 -2.039398389999999850e+01 -2.039256939999999929e+01 -2.039116369999999989e+01 -2.038976660000000152e+01 -2.038837819999999823e+01 -2.038699850000000069e+01 -2.038562729999999945e+01 -2.038426469999999924e+01 -2.038291070000000005e+01 -2.038156520000000071e+01 -2.038022829999999885e+01 -2.037889979999999923e+01 -2.037757979999999947e+01 -2.037626819999999839e+01 -2.037496510000000072e+01 -2.037367040000000173e+01 -2.037238400000000027e+01 -2.037110600000000105e+01 -2.036983640000000051e+01 -2.036857510000000104e+01 -2.036732209999999910e+01
-2.156219019999999986e+01 -2.156110860000000073e+01 -2.156003520000000151e+01 -2.155896999999999863e+01 -2.155791320000000155e+01 -2.155686449999999965e+01 -2.155582409999999882e+01 -2.155479190000000145e+01 -2.155376800000000159e+01 -2.155275220000000047e+01 -2.155174450000000164e+01 -2.155074510000000032e+01 -2.154975370000000012e+01 -2.154877060000000100e+01 -2.154779549999999944e+01 -2.154682860000000133e+01 -2.154586970000000079e+01 -2.154491900000000015e+01 -2.154397630000000063e+01 -2.154304169999999985e+01 -2.154211520000000135e+01 -2.154119670000000042e+01 -2.154028630000000177e+01 -2.153938390000000069e+01 -2.153848959999999835e+01 -2.153760319999999950e+01 -2.153672489999999939e+01 -2.153585460000000040e+01 -2.153499240000000015e+01 -2.153413809999999984e+01 -2.153329180000000065e+01 -2.153245349999999902e+01 -2.153162329999999969e+01 -2.153080100000000030e+01 -2.152998669999999848e+01 -2.152918040000000133e+01 -2.152838210000000174e+01 -2.152759179999999972e+01 -2.152680949999999882e+01 -2.152603530000000021e+01 -2.152526900000000154e+01 -2.152451080000000161e+01 -2.152376050000000163e+01 -2.152301830000000038e+01 -2.152228420000000142e+01 -2.152155810000000002e+01 -2.152084010000000092e+01 -2.152013020000000054e+01 -2.151942830000000129e+01 -2.151873459999999838e+01
-2.315979180000000071e+01 -2.315788380000000046e+01 -2.315598710000000082e+01 -2.315410160000000062e+01 -2.315222729999999984e+01 -2.315036399999999972e+01 -2.314851189999999903e+01 -2.314667070000000137e+01 -2.314484050000000082e+01 -2.314302109999999857e+01 -2.314121259999999936e+01 -2.313941489999999845e+01 -2.313762789999999825e+01 -2.313585169999999991e+01 -2.313408599999999993e+01 -2.313233089999999947e+01 -2.313058639999999855e+01 -2.312885239999999953e+01 -2.312712880000000126e+01 -2.312541560000000018e+01 -2.312371279999999985e+01 -2.312202029999999908e+01 -2.312033810000000145e+01 -2.311866619999999983e+01 -2.311700439999999901e+01 -2.311535280000000014e+01 -2.311371129999999852e+01 -2.311207990000000123e+01 -2.311045860000000118e+01 -2.310884719999999959e+01 -2.310724589999999878e+01 -2.310565449999999998e+01 -2.310407299999999964e+01 -2.310250130000000013e+01 -2.310093960000000024e+01 -2.309938760000000002e+01 -2.309784540000000064e+01 -2.309631290000000092e+01 -2.309479019999999849e+01 -2.309327719999999928e+01 -2.309177379999999857e+01 -2.309028010000000108e+01 -2.308879590000000093e+01 -2.308732140000000044e+01 -2.308585629999999966e+01 -2.308440089999999856e+01 -2.308295490000000072e+01 -2.308151829999999904e+01 -2.308009129999999942e+01 -2.307867359999999834e+01
-2.425268159999999895e+01 -2.425146600000000063e+01 -2.425025970000000086e+01 -2.424906269999999964e+01 -2.424787500000000051e+01 -2.424669649999999876e+01 -2.424552720000000150e+01 -2.424436719999999923e+01 -2.424321640000000144e+01 -2.424207469999999986e+01 -2.424094219999999922e+01 -2.423981889999999950e+01 -2.423870480000000072e+01 -2.423759970000000052e+01 -2.423650380000000126e+01 -2.423541709999999938e+01 -2.423433939999999964e+01 -2.423327090000000084e+01 -2.423221140000000062e+01 -2.423116100000000017e+01 -2.423011969999999948e+01 -2.422908749999999856e+01 -2.422806429999999978e+01 -2.422705020000000076e+01 -2.422604520000000150e+01 -2.422504920000000084e+01 -2.422406219999999877e+01 -2.422308430000000001e+01 -2.422211550000000102e+01 -2.422115570000000062e+01 -2.422020489999999882e+01 -2.421926320000000032e+01 -2.421833050000000043e+01 -2.421740690000000029e+01 -2.421649229999999875e+01 -2.421558680000000052e+01 -2.421469039999999850e+01 -2.421380299999999863e+01 -2.421292479999999969e+01 -2.421205559999999934e+01 -2.421119559999999993e+01 -2.421034459999999910e+01 -2.420950279999999921e+01 -2.420867020000000025e+01 -2.420784670000000105e+01 -2.420703239999999923e+01 -2.420622739999999951e+01 -2.420543149999999955e+01 -2.420464490000000168e+01 -2.420386759999999882e+01
-2.587933710000000076e+01 -2.587720069999999950e+01 -2.587507709999999861e+01 -2.587296620000000047e+01 -2.587086809999999915e+01 -2.586878249999999824e+01 -2.586670949999999891e+01 -2.586464900000000000e+01 -2.586260090000000034e+01 -2.586056509999999875e+01 -2.585854169999999996e+01 -2.585653040000000047e+01 -2.585453139999999905e+01 -2.585254439999999931e+01 -2.585056949999999887e+01 -2.584860660000000010e+01 -2.584665569999999946e+01 -2.584471660000000170e+01 -2.584278940000000091e+01 -2.584087399999999946e+01 -2.583897029999999972e+01 -2.583707820000000055e+01 -2.583519779999999955e+01 -2.583332899999999910e+01 -2.583147170000000159e+01 -2.582962589999999992e+01 -2.582779160000000118e+01 -2.582596859999999950e+01 -2.582415699999999958e+01 -2.582235659999999910e+01 -2.582056760000000040e+01 -2.581878969999999995e+01 -2.581702310000000011e+01 -2.581526750000000092e+01 -2.581352310000000116e+01 -2.581178969999999850e+01 -2.581006730000000005e+01 -2.580835589999999868e+01 -2.580665550000000152e+01 -2.580496589999999912e+01 -2.580328719999999976e+01 -2.580161939999999987e+01 -2.579996230000000068e+01 -2.579831599999999980e+01 -2.579668039999999962e+01 -2.579505560000000131e+01 -2.579344130000000135e+01 -2.579183779999999970e+01 -2.579024479999999997e+01 -2.578866239999999976e+01
-2.694187120000000135e+01 -2.694052170000000146e+01 -2.693918259999999876e+01 -2.693785370000000157e+01 -2.693653520000000157e+01 -2.693522700000000114e+01 -2.693392899999999912e+01 -2.693264130000000023e+01 -2.693136379999999974e+01 -2.693009650000000121e+01 -2.692883949999999871e+01 -2.692759270000000171e+01 -2.692635609999999957e+01 -2.692512969999999939e+01 -2.692391340000000000e+01 -2.692270729999999901e+01 -2.692151139999999998e+01 -2.692032560000000174e+01 -2.691914999999999836e+01 -2.691798449999999931e+01 -2.691682919999999868e+01 -2.691568399999999883e+01 -2.691454889999999978e+01 -2.691342399999999913e+01 -2.691230919999999927e+01 -2.691120450000000019e+01 -2.691010999999999953e+01 -2.690902559999999966e+01 -2.690795130000000057e+01 -2.690688719999999989e+01 -2.690583330000000117e+01 -2.690478949999999969e+01 -2.690375579999999900e+01 -2.690273240000000143e+01 -2.690171910000000111e+01 -2.690071610000000035e+01 -2.689972320000000039e+01 -2.689874060000000000e+01 -2.689776820000000157e+01 -2.689680609999999916e+01 -2.689585429999999988e+01 -2.689491280000000017e+01 -2.689398170000000121e+01 -2.689306089999999827e+01 -2.689215049999999962e+01 -2.689125040000000055e+01 -2.689036090000000101e+01 -2.688948179999999866e+01 -2.688861320000000177e+01 -2.688775509999999969e+01
-2.859827160000000035e+01 -2.859590329999999980e+01 -2.859354929999999939e+01 -2.859120959999999911e+01 -2.858888430000000014e+01 -2.858657300000000134e+01 -2.858427590000000151e+01 -2.858199289999999948e+01 -2.857972369999999884e+01 -2.857746849999999839e+01 -2.857522709999999933e+01 -2.857299940000000049e+01 -2.857078539999999833e+01 -2.856858499999999879e+01 -2.856639810000000068e+01 -2.856422480000000164e+01 -2.856206480000000170e+01 -2.855991819999999848e+01 -2.855778480000000030e+01 -2.855566470000000123e+01 -2.855355769999999893e+01 -2.855146390000000167e+01 -2.854938310000000001e+01 -2.854731519999999989e+01 -2.854526029999999892e+01 -2.854321829999999949e+01 -2.854118899999999925e+01 -2.853917260000000056e+01 -2.853716879999999989e+01 -2.853517769999999842e+01 -2.853319919999999854e+01 -2.853123319999999907e+01 -2.852927980000000119e+01 -2.852733879999999900e+01 -2.852541009999999844e+01 -2.852349389999999829e+01 -2.852158989999999861e+01 -2.851969830000000172e+01 -2.851781880000000058e+01 -2.851595149999999990e+01 -2.851409629999999851e+01 -2.851225330000000113e+01 -2.851042220000000071e+01 -2.850860319999999959e+01 -2.850679609999999897e+01 -2.850500100000000003e+01 -2.850321770000000043e+01 -2.850144630000000134e+01 -2.849968660000000042e+01 -2.849793880000000001e+01
2.821609570000000033e+01 2.821476330000000132e+01 2.821344140000000067e+01 2.821213009999999954e+01 2.821082940000000150e+01 2.820953919999999826e+01 2.820825960000000165e+01 2.820699060000000102e+01 2.820573200000000114e+01 2.820448400000000078e+01 2.820324649999999878e+01 2.820201949999999869e+01 2.820080310000000168e+01 2.819959709999999831e+01 2.819840160000000040e+01 2.819721660000000085e+01 2.819604209999999966e+01 2.819487810000000039e+01 2.819372459999999947e+01 2.819258160000000046e+01 2.819144909999999982e+01 2.819032710000000108e+01 2.818921560000000071e+01 2.818811469999999986e+01 2.818702419999999975e+01 2.818594429999999917e+01 2.818487490000000051e+01 2.818381610000000137e+01 2.818276790000000176e+01 2.818173020000000051e+01 2.818070319999999995e+01 2.817968679999999893e+01 2.817868100000000098e+01 2.817768590000000017e+01 2.817670150000000007e+01 2.817572780000000066e+01 2.817476479999999839e+01 2.817381260000000154e+01 2.817287119999999945e+01 2.817194059999999922e+01 2.817102089999999848e+01 2.817011219999999838e+01 2.816921430000000015e+01 2.816832739999999902e+01 2.816745159999999970e+01 2.816658680000000103e+01 2.816573319999999825e+01 2.816489070000000083e+01 2.816405950000000047e+01 2.816323949999999954e+01
2.994743670000000080e+01 2.994485359999999829e+01 2.994228620000000163e+01 2.993973439999999897e+01 2.993719809999999981e+01 2.993467730000000060e+01 2.993217179999999900e+01 2.992968159999999855e+01 2.992720650000000049e+01 2.992474659999999886e+01 2.992230169999999845e+01 2.926137380000000121e+01 2.925901250000000076e+01 2.925666569999999922e+01 2.925433320000000137e+01 2.925201500000000010e+01 2.924971109999999896e+01 2.924742129999999918e+01 2.924514549999999957e+01 2.924288380000000132e+01 2.924063590000000090e+01 2.923840200000000067e+01 2.923618180000000066e+01 2.923397539999999850e+01 2.923178259999999895e+01 2.922960339999999846e+01 2.922743769999999941e+01 2.922528549999999825e+01 2.922314670000000092e+01 2.922102119999999914e+01 2.921890910000000119e+01 2.921681010000000001e+01 2.921472430000000031e+01 2.921265169999999856e+01 2.921059199999999834e+01 2.920854539999999844e+01 2.920651170000000008e+01 2.920449089999999970e+01 2.920248289999999969e+01 2.920048770000000005e+01 2.853494159999999980e+01 2.853301689999999979e+01 2.853110459999999904e+01 2.852920459999999991e+01 2.852731689999999887e+01 2.852544139999999828e+01 2.852357800000000054e+01 2.852172679999999971e+01 2.851988760000000056e+01 2.851806050000000070e+01
2.553129810000000077e+01 2.553009439999999941e+01 2.552890040000000127e+01 2.552771579999999929e+01 2.552654079999999936e+01 2.552537540000000149e+01 2.552421950000000095e+01 2.552307310000000129e+01 2.552193619999999896e+01 2.552080880000000107e+01 2.551969079999999934e+01 2.551858239999999967e+01 2.551748339999999970e+01 2.551639390000000063e+01 2.551531380000000127e+01 2.551424319999999923e+01 2.551318200000000047e+01 2.551213020000000142e+01 2.551108789999999971e+01 2.551005500000000126e+01 2.550903149999999897e+01 2.550801750000000112e+01 2.550701279999999826e+01 2.550601759999999985e+01 2.550503189999999876e+01 2.550405549999999977e+01 2.550308860000000166e+01 2.550213109999999972e+01 2.550118309999999866e+01 2.550024459999999848e+01 2.549931550000000158e+01 2.549839580000000083e+01 2.549748569999999859e+01 2.549658499999999961e+01 2.549569389999999913e+01 2.549481229999999954e+01 2.549394020000000083e+01 2.549307770000000062e+01 2.549222479999999891e+01 2.549138149999999925e+01 2.549054780000000164e+01 2.548972380000000015e+01 2.548890940000000072e+01 2.548810479999999856e+01 2.548730989999999963e+01 2.548652470000000037e+01 2.548574939999999955e+01 2.548498389999999958e+01 2.548422830000000161e+01 2.548348259999999854e+01
2.722733570000000114e+01 2.722499649999999960e+01 2.722267120000000062e+01 2.722035999999999945e+01 2.721806259999999966e+01 2.721577909999999889e+01 2.721350939999999952e+01 2.721125329999999920e+01 2.720901080000000150e+01 2.720678189999999930e+01 2.720456640000000093e+01 2.720236429999999928e+01 2.720017550000000028e+01 2.719799989999999923e+01 2.719583749999999966e+01 2.719368820000000042e+01 2.719155200000000150e+01 2.718942870000000056e+01 2.718731830000000116e+01 2.718522079999999974e+01 2.718313600000000108e+01 2.718106399999999923e+01 2.717900459999999896e+01 2.717695780000000028e+01 2.717492349999999846e+01 2.717290170000000060e+01 2.717089239999999961e+01 2.716889540000000025e+01 2.716691069999999897e+01 2.716493829999999932e+01 2.716297799999999896e+01 2.716102989999999906e+01 2.715909389999999846e+01 2.715717000000000070e+01 2.715525799999999990e+01 2.715335800000000077e+01 2.715146989999999860e+01 2.714959370000000050e+01 2.714772920000000056e+01 2.714587649999999996e+01 2.714403550000000109e+01 2.714220620000000039e+01 2.714038850000000025e+01 2.713858240000000066e+01 2.713678780000000046e+01 2.713500480000000081e+01 2.713323319999999939e+01 2.713147299999999973e+01 2.712972419999999829e+01 2.712798670000000101e+01
2.284542109999999937e+01 2.284434560000000047e+01 2.284327869999999905e+01 2.284222049999999982e+01 2.284117069999999927e+01 2.284012960000000092e+01 2.283909690000000126e+01 2.283807290000000023e+01 2.283705730000000145e+01 2.283605019999999897e+01 2.283505159999999989e+01 2.283406159999999829e+01 2.283307990000000132e+01 2.283210679999999826e+01 2.283114210000000099e+01 2.283018579999999886e+01 2.282923800000000014e+01 2.282829860000000011e+01 2.282736769999999993e+01 2.282644510000000082e+01 2.282553100000000157e+01 2.282462530000000100e+01 2.282372790000000151e+01 2.282283899999999832e+01 2.282195850000000092e+01 2.282108639999999866e+01 2.282022260000000102e+01 2.281936729999999969e+01 2.281852029999999942e+01 2.281768170000000140e+01 2.281685159999999968e+01 2.281602979999999903e+01 2.281521640000000062e+01 2.281441149999999851e+01 2.281361490000000103e+01 2.281282679999999985e+01 2.281204719999999853e+01 2.281127599999999944e+01 2.281051319999999905e+01 2.280975889999999850e+01 2.280901310000000137e+01 2.280827580000000054e+01 2.280754699999999957e+01 2.280682679999999962e+01 2.280611509999999953e+01 2.280541200000000046e+01 2.280471749999999886e+01 2.280403159999999829e+01 2.280335439999999991e+01 2.280268579999999901e+01
2.450661879999999826e+01 2.450451980000000063e+01 2.450243329999999986e+01 2.450035910000000072e+01 2.449829730000000083e+01 2.449624770000000140e+01 2.449421040000000005e+01 2.449218520000000154e+01 2.449017200000000116e+01 2.448817079999999891e+01 2.448618159999999833e+01 2.448420429999999826e+01 2.448223880000000108e+01 2.448028499999999852e+01 2.447834290000000124e+01 2.447641240000000096e+01 2.447449359999999885e+01 2.447258619999999851e+01 2.447069030000000112e+01 2.446880579999999838e+01 2.446693270000000098e+01 2.446507079999999945e+01 2.446322019999999853e+01 2.446138080000000059e+01 2.445955259999999853e+01 2.445773540000000068e+01 2.445592930000000109e+01 2.445413419999999860e+01 2.445235010000000031e+01 2.445057690000000150e+01 2.444881450000000100e+01 2.444706289999999882e+01 2.444532219999999967e+01 2.444359210000000004e+01 2.444187279999999873e+01 2.444016410000000050e+01 2.443846599999999825e+01 2.443677849999999907e+01 2.443510149999999825e+01 2.443343499999999935e+01 2.443177899999999880e+01 2.443013339999999900e+01 2.442849819999999994e+01 2.442687340000000162e+01 2.442525880000000171e+01 2.442365459999999899e+01 2.442206050000000062e+01 2.442047679999999943e+01 2.441890319999999903e+01 2.441733969999999943e+01
2.015914300000000026e+01 2.015819439999999929e+01 2.015725349999999949e+01 2.015632009999999852e+01 2.015539439999999871e+01 2.015447620000000128e+01 2.015356560000000030e+01 2.015266250000000170e+01 2.015176699999999954e+01 2.015087899999999976e+01 2.014999859999999998e+01 2.014912569999999903e+01 2.014826019999999929e+01 2.014740229999999954e+01 2.014655180000000101e+01 2.014570880000000130e+01 2.014487319999999926e+01 2.014404509999999959e+01 2.014322449999999876e+01 2.014241120000000151e+01 2.014160539999999955e+01 2.014080699999999879e+01 2.014001599999999925e+01 2.013923249999999854e+01 2.013845630000000142e+01 2.013768749999999841e+01 2.013692610000000016e+01 2.013617209999999957e+01 2.013542539999999903e+01 2.013468620000000087e+01 2.013395429999999919e+01 2.013322979999999873e+01 2.013251269999999948e+01 2.013180300000000145e+01 2.013110059999999990e+01 2.013040559999999957e+01 2.012971800000000044e+01 2.012903779999999898e+01 2.012836499999999873e+01 2.012769959999999969e+01 2.012704169999999948e+01 2.012639109999999931e+01 2.012574800000000153e+01 2.012511230000000140e+01 2.012448410000000010e+01 2.012386330000000001e+01 2.012325009999999992e+01 2.012264430000000104e+01 2.012204609999999860e+01 2.012145539999999855e+01
2.178484219999999993e+01 2.178298059999999836e+01 2.178113000000000099e+01 2.177929029999999955e+01 2.177746129999999880e+01 2.177564309999999992e+01 2.177383560000000173e+01 2.177203869999999952e+01 2.177025240000000039e+01 2.176847659999999962e+01 2.176671130000000076e+01 2.176495639999999909e+01 2.176321180000000055e+01 2.176147750000000158e+01 2.175975349999999864e+01 2.175803970000000120e+01 2.175633609999999862e+01 2.175464249999999922e+01 2.175295900000000060e+01 2.175128559999999922e+01 2.174962209999999985e+01 2.174796849999999893e+01 2.174632480000000001e+01 2.174469089999999838e+01 2.174306689999999875e+01 2.174145259999999880e+01 2.173984799999999851e+01 2.173825310000000144e+01 2.173666779999999932e+01 2.173509209999999925e+01 2.173352600000000123e+01 2.173196940000000055e+01 2.173042230000000075e+01 2.172888469999999828e+01 2.172735649999999907e+01 2.172583769999999959e+01 2.172432819999999865e+01 2.172282810000000097e+01 2.172133720000000068e+01 2.171985570000000010e+01 2.171838329999999928e+01 2.171692020000000056e+01 2.171546620000000161e+01 2.171402140000000003e+01 2.171258579999999938e+01 2.171115920000000088e+01 2.170974169999999859e+01 2.170833319999999844e+01 2.170693380000000161e+01 2.170554329999999865e+01
1.747181529999999938e+01 1.747099340000000112e+01 1.747017819999999944e+01 1.746936970000000144e+01 1.746856779999999887e+01 1.746777240000000120e+01 1.746698370000000011e+01 1.746620160000000155e+01 1.746542600000000078e+01 1.746465710000000016e+01 1.746389459999999971e+01 1.746313869999999824e+01 1.746238939999999928e+01 1.746164650000000051e+01 1.746091020000000071e+01 1.746018039999999871e+01 1.745945700000000045e+01 1.745874020000000115e+01 1.745802979999999849e+01 1.745732579999999956e+01 1.745662839999999960e+01 1.745593729999999866e+01 1.745525269999999907e+01 1.745457449999999966e+01 1.745390280000000160e+01 1.745323739999999901e+01 1.745257850000000133e+01 1.745192589999999910e+01 1.745127979999999823e+01 1.745063999999999993e+01 1.745000669999999943e+01 1.744937970000000149e+01 1.744875899999999902e+01 1.744814480000000145e+01 1.744753689999999935e+01 1.744693540000000098e+01 1.744634029999999925e+01 1.744575160000000125e+01 1.744516919999999871e+01 1.744459319999999991e+01 1.744402360000000130e+01 1.744346039999999931e+01 1.744290349999999989e+01 1.744235309999999828e+01 1.744180910000000040e+01 1.744127140000000153e+01 1.744074020000000047e+01 1.744021550000000076e+01 1.743969710000000006e+01 1.743918529999999834e+01
1.906237670000000151e+01 1.906075039999999987e+01 1.905913350000000150e+01 1.905752599999999930e+01 1.905592779999999919e+01 1.905433890000000119e+01 1.905275920000000056e+01 1.905118870000000086e+01 1.904962730000000093e+01 1.904807500000000076e+01 1.904653169999999918e+01 1.904499739999999974e+01 1.904347200000000129e+01 1.904195560000000143e+01 1.904044800000000137e+01 1.903894929999999874e+01 1.903745929999999831e+01 1.903597800000000007e+01 1.903450550000000163e+01 1.903304160000000067e+01 1.903158630000000073e+01 1.903013969999999944e+01 1.902870160000000155e+01 1.902727199999999996e+01 1.902585080000000062e+01 1.902443819999999874e+01 1.902303390000000149e+01 1.902163810000000055e+01 1.902025060000000067e+01 1.901887139999999832e+01 1.901750060000000175e+01 1.901613800000000154e+01 1.901478360000000123e+01 1.901343749999999844e+01 1.901209950000000148e+01 1.901076970000000088e+01 1.900944810000000018e+01 1.900813460000000177e+01 1.900682910000000092e+01 1.900553169999999881e+01 1.900424239999999898e+01 1.900296099999999910e+01 1.900168770000000151e+01 1.900042240000000149e+01 1.899916500000000141e+01 1.899791550000000129e+01 1.899667390000000111e+01 1.899544029999999850e+01 1.899421449999999822e+01 1.899299660000000145e+01
1.478358390000000000e+01 1.478288880000000027e+01 1.478219939999999966e+01 1.478151560000000053e+01 1.478083750000000052e+01 1.478016500000000022e+01 1.477949820000000081e+01 1.477883689999999994e+01 1.477818129999999996e+01 1.477753129999999970e+01 1.477688679999999977e+01 1.477624789999999955e+01 1.477561460000000082e+01 1.477498680000000064e+01 1.477436460000000018e+01 1.477374790000000004e+01 1.477313670000000023e+01 1.477253110000000014e+01 1.477193089999999920e+01 1.477133620000000036e+01 1.477074700000000007e+01 1.477016330000000011e+01 1.476958510000000047e+01 1.476901229999999998e+01 1.476844490000000043e+01 1.476788299999999943e+01 1.476732649999999936e+01 1.476677549999999961e+01 1.476622979999999963e+01 1.476568959999999997e+01 1.476515479999999947e+01 1.476462539999999990e+01 1.476410139999999949e+01 1.476358270000000061e+01 1.476306950000000029e+01 1.476256159999999973e+01 1.476205919999999949e+01 1.476156210000000080e+01 1.476107030000000009e+01 1.476058399999999970e+01 1.476010300000000086e+01 1.475962739999999940e+01 1.475915720000000064e+01 1.475869239999999927e+01 1.475823300000000060e+01 1.475777889999999992e+01 1.475733029999999957e+01 1.475688700000000075e+01 1.475644909999999932e+01 1.475601669999999999e+01
1.633893439999999941e+01 1.633754199999999912e+01 1.633615759999999995e+01 1.633478119999999834e+01 1.633341259999999906e+01 1.633205179999999856e+01 1.633069890000000157e+01 1.632935369999999864e+01 1.632801630000000159e+01 1.632668650000000099e+01 1.632536440000000155e+01 1.632404989999999856e+01 1.632274290000000150e+01 1.632144350000000088e+01 1.632015159999999909e+01 1.631886719999999968e+01 1.631759020000000149e+01 1.631632060000000095e+01 1.631505840000000163e+01 1.631380359999999996e+01 1.631255609999999834e+01 1.631131579999999914e+01 1.631008279999999999e+01 1.630885710000000088e+01 1.630763849999999948e+01 1.630642710000000051e+01 1.630522290000000041e+01 1.630402580000000157e+01 1.630283590000000160e+01 1.630165300000000173e+01 1.630047709999999839e+01 1.629930829999999986e+01 1.629814650000000142e+01 1.629699169999999953e+01 1.629584390000000127e+01 1.629470309999999955e+01 1.629356920000000031e+01 1.629244219999999999e+01 1.629132209999999858e+01 1.629020879999999849e+01 1.628910249999999849e+01 1.628800299999999979e+01 1.628691029999999884e+01 1.628582439999999920e+01 1.628474539999999848e+01 1.628367310000000145e+01 1.628260759999999863e+01 1.628154879999999949e+01 1.628049680000000166e+01 1.627945150000000041e+01
1.209456529999999930e+01 1.209399699999999989e+01 1.209343340000000033e+01 1.209287450000000064e+01 1.209232019999999963e+01 1.209177060000000026e+01 1.209122559999999957e+01 1.209068519999999936e+01 1.209014939999999960e+01 1.208961829999999971e+01 1.208909170000000088e+01 1.208856980000000014e+01 1.208805240000000047e+01 1.208753959999999950e+01 1.208703129999999959e+01 1.208652760000000015e+01 1.208602849999999940e+01 1.208553380000000033e+01 1.208504379999999934e+01 1.208455820000000003e+01 1.208407710000000002e+01 1.208360049999999930e+01 1.208312839999999966e+01 1.208266079999999931e+01 1.208219770000000004e+01 1.208173900000000067e+01 1.208128480000000060e+01 1.208083509999999983e+01 1.208038980000000073e+01 1.207994889999999977e+01 1.207951249999999987e+01 1.207908040000000049e+01 1.207865280000000041e+01 1.207822969999999962e+01 1.207781089999999935e+01 1.207739650000000076e+01 1.207698650000000029e+01 1.207658099999999912e+01 1.207617980000000024e+01 1.207578299999999949e+01 1.207539060000000042e+01 1.207500259999999948e+01 1.207461890000000082e+01 1.207423969999999969e+01 1.207386480000000084e+01 1.207349430000000012e+01 1.207312830000000048e+01 1.207276659999999957e+01 1.207240930000000034e+01 1.207205629999999985e+01
1.361504019999999926e+01 1.361388080000000045e+01 1.361272789999999944e+01 1.361158149999999978e+01 1.361044159999999970e+01 1.360930809999999980e+01 1.360818109999999947e+01 1.360706049999999934e+01 1.360594629999999938e+01 1.360483840000000022e+01 1.360373670000000068e+01 1.360264139999999955e+01 1.360155229999999982e+01 1.360046939999999971e+01 1.359939280000000039e+01 1.359832220000000014e+01 1.359725790000000067e+01 1.359619960000000027e+01 1.359514740000000010e+01 1.359410130000000017e+01 1.359306119999999929e+01 1.359202720000000042e+01 1.359099909999999944e+01 1.358997710000000048e+01 1.358896099999999940e+01 1.358795079999999977e+01 1.358694649999999982e+01 1.358594820000000070e+01 1.358495570000000008e+01 1.358396909999999913e+01 1.358298839999999963e+01 1.358201350000000041e+01 1.358104430000000029e+01 1.358008099999999985e+01 1.357912349999999968e+01 1.357817179999999979e+01 1.357722580000000079e+01 1.357628560000000029e+01 1.357535099999999950e+01 1.357442220000000077e+01 1.357349920000000054e+01 1.357258180000000003e+01 1.357166999999999923e+01 1.357076400000000049e+01 1.356986359999999969e+01 1.356896889999999978e+01 1.356807979999999958e+01 1.356719630000000087e+01 1.356631840000000011e+01 1.356544620000000023e+01
9.404925690000000671e+00 9.404484319999999897e+00 9.404046599999999145e+00 9.403612539999999242e+00 9.403182120000000310e+00 9.402755329999999745e+00 9.402332180000000150e+00 9.401912640000000820e+00 9.401496720000000806e+00 9.401084409999999281e+00 9.400675689999999918e+00 9.400270559999999165e+00 9.399869009999999747e+00 9.399471039999999888e+00 9.399076640000000538e+00 9.398685790000000040e+00 9.398298499999999223e+00 9.397914749999999984e+00 9.397534529999999720e+00 9.397157849999999257e+00 9.396784679999999668e+00 9.396415030000000002e+00 9.396048880000000381e+00 9.395686239999999856e+00 9.395327079999999498e+00 9.394971410000000134e+00 9.394619210000000109e+00 9.394270490000000251e+00 9.393925230000000681e+00 9.393583429999999623e+00 9.393245079999999803e+00 9.392910179999999443e+00 9.392578719999999493e+00 9.392250689999999125e+00 9.391926090000000116e+00 9.391604920000000689e+00 9.391287170000000017e+00 9.390972830000000826e+00 9.390661910000000390e+00 9.390354399999999657e+00 9.390050289999999578e+00 9.389749589999999202e+00 9.389452289999999479e+00 9.389158390000000409e+00 9.388867879999999388e+00 9.388580779999999848e+00 9.388297079999999184e+00 9.388016770000000122e+00 9.387739859999999936e+00 9.387466350000000403e+00
1.089049480000000081e+01 1.088956789999999941e+01 1.088864620000000016e+01 1.088772960000000012e+01 1.088681820000000045e+01 1.088591189999999997e+01 1.088501070000000048e+01 1.088411460000000019e+01 1.088322349999999972e+01 1.088233740000000083e+01 1.088145639999999936e+01 1.088058020000000070e+01 1.087970909999999947e+01 1.087884290000000043e+01 1.087798150000000064e+01 1.087712510000000066e+01 1.087627349999999993e+01 1.087542679999999962e+01 1.087458499999999972e+01 1.087374789999999969e+01 1.087291560000000068e+01 1.087208809999999914e+01 1.087126540000000041e+01 1.087044749999999915e+01 1.086963420000000013e+01 1.086882570000000037e+01 1.086802190000000046e+01 1.086722280000000040e+01 1.086642840000000021e+01 1.086563869999999987e+01 1.086485360000000000e+01 1.086407310000000059e+01 1.086329729999999927e+01 1.086252610000000018e+01 1.086175949999999979e+01 1.086099749999999986e+01 1.086024010000000040e+01 1.085948729999999962e+01 1.085873909999999931e+01 1.085799540000000007e+01 1.085725629999999953e+01 1.085652170000000005e+01 1.085579169999999927e+01 1.085506610000000016e+01 1.085434519999999914e+01 1.085362869999999980e+01 1.085291669999999975e+01 1.085220930000000017e+01 1.085150630000000049e+01 1.085080789999999951e+01
6.714870610000000184e+00 6.714556270000000104e+00 6.714244550000000089e+00 6.713935460000000077e+00 6.713628980000000190e+00 6.713325110000000429e+00 6.713023839999999964e+00 6.712725179999999625e+00 6.712429099999999593e+00 6.712135619999999747e+00 6.711844720000000208e+00 6.711556390000000150e+00 6.711270629999999571e+00 6.710987440000000248e+00 6.710706799999999639e+00 6.710428720000000347e+00 6.710153179999999828e+00 6.709880189999999800e+00 6.709609720000000443e+00 6.709341789999999861e+00 6.709076379999999951e+00 6.708813489999999824e+00 6.708553110000000430e+00 6.708295239999999993e+00 6.708039870000000349e+00 6.707786989999999783e+00 6.707536600000000071e+00 6.707288690000000386e+00 6.707043269999999779e+00 6.706800320000000148e+00 6.706559829999999778e+00 6.706321810000000383e+00 6.706086250000000248e+00 6.705853150000000262e+00 6.705622489999999658e+00 6.705394290000000090e+00 6.705168519999999965e+00 6.704945200000000050e+00 6.704724299999999637e+00 6.704505850000000322e+00 6.704289819999999622e+00 6.704076220000000141e+00 6.703865040000000164e+00 6.703656289999999629e+00 6.703449950000000435e+00 6.703246039999999795e+00 6.703044550000000434e+00 6.702845469999999750e+00 6.702648810000000346e+00 6.702454569999999556e+00
8.165365919999999278e+00 8.164671639999999897e+00 8.163981229999999201e+00 8.163294660000000036e+00 8.162611910000000748e+00 8.161932959999999682e+00 8.161257799999999563e+00 8.160586410000000512e+00 8.159918770000000876e+00 8.159254860000000775e+00 8.158594660000000331e+00 8.157938169999999545e+00 8.157285359999999486e+00 8.156636219999999327e+00 8.155990729999999189e+00 8.155348890000000850e+00 8.154710670000000050e+00 8.154076070000000342e+00 8.153445070000000072e+00 8.152817660000000188e+00 8.152193820000000812e+00 8.151573550000000168e+00 8.150956830000000153e+00 8.150343660000000767e+00 8.149734020000000356e+00 8.149127899999999869e+00 8.148525299999999305e+00 8.147926200000000563e+00 8.147330589999999262e+00 8.146738470000000731e+00 8.146149830000000591e+00 8.145564659999999790e+00 8.144982949999999278e+00 8.144404690000000002e+00 8.143829889999999239e+00 8.143258519999999834e+00 8.142690590000000839e+00 8.142126089999999650e+00 8.141564999999999941e+00 8.141007339999999814e+00 8.140453080000000341e+00 8.139902230000000571e+00 8.139354779999999678e+00 8.138810729999999438e+00 8.138270059999999972e+00 8.137732789999999383e+00 8.137198890000000517e+00 8.136668359999999822e+00 8.136141209999999901e+00 8.135617429999999928e+00
4.024315709999999768e+00 4.024128499999999775e+00 4.023942869999999949e+00 4.023758810000000352e+00 4.023576320000000095e+00 4.023395400000000066e+00 4.023216050000000266e+00 4.023038249999999927e+00 4.022862019999999816e+00 4.022687340000000056e+00 4.022514199999999818e+00 4.022342619999999869e+00 4.022172580000000330e+00 4.022004080000000314e+00 4.021837109999999882e+00 4.021671679999999860e+00 4.021507780000000309e+00 4.021345400000000403e+00 4.021184540000000140e+00 4.021025200000000410e+00 4.020867370000000385e+00 4.020711050000000064e+00 4.020556240000000336e+00 4.020402940000000314e+00 4.020251130000000117e+00 4.020100819999999686e+00 4.019951990000000031e+00 4.019804660000000140e+00 4.019658820000000077e+00 4.019514449999999961e+00 4.019371569999999672e+00 4.019230160000000218e+00 4.019090219999999825e+00 4.018951750000000267e+00 4.018814749999999769e+00 4.018679210000000168e+00 4.018545139999999627e+00 4.018412520000000043e+00 4.018281359999999580e+00 4.018151650000000075e+00 4.018023399999999690e+00 4.017896590000000323e+00 4.017771230000000138e+00 4.017647320000000022e+00 4.017524859999999975e+00 4.017403840000000059e+00 4.017284260000000273e+00 4.017166129999999669e+00 4.017049430000000143e+00 4.016934179999999799e+00
5.439870980000000245e+00 5.439409470000000191e+00 5.438950519999999678e+00 5.438494119999999654e+00 5.438040240000000303e+00 5.437588879999999847e+00 5.437140040000000063e+00 5.436693680000000306e+00 5.436249809999999627e+00 5.435808419999999863e+00 5.435369490000000248e+00 5.434933000000000014e+00 5.434498969999999929e+00 5.434067360000000235e+00 5.433638179999999984e+00 5.433211410000000186e+00 5.432787049999999951e+00 5.432365080000000290e+00 5.431945500000000315e+00 5.431528300000000087e+00 5.431113479999999605e+00 5.430701019999999879e+00 5.430290920000000021e+00 5.429883170000000092e+00 5.429477770000000092e+00 5.429074700000000142e+00 5.428673970000000182e+00 5.428275570000000272e+00 5.427879479999999646e+00 5.427485719999999958e+00 5.427094259999999615e+00 5.426705110000000332e+00 5.426318260000000393e+00 5.425933709999999799e+00 5.425551450000000386e+00 5.425171470000000440e+00 5.424793779999999899e+00 5.424418379999999651e+00 5.424045239999999879e+00 5.423674390000000400e+00 5.423305799999999621e+00 5.422939480000000145e+00 5.422575420000000257e+00 5.422213619999999956e+00 5.421854080000000131e+00 5.421496789999999955e+00 5.421141760000000254e+00 5.420788970000000262e+00 5.420438439999999858e+00 5.420090140000000112e+00
1.333741630000000011e+00 1.333681550000000104e+00 1.333621989999999924e+00 1.333562939999999974e+00 1.333504400000000034e+00 1.333446380000000042e+00 1.333388859999999898e+00 1.333331849999999985e+00 1.333275350000000081e+00 1.333219350000000025e+00 1.333163859999999978e+00 1.333108870000000001e+00 1.333054380000000094e+00 1.333000390000000035e+00 1.332946900000000046e+00 1.332893909999999904e+00 1.332841420000000054e+00 1.332789419999999891e+00 1.332737910000000081e+00 1.332686899999999897e+00 1.332636369999999904e+00 1.332586339999999980e+00 1.332536799999999966e+00 1.332487739999999921e+00 1.332439160000000067e+00 1.332391069999999900e+00 1.332343470000000085e+00 1.332296340000000079e+00 1.332249699999999981e+00 1.332203529999999914e+00 1.332157849999999977e+00 1.332112629999999909e+00 1.332067899999999971e+00 1.332023640000000064e+00 1.331979849999999965e+00 1.331936529999999896e+00 1.331893680000000080e+00 1.331851310000000010e+00 1.331809400000000032e+00 1.331767960000000084e+00 1.331726980000000005e+00 1.331686479999999895e+00 1.331646440000000098e+00 1.331606859999999948e+00 1.331567740000000111e+00 1.331529090000000082e+00 1.331490910000000083e+00 1.331453180000000014e+00 1.331415919999999975e+00 1.331379110000000088e+00
2.713882980000000167e+00 2.713654299999999964e+00 2.713426890000000036e+00 2.713200749999999939e+00 2.712975870000000178e+00 2.712752249999999865e+00 2.712529870000000010e+00 2.712308740000000107e+00 2.712088839999999834e+00 2.711870170000000080e+00 2.711652729999999956e+00 2.711436509999999966e+00 2.711221500000000173e+00 2.711007710000000070e+00 2.710795119999999780e+00 2.710583740000000130e+00 2.710373549999999909e+00 2.710164559999999945e+00 2.709956749999999914e+00 2.709750140000000140e+00 2.709544699999999917e+00 2.709340440000000072e+00 2.709137360000000161e+00 2.708935449999999800e+00 2.708734709999999879e+00 2.708535130000000013e+00 2.708336720000000142e+00 2.708139459999999943e+00 2.707943370000000183e+00 2.707748420000000156e+00 2.707554630000000184e+00 2.707361989999999885e+00 2.707170500000000146e+00 2.706980150000000140e+00 2.706790939999999868e+00 2.706602880000000155e+00 2.706415960000000176e+00 2.706230169999999990e+00 2.706045519999999982e+00 2.705862000000000211e+00 2.705679609999999791e+00 2.705498359999999991e+00 2.705318230000000046e+00 2.705139229999999895e+00 2.704961359999999981e+00 2.704784619999999862e+00 2.704609000000000041e+00 2.704434500000000074e+00 2.704261119999999963e+00 2.704088860000000150e+00
-1.356998369999999898e+00 -1.356931279999999962e+00 -1.356864730000000074e+00 -1.356798739999999892e+00 -1.356733289999999981e+00 -1.356668390000000057e+00 -1.356604039999999900e+00 -1.356540230000000014e+00 -1.356476969999999893e+00 -1.356414250000000044e+00 -1.356352079999999960e+00 -1.356290439999999986e+00 -1.356229340000000061e+00 -1.356168789999999902e+00 -1.356108770000000074e+00 -1.356049290000000074e+00 -1.355990349999999900e+00 -1.355931940000000058e+00 -1.355874060000000103e+00 -1.355816719999999975e+00 -1.355759909999999957e+00 -1.355703630000000048e+00 -1.355647880000000027e+00 -1.355592659999999894e+00 -1.355537959999999931e+00 -1.355483800000000016e+00 -1.355430160000000051e+00 -1.355377040000000033e+00 -1.355324449999999903e+00 -1.355272379999999943e+00 -1.355220829999999932e+00 -1.355169810000000030e+00 -1.355119299999999916e+00 -1.355069309999999971e+00 -1.355019849999999915e+00 -1.354970900000000089e+00 -1.354922460000000051e+00 -1.354874549999999900e+00 -1.354827149999999980e+00 -1.354780270000000009e+00 -1.354733900000000046e+00 -1.354688050000000032e+00 -1.354642710000000028e+00 -1.354597880000000032e+00 -1.354553569999999985e+00 -1.354509780000000108e+00 -1.354466500000000018e+00 -1.354423729999999937e+00 -1.354381480000000026e+00 -1.354339739999999903e+00
-1.166423349999999928e-02 -1.165988119999999961e-02 -1.165553100000000022e-02 -1.165118300000000072e-02 -1.164683719999999936e-02 -1.164249359999999962e-02 -1.163815229999999937e-02 -1.163381339999999993e-02 -1.162947679999999998e-02 -1.162514270000000044e-02 -1.162081099999999999e-02 -1.161648199999999916e-02 -1.161215550000000048e-02 -1.160783179999999928e-02 -1.160351079999999944e-02 -1.159919260000000056e-02 -1.159487730000000050e-02 -1.159056500000000059e-02 -1.158625580000000044e-02 -1.158194979999999964e-02 -1.157764690000000034e-02 -1.157334739999999959e-02 -1.156905129999999914e-02 -1.156475870000000031e-02 -1.156046980000000057e-02 -1.155618450000000033e-02 -1.155190300000000052e-02 -1.154762540000000073e-02 -1.154335190000000018e-02 -1.153908250000000059e-02 -1.153481729999999983e-02 -1.153055639999999923e-02 -1.152630009999999934e-02 -1.152204830000000055e-02 -1.151780120000000032e-02 -1.151355890000000000e-02 -1.150932160000000051e-02 -1.150508930000000013e-02 -1.150086229999999939e-02 -1.149664050000000041e-02 -1.149242429999999988e-02 -1.148821359999999993e-02 -1.148400859999999975e-02 -1.147980950000000028e-02 -1.147561639999999938e-02 -1.147142940000000014e-02 -1.146724870000000000e-02 -1.146307440000000032e-02 -1.145890670000000028e-02 -1.145474559999999989e-02
-4.047700210000000354e+00 -4.047505990000000331e+00 -4.047313390000000233e+00 -4.047122390000000181e+00 -4.046933000000000114e+00 -4.046745210000000093e+00 -4.046559020000000118e+00 -4.046374420000000249e+00 -4.046191420000000427e+00 -4.046009999999999884e+00 -4.045830180000000276e+00 -4.045651930000000007e+00 -4.045475259999999906e+00 -4.045300169999999973e+00 -4.045126640000000329e+00 -4.044954689999999964e+00 -4.044784309999999827e+00 -4.044615480000000041e+00 -4.044448209999999655e+00 -4.044282499999999558e+00 -4.044118339999999812e+00 -4.043955730000000415e+00 -4.043794659999999652e+00 -4.043635140000000128e+00 -4.043477150000000186e+00 -4.043320699999999768e+00 -4.043165779999999820e+00 -4.043012390000000345e+00 -4.042860529999999564e+00 -4.042710190000000203e+00 -4.042561359999999659e+00 -4.042414059999999587e+00 -4.042268270000000108e+00 -4.042123990000000333e+00 -4.041981220000000263e+00 -4.041839959999999898e+00 -4.041700200000000187e+00 -4.041561950000000181e+00 -4.041425190000000001e+00 -4.041289940000000414e+00 -4.041156179999999765e+00 -4.041023919999999769e+00 -4.040893149999999601e+00 -4.040763880000000086e+00 -4.040636100000000397e+00 -4.040509809999999646e+00 -4.040385009999999610e+00 -4.040261700000000289e+00 -4.040139879999999906e+00 -4.040019560000000176e+00
-2.737486060000000165e+00 -2.737248779999999826e+00 -2.737012770000000206e+00 -2.736778029999999973e+00 -2.736544550000000076e+00 -2.736312330000000070e+00 -2.736081369999999957e+00 -2.735851649999999857e+00 -2.735623180000000154e+00 -2.735395940000000081e+00 -2.735169930000000083e+00 -2.734945140000000219e+00 -2.734721579999999985e+00 -2.734499239999999887e+00 -2.734278100000000045e+00 -2.734058179999999894e+00 -2.733839459999999999e+00 -2.733621929999999978e+00 -2.733405610000000152e+00 -2.733190469999999817e+00 -2.732976519999999798e+00 -2.732763760000000097e+00 -2.732552179999999886e+00 -2.732341770000000114e+00 -2.732132550000000215e+00 -2.731924489999999928e+00 -2.731717610000000018e+00 -2.731511890000000164e+00 -2.731307329999999922e+00 -2.731103940000000119e+00 -2.730901709999999927e+00 -2.730700629999999851e+00 -2.730500709999999831e+00 -2.730301949999999866e+00 -2.730104330000000079e+00 -2.729907869999999903e+00 -2.729712549999999904e+00 -2.729518380000000022e+00 -2.729325349999999872e+00 -2.729133469999999839e+00 -2.728942729999999983e+00 -2.728753129999999860e+00 -2.728564669999999914e+00 -2.728377350000000146e+00 -2.728191170000000110e+00 -2.728006119999999868e+00 -2.727822209999999803e+00 -2.727639429999999976e+00 -2.727457779999999943e+00 -2.727277270000000087e+00
-6.738310959999999739e+00 -6.737989749999999667e+00 -6.737671200000000304e+00 -6.737355319999999814e+00 -6.737042080000000155e+00 -6.736731500000000317e+00 -6.736423549999999594e+00 -6.736118249999999641e+00 -6.735815569999999752e+00 -6.735515529999999806e+00 -6.735218099999999986e+00 -6.734923290000000229e+00 -6.734631089999999709e+00 -6.734341500000000202e+00 -6.734054500000000054e+00 -6.733770100000000092e+00 -6.733488290000000376e+00 -6.733209060000000079e+00 -6.732932400000000150e+00 -6.732658319999999641e+00 -6.732386810000000388e+00 -6.732117849999999848e+00 -6.731851459999999676e+00 -6.731587610000000055e+00 -6.731326310000000035e+00 -6.731067539999999738e+00 -6.730811309999999992e+00 -6.730557619999999908e+00 -6.730306439999999668e+00 -6.730057790000000040e+00 -6.729811660000000195e+00 -6.729568030000000256e+00 -6.729326910000000161e+00 -6.729088299999999911e+00 -6.728852189999999567e+00 -6.728618570000000076e+00 -6.728387439999999664e+00 -6.728158810000000045e+00 -6.727932659999999565e+00 -6.727708990000000000e+00 -6.727487810000000401e+00 -6.727269109999999941e+00 -6.727052879999999568e+00 -6.726839130000000111e+00 -6.726627859999999792e+00 -6.726419059999999561e+00 -6.726212730000000306e+00 -6.726008880000000190e+00 -6.725807510000000100e+00 -6.725608610000000098e+00
-5.463229319999999944e+00 -5.462759179999999937e+00 -5.462291610000000297e+00 -5.461826590000000259e+00 -5.461364099999999944e+00 -5.460904130000000301e+00 -5.460446680000000441e+00 -5.459991729999999599e+00 -5.459539269999999611e+00 -5.459089289999999650e+00 -5.458641779999999777e+00 -5.458196720000000113e+00 -5.457754119999999709e+00 -5.457313949999999636e+00 -5.456876209999999894e+00 -5.456440889999999655e+00 -5.456007979999999868e+00 -5.455577479999999646e+00 -5.455149369999999998e+00 -5.454723640000000096e+00 -5.454300299999999879e+00 -5.453879330000000358e+00 -5.453460719999999817e+00 -5.453044479999999972e+00 -5.452630580000000116e+00 -5.452219030000000188e+00 -5.451809820000000251e+00 -5.451402950000000303e+00 -5.450998410000000405e+00 -5.450596189999999730e+00 -5.450196290000000054e+00 -5.449798699999999663e+00 -5.449403420000000331e+00 -5.449010450000000283e+00 -5.448619779999999579e+00 -5.448231409999999997e+00 -5.447845329999999819e+00 -5.447461539999999935e+00 -5.447080030000000406e+00 -5.446700810000000281e+00 -5.446323869999999623e+00 -5.445949210000000207e+00 -5.445576820000000318e+00 -5.445206699999999955e+00 -5.444838850000000008e+00 -5.444473269999999587e+00 -5.444109939999999703e+00 -5.443748890000000173e+00 -5.443390080000000353e+00 -5.443033540000000059e+00
-9.428567770000000792e+00 -9.428119690000000830e+00 -9.427675309999999698e+00 -9.427234609999999293e+00 -9.426797600000000443e+00 -9.426364259999999717e+00 -9.425934599999999719e+00 -9.425508589999999742e+00 -9.425086240000000615e+00 -9.424667530000000681e+00 -9.424252470000000770e+00 -9.423841039999999225e+00 -9.423433230000000549e+00 -9.423029039999999412e+00 -9.422628460000000317e+00 -9.422231480000000658e+00 -9.421838100000000438e+00 -9.421448299999999776e+00 -9.421062089999999500e+00 -9.420679449999999733e+00 -9.420300380000000473e+00 -9.419924860000000066e+00 -9.419552899999999340e+00 -9.419184489999999244e+00 -9.418819609999999898e+00 -9.418458270000000354e+00 -9.418100450000000734e+00 -9.417746149999999261e+00 -9.417395369999999488e+00 -9.417048089999999760e+00 -9.416704319999999129e+00 -9.416364039999999491e+00 -9.416027259999999899e+00 -9.415693960000000473e+00 -9.415364150000000265e+00 -9.415037820000000224e+00 -9.414714959999999522e+00 -9.414395569999999935e+00 -9.414079649999999688e+00 -9.413767189999999729e+00 -9.413458200000000886e+00 -9.413152670000000555e+00 -9.412850600000000512e+00 -9.412551990000000757e+00 -9.412256839999999514e+00 -9.411965139999999508e+00 -9.411676910000000618e+00 -9.411392129999999412e+00 -9.411110819999999322e+00 -9.410832969999999520e+00
-8.188877359999999328e+00 -8.188174390000000358e+00 -8.187475290000000072e+00 -8.186780040000000369e+00 -8.186088619999999594e+00 -8.185401000000000593e+00 -8.184717179999999814e+00 -8.184037130000000104e+00 -8.183360840000000636e+00 -8.182688289999999753e+00 -8.182019459999999356e+00 -8.181354340000000391e+00 -8.180692909999999429e+00 -8.180035159999999195e+00 -8.179381060000000758e+00 -8.178730619999999618e+00 -8.178083810000000398e+00 -8.177440620000000493e+00 -8.176801049999999904e+00 -8.176165060000000651e+00 -8.175532670000000834e+00 -8.174903840000000699e+00 -8.174278579999999295e+00 -8.173656870000000296e+00 -8.173038690000000273e+00 -8.172424060000000878e+00 -8.171812940000000580e+00 -8.171205329999999378e+00 -8.170601230000000825e+00 -8.170000619999999714e+00 -8.169403510000000423e+00 -8.168809870000000473e+00 -8.168219699999999861e+00 -8.167632989999999538e+00 -8.167049750000000330e+00 -8.166469949999999756e+00 -8.165893600000000419e+00 -8.165320689999999715e+00 -8.164751210000000370e+00 -8.164185160000000607e+00 -8.163622529999999600e+00 -8.163063310000000072e+00 -8.162507509999999300e+00 -8.161955109999999181e+00 -8.161406120000000541e+00 -8.160860519999999951e+00 -8.160318320000000014e+00 -8.159779500000000851e+00 -8.159244069999999738e+00 -8.158712019999999399e+00
-1.211853239999999943e+01 -1.211795769999999983e+01 -1.211738770000000009e+01 -1.211682230000000082e+01 -1.211626170000000080e+01 -1.211570580000000064e+01 -1.211515460000000033e+01 -1.211460800000000049e+01 -1.211406610000000050e+01 -1.211352879999999921e+01 -1.211299619999999955e+01 -1.211246829999999974e+01 -1.211194489999999924e+01 -1.211142620000000036e+01 -1.211091210000000018e+01 -1.211040260000000046e+01 -1.210989760000000004e+01 -1.210939729999999948e+01 -1.210890159999999938e+01 -1.210841040000000035e+01 -1.210792370000000062e+01 -1.210744159999999958e+01 -1.210696410000000078e+01 -1.210649109999999951e+01 -1.210602259999999930e+01 -1.210555869999999956e+01 -1.210509919999999973e+01 -1.210464430000000036e+01 -1.210419390000000028e+01 -1.210374790000000012e+01 -1.210330650000000041e+01 -1.210286950000000061e+01 -1.210243709999999950e+01 -1.210200900000000068e+01 -1.210158550000000055e+01 -1.210116640000000032e+01 -1.210075179999999939e+01 -1.210034169999999953e+01 -1.209993599999999958e+01 -1.209953469999999953e+01 -1.209913799999999995e+01 -1.209874560000000088e+01 -1.209835780000000049e+01 -1.209797430000000062e+01 -1.209759539999999944e+01 -1.209722089999999994e+01 -1.209685080000000035e+01 -1.209648520000000005e+01 -1.209612410000000082e+01 -1.209576749999999912e+01
-1.091417709999999985e+01 -1.091324140000000043e+01 -1.091231100000000076e+01 -1.091138570000000030e+01 -1.091046560000000021e+01 -1.090955059999999932e+01 -1.090864069999999941e+01 -1.090773590000000048e+01 -1.090683620000000076e+01 -1.090594139999999967e+01 -1.090505169999999957e+01 -1.090416689999999988e+01 -1.090328710000000001e+01 -1.090241220000000055e+01 -1.090154229999999913e+01 -1.090067720000000051e+01 -1.089981709999999993e+01 -1.089896169999999920e+01 -1.089811130000000006e+01 -1.089726560000000077e+01 -1.089642480000000013e+01 -1.089558869999999935e+01 -1.089475750000000076e+01 -1.089393100000000025e+01 -1.089310919999999960e+01 -1.089229219999999998e+01 -1.089147980000000082e+01 -1.089067219999999914e+01 -1.088986930000000086e+01 -1.088907110000000067e+01 -1.088827749999999916e+01 -1.088748849999999990e+01 -1.088670429999999989e+01 -1.088592459999999917e+01 -1.088514960000000009e+01 -1.088437919999999970e+01 -1.088361339999999977e+01 -1.088285209999999914e+01 -1.088209550000000014e+01 -1.088134340000000044e+01 -1.088059589999999943e+01 -1.087985300000000066e+01 -1.087911459999999941e+01 -1.087838080000000041e+01 -1.087765150000000069e+01 -1.087692670000000028e+01 -1.087620639999999916e+01 -1.087549070000000029e+01 -1.087477950000000071e+01 -1.087407269999999926e+01
-1.480797150000000073e+01 -1.480727030000000077e+01 -1.480657479999999993e+01 -1.480588509999999935e+01 -1.480520100000000028e+01 -1.480452260000000031e+01 -1.480384989999999945e+01 -1.480318280000000009e+01 -1.480252149999999922e+01 -1.480186570000000046e+01 -1.480121560000000080e+01 -1.480057110000000087e+01 -1.479993230000000004e+01 -1.479929899999999954e+01 -1.479867139999999992e+01 -1.479804930000000063e+01 -1.479743279999999928e+01 -1.479682189999999942e+01 -1.479621649999999988e+01 -1.479561670000000007e+01 -1.479502240000000057e+01 -1.479443370000000080e+01 -1.479385049999999957e+01 -1.479327280000000044e+01 -1.479270059999999987e+01 -1.479213389999999961e+01 -1.479157280000000085e+01 -1.479101709999999947e+01 -1.479046690000000019e+01 -1.478992219999999946e+01 -1.478938289999999967e+01 -1.478884919999999958e+01 -1.478832090000000044e+01 -1.478779800000000044e+01 -1.478728070000000017e+01 -1.478676869999999965e+01 -1.478626230000000064e+01 -1.478576130000000077e+01 -1.478526570000000007e+01 -1.478477559999999968e+01 -1.478429099999999963e+01 -1.478381180000000050e+01 -1.478333809999999993e+01 -1.478286989999999967e+01 -1.478240710000000036e+01 -1.478194979999999958e+01 -1.478149799999999914e+01 -1.478105170000000079e+01 -1.478061089999999922e+01 -1.478017550000000035e+01
-1.363914540000000031e+01 -1.363797699999999935e+01 -1.363681509999999975e+01 -1.363565969999999972e+01 -1.363451090000000043e+01 -1.363336849999999956e+01 -1.363223250000000064e+01 -1.363110299999999953e+01 -1.362997979999999920e+01 -1.362886300000000084e+01 -1.362775249999999971e+01 -1.362664829999999938e+01 -1.362555030000000045e+01 -1.362445860000000053e+01 -1.362337310000000024e+01 -1.362229370000000017e+01 -1.362122049999999973e+01 -1.362015339999999952e+01 -1.361909239999999954e+01 -1.361803749999999980e+01 -1.361698870000000028e+01 -1.361594589999999982e+01 -1.361490910000000021e+01 -1.361387829999999965e+01 -1.361285340000000055e+01 -1.361183450000000050e+01 -1.361082159999999952e+01 -1.360981459999999998e+01 -1.360881340000000073e+01 -1.360781809999999936e+01 -1.360682869999999944e+01 -1.360584519999999920e+01 -1.360486749999999923e+01 -1.360389559999999953e+01 -1.360292940000000073e+01 -1.360196909999999981e+01 -1.360101459999999918e+01 -1.360006579999999943e+01 -1.359912270000000056e+01 -1.359818540000000020e+01 -1.359725380000000072e+01 -1.359632790000000035e+01 -1.359540770000000087e+01 -1.359449320000000050e+01 -1.359358439999999923e+01 -1.359268119999999946e+01 -1.359178370000000058e+01 -1.359089179999999963e+01 -1.359000559999999957e+01 -1.358912489999999984e+01
-1.749670469999999867e+01 -1.749587719999999891e+01 -1.749505639999999929e+01 -1.749424229999999980e+01 -1.749343479999999929e+01 -1.749263410000000007e+01 -1.749183999999999983e+01 -1.749105249999999856e+01 -1.749027170000000098e+01 -1.748949759999999998e+01 -1.748873000000000033e+01 -1.748796899999999965e+01 -1.748721469999999911e+01 -1.748646689999999992e+01 -1.748572569999999970e+01 -1.748499100000000084e+01 -1.748426290000000094e+01 -1.748354140000000001e+01 -1.748282640000000043e+01 -1.748211789999999866e+01 -1.748141599999999940e+01 -1.748072060000000150e+01 -1.748003160000000022e+01 -1.747934920000000147e+01 -1.747867330000000052e+01 -1.747800390000000093e+01 -1.747734090000000151e+01 -1.747668439999999990e+01 -1.747603450000000080e+01 -1.747539090000000073e+01 -1.747475389999999962e+01 -1.747412329999999869e+01 -1.747349919999999912e+01 -1.747288149999999973e+01 -1.747227030000000170e+01 -1.747166560000000146e+01 -1.747106730000000141e+01 -1.747047549999999916e+01 -1.746989019999999826e+01 -1.746931139999999871e+01 -1.746873899999999935e+01 -1.746817310000000134e+01 -1.746761379999999875e+01 -1.746706089999999989e+01 -1.746651449999999883e+01 -1.746597470000000030e+01 -1.746544139999999956e+01 -1.746491460000000018e+01 -1.746439439999999976e+01 -1.746388070000000070e+01
-1.636365639999999999e+01 -1.636225470000000115e+01 -1.636086089999999871e+01 -1.635947510000000094e+01 -1.635809719999999956e+01 -1.635672720000000169e+01 -1.635536490000000143e+01 -1.635401050000000112e+01 -1.635266379999999842e+01 -1.635132480000000044e+01 -1.634999339999999890e+01 -1.634866969999999853e+01 -1.634735360000000171e+01 -1.634604500000000016e+01 -1.634474390000000099e+01 -1.634345039999999827e+01 -1.634216430000000031e+01 -1.634088560000000001e+01 -1.633961430000000092e+01 -1.633835039999999950e+01 -1.633709380000000166e+01 -1.633584450000000032e+01 -1.633460249999999903e+01 -1.633336770000000016e+01 -1.633214020000000133e+01 -1.633091990000000138e+01 -1.632970669999999913e+01 -1.632850069999999931e+01 -1.632730180000000075e+01 -1.632610999999999990e+01 -1.632492530000000031e+01 -1.632374760000000080e+01 -1.632257699999999900e+01 -1.632141340000000085e+01 -1.632025679999999923e+01 -1.631910720000000126e+01 -1.631796449999999865e+01 -1.631682879999999969e+01 -1.631569999999999965e+01 -1.631457800000000091e+01 -1.631346299999999871e+01 -1.631235480000000138e+01 -1.631125349999999941e+01 -1.631015909999999991e+01 -1.630907140000000055e+01 -1.630799049999999895e+01 -1.630691649999999981e+01 -1.630584920000000082e+01 -1.630478869999999958e+01 -1.630373489999999848e+01
-2.018450100000000091e+01 -2.018354730000000075e+01 -2.018260120000000057e+01 -2.018166289999999918e+01 -2.018073220000000134e+01 -2.017980920000000111e+01 -2.017889380000000088e+01 -2.017798600000000064e+01 -2.017708590000000157e+01 -2.017619330000000133e+01 -2.017530839999999870e+01 -2.017443109999999962e+01 -2.017356129999999936e+01 -2.017269909999999911e+01 -2.017184449999999885e+01 -2.017099740000000097e+01 -2.017015789999999953e+01 -2.016932590000000047e+01 -2.016850140000000025e+01 -2.016768450000000001e+01 -2.016687509999999861e+01 -2.016607319999999959e+01 -2.016527879999999939e+01 -2.016449190000000158e+01 -2.016371249999999904e+01 -2.016294059999999888e+01 -2.016217620000000110e+01 -2.016141929999999860e+01 -2.016066980000000086e+01 -2.015992789999999957e+01 -2.015919350000000065e+01 -2.015846649999999940e+01 -2.015774710000000169e+01 -2.015703510000000165e+01 -2.015633070000000160e+01 -2.015563380000000038e+01 -2.015494430000000037e+01 -2.015426250000000152e+01 -2.015358810000000034e+01 -2.015292129999999915e+01 -2.015226200000000034e+01 -2.015161039999999915e+01 -2.015096619999999916e+01 -2.015032970000000034e+01 -2.014970080000000152e+01 -2.014907960000000031e+01 -2.014846590000000148e+01 -2.014786000000000143e+01 -2.014726170000000138e+01 -2.014667120000000011e+01
-1.908768099999999990e+01 -1.908604509999999976e+01 -1.908441850000000173e+01 -1.908280140000000102e+01 -1.908119359999999887e+01 -1.907959509999999881e+01 -1.907800579999999968e+01 -1.907642579999999910e+01 -1.907485480000000067e+01 -1.907329299999999961e+01 -1.907174029999999831e+01 -1.907019650000000155e+01 -1.906866180000000099e+01 -1.906713590000000025e+01 -1.906561900000000165e+01 -1.906411080000000169e+01 -1.906261149999999915e+01 -1.906112099999999998e+01 -1.905963909999999828e+01 -1.905816599999999994e+01 -1.905670149999999907e+01 -1.905524559999999923e+01 -1.905379830000000041e+01 -1.905235950000000145e+01 -1.905092919999999879e+01 -1.904950739999999954e+01 -1.904809410000000014e+01 -1.904668909999999826e+01 -1.904529259999999979e+01 -1.904390439999999884e+01 -1.904252449999999897e+01 -1.904115290000000016e+01 -1.903978959999999887e+01 -1.903843450000000104e+01 -1.903708770000000072e+01 -1.903574899999999914e+01 -1.903441850000000102e+01 -1.903309610000000163e+01 -1.903178180000000097e+01 -1.903047570000000022e+01 -1.902917749999999941e+01 -1.902788749999999851e+01 -1.902660540000000111e+01 -1.902533139999999889e+01 -1.902406530000000018e+01 -1.902280719999999903e+01 -1.902155709999999900e+01 -1.902031480000000130e+01 -1.901908050000000117e+01 -1.901785399999999981e+01
-2.287090170000000100e+01 -2.286982160000000164e+01 -2.286875009999999975e+01 -2.286768740000000122e+01 -2.286663330000000016e+01 -2.286558780000000013e+01 -2.286455099999999874e+01 -2.286352279999999837e+01 -2.286250330000000019e+01 -2.286149229999999832e+01 -2.286048999999999864e+01 -2.285949629999999999e+01 -2.285851110000000119e+01 -2.285753460000000103e+01 -2.285656660000000073e+01 -2.285560720000000146e+01 -2.285465639999999965e+01 -2.285371410000000125e+01 -2.285278040000000033e+01 -2.285185519999999926e+01 -2.285093859999999921e+01 -2.285003060000000019e+01 -2.284913110000000103e+01 -2.284824010000000172e+01 -2.284735780000000105e+01 -2.284648389999999907e+01 -2.284561869999999928e+01 -2.284476190000000173e+01 -2.284391379999999927e+01 -2.284307420000000022e+01 -2.284224329999999981e+01 -2.284142089999999925e+01 -2.284060709999999972e+01 -2.283980190000000121e+01 -2.283900530000000018e+01 -2.283821740000000133e+01 -2.283743809999999996e+01 -2.283666750000000079e+01 -2.283590560000000025e+01 -2.283515239999999835e+01 -2.283440789999999865e+01 -2.283367219999999875e+01 -2.283294520000000105e+01 -2.283222699999999961e+01 -2.283151769999999914e+01 -2.283081719999999848e+01 -2.283012550000000118e+01 -2.282944279999999893e+01 -2.282876909999999882e+01 -2.282810429999999968e+01
-2.181112690000000143e+01 -2.180925510000000145e+01 -2.180739429999999857e+01 -2.180554430000000110e+01 -2.180370519999999956e+01 -2.180187689999999989e+01 -2.180005930000000092e+01 -2.179825239999999908e+01 -2.179645610000000033e+01 -2.179467029999999994e+01 -2.179289500000000146e+01 -2.179113020000000134e+01 -2.178937570000000079e+01 -2.178763160000000099e+01 -2.178589780000000076e+01 -2.178417419999999893e+01 -2.178246079999999907e+01 -2.178075749999999999e+01 -2.177906439999999932e+01 -2.177738129999999828e+01 -2.177570809999999923e+01 -2.177404500000000098e+01 -2.177239170000000001e+01 -2.177074839999999867e+01 -2.176911480000000054e+01 -2.176749110000000087e+01 -2.176587710000000087e+01 -2.176427280000000053e+01 -2.176267819999999986e+01 -2.176109320000000125e+01 -2.175951780000000113e+01 -2.175795199999999952e+01 -2.175639569999999878e+01 -2.175484889999999893e+01 -2.175331159999999997e+01 -2.175178370000000072e+01 -2.175026510000000002e+01 -2.174875600000000020e+01 -2.174725610000000131e+01 -2.174576559999999859e+01 -2.174428440000000151e+01 -2.174281230000000065e+01 -2.174134949999999833e+01 -2.173989590000000049e+01 -2.173845150000000004e+01 -2.173701610000000173e+01 -2.173558990000000080e+01 -2.173417279999999963e+01 -2.173276470000000060e+01 -2.173136560000000017e+01
-2.555616150000000175e+01 -2.555495499999999964e+01 -2.555375809999999959e+01 -2.555257100000000037e+01 -2.555139360000000082e+01 -2.555022579999999977e+01 -2.554906779999999955e+01 -2.554791940000000139e+01 -2.554678069999999934e+01 -2.554565170000000052e+01 -2.554453230000000019e+01 -2.554342259999999953e+01 -2.554232250000000093e+01 -2.554123209999999844e+01 -2.554015130000000156e+01 -2.553908020000000079e+01 -2.553801869999999852e+01 -2.553696679999999830e+01 -2.553592460000000131e+01 -2.553489210000000043e+01 -2.553386920000000160e+01 -2.553285590000000127e+01 -2.553185230000000061e+01 -2.553085839999999962e+01 -2.552987419999999830e+01 -2.552889959999999903e+01 -2.552793480000000059e+01 -2.552697969999999827e+01 -2.552603429999999918e+01 -2.552509859999999975e+01 -2.552417270000000116e+01 -2.552325649999999868e+01 -2.552235020000000176e+01 -2.552145360000000096e+01 -2.552056689999999861e+01 -2.551969009999999827e+01 -2.551882309999999876e+01 -2.551796609999999887e+01 -2.551711900000000099e+01 -2.551628180000000157e+01 -2.551545469999999938e+01 -2.551463760000000036e+01 -2.551383059999999858e+01 -2.551303359999999998e+01 -2.551224690000000095e+01 -2.551147029999999916e+01 -2.551070400000000049e+01 -2.550994790000000023e+01 -2.550920220000000072e+01 -2.550846689999999839e+01
-2.453369719999999887e+01 -2.453158750000000055e+01 -2.452949029999999908e+01 -2.452740560000000158e+01 -2.452533319999999861e+01 -2.452327319999999844e+01 -2.452122539999999873e+01 -2.451918969999999831e+01 -2.451716619999999835e+01 -2.451515470000000008e+01 -2.451315519999999992e+01 -2.451116770000000145e+01 -2.450919190000000114e+01 -2.450722800000000134e+01 -2.450527579999999972e+01 -2.450333529999999982e+01 -2.450140640000000047e+01 -2.449948910000000168e+01 -2.449758320000000111e+01 -2.449568879999999993e+01 -2.449380590000000169e+01 -2.449193419999999932e+01 -2.449007389999999873e+01 -2.448822480000000112e+01 -2.448638679999999823e+01 -2.448456009999999949e+01 -2.448274440000000141e+01 -2.448093970000000041e+01 -2.447914610000000124e+01 -2.447736340000000155e+01 -2.447559160000000134e+01 -2.447383070000000060e+01 -2.447208060000000174e+01 -2.447034130000000118e+01 -2.446861270000000133e+01 -2.446689479999999861e+01 -2.446518749999999898e+01 -2.446349090000000004e+01 -2.446180479999999946e+01 -2.446012929999999841e+01 -2.445846429999999927e+01 -2.445680979999999849e+01 -2.445516569999999845e+01 -2.445353199999999916e+01 -2.445190859999999944e+01 -2.445029560000000046e+01 -2.444869279999999989e+01 -2.444710029999999890e+01 -2.444551810000000103e+01 -2.444394600000000040e+01
-2.824017489999999952e+01 -2.823884220000000056e+01 -2.823752019999999874e+01 -2.823620909999999995e+01 -2.823490879999999947e+01 -2.823361919999999969e+01 -2.823234049999999939e+01 -2.823107249999999979e+01 -2.822981539999999967e+01 -2.822856900000000024e+01 -2.822733339999999913e+01 -2.822610859999999988e+01 -2.822489450000000133e+01 -2.822369129999999871e+01 -2.822249890000000150e+01 -2.822131720000000144e+01 -2.822014640000000085e+01 -2.821898630000000097e+01 -2.821783710000000056e+01 -2.821669879999999964e+01 -2.821557119999999941e+01 -2.821445459999999983e+01 -2.821334879999999856e+01 -2.821225390000000033e+01 -2.821116980000000041e+01 -2.821009679999999875e+01 -2.820903459999999896e+01 -2.820798350000000099e+01 -2.820694329999999894e+01 -2.820591410000000110e+01 -2.820489600000000152e+01 -2.820388900000000021e+01 -2.820289299999999955e+01 -2.820190829999999949e+01 -2.820093460000000007e+01 -2.819997220000000127e+01 -2.819902109999999951e+01 -2.819808120000000073e+01 -2.819715270000000018e+01 -2.819623550000000023e+01 -2.819532979999999966e+01 -2.819443559999999849e+01 -2.819355279999999908e+01 -2.819268170000000140e+01 -2.819182220000000072e+01 -2.819097440000000176e+01 -2.819013839999999860e+01 -2.818931419999999832e+01 -2.818850180000000094e+01 -2.818770149999999930e+01
-2.725556690000000160e+01 -2.725321609999999950e+01 -2.725087939999999875e+01 -2.724855679999999936e+01 -2.724624809999999897e+01 -2.724395330000000115e+01 -2.724167230000000117e+01 -2.723940509999999904e+01 -2.723715160000000068e+01 -2.723491160000000022e+01 -2.723268510000000120e+01 -2.723047210000000007e+01 -2.722827249999999921e+01 -2.722608620000000101e+01 -2.722391310000000075e+01 -2.722175310000000081e+01 -2.721960629999999881e+01 -2.721747249999999951e+01 -2.721535160000000175e+01 -2.721324369999999959e+01 -2.721114860000000135e+01 -2.720906629999999993e+01 -2.720699670000000125e+01 -2.720493979999999823e+01 -2.720289539999999917e+01 -2.720086360000000170e+01 -2.719884430000000108e+01 -2.719683739999999972e+01 -2.719484290000000115e+01 -2.719286070000000066e+01 -2.719089070000000063e+01 -2.718893299999999869e+01 -2.718698739999999958e+01 -2.718505389999999977e+01 -2.718313249999999925e+01 -2.718122310000000041e+01 -2.717932559999999853e+01 -2.717744009999999832e+01 -2.717556640000000101e+01 -2.717370460000000065e+01 -2.717185449999999847e+01 -2.717001610000000156e+01 -2.716818950000000044e+01 -2.716637439999999870e+01 -2.716457099999999869e+01 -2.716277910000000162e+01 -2.716099880000000155e+01 -2.715922989999999970e+01 -2.715747250000000079e+01 -2.715572650000000010e+01
