2.627773129999999924e+01 2.654491420000000090e+01 2.681210439999999906e+01 2.707930220000000077e+01 2.734650810000000121e+01 2.761372259999999912e+01 2.788094609999999918e+01 2.814817910000000012e+01 2.841542210000000068e+01 2.868267549999999844e+01 2.894993970000000161e+01 2.921721529999999944e+01 2.948450270000000017e+01 2.975180230000000137e+01 3.001911460000000176e+01 3.028644010000000009e+01 3.055377920000000103e+01 3.082113239999999976e+01 3.108850010000000097e+01 3.135588290000000100e+01 3.162328109999999981e+01 3.189069519999999969e+01 3.215812580000000054e+01 3.242557320000000232e+01 3.269303800000000138e+01 3.296052050000000122e+01 3.322802140000000293e+01 3.349554100000000290e+01 3.376307979999999986e+01 3.403063829999999967e+01 3.426162500000000222e+01 3.452919059999999973e+01 3.479677749999999747e+01 3.506438589999999778e+01 3.533201660000000288e+01 3.559966980000000092e+01 3.586734630000000124e+01 3.613504629999999906e+01 3.640277050000000258e+01 3.667051930000000226e+01 3.693829319999999683e+01 3.720609280000000041e+01 3.747391859999999753e+01 3.774177099999999996e+01 3.800965070000000168e+01 3.827755810000000025e+01 3.854549370000000152e+01 3.881345819999999947e+01 3.908145189999999758e+01 3.934947559999999811e+01
5.702473610000000193e+00 5.970532750000000277e+00 6.238557430000000181e+00 6.506548340000000152e+00 6.774506170000000438e+00 7.042431599999999570e+00 7.310325299999999693e+00 7.578187950000000228e+00 7.846020209999999828e+00 8.113822759999999690e+00 8.381596229999999537e+00 8.649341279999999799e+00 8.917058570000000017e+00 9.184748719999999977e+00 9.452412380000000169e+00 9.720050179999999429e+00 9.987662750000000145e+00 1.025525069999999950e+01 1.052281460000000024e+01 1.079035520000000048e+01 1.105787300000000073e+01 1.132536859999999912e+01 1.159284270000000028e+01 1.186029579999999939e+01 1.212772849999999991e+01 1.239514130000000058e+01 1.266253500000000010e+01 1.292991010000000074e+01 1.319726700000000008e+01 1.346460650000000037e+01 1.373192910000000033e+01 1.399923519999999932e+01 1.426652559999999959e+01 1.453380079999999985e+01 1.480106119999999947e+01 1.506830749999999952e+01 1.533554020000000051e+01 1.560275979999999940e+01 1.586996689999999965e+01 1.613716200000000001e+01 1.640434559999999919e+01 1.667151829999999890e+01 1.693868069999999904e+01 1.720583309999999955e+01 1.747297620000000151e+01 1.774011039999999895e+01 1.800723629999999886e+01 1.827435440000000000e+01 1.854146509999999992e+01 1.880856909999999971e+01
2.609742400000000018e+01 2.636447319999999905e+01 2.663152970000000153e+01 2.689859399999999923e+01 2.716566660000000155e+01 2.743274780000000135e+01 2.769983810000000091e+01 2.796693810000000013e+01 2.823404800000000137e+01 2.850116849999999857e+01 2.876829989999999881e+01 2.903544270000000083e+01 2.930259729999999863e+01 2.956976420000000161e+01 2.983694380000000024e+01 3.010413670000000153e+01 3.037134310000000070e+01 3.063856369999999885e+01 3.090579879999999946e+01 3.117304890000000128e+01 3.144031439999999833e+01 3.170759580000000000e+01 3.197489360000000147e+01 3.224220809999999915e+01 3.250954000000000121e+01 3.277688950000000290e+01 3.304425719999999700e+01 3.331164359999999647e+01 3.357904909999999887e+01 3.384647410000000178e+01 3.411391909999999683e+01 3.438138459999999696e+01 3.464887110000000092e+01 3.491637899999999917e+01 3.518390879999999754e+01 3.545146090000000072e+01 3.571903590000000150e+01 3.598663429999999863e+01 3.625425640000000271e+01 3.652190279999999944e+01 3.678957400000000177e+01 3.705727050000000133e+01 3.732499270000000280e+01 3.759274119999999897e+01 3.786051640000000162e+01 3.812831899999999763e+01 3.839614920000000353e+01 3.866400780000000026e+01 3.893189509999999842e+01 3.919981179999999910e+01
5.521584279999999900e+00 5.789493629999999946e+00 6.057368999999999559e+00 6.325211089999999814e+00 6.593020560000000252e+00 6.860798100000000233e+00 7.128544380000000125e+00 7.396260060000000358e+00 7.663945789999999647e+00 7.931602240000000137e+00 8.199230059999999654e+00 8.466829880000000585e+00 8.734402340000000819e+00 9.001948090000000846e+00 9.269467739999999623e+00 9.536961930000000365e+00 9.804431270000000254e+00 1.007187640000000073e+01 1.033929790000000004e+01 1.060669629999999941e+01 1.087407239999999931e+01 1.114142660000000085e+01 1.140875959999999978e+01 1.167607199999999956e+01 1.194336430000000071e+01 1.221063720000000075e+01 1.247789110000000079e+01 1.274512670000000014e+01 1.301234460000000048e+01 1.327954530000000055e+01 1.354672930000000086e+01 1.381389730000000071e+01 1.408104969999999945e+01 1.434818719999999992e+01 1.461531019999999970e+01 1.488241939999999985e+01 1.514951519999999974e+01 1.541659819999999925e+01 1.568366890000000069e+01 1.595072790000000040e+01 1.621777570000000068e+01 1.648481269999999910e+01 1.675183960000000027e+01 1.701885689999999940e+01 1.728586500000000115e+01 1.755286440000000070e+01 1.781985570000000152e+01 1.808683949999999996e+01 1.835381609999999952e+01 1.862078610000000012e+01
2.593287129999999863e+01 2.619979920000000106e+01 2.646673450000000116e+01 2.673367770000000121e+01 2.700062919999999878e+01 2.726758960000000087e+01 2.753455920000000035e+01 2.780153839999999832e+01 2.806852779999999825e+01 2.833552780000000126e+01 2.860253880000000137e+01 2.886956130000000087e+01 2.913659559999999971e+01 2.940364239999999896e+01 2.967070190000000096e+01 2.993777469999999852e+01 3.020486119999999985e+01 3.047196179999999899e+01 3.073907700000000176e+01 3.100620719999999864e+01 3.127335289999999901e+01 3.154051450000000045e+01 3.180769250000000170e+01 3.207488730000000032e+01 3.234209940000000216e+01 3.260932909999999652e+01 3.287657709999999867e+01 3.314384359999999674e+01 3.341112919999999775e+01 3.367843429999999927e+01 3.394575940000000003e+01 3.421310489999999760e+01 3.448047129999999783e+01 3.474785899999999828e+01 3.501526859999999886e+01 3.528270040000000307e+01 3.555015490000000256e+01 3.581763260000000315e+01 3.608513399999999649e+01 3.635265950000000146e+01 3.662020960000000258e+01 3.688778479999999860e+01 3.715538560000000246e+01 3.742301239999999751e+01 3.769066569999999672e+01 3.795834599999999881e+01 3.822605389999999659e+01 3.849378980000000183e+01 3.876155419999999907e+01 3.902934750000000008e+01
5.358653870000000374e+00 5.626429670000000272e+00 5.894171919999999787e+00 6.161881300000000117e+00 6.429558479999999854e+00 6.697204140000000194e+00 6.964818939999999792e+00 7.232403530000000025e+00 7.499958570000000435e+00 7.767484699999999798e+00 8.034982570000000379e+00 8.302452799999999300e+00 8.569896050000000542e+00 8.837312920000000460e+00 9.104704050000000493e+00 9.372070049999999597e+00 9.639411530000000283e+00 9.906729099999999733e+00 1.017402339999999938e+01 1.044129490000000082e+01 1.070854439999999919e+01 1.097577229999999915e+01 1.124297930000000001e+01 1.151016599999999990e+01 1.177733279999999993e+01 1.204448050000000059e+01 1.231160949999999943e+01 1.257872049999999930e+01 1.284581400000000073e+01 1.311289050000000067e+01 1.337995070000000020e+01 1.364699500000000043e+01 1.391402399999999950e+01 1.418103830000000087e+01 1.444803830000000033e+01 1.471502470000000073e+01 1.498199800000000081e+01 1.524895869999999931e+01 1.551590730000000029e+01 1.578284430000000071e+01 1.604977029999999871e+01 1.631668589999999952e+01 1.658359139999999954e+01 1.685048739999999867e+01 1.711737450000000038e+01 1.738425319999999985e+01 1.765112390000000175e+01 1.791798710000000128e+01 1.818484339999999833e+01 1.845169320000000113e+01
2.578542739999999966e+01 2.605224630000000019e+01 2.631907280000000071e+01 2.658590739999999997e+01 2.685275030000000029e+01 2.711960219999999921e+01 2.738646340000000023e+01 2.765333439999999854e+01 2.792021559999999880e+01 2.818710749999999976e+01 2.845401049999999898e+01 2.872092500000000115e+01 2.898785159999999905e+01 2.925479059999999976e+01 2.952174249999999844e+01 2.978870769999999979e+01 3.005568660000000136e+01 3.032267979999999952e+01 3.058968760000000131e+01 3.085671049999999838e+01 3.112374889999999894e+01 3.139080330000000174e+01 3.165787410000000079e+01 3.192496170000000077e+01 3.219206669999999804e+01 3.245918939999999964e+01 3.272633019999999959e+01 3.299348969999999781e+01 3.326066819999999780e+01 3.352786629999999946e+01 3.379508429999999919e+01 3.406232270000000284e+01 3.432958200000000204e+01 3.459686260000000146e+01 3.486416499999999985e+01 3.513148950000000070e+01 3.539883669999999682e+01 3.566620710000000116e+01 3.593360100000000301e+01 3.620101900000000228e+01 3.646846149999999653e+01 3.673592889999999755e+01 3.700342179999999814e+01 3.727094060000000297e+01 3.753848579999999657e+01 3.780605779999999783e+01 3.807365719999999953e+01 3.834128429999999810e+01 3.860893980000000170e+01 3.887662410000000079e+01
5.214053700000000013e+00 5.481711859999999881e+00 5.749336839999999782e+00 6.016929310000000086e+00 6.284489940000000274e+00 6.552019379999999948e+00 6.819518300000000366e+00 7.086987340000000302e+00 7.354427150000000246e+00 7.621838369999999863e+00 7.889221629999999763e+00 8.156577580000000438e+00 8.423906819999999129e+00 8.691209990000000829e+00 8.958487699999999165e+00 9.225740549999999374e+00 9.492969170000000290e+00 9.760174140000000165e+00 1.002735610000000044e+01 1.029451549999999926e+01 1.056165309999999913e+01 1.082876949999999994e+01 1.109586509999999926e+01 1.136294059999999995e+01 1.162999660000000013e+01 1.189703360000000032e+01 1.216405220000000043e+01 1.243105289999999918e+01 1.269803630000000005e+01 1.296500299999999939e+01 1.323195349999999948e+01 1.349888830000000084e+01 1.376580799999999982e+01 1.403271319999999989e+01 1.429960430000000038e+01 1.456648200000000060e+01 1.483334669999999988e+01 1.510019890000000053e+01 1.536703930000000007e+01 1.563386820000000021e+01 1.590068630000000027e+01 1.616749400000000136e+01 1.643429190000000162e+01 1.670108049999999977e+01 1.696786020000000050e+01 1.723463160000000016e+01 1.750139520000000104e+01 1.776815149999999832e+01 1.803490090000000023e+01 1.830164410000000075e+01
2.565520629999999969e+01 2.592192860000000110e+01 2.618865870000000129e+01 2.645539679999999905e+01 2.672214350000000138e+01 2.698889919999999876e+01 2.725566429999999940e+01 2.752243920000000088e+01 2.778922449999999955e+01 2.805602060000000009e+01 2.832282790000000006e+01 2.858964680000000058e+01 2.885647780000000040e+01 2.912332130000000063e+01 2.939017780000000002e+01 2.965704759999999851e+01 2.992393140000000074e+01 3.019082939999999837e+01 3.045774210000000082e+01 3.072466989999999853e+01 3.099161339999999853e+01 3.125857290000000077e+01 3.152554890000000043e+01 3.179254179999999863e+01 3.205955199999999650e+01 3.232657999999999987e+01 3.259362620000000277e+01 3.286069109999999682e+01 3.312777510000000092e+01 3.339487859999999841e+01 3.366200210000000226e+01 3.392914609999999698e+01 3.419631090000000029e+01 3.446349699999999672e+01 3.473070489999999921e+01 3.499793499999999824e+01 3.526518769999999847e+01 3.553246349999999865e+01 3.579976289999999750e+01 3.606708629999999971e+01 3.633443410000000284e+01 3.660180689999999970e+01 3.686920500000000089e+01 3.713662889999999805e+01 3.740407919999999820e+01 3.767155619999999772e+01 3.793906040000000246e+01 3.820659229999999695e+01 3.847415240000000125e+01 3.874174109999999871e+01
5.087161580000000072e+00 5.354717830000000234e+00 5.622241200000000383e+00 5.889732350000000061e+00 6.157191949999999636e+00 6.424620660000000427e+00 6.692019110000000381e+00 6.959387969999999868e+00 7.226727849999999620e+00 7.494039410000000068e+00 7.761323270000000107e+00 8.028580050000000412e+00 8.295810369999999878e+00 8.563014850000000067e+00 8.830194099999999935e+00 9.097348710000000338e+00 9.364479310000000112e+00 9.631586470000000233e+00 9.898670790000000608e+00 1.016573290000000007e+01 1.043277329999999914e+01 1.069979260000000032e+01 1.096679139999999997e+01 1.123377020000000037e+01 1.150072970000000083e+01 1.176767040000000009e+01 1.203459280000000042e+01 1.230149749999999997e+01 1.256838510000000042e+01 1.283525610000000050e+01 1.310211100000000073e+01 1.336895039999999923e+01 1.363577489999999948e+01 1.390258490000000080e+01 1.416938099999999956e+01 1.443616379999999921e+01 1.470293370000000088e+01 1.496969129999999915e+01 1.523643719999999924e+01 1.550317169999999933e+01 1.576989550000000051e+01 1.603660899999999856e+01 1.630331280000000049e+01 1.657000730000000033e+01 1.683669319999999914e+01 1.710337080000000043e+01 1.737004070000000056e+01 1.763670330000000064e+01 1.790335930000000175e+01 1.817000900000000030e+01
2.554231220000000135e+01 2.580895029999999934e+01 2.607559619999999967e+01 2.634225029999999990e+01 2.660891300000000115e+01 2.687558470000000099e+01 2.714226599999999934e+01 2.740895730000000086e+01 2.767565889999999840e+01 2.794237139999999897e+01 2.820909520000000015e+01 2.847583069999999950e+01 2.874257830000000169e+01 2.900933859999999953e+01 2.927611190000000008e+01 2.954289869999999851e+01 2.980969950000000068e+01 3.007651449999999826e+01 3.034334439999999944e+01 3.061018950000000061e+01 3.087705030000000050e+01 3.114392720000000025e+01 3.141082060000000098e+01 3.167773100000000142e+01 3.194465870000000152e+01 3.221160439999999880e+01 3.247856829999999917e+01 3.274555089999999780e+01 3.301255270000000053e+01 3.327957409999999783e+01 3.354661550000000148e+01 3.381367740000000310e+01 3.408076020000000028e+01 3.434786429999999768e+01 3.461499020000000115e+01 3.488213830000000115e+01 3.514930910000000353e+01 3.541650299999999874e+01 3.568372039999999856e+01 3.595096190000000291e+01 3.621822780000000108e+01 3.648551859999999891e+01 3.675283470000000108e+01 3.702017659999999921e+01 3.728754479999999916e+01 3.755493969999999848e+01 3.782236170000000186e+01 3.808981140000000210e+01 3.835728919999999675e+01 3.862479549999999762e+01
4.978074669999999813e+00 5.245544409999999935e+00 5.512981500000000423e+00 5.780386629999999748e+00 6.047760440000000237e+00 6.315103569999999777e+00 6.582416689999999626e+00 6.849700409999999628e+00 7.116955380000000275e+00 7.384182230000000402e+00 7.651381569999999854e+00 7.918554030000000132e+00 8.185700230000000133e+00 8.452820759999999822e+00 8.719916230000000823e+00 8.986987239999999488e+00 9.254034400000000105e+00 9.521058280000000096e+00 9.788059479999999368e+00 1.005503859999999960e+01 1.032199619999999918e+01 1.058893280000000026e+01 1.085584899999999919e+01 1.112274550000000062e+01 1.138962259999999915e+01 1.165648110000000059e+01 1.192332150000000013e+01 1.219014430000000004e+01 1.245695000000000086e+01 1.272373930000000009e+01 1.299051260000000063e+01 1.325727050000000062e+01 1.352401350000000058e+01 1.379074220000000039e+01 1.405745710000000059e+01 1.432415869999999991e+01 1.459084760000000003e+01 1.485752420000000029e+01 1.512418899999999944e+01 1.539084270000000032e+01 1.565748570000000051e+01 1.592411850000000051e+01 1.619074170000000024e+01 1.645735559999999964e+01 1.672396099999999919e+01 1.699055810000000122e+01 1.725714759999999970e+01 1.752372989999999930e+01 1.779030559999999994e+01 1.805687509999999918e+01
2.544682419999999823e+01 2.571339049999999915e+01 2.597996470000000002e+01 2.624654710000000080e+01 2.651313820000000021e+01 2.677973839999999939e+01 2.704634829999999823e+01 2.731296809999999908e+01 2.757959849999999946e+01 2.784623970000000170e+01 2.811289239999999978e+01 2.837955679999999958e+01 2.864623339999999985e+01 2.891292280000000048e+01 2.917962530000000143e+01 2.944634130000000027e+01 2.971307129999999930e+01 2.997981569999999962e+01 3.024657510000000116e+01 3.051334969999999913e+01 3.078013999999999939e+01 3.104694659999999828e+01 3.131376970000000171e+01 3.158060989999999890e+01 3.184746750000000048e+01 3.211434309999999925e+01 3.238123699999999872e+01 3.264814969999999761e+01 3.291508170000000177e+01 3.318203319999999934e+01 3.344900489999999849e+01 3.371599700000000155e+01 3.398301010000000133e+01 3.425004469999999657e+01 3.451710099999999670e+01 3.478417960000000164e+01 3.505128090000000185e+01 3.531840530000000200e+01 3.558555330000000083e+01 3.585272539999999708e+01 3.611992190000000136e+01 3.638714329999999819e+01 3.665439010000000053e+01 3.692166259999999767e+01 3.718896139999999662e+01 3.745628690000000205e+01 3.772363949999999733e+01 3.799101979999999656e+01 3.825842810000000327e+01 3.852586490000000197e+01
4.886886950000000063e+00 5.154285250000000040e+00 5.421651109999999996e+00 5.688985180000000419e+00 5.956288119999999964e+00 6.223560560000000130e+00 6.490803159999999572e+00 6.758016529999999911e+00 7.025201309999999921e+00 7.292358130000000216e+00 7.559487589999999813e+00 7.826590320000000212e+00 8.093666920000000431e+00 8.360717989999999489e+00 8.627744140000000783e+00 8.894745959999999840e+00 9.161724039999999292e+00 9.428678959999999165e+00 9.695611319999999367e+00 9.962521680000000046e+00 1.022941059999999958e+01 1.049627869999999952e+01 1.076312650000000026e+01 1.102995459999999994e+01 1.129676350000000085e+01 1.156355390000000050e+01 1.183032610000000062e+01 1.209708089999999991e+01 1.236381869999999950e+01 1.263054009999999927e+01 1.289724559999999975e+01 1.316393580000000085e+01 1.343061110000000014e+01 1.369727220000000045e+01 1.396391949999999937e+01 1.423055360000000036e+01 1.449717500000000037e+01 1.476378410000000052e+01 1.503038169999999951e+01 1.529696799999999968e+01 1.556354370000000031e+01 1.583010930000000016e+01 1.609666520000000034e+01 1.636321200000000076e+01 1.662975020000000015e+01 1.689628030000000081e+01 1.716280270000000030e+01 1.742931799999999853e+01 1.769582660000000018e+01 1.796232910000000160e+01
2.536882389999999887e+01 2.563533109999999837e+01 2.590184610000000021e+01 2.616836950000000073e+01 2.643490149999999872e+01 2.670144279999999881e+01 2.696799379999999857e+01 2.723455480000000151e+01 2.750112640000000042e+01 2.776770889999999881e+01 2.803430290000000014e+01 2.830090870000000081e+01 2.856752690000000072e+01 2.883415779999999984e+01 2.910080179999999928e+01 2.936745949999999894e+01 2.963413129999999995e+01 2.990081749999999872e+01 3.016751869999999869e+01 3.043423530000000099e+01 3.070096759999999847e+01 3.096771629999999931e+01 3.123448150000000112e+01 3.150126390000000143e+01 3.176806380000000019e+01 3.203488180000000085e+01 3.230171810000000221e+01 3.256857320000000300e+01 3.283544770000000312e+01 3.310234179999999782e+01 3.336925610000000120e+01 3.363619099999999662e+01 3.390314680000000180e+01 3.417012410000000244e+01 3.443712330000000321e+01 3.470414480000000168e+01 3.497118909999999659e+01 3.523825649999999854e+01 3.550534749999999917e+01 3.577246259999999722e+01 3.603960219999999737e+01 3.630676679999999834e+01 3.657395669999999654e+01 3.684117239999999782e+01 3.710841429999999974e+01 3.737568300000000221e+01 3.764297880000000163e+01 3.791030229999999790e+01 3.817765370000000047e+01 3.844503370000000331e+01
4.813673549999999857e+00 5.081015189999999571e+00 5.348324540000000127e+00 5.615602250000000240e+00 5.882848959999999572e+00 6.150065309999999563e+00 6.417251929999999938e+00 6.684409460000000358e+00 6.951538519999999721e+00 7.218639729999999588e+00 7.485713689999999865e+00 7.752761030000000275e+00 8.019782329999999959e+00 8.286778220000000417e+00 8.553749270000000848e+00 8.820696079999999384e+00 9.087619240000000431e+00 9.354519319999999638e+00 9.621396920000000463e+00 9.888252590000000453e+00 1.015508690000000058e+01 1.042190049999999957e+01 1.068869379999999936e+01 1.095546749999999925e+01 1.122222200000000036e+01 1.148895800000000023e+01 1.175567599999999935e+01 1.202237659999999941e+01 1.228906019999999977e+01 1.255572749999999971e+01 1.282237890000000036e+01 1.308901499999999984e+01 1.335563639999999985e+01 1.362224349999999973e+01 1.388883689999999937e+01 1.415541699999999992e+01 1.442198450000000065e+01 1.468853979999999915e+01 1.495508350000000064e+01 1.522161610000000032e+01 1.548813799999999929e+01 1.575464979999999926e+01 1.602115189999999956e+01 1.628764500000000126e+01 1.655412949999999839e+01 1.682060579999999916e+01 1.708707449999999994e+01 1.735353620000000063e+01 1.761999110000000002e+01 1.788644000000000034e+01
2.530835829999999831e+01 2.557481909999999914e+01 2.584128790000000109e+01 2.610776489999999939e+01 2.637425079999999866e+01 2.664074589999999887e+01 2.690725069999999874e+01 2.717376559999999941e+01 2.744029109999999960e+01 2.770682770000000161e+01 2.797337569999999829e+01 2.823993570000000020e+01 2.850650800000000018e+01 2.877309310000000053e+01 2.903969139999999882e+01 2.930630340000000089e+01 2.957292959999999837e+01 2.983957020000000071e+01 3.010622589999999832e+01 3.037289699999999826e+01 3.063958399999999926e+01 3.090628720000000129e+01 3.117300720000000069e+01 3.143974439999999859e+01 3.170649909999999849e+01 3.197327190000000030e+01 3.224006320000000159e+01 3.250687330000000230e+01 3.277370280000000236e+01 3.304055209999999931e+01 3.330742149999999668e+01 3.357431160000000148e+01 3.384122270000000299e+01 3.410815529999999995e+01 3.437510989999999822e+01 3.464208680000000129e+01 3.490908650000000080e+01 3.517610940000000141e+01 3.544315600000000188e+01 3.571022659999999860e+01 3.597732179999999858e+01 3.624444199999999938e+01 3.651158759999999859e+01 3.677875900000000087e+01 3.704595669999999785e+01 3.731318110000000132e+01 3.758043270000000291e+01 3.784771190000000018e+01 3.811501909999999782e+01 3.838235490000000283e+01
4.758497069999999773e+00 5.025796569999999797e+00 5.293063880000000054e+00 5.560299650000000149e+00 5.827504519999999744e+00 6.094679130000000278e+00 6.361824099999999760e+00 6.628940059999999690e+00 6.896027629999999853e+00 7.163087430000000033e+00 7.430120060000000137e+00 7.697126139999999950e+00 7.964106260000000326e+00 8.231061020000000283e+00 8.497991009999999790e+00 8.764896820000000588e+00 9.031779039999999981e+00 9.298638240000000721e+00 9.565474990000000233e+00 9.832289879999999371e+00 1.009908350000000077e+01 1.036585630000000080e+01 1.063260900000000042e+01 1.089934200000000075e+01 1.116605599999999932e+01 1.143275150000000018e+01 1.169942889999999913e+01 1.196608900000000020e+01 1.223273219999999917e+01 1.249935900000000011e+01 1.276596999999999937e+01 1.303256569999999925e+01 1.329914669999999965e+01 1.356571339999999992e+01 1.383226639999999996e+01 1.409880620000000029e+01 1.436533340000000081e+01 1.463184840000000086e+01 1.489835180000000037e+01 1.516484400000000043e+01 1.543132570000000037e+01 1.569779720000000012e+01 1.596425909999999959e+01 1.623071180000000169e+01 1.649715600000000038e+01 1.676359210000000033e+01 1.703002060000000029e+01 1.729644190000000137e+01 1.756285670000000110e+01 1.782926519999999826e+01
2.526546000000000092e+01 2.553188749999999985e+01 2.579832289999999873e+01 2.606476669999999984e+01 2.633121930000000077e+01 2.659768120000000025e+01 2.686415279999999939e+01 2.713063460000000049e+01 2.739712709999999873e+01 2.766363060000000118e+01 2.793014549999999829e+01 2.819667249999999825e+01 2.846321179999999984e+01 2.872976399999999941e+01 2.899632950000000164e+01 2.926290870000000055e+01 2.952950200000000081e+01 2.979610990000000115e+01 3.006273290000000031e+01 3.032937129999999826e+01 3.059602569999999844e+01 3.086269629999999964e+01 3.112938379999999938e+01 3.139608840000000001e+01 3.166281070000000142e+01 3.192955110000000118e+01 3.219630999999999688e+01 3.246308789999999789e+01 3.272988509999999707e+01 3.299670210000000026e+01 3.326353929999999792e+01 3.353039720000000301e+01 3.379727630000000005e+01 3.406417679999999848e+01 3.433109929999999821e+01 3.459804429999999797e+01 3.486501200000000011e+01 3.513200299999999743e+01 3.539901770000000170e+01 3.566605650000000338e+01 3.593311990000000122e+01 3.620020829999999989e+01 3.646732209999999696e+01 3.673446179999999828e+01 3.700162780000000140e+01 3.726882049999999680e+01 3.753604049999999859e+01 3.780328800000000200e+01 3.807056370000000101e+01 3.833786779999999794e+01
4.721407560000000281e+00 4.988679229999999798e+00 5.255918780000000012e+00 5.523126849999999699e+00 5.790304080000000297e+00 6.057451109999999694e+00 6.324568550000000400e+00 6.591657050000000240e+00 6.858717200000000069e+00 7.125749629999999613e+00 7.392754939999999664e+00 7.659733740000000068e+00 7.926686619999999905e+00 8.193614189999999908e+00 8.460517019999999278e+00 8.727395709999999696e+00 8.994250839999999414e+00 9.261082979999999409e+00 9.527892709999999710e+00 9.794680599999999515e+00 1.006144719999999992e+01 1.032819310000000002e+01 1.059491880000000030e+01 1.086162500000000009e+01 1.112831210000000048e+01 1.139498069999999963e+01 1.166163129999999981e+01 1.192826449999999916e+01 1.219488089999999936e+01 1.246148089999999975e+01 1.272806510000000024e+01 1.299463399999999957e+01 1.326118810000000003e+01 1.352772809999999915e+01 1.379425430000000041e+01 1.406076739999999958e+01 1.432726779999999955e+01 1.459375600000000084e+01 1.486023259999999979e+01 1.512669810000000048e+01 1.539315299999999986e+01 1.565959770000000084e+01 1.592603289999999916e+01 1.619245889999999832e+01 1.645887630000000001e+01 1.672528559999999942e+01 1.699168729999999883e+01 1.725808190000000053e+01 1.752446979999999854e+01 1.779085159999999988e+01
2.524016719999999836e+01 2.550657449999999926e+01 2.577298980000000128e+01 2.603941349999999844e+01 2.630584599999999895e+01 2.657228789999999918e+01 2.683873949999999908e+01 2.710520130000000094e+01 2.737167369999999877e+01 2.763815719999999843e+01 2.790465220000000102e+01 2.817115920000000173e+01 2.843767869999999931e+01 2.870421100000000081e+01 2.897075660000000141e+01 2.923731589999999869e+01 2.950388939999999849e+01 2.977047759999999954e+01 3.003708079999999825e+01 3.030369950000000046e+01 3.057033410000000018e+01 3.083698509999999970e+01 3.110365290000000016e+01 3.137033800000000028e+01 3.163704070000000002e+01 3.190376150000000166e+01 3.217050090000000040e+01 3.243725919999999974e+01 3.270403689999999841e+01 3.297083450000000227e+01 3.323765230000000059e+01 3.350449079999999924e+01 3.377135049999999694e+01 3.403823169999999720e+01 3.430513489999999877e+01 3.457206049999999919e+01 3.483900899999999723e+01 3.510598079999999754e+01 3.537297619999999654e+01 3.563999590000000239e+01 3.590704010000000324e+01 3.617410929999999780e+01 3.644120399999999904e+01 3.670832459999999742e+01 3.697547149999999760e+01 3.724264519999999834e+01 3.750984600000000313e+01 3.777707449999999767e+01 3.804433110000000084e+01 3.831161629999999718e+01
4.702440969999999609e+00 4.969698969999999605e+00 5.236924870000000176e+00 5.504119329999999977e+00 5.771282969999999679e+00 6.038416439999999774e+00 6.305520350000000107e+00 6.572595340000000341e+00 6.839642010000000383e+00 7.106660970000000077e+00 7.373652840000000097e+00 7.640618220000000349e+00 7.907557699999999912e+00 8.174471880000000468e+00 8.441361340000000268e+00 8.708226679999999220e+00 8.975068470000000076e+00 9.241887289999999311e+00 9.508683700000000627e+00 9.775458289999999550e+00 1.004221159999999990e+01 1.030894419999999911e+01 1.057565669999999969e+01 1.084234960000000036e+01 1.110902339999999988e+01 1.137567869999999992e+01 1.164231610000000039e+01 1.190893610000000002e+01 1.217553919999999934e+01 1.244212600000000002e+01 1.270869700000000080e+01 1.297525270000000042e+01 1.324179359999999939e+01 1.350832029999999939e+01 1.377483329999999917e+01 1.404133320000000040e+01 1.430782040000000066e+01 1.457429540000000046e+01 1.484075879999999970e+01 1.510721099999999950e+01 1.537365259999999978e+01 1.564008420000000044e+01 1.590650609999999965e+01 1.617291889999999910e+01 1.643932300000000168e+01 1.670571909999999960e+01 1.697210749999999990e+01 1.723848890000000011e+01 1.750486360000000019e+01 1.777123209999999887e+01
2.523246699999999976e+01 2.549886749999999935e+01 2.576527600000000007e+01 2.603169279999999830e+01 2.629811859999999868e+01 2.656455359999999999e+01 2.683099839999999858e+01 2.709745339999999914e+01 2.736391899999999922e+01 2.763039570000000111e+01 2.789688400000000001e+01 2.816338430000000059e+01 2.842989700000000042e+01 2.869642250000000061e+01 2.896296140000000108e+01 2.922951400000000177e+01 2.949608080000000143e+01 2.976266229999999879e+01 3.002925880000000092e+01 3.029587079999999943e+01 3.056249880000000019e+01 3.082914309999999958e+01 3.109580430000000106e+01 3.136248270000000105e+01 3.162917879999999826e+01 3.189589300000000094e+01 3.216262569999999954e+01 3.242937739999999991e+01 3.269614860000000078e+01 3.296293959999999856e+01 3.322975079999999792e+01 3.349658279999999877e+01 3.376343589999999750e+01 3.403031059999999997e+01 3.429720729999999662e+01 3.456412639999999925e+01 3.483106829999999832e+01 3.509803360000000083e+01 3.536502260000000319e+01 3.563203579999999704e+01 3.589907350000000008e+01 3.616613629999999802e+01 3.643322460000000262e+01 3.670033870000000320e+01 3.696747919999999965e+01 3.723464640000000259e+01 3.750184089999999770e+01 3.776906300000000272e+01 3.803631320000000215e+01 3.830359190000000069e+01
4.701629299999999567e+00 4.968887699999999796e+00 5.236114009999999652e+00 5.503308859999999747e+00 5.770472899999999683e+00 6.037606760000000072e+00 6.304711059999999812e+00 6.571786430000000401e+00 6.838833479999999909e+00 7.105852819999999959e+00 7.372845070000000334e+00 7.639810820000000113e+00 7.906750680000000031e+00 8.173665229999999227e+00 8.440555059999999443e+00 8.707420759999999760e+00 8.974262919999999255e+00 9.241082090000000804e+00 9.507878870000000759e+00 9.774653819999999271e+00 1.004140750000000004e+01 1.030814050000000037e+01 1.057485329999999912e+01 1.084154649999999975e+01 1.110822070000000039e+01 1.137487639999999978e+01 1.164151410000000020e+01 1.190813439999999979e+01 1.217473790000000022e+01 1.244132500000000086e+01 1.270789629999999981e+01 1.297445229999999938e+01 1.324099359999999947e+01 1.350752070000000060e+01 1.377403400000000033e+01 1.404053419999999974e+01 1.430702169999999995e+01 1.457349699999999970e+01 1.483996070000000067e+01 1.510641329999999982e+01 1.537285529999999945e+01 1.563928710000000066e+01 1.590570929999999983e+01 1.617212239999999923e+01 1.643852689999999939e+01 1.670492330000000081e+01 1.697131209999999868e+01 1.723769370000000123e+01 1.750406870000000126e+01 1.777043760000000105e+01
2.524235880000000165e+01 2.550876590000000022e+01 2.577518080000000111e+01 2.604160419999999831e+01 2.630803639999999888e+01 2.657447799999999916e+01 2.684092920000000149e+01 2.710739069999999984e+01 2.737386280000000127e+01 2.764034600000000097e+01 2.790684080000000122e+01 2.817334749999999843e+01 2.843986659999999844e+01 2.870639859999999999e+01 2.897294390000000064e+01 2.923950299999999913e+01 2.950607619999999898e+01 2.977266410000000008e+01 3.003926699999999883e+01 3.030588549999999870e+01 3.057251979999999847e+01 3.083917050000000160e+01 3.110583809999999971e+01 3.137252289999999988e+01 3.163922529999999966e+01 3.190594589999999897e+01 3.217268500000000131e+01 3.243944299999999714e+01 3.270622050000000058e+01 3.297301780000000093e+01 3.323983539999999692e+01 3.350667370000000034e+01 3.377353310000000164e+01 3.404041409999999956e+01 3.430731709999999879e+01 3.457424249999999688e+01 3.484119069999999851e+01 3.510816229999999649e+01 3.537515750000000025e+01 3.564217699999999667e+01 3.590922100000000228e+01 3.617629000000000161e+01 3.644338450000000051e+01 3.671050489999999655e+01 3.697765160000000151e+01 3.724482509999999991e+01 3.751202580000000353e+01 3.777925410000000284e+01 3.804651049999999657e+01 3.831379549999999767e+01
4.718964569999999803e+00 4.986237459999999899e+00 5.253478219999999865e+00 5.520687500000000192e+00 5.787865919999999775e+00 6.055014129999999994e+00 6.322132759999999685e+00 6.589222419999999580e+00 6.856283730000000354e+00 7.123317310000000013e+00 7.390323770000000181e+00 7.657303699999999935e+00 7.924257719999999949e+00 8.191186399999999423e+00 8.458090350000000868e+00 8.724970150000000757e+00 8.991826370000000068e+00 9.258659610000000484e+00 9.525470430000000377e+00 9.792259389999999897e+00 1.005902709999999978e+01 1.032577399999999912e+01 1.059250079999999983e+01 1.085920800000000064e+01 1.112589619999999968e+01 1.139256579999999985e+01 1.165921750000000046e+01 1.192585170000000083e+01 1.219246910000000028e+01 1.245907009999999993e+01 1.272565529999999967e+01 1.299222520000000003e+01 1.325878039999999913e+01 1.352532129999999988e+01 1.379184859999999979e+01 1.405836260000000060e+01 1.432486399999999982e+01 1.459135320000000036e+01 1.485783080000000034e+01 1.512429720000000088e+01 1.539075300000000013e+01 1.565719870000000036e+01 1.592363480000000031e+01 1.619006179999999873e+01 1.645648010000000028e+01 1.672289040000000071e+01 1.698929299999999998e+01 1.725568850000000154e+01 1.752207740000000058e+01 1.778846010000000177e+01
2.526981920000000059e+01 2.553624599999999845e+01 2.580268080000000097e+01 2.606912390000000102e+01 2.633557589999999848e+01 2.660203720000000160e+01 2.686850820000000084e+01 2.713498930000000087e+01 2.740148110000000159e+01 2.766798400000000058e+01 2.793449839999999895e+01 2.820102470000000139e+01 2.846756350000000069e+01 2.873411510000000035e+01 2.900067990000000151e+01 2.926725850000000051e+01 2.953385129999999847e+01 2.980045859999999891e+01 3.006708100000000172e+01 3.033371890000000093e+01 3.060037270000000120e+01 3.086704280000000011e+01 3.113372969999999995e+01 3.140043379999999829e+01 3.166715560000000096e+01 3.193389549999999844e+01 3.220065379999999777e+01 3.246743109999999888e+01 3.273422779999999932e+01 3.300104429999999667e+01 3.326788109999999676e+01 3.353473850000000311e+01 3.380161710000000141e+01 3.406851710000000111e+01 3.433543920000000327e+01 3.460238360000000313e+01 3.486935090000000059e+01 3.513634150000000034e+01 3.540335569999999876e+01 3.567039410000000288e+01 3.593745710000000315e+01 3.620454509999999715e+01 3.647165849999999665e+01 3.673879780000000039e+01 3.700596339999999884e+01 3.727315569999999667e+01 3.754037530000000089e+01 3.780762250000000080e+01 3.807489780000000223e+01 3.834220160000000277e+01
4.754472670000000178e+00 5.021774210000000238e+00 5.289043549999999705e+00 5.556281339999999958e+00 5.823488199999999892e+00 6.090664789999999940e+00 6.357811729999999883e+00 6.624929650000000336e+00 6.892019160000000255e+00 7.159080890000000252e+00 7.426115440000000234e+00 7.693123410000000106e+00 7.960105419999999654e+00 8.227062059999999732e+00 8.493993919999999420e+00 8.760901580000000521e+00 9.027785639999999390e+00 9.294646659999999727e+00 9.561485239999999663e+00 9.828301930000000297e+00 1.009509730000000083e+01 1.036187190000000058e+01 1.062862639999999992e+01 1.089536119999999997e+01 1.116207690000000063e+01 1.142877410000000005e+01 1.169545330000000050e+01 1.196211510000000011e+01 1.222875999999999941e+01 1.249538850000000068e+01 1.276200120000000027e+01 1.302859860000000047e+01 1.329518120000000003e+01 1.356174960000000063e+01 1.382830429999999922e+01 1.409484579999999987e+01 1.436137459999999955e+01 1.462789120000000054e+01 1.489439619999999920e+01 1.516089000000000020e+01 1.542737329999999929e+01 1.569384639999999997e+01 1.596030979999999921e+01 1.622676420000000164e+01 1.649321000000000126e+01 1.675964760000000098e+01 1.702607760000000070e+01 1.729250049999999916e+01 1.755891679999999866e+01 1.782532690000000031e+01
2.531481619999999921e+01 2.558127599999999902e+01 2.584774369999999877e+01 2.611421980000000076e+01 2.638070469999999901e+01 2.664719880000000174e+01 2.691370260000000059e+01 2.718021660000000139e+01 2.744674120000000173e+01 2.771327679999999916e+01 2.797982389999999953e+01 2.824638290000000040e+01 2.851295430000000053e+01 2.877953839999999985e+01 2.904613589999999945e+01 2.931274700000000166e+01 2.957937220000000167e+01 2.984601200000000176e+01 3.011266679999999951e+01 3.037933710000000076e+01 3.064602319999999835e+01 3.091272560000000169e+01 3.117944470000000123e+01 3.144618110000000044e+01 3.171293500000000165e+01 3.197970700000000122e+01 3.224649740000000264e+01 3.251330680000000228e+01 3.278013550000000009e+01 3.304698390000000074e+01 3.331385259999999704e+01 3.358074189999999959e+01 3.384765230000000003e+01 3.411458420000000302e+01 3.438153799999999904e+01 3.464851420000000104e+01 3.491551319999999947e+01 3.518253539999999902e+01 3.544958129999999841e+01 3.571665130000000232e+01 3.598374590000000239e+01 3.625086540000000213e+01 3.651801040000000143e+01 3.678518119999999669e+01 3.705237830000000088e+01 3.731960209999999734e+01 3.758685320000000019e+01 3.785413179999999755e+01 3.812143859999999762e+01 3.838877380000000272e+01
4.808137330000000098e+00 5.075481840000000133e+00 5.342794020000000366e+00 5.610074550000000215e+00 5.877324060000000294e+00 6.144543180000000326e+00 6.411732569999999853e+00 6.678892839999999609e+00 6.946024610000000266e+00 7.213128519999999710e+00 7.480205159999999687e+00 7.747255159999999918e+00 8.014279119999999423e+00 8.281277629999999945e+00 8.548251289999999614e+00 8.815200689999999284e+00 9.082126419999999811e+00 9.349029070000000274e+00 9.615909200000000823e+00 9.882767400000000535e+00 1.014960420000000063e+01 1.041642030000000041e+01 1.068321609999999922e+01 1.094999220000000051e+01 1.121674920000000064e+01 1.148348769999999952e+01 1.175020810000000004e+01 1.201691109999999973e+01 1.228359709999999971e+01 1.255026669999999989e+01 1.281692050000000016e+01 1.308355899999999927e+01 1.335018269999999951e+01 1.361679209999999962e+01 1.388338779999999950e+01 1.414997029999999967e+01 1.441653999999999947e+01 1.468309759999999997e+01 1.494964359999999992e+01 1.521617840000000044e+01 1.548270250000000026e+01 1.574921649999999929e+01 1.601572090000000159e+01 1.628221620000000058e+01 1.654870280000000093e+01 1.681518129999999900e+01 1.708165220000000062e+01 1.734811600000000098e+01 1.761457310000000120e+01 1.788102410000000120e+01
2.537730399999999875e+01 2.564380979999999965e+01 2.591032339999999934e+01 2.617684540000000126e+01 2.644337609999999827e+01 2.670991610000000094e+01 2.697646569999999855e+01 2.724302540000000050e+01 2.750959560000000081e+01 2.777617689999999939e+01 2.804276949999999857e+01 2.830937409999999943e+01 2.857599090000000075e+01 2.884262060000000005e+01 2.910926339999999968e+01 2.937591979999999836e+01 2.964259029999999839e+01 2.990927539999999851e+01 3.017597539999999867e+01 3.044269069999999999e+01 3.070942189999999883e+01 3.097616929999999869e+01 3.124293339999999830e+01 3.150971469999999997e+01 3.177651339999999891e+01 3.204333019999999976e+01 3.231016540000000248e+01 3.257701949999999869e+01 3.284389279999999900e+01 3.311078590000000332e+01 3.337769910000000095e+01 3.364463289999999773e+01 3.391158769999999834e+01 3.417856400000000150e+01 3.444556219999999769e+01 3.471258269999999868e+01 3.497962600000000322e+01 3.524669250000000176e+01 3.551378259999999898e+01 3.578089680000000072e+01 3.604803549999999746e+01 3.631519910000000095e+01 3.658238819999999691e+01 3.684960300000000188e+01 3.711684420000000273e+01 3.738411210000000295e+01 3.765140720000000130e+01 3.791872990000000243e+01 3.818608059999999682e+01 3.845345989999999858e+01
4.879934470000000246e+00 5.147336450000000063e+00 5.414705950000000101e+00 5.682043649999999779e+00 5.949350179999999710e+00 6.216626190000000385e+00 6.483872329999999629e+00 6.751089219999999891e+00 7.018277490000000007e+00 7.285437769999999702e+00 7.552570669999999708e+00 7.819676809999999811e+00 8.086756799999999856e+00 8.353811240000000637e+00 8.620840740000000224e+00 8.887845880000000420e+00 9.154827259999999356e+00 9.421785460000000612e+00 9.688721069999999713e+00 9.955634670000000241e+00 1.022252680000000069e+01 1.048939810000000072e+01 1.075624909999999979e+01 1.102308030000000016e+01 1.128989239999999938e+01 1.155668580000000034e+01 1.182346120000000056e+01 1.209021899999999938e+01 1.235695989999999966e+01 1.262368430000000075e+01 1.289039290000000015e+01 1.315708599999999961e+01 1.342376439999999960e+01 1.369042840000000005e+01 1.395707870000000028e+01 1.422371569999999963e+01 1.449033999999999978e+01 1.475695209999999946e+01 1.502355249999999920e+01 1.529014169999999950e+01 1.555672020000000089e+01 1.582328859999999970e+01 1.608984740000000002e+01 1.635639700000000119e+01 1.662293800000000132e+01 1.688947080000000156e+01 1.715599599999999825e+01 1.742251399999999961e+01 1.768902539999999846e+01 1.795553059999999945e+01
2.545722900000000166e+01 2.572379349999999931e+01 2.599036590000000047e+01 2.625694650000000152e+01 2.652353580000000122e+01 2.679013429999999829e+01 2.705674240000000097e+01 2.732336049999999972e+01 2.758998910000000038e+01 2.785662860000000052e+01 2.812327949999999888e+01 2.838994230000000130e+01 2.865661719999999946e+01 2.892330490000000154e+01 2.919000570000000039e+01 2.945672009999999830e+01 2.972344849999999994e+01 2.999019129999999933e+01 3.025694899999999876e+01 3.052372210000000052e+01 3.079051079999999985e+01 3.105731580000000136e+01 3.132413740000000146e+01 3.159097609999999889e+01 3.185783220000000071e+01 3.212470629999999971e+01 3.239159870000000296e+01 3.265850989999999854e+01 3.292544039999999939e+01 3.319239050000000191e+01 3.345936079999999890e+01 3.372635160000000099e+01 3.399336329999999862e+01 3.426039649999999881e+01 3.452745149999999796e+01 3.479452870000000075e+01 3.506162880000000115e+01 3.532875190000000032e+01 3.559589869999999934e+01 3.586306960000000288e+01 3.613026490000000024e+01 3.639748509999999726e+01 3.666473080000000095e+01 3.693200219999999945e+01 3.719930000000000092e+01 3.746662440000000061e+01 3.773397609999999958e+01 3.800135530000000017e+01 3.826876270000000346e+01 3.853619859999999875e+01
4.969826460000000168e+00 5.237300699999999587e+00 5.504742270000000381e+00 5.772151840000000256e+00 6.039530049999999761e+00 6.306877560000000216e+00 6.574195020000000333e+00 6.841483049999999899e+00 7.108742300000000292e+00 7.375973390000000407e+00 7.643176949999999970e+00 7.910353599999999652e+00 8.177503939999999361e+00 8.444628599999999707e+00 8.711728170000000659e+00 8.978803250000000347e+00 9.245854440000000452e+00 9.512882340000000880e+00 9.779887520000000833e+00 1.004687060000000010e+01 1.031383210000000084e+01 1.058077259999999953e+01 1.084769269999999963e+01 1.111459299999999928e+01 1.138147410000000015e+01 1.164833639999999981e+01 1.191518049999999995e+01 1.218200700000000047e+01 1.244881649999999951e+01 1.271560949999999934e+01 1.298238650000000050e+01 1.324914809999999932e+01 1.351589470000000048e+01 1.378262699999999974e+01 1.404934549999999938e+01 1.431605069999999991e+01 1.458274310000000007e+01 1.484942320000000038e+01 1.511609160000000074e+01 1.538274879999999989e+01 1.564939530000000012e+01 1.591603150000000078e+01 1.618265810000000116e+01 1.644927549999999883e+01 1.671588420000000141e+01 1.698248470000000054e+01 1.724907759999999968e+01 1.751566329999999994e+01 1.778224219999999889e+01 1.804881500000000116e+01
2.555452539999999928e+01 2.582116119999999881e+01 2.608780480000000068e+01 2.635445650000000128e+01 2.662111690000000053e+01 2.688778639999999953e+01 2.715446539999999942e+01 2.742115439999999893e+01 2.768785390000000035e+01 2.795456409999999892e+01 2.822128569999999925e+01 2.848801900000000131e+01 2.875476450000000028e+01 2.902152269999999845e+01 2.928829380000000171e+01 2.955507850000000047e+01 2.982187709999999825e+01 3.008869010000000088e+01 3.035551789999999883e+01 3.062236100000000150e+01 3.088921970000000172e+01 3.115609449999999825e+01 3.142298590000000047e+01 3.168989429999999885e+01 3.195682019999999923e+01 3.222376390000000157e+01 3.249072590000000105e+01 3.275770659999999879e+01 3.302470650000000063e+01 3.329172599999999704e+01 3.355876560000000097e+01 3.382582570000000288e+01 3.409290670000000034e+01 3.436000909999999919e+01 3.462713320000000294e+01 3.489427969999999846e+01 3.516144880000000228e+01 3.542864110000000011e+01 3.569585699999999662e+01 3.596309689999999648e+01 3.623036119999999727e+01 3.649765060000000005e+01 3.676496530000000007e+01 3.703230580000000316e+01 3.729967260000000095e+01 3.756706619999999930e+01 3.783448700000000287e+01 3.810193550000000329e+01 3.836941209999999813e+01 3.863691730000000035e+01
5.077761109999999967e+00 5.345322720000000416e+00 5.612851410000000207e+00 5.880347839999999771e+00 6.147812680000000363e+00 6.415246579999999810e+00 6.682650200000000318e+00 6.950024169999999835e+00 7.217369139999999739e+00 7.484685749999999693e+00 7.751974610000000432e+00 8.019236360000000730e+00 8.286471620000000371e+00 8.553680999999999202e+00 8.820865120000000559e+00 9.088024569999999969e+00 9.355159949999999114e+00 9.622271879999999555e+00 9.889360930000000494e+00 1.015642770000000006e+01 1.042347280000000076e+01 1.069049670000000063e+01 1.095750010000000074e+01 1.122448349999999984e+01 1.149144760000000076e+01 1.175839269999999992e+01 1.202531959999999955e+01 1.229222880000000018e+01 1.255912080000000053e+01 1.282599620000000051e+01 1.309285550000000065e+01 1.335969930000000083e+01 1.362652809999999981e+01 1.389334239999999987e+01 1.416014279999999914e+01 1.442692979999999991e+01 1.469370389999999915e+01 1.496046570000000031e+01 1.522721570000000035e+01 1.549395439999999979e+01 1.576068229999999915e+01 1.602739989999999892e+01 1.629410770000000142e+01 1.656080629999999942e+01 1.682749619999999879e+01 1.709417780000000064e+01 1.736085160000000016e+01 1.762751820000000080e+01 1.789417810000000131e+01 1.816083169999999924e+01
2.566909240000000025e+01 2.593581190000000092e+01 2.620253900000000158e+01 2.646927429999999859e+01 2.673601809999999901e+01 2.700277090000000157e+01 2.726953320000000147e+01 2.753630529999999865e+01 2.780308780000000013e+01 2.806988109999999992e+01 2.833668559999999914e+01 2.860350180000000009e+01 2.887032999999999916e+01 2.913717079999999982e+01 2.940402459999999962e+01 2.967089179999999971e+01 2.993777289999999880e+01 3.020466830000000158e+01 3.047157839999999851e+01 3.073850360000000137e+01 3.100544449999999941e+01 3.127240150000000085e+01 3.153937489999999855e+01 3.180636529999999951e+01 3.207337299999999658e+01 3.234039860000000033e+01 3.260744239999999650e+01 3.287450489999999803e+01 3.314158650000000250e+01 3.340868770000000154e+01 3.367580889999999982e+01 3.394295060000000319e+01 3.421011320000000211e+01 3.447729710000000125e+01 3.474450290000000052e+01 3.501173080000000226e+01 3.527898150000000044e+01 3.554625529999999856e+01 3.581355270000000246e+01 3.608087419999999668e+01 3.634822009999999892e+01 3.661559100000000200e+01 3.688298739999999754e+01 3.715040960000000325e+01 3.741785819999999774e+01 3.768533359999999988e+01 3.795283630000000130e+01 3.822036669999999958e+01 3.848792540000000173e+01 3.875551279999999821e+01
5.203661649999999916e+00 5.471326030000000173e+00 5.738957179999999880e+00 6.006555770000000294e+00 6.274122460000000068e+00 6.541657930000000398e+00 6.809162820000000060e+00 7.076637790000000372e+00 7.344083480000000108e+00 7.611500529999999820e+00 7.878889589999999998e+00 8.146251279999999539e+00 8.413586229999999944e+00 8.680895059999999219e+00 8.948178379999999876e+00 9.215436809999999923e+00 9.482670960000000093e+00 9.749881419999999466e+00 1.001706880000000055e+01 1.028423369999999970e+01 1.055137670000000050e+01 1.081849829999999990e+01 1.108559930000000016e+01 1.135267999999999944e+01 1.161974119999999999e+01 1.188678340000000055e+01 1.215380709999999986e+01 1.242081300000000077e+01 1.268780150000000084e+01 1.295477319999999999e+01 1.322172869999999989e+01 1.348866849999999928e+01 1.375559319999999985e+01 1.402250330000000034e+01 1.428939929999999947e+01 1.455628180000000071e+01 1.482315129999999925e+01 1.509000829999999915e+01 1.535685340000000032e+01 1.562368709999999972e+01 1.589050989999999963e+01 1.615732230000000058e+01 1.642412480000000130e+01 1.669091789999999875e+01 1.695770219999999995e+01 1.722447820000000007e+01 1.749124630000000025e+01 1.775800699999999921e+01 1.802476100000000159e+01 1.829150849999999906e+01
2.580088200000000143e+01 2.606769720000000135e+01 2.633452000000000126e+01 2.660135079999999874e+01 2.686819009999999963e+01 2.713503830000000150e+01 2.740189579999999836e+01 2.766876320000000078e+01 2.793564070000000044e+01 2.820252899999999840e+01 2.846942840000000174e+01 2.873633939999999853e+01 2.900326240000000055e+01 2.927019789999999944e+01 2.953714629999999985e+01 2.980410799999999938e+01 3.007108350000000030e+01 3.033807320000000018e+01 3.060507760000000133e+01 3.087209710000000129e+01 3.113913219999999882e+01 3.140618329999999858e+01 3.167325080000000170e+01 3.194033519999999982e+01 3.220743689999999759e+01 3.247455639999999732e+01 3.274169419999999775e+01 3.300885060000000237e+01 3.327602610000000283e+01 3.354322109999999668e+01 3.381043619999999805e+01 3.407767170000000334e+01 3.434492809999999707e+01 3.461220589999999930e+01 3.487950550000000050e+01 3.514682739999999939e+01 3.541417200000000065e+01 3.568153980000000303e+01 3.594893129999999815e+01 3.621634689999999779e+01 3.648378699999999952e+01 3.675125220000000326e+01 3.701874289999999945e+01 3.728625960000000106e+01 3.755380279999999971e+01 3.782137290000000007e+01 3.808897050000000206e+01 3.835659600000000324e+01 3.862424990000000236e+01 3.889193259999999697e+01
5.347434390000000093e+00 5.615217300000000300e+00 5.882966599999999602e+00 6.150682970000000083e+00 6.418367080000000335e+00 6.686019609999999780e+00 6.953641209999999795e+00 7.221232549999999861e+00 7.488794279999999581e+00 7.756327040000000395e+00 8.023831480000000127e+00 8.291308239999999330e+00 8.558757950000000392e+00 8.826181229999999545e+00 9.093578709999999177e+00 9.360951010000000849e+00 9.628298750000000794e+00 9.895622519999999867e+00 1.016292289999999987e+01 1.043020059999999916e+01 1.069745610000000013e+01 1.096468999999999916e+01 1.123190300000000086e+01 1.149909549999999925e+01 1.176626820000000073e+01 1.203342169999999989e+01 1.230055650000000078e+01 1.256767319999999977e+01 1.283477240000000030e+01 1.310185449999999996e+01 1.336892019999999981e+01 1.363597009999999976e+01 1.390300459999999916e+01 1.417002429999999968e+01 1.443702979999999947e+01 1.470402160000000080e+01 1.497100020000000065e+01 1.523796620000000068e+01 1.550492000000000026e+01 1.577186230000000045e+01 1.603879350000000059e+01 1.630571409999999943e+01 1.657262479999999982e+01 1.683952590000000171e+01 1.710641800000000146e+01 1.737330160000000134e+01 1.764017720000000011e+01 1.790704540000000122e+01 1.817390650000000107e+01 1.844076120000000074e+01
2.594976169999999982e+01 2.621668490000000062e+01 2.648361560000000026e+01 2.675055409999999867e+01 2.701750099999999932e+01 2.728445669999999978e+01 2.755142169999999879e+01 2.781839640000000102e+01 2.808538120000000049e+01 2.835237659999999948e+01 2.861938310000000030e+01 2.888640110000000050e+01 2.915343100000000121e+01 2.942047330000000116e+01 2.968752849999999910e+01 2.995459689999999853e+01 3.022167900000000174e+01 3.048877530000000036e+01 3.075588630000000023e+01 3.102301230000000132e+01 3.129015379999999880e+01 3.155731129999999851e+01 3.182448520000000158e+01 3.209167589999999848e+01 3.235888400000000331e+01 3.262610990000000299e+01 3.289335390000000103e+01 3.316061659999999733e+01 3.342789849999999774e+01 3.369519989999999865e+01 3.396252139999999997e+01 3.422986329999999811e+01 3.449722630000000123e+01 3.476461059999999748e+01 3.503201680000000096e+01 3.529944540000000330e+01 3.556689680000000209e+01 3.583437150000000315e+01 3.610186989999999696e+01 3.636939259999999763e+01 3.663694000000000273e+01 3.690451259999999678e+01 3.717211079999999868e+01 3.743973530000000238e+01 3.770738639999999720e+01 3.797506460000000317e+01 3.824277049999999889e+01 3.851050459999999731e+01 3.877826730000000310e+01 3.904605920000000197e+01
5.509732279999999705e+00 5.777649689999999616e+00 6.045533050000000408e+00 6.313383019999999846e+00 6.581200309999999831e+00 6.848985569999999967e+00 7.116739489999999613e+00 7.384462720000000147e+00 7.652155940000000101e+00 7.919819790000000026e+00 8.187454920000000413e+00 8.455061979999999977e+00 8.722641610000000156e+00 8.990194439999999787e+00 9.257721110000000309e+00 9.525222230000000678e+00 9.792698440000000559e+00 1.006015030000000010e+01 1.032757849999999955e+01 1.059498370000000023e+01 1.086236629999999970e+01 1.112972700000000081e+01 1.139706649999999932e+01 1.166438529999999929e+01 1.193168389999999945e+01 1.219896299999999911e+01 1.246622310000000056e+01 1.273346489999999953e+01 1.300068880000000071e+01 1.326789549999999984e+01 1.353508539999999982e+01 1.380225929999999934e+01 1.406941759999999952e+01 1.433656080000000088e+01 1.460368949999999977e+01 1.487080440000000081e+01 1.513790580000000041e+01 1.540499430000000025e+01 1.567207050000000024e+01 1.593913490000000088e+01 1.620618809999999854e+01 1.647323049999999967e+01 1.674026260000000121e+01 1.700728510000000071e+01 1.727429839999999928e+01 1.754130290000000159e+01 1.780829930000000161e+01 1.807528810000000163e+01 1.834226969999999923e+01 1.860924460000000025e+01
2.611561749999999904e+01 2.638266080000000002e+01 2.664971140000000105e+01 2.691676980000000086e+01 2.718383650000000173e+01 2.745091180000000008e+01 2.771799629999999937e+01 2.798509049999999831e+01 2.825219470000000044e+01 2.851930940000000092e+01 2.878643509999999850e+01 2.905357220000000140e+01 2.932072120000000126e+01 2.958788249999999920e+01 2.985505660000000105e+01 3.012224399999999847e+01 3.038944499999999849e+01 3.065666020000000103e+01 3.092388989999999893e+01 3.119113469999999921e+01 3.145839510000000061e+01 3.172567139999999952e+01 3.199296409999999824e+01 3.226027369999999905e+01 3.252760059999999953e+01 3.279494530000000196e+01 3.306230829999999798e+01 3.332968999999999937e+01 3.359709089999999776e+01 3.386451149999999899e+01 3.413195220000000063e+01 3.439941350000000142e+01 3.466689590000000010e+01 3.493439980000000133e+01 3.520192569999999677e+01 3.546947409999999934e+01 3.573704560000000185e+01 3.600464050000000071e+01 3.627225930000000176e+01 3.653990259999999779e+01 3.680757080000000059e+01 3.707526450000000295e+01 3.734298410000000246e+01 3.761073019999999900e+01 3.787850319999999726e+01 3.814630369999999715e+01 3.841413219999999740e+01 3.868198910000000268e+01 3.894987509999999986e+01 3.921779070000000189e+01
5.689914840000000140e+00 5.957983350000000122e+00 6.226017259999999887e+00 6.494017259999999681e+00 6.761984039999999752e+00 7.029918290000000347e+00 7.297820680000000060e+00 7.565691890000000086e+00 7.833532589999999907e+00 8.101343430000000012e+00 8.369125079999999883e+00 8.636878189999999123e+00 8.904603399999999169e+00 9.172301360000000514e+00 9.439972700000000216e+00 9.707618059999999716e+00 9.975238069999999624e+00 1.024283329999999914e+01 1.051040449999999993e+01 1.077795219999999965e+01 1.104547699999999999e+01 1.131297939999999969e+01 1.158046030000000037e+01 1.184792000000000023e+01 1.211535920000000033e+01 1.238277850000000058e+01 1.265017850000000088e+01 1.291755979999999937e+01 1.318492290000000011e+01 1.345226839999999946e+01 1.371959690000000087e+01 1.398690889999999953e+01 1.425420500000000068e+01 1.452148569999999950e+01 1.478875170000000061e+01 1.505600339999999981e+01 1.532324149999999996e+01 1.559046629999999922e+01 1.585767859999999985e+01 1.612487880000000118e+01 1.639206739999999840e+01 1.665924499999999853e+01 1.692641220000000146e+01 1.719356930000000006e+01 1.746071699999999893e+01 1.772785580000000039e+01 1.799498619999999960e+01 1.826210869999999886e+01 1.852922369999999930e+01 1.879633189999999843e+01
2.821263829999999828e+01 2.847981880000000032e+01 2.874700999999999951e+01 2.901421240000000168e+01 2.928142649999999847e+01 2.954865270000000166e+01 2.981589140000000171e+01 3.008314319999999853e+01 3.035040839999999918e+01 3.061768760000000000e+01 3.088498119999999858e+01 3.115228970000000075e+01 3.141961339999999936e+01 3.168695299999999904e+01 3.195430879999999974e+01 3.222168130000000019e+01 3.248907100000000270e+01 3.275647829999999772e+01 3.302390369999999820e+01 3.329134770000000287e+01 3.355881080000000338e+01 3.382629339999999729e+01 3.409379599999999755e+01 3.436131910000000289e+01 3.462886309999999668e+01 3.489642860000000013e+01 3.516401599999999661e+01 3.543162590000000023e+01 3.569925860000000029e+01 3.596691479999999785e+01 3.623459480000000354e+01 3.650229929999999712e+01 3.677002860000000339e+01 3.703778340000000213e+01 3.730556399999999684e+01 3.757337119999999686e+01 3.784120519999999743e+01 3.810906680000000080e+01 3.837695630000000335e+01 3.864487439999999907e+01 3.891282149999999973e+01 3.918079829999999930e+01 3.944880520000000246e+01 3.971684280000000200e+01 3.998491169999999784e+01 4.025301240000000291e+01 4.052114550000000293e+01 4.078931159999999778e+01 4.105751120000000043e+01 4.132574499999999773e+01
3.879529849999999946e+00 4.147939469999999851e+00 4.416309250000000297e+00 4.684639920000000402e+00 4.952932200000000229e+00 5.221186829999999723e+00 5.489404519999999899e+00 5.757585979999999992e+00 6.025731930000000069e+00 6.293843050000000439e+00 6.561920060000000277e+00 6.773246590000000289e+00 7.041219289999999909e+00 7.309159990000000384e+00 7.577069360000000309e+00 7.844948060000000112e+00 8.112796769999999213e+00 8.380616140000000769e+00 8.648406809999999112e+00 8.916169460000000768e+00 9.183904699999999366e+00 9.451613189999999776e+00 9.719295550000000006e+00 9.986952430000000547e+00 1.025458440000000060e+01 1.052219219999999922e+01 1.078977629999999976e+01 1.105733739999999976e+01 1.132487609999999911e+01 1.159239290000000011e+01 1.185988859999999967e+01 1.212736360000000069e+01 1.239481849999999952e+01 1.266225410000000018e+01 1.292967070000000085e+01 1.319706910000000022e+01 1.346444969999999941e+01 1.373181319999999950e+01 1.399916009999999922e+01 1.426649090000000086e+01 1.447594460000000005e+01 1.474320879999999967e+01 1.501045859999999976e+01 1.527769460000000024e+01 1.554491739999999922e+01 1.581212739999999961e+01 1.607932530000000071e+01 1.634651159999999948e+01 1.661368669999999881e+01 1.688085119999999861e+01
2.804254470000000055e+01 2.830959929999999858e+01 2.857666479999999964e+01 2.884374150000000014e+01 2.911082999999999998e+01 2.937793059999999912e+01 2.964504379999999983e+01 2.991216999999999970e+01 3.017930979999999863e+01 3.044646350000000012e+01 3.071363159999999937e+01 3.098081459999999865e+01 3.124801280000000148e+01 3.151522689999999827e+01 3.178245709999999846e+01 3.204970399999999842e+01 3.231696800000000280e+01 3.258424949999999853e+01 3.285154909999999973e+01 3.311886719999999684e+01 3.338620420000000166e+01 3.365356059999999871e+01 3.392093679999999978e+01 3.418833339999999765e+01 3.445575079999999701e+01 3.472318940000000254e+01 3.499064969999999875e+01 3.525813219999999859e+01 3.552563740000000081e+01 3.579316570000000297e+01 3.606071759999999671e+01 3.632829370000000324e+01 3.659589429999999766e+01 3.686351990000000001e+01 3.713117110000000309e+01 3.739884839999999855e+01 3.766655219999999815e+01 3.793428300000000064e+01 3.820204139999999882e+01 3.846982779999999735e+01 3.873764280000000326e+01 3.900548679999999990e+01 3.927336050000000256e+01 3.954126420000000053e+01 3.980919860000000199e+01 4.007716419999999857e+01 4.034516150000000323e+01 4.061319110000000165e+01 4.088125349999999969e+01 4.114934920000000318e+01
3.689936980000000144e+00 3.958184430000000198e+00 4.226392579999999732e+00 4.494562170000000023e+00 4.762693930000000186e+00 5.030788560000000409e+00 5.298846779999999868e+00 5.566869299999999576e+00 5.834856819999999722e+00 6.102810029999999664e+00 6.370729629999999588e+00 6.638616289999999864e+00 6.906470699999999852e+00 7.174293529999999919e+00 7.442085450000000435e+00 7.709847120000000054e+00 7.977579200000000093e+00 8.245282350000000093e+00 8.512957200000000668e+00 8.780604399999999643e+00 9.048224599999999285e+00 9.315818410000000327e+00 9.583386479999999708e+00 9.850929419999999936e+00 1.011844789999999961e+01 1.038594239999999935e+01 1.065341360000000037e+01 1.092086220000000019e+01 1.118828869999999931e+01 1.145569369999999942e+01 1.172307780000000044e+01 1.199044160000000048e+01 1.225778569999999945e+01 1.252511070000000082e+01 1.279241700000000037e+01 1.305970540000000035e+01 1.332697639999999950e+01 1.359423050000000011e+01 1.386146819999999913e+01 1.412869030000000059e+01 1.439589709999999911e+01 1.466308929999999933e+01 1.493026739999999997e+01 1.519743189999999977e+01 1.546458340000000042e+01 1.573172250000000005e+01 1.599884950000000039e+01 1.626596520000000012e+01 1.653306990000000098e+01 1.680016429999999872e+01
2.788926239999999979e+01 2.815620380000000011e+01 2.842315599999999876e+01 2.869011959999999917e+01 2.895709499999999892e+01 2.922408259999999913e+01 2.949108289999999855e+01 2.975809629999999828e+01 3.002512319999999946e+01 3.029216419999999843e+01 3.055921959999999871e+01 3.082628989999999902e+01 3.109337550000000050e+01 3.136047689999999832e+01 3.162759450000000072e+01 3.189472870000000171e+01 3.216188009999999764e+01 3.242904899999999913e+01 3.269623589999999780e+01 3.296344119999999833e+01 3.323066539999999947e+01 3.349790899999999993e+01 3.376517230000000325e+01 3.403245590000000220e+01 3.429976020000000148e+01 3.456708559999999864e+01 3.483443259999999952e+01 3.510180160000000171e+01 3.536919319999999800e+01 3.563660769999999900e+01 3.590404569999999751e+01 3.617150759999999821e+01 3.643899379999999866e+01 3.670650479999999760e+01 3.697404120000000205e+01 3.724160340000000247e+01 3.750919170000000236e+01 3.777680689999999686e+01 3.804444920000000252e+01 3.831211929999999910e+01 3.857981749999999721e+01 3.884754449999999792e+01 3.911530059999999764e+01 3.938308640000000338e+01 3.965090239999999966e+01 3.991874909999999943e+01 4.018662700000000143e+01 4.045453669999999846e+01 4.072247860000000230e+01 4.099045319999999748e+01
3.518573190000000128e+00 3.786675199999999908e+00 4.054738409999999682e+00 4.322763550000000343e+00 4.590751319999999858e+00 4.858702450000000006e+00 5.126617630000000148e+00 5.394497580000000347e+00 5.662342980000000026e+00 5.930154520000000318e+00 6.197932889999999695e+00 6.465678760000000302e+00 6.733392809999999784e+00 7.001075700000000346e+00 7.268728099999999692e+00 7.536350660000000090e+00 7.803944030000000254e+00 8.071508859999999785e+00 8.339045790000000125e+00 8.606555459999999158e+00 8.874038499999999274e+00 9.141495530000000258e+00 9.408927170000000118e+00 9.676334049999999465e+00 9.943716759999999155e+00 1.021107590000000087e+01 1.047841219999999929e+01 1.074572599999999944e+01 1.101301819999999942e+01 1.128028909999999918e+01 1.154753949999999918e+01 1.181476989999999994e+01 1.208198080000000019e+01 1.234917300000000040e+01 1.261634680000000053e+01 1.288350289999999987e+01 1.315064190000000011e+01 1.341776429999999998e+01 1.368487069999999939e+01 1.395196149999999946e+01 1.421903750000000066e+01 1.448609899999999939e+01 1.475314670000000028e+01 1.502018110000000028e+01 1.528720269999999992e+01 1.555421199999999970e+01 1.582120959999999954e+01 1.608819599999999994e+01 1.635517180000000081e+01 1.662213729999999856e+01
2.775143279999999990e+01 2.801827289999999948e+01 2.828512389999999854e+01 2.855198640000000054e+01 2.881886079999999950e+01 2.908574739999999892e+01 2.935264689999999987e+01 2.961955950000000115e+01 2.988648570000000149e+01 3.015342610000000079e+01 3.042038090000000139e+01 3.068735069999999965e+01 3.095433590000000024e+01 3.122133690000000072e+01 3.148835419999999985e+01 3.175538819999999873e+01 3.202243940000000322e+01 3.228950809999999905e+01 3.255659490000000034e+01 3.282370010000000349e+01 3.309082420000000013e+01 3.335796779999999728e+01 3.362513109999999728e+01 3.389231459999999885e+01 3.415951880000000074e+01 3.442674420000000168e+01 3.469399109999999808e+01 3.496126009999999695e+01 3.522855160000000296e+01 3.549586589999999831e+01 3.576320369999999826e+01 3.603056529999999924e+01 3.629795119999999997e+01 3.656536179999999803e+01 3.683279770000000042e+01 3.710025920000000355e+01 3.736774690000000021e+01 3.763526120000000219e+01 3.790280260000000112e+01 3.817037150000000167e+01 3.843796849999999665e+01 3.870559389999999667e+01 3.897324840000000279e+01 3.924093229999999721e+01 3.950864630000000233e+01 3.977639059999999915e+01 4.004416599999999704e+01 4.031197279999999949e+01 4.057981159999999932e+01 4.084768290000000235e+01
3.364718649999999922e+00 3.632691739999999836e+00 3.900626459999999796e+00 4.168523529999999866e+00 4.436383669999999668e+00 4.704207570000000338e+00 4.971995940000000225e+00 5.239749480000000403e+00 5.507468870000000294e+00 5.775154790000000204e+00 6.042807920000000443e+00 6.310428929999999603e+00 6.578018489999999829e+00 6.845577259999999775e+00 7.113105889999999931e+00 7.380605029999999900e+00 7.648075330000000172e+00 7.915517430000000410e+00 8.182931959999999449e+00 8.450319549999999680e+00 8.717680819999999997e+00 8.985016399999999237e+00 9.252326899999999910e+00 9.519612929999999196e+00 9.786875099999999605e+00 1.005411400000000022e+01 1.032133020000000023e+01 1.058852440000000072e+01 1.085569710000000043e+01 1.112284889999999926e+01 1.138998029999999950e+01 1.165709200000000045e+01 1.192418460000000024e+01 1.219125850000000000e+01 1.245831440000000079e+01 1.272535279999999958e+01 1.299237429999999982e+01 1.325937940000000026e+01 1.352636870000000080e+01 1.379334270000000018e+01 1.406030200000000008e+01 1.432724709999999924e+01 1.459417849999999994e+01 1.486109680000000033e+01 1.512800249999999913e+01 1.539489619999999981e+01 1.566177820000000054e+01 1.592864930000000001e+01 1.619550990000000112e+01 1.646236049999999906e+01
2.763069480000000055e+01 2.789744569999999868e+01 2.816420779999999979e+01 2.843098140000000029e+01 2.869776690000000130e+01 2.896456480000000155e+01 2.923137559999999979e+01 2.949819970000000069e+01 2.976503749999999826e+01 3.003188940000000073e+01 3.029875589999999974e+01 3.056563739999999996e+01 3.083253450000000129e+01 3.109944739999999896e+01 3.136637659999999883e+01 3.163332270000000079e+01 3.190028590000000008e+01 3.216726680000000016e+01 3.243426579999999859e+01 3.270128330000000005e+01 3.296831980000000328e+01 3.323537559999999758e+01 3.350245129999999705e+01 3.376954729999999927e+01 3.403666400000000181e+01 3.430380180000000223e+01 3.457096130000000045e+01 3.483814279999999997e+01 3.510534669999999835e+01 3.537257360000000261e+01 3.563982390000000322e+01 3.590709799999999774e+01 3.617439639999999912e+01 3.644171949999999782e+01 3.670906779999999969e+01 3.697644170000000230e+01 3.724384169999999727e+01 3.751126820000000350e+01 3.777872169999999841e+01 3.804620280000000321e+01 3.831371169999999893e+01 3.858124910000000085e+01 3.884881529999999827e+01 3.911641089999999821e+01 3.938403629999999822e+01 3.965169209999999822e+01 3.991937860000000171e+01 4.018709650000000266e+01 4.045484609999999748e+01 4.072262800000000027e+01
3.228485430000000100e+00 3.496345869999999856e+00 3.764168320000000012e+00 4.031953480000000312e+00 4.299702070000000376e+00 4.567414780000000007e+00 4.835092310000000282e+00 5.102735349999999670e+00 5.370344570000000317e+00 5.637920659999999806e+00 5.905464270000000404e+00 6.172976089999999694e+00 6.440456760000000003e+00 6.707906939999999985e+00 6.975327280000000130e+00 7.242718420000000101e+00 7.510081010000000390e+00 7.777415669999999892e+00 8.044723030000000108e+00 8.312003710000000822e+00 8.579258340000000871e+00 8.846487529999999211e+00 9.113691879999999301e+00 9.380872009999999150e+00 9.648028500000000562e+00 9.915161960000000718e+00 1.018227300000000035e+01 1.044936210000000010e+01 1.071643000000000079e+01 1.098347719999999939e+01 1.125050429999999935e+01 1.151751179999999941e+01 1.178450029999999948e+01 1.205147039999999947e+01 1.231842269999999928e+01 1.258535760000000003e+01 1.285227579999999925e+01 1.311917779999999922e+01 1.338606410000000047e+01 1.365293529999999933e+01 1.391979199999999928e+01 1.418663459999999965e+01 1.445346359999999919e+01 1.472027970000000074e+01 1.498708330000000011e+01 1.525387500000000074e+01 1.552065529999999960e+01 1.578742470000000075e+01 1.605418369999999939e+01 1.632093280000000135e+01
2.752725260000000063e+01 2.779392680000000126e+01 2.806061210000000017e+01 2.832730899999999963e+01 2.859401799999999838e+01 2.886073950000000110e+01 2.912747380000000064e+01 2.939422160000000162e+01 2.966098309999999927e+01 2.992775879999999944e+01 3.019454929999999848e+01 3.046135479999999873e+01 3.072817590000000010e+01 3.099501289999999898e+01 3.126186639999999883e+01 3.152873669999999962e+01 3.179562430000000006e+01 3.206252959999999774e+01 3.232945310000000205e+01 3.259639510000000229e+01 3.286335619999999835e+01 3.313033670000000086e+01 3.339733710000000144e+01 3.366435779999999767e+01 3.393139939999999655e+01 3.419846210000000042e+01 3.446554640000000092e+01 3.473265279999999677e+01 3.499978180000000094e+01 3.526693360000000155e+01 3.553410889999999966e+01 3.580130799999999880e+01 3.606853149999999886e+01 3.633577960000000218e+01 3.660305290000000156e+01 3.687035180000000167e+01 3.713767680000000126e+01 3.740502829999999790e+01 3.767240679999999742e+01 3.793981279999999856e+01 3.820724659999999773e+01 3.847470880000000193e+01 3.874219970000000046e+01 3.900972000000000151e+01 3.927727000000000146e+01 3.954485019999999906e+01 3.981246120000000133e+01 4.008010329999999755e+01 4.034777700000000067e+01 4.061548290000000350e+01
3.110028540000000064e+00 3.377792279999999980e+00 3.645518340000000190e+00 3.913207439999999870e+00 4.180860260000000217e+00 4.448477510000000024e+00 4.716059869999999599e+00 4.983608020000000138e+00 5.251122630000000235e+00 5.518604380000000198e+00 5.786053919999999628e+00 6.053471929999999723e+00 6.320859050000000146e+00 6.588215919999999670e+00 6.855543199999999615e+00 7.122841509999999765e+00 7.390111499999999722e+00 7.657353780000000221e+00 7.924568980000000096e+00 8.191757720000000020e+00 8.458920609999999840e+00 8.726058260000000288e+00 8.993171269999999495e+00 9.260260230000000092e+00 9.527325749999999260e+00 9.794368410000000580e+00 1.006138879999999958e+01 1.032838749999999983e+01 1.059536510000000042e+01 1.086232210000000009e+01 1.112925919999999991e+01 1.139617690000000039e+01 1.166307570000000027e+01 1.192995630000000062e+01 1.219681910000000080e+01 1.246366480000000010e+01 1.273049379999999964e+01 1.299730669999999932e+01 1.326410410000000084e+01 1.353088649999999937e+01 1.379765440000000076e+01 1.406440830000000020e+01 1.433114890000000052e+01 1.459787659999999931e+01 1.486459190000000063e+01 1.513129540000000084e+01 1.539798749999999927e+01 1.566466879999999939e+01 1.593133989999999933e+01 1.619800109999999904e+01
2.744117269999999920e+01 2.770778250000000043e+01 2.797440350000000109e+01 2.824103609999999875e+01 2.850768090000000043e+01 2.877433830000000015e+01 2.904100860000000139e+01 2.930769240000000053e+01 2.957439000000000107e+01 2.984110190000000173e+01 3.010782860000000127e+01 3.037457050000000081e+01 3.064132790000000028e+01 3.090810150000000078e+01 3.117489139999999992e+01 3.144169839999999994e+01 3.170852259999999845e+01 3.197536470000000008e+01 3.224222489999999652e+01 3.250910389999999950e+01 3.277600189999999714e+01 3.304291940000000238e+01 3.330985679999999860e+01 3.357681469999999990e+01 3.384379340000000269e+01 3.411079329999999743e+01 3.437781489999999707e+01 3.464485859999999917e+01 3.491192490000000248e+01 3.517901419999999746e+01 3.544612699999999705e+01 3.571326359999999767e+01 3.598042449999999803e+01 3.624761010000000283e+01 3.651482099999999775e+01 3.678205739999999935e+01 3.704932000000000158e+01 3.731660910000000086e+01 3.758392520000000303e+01 3.785126859999999738e+01 3.811863999999999919e+01 3.838603969999999777e+01 3.865346819999999894e+01 3.892092590000000030e+01 3.918841330000000056e+01 3.945593089999999847e+01 3.972347909999999871e+01 3.999105840000000001e+01 4.025866930000000110e+01 4.052631230000000073e+01
3.009418319999999980e+00 3.277100990000000102e+00 3.544746229999999887e+00 3.812354759999999843e+00 4.079927269999999773e+00 4.347464440000000430e+00 4.614966950000000345e+00 4.882435489999999767e+00 5.149870710000000074e+00 5.417273289999999797e+00 5.684643870000000376e+00 5.951983130000000344e+00 6.219291690000000372e+00 6.486570210000000003e+00 6.753819309999999909e+00 7.021039639999999693e+00 7.288231820000000027e+00 7.555396469999999809e+00 7.822534209999999710e+00 8.089645640000000526e+00 8.356731390000000204e+00 8.623792030000000608e+00 8.890828190000000575e+00 9.157840450000000132e+00 9.424829389999999307e+00 9.691795620000000611e+00 9.958739689999999811e+00 1.022566220000000037e+01 1.049256369999999983e+01 1.075944480000000070e+01 1.102630599999999994e+01 1.129314800000000041e+01 1.155997110000000028e+01 1.182677619999999941e+01 1.209356350000000013e+01 1.236033379999999937e+01 1.262708750000000002e+01 1.289382529999999960e+01 1.316054749999999984e+01 1.342725480000000005e+01 1.369394780000000011e+01 1.396062680000000000e+01 1.422729260000000018e+01 1.449394550000000059e+01 1.476058599999999998e+01 1.502721490000000060e+01 1.529383239999999944e+01 1.556043919999999936e+01 1.582703569999999971e+01 1.609362249999999861e+01
2.737251750000000072e+01 2.763907550000000057e+01 2.790564480000000103e+01 2.817222579999999965e+01 2.843881899999999874e+01 2.870542469999999824e+01 2.897204359999999923e+01 2.923867590000000050e+01 2.950532219999999839e+01 2.977198279999999997e+01 3.003865820000000042e+01 3.030534889999999848e+01 3.057205520000000121e+01 3.083877770000000140e+01 3.110551669999999902e+01 3.137227259999999873e+01 3.163904600000000045e+01 3.190583730000000173e+01 3.217264680000000254e+01 3.243947500000000161e+01 3.270632239999999769e+01 3.297318930000000137e+01 3.324007629999999835e+01 3.350698369999999926e+01 3.377391190000000165e+01 3.404086149999999833e+01 3.430783279999999991e+01 3.457482629999999801e+01 3.484184239999999733e+01 3.510888150000000252e+01 3.537594409999999812e+01 3.564303060000000301e+01 3.591014150000000171e+01 3.617727719999999891e+01 3.644443799999999811e+01 3.671162460000000038e+01 3.697883720000000096e+01 3.724607639999999975e+01 3.751334250000000026e+01 3.778063610000000239e+01 3.804795759999999660e+01 3.831530740000000179e+01 3.858268600000000248e+01 3.885009380000000334e+01 3.911753130000000311e+01 3.938499889999999937e+01 3.965249719999999911e+01 3.992002649999999875e+01 4.018758739999999818e+01 4.045518020000000092e+01
2.926765839999999841e+00 3.194382730000000059e+00 3.461962399999999995e+00 3.729505549999999836e+00 3.997012880000000212e+00 4.264485050000000221e+00 4.531922759999999606e+00 4.799326660000000189e+00 5.066697429999999613e+00 5.334035710000000208e+00 5.601342179999999615e+00 5.868617470000000225e+00 6.135862219999999922e+00 6.403077080000000088e+00 6.670262669999999616e+00 6.937419620000000009e+00 7.204548560000000101e+00 7.471650089999999800e+00 7.738724839999999716e+00 8.005773409999999757e+00 8.272796389999999889e+00 8.539794399999999897e+00 8.806768019999999808e+00 9.073717849999999530e+00 9.340644460000000038e+00 9.607548440000000411e+00 9.874430370000000678e+00 1.014129080000000016e+01 1.040813029999999983e+01 1.067494950000000031e+01 1.094174890000000033e+01 1.120852909999999980e+01 1.147529059999999923e+01 1.174203400000000030e+01 1.200875979999999998e+01 1.227546850000000056e+01 1.254216079999999955e+01 1.280883709999999986e+01 1.307549810000000079e+01 1.334214410000000051e+01 1.360877570000000070e+01 1.387539360000000066e+01 1.414199810000000035e+01 1.440858990000000084e+01 1.467516930000000031e+01 1.494173709999999922e+01 1.520829359999999930e+01 1.547483929999999930e+01 1.574137490000000028e+01 1.600790070000000043e+01
2.732134130000000027e+01 2.758786029999999911e+01 2.785439059999999856e+01 2.812093270000000089e+01 2.838748700000000014e+01 2.865405399999999858e+01 2.892063410000000090e+01 2.918722770000000111e+01 2.945383530000000150e+01 2.972045729999999963e+01 2.998709420000000136e+01 3.025374629999999954e+01 3.052041420000000116e+01 3.078709819999999908e+01 3.105379879999999915e+01 3.132051650000000009e+01 3.158725159999999832e+01 3.185400459999999967e+01 3.212077599999999933e+01 3.238756610000000080e+01 3.265437539999999927e+01 3.292120429999999942e+01 3.318805329999999998e+01 3.345492279999999852e+01 3.372181319999999971e+01 3.398872500000000230e+01 3.425565850000000268e+01 3.452261419999999958e+01 3.478959270000000004e+01 3.505659409999999809e+01 3.532361910000000194e+01 3.559066810000000203e+01 3.585774140000000187e+01 3.612483960000000138e+01 3.639196299999999695e+01 3.665911200000000036e+01 3.692628729999999848e+01 3.719348899999999958e+01 3.746071779999999762e+01 3.772797409999999729e+01 3.799525820000000209e+01 3.826257069999999771e+01 3.852991190000000188e+01 3.879728240000000028e+01 3.906468259999999759e+01 3.933211289999999849e+01 3.959957380000000171e+01 3.986706579999999889e+01 4.013458920000000063e+01 4.040214470000000091e+01
2.862145149999999916e+00 3.129711239999999783e+00 3.397240270000000173e+00 3.664732939999999939e+00 3.932189919999999894e+00 4.199611899999999842e+00 4.466999539999999769e+00 4.734353519999999982e+00 5.001674480000000145e+00 5.268963099999999677e+00 5.536220010000000080e+00 5.803445860000000067e+00 6.070641290000000190e+00 6.337806930000000172e+00 6.604943399999999798e+00 6.872051339999999620e+00 7.139131360000000370e+00 7.406184080000000058e+00 7.673210090000000427e+00 7.940210010000000374e+00 8.207184429999999864e+00 8.474133939999999754e+00 8.741059149999999889e+00 9.007960620000000418e+00 9.274838960000000299e+00 9.541694720000000629e+00 9.808528490000000488e+00 1.007534079999999932e+01 1.034213229999999939e+01 1.060890350000000026e+01 1.087565500000000007e+01 1.114238719999999994e+01 1.140910090000000032e+01 1.167579639999999941e+01 1.194247440000000005e+01 1.220913539999999919e+01 1.247578000000000031e+01 1.274240859999999920e+01 1.300902190000000047e+01 1.327562029999999993e+01 1.354220429999999986e+01 1.380877459999999957e+01 1.407533150000000077e+01 1.434187569999999923e+01 1.460840770000000077e+01 1.487492789999999943e+01 1.514143690000000042e+01 1.540793509999999955e+01 1.567442319999999967e+01 1.594090150000000072e+01
2.728765560000000079e+01 2.755414860000000132e+01 2.782065300000000008e+01 2.808716920000000172e+01 2.835369760000000028e+01 2.862023870000000159e+01 2.888679289999999966e+01 2.915336070000000035e+01 2.941994250000000122e+01 2.968653880000000100e+01 2.995315000000000083e+01 3.021977640000000065e+01 3.048641870000000154e+01 3.075307709999999872e+01 3.101975219999999922e+01 3.128644429999999943e+01 3.155315399999999926e+01 3.181988150000000104e+01 3.208662749999999875e+01 3.235339220000000182e+01 3.262017620000000306e+01 3.288697979999999887e+01 3.315380350000000220e+01 3.342064770000000351e+01 3.368751290000000154e+01 3.395439950000000096e+01 3.422130789999999934e+01 3.448823860000000252e+01 3.475519189999999981e+01 3.502216839999999820e+01 3.528916840000000121e+01 3.555619229999999931e+01 3.582324069999999949e+01 3.609031389999999817e+01 3.635741240000000118e+01 3.662453670000000017e+01 3.689168699999999745e+01 3.715886400000000123e+01 3.742606789999999961e+01 3.769329940000000079e+01 3.796055869999999999e+01 3.822784639999999712e+01 3.849516289999999685e+01 3.876250869999999793e+01 3.902988409999999675e+01 3.929728959999999915e+01 3.956472579999999795e+01 3.983219299999999663e+01 4.009969170000000105e+01 4.036722240000000284e+01
2.815605769999999897e+00 3.083135780000000103e+00 3.350628850000000103e+00 3.618085649999999820e+00 3.885506860000000007e+00 4.152893169999999579e+00 4.420245229999999914e+00 4.687563719999999989e+00 4.954849290000000295e+00 5.222102590000000433e+00 5.489324270000000006e+00 5.756514969999999565e+00 6.023675319999999722e+00 6.290805950000000202e+00 6.557907499999999779e+00 6.824980570000000135e+00 7.092025780000000168e+00 7.359043749999999662e+00 7.626035070000000360e+00 7.893000350000000331e+00 8.159940190000000371e+00 8.426855180000000445e+00 8.693745899999999693e+00 8.960612929999999920e+00 9.227456869999999256e+00 9.494278270000000575e+00 9.761077719999999402e+00 1.002785579999999932e+01 1.029461300000000001e+01 1.056134999999999913e+01 1.082806719999999956e+01 1.109476530000000061e+01 1.136144479999999923e+01 1.162810619999999950e+01 1.189475009999999955e+01 1.216137709999999927e+01 1.242798750000000041e+01 1.269458209999999987e+01 1.296116130000000055e+01 1.322772570000000059e+01 1.349427569999999932e+01 1.376081190000000021e+01 1.402733489999999961e+01 1.429384510000000041e+01 1.456034299999999959e+01 1.482682920000000060e+01 1.509330420000000039e+01 1.535976849999999949e+01 1.562622260000000018e+01 1.589266690000000004e+01
2.727147450000000006e+01 2.753795470000000023e+01 2.780444620000000100e+01 2.807094950000000111e+01 2.833746509999999930e+01 2.860399350000000140e+01 2.887053489999999911e+01 2.913709000000000060e+01 2.940365900000000110e+01 2.967024260000000169e+01 2.993684100000000115e+01 3.020345479999999938e+01 3.047008440000000107e+01 3.073673020000000022e+01 3.100339260000000152e+01 3.127007220000000132e+01 3.153676919999999839e+01 3.180348419999999976e+01 3.207021759999999944e+01 3.233696979999999854e+01 3.260374120000000175e+01 3.287053240000000187e+01 3.313734360000000123e+01 3.340417539999999974e+01 3.367102820000000207e+01 3.393790239999999869e+01 3.420479840000000138e+01 3.447171660000000060e+01 3.473865760000000336e+01 3.500562169999999895e+01 3.527260940000000033e+01 3.553962109999999797e+01 3.580665719999999652e+01 3.607371810000000067e+01 3.634080430000000206e+01 3.660791629999999941e+01 3.687505440000000334e+01 3.714221919999999955e+01 3.740941089999999747e+01 3.767663019999999818e+01 3.794387729999999692e+01 3.821115290000000186e+01 3.847845720000000114e+01 3.874579070000000058e+01 3.901315400000000011e+01 3.928054740000000322e+01 3.954797140000000155e+01 3.981542639999999977e+01 4.008291299999999779e+01 4.035043149999999912e+01
2.787193010000000193e+00 3.054701450000000040e+00 3.322172999999999821e+00 3.589608339999999842e+00 3.857008149999999969e+00 4.124373109999999620e+00 4.391703889999999610e+00 4.659001130000000046e+00 4.926265510000000347e+00 5.193497670000000177e+00 5.460698250000000087e+00 5.727867899999999679e+00 5.995007239999999626e+00 6.262116899999999653e+00 6.529197510000000371e+00 6.796249689999999788e+00 7.063274039999999587e+00 7.330271180000000442e+00 7.597241709999999593e+00 7.864186229999999611e+00 8.131105330000000464e+00 8.397999609999999393e+00 8.664869639999999151e+00 8.931716019999999645e+00 9.198539309999999247e+00 9.465340089999999762e+00 9.732118939999999441e+00 9.998876409999999382e+00 1.026561309999999949e+01 1.053232949999999946e+01 1.079902620000000013e+01 1.106570379999999965e+01 1.133236269999999912e+01 1.159900370000000080e+01 1.186562709999999932e+01 1.213223349999999989e+01 1.239882350000000066e+01 1.266539760000000037e+01 1.293195629999999952e+01 1.319850019999999979e+01 1.346502979999999994e+01 1.373154549999999929e+01 1.399804800000000071e+01 1.426453769999999999e+01 1.453101520000000058e+01 1.479748099999999944e+01 1.506393549999999948e+01 1.533037930000000060e+01 1.559681289999999976e+01 1.586323679999999925e+01
2.727281280000000052e+01 2.753929330000000064e+01 2.780578519999999898e+01 2.807228890000000021e+01 2.833880489999999952e+01 2.860533350000000041e+01 2.887187529999999924e+01 2.913843079999999830e+01 2.940500019999999992e+01 2.967158410000000046e+01 2.993818290000000104e+01 3.020479710000000040e+01 3.047142699999999849e+01 3.073807319999999876e+01 3.100473600000000118e+01 3.127141590000000093e+01 3.153811329999999913e+01 3.180482870000000162e+01 3.207156239999999769e+01 3.233831500000000148e+01 3.260508680000000226e+01 3.287187839999999994e+01 3.313868999999999687e+01 3.340552220000000005e+01 3.367237529999999879e+01 3.393924990000000008e+01 3.420614619999999917e+01 3.447306489999999712e+01 3.474000629999999745e+01 3.500697079999999772e+01 3.527395880000000261e+01 3.554097089999999781e+01 3.580800740000000104e+01 3.607506870000000276e+01 3.634215530000000172e+01 3.660926769999999664e+01 3.687640619999999814e+01 3.714357139999999902e+01 3.741076350000000161e+01 3.767798319999999990e+01 3.794523070000000331e+01 3.821250659999999755e+01 3.847981140000000266e+01 3.874714529999999968e+01 3.901450899999999677e+01 3.928190279999999746e+01 3.954932720000000046e+01 3.981678269999999742e+01 4.008426959999999895e+01 4.035178849999999784e+01
2.776930150000000097e+00 3.044431390000000182e+00 3.311895760000000077e+00 3.579323940000000093e+00 3.846716610000000092e+00 4.114074450000000382e+00 4.381398110000000123e+00 4.648688260000000128e+00 4.915945559999999936e+00 5.183170650000000101e+00 5.450364170000000286e+00 5.717526770000000091e+00 5.984659080000000131e+00 6.251761730000000128e+00 6.518835329999999928e+00 6.785880500000000204e+00 7.052897869999999791e+00 7.319888030000000434e+00 7.586851580000000261e+00 7.853789139999999946e+00 8.120701280000000466e+00 8.387588600000000838e+00 8.654451690000000141e+00 8.921291130000000180e+00 9.188107490000000155e+00 9.454901339999999266e+00 9.721673259999999317e+00 9.988423810000000458e+00 1.025515359999999987e+01 1.052186299999999974e+01 1.078855279999999972e+01 1.105522350000000031e+01 1.132187560000000026e+01 1.158850960000000008e+01 1.185512609999999967e+01 1.212172559999999955e+01 1.238830869999999962e+01 1.265487590000000040e+01 1.292142770000000063e+01 1.318796470000000021e+01 1.345448730000000026e+01 1.372099620000000009e+01 1.398749169999999964e+01 1.425397449999999999e+01 1.452044509999999988e+01 1.478690390000000043e+01 1.505335149999999977e+01 1.531978840000000019e+01 1.558621510000000043e+01 1.585263199999999983e+01
2.729165090000000049e+01 2.755814489999999850e+01 2.782465029999999828e+01 2.809116759999999857e+01 2.835769700000000171e+01 2.862423920000000166e+01 2.889079449999999838e+01 2.915736340000000126e+01 2.942394630000000078e+01 2.969054369999999921e+01 2.995715590000000006e+01 3.022378349999999969e+01 3.049042680000000161e+01 3.075708639999999860e+01 3.102376260000000130e+01 3.129045580000000015e+01 3.155716650000000101e+01 3.182389519999999905e+01 3.209064229999999895e+01 3.235740810000000067e+01 3.262419320000000056e+01 3.289099800000000329e+01 3.315782289999999932e+01 3.342466819999999927e+01 3.369153459999999711e+01 3.395842230000000228e+01 3.422533190000000047e+01 3.449226370000000230e+01 3.475921819999999940e+01 3.502619580000000354e+01 3.529319689999999810e+01 3.556022209999999717e+01 3.582727160000000310e+01 3.609434600000000160e+01 3.636144569999999732e+01 3.662857110000000205e+01 3.689572270000000032e+01 3.716290080000000273e+01 3.743010600000000210e+01 3.769733860000000192e+01 3.796459920000000210e+01 3.823188809999999904e+01 3.849920579999999859e+01 3.876655279999999948e+01 3.903392939999999811e+01 3.930133620000000150e+01 3.956877360000000010e+01 3.983624199999999860e+01 4.010374199999999689e+01 4.037127389999999849e+01
2.784846480000000124e+00 3.052354849999999953e+00 3.319826330000000159e+00 3.587261590000000222e+00 3.854661319999999947e+00 4.122026189999999701e+00 4.389356870000000299e+00 4.656654009999999566e+00 4.923918279999999648e+00 5.191150330000000146e+00 5.458350789999999897e+00 5.725520310000000279e+00 5.992659510000000189e+00 6.259769040000000118e+00 6.526849499999999971e+00 6.793901530000000299e+00 7.060925730000000122e+00 7.327922700000000233e+00 7.594893070000000357e+00 7.861837409999999693e+00 8.128756329999999863e+00 8.395650420000000835e+00 8.662520269999999911e+00 8.929366449999999844e+00 9.196189540000000662e+00 9.462990120000000616e+00 9.729768749999999855e+00 9.996526010000000184e+00 1.026326240000000034e+01 1.052997859999999974e+01 1.079667509999999986e+01 1.106335239999999942e+01 1.133001119999999950e+01 1.159665180000000007e+01 1.186327499999999979e+01 1.212988119999999981e+01 1.239647090000000063e+01 1.266304470000000038e+01 1.292960320000000074e+01 1.319614679999999929e+01 1.346267609999999948e+01 1.372919150000000066e+01 1.399569370000000035e+01 1.426218320000000084e+01 1.452866030000000030e+01 1.479512579999999922e+01 1.506157999999999930e+01 1.532802350000000047e+01 1.559445679999999967e+01 1.586088029999999982e+01
2.732796719999999979e+01 2.759448790000000074e+01 2.786101999999999990e+01 2.812756380000000078e+01 2.839411989999999975e+01 2.866068860000000029e+01 2.892727049999999878e+01 2.919386589999999870e+01 2.946047520000000119e+01 2.972709899999999905e+01 2.999373770000000050e+01 3.026039159999999839e+01 3.052706129999999973e+01 3.079374719999999854e+01 3.106044959999999833e+01 3.132716909999999899e+01 3.159390600000000049e+01 3.186066089999999917e+01 3.212743410000000210e+01 3.239422609999999736e+01 3.266103720000000266e+01 3.292786799999999658e+01 3.319471889999999803e+01 3.346159020000000339e+01 3.372848249999999837e+01 3.399539610000000067e+01 3.426233160000000311e+01 3.452928920000000090e+01 3.479626950000000107e+01 3.506327290000000119e+01 3.533029979999999881e+01 3.559735069999999979e+01 3.586442600000000169e+01 3.613152600000000092e+01 3.639865139999999855e+01 3.666580239999999691e+01 3.693297960000000302e+01 3.720018329999999906e+01 3.746741409999999917e+01 3.773467229999999972e+01 3.800195839999999947e+01 3.826927289999999715e+01 3.853661610000000337e+01 3.880398859999999672e+01 3.907139080000000320e+01 3.933882309999999904e+01 3.960628609999999838e+01 3.987378009999999762e+01 4.014130560000000258e+01 4.040886309999999781e+01
2.810947779999999785e+00 3.078477659999999894e+00 3.345970579999999917e+00 3.613427209999999778e+00 3.880848250000000110e+00 4.148234369999999949e+00 4.415586239999999663e+00 4.682904510000000187e+00 4.950189860000000053e+00 5.217442919999999873e+00 5.484664350000000077e+00 5.751854790000000328e+00 6.019014860000000411e+00 6.286145209999999928e+00 6.553246460000000440e+00 6.820319220000000016e+00 7.087364110000000217e+00 7.354381749999999940e+00 7.621372730000000040e+00 7.888337660000000362e+00 8.155277129999999985e+00 8.422191740000000593e+00 8.689082080000000374e+00 8.955948709999999480e+00 9.222792240000000419e+00 9.489613220000000737e+00 9.756412239999999514e+00 1.002318990000000021e+01 1.028994660000000039e+01 1.055668310000000076e+01 1.082339990000000007e+01 1.109009750000000061e+01 1.135677650000000050e+01 1.162343740000000025e+01 1.189008079999999978e+01 1.215670719999999960e+01 1.242331719999999962e+01 1.268991119999999917e+01 1.295648989999999934e+01 1.322305369999999947e+01 1.348960310000000007e+01 1.375613880000000044e+01 1.402266110000000054e+01 1.428917069999999967e+01 1.455566800000000072e+01 1.482215360000000004e+01 1.508862799999999993e+01 1.535509159999999973e+01 1.562154510000000052e+01 1.588798880000000047e+01
2.738171529999999976e+01 2.764827569999999923e+01 2.791484739999999931e+01 2.818143080000000111e+01 2.844802639999999982e+01 2.871463460000000012e+01 2.898125590000000074e+01 2.924789069999999924e+01 2.951453940000000031e+01 2.978120249999999913e+01 3.004788040000000038e+01 3.031457359999999923e+01 3.058128239999999920e+01 3.084800740000000019e+01 3.111474889999999860e+01 3.138150740000000027e+01 3.164828340000000040e+01 3.191507710000000131e+01 3.218188920000000053e+01 3.244872000000000156e+01 3.271556989999999843e+01 3.298243939999999697e+01 3.324932900000000302e+01 3.351623899999999878e+01 3.378316980000000314e+01 3.405012200000000178e+01 3.431709599999999938e+01 3.458409209999999945e+01 3.485111080000000072e+01 3.511815260000000194e+01 3.538521779999999950e+01 3.565230700000000041e+01 3.591942060000000225e+01 3.618655890000000142e+01 3.645372249999999781e+01 3.672091170000000204e+01 3.698812699999999865e+01 3.725536890000000056e+01 3.752263779999999826e+01 3.778993419999999759e+01 3.805725840000000204e+01 3.832461099999999732e+01 3.859199230000000114e+01 3.885940289999999919e+01 3.912684320000000326e+01 3.939431369999999788e+01 3.966181470000000076e+01 3.992934689999999875e+01 4.019691060000000249e+01 4.046450629999999649e+01
2.855232219999999987e+00 3.122798099999999799e+00 3.390326910000000193e+00 3.657819340000000086e+00 3.925276059999999845e+00 4.192697749999999779e+00 4.460085089999999752e+00 4.727438750000000134e+00 4.994759379999999638e+00 5.262047629999999643e+00 5.529304169999999630e+00 5.796529630000000211e+00 6.063724650000000160e+00 6.330889860000000091e+00 6.598025889999999727e+00 6.865133369999999680e+00 7.132212909999999795e+00 7.399265119999999918e+00 7.666290619999999834e+00 7.933290010000000336e+00 8.200263879999999617e+00 8.467212829999999357e+00 8.734137450000000413e+00 9.001038330000000087e+00 9.267916050000000183e+00 9.534771179999999902e+00 9.801604310000000098e+00 1.006841599999999914e+01 1.033520679999999992e+01 1.060197729999999972e+01 1.086872800000000083e+01 1.113545960000000079e+01 1.140217250000000071e+01 1.166886730000000050e+01 1.193554450000000067e+01 1.220220469999999935e+01 1.246884850000000000e+01 1.273547630000000019e+01 1.300208869999999983e+01 1.326868630000000060e+01 1.353526950000000006e+01 1.380183880000000052e+01 1.406839489999999948e+01 1.433493819999999985e+01 1.460146920000000037e+01 1.486798849999999916e+01 1.513449649999999913e+01 1.540099380000000018e+01 1.566748089999999927e+01 1.593395830000000046e+01
2.745286480000000040e+01 2.771947760000000116e+01 2.798610160000000135e+01 2.825273729999999972e+01 2.851938510000000093e+01 2.878604550000000017e+01 2.905271889999999857e+01 2.931940579999999841e+01 2.958610649999999964e+01 2.985282150000000101e+01 3.011955130000000125e+01 3.038629630000000148e+01 3.065305689999999927e+01 3.091983360000000047e+01 3.118662670000000148e+01 3.145343679999999864e+01 3.172026419999999902e+01 3.198710949999999897e+01 3.225397290000000083e+01 3.252085509999999857e+01 3.278775629999999808e+01 3.305467699999999809e+01 3.332161769999999734e+01 3.358857890000000168e+01 3.385556079999999923e+01 3.412256399999999701e+01 3.438958889999999968e+01 3.465663589999999772e+01 3.492370549999999696e+01 3.519079810000000208e+01 3.545791419999999761e+01 3.572505410000000126e+01 3.599221839999999872e+01 3.625940740000000062e+01 3.652662169999999975e+01 3.679386159999999961e+01 3.706112759999999895e+01 3.732842010000000244e+01 3.759573960000000170e+01 3.786308650000000142e+01 3.813046140000000150e+01 3.839786459999999835e+01 3.866529659999999780e+01 3.893275779999999742e+01 3.920024879999999712e+01 3.946777000000000157e+01 3.973532180000000125e+01 4.000290470000000198e+01 4.027051929999999658e+01 4.053816590000000275e+01
2.917674830000000163e+00 3.185291439999999863e+00 3.452870809999999846e+00 3.720413629999999916e+00 3.987920599999999816e+00 4.255392399999999853e+00 4.522829699999999953e+00 4.790233180000000424e+00 5.057603499999999919e+00 5.324941309999999817e+00 5.592247269999999659e+00 5.859522039999999876e+00 6.126766240000000252e+00 6.393980530000000329e+00 6.661165519999999951e+00 6.928321859999999610e+00 7.195450150000000100e+00 7.462551020000000257e+00 7.729625079999999926e+00 7.996672939999999841e+00 8.263695200000000796e+00 8.530692450000000093e+00 8.797665289999999416e+00 9.064614320000000447e+00 9.331540110000000610e+00 9.598443250000000759e+00 9.865324310000000096e+00 1.013218389999999935e+01 1.039902249999999917e+01 1.066584079999999979e+01 1.093263920000000056e+01 1.119941840000000077e+01 1.146617889999999917e+01 1.173292129999999922e+01 1.199964600000000026e+01 1.226635379999999920e+01 1.253304499999999955e+01 1.279972019999999944e+01 1.306638000000000055e+01 1.333302489999999985e+01 1.359965539999999962e+01 1.386627209999999977e+01 1.413287539999999964e+01 1.439946589999999915e+01 1.466604419999999998e+01 1.493261069999999968e+01 1.519916590000000056e+01 1.546571040000000075e+01 1.573224459999999958e+01 1.599876910000000052e+01
2.754134739999999937e+01 2.780802509999999828e+01 2.807471400000000017e+01 2.834141449999999907e+01 2.860812710000000081e+01 2.887485209999999825e+01 2.914159009999999839e+01 2.940834149999999880e+01 2.967510659999999945e+01 2.994188600000000022e+01 3.020868009999999870e+01 3.047548929999999956e+01 3.074231410000000153e+01 3.100915489999999863e+01 3.127601200000000148e+01 3.154288610000000048e+01 3.180977740000000153e+01 3.207668650000000099e+01 3.234361369999999880e+01 3.261055950000000081e+01 3.287752439999999865e+01 3.314450870000000293e+01 3.341151289999999818e+01 3.367853749999999735e+01 3.394558289999999801e+01 3.421264949999999772e+01 3.447973770000000115e+01 3.474684799999999996e+01 3.501398089999999996e+01 3.528113669999999757e+01 3.554831589999999863e+01 3.581551900000000188e+01 3.608274639999999778e+01 3.634999859999999927e+01 3.661727590000000276e+01 3.688457890000000106e+01 3.715190799999999882e+01 3.741926360000000074e+01 3.768664619999999843e+01 3.795405629999999775e+01 3.822149430000000336e+01 3.848896069999999980e+01 3.875645589999999885e+01 3.902398039999999924e+01 3.929153480000000087e+01 3.955911929999999899e+01 3.982673460000000176e+01 4.009438109999999966e+01 4.036205929999999853e+01 4.062976960000000304e+01
2.998245230000000205e+00 3.265927539999999851e+00 3.533572400000000169e+00 3.801180510000000012e+00 4.068752550000000134e+00 4.336289230000000217e+00 4.603791229999999679e+00 4.871259209999999840e+00 5.138693840000000179e+00 5.406095800000000118e+00 5.673465740000000146e+00 5.940804309999999866e+00 6.208112169999999708e+00 6.475389950000000283e+00 6.742638280000000428e+00 7.009857809999999745e+00 7.277049159999999794e+00 7.544212950000000362e+00 7.811349800000000343e+00 8.078460319999999584e+00 8.345545109999999767e+00 8.612604790000000676e+00 8.879639940000000564e+00 9.146651170000000164e+00 9.413639050000000452e+00 9.680604190000000386e+00 9.947547150000000116e+00 1.021446850000000062e+01 1.048136889999999966e+01 1.074824880000000071e+01 1.101510880000000014e+01 1.128194940000000024e+01 1.154877139999999969e+01 1.181557510000000022e+01 1.208236109999999996e+01 1.234913000000000061e+01 1.261588240000000027e+01 1.288261870000000009e+01 1.314933949999999996e+01 1.341604539999999979e+01 1.368273680000000070e+01 1.394941440000000021e+01 1.421607859999999945e+01 1.448272990000000071e+01 1.474936890000000034e+01 1.501599610000000062e+01 1.528261200000000031e+01 1.554921719999999929e+01 1.581581199999999932e+01 1.608239710000000144e+01
2.764708100000000002e+01 2.791383589999999870e+01 2.818060200000000037e+01 2.844737960000000143e+01 2.871416909999999945e+01 2.898097110000000143e+01 2.924778600000000139e+01 2.951461409999999930e+01 2.978145599999999860e+01 3.004831199999999924e+01 3.031518259999999998e+01 3.058206829999999954e+01 3.084896949999999904e+01 3.111588659999999962e+01 3.138281999999999883e+01 3.164977019999999897e+01 3.191673769999999877e+01 3.218372279999999819e+01 3.245072609999999713e+01 3.271774779999999794e+01 3.298478860000000168e+01 3.325184879999999765e+01 3.351892879999999764e+01 3.378602910000000037e+01 3.405315019999999748e+01 3.432029250000000076e+01 3.458745629999999949e+01 3.485464230000000185e+01 3.512185070000000309e+01 3.538908210000000309e+01 3.565633689999999945e+01 3.592361559999999798e+01 3.619091850000000221e+01 3.645824619999999783e+01 3.672559919999999778e+01 3.699297769999999730e+01 3.726038239999999746e+01 3.752781370000000294e+01 3.779527209999999826e+01 3.806275790000000114e+01 3.833027169999999728e+01 3.859781399999999962e+01 3.886538519999999863e+01 3.913298580000000015e+01 3.940061620000000175e+01 3.966827709999999740e+01 3.993596869999999655e+01 4.020369180000000142e+01 4.047144660000000016e+01 4.073923380000000094e+01
3.096892669999999903e+00 3.364655969999999829e+00 3.632381559999999787e+00 3.900070139999999963e+00 4.167722399999999716e+00 4.435339039999999677e+00 4.702920749999999650e+00 4.970468209999999942e+00 5.237982099999999974e+00 5.505463080000000176e+00 5.772911820000000027e+00 6.040328979999999959e+00 6.307715209999999573e+00 6.575071160000000248e+00 6.842397469999999871e+00 7.109694779999999881e+00 7.376963729999999941e+00 7.644204939999999837e+00 7.911419020000000302e+00 8.178606609999999222e+00 8.445768310000000056e+00 8.712904740000000814e+00 8.980016479999999746e+00 9.247104150000000189e+00 9.514168339999999446e+00 9.781209629999999322e+00 1.004822859999999984e+01 1.031522589999999973e+01 1.058220200000000055e+01 1.084915759999999985e+01 1.111609310000000050e+01 1.138300920000000005e+01 1.164990640000000077e+01 1.191678530000000080e+01 1.218364650000000005e+01 1.245049039999999962e+01 1.271731770000000061e+01 1.298412889999999997e+01 1.325092449999999999e+01 1.351770499999999942e+01 1.378447109999999931e+01 1.405122309999999963e+01 1.431796180000000085e+01 1.458468749999999936e+01 1.485140080000000040e+01 1.511810230000000033e+01 1.538479240000000026e+01 1.565147160000000071e+01 1.591814049999999980e+01 1.618479960000000162e+01
2.776956080000000071e+01 2.803640490000000085e+01 2.830326000000000164e+01 2.857012650000000065e+01 2.883700490000000016e+01 2.910389569999999893e+01 2.937079920000000044e+01 2.963771600000000106e+01 2.990464640000000074e+01 3.017159090000000177e+01 3.043854999999999933e+01 3.070552400000000048e+01 3.097251340000000042e+01 3.123951870000000142e+01 3.150654030000000105e+01 3.177357870000000162e+01 3.204063419999999951e+01 3.230770729999999702e+01 3.257479849999999999e+01 3.284190830000000005e+01 3.310903689999999955e+01 3.337618499999999955e+01 3.364335289999999645e+01 3.391054110000000321e+01 3.417775000000000318e+01 3.444498010000000221e+01 3.471223189999999903e+01 3.497950569999999715e+01 3.524680200000000241e+01 3.551412140000000051e+01 3.578146420000000205e+01 3.604883089999999868e+01 3.631622190000000217e+01 3.658363779999999821e+01 3.685107899999999859e+01 3.711854590000000087e+01 3.738603909999999786e+01 3.765355890000000016e+01 3.792110600000000176e+01 3.818868059999999787e+01 3.845628339999999667e+01 3.872391480000000286e+01 3.899157540000000211e+01 3.925926549999999793e+01 3.952698569999999734e+01 3.979473649999999907e+01 4.006251840000000186e+01 4.033033180000000328e+01 4.059817739999999731e+01 4.086605569999999688e+01
3.213544979999999995e+00 3.481404940000000003e+00 3.749226859999999828e+00 4.017011440000000100e+00 4.284759389999999613e+00 4.552471419999999824e+00 4.820148210000000155e+00 5.087790449999999964e+00 5.355398840000000327e+00 5.622974029999999956e+00 5.890516700000000050e+00 6.158027530000000027e+00 6.425507160000000439e+00 6.692956249999999940e+00 6.960375459999999848e+00 7.227765419999999885e+00 7.495126769999999716e+00 7.762460149999999892e+00 8.029766190000000137e+00 8.297045510000000235e+00 8.564298720000000031e+00 8.831526439999999312e+00 9.098729289999999637e+00 9.365907860000000085e+00 9.633062759999999614e+00 9.900194580000000855e+00 1.016730390000000028e+01 1.043439129999999970e+01 1.070145750000000007e+01 1.096850279999999955e+01 1.123552809999999980e+01 1.150253370000000075e+01 1.176952029999999993e+01 1.203648839999999964e+01 1.230343859999999978e+01 1.257037150000000025e+01 1.283728759999999980e+01 1.310418740000000071e+01 1.337107160000000050e+01 1.363794060000000030e+01 1.390479490000000062e+01 1.417163520000000076e+01 1.443846190000000007e+01 1.470527560000000022e+01 1.497207679999999996e+01 1.523886609999999919e+01 1.550564379999999964e+01 1.577241070000000001e+01 1.603916710000000023e+01 1.630591360000000023e+01
2.790810229999999947e+01 2.817504690000000167e+01 2.844200239999999980e+01 2.870896919999999852e+01 2.897594790000000131e+01 2.924293889999999863e+01 2.950994250000000108e+01 2.977695930000000146e+01 3.004398970000000091e+01 3.031103420000000170e+01 3.057809310000000025e+01 3.084516700000000000e+01 3.111225629999999853e+01 3.137936140000000051e+01 3.164648280000000113e+01 3.191362099999999913e+01 3.218077629999999800e+01 3.244794919999999649e+01 3.271514030000000162e+01 3.298234980000000149e+01 3.324957839999999720e+01 3.351682639999999935e+01 3.378409429999999958e+01 3.405138250000000255e+01 3.431869160000000107e+01 3.458602189999999865e+01 3.485337400000000230e+01 3.512074830000000247e+01 3.538814529999999792e+01 3.565556529999999924e+01 3.592300900000000041e+01 3.619047679999999900e+01 3.645796909999999968e+01 3.672548650000000237e+01 3.699302939999999751e+01 3.726059829999999806e+01 3.752819360000000160e+01 3.779581600000000208e+01 3.806346580000000301e+01 3.833114350000000314e+01 3.859884980000000354e+01 3.886658500000000060e+01 3.913434970000000135e+01 3.940214439999999740e+01 3.966996960000000172e+01 3.993782589999999999e+01 4.020571369999999689e+01 4.047363370000000060e+01 4.074158620000000042e+01 4.100957199999999858e+01
3.348115449999999882e+00 3.616088089999999866e+00 3.884022299999999817e+00 4.151918789999999859e+00 4.419778270000000120e+00 4.687601449999999836e+00 4.955389030000000083e+00 5.223141710000000160e+00 5.490860170000000373e+00 5.758545100000000083e+00 6.026197179999999598e+00 6.293817070000000236e+00 6.561405439999999700e+00 6.828962960000000137e+00 7.096490280000000261e+00 7.363988039999999735e+00 7.631456899999999877e+00 7.898897500000000349e+00 8.166310470000000876e+00 8.433696429999999467e+00 8.701056019999999336e+00 8.968389849999999441e+00 9.235698550000000395e+00 9.502982720000000327e+00 9.770242959999999144e+00 1.003747989999999923e+01 1.030469410000000074e+01 1.057188619999999979e+01 1.083905670000000043e+01 1.110620630000000020e+01 1.137333540000000021e+01 1.164044479999999915e+01 1.190753499999999931e+01 1.217460649999999944e+01 1.244165989999999944e+01 1.270869579999999921e+01 1.297571469999999927e+01 1.324271710000000013e+01 1.350970369999999932e+01 1.377667499999999912e+01 1.404363150000000005e+01 1.431057370000000084e+01 1.457750219999999963e+01 1.484441759999999988e+01 1.511132029999999915e+01 1.537821089999999913e+01 1.564508990000000033e+01 1.591195779999999971e+01 1.617881510000000134e+01 1.644566239999999979e+01
2.806360769999999860e+01 2.833066469999999981e+01 2.859773260000000050e+01 2.886481179999999824e+01 2.913190279999999888e+01 2.939900589999999880e+01 2.966612179999999910e+01 2.993325069999999855e+01 3.020039330000000177e+01 3.046754990000000163e+01 3.073472089999999923e+01 3.100190690000000160e+01 3.126910840000000036e+01 3.153632560000000140e+01 3.180355919999999870e+01 3.207080959999999692e+01 3.233807720000000074e+01 3.260536249999999825e+01 3.287266600000000238e+01 3.313998809999999651e+01 3.340732930000000067e+01 3.367469009999999940e+01 3.394207089999999738e+01 3.420947220000000044e+01 3.447689450000000022e+01 3.474433830000000256e+01 3.501180399999999793e+01 3.527929209999999927e+01 3.554680309999999821e+01 3.581433750000000060e+01 3.608189579999999808e+01 3.634947840000000241e+01 3.661708589999999930e+01 3.688471880000000169e+01 3.715237760000000122e+01 3.742006270000000256e+01 3.768777469999999852e+01 3.795551410000000203e+01 3.822328139999999763e+01 3.849107719999999944e+01 3.875890189999999791e+01 3.902675610000000006e+01 3.929464039999999869e+01 3.956255519999999848e+01 3.983050109999999933e+01 4.009847870000000114e+01 4.036648859999999672e+01 4.063453119999999785e+01 4.090260719999999850e+01 4.117071709999999740e+01
3.500494789999999856e+00 3.768596440000000047e+00 4.036659209999999831e+00 4.304683820000000161e+00 4.572670979999999830e+00 4.840621409999999791e+00 5.108535810000000232e+00 5.376414879999999563e+00 5.644259329999999686e+00 5.912069840000000021e+00 6.179847089999999987e+00 6.447591759999999894e+00 6.715304530000000049e+00 6.982986059999999995e+00 7.250637020000000099e+00 7.518258050000000026e+00 7.785849830000000082e+00 8.053412979999999166e+00 8.320948149999999544e+00 8.588455989999999929e+00 8.855937109999999279e+00 9.123392150000000811e+00 9.390821730000000755e+00 9.658226470000000674e+00 9.925606979999999524e+00 1.019296390000000052e+01 1.046029769999999992e+01 1.072760919999999984e+01 1.099489879999999964e+01 1.126216720000000038e+01 1.152941490000000080e+01 1.179664260000000020e+01 1.206385069999999970e+01 1.233103999999999978e+01 1.259821089999999977e+01 1.286536399999999958e+01 1.313250000000000028e+01 1.339961920000000006e+01 1.366672239999999938e+01 1.393380999999999936e+01 1.420088259999999991e+01 1.446794069999999977e+01 1.473498490000000061e+01 1.500201580000000057e+01 1.526903369999999960e+01 1.553603939999999994e+01 1.580303329999999917e+01 1.607001590000000135e+01 1.633698779999999928e+01 1.660394940000000119e+01
2.823600860000000168e+01 2.850319049999999876e+01 2.877038320000000127e+01 2.903758709999999965e+01 2.930480280000000093e+01 2.957203069999999911e+01 2.983927130000000005e+01 3.010652509999999893e+01 3.037379239999999925e+01 3.064107380000000092e+01 3.090836979999999912e+01 3.117568079999999853e+01 3.144300720000000027e+01 3.171034960000000069e+01 3.197770849999999854e+01 3.224508420000000086e+01 3.251247740000000164e+01 3.277988839999999726e+01 3.304731770000000068e+01 3.331476580000000354e+01 3.358223329999999862e+01 3.384972049999999655e+01 3.411722799999999722e+01 3.438475629999999938e+01 3.465230590000000177e+01 3.491987720000000195e+01 3.518747079999999983e+01 3.545508710000000008e+01 3.572272670000000261e+01 3.599039009999999905e+01 3.625807780000000236e+01 3.652579029999999705e+01 3.679352810000000318e+01 3.706129179999999934e+01 3.732908179999999732e+01 3.759689879999999818e+01 3.786474319999999949e+01 3.813261560000000117e+01 3.840051660000000311e+01 3.866844660000000289e+01 3.893640630000000158e+01 3.920439619999999792e+01 3.947241689999999892e+01 3.974046890000000332e+01 4.000855289999999798e+01 4.027666940000000295e+01 4.054481899999999683e+01 4.081300219999999968e+01 4.108121990000000068e+01 4.134947240000000335e+01
3.670702079999999867e+00 3.938949479999999781e+00 4.207157460000000349e+00 4.475326759999999737e+00 4.743458109999999728e+00 5.011552219999999558e+00 5.279609810000000181e+00 5.547631580000000007e+00 5.815618230000000111e+00 6.083570459999999791e+00 6.351488970000000123e+00 6.619374429999999698e+00 6.887227529999999653e+00 7.155048930000000418e+00 7.422839319999999574e+00 7.690599350000000278e+00 7.958329680000000295e+00 8.226030959999999226e+00 8.493703849999999278e+00 8.761348990000000114e+00 9.028967010000000570e+00 9.296558539999999482e+00 9.564124229999999116e+00 9.831664679999999379e+00 1.009918049999999923e+01 1.036667240000000056e+01 1.063414080000000084e+01 1.090158650000000051e+01 1.116901000000000010e+01 1.143641200000000069e+01 1.170379289999999983e+01 1.197115340000000039e+01 1.223849410000000049e+01 1.250581560000000003e+01 1.277311839999999954e+01 1.304040320000000008e+01 1.330767039999999923e+01 1.357492060000000045e+01 1.384215449999999947e+01 1.410937249999999921e+01 1.437657519999999955e+01 1.464376320000000042e+01 1.491093700000000055e+01 1.517809719999999984e+01 1.544524419999999942e+01 1.571237870000000036e+01 1.597950110000000024e+01 1.624661210000000011e+01 1.651371200000000172e+01 1.678080149999999904e+01
