4.001173646600000211e+03 4.001075966600000356e+03 4.000979025800000272e+03 4.000882837399999971e+03 4.000787388199999896e+03 4.000692678200000046e+03 4.000598713999999745e+03 4.000505489000000125e+03 4.000413003200000276e+03 4.000321256600000197e+03 4.000230242599999656e+03 4.000139974400000028e+03 4.000050432200000159e+03 3.999961635799999840e+03 3.999873565400000189e+03 3.999786234199999853e+03 3.999699635599999965e+03 3.999613769599999614e+03 3.999528636199999710e+03 3.999444235400000252e+03 3.999360567200000332e+03 3.999277631599999950e+03 3.999195428600000014e+03 3.999113958199999615e+03 3.999033213799999885e+03 3.998953208599999925e+03 3.998873935999999958e+03 3.998795395999999982e+03 3.998717582000000220e+03 3.998640513800000008e+03 3.955656225200000335e+03 3.955582523000000037e+03 3.955509540199999719e+03 3.955437289999999848e+03 3.955365759199999957e+03 3.955294954400000279e+03 3.955224875599999905e+03 3.955155529399999978e+03 3.955086915800000043e+03 3.955019034799999645e+03 3.954951879799999915e+03 3.954885470600000190e+03 3.954819794000000002e+03 3.954754856599999584e+03 3.954690658399999847e+03 3.954627212599999893e+03 3.954564505999999710e+03 3.954502551800000219e+03 3.954441343399999823e+03 3.954380893999999898e+03
3.933172632199999953e+03 3.933017149399999653e+03 3.932862616999999773e+03 3.932709021800000301e+03 3.932556357200000093e+03 3.932404629799999839e+03 3.932253819800000201e+03 3.932103940400000283e+03 3.931954965200000061e+03 3.931806907400000000e+03 3.931659753800000090e+03 3.931513497800000096e+03 3.931368139400000018e+03 3.931223678600000312e+03 3.931080102200000056e+03 3.930937403599999925e+03 3.930795589399999699e+03 3.930654653000000053e+03 3.930514581200000066e+03 3.930375380599999971e+03 3.930237038000000211e+03 3.930099560000000110e+03 3.929962933400000111e+03 3.929827158199999758e+03 3.929692227800000182e+03 3.929558142200000020e+03 3.929424901400000181e+03 3.929292492200000197e+03 3.929160914600000069e+03 3.929030168599999797e+03 3.928900247600000057e+03 3.928771151599999939e+03 3.928642874000000120e+03 3.928515408199999911e+03 3.928388760800000000e+03 3.928262918599999921e+03 3.928137881600000128e+03 3.928013656399999945e+03 3.927890223200000037e+03 3.927767588600000181e+03 3.927645752600000378e+03 3.927524708599999940e+03 3.927404449999999997e+03 3.927284983399999874e+03 3.927166295600000012e+03 3.927048393199999737e+03 3.926931262999999944e+03 3.926814911600000414e+03 3.926699338999999782e+03 3.926584531999999854e+03
3.823796191399999771e+03 3.823707480799999757e+03 3.823619450000000143e+03 3.823532099000000017e+03 3.823445414599999822e+03 3.823359403399999792e+03 3.823274065399999927e+03 3.823189400600000226e+03 3.823105402400000003e+03 3.823022077399999944e+03 3.822939419000000271e+03 3.822857427199999620e+03 3.822776095400000031e+03 3.822695436800000152e+03 3.822615438199999971e+03 3.822536106200000177e+03 3.822457440799999858e+03 3.822379428799999914e+03 3.822302083399999901e+03 3.822225404599999820e+03 3.822149379200000112e+03 3.822074020399999881e+03 3.821999315000000024e+03 3.821925276199999644e+03 3.821851890800000092e+03 3.821779172000000017e+03 3.821707106599999861e+03 3.821635707800000091e+03 3.821564962399999786e+03 3.821494877000000088e+03 3.821425451600000088e+03 3.821356686199999785e+03 3.821288587399999869e+03 3.821221142000000327e+03 3.821154356600000028e+03 3.821088237799999661e+03 3.821022778999999900e+03 3.820957986800000072e+03 3.820893854599999941e+03 3.820830388999999741e+03 3.820767583400000149e+03 3.820705450999999812e+03 3.820643985199999861e+03 3.820583192600000075e+03 3.820523066599999765e+03 3.820463613800000076e+03 3.820404834199999641e+03 3.820346734400000059e+03 3.820289307799999733e+03 3.820232560999999805e+03
3.753751968800000213e+03 3.753611705599999823e+03 3.753472280599999976e+03 3.753333700399999998e+03 3.753195945200000097e+03 3.753059021600000051e+03 3.752922923000000083e+03 3.752787649400000191e+03 3.752653187599999910e+03 3.752519537600000149e+03 3.752386692799999764e+03 3.752254653199999666e+03 3.752123418799999854e+03 3.751992976399999861e+03 3.751863325999999688e+03 3.751734461000000010e+03 3.751606381399999918e+03 3.751479087199999867e+03 3.751352571800000078e+03 3.751226822000000084e+03 3.751101850999999897e+03 3.750977645599999960e+03 3.750854205800000273e+03 3.750731525000000147e+03 3.750609596600000259e+03 3.750488433800000166e+03 3.750368010199999844e+03 3.750248345599999993e+03 3.750129420199999913e+03 3.750011240599999837e+03 3.749893800199999987e+03 3.749777098999999907e+03 3.749661123800000041e+03 3.749545887799999946e+03 3.749431377800000064e+03 3.749317593799999941e+03 3.749204535799999576e+03 3.749092197199999646e+03 3.748980577999999696e+03 3.748869678199999726e+03 3.748759484600000178e+03 3.748650010399999701e+03 3.748541242400000101e+03 3.748433180600000014e+03 3.748325824999999895e+03 3.748219168999999965e+03 3.748113212600000224e+03 3.748007962399999997e+03 3.747903398599999946e+03 3.747799534400000084e+03
3.646370470400000158e+03 3.646290649999999914e+03 3.646211443400000007e+03 3.646132837399999971e+03 3.646054838600000039e+03 3.645977453599999990e+03 3.645900662600000032e+03 3.645824485399999958e+03 3.645748902199999975e+03 3.645673926200000096e+03 3.645599550799999633e+03 3.645525775999999951e+03 3.645452601800000139e+03 3.645380021599999964e+03 3.645308042000000114e+03 3.645236656399999902e+03 3.645165871400000015e+03 3.645095680399999765e+03 3.645026083400000061e+03 3.644957073800000217e+03 3.644888664799999788e+03 3.644820849799999905e+03 3.644753622199999882e+03 3.644686988599999950e+03 3.644620949000000110e+03 3.644555496799999673e+03 3.644490632000000005e+03 3.644426361199999974e+03 3.644362684400000035e+03 3.644299594999999954e+03 3.644237092999999732e+03 3.644175185000000056e+03 3.644113864400000239e+03 3.644053131199999825e+03 3.643992991999999958e+03 3.643933440200000405e+03 3.643874475799999800e+03 3.643816105400000197e+03 3.643758329000000231e+03 3.643701140000000123e+03 3.643644545000000107e+03 3.643588544000000184e+03 3.643533130400000118e+03 3.643478317399999924e+03 3.643424098399999821e+03 3.643370473400000265e+03 3.643317449000000124e+03 3.643265025200000309e+03 3.643213195400000131e+03 3.643161966200000279e+03
3.574258415000000241e+03 3.574133179999999811e+03 3.574008684200000062e+03 3.573884934199999861e+03 3.573761916800000108e+03 3.573639625400000114e+03 3.573518066599999656e+03 3.573397227200000088e+03 3.573277107200000046e+03 3.573157706599999983e+03 3.573039018800000122e+03 3.572921037199999773e+03 3.572803768400000081e+03 3.572687199200000123e+03 3.572571323000000120e+03 3.572456153000000086e+03 3.572341669399999773e+03 3.572227878800000326e+03 3.572114781199999925e+03 3.572002363399999922e+03 3.571890625400000317e+03 3.571779567200000201e+03 3.571669188800000029e+03 3.571559483600000021e+03 3.571450444999999945e+03 3.571342079600000034e+03 3.571234374199999820e+03 3.571127335399999993e+03 3.571020963199999642e+03 3.570915244400000120e+03 3.570810179000000062e+03 3.570705773599999702e+03 3.570602014999999938e+03 3.570498909800000092e+03 3.570396444800000154e+03 3.570294633200000135e+03 3.570193461800000023e+03 3.570092930599999818e+03 3.569993039599999975e+03 3.569893788800000038e+03 3.569795171599999776e+03 3.569697188000000097e+03 3.569599831399999857e+03 3.569503108400000201e+03 3.569407019000000219e+03 3.569311549999999897e+03 3.569216707999999926e+03 3.569122486400000071e+03 3.569028885200000332e+03 3.568935904400000254e+03
3.468860982199999853e+03 3.468790032199999587e+03 3.468719623399999819e+03 3.468649755800000094e+03 3.468580436000000191e+03 3.468511650800000098e+03 3.468443406800000048e+03 3.468375704000000042e+03 3.468308535799999845e+03 3.468241902199999913e+03 3.468175809800000025e+03 3.468110252000000401e+03 3.468045222200000353e+03 3.467980733600000349e+03 3.467916772999999921e+03 3.467853347000000213e+03 3.467790449000000081e+03 3.467728078999999980e+03 3.467666243599999689e+03 3.467604936200000338e+03 3.467544150199999876e+03 3.467483898800000134e+03 3.467424168800000189e+03 3.467364966799999820e+03 3.467306292799999937e+03 3.467248140200000307e+03 3.467190515600000253e+03 3.467133412399999997e+03 3.467076837200000227e+03 3.467020776800000021e+03 3.466965244399999847e+03 3.466910233399999925e+03 3.466855743799999800e+03 3.466801782200000162e+03 3.466748335400000087e+03 3.466695416600000044e+03 3.466643012600000020e+03 3.466591136600000027e+03 3.466539775400000053e+03 3.466488942199999656e+03 3.466438630399999965e+03 3.466388839999999618e+03 3.466339570999999978e+03 3.466290829999999914e+03 3.466242610399999649e+03 3.466194912199999635e+03 3.466147742000000108e+03 3.466101099800000156e+03 3.466054979000000003e+03 3.466009386200000336e+03
3.394720218800000112e+03 3.394609873400000197e+03 3.394500174799999968e+03 3.394391116400000101e+03 3.394282698200000141e+03 3.394174920200000088e+03 3.394067769199999930e+03 3.393961251799999900e+03 3.393855361400000220e+03 3.393750098000000435e+03 3.393645448400000078e+03 3.393541425800000070e+03 3.393438010400000167e+03 3.393335215400000379e+03 3.393233027600000241e+03 3.393131446999999753e+03 3.393030467000000044e+03 3.392930094199999985e+03 3.392830321999999796e+03 3.392731150399999933e+03 3.392632572800000162e+03 3.392534582600000249e+03 3.392437192999999752e+03 3.392340384199999789e+03 3.392244162799999685e+03 3.392148528799999895e+03 3.392053482199999962e+03 3.391959009799999876e+03 3.391865118199999870e+03 3.391771800800000165e+03 3.391679064200000084e+03 3.391586895200000072e+03 3.391495300399999905e+03 3.391404279800000040e+03 3.391313820200000009e+03 3.391223934800000279e+03 3.391134610400000383e+03 3.391045847000000322e+03 3.390957644600000094e+03 3.390870003199999701e+03 3.390782922800000051e+03 3.390696403400000236e+03 3.390610431799999787e+03 3.390525021200000083e+03 3.390440158399999746e+03 3.390355849999999919e+03 3.390272095999999692e+03 3.390188883199999964e+03 3.390106224799999836e+03 3.390024107600000207e+03
3.291276603799999975e+03 3.291214517600000363e+03 3.291152906599999824e+03 3.291091770799999722e+03 3.291031110200000057e+03 3.290970931400000154e+03 3.290911227800000233e+03 3.290851992799999607e+03 3.290793233000000328e+03 3.290734948400000121e+03 3.290677132400000119e+03 3.290619784999999865e+03 3.290562912800000049e+03 3.290506502600000204e+03 3.290450567599999886e+03 3.290395094599999993e+03 3.290340090200000304e+03 3.290285554399999910e+03 3.290231480599999941e+03 3.290177875399999721e+03 3.290124725599999692e+03 3.290072044399999868e+03 3.290019825200000014e+03 3.289968068000000130e+03 3.289916772800000217e+03 3.289865933000000041e+03 3.289815555199999835e+03 3.289765639400000055e+03 3.289716179000000011e+03 3.289667180599999938e+03 3.289618637600000056e+03 3.289570550000000367e+03 3.289522917799999959e+03 3.289475747600000432e+03 3.289429032799999732e+03 3.289382766800000354e+03 3.289336962800000038e+03 3.289291614199999913e+03 3.289246720999999980e+03 3.289202276600000005e+03 3.289158294200000000e+03 3.289114760600000409e+03 3.289071688999999878e+03 3.289029066199999761e+03 3.288986905400000069e+03 3.288945193399999880e+03 3.288903936800000338e+03 3.288863142199999857e+03 3.288822803000000022e+03 3.288782919199999924e+03
3.215120015599999988e+03 3.215024467400000049e+03 3.214929473600000165e+03 3.214835034199999882e+03 3.214741136000000097e+03 3.214647778999999900e+03 3.214554969799999981e+03 3.214462695199999871e+03 3.214370961800000259e+03 3.214279763000000003e+03 3.214189092200000232e+03 3.214098955999999816e+03 3.214009341199999653e+03 3.213920254399999976e+03 3.213831695599999875e+03 3.213743651599999794e+03 3.213656128999999964e+03 3.213569127799999933e+03 3.213482634800000142e+03 3.213396656599999915e+03 3.213311193200000162e+03 3.213226238000000194e+03 3.213141791000000012e+03 3.213057845600000292e+03 3.212974415000000135e+03 3.212891479400000208e+03 3.212809045399999832e+03 3.212727112999999918e+03 3.212645682200000010e+03 3.212564746400000331e+03 3.212484305599999971e+03 3.212404359799999838e+03 3.212324902399999701e+03 3.212245939999999791e+03 3.212167472600000110e+03 3.212089487000000190e+03 3.212011989800000265e+03 3.211934981000000334e+03 3.211858460599999944e+03 3.211782422000000224e+03 3.211706865199999811e+03 3.211631790200000069e+03 3.211557197000000087e+03 3.211483085599999868e+03 3.211409456000000318e+03 3.211336295000000064e+03 3.211263622399999804e+03 3.211191418400000202e+03 3.211119689600000129e+03 3.211048436000000038e+03
3.113626720399999613e+03 3.113573497999999745e+03 3.113520684799999799e+03 3.113468287400000008e+03 3.113416292599999906e+03 3.113364720200000193e+03 3.113313550400000167e+03 3.113262789800000064e+03 3.113212438399999883e+03 3.113162496200000078e+03 3.113112963200000195e+03 3.113063832800000000e+03 3.113015104999999949e+03 3.112966786399999819e+03 3.112918870399999832e+03 3.112871363600000223e+03 3.112824252800000068e+03 3.112777544600000056e+03 3.112731238999999732e+03 3.112685329400000228e+03 3.112639822399999957e+03 3.112594718000000285e+03 3.112550002999999833e+03 3.112505690599999980e+03 3.112461774200000036e+03 3.112418260399999781e+03 3.112375135999999657e+03 3.112332407599999897e+03 3.112290068600000268e+03 3.112248132199999873e+03 3.112206585200000063e+03 3.112165427599999930e+03 3.112124665999999706e+03 3.112084300399999847e+03 3.112044317599999886e+03 3.112004730800000289e+03 3.111965533399999913e+03 3.111926725400000123e+03 3.111888306800000009e+03 3.111850277600000027e+03 3.111812637799999720e+03 3.111775394000000233e+03 3.111738532999999734e+03 3.111702061399999820e+03 3.111665972599999805e+03 3.111630279799999698e+03 3.111594976399999723e+03 3.111560055800000100e+03 3.111525531199999932e+03 3.111491389400000116e+03
3.035474661799999922e+03 3.035393857999999909e+03 3.035313516199999867e+03 3.035233636400000250e+03 3.035154211999999916e+03 3.035075243000000228e+03 3.034996722800000043e+03 3.034918658000000050e+03 3.034841042000000016e+03 3.034763874799999940e+03 3.034687149800000043e+03 3.034610873600000104e+03 3.034535033000000112e+03 3.034459641200000078e+03 3.034384678399999757e+03 3.034310157800000070e+03 3.034236072799999874e+03 3.034162416799999846e+03 3.034089202999999998e+03 3.034016411600000083e+03 3.033944049199999881e+03 3.033872122400000080e+03 3.033800611399999980e+03 3.033729535999999825e+03 3.033658876399999826e+03 3.033588645799999995e+03 3.033518837600000097e+03 3.033449445199999900e+03 3.033380475200000092e+03 3.033311927599999763e+03 3.033243789199999810e+03 3.033176073200000246e+03 3.033108772999999928e+03 3.033041881999999987e+03 3.032975406800000201e+03 3.032909347400000115e+03 3.032843697199999951e+03 3.032778456199999709e+03 3.032713631000000078e+03 3.032649208400000134e+03 3.032585195000000112e+03 3.032521590800000013e+03 3.032458395799999835e+03 3.032395603400000255e+03 3.032333220200000142e+03 3.032271239599999717e+03 3.032209661599999890e+03 3.032148486199999752e+03 3.032087713400000212e+03 3.032027343199999905e+03
2.935921634600000289e+03 2.935877282599999944e+03 2.935833280400000149e+03 2.935789621400000215e+03 2.935746305600000142e+03 2.935703339600000163e+03 2.935660716800000046e+03 2.935618437199999789e+03 2.935576494200000070e+03 2.935534900999999991e+03 2.935493644399999994e+03 2.935452737600000091e+03 2.935412160800000038e+03 2.935371927199999845e+03 2.935332036799999969e+03 2.935292483000000175e+03 2.935253265800000008e+03 2.935214378600000146e+03 2.935175834600000144e+03 2.935137627199999770e+03 2.935099756399999933e+03 2.935062215599999945e+03 2.935025011400000039e+03 2.934988137199999983e+03 2.934951599600000009e+03 2.934915391999999883e+03 2.934879514400000062e+03 2.934843966800000089e+03 2.934808755799999744e+03 2.934773868199999924e+03 2.934739310599999953e+03 2.934705082999999831e+03 2.934671178800000234e+03 2.934637604600000031e+03 2.934604360400000132e+03 2.934571439599999849e+03 2.934538842200000090e+03 2.934506574800000180e+03 2.934474630799999886e+03 2.934443010199999662e+03 2.934411719599999742e+03 2.934380745800000113e+03 2.934350101999999879e+03 2.934319774999999936e+03 2.934289777999999842e+03 2.934260097800000040e+03 2.934230740999999853e+03 2.934201714199999969e+03 2.934173004199999923e+03 2.934144617599999947e+03
2.855789232799999809e+03 2.855723153599999932e+03 2.855657450600000175e+03 2.855592110600000069e+03 2.855527146800000082e+03 2.855462552599999981e+03 2.855398328000000220e+03 2.855334459799999877e+03 2.855270961199999874e+03 2.855207825599999978e+03 2.855145053000000189e+03 2.855082636799999818e+03 2.855020577000000230e+03 2.854958880199999840e+03 2.854897533199999998e+03 2.854836549200000263e+03 2.854775908399999935e+03 2.854715630600000168e+03 2.854655695999999807e+03 2.854596111199999996e+03 2.854536882800000058e+03 2.854477997599999981e+03 2.854419455600000219e+03 2.854361263400000098e+03 2.854303421000000071e+03 2.854245915200000127e+03 2.854188759200000277e+03 2.854131939800000055e+03 2.854075463600000148e+03 2.854019330600000103e+03 2.853963540799999919e+03 2.853908087599999817e+03 2.853852971000000252e+03 2.853798197600000094e+03 2.853743754199999785e+03 2.853689653999999791e+03 2.853635890399999880e+03 2.853582456799999818e+03 2.853529359799999838e+03 2.853476599399999941e+03 2.853424175600000126e+03 2.853372081800000160e+03 2.853320324600000276e+03 2.853268890800000008e+03 2.853217800200000056e+03 2.853167032999999719e+03 2.853116595800000141e+03 2.853066495200000190e+03 2.853016717999999855e+03 2.852967277400000057e+03
2.758172672000000148e+03 2.758137210200000027e+03 2.758102032199999940e+03 2.758067124799999874e+03 2.758032501200000297e+03 2.757998154800000066e+03 2.757964085600000089e+03 2.757930293599999914e+03 2.757896778799999993e+03 2.757863534600000094e+03 2.757830574200000228e+03 2.757797877799999696e+03 2.757765465200000108e+03 2.757733323200000086e+03 2.757701451800000086e+03 2.757669857599999887e+03 2.757638527399999930e+03 2.757607474399999774e+03 2.757576692000000094e+03 2.757546180199999981e+03 2.757515932400000111e+03 2.757485961800000041e+03 2.757456255199999759e+03 2.757426819199999954e+03 2.757397647199999938e+03 2.757368745799999942e+03 2.757340108400000190e+03 2.757311735000000226e+03 2.757283632200000284e+03 2.757255786799999896e+03 2.757228211999999985e+03 2.757200894600000083e+03 2.757173847799999749e+03 2.757147058399999878e+03 2.757120533000000250e+03 2.757094271599999956e+03 2.757068267600000127e+03 2.757042527600000085e+03 2.757017045000000053e+03 2.756991826399999809e+03 2.756966865200000029e+03 2.756942161400000259e+03 2.756917715000000044e+03 2.756893532600000071e+03 2.756869607600000109e+03 2.756845940000000155e+03 2.756822529799999757e+03 2.756799377000000277e+03 2.756776481599999897e+03 2.756753843599999982e+03
2.676072189800000160e+03 2.676020833879999827e+03 2.675969767040000079e+03 2.675918985979999889e+03 2.675868490699999711e+03 2.675818279879999864e+03 2.675768352199999754e+03 2.675718706340000153e+03 2.675669341639999857e+03 2.675620256119999794e+03 2.675571449779999966e+03 2.675522921300000235e+03 2.675474669360000007e+03 2.675426693299999897e+03 2.675378992460000063e+03 2.675331565519999913e+03 2.675284411159999763e+03 2.675237529380000069e+03 2.675190919520000080e+03 2.675144580260000112e+03 2.675098510939999869e+03 2.675052710899999965e+03 2.675007179480000104e+03 2.674961916019999990e+03 2.674916920520000076e+03 2.674872190999999930e+03 2.674827727460000006e+03 2.674783529899999849e+03 2.674739596999999776e+03 2.674695928760000243e+03 2.674652524520000043e+03 2.674609383619999790e+03 2.674566505400000096e+03 2.674523889860000054e+03 2.674481536339999820e+03 2.674439444180000010e+03 2.674397614040000008e+03 2.674356043939999836e+03 2.674314734540000245e+03 2.674273685180000030e+03 2.674232895199999803e+03 2.674192364600000019e+03 2.674152093380000224e+03 2.674112080219999825e+03 2.674072325780000028e+03 2.674032828739999786e+03 2.673993589759999850e+03 2.673954608179999923e+03 2.673915883340000164e+03 2.673877415899999960e+03
2.580388474639999913e+03 2.580361922179999965e+03 2.580335580259999915e+03 2.580309448879999763e+03 2.580283526719999827e+03 2.580257815099999789e+03 2.580232312040000124e+03 2.580207018199999766e+03 2.580181932259999940e+03 2.580157054880000032e+03 2.580132384080000065e+03 2.580107921179999721e+03 2.580083664859999772e+03 2.580059614459999921e+03 2.580035769980000168e+03 2.580012131420000060e+03 2.579988697459999912e+03 2.579965468100000180e+03 2.579942442680000113e+03 2.579919620539999869e+03 2.579897002340000199e+03 2.579874586100000215e+03 2.579852372480000213e+03 2.579830360819999896e+03 2.579808550459999879e+03 2.579786940739999864e+03 2.579765531659999851e+03 2.579744322560000001e+03 2.579723312780000015e+03 2.579702502979999736e+03 2.579681891180000093e+03 2.579661477380000179e+03 2.579641262240000287e+03 2.579621243779999986e+03 2.579601422660000026e+03 2.579581798220000110e+03 2.579562370460000238e+03 2.579543138060000274e+03 2.579524101019999762e+03 2.579505259340000066e+03 2.579486612359999981e+03 2.579468160079999961e+03 2.579449901840000166e+03 2.579431837640000140e+03 2.579413967479999883e+03 2.579396290040000167e+03 2.579378805979999925e+03 2.579361514639999768e+03 2.579344416020000153e+03 2.579327510780000011e+03
2.496331763000000137e+03 2.496295144879999953e+03 2.496258731360000183e+03 2.496222521119999783e+03 2.496186513499999819e+03 2.496150707839999995e+03 2.496115102820000175e+03 2.496079697780000060e+03 2.496044492059999811e+03 2.496009485000000041e+03 2.495974675939999997e+03 2.495940064219999840e+03 2.495905649180000182e+03 2.495871429499999977e+03 2.495837405180000133e+03 2.495803576220000195e+03 2.495769940640000186e+03 2.495736499099999946e+03 2.495703250940000089e+03 2.495670194840000022e+03 2.495637330800000200e+03 2.495604658820000168e+03 2.495572177579999789e+03 2.495539887079999971e+03 2.495507786659999965e+03 2.495475876319999770e+03 2.495444155400000000e+03 2.495412623899999744e+03 2.495381280499999775e+03 2.495350126520000231e+03 2.495319159980000222e+03 2.495288380879999750e+03 2.495257789880000018e+03 2.495227385659999982e+03 2.495197168879999936e+03 2.495167138220000197e+03 2.495137294340000153e+03 2.495107636579999962e+03 2.495078164280000237e+03 2.495048878099999911e+03 2.495019777380000050e+03 2.494990861459999905e+03 2.494962131000000227e+03 2.494933585339999809e+03 2.494905223820000174e+03 2.494877047099999800e+03 2.494849054520000209e+03 2.494821245420000196e+03 2.494793621119999898e+03 2.494766179639999791e+03
2.402574750199999926e+03 2.402557123579999825e+03 2.402539637540000058e+03 2.402522292080000170e+03 2.402505086539999866e+03 2.402488020920000054e+03 2.402471095219999825e+03 2.402454308780000247e+03 2.402437661599999956e+03 2.402421152359999724e+03 2.402404782380000142e+03 2.402388550340000165e+03 2.402372456900000088e+03 2.402356500079999932e+03 2.402340681199999835e+03 2.402324999599999956e+03 2.402309454619999997e+03 2.402294045600000118e+03 2.402278773200000160e+03 2.402263636099999985e+03 2.402248634959999890e+03 2.402233768459999737e+03 2.402219037259999823e+03 2.402204440699999850e+03 2.402189978119999978e+03 2.402175649520000206e+03 2.402161454240000239e+03 2.402147392280000076e+03 2.402133463640000173e+03 2.402119666999999936e+03 2.402106003020000117e+03 2.402092471039999964e+03 2.402079071059999933e+03 2.402065801759999886e+03 2.402052663800000118e+03 2.402039657180000177e+03 2.402026780579999922e+03 2.402014034660000107e+03 2.402001418100000137e+03 2.401988931559999855e+03 2.401976574379999875e+03 2.401964346560000195e+03 2.401952247440000065e+03 2.401940277019999940e+03 2.401928435299999819e+03 2.401916722280000158e+03 2.401905136639999910e+03 2.401893679039999824e+03 2.401882349479999903e+03 2.401871147960000144e+03
2.316567394700000023e+03 2.316545540120000169e+03 2.316523806979999790e+03 2.316502195940000092e+03 2.316480705680000028e+03 2.316459335540000211e+03 2.316438084859999890e+03 2.316416954299999816e+03 2.316395942539999851e+03 2.316375049579999995e+03 2.316354274100000112e+03 2.316333616760000041e+03 2.316313076899999942e+03 2.316292653859999973e+03 2.316272347640000135e+03 2.316252157580000130e+03 2.316232083679999960e+03 2.316212125279999782e+03 2.316192282380000051e+03 2.316172554320000017e+03 2.316152941100000135e+03 2.316133442060000107e+03 2.316114057859999775e+03 2.316094787179999912e+03 2.316075630679999904e+03 2.316056587040000068e+03 2.316037657580000086e+03 2.316018840319999981e+03 2.316000136579999889e+03 2.315981545699999970e+03 2.315963067019999926e+03 2.315944700539999758e+03 2.315926446259999921e+03 2.315908304179999959e+03 2.315890274299999874e+03 2.315872355959999823e+03 2.315854548499999964e+03 2.315836853239999982e+03 2.315819268860000193e+03 2.315801796019999983e+03 2.315784434059999967e+03 2.315767183639999985e+03 2.315750043439999899e+03 2.315733014120000007e+03 2.315716095020000012e+03 2.315699286800000209e+03 2.315682588799999849e+03 2.315666001019999840e+03 2.315649524120000024e+03 2.315633156779999808e+03
2.224753168459999870e+03 2.224744481539999924e+03 2.224735863920000156e+03 2.224727316259999952e+03 2.224718838560000222e+03 2.224710430820000056e+03 2.224702091719999771e+03 2.224693822579999960e+03 2.224685622739999872e+03 2.224677491540000119e+03 2.224669429640000089e+03 2.224661436379999941e+03 2.224653511760000129e+03 2.224645655780000197e+03 2.224637868440000148e+03 2.224630148419999841e+03 2.224622497039999871e+03 2.224614912980000099e+03 2.224607396899999912e+03 2.224599948139999924e+03 2.224592567359999975e+03 2.224585253239999929e+03 2.224578005779999785e+03 2.224570825639999839e+03 2.224563712160000250e+03 2.224556665340000109e+03 2.224549684520000028e+03 2.224542770359999849e+03 2.224535921539999890e+03 2.224529138719999992e+03 2.224522421900000154e+03 2.224515770420000081e+03 2.224509184280000227e+03 2.224502663480000137e+03 2.224496207359999971e+03 2.224489816580000024e+03 2.224483489820000159e+03 2.224477227739999762e+03 2.224471030340000198e+03 2.224464897620000102e+03 2.224458828259999791e+03 2.224452823579999858e+03 2.224446882260000166e+03 2.224441004299999804e+03 2.224435190359999979e+03 2.224429440439999780e+03 2.224423753219999981e+03 2.224418129359999966e+03 2.224412568860000192e+03 2.224407071059999907e+03
2.136793086799999855e+03 2.136786008959999890e+03 2.136778971379999803e+03 2.136771973400000206e+03 2.136765016339999875e+03 2.136758098220000193e+03 2.136751220359999934e+03 2.136744381439999870e+03 2.136737582119999843e+03 2.136730822399999852e+03 2.136724101620000056e+03 2.136717419120000159e+03 2.136710776219999843e+03 2.136704171599999881e+03 2.136697605920000115e+03 2.136691077859999950e+03 2.136684588739999981e+03 2.136678137899999911e+03 2.136671725340000194e+03 2.136665350400000079e+03 2.136659013739999864e+03 2.136652714700000161e+03 2.136646453280000060e+03 2.136640230139999858e+03 2.136634043959999872e+03 2.136627895399999943e+03 2.136621784460000072e+03 2.136615710479999962e+03 2.136609674119999909e+03 2.136603675379999913e+03 2.136597712939999838e+03 2.136591788119999819e+03 2.136585900260000017e+03 2.136580049359999975e+03 2.136574236079999991e+03 2.136568458440000086e+03 2.136562718420000238e+03 2.136557015360000150e+03 2.136551348599999983e+03 2.136545718140000190e+03 2.136540125300000000e+03 2.136534568099999888e+03 2.136529047859999991e+03 2.136523564579999857e+03 2.136518116939999800e+03 2.136512706259999959e+03 2.136507331880000038e+03 2.136501993800000037e+03 2.136496692019999955e+03 2.136491426539999793e+03
2.046915257851399929e+03 2.046915515720000030e+03 2.046915772288399921e+03 2.046916027523599951e+03 2.046916281432200094e+03 2.046916533994399970e+03 2.046916785203600057e+03 2.046917035046599949e+03 2.046917283510199923e+03 2.046917530587800002e+03 2.046917776266200008e+03 2.046918020532199989e+03 2.046918263379199971e+03 2.046918504800599976e+03 2.046918744776600079e+03 2.046918983300600075e+03 2.046919220365999990e+03 2.046919455959600100e+03 2.046919690074799973e+03 2.046919922691799911e+03 2.046920153810599913e+03 2.046920383418000029e+03 2.046920611500800078e+03 2.046920838052400086e+03 2.046921063059600101e+03 2.046921286515799920e+03 2.046921508407800047e+03 2.046921728722400076e+03 2.046921947459600005e+03 2.046922164592999934e+03 2.046922380122600089e+03 2.046922594041800039e+03 2.046922806330800086e+03 2.046923016976400049e+03 2.046923225971999955e+03 2.046923433311000053e+03 2.046923638973599964e+03 2.046923842953199937e+03 2.046924045230000047e+03 2.046924245804000066e+03 2.046924444648800090e+03 2.046924641757799918e+03 2.046924837117800053e+03 2.046925030722200063e+03 2.046925222538000071e+03 2.046925412571800052e+03 2.046925600790599901e+03 2.046925787187800097e+03 2.046925971750200006e+03 2.046926154457999928e+03
1.957000899500000060e+03 1.957008593779999956e+03 1.957016247799999974e+03 1.957023860239999976e+03 1.957031432420000101e+03 1.957038963680000052e+03 1.957046455339999966e+03 1.957053906740000002e+03 1.957061317879999933e+03 1.957068688759999986e+03 1.957076020700000072e+03 1.957083312380000052e+03 1.957090565120000065e+03 1.957097778260000041e+03 1.957104951799999981e+03 1.957112086399999953e+03 1.957119182059999957e+03 1.957126238779999994e+03 1.957133256560000063e+03 1.957140236060000007e+03 1.957147175959999913e+03 1.957154077579999921e+03 1.957160940920000030e+03 1.957167765980000013e+03 1.957174552100000028e+03 1.957181300599999986e+03 1.957188010159999976e+03 1.957194681440000068e+03 1.957201315100000102e+03 1.957207910480000010e+03 1.957214467580000019e+03 1.957220987059999970e+03 1.957227468920000092e+03 1.957233911840000019e+03 1.957240317799999957e+03 1.957246685479999996e+03 1.957253015539999979e+03 1.957259307979999903e+03 1.957265562139999929e+03 1.957271779339999966e+03 1.957277958260000105e+03 1.957284100220000028e+03 1.957290203900000051e+03 1.957296269960000018e+03 1.957302299059999996e+03 1.957308290539999916e+03 1.957314243739999938e+03 1.957320159979999971e+03 1.957326039260000016e+03 1.957331880259999934e+03
1.869084898580000072e+03 1.869094100300000036e+03 1.869103230080000003e+03 1.869112287919999972e+03 1.869121273160000101e+03 1.869130186460000004e+03 1.869139028479999979e+03 1.869147797900000114e+03 1.869156496040000093e+03 1.869165122240000073e+03 1.869173677819999966e+03 1.869182161460000088e+03 1.869190574480000123e+03 1.869198916220000001e+03 1.869207186679999950e+03 1.869215387180000107e+03 1.869223516399999880e+03 1.869231575660000090e+03 1.869239564299999984e+03 1.869247482980000086e+03 1.869255331039999874e+03 1.869263109799999938e+03 1.869270819260000053e+03 1.869278458759999921e+03 1.869286028299999998e+03 1.869293529199999966e+03 1.869300960799999984e+03 1.869308323759999894e+03 1.869315617420000081e+03 1.869322842439999931e+03 1.869329998820000128e+03 1.869337087220000058e+03 1.869344106980000106e+03 1.869351059419999956e+03 1.869357943219999925e+03 1.869364759040000081e+03 1.869371507540000039e+03 1.869378188059999957e+03 1.869384801919999973e+03 1.869391347799999949e+03 1.869397827020000022e+03 1.869404238260000056e+03 1.869410583500000030e+03 1.869416861420000032e+03 1.869423072680000132e+03 1.869429216620000034e+03 1.869435294559999875e+03 1.869441305840000041e+03 1.869447250460000078e+03 1.869453129080000053e+03
1.777241728039999998e+03 1.777264204999999947e+03 1.777286559199999829e+03 1.777308791299999939e+03 1.777330901960000119e+03 1.777352891179999915e+03 1.777374760279999919e+03 1.777396509260000130e+03 1.777418138779999936e+03 1.777439648840000018e+03 1.777461039439999922e+03 1.777482311900000013e+03 1.777503466879999905e+03 1.777524503719999984e+03 1.777545423080000091e+03 1.777566224960000000e+03 1.777586910680000074e+03 1.777607479580000017e+03 1.777627932979999969e+03 1.777648270220000086e+03 1.777668491299999914e+03 1.777688597540000046e+03 1.777708588940000027e+03 1.777728465500000084e+03 1.777748227219999990e+03 1.777767874099999972e+03 1.777787407459999940e+03 1.777806826640000054e+03 1.777826131639999858e+03 1.777845323120000103e+03 1.777864401079999880e+03 1.777883366179999939e+03 1.777902217759999985e+03 1.777920956479999859e+03 1.777939581679999947e+03 1.777958094680000158e+03 1.777976495480000040e+03 1.777994782759999907e+03 1.778012958499999968e+03 1.778031021379999856e+03 1.778048972720000165e+03 1.778066811859999916e+03 1.778084538800000018e+03 1.778102153540000018e+03 1.778119656739999982e+03 1.778137048399999912e+03 1.778154328520000035e+03 1.778171497099999897e+03 1.778188554139999951e+03 1.778205499639999971e+03
1.691257720040000095e+03 1.691275858160000098e+03 1.691293853059999947e+03 1.691311705399999937e+03 1.691329415180000069e+03 1.691346982399999888e+03 1.691364407060000076e+03 1.691381690480000088e+03 1.691398831999999857e+03 1.691415832279999904e+03 1.691432691980000072e+03 1.691449410440000065e+03 1.691465988319999951e+03 1.691482426280000027e+03 1.691498723659999996e+03 1.691514881779999996e+03 1.691530900640000027e+03 1.691546780240000089e+03 1.691562521240000024e+03 1.691578122979999989e+03 1.691593587439999965e+03 1.691608913300000040e+03 1.691624101880000126e+03 1.691639152520000152e+03 1.691654066540000031e+03 1.691668843939999988e+03 1.691683484720000024e+03 1.691697989539999980e+03 1.691712358400000085e+03 1.691726591300000109e+03 1.691740689559999964e+03 1.691754652520000036e+03 1.691768480839999938e+03 1.691782174519999899e+03 1.691795734880000055e+03 1.691809160600000041e+03 1.691822452339999927e+03 1.691835611420000077e+03 1.691848637179999969e+03 1.691861530279999897e+03 1.691874290060000021e+03 1.691886917840000024e+03 1.691899413619999905e+03 1.691911777400000119e+03 1.691924008519999916e+03 1.691936108959999956e+03 1.691948077399999875e+03 1.691959914499999968e+03 1.691971620260000009e+03 1.691983194679999997e+03
1.597478454020000072e+03 1.597515689899999870e+03 1.597552721179999935e+03 1.597589547860000039e+03 1.597626171259999865e+03 1.597662592700000005e+03 1.597698812180000004e+03 1.597734830360000160e+03 1.597770649219999996e+03 1.597806268100000125e+03 1.597841688980000072e+03 1.597876911199999995e+03 1.597911936739999874e+03 1.597946764939999866e+03 1.597981397779999952e+03 1.598015834600000062e+03 1.598050076720000106e+03 1.598084124139999858e+03 1.598117978180000136e+03 1.598151638840000032e+03 1.598185106120000000e+03 1.598218381339999951e+03 1.598251465159999952e+03 1.598284356260000095e+03 1.598317057279999972e+03 1.598349566899999900e+03 1.598381886440000017e+03 1.598414015899999868e+03 1.598445955939999976e+03 1.598477706560000115e+03 1.598509267760000057e+03 1.598540640859999939e+03 1.598571825199999921e+03 1.598602821440000071e+03 1.598633629579999933e+03 1.598664250280000033e+03 1.598694683539999915e+03 1.598724930020000102e+03 1.598754989060000071e+03 1.598784861979999960e+03 1.598814547460000085e+03 1.598844047479999972e+03 1.598873361380000006e+03 1.598902489159999959e+03 1.598931431479999901e+03 1.598960188340000059e+03 1.598988759079999909e+03 1.599017145679999885e+03 1.599045346820000077e+03 1.599073363160000099e+03
1.513445020579999891e+03 1.513472079919999942e+03 1.513498926080000047e+03 1.513525560380000115e+03 1.513551981500000011e+03 1.513578191419999939e+03 1.513604190139999901e+03 1.513629977659999895e+03 1.513655554639999991e+03 1.513680921079999962e+03 1.513706077639999876e+03 1.513731024980000029e+03 1.513755763760000036e+03 1.513780293320000055e+03 1.513804614319999928e+03 1.513828728080000019e+03 1.513852634599999874e+03 1.513876333879999947e+03 1.513899826580000081e+03 1.513923112699999820e+03 1.513946193559999983e+03 1.513969069820000186e+03 1.513991740160000063e+03 1.514014207220000117e+03 1.514036469679999982e+03 1.514058528200000183e+03 1.514080384099999947e+03 1.514102037380000183e+03 1.514123488700000053e+03 1.514144737399999940e+03 1.514165785459999825e+03 1.514186632219999865e+03 1.514207277680000061e+03 1.514227723819999937e+03 1.514247969320000038e+03 1.514268016160000116e+03 1.514287863019999804e+03 1.514307511879999993e+03 1.514326961419999861e+03 1.514346213620000071e+03 1.514365267159999803e+03 1.514384124019999945e+03 1.514402782879999904e+03 1.514421245060000047e+03 1.514439510560000144e+03 1.514457579379999970e+03 1.514475452180000048e+03 1.514493128300000080e+03 1.514510608399999910e+03 1.514527892479999991e+03
1.417731018019999965e+03 1.417782996320000166e+03 1.417834686199999851e+03 1.417886088319999999e+03 1.417937204000000065e+03 1.417988033900000119e+03 1.418038580659999980e+03 1.418088844280000103e+03 1.418138826740000013e+03 1.418188528040000165e+03 1.418237949500000013e+03 1.418287093099999993e+03 1.418335958180000034e+03 1.418384547380000186e+03 1.418432860699999992e+03 1.418480898799999977e+03 1.418528663000000051e+03 1.418576153960000056e+03 1.418623372340000060e+03 1.418670319459999973e+03 1.418716995320000024e+03 1.418763401239999894e+03 1.418809537220000038e+03 1.418855404580000140e+03 1.418901003980000041e+03 1.418946335420000196e+03 1.418991399559999991e+03 1.419036197720000018e+03 1.419080729899999824e+03 1.419124996099999862e+03 1.419168998300000112e+03 1.419212735179999981e+03 1.419256208719999904e+03 1.419299418260000039e+03 1.419342365120000068e+03 1.419385049299999991e+03 1.419427471460000106e+03 1.419469630940000116e+03 1.419511529719999999e+03 1.419553167139999914e+03 1.419594543859999931e+03 1.419635659879999821e+03 1.419676516519999950e+03 1.419717112459999953e+03 1.419757449680000036e+03 1.419797527520000131e+03 1.419837346639999851e+03 1.419876907039999878e+03 1.419916209380000055e+03 1.419955253659999926e+03
1.335655182200000127e+03 1.335691145599999800e+03 1.335726825199999894e+03 1.335762220999999954e+03 1.335797339599999987e+03 1.335832180999999991e+03 1.335866738599999962e+03 1.335901018999999906e+03 1.335935022200000049e+03 1.335968741599999930e+03 1.336002190400000018e+03 1.336035362000000077e+03 1.336068249800000103e+03 1.336100867000000108e+03 1.336133206999999857e+03 1.336165276400000039e+03 1.336197068599999966e+03 1.336228583600000093e+03 1.336259827999999970e+03 1.336290801799999826e+03 1.336321504999999888e+03 1.336351930999999922e+03 1.336382093000000168e+03 1.336411977799999931e+03 1.336441592000000128e+03 1.336470942200000081e+03 1.336500021800000013e+03 1.336528830799999923e+03 1.336557375800000045e+03 1.336585650200000146e+03 1.336613653999999997e+03 1.336641400400000066e+03 1.336668876199999886e+03 1.336696088000000145e+03 1.336723029199999928e+03 1.336749713000000156e+03 1.336776126199999908e+03 1.336802282000000105e+03 1.336828167199999825e+03 1.336853794999999991e+03 1.336879158799999914e+03 1.336904258600000048e+03 1.336929101000000173e+03 1.336953672799999822e+03 1.336977987199999916e+03 1.337002044200000000e+03 1.337025837199999842e+03 1.337049366199999895e+03 1.337072637799999939e+03 1.337095645399999967e+03
1.237998638600000049e+03 1.238065351400000054e+03 1.238131694600000174e+03 1.238197661599999947e+03 1.238263259000000062e+03 1.238328486800000064e+03 1.238393344999999954e+03 1.238457840199999964e+03 1.238521965800000089e+03 1.238585728399999880e+03 1.238649128000000019e+03 1.238712171199999830e+03 1.238774851399999989e+03 1.238837175199999820e+03 1.238899142600000005e+03 1.238960753600000089e+03 1.239022008200000073e+03 1.239082912999999962e+03 1.239143461399999978e+03 1.239203660000000127e+03 1.239263508800000182e+03 1.239323007800000141e+03 1.239382163600000013e+03 1.239440969600000017e+03 1.239499425799999926e+03 1.239557538800000202e+03 1.239615308599999935e+03 1.239672728600000028e+03 1.239729812000000038e+03 1.239786552199999960e+03 1.239842949200000021e+03 1.239899002999999993e+03 1.239954720199999883e+03 1.240010100800000146e+03 1.240065138200000092e+03 1.240119838999999956e+03 1.240174203199999965e+03 1.240228230799999892e+03 1.240281921799999964e+03 1.240335276199999953e+03 1.240388293999999860e+03 1.240440975199999912e+03 1.240493326400000115e+03 1.240545347600000014e+03 1.240597032199999830e+03 1.240648380200000020e+03 1.240699398199999905e+03 1.240750086199999942e+03 1.240800444200000129e+03 1.240850465600000007e+03
1.157894933600000059e+03 1.157939780599999949e+03 1.157984271199999966e+03 1.158028418599999895e+03 1.158072216200000184e+03 1.158115670599999930e+03 1.158158775200000036e+03 1.158201530000000048e+03 1.158243948199999977e+03 1.158286016600000039e+03 1.158327741800000013e+03 1.158369123800000125e+03 1.158410162600000149e+03 1.158450858200000084e+03 1.158491217199999937e+03 1.158531232999999929e+03 1.158570905600000060e+03 1.158610241599999881e+03 1.158649234399999841e+03 1.158687897199999952e+03 1.158726216799999975e+03 1.158764199799999915e+03 1.158801846200000000e+03 1.158839156000000003e+03 1.158876129199999923e+03 1.158912772399999994e+03 1.158949078999999983e+03 1.158985055599999896e+03 1.159020695599999954e+03 1.159056005599999935e+03 1.159090979000000061e+03 1.159125628999999890e+03 1.159159942400000091e+03 1.159193925799999988e+03 1.159227579200000037e+03 1.159260902600000009e+03 1.159293902599999910e+03 1.159326566000000184e+03 1.159358905999999934e+03 1.159390915999999834e+03 1.159422602600000118e+03 1.159453959200000099e+03 1.159484985800000004e+03 1.159515688999999838e+03 1.159546062200000051e+03 1.159576105399999960e+03 1.159605831800000033e+03 1.159635221600000023e+03 1.159664294600000176e+03 1.159693031000000019e+03
1.058303250200000093e+03 1.058384694200000013e+03 1.058465682799999968e+03 1.058546202799999946e+03 1.058626267399999961e+03 1.058705870000000004e+03 1.058785023800000090e+03 1.058863722199999984e+03 1.058941971799999919e+03 1.059019772600000124e+03 1.059097131200000149e+03 1.059174034399999982e+03 1.059250502000000097e+03 1.059326527400000032e+03 1.059402110600000015e+03 1.059477258200000051e+03 1.059551970200000142e+03 1.059626246599999831e+03 1.059700087400000029e+03 1.059773499200000060e+03 1.059846475400000145e+03 1.059919029200000068e+03 1.059991147400000045e+03 1.060062843199999861e+03 1.060134109999999964e+03 1.060204954400000133e+03 1.060275382999999920e+03 1.060345382599999994e+03 1.060414959799999906e+03 1.060484121200000118e+03 1.060552860199999941e+03 1.060621183400000064e+03 1.060689090800000031e+03 1.060756582400000070e+03 1.060823658199999954e+03 1.060890318199999911e+03 1.060956568999999945e+03 1.061022404000000051e+03 1.061087829800000009e+03 1.061152846399999817e+03 1.061217447199999924e+03 1.061281645399999888e+03 1.061345434400000158e+03 1.061408814200000052e+03 1.061471784800000023e+03 1.061534359400000085e+03 1.061596518199999991e+03 1.061658274399999982e+03 1.061719634600000063e+03 1.061780585599999995e+03
9.801726283999998941e+02 9.802263325999999779e+02 9.802796275999999125e+02 9.803325001999999131e+02 9.803849636000002192e+02 9.804370112000001427e+02 9.804886495999999170e+02 9.805398721999999907e+02 9.805906856000001426e+02 9.806410898000001453e+02 9.806910847999999987e+02 9.807406706000001577e+02 9.807898472000001675e+02 9.808386212000000342e+02 9.808869859999999790e+02 9.809349416000000019e+02 9.809824945999998818e+02 9.810296450000000732e+02 9.810763861999998880e+02 9.811227314000000206e+02 9.811686674000000039e+02 9.812142073999998502e+02 9.812593382000000020e+02 9.813040796000000228e+02 9.813484118000001217e+02 9.813923480000000836e+02 9.814358881999999085e+02 9.814790258000000449e+02 9.815217674000000443e+02 9.815641129999999066e+02 9.816060626000000866e+02 9.816476095999998961e+02 9.816887672000000293e+02 9.817295288000000255e+02 9.817698944000001120e+02 9.818098705999998401e+02 9.818494442000001072e+02 9.818886284000000160e+02 9.819274232000000211e+02 9.819658220000001165e+02 9.820038248000000749e+02 9.820414316000001236e+02 9.820786490000000413e+02 9.821154769999998280e+02 9.821519090000001597e+02 9.821879450000001270e+02 9.822235915999999634e+02 9.822588488000001234e+02 9.822937034000001404e+02 9.823281686000000263e+02
8.786519167999999809e+02 8.787481052000000545e+02 8.788437458000000788e+02 8.789388320000000476e+02 8.790333769999999731e+02 8.791273676000000705e+02 8.792208169999998972e+02 8.793137318000001414e+02 8.794060987999998815e+02 8.794979378000000452e+02 8.795892422000001716e+02 8.796800120000000334e+02 8.797702537999998640e+02 8.798599675999998908e+02 8.799491600000001199e+02 8.800378310000000965e+02 8.801259805999998207e+02 8.802136087999999745e+02 8.803007222000001093e+02 8.803873207999999977e+02 8.804734045999998671e+02 8.805589801999999509e+02 8.806440476000000217e+02 8.807286067999998522e+02 8.808126577999998972e+02 8.808962006000001566e+02 8.809792483999999604e+02 8.810617879999999786e+02 8.811438325999999961e+02 8.812253756000000067e+02 8.813064236000000164e+02 8.813869766000000254e+02 8.814670346000000336e+02 8.815466042000000471e+02 8.816256722000000536e+02 8.817042583999998442e+02 8.817823495999998613e+02 8.818599589999998898e+02 8.819370800000001509e+02 8.820137126000001899e+02 8.820898568000000068e+02 8.821655257999998412e+02 8.822407064000001355e+02 8.823154117999999926e+02 8.823896287999998549e+02 8.824633705999999620e+02 8.825366372000000865e+02 8.826094219999999950e+02 8.826817315999999209e+02 8.827535659999998643e+02
8.025024236000001565e+02 8.025649783999999727e+02 8.026270514000000276e+02 8.026886426000000938e+02 8.027497585999999501e+02 8.028103994000000512e+02 8.028705583999999362e+02 8.029302356000000600e+02 8.029894441999999799e+02 8.030481775999999172e+02 8.031064357999998720e+02 8.031642188000000715e+02 8.032215266000000611e+02 8.032783658000000742e+02 8.033347363999998834e+02 8.033906318000001647e+02 8.034460586000000148e+02 8.035010167999998885e+02 8.035555063999997856e+02 8.036095339999999396e+02 8.036630864000001111e+02 8.037161768000000848e+02 8.037688052000000880e+02 8.038209649999998874e+02 8.038726561999999376e+02 8.039238854000000174e+02 8.039746526000001268e+02 8.040249578000000383e+02 8.040748010000002068e+02 8.041241821999999502e+02 8.041731013999999504e+02 8.042215585999999803e+02 8.042695604000000458e+02 8.043170935999999074e+02 8.043641714000000320e+02 8.044107872000001862e+02 8.044569409999999152e+02 8.045026394000001346e+02 8.045478757999999289e+02 8.045926567999999861e+02 8.046369692000000668e+02 8.046808327999999619e+02 8.047242277999998805e+02 8.047671674000000621e+02 8.048096450000000459e+02 8.048516606000000593e+02 8.048932141999998748e+02 8.049343123999999534e+02 8.049749420000000555e+02 8.050151162000001932e+02
6.990300853999999617e+02 6.991410974000000351e+02 6.992514560000001893e+02 6.993611743999999817e+02 6.994702459999998609e+02 6.995786840000000666e+02 6.996864883999999165e+02 6.997936592000000928e+02 6.999002029999999195e+02 7.000061197999998512e+02 7.001114161999998942e+02 7.002160856000000422e+02 7.003201478000000861e+02 7.004235896000000139e+02 7.005264175999998315e+02 7.006286383999999998e+02 7.007302520000000641e+02 7.008312584000000243e+02 7.009316707999998926e+02 7.010314760000001115e+02 7.011306871999997838e+02 7.012293044000000464e+02 7.013273275999999896e+02 7.014247567999998410e+02 7.015215986000000612e+02 7.016178596000002017e+02 7.017135332000000290e+02 7.018086193999999978e+02 7.019031313999998929e+02 7.019970626000001630e+02 7.020904196000001320e+02 7.021831958000000213e+02 7.022754043999998430e+02 7.023670388000000457e+02 7.024580989999999474e+02 7.025485982000000149e+02 7.026385298000000148e+02 7.027278937999999471e+02 7.028166968000000452e+02 7.029049322000000757e+02 7.029926132000000507e+02 7.030797331999999642e+02 7.031662988000000496e+02 7.032523033999998461e+02 7.033377535999998145e+02 7.034226559999999608e+02 7.035070039999998244e+02 7.035907975999998598e+02 7.036740433999998459e+02 7.037567414000000099e+02
6.248954467999999451e+02 6.249668323999999302e+02 6.250376767999998719e+02 6.251079799999999977e+02 6.251777287999998407e+02 6.252469430000001012e+02 6.253156094000000849e+02 6.253837345999997979e+02 6.254513119999999162e+02 6.255183547999999973e+02 6.255848629999998138e+02 6.256508234000000357e+02 6.257162557999999990e+02 6.257811403999999129e+02 6.258454970000000230e+02 6.259093123999998625e+02 6.259725997999998981e+02 6.260353459999998904e+02 6.260975641999998516e+02 6.261592478000000028e+02 6.262203967999998895e+02 6.262810177999999723e+02 6.263411041999997906e+02 6.264006626000000324e+02 6.264596864000000096e+02 6.265181887999999617e+02 6.265761566000001039e+02 6.266335963999999876e+02 6.266905016000000614e+02 6.267468854000001102e+02 6.268027411999999003e+02 6.268580690000001141e+02 6.269128622000000632e+02 6.269671339999999873e+02 6.270208778000001075e+02 6.270740935999999692e+02 6.271267813999997998e+02 6.271789412000000539e+02 6.272305730000000494e+02 6.272816702000000078e+02 6.273322459999999410e+02 6.273822871999998370e+02 6.274318069999999352e+02 6.274807921999999962e+02 6.275292427999997926e+02 6.275771654000000126e+02 6.276245533999999680e+02 6.276714067999998861e+02 6.277177322000000004e+02 6.277635164000000714e+02
5.194537411999999676e+02 5.195796691999998984e+02 5.197048514000000523e+02 5.198292943999999807e+02 5.199529981999999109e+02 5.200759760000000824e+02 5.201982146000000284e+02 5.203197337999999945e+02 5.204405269999999746e+02 5.205606074000002081e+02 5.206799684000000070e+02 5.207986166000000594e+02 5.209165586000001440e+02 5.210337878000000273e+02 5.211503239999999550e+02 5.212661606000001484e+02 5.213812976000001527e+02 5.214957415999999739e+02 5.216094991999998456e+02 5.217225703999999951e+02 5.218349551999999676e+02 5.219466601999999966e+02 5.220576853999998548e+02 5.221680307999999968e+02 5.222777095999999801e+02 5.223867152000000260e+02 5.224950542000001406e+02 5.226027265999998690e+02 5.227097323999998935e+02 5.228160847999999987e+02 5.229217706000001726e+02 5.230268029999999726e+02 5.231311820000000807e+02 5.232349142000000484e+02 5.233379864000000907e+02 5.234404183999999987e+02 5.235422035999999935e+02 5.236433485999998538e+02 5.237438468000000285e+02 5.238437048000000686e+02 5.239429291999999805e+02 5.240415133999999853e+02 5.241394705999998678e+02 5.242367876000000706e+02 5.243334841999999298e+02 5.244295406000001094e+02 5.245249765999999454e+02 5.246197922000001199e+02 5.247139741999999387e+02 5.248075424000001021e+02
4.473230144000001474e+02 4.474032439999998587e+02 4.474828597999999147e+02 4.475618618000000879e+02 4.476402499999999236e+02 4.477180310000001100e+02 4.477952047999999650e+02 4.478717648000001645e+02 4.479477175999998053e+02 4.480230698000000302e+02 4.480978148000001511e+02 4.481719525999999405e+02 4.482454831999998532e+02 4.483184197999999014e+02 4.483907491999998456e+02 4.484624714000001404e+02 4.485335996000001160e+02 4.486041205999999875e+02 4.486740475999999944e+02 4.487433739999999034e+02 4.488120997999999418e+02 4.488802250000001095e+02 4.489477561999999580e+02 4.490146867999999358e+02 4.490810167999998157e+02 4.491467527999998310e+02 4.492118947999999818e+02 4.492764362000000347e+02 4.493403769999999895e+02 4.494037237999998524e+02 4.494664766000000782e+02 4.495286287999999786e+02 4.495901870000000145e+02 4.496511445999999523e+02 4.497115082000000257e+02 4.497712712000000010e+02 4.498304336000001058e+02 4.498890020000001186e+02 4.499469632000000274e+02 4.500043304000000717e+02 4.500610904000000119e+02 4.501172564000000875e+02 4.501728152000000591e+02 4.502277667999999267e+02 4.502821177999999236e+02 4.503358616000000438e+02 4.503889916000000539e+02 4.504415209999999661e+02 4.504934365999999955e+02 4.505447384000001421e+02
3.399637513999998646e+02 3.401047538000000259e+02 3.402449114000000918e+02 3.403842308000000685e+02 3.405227053999999498e+02 3.406603550000002087e+02 3.407971730000001571e+02 3.409331660000000284e+02 3.410683406000000559e+02 3.412027034000000185e+02 3.413362477999999101e+02 3.414689935999999761e+02 3.416009275999999772e+02 3.417320696000001590e+02 3.418624130000000605e+02 3.419919643999999153e+02 3.421207237999999506e+02 3.422487043999999514e+02 3.423758995999999115e+02 3.425023160000000644e+02 3.426279601999999613e+02 3.427528388000000632e+02 3.428769452000001365e+02 3.430002859999999600e+02 3.431228677999999945e+02 3.432446906000000126e+02 3.433657544000000144e+02 3.434860724000000118e+02 3.436056379999999990e+02 3.437244643999999880e+02 3.438425383999999667e+02 3.439598797999999533e+02 3.440764753999999357e+02 3.441923449999999320e+02 3.443074753999999302e+02 3.444218798000001698e+02 3.445355581999999686e+02 3.446485106000000087e+02 3.447607369999998355e+02 3.448722506000001431e+02 3.449830448000000160e+02 3.450931195999999090e+02 3.452024882000000616e+02 3.453111440000000130e+02 3.454190935999999965e+02 3.455263304000000062e+02 3.456328741999998329e+02 3.457387051999999130e+02 3.458438432000000375e+02 3.459482815999999730e+02
2.698365007999998397e+02 2.699255677999999534e+02 2.700139484000001175e+02 2.701016557999998895e+02 2.701886767999999392e+02 2.702750179999998181e+02 2.703606859999999870e+02 2.704456741999999849e+02 2.705299892000000455e+02 2.706136309999999412e+02 2.706965930000001208e+02 2.707788817999999083e+02 2.708604973999999856e+02 2.709414398000001256e+02 2.710217156000001069e+02 2.711013182000001507e+02 2.711802476000000297e+02 2.712585103999999774e+02 2.713361000000002150e+02 2.714130230000000665e+02 2.714892727999999806e+02 2.715648559999999634e+02 2.716397726000000148e+02 2.717140160000001288e+02 2.717875928000000840e+02 2.718605029999998806e+02 2.719327399999999670e+02 2.720043104000001222e+02 2.720752141999998912e+02 2.721454447999999502e+02 2.722150021999998444e+02 2.722838930000000346e+02 2.723521172000000661e+02 2.724196615999999267e+02 2.724865393999998560e+02 2.725527374000000691e+02 2.726182687999998961e+02 2.726831204000000071e+02 2.727472987999999532e+02 2.728107973999999558e+02 2.728736162000000149e+02 2.729357551999999032e+02 2.729972077999998419e+02 2.730579806000000644e+02 2.731180670000001101e+02 2.731774735999999848e+02 2.732361805999998978e+02 2.732942012000000886e+02 2.733515287999998691e+02 2.734081633999999212e+02
1.605140744000000268e+02 1.606703821999999491e+02 1.608257462000001397e+02 1.609801664000001438e+02 1.611336361999999554e+02 1.612861819999998261e+02 1.614377905999999712e+02 1.615884685999999419e+02 1.617382357999999840e+02 1.618870790000000852e+02 1.620350114000000303e+02 1.621820396000000528e+02 1.623281636000001527e+02 1.624733900000001086e+02 1.626177253999999266e+02 1.627611631999998281e+02 1.629037231999998312e+02 1.630453988000001573e+02 1.631862031999999090e+02 1.633261297999999897e+02 1.634651917999999569e+02 1.636033825999998044e+02 1.637407153999999991e+02 1.638771968000000925e+02 1.640128202000000783e+02 1.641475921999999628e+02 1.642815259999999853e+02 1.644146083999999064e+02 1.645468591999999717e+02 1.646782718000001751e+02 1.648088528000000679e+02 1.649386088000001109e+02 1.650675331999998434e+02 1.651956391999999596e+02 1.653229334000000108e+02 1.654494026000002123e+02 1.655750666000001274e+02 1.656999121999999716e+02 1.658239591999999902e+02 1.659472009999999500e+02 1.660696442000000843e+02 1.661912821999999323e+02 1.663121347999999671e+02 1.664321887999999490e+02 1.665514574000001176e+02 1.666699340000000120e+02 1.667876317999998719e+02 1.669045441999999184e+02 1.670206843999999364e+02 1.671360391999999138e+02
3.910262316199999987e+03 3.910174377800000002e+03 3.910087132399999973e+03 3.910000586600000133e+03 3.909914740400000028e+03 3.909829587199999878e+03 3.909745133600000372e+03 3.909661379600000146e+03 3.909578312000000096e+03 3.909495944000000236e+03 3.909414268999999877e+03 3.909333286999999928e+03 3.909253004600000168e+03 3.909173408599999675e+03 3.909094505600000048e+03 3.909016295600000376e+03 3.908938778599999750e+03 3.908861954599999990e+03 3.908785823600000185e+03 3.908710385600000336e+03 3.908635640599999988e+03 3.908561588600000050e+03 3.908488229600000068e+03 3.908415570199999820e+03 3.908343597199999749e+03 3.908272323799999867e+03 3.908201743399999941e+03 3.908131862600000204e+03 3.908062681400000201e+03 3.907994193200000154e+03 3.907926411200000075e+03 3.907859328800000185e+03 3.907792946000000029e+03 3.907727269400000296e+03 3.907662299000000075e+03 3.907598034800000278e+03 3.907534476799999993e+03 3.907471631600000364e+03 3.907409499200000027e+03 3.907348079599999892e+03 3.907287379399999736e+03 3.907227405199999794e+03 3.907168143800000053e+03 3.907109608400000070e+03 3.907051805600000080e+03 3.906994728800000303e+03 3.906938391199999842e+03 3.906882786199999828e+03 3.906827927000000273e+03 3.906773807000000033e+03
4.024530822200000330e+03 4.024360337600000094e+03 4.024190889200000129e+03 4.024022470400000202e+03 4.023855074600000080e+03 4.023688701799999762e+03 4.023523338799999692e+03 4.023358985599999869e+03 4.023195628999999826e+03 4.023033275599999797e+03 4.022871912200000224e+03 3.979250670800000080e+03 3.979094825000000128e+03 3.978939936199999920e+03 3.978785991200000353e+03 3.978632990000000063e+03 3.978480932599999960e+03 3.978329805800000031e+03 3.978179603000000043e+03 3.978030330800000229e+03 3.977881969400000344e+03 3.977734531999999945e+03 3.977587998800000150e+03 3.977442376399999830e+03 3.977297651599999881e+03 3.977153824399999849e+03 3.977010888199999954e+03 3.976868843000000197e+03 3.976727682200000345e+03 3.976587399199999709e+03 3.976448000600000341e+03 3.976309466599999723e+03 3.976171803799999907e+03 3.976035012199999983e+03 3.975899072000000160e+03 3.975763996399999996e+03 3.975629772199999934e+03 3.975496399399999973e+03 3.975363871399999880e+03 3.975232188200000110e+03 3.931306145600000036e+03 3.931179115400000228e+03 3.931052903599999809e+03 3.930927503599999909e+03 3.930802915399999620e+03 3.930679132399999617e+03 3.930556148000000121e+03 3.930433968800000002e+03 3.930312581600000158e+03 3.930191993000000366e+03
3.733065674599999966e+03 3.732986230399999840e+03 3.732907426400000077e+03 3.732829242799999975e+03 3.732751692800000001e+03 3.732674776400000155e+03 3.732598487000000205e+03 3.732522824600000149e+03 3.732447789199999988e+03 3.732373380800000177e+03 3.732299592800000028e+03 3.732226438400000006e+03 3.732153904400000101e+03 3.732081997400000091e+03 3.732010710800000197e+03 3.731940051200000198e+03 3.731870012000000315e+03 3.731800593200000094e+03 3.731731801400000222e+03 3.731663630000000012e+03 3.731596078999999918e+03 3.731529155000000173e+03 3.731462844799999857e+03 3.731397161599999890e+03 3.731332105399999818e+03 3.731267663000000084e+03 3.731203847599999790e+03 3.731140652600000067e+03 3.731078084599999784e+03 3.731016143599999850e+03 3.730954823000000033e+03 3.730894122800000332e+03 3.730834056199999850e+03 3.730774609999999939e+03 3.730715797400000156e+03 3.730657611800000268e+03 3.730600053199999820e+03 3.730543128199999956e+03 3.730486836799999764e+03 3.730431179000000157e+03 3.730376154800000222e+03 3.730321770800000195e+03 3.730268020399999841e+03 3.730214916799999628e+03 3.730162453400000231e+03 3.730110630199999832e+03 3.730059460399999807e+03 3.730008937399999922e+03 3.729959067800000412e+03 3.729909851599999911e+03
3.845004156200000125e+03 3.844849768999999924e+03 3.844696299199999885e+03 3.844543760000000020e+03 3.844392131600000084e+03 3.844241420599999856e+03 3.844091620400000011e+03 3.843942717799999627e+03 3.843794712800000070e+03 3.843647605399999975e+03 3.843501382399999784e+03 3.843356043799999952e+03 3.843211583000000246e+03 3.843067993399999978e+03 3.842925275000000056e+03 3.842783421199999793e+03 3.842642432000000099e+03 3.842502294200000051e+03 3.842363007800000105e+03 3.842224572799999805e+03 3.842086976000000050e+03 3.841950224000000162e+03 3.841814303600000130e+03 3.841679214799999954e+03 3.841544950999999855e+03 3.841411512200000288e+03 3.841278898399999889e+03 3.841147096400000009e+03 3.841016106199999740e+03 3.840885927799999990e+03 3.840756547999999839e+03 3.840627973399999973e+03 3.840500197399999706e+03 3.840373219999999947e+03 3.840247027999999773e+03 3.840121627999999873e+03 3.839997013400000014e+03 3.839873184199999741e+03 3.839750127199999952e+03 3.839627848999999969e+03 3.839506343000000015e+03 3.839385609200000090e+03 3.839265640999999960e+03 3.839146438400000079e+03 3.839027994799999760e+03 3.838910316800000146e+03 3.838793391199999860e+03 3.838677217999999812e+03 3.838561797200000001e+03 3.838447122200000194e+03
3.555797792599999866e+03 3.555726809599999797e+03 3.555656394200000250e+03 3.555586553000000094e+03 3.555517266199999995e+03 3.555448553600000196e+03 3.555380395399999998e+03 3.555312811400000101e+03 3.555245781800000259e+03 3.555179313200000252e+03 3.555113405600000078e+03 3.555048065599999973e+03 3.554983273400000144e+03 3.554919048799999928e+03 3.554855378600000222e+03 3.554792262799999662e+03 3.554729707999999846e+03 3.554667707600000085e+03 3.554606268200000159e+03 3.554545376600000054e+03 3.554485045999999784e+03 3.554425269800000024e+03 3.554366041400000086e+03 3.554307373999999982e+03 3.554249260999999933e+03 3.554191702399999940e+03 3.554134691600000224e+03 3.554078241799999887e+03 3.554022339799999827e+03 3.553966992200000277e+03 3.553912205599999652e+03 3.553857966800000213e+03 3.553804282400000375e+03 3.553751158999999916e+03 3.553698583399999734e+03 3.553646568799999841e+03 3.553595115199999782e+03 3.553544216000000233e+03 3.553493871199999830e+03 3.553444087400000171e+03 3.553394864599999892e+03 3.553346202800000356e+03 3.553298101999999744e+03 3.553250568800000110e+03 3.553203596599999855e+03 3.553157192000000123e+03 3.553111355000000003e+03 3.553066085599999951e+03 3.553021390400000200e+03 3.552977262800000062e+03
3.665436840800000027e+03 3.665298306800000319e+03 3.665160597799999778e+03 3.665023700599999756e+03 3.664887621800000034e+03 3.664752348200000142e+03 3.664617886400000316e+03 3.664484223200000088e+03 3.664351352000000134e+03 3.664219272799999999e+03 3.664087985600000138e+03 3.663957483799999864e+03 3.663827760799999851e+03 3.663698809999999867e+03 3.663570631399999911e+03 3.663443218399999751e+03 3.663316577599999619e+03 3.663190689199999724e+03 3.663065559800000301e+03 3.662941182800000206e+03 3.662817558200000349e+03 3.662694672800000262e+03 3.662572533200000180e+03 3.662451132799999868e+03 3.662330471600000237e+03 3.662210536399999910e+03 3.662091333800000029e+03 3.661972857199999908e+03 3.661855106599999999e+03 3.661738075400000071e+03 3.661621756999999889e+03 3.661506151399999908e+03 3.661391265199999907e+03 3.661277078600000095e+03 3.661163604800000030e+03 3.661050830600000154e+03 3.660938755999999557e+03 3.660827381000000059e+03 3.660716698999999608e+03 3.660606710000000021e+03 3.660497413999999935e+03 3.660388804400000026e+03 3.660280881200000294e+03 3.660173644399999830e+03 3.660067080800000440e+03 3.659961203599999862e+03 3.659855993000000126e+03 3.659751468800000112e+03 3.659647611200000028e+03 3.659544420199999877e+03
3.378503437999999733e+03 3.378440830399999868e+03 3.378378730999999789e+03 3.378317126599999938e+03 3.378256030399999872e+03 3.378195429200000035e+03 3.378135329599999750e+03 3.378075725000000148e+03 3.378016622000000098e+03 3.377958013999999821e+03 3.377899907600000006e+03 3.377842296199999964e+03 3.377785173199999917e+03 3.377728551799999877e+03 3.377672418799999832e+03 3.377616780800000015e+03 3.377561631200000193e+03 3.377506976599999689e+03 3.377452816999999868e+03 3.377399139199999809e+03 3.377345956399999977e+03 3.377293262000000141e+03 3.377241055999999844e+03 3.377189344999999776e+03 3.377138115800000378e+03 3.377087375000000065e+03 3.377037122599999748e+03 3.376987358599999880e+03 3.376938076399999773e+03 3.376889289200000349e+03 3.376840983799999776e+03 3.376793166800000108e+03 3.376745838199999980e+03 3.376698997999999847e+03 3.376652639599999929e+03 3.376606769600000007e+03 3.376561388000000079e+03 3.376516494800000146e+03 3.376472090000000208e+03 3.376428173600000264e+03 3.376384752199999639e+03 3.376341812599999685e+03 3.376299367999999959e+03 3.376257411800000227e+03 3.376215950599999815e+03 3.376174977800000306e+03 3.376134506599999895e+03 3.376094523800000388e+03 3.376055042599999979e+03 3.376016056399999798e+03
3.485799585199999910e+03 3.485676719600000069e+03 3.485554579999999987e+03 3.485433159799999885e+03 3.485312445800000205e+03 3.485192444600000272e+03 3.485073149599999851e+03 3.484954554200000075e+03 3.484836658400000033e+03 3.484719455599999947e+03 3.484602945800000271e+03 3.484487122399999862e+03 3.484371978799999852e+03 3.484257515000000240e+03 3.484143731000000116e+03 3.484030620200000158e+03 3.483918182599999909e+03 3.483806405000000268e+03 3.483695294000000104e+03 3.483584849599999870e+03 3.483475058600000011e+03 3.483365920999999616e+03 3.483257436800000050e+03 3.483149599399999715e+03 3.483042415400000209e+03 3.482935871599999700e+03 3.482829968000000008e+03 3.482724704600000223e+03 3.482620074800000111e+03 3.482516078599999673e+03 3.482412715999999818e+03 3.482309980400000313e+03 3.482207871800000248e+03 3.482106390199999623e+03 3.482005529000000024e+03 3.481905288200000086e+03 3.481805661200000031e+03 3.481706654600000093e+03 3.481608255199999803e+03 3.481510476200000085e+03 3.481413297799999782e+03 3.481316733200000272e+03 3.481220769200000177e+03 3.481125412399999732e+03 3.481030662799999845e+03 3.480936507200000051e+03 3.480842952199999672e+03 3.480749991199999840e+03 3.480657630800000334e+03 3.480565857800000231e+03
3.201139809799999966e+03 3.201085564400000294e+03 3.201031761199999892e+03 3.200978400200000124e+03 3.200925474799999847e+03 3.200872978400000193e+03 3.200820924200000263e+03 3.200769305599999825e+03 3.200718116000000009e+03 3.200667368599999918e+03 3.200617043600000216e+03 3.200567154200000004e+03 3.200517700399999740e+03 3.200468668999999863e+03 3.200420073199999933e+03 3.200371906399999716e+03 3.200324161999999887e+03 3.200276853200000005e+03 3.200229966799999602e+03 3.200183502800000042e+03 3.200137474399999974e+03 3.200091861799999606e+03 3.200046678199999860e+03 3.200001917000000049e+03 3.199957584800000404e+03 3.199913668400000006e+03 3.199870181000000230e+03 3.199827109400000154e+03 3.199784466799999791e+03 3.199742240000000038e+03 3.199700442199999998e+03 3.199659060200000113e+03 3.199618093999999928e+03 3.199577556799999911e+03 3.199537435400000049e+03 3.199497736400000122e+03 3.199458459800000128e+03 3.199419605600000068e+03 3.199381167200000164e+03 3.199343151199999738e+03 3.199305557600000157e+03 3.199268386400000054e+03 3.199231631000000107e+03 3.199195304599999872e+03 3.199159400600000026e+03 3.199123912400000336e+03 3.199088853199999903e+03 3.199054223000000093e+03 3.199020008599999983e+03 3.198986229799999819e+03
3.306116862200000014e+03 3.306009526400000141e+03 3.305902810999999929e+03 3.305796715999999833e+03 3.305691234799999620e+03 3.305586367400000199e+03 3.305482107199999973e+03 3.305378454200000306e+03 3.305275401800000054e+03 3.305172950000000128e+03 3.305071092199999839e+03 3.304969828400000097e+03 3.304869152000000213e+03 3.304769069599999966e+03 3.304669568000000254e+03 3.304570653799999945e+03 3.304472313799999938e+03 3.304374547999999777e+03 3.304277363000000150e+03 3.304180745600000137e+03 3.304084695800000191e+03 3.303989220200000091e+03 3.303894305599999825e+03 3.303799952000000303e+03 3.303706152799999927e+03 3.303612921199999619e+03 3.303520237400000042e+03 3.303428114600000299e+03 3.303336539599999924e+03 3.303245512399999825e+03 3.303155039600000237e+03 3.303065107999999782e+03 3.302975717600000280e+03 3.302886875000000146e+03 3.302798566999999821e+03 3.302710800199999994e+03 3.302623574600000211e+03 3.302536883599999783e+03 3.302450720599999840e+03 3.302365092199999708e+03 3.302279998399999840e+03 3.302195426000000225e+03 3.302111388199999965e+03 3.302027878400000191e+03 3.301944889999999759e+03 3.301862423000000035e+03 3.301780477400000109e+03 3.301699059800000214e+03 3.301618156999999883e+03 3.301537775599999804e+03
3.023716537400000107e+03 3.023670660799999951e+03 3.023625160399999913e+03 3.023580029599999762e+03 3.023535275000000183e+03 3.023490890000000036e+03 3.023446881200000007e+03 3.023403235400000085e+03 3.023359965800000282e+03 3.023317065799999909e+03 3.023274528800000098e+03 3.023232361399999718e+03 3.023190563600000132e+03 3.023149128800000199e+03 3.023108063600000150e+03 3.023067361399999754e+03 3.023027022199999919e+03 3.022987052599999970e+03 3.022947439399999894e+03 3.022908189199999924e+03 3.022869302000000062e+03 3.022830777799999851e+03 3.022792616599999747e+03 3.022754811799999970e+03 3.022717363400000067e+03 3.022680277999999817e+03 3.022643548999999894e+03 3.022607183000000077e+03 3.022571166799999901e+03 3.022535513599999831e+03 3.022500216800000089e+03 3.022465276400000221e+03 3.022430692400000225e+03 3.022396458199999870e+03 3.022362587000000076e+03 3.022329065599999922e+03 3.022295907199999874e+03 3.022263098599999921e+03 3.022230639800000063e+03 3.022198543999999856e+03 3.022166798000000199e+03 3.022135408399999960e+03 3.022104375200000050e+03 3.022073698400000012e+03 3.022043378000000303e+03 3.022013407399999778e+03 3.021983799799999815e+03 3.021954541999999947e+03 3.021925640599999952e+03 3.021897102200000063e+03
3.126369670399999904e+03 3.126277771999999914e+03 3.126186401599999954e+03 3.126095559200000025e+03 3.126005231600000116e+03 3.125915418800000225e+03 3.125826127400000132e+03 3.125737344199999825e+03 3.125649075799999991e+03 3.125561309000000165e+03 3.125474050400000124e+03 3.125387293400000090e+03 3.125301031400000284e+03 3.125215271000000030e+03 3.125130005600000004e+03 3.125045235200000207e+03 3.124960953200000404e+03 3.124877159600000141e+03 3.124793854399999873e+03 3.124711037600000054e+03 3.124628702599999997e+03 3.124546842799999922e+03 3.124465464800000063e+03 3.124384568599999966e+03 3.124304141000000072e+03 3.124224188600000161e+03 3.124144711400000233e+03 3.124065702800000054e+03 3.123987169400000312e+03 3.123909098000000085e+03 3.123831488599999830e+03 3.123754347799999778e+03 3.123677669000000151e+03 3.123601452200000040e+03 3.123525697400000354e+03 3.123450404600000184e+03 3.123375567199999750e+03 3.123301185199999964e+03 3.123227258599999914e+03 3.123153780799999822e+03 3.123080764999999701e+03 3.123008197999999993e+03 3.122936079799999789e+03 3.122864410399999997e+03 3.122793196399999943e+03 3.122722424600000068e+03 3.122652101599999696e+03 3.122582220799999959e+03 3.122512788800000180e+03 3.122443799000000126e+03
2.846241309799999726e+03 2.846203801999999996e+03 2.846166604399999869e+03 2.846129716999999800e+03 2.846093133200000011e+03 2.846056859600000280e+03 2.846020889599999919e+03 2.845985223199999837e+03 2.845949860400000034e+03 2.845914807799999835e+03 2.845880052200000137e+03 2.845845606800000041e+03 2.845811458399999992e+03 2.845777613600000223e+03 2.845744065800000044e+03 2.845710821600000145e+03 2.845677881000000070e+03 2.845645230799999808e+03 2.845612890800000059e+03 2.845580841200000123e+03 2.845549088599999777e+03 2.845517632999999933e+03 2.845486474400000134e+03 2.845455612799999926e+03 2.845425048199999765e+03 2.845394774000000325e+03 2.845364796800000022e+03 2.845335116600000219e+03 2.845305726800000230e+03 2.845276627400000052e+03 2.845247824999999921e+03 2.845219306400000278e+03 2.845191084799999771e+03 2.845163160199999766e+03 2.845135519399999794e+03 2.845108169000000089e+03 2.845081108999999742e+03 2.845054345999999896e+03 2.845027866800000083e+03 2.845001678000000084e+03 2.844975779599999896e+03 2.844950171599999976e+03 2.844924847400000090e+03 2.844899820200000249e+03 2.844875076799999988e+03 2.844850623799999994e+03 2.844826467800000046e+03 2.844802595600000132e+03 2.844779013800000030e+03 2.844755715799999962e+03
2.946592653199999859e+03 2.946516132799999923e+03 2.946440041400000155e+03 2.946364379000000099e+03 2.946289145599999756e+03 2.946214334600000257e+03 2.946139952600000015e+03 2.946065993000000162e+03 2.945992455800000243e+03 2.945919334400000025e+03 2.945846622200000184e+03 2.945774332399999821e+03 2.945702451799999835e+03 2.945630980400000226e+03 2.945559924799999862e+03 2.945489265199999863e+03 2.945419021400000020e+03 2.945349173600000086e+03 2.945279728399999840e+03 2.945210685799999737e+03 2.945142039199999999e+03 2.945073795199999950e+03 2.945005940600000031e+03 2.944938488599999800e+03 2.944871425999999701e+03 2.944804752799999733e+03 2.944738468999999895e+03 2.944672581199999968e+03 2.944607076199999938e+03 2.944541960600000039e+03 2.944477234399999816e+03 2.944412890999999945e+03 2.944348923800000193e+03 2.944285346000000118e+03 2.944222150999999940e+03 2.944159338800000114e+03 2.944096902799999953e+03 2.944034849600000143e+03 2.943973165999999765e+03 2.943911865200000193e+03 2.943850947200000064e+03 2.943790398799999821e+03 2.943730219999999917e+03 2.943670423999999912e+03 2.943610997599999791e+03 2.943551947400000245e+03 2.943493266800000129e+03 2.943434955799999898e+03 2.943377014400000007e+03 2.943319449200000236e+03
2.668725095539999984e+03 2.668695965119999983e+03 2.668667075599999862e+03 2.668638427639999918e+03 2.668610019920000013e+03 2.668581851779999852e+03 2.668553923880000184e+03 2.668526234240000122e+03 2.668498783519999961e+03 2.668471571059999860e+03 2.668444595540000137e+03 2.668417856959999881e+03 2.668391354659999706e+03 2.668365088640000067e+03 2.668339058239999758e+03 2.668313262140000006e+03 2.668287701000000197e+03 2.668262373499999740e+03 2.668237278980000156e+03 2.668212418099999923e+03 2.668187788879999971e+03 2.668163391980000142e+03 2.668139226080000299e+03 2.668115291839999827e+03 2.668091587280000113e+03 2.668068113060000087e+03 2.668044867860000068e+03 2.668021852339999896e+03 2.667999065179999889e+03 2.667976506380000046e+03 2.667954175280000072e+03 2.667932071879999967e+03 2.667910195519999888e+03 2.667888545539999996e+03 2.667867121940000288e+03 2.667845924719999857e+03 2.667824953219999770e+03 2.667804206780000186e+03 2.667783686060000036e+03 2.667763390399999935e+03 2.667743319140000040e+03 2.667723472939999738e+03 2.667703851140000097e+03 2.667684453740000208e+03 2.667665280080000230e+03 2.667646331479999844e+03 2.667627607280000120e+03 2.667609106819999852e+03 2.667590830760000244e+03 2.667572779099999934e+03
2.766772656799999822e+03 2.766711481399999684e+03 2.766650649199999862e+03 2.766590153600000122e+03 2.766530001199999788e+03 2.766470185399999991e+03 2.766410706200000277e+03 2.766351563600000190e+03 2.766292750999999953e+03 2.766234268400000019e+03 2.766176122400000168e+03 2.766118293200000153e+03 2.766060800600000221e+03 2.766003631399999904e+03 2.765946778999999879e+03 2.765890256600000157e+03 2.765834050999999818e+03 2.765778168800000003e+03 2.765722609999999804e+03 2.765667361400000118e+03 2.765612429599999814e+03 2.765557814599999801e+03 2.765503516400000080e+03 2.765449534999999742e+03 2.765395857200000137e+03 2.765342496199999914e+03 2.765289445399999749e+03 2.765236704800000098e+03 2.765184274400000049e+03 2.765132154200000059e+03 2.765080337599999893e+03 2.765028824600000007e+03 2.764977621799999724e+03 2.764926722600000176e+03 2.764876126999999997e+03 2.764825835000000097e+03 2.764775846600000023e+03 2.764726161800000227e+03 2.764676780599999802e+03 2.764627696399999877e+03 2.764578915799999777e+03 2.764530432200000178e+03 2.764482252199999948e+03 2.764434362599999986e+03 2.764386783200000082e+03 2.764339494199999990e+03 2.764292502199999944e+03 2.764245813800000178e+03 2.764199415799999770e+03 2.764153321400000095e+03
2.491181460259999767e+03 2.491160713820000183e+03 2.491140140299999985e+03 2.491119740359999923e+03 2.491099512679999862e+03 2.491079457259999799e+03 2.491059573439999895e+03 2.491039861879999989e+03 2.491020320600000105e+03 2.491000950919999923e+03 2.490981751520000216e+03 2.490962721740000234e+03 2.490943861579999975e+03 2.490925171039999896e+03 2.490906648799999857e+03 2.490888295520000156e+03 2.490870109880000200e+03 2.490852092539999830e+03 2.490834241519999978e+03 2.490816558139999870e+03 2.490799041079999824e+03 2.490781690339999841e+03 2.490764505260000078e+03 2.490747485840000081e+03 2.490730631420000009e+03 2.490713941340000019e+03 2.490697415600000113e+03 2.490681053539999994e+03 2.490664855819999957e+03 2.490648821119999866e+03 2.490632948779999879e+03 2.490617239459999837e+03 2.490601692499999899e+03 2.490586307900000065e+03 2.490571084340000198e+03 2.490556023139999979e+03 2.490541122319999886e+03 2.490526383200000055e+03 2.490511803800000052e+03 2.490497386099999858e+03 2.490483128119999947e+03 2.490469030520000160e+03 2.490455092640000203e+03 2.490441315139999915e+03 2.490427696700000070e+03 2.490414238639999894e+03 2.490400940300000002e+03 2.490387801020000097e+03 2.490374821460000021e+03 2.490362001619999774e+03
2.586914150720000180e+03 2.586868328239999755e+03 2.586822761179999816e+03 2.586777447559999928e+03 2.586732386059999953e+03 2.586687575359999755e+03 2.586643014799999946e+03 2.586598703059999934e+03 2.586554638820000037e+03 2.586510820760000115e+03 2.586467247560000033e+03 2.586423919220000244e+03 2.586380833759999859e+03 2.586337990519999948e+03 2.586295388179999918e+03 2.586253026740000223e+03 2.586210904219999975e+03 2.586169020620000083e+03 2.586127374619999955e+03 2.586085965559999750e+03 2.586044792120000238e+03 2.586003854300000057e+03 2.585963150779999978e+03 2.585922681560000001e+03 2.585882445319999988e+03 2.585842441400000098e+03 2.585802669799999876e+03 2.585763129200000094e+03 2.585723818940000001e+03 2.585684739020000052e+03 2.585645888779999950e+03 2.585607267559999855e+03 2.585568874699999924e+03 2.585530709539999862e+03 2.585492772739999964e+03 2.585455062320000252e+03 2.585417578940000112e+03 2.585380321939999703e+03 2.585343289999999797e+03 2.585306484440000077e+03 2.585269903280000108e+03 2.585233547180000187e+03 2.585197415480000018e+03 2.585161508180000055e+03 2.585125823960000162e+03 2.585090364140000020e+03 2.585055126740000105e+03 2.585020111759999963e+03 2.584985319859999890e+03 2.584950750380000045e+03
2.313604836859999978e+03 2.313592481000000134e+03 2.313580229420000251e+03 2.313568081460000030e+03 2.313556037119999928e+03 2.313544096399999944e+03 2.313532259300000078e+03 2.313520524500000192e+03 2.313508893319999970e+03 2.313497364440000183e+03 2.313485937200000080e+03 2.313474612919999799e+03 2.313463390280000112e+03 2.313452269280000110e+03 2.313441249259999950e+03 2.313430330879999929e+03 2.313419513480000205e+03 2.313408796400000028e+03 2.313398179639999853e+03 2.313387663200000134e+03 2.313377246420000120e+03 2.313366929299999811e+03 2.313356711840000116e+03 2.313346594040000127e+03 2.313336574580000160e+03 2.313326654120000057e+03 2.313316831340000135e+03 2.313307107560000077e+03 2.313297482120000041e+03 2.313287953699999889e+03 2.313278523619999760e+03 2.313269190559999970e+03 2.313259954520000065e+03 2.313250815500000044e+03 2.313241773499999908e+03 2.313232827859999816e+03 2.313223979240000062e+03 2.313215226320000056e+03 2.313206569760000093e+03 2.313198008899999877e+03 2.313189544400000159e+03 2.313181174939999892e+03 2.313172901179999826e+03 2.313164723119999962e+03 2.313156640759999846e+03 2.313148653440000089e+03 2.313140761159999784e+03 2.313132964580000134e+03 2.313125262380000095e+03 2.313117655879999802e+03
2.407031484680000176e+03 2.407001025019999815e+03 2.406970734319999792e+03 2.406940611919999810e+03 2.406910655839999890e+03 2.406880866080000033e+03 2.406851242640000237e+03 2.406821782879999773e+03 2.406792487459999847e+03 2.406763355720000163e+03 2.406734386340000128e+03 2.406705578000000060e+03 2.406676932020000095e+03 2.406648445759999959e+03 2.406620119879999947e+03 2.406591953059999923e+03 2.406563945299999887e+03 2.406536095280000154e+03 2.406508402999999817e+03 2.406480867799999942e+03 2.406453489680000075e+03 2.406426267320000079e+03 2.406399200719999953e+03 2.406372289219999857e+03 2.406345532819999789e+03 2.406318930200000068e+03 2.406292482020000080e+03 2.406266187619999982e+03 2.406240045680000094e+03 2.406214057520000097e+03 2.406188221160000012e+03 2.406162537260000136e+03 2.406137005160000172e+03 2.406111624860000120e+03 2.406086395700000139e+03 2.406061317019999933e+03 2.406036389479999798e+03 2.406011613079999734e+03 2.405986985839999761e+03 2.405962509739999859e+03 2.405938182800000050e+03 2.405914005680000173e+03 2.405889977719999933e+03 2.405866098919999786e+03 2.405842369280000185e+03 2.405818788139999924e+03 2.405795356160000210e+03 2.405772072019999996e+03 2.405748937039999873e+03 2.405725949239999863e+03
2.136026947580000069e+03 2.136022982299999967e+03 2.136019051339999805e+03 2.136015154040000198e+03 2.136011290399999780e+03 2.136007461080000212e+03 2.136003664759999992e+03 2.135999902099999872e+03 2.135996173099999851e+03 2.135992477100000087e+03 2.135988814759999968e+03 2.135985185420000107e+03 2.135981589080000049e+03 2.135978025739999794e+03 2.135974495399999796e+03 2.135970998060000056e+03 2.135967533720000120e+03 2.135964101720000144e+03 2.135960702060000131e+03 2.135957335399999920e+03 2.135954000419999829e+03 2.135950698439999996e+03 2.135947428800000125e+03 2.135944190839999919e+03 2.135940984559999833e+03 2.135937810620000164e+03 2.135934669020000001e+03 2.135931558440000117e+03 2.135928480200000195e+03 2.135925432980000096e+03 2.135922418099999959e+03 2.135919433579999804e+03 2.135916481400000066e+03 2.135913560240000152e+03 2.135910670100000061e+03 2.135907810979999795e+03 2.135904982879999807e+03 2.135902186459999939e+03 2.135899420400000054e+03 2.135896685359999992e+03 2.135893980679999913e+03 2.135891307679999954e+03 2.135888665039999978e+03 2.135886052759999984e+03 2.135883470839999973e+03 2.135880919940000240e+03 2.135878400059999876e+03 2.135875909880000108e+03 2.135873450720000164e+03 2.135871021259999907e+03
2.227116276679999828e+03 2.227101183799999944e+03 2.227086174739999933e+03 2.227071249499999794e+03 2.227056407420000141e+03 2.227041648500000065e+03 2.227026971419999882e+03 2.227012376839999888e+03 2.226997863439999946e+03 2.226983431220000057e+03 2.226969080179999764e+03 2.226954809660000137e+03 2.226940618999999970e+03 2.226926508860000013e+03 2.226912477920000129e+03 2.226898526840000159e+03 2.226884654299999966e+03 2.226870860959999845e+03 2.226857145500000115e+03 2.226843509240000003e+03 2.226829950199999985e+03 2.226816469039999902e+03 2.226803065760000209e+03 2.226789739700000155e+03 2.226776490860000195e+03 2.226763318580000032e+03 2.226750223519999963e+03 2.226737204359999851e+03 2.226724262419999832e+03 2.226711395719999928e+03 2.226698605579999821e+03 2.226685891340000126e+03 2.226673252999999931e+03 2.226660689899999852e+03 2.226648202039999887e+03 2.226635790079999879e+03 2.226623453359999985e+03 2.226611191219999910e+03 2.226599004319999949e+03 2.226586891999999807e+03 2.226574854259999938e+03 2.226562891760000184e+03 2.226551003179999952e+03 2.226539189179999994e+03 2.226527449759999854e+03 2.226515784919999987e+03 2.226504194000000098e+03 2.226492677000000185e+03 2.226481233919999795e+03 2.226469864759999837e+03
1.958438107579999951e+03 1.958442535520000092e+03 1.958446927819999928e+03 1.958451283160000003e+03 1.958455602859999999e+03 1.958459886260000076e+03 1.958464133360000005e+03 1.958468344820000084e+03 1.958472519980000015e+03 1.958476659500000096e+03 1.958480762720000030e+03 1.958484830959999954e+03 1.958488863560000027e+03 1.958492859859999953e+03 1.958496821180000097e+03 1.958500746859999936e+03 1.958504636899999923e+03 1.958508491959999901e+03 1.958512312040000097e+03 1.958516096479999987e+03 1.958519845940000096e+03 1.958523560419999967e+03 1.958527239920000056e+03 1.958530884439999909e+03 1.958534494640000048e+03 1.958538069199999882e+03 1.958541609440000002e+03 1.958545115359999954e+03 1.958548586299999897e+03 1.958552022919999899e+03 1.958555425219999961e+03 1.958558792540000013e+03 1.958562126199999966e+03 1.958565425539999978e+03 1.958568689899999981e+03 1.958571920599999885e+03 1.958575117639999917e+03 1.958578279699999939e+03 1.958581408100000090e+03 1.958584502180000072e+03 1.958587562599999956e+03 1.958590588699999898e+03 1.958593581139999969e+03 1.958596539919999941e+03 1.958599464379999972e+03 1.958602354520000063e+03 1.958605211000000054e+03 1.958608033819999946e+03 1.958610822319999897e+03 1.958613577159999977e+03
2.047230160588999979e+03 2.047230447840800025e+03 2.047230734953999900e+03 2.047231021922000082e+03 2.047231308744799890e+03 2.047231595422400005e+03 2.047231881948199998e+03 2.047232168315599893e+03 2.047232454531199892e+03 2.047232740581800044e+03 2.047233026474000098e+03 2.047233312187999900e+03 2.047233597737000082e+03 2.047233883101200036e+03 2.047234168287199964e+03 2.047234453288399891e+03 2.047234738098200069e+03 2.047235022710000067e+03 2.047235307117199909e+03 2.047235591313200075e+03 2.047235875304600086e+03 2.047236159071600014e+03 2.047236442614200087e+03 2.047236725925800101e+03 2.047237008993200106e+03 2.047237291823000078e+03 2.047237574402000064e+03 2.047237856723600089e+03 2.047238138774599975e+03 2.047238420554999948e+03 2.047238702058200033e+03 2.047238983277600028e+03 2.047239264193400004e+03 2.047239544812199938e+03 2.047239825120800106e+03 2.047240105112600077e+03 2.047240384774399899e+03 2.047240664106200029e+03 2.047240943088200083e+03 2.047241221727000038e+03 2.047241499996199991e+03 2.047241777902399917e+03 2.047242055432400093e+03 2.047242332573000112e+03 2.047242609317599999e+03 2.047242885659600006e+03 2.047243161585799953e+03 2.047243437089600093e+03 2.047243712157800019e+03 2.047243986790399958e+03
1.780851786140000058e+03 1.780864604659999941e+03 1.780877316260000043e+03 1.780889922260000048e+03 1.780902422000000115e+03 1.780914816139999857e+03 1.780927104679999957e+03 1.780939288280000028e+03 1.780951366280000002e+03 1.780963340000000017e+03 1.780975208119999934e+03 1.780986972619999960e+03 1.780998632840000027e+03 1.781010188780000135e+03 1.781021641759999966e+03 1.781032990460000065e+03 1.781044235540000045e+03 1.781055378320000045e+03 1.781066418139999996e+03 1.781077354999999898e+03 1.781088189560000046e+03 1.781098921819999987e+03 1.781109552440000016e+03 1.781120080760000064e+03 1.781130508100000043e+03 1.781140833800000109e+03 1.781151058519999879e+03 1.781161182260000032e+03 1.781171205019999888e+03 1.781181127459999971e+03 1.781190950239999893e+03 1.781200672039999972e+03 1.781210294179999892e+03 1.781219816660000106e+03 1.781229239479999933e+03 1.781238562640000055e+03 1.781247786800000085e+03 1.781256911299999956e+03 1.781265937460000032e+03 1.781274863959999948e+03 1.781283692120000069e+03 1.781292421280000099e+03 1.781301052100000106e+03 1.781309583920000023e+03 1.781318017399999917e+03 1.781326352540000016e+03 1.781334589340000093e+03 1.781342727799999921e+03 1.781350767919999953e+03 1.781358709040000122e+03
1.867325920040000028e+03 1.867341580519999980e+03 1.867357157180000058e+03 1.867372650020000037e+03 1.867388059699999985e+03 1.867403386219999902e+03 1.867418629580000015e+03 1.867433791100000008e+03 1.867448870120000038e+03 1.867463867960000016e+03 1.867478784619999942e+03 1.867493620759999885e+03 1.867508375720000004e+03 1.867523050159999912e+03 1.867537645399999974e+03 1.867552160120000053e+03 1.867566595640000060e+03 1.867580952620000062e+03 1.867595229739999922e+03 1.867609428980000075e+03 1.867623549679999996e+03 1.867637591839999914e+03 1.867651556119999896e+03 1.867665443180000011e+03 1.867679251699999895e+03 1.867692983659999982e+03 1.867706637739999906e+03 1.867720215260000032e+03 1.867733716220000133e+03 1.867747139959999913e+03 1.867760487139999896e+03 1.867773758419999922e+03 1.867786953139999923e+03 1.867800071300000127e+03 1.867813114219999989e+03 1.867826080580000053e+03 1.867838971700000002e+03 1.867851786919999995e+03 1.867864526900000101e+03 1.867877190980000023e+03 1.867889779820000058e+03 1.867902293419999978e+03 1.867914731780000011e+03 1.867927094899999929e+03 1.867939382779999960e+03 1.867951596079999945e+03 1.867963734140000042e+03 1.867975797620000094e+03 1.867987786520000100e+03 1.867999700179999991e+03
1.603271476639999946e+03 1.603292676499999970e+03 1.603313700799999879e+03 1.603334548880000057e+03 1.603355222720000029e+03 1.603375720999999885e+03 1.603396045700000059e+03 1.603416195499999958e+03 1.603436172380000016e+03 1.603455975020000096e+03 1.603475605399999949e+03 1.603495062859999962e+03 1.603514348059999975e+03 1.603533460999999988e+03 1.603552402999999913e+03 1.603571173400000134e+03 1.603589772860000039e+03 1.603608202039999924e+03 1.603626461599999857e+03 1.603644550879999997e+03 1.603662470539999958e+03 1.603680221900000106e+03 1.603697803640000075e+03 1.603715217740000071e+03 1.603732463540000026e+03 1.603749542360000078e+03 1.603766453539999929e+03 1.603783197080000036e+03 1.603799774959999922e+03 1.603816185860000132e+03 1.603832430440000053e+03 1.603848510020000049e+03 1.603864423940000052e+03 1.603880172200000061e+03 1.603895755460000146e+03 1.603911174379999920e+03 1.603926428960000067e+03 1.603941518540000061e+03 1.603956444440000041e+03 1.603971206660000007e+03 1.603985804539999890e+03 1.604000238739999986e+03 1.604014509919999909e+03 1.604028617420000046e+03 1.604042561239999941e+03 1.604056342039999890e+03 1.604069959819999895e+03 1.604083413920000112e+03 1.604096704340000088e+03 1.604109831740000118e+03
1.687426864880000039e+03 1.687457894119999992e+03 1.687488753739999993e+03 1.687519445059999953e+03 1.687549969400000009e+03 1.687580327420000003e+03 1.687610519119999935e+03 1.687640545819999943e+03 1.687670408180000095e+03 1.687700106860000005e+03 1.687729642519999970e+03 1.687759016479999900e+03 1.687788228079999953e+03 1.687817279299999882e+03 1.687846170140000140e+03 1.687874901260000115e+03 1.687903473320000103e+03 1.687931886320000103e+03 1.687960141580000027e+03 1.687988239759999942e+03 1.688016180200000008e+03 1.688043964219999907e+03 1.688071592479999936e+03 1.688099064320000025e+03 1.688126381719999927e+03 1.688153544020000027e+03 1.688180551879999939e+03 1.688207405300000119e+03 1.688234104939999952e+03 1.688260651459999963e+03 1.688287044859999924e+03 1.688313285799999903e+03 1.688339374279999902e+03 1.688365310299999919e+03 1.688391094520000024e+03 1.688416726939999990e+03 1.688442208219999884e+03 1.688467538359999935e+03 1.688492718019999984e+03 1.688517746539999962e+03 1.688542624579999938e+03 1.688567352139999912e+03 1.688591929879999952e+03 1.688616357800000060e+03 1.688640635900000007e+03 1.688664764180000020e+03 1.688688743960000011e+03 1.688712573259999999e+03 1.688736254720000034e+03 1.688759786359999907e+03
1.425714527180000005e+03 1.425744100460000027e+03 1.425773429540000052e+03 1.425802515739999990e+03 1.425831358399999999e+03 1.425859958839999990e+03 1.425888316399999894e+03 1.425916433060000145e+03 1.425944308159999991e+03 1.425971943019999799e+03 1.425999336979999953e+03 1.426026491359999909e+03 1.426053406819999964e+03 1.426080083360000117e+03 1.426106521639999983e+03 1.426132722320000084e+03 1.426158685399999968e+03 1.426184412199999997e+03 1.426209902059999877e+03 1.426235156299999971e+03 1.426260174919999827e+03 1.426284959240000035e+03 1.426309508600000072e+03 1.426333823660000007e+03 1.426357905739999978e+03 1.426381754179999916e+03 1.426405370299999959e+03 1.426428754100000106e+03 1.426451905580000130e+03 1.426474826059999941e+03 1.426497514879999926e+03 1.426519973359999994e+03 1.426542200840000078e+03 1.426564198640000086e+03 1.426585966099999951e+03 1.426607503879999967e+03 1.426628812639999978e+03 1.426649892379999983e+03 1.426670743099999981e+03 1.426691365460000043e+03 1.426711758800000098e+03 1.426731923779999988e+03 1.426751860399999941e+03 1.426771568659999957e+03 1.426791048560000036e+03 1.426810300760000018e+03 1.426829323939999995e+03 1.426848119419999875e+03 1.426866685880000205e+03 1.426885023979999914e+03
1.507534094240000059e+03 1.507580490260000033e+03 1.507626630859999977e+03 1.507672517360000029e+03 1.507718151080000098e+03 1.507763533999999936e+03 1.507808666119999998e+03 1.507853549420000036e+03 1.507898184560000118e+03 1.507942572859999927e+03 1.507986715640000057e+03 1.508030613559999892e+03 1.508074267940000027e+03 1.508117679440000074e+03 1.508160850039999787e+03 1.508203779080000004e+03 1.508246468540000023e+03 1.508288919079999914e+03 1.508331130699999903e+03 1.508373106040000039e+03 1.508414843779999956e+03 1.508456346559999929e+03 1.508497613720000118e+03 1.508538646579999977e+03 1.508579446459999872e+03 1.508620012039999892e+03 1.508660345960000086e+03 1.508700448219999998e+03 1.508740318820000084e+03 1.508779959080000026e+03 1.508819368339999983e+03 1.508858548579999933e+03 1.508897499799999878e+03 1.508936222660000112e+03 1.508974716499999886e+03 1.509012983300000087e+03 1.509051022399999965e+03 1.509088834460000044e+03 1.509126420139999937e+03 1.509163779439999871e+03 1.509200913019999916e+03 1.509237821539999914e+03 1.509274504340000021e+03 1.509310962739999923e+03 1.509347196080000003e+03 1.509383205679999946e+03 1.509418990879999910e+03 1.509454553000000033e+03 1.509489891380000017e+03 1.509525006679999933e+03
1.248176861599999938e+03 1.248214791800000057e+03 1.248252411800000118e+03 1.248289728199999900e+03 1.248326727799999844e+03 1.248363417199999958e+03 1.248399796400000014e+03 1.248435872000000018e+03 1.248471637399999963e+03 1.248507099200000084e+03 1.248542250800000147e+03 1.248577092200000152e+03 1.248611636600000111e+03 1.248645870800000012e+03 1.248679801400000088e+03 1.248713428399999884e+03 1.248746758400000090e+03 1.248779778200000010e+03 1.248812494400000105e+03 1.248844913599999927e+03 1.248877035799999931e+03 1.248908854400000109e+03 1.248940369399999781e+03 1.248971587400000089e+03 1.249002508399999897e+03 1.249033125800000107e+03 1.249063452800000050e+03 1.249093476199999941e+03 1.249123202600000013e+03 1.249152638600000046e+03 1.249181771000000026e+03 1.249210612999999967e+03 1.249239151400000083e+03 1.249267405999999937e+03 1.249295356999999967e+03 1.249323017599999957e+03 1.249350381199999902e+03 1.249377447800000027e+03 1.249404223999999886e+03 1.249430709799999931e+03 1.249456892000000153e+03 1.249482790399999885e+03 1.249508385200000021e+03 1.249533696200000122e+03 1.249558703600000172e+03 1.249583420599999954e+03 1.249607847199999924e+03 1.249631976799999848e+03 1.249655809399999953e+03 1.249679345000000012e+03
1.327664311399999860e+03 1.327726067600000079e+03 1.327787473999999975e+03 1.327848543800000016e+03 1.327909270399999969e+03 1.327969660400000066e+03 1.328029713800000081e+03 1.328089430600000014e+03 1.328148810799999865e+03 1.328207867600000100e+03 1.328266587800000025e+03 1.328324984599999880e+03 1.328383051400000113e+03 1.328440794799999821e+03 1.328498208200000136e+03 1.328555304799999931e+03 1.328612071399999877e+03 1.328668527799999993e+03 1.328724654200000032e+03 1.328780470400000013e+03 1.328835963200000151e+03 1.328891145800000004e+03 1.328946004999999786e+03 1.329000553999999966e+03 1.329054792800000087e+03 1.329108714800000143e+03 1.329162333199999921e+03 1.329215634800000089e+03 1.329268626199999972e+03 1.329321307400000023e+03 1.329373685000000023e+03 1.329425758999999971e+03 1.329477516200000082e+03 1.329528976399999920e+03 1.329580126400000154e+03 1.329630972800000109e+03 1.329681515600000012e+03 1.329731761400000096e+03 1.329781696999999895e+03 1.329831335599999875e+03 1.329880670600000030e+03 1.329929701999999907e+03 1.329978436400000191e+03 1.330026867199999970e+03 1.330075000999999929e+03 1.330122837800000070e+03 1.330170377599999938e+03 1.330217613799999981e+03 1.330264552999999978e+03 1.330311201800000163e+03
1.070673880999999938e+03 1.070720160200000009e+03 1.070766063199999962e+03 1.070811583400000018e+03 1.070856733999999960e+03 1.070901508400000012e+03 1.070945906599999944e+03 1.070989935199999991e+03 1.071033581000000140e+03 1.071076863799999956e+03 1.071119770400000107e+03 1.071162307399999918e+03 1.071204468200000065e+03 1.071246266000000105e+03 1.071287687600000027e+03 1.071328746199999841e+03 1.071369435199999998e+03 1.071409754600000042e+03 1.071449710999999979e+03 1.071489297800000031e+03 1.071528521599999976e+03 1.071567375799999809e+03 1.071605866999999989e+03 1.071643995200000063e+03 1.071681760400000030e+03 1.071719162599999891e+03 1.071756195200000093e+03 1.071792871399999967e+03 1.071829184599999962e+03 1.071865134800000078e+03 1.071900728600000093e+03 1.071935952799999995e+03 1.071970820600000025e+03 1.072005331999999953e+03 1.072039473799999996e+03 1.072073265800000172e+03 1.072106688200000008e+03 1.072139754199999970e+03 1.072172463800000060e+03 1.072204810400000042e+03 1.072236793999999918e+03 1.072268421199999921e+03 1.072299685400000044e+03 1.072330586600000061e+03 1.072361131399999977e+03 1.072391313200000013e+03 1.072421131999999943e+03 1.072450587799999994e+03 1.072479680599999938e+03 1.072508417000000009e+03
1.147816403599999830e+03 1.147893518000000086e+03 1.147970203400000173e+03 1.148046459799999866e+03 1.148122280600000067e+03 1.148197678999999880e+03 1.148272654999999986e+03 1.148347201999999925e+03 1.148421333199999935e+03 1.148495042000000012e+03 1.148568334999999934e+03 1.148641212200000155e+03 1.148713680199999999e+03 1.148785732399999915e+03 1.148857375399999910e+03 1.148928615799999989e+03 1.148999447000000146e+03 1.149069875600000159e+03 1.149139901600000030e+03 1.149209524999999985e+03 1.149278745800000024e+03 1.149347570599999926e+03 1.149415999400000146e+03 1.149484032200000001e+03 1.149551675599999953e+03 1.149618922999999995e+03 1.149685774399999900e+03 1.149752236400000129e+03 1.149818315600000005e+03 1.149884005400000206e+03 1.149949305800000047e+03 1.150014216800000213e+03 1.150078745000000026e+03 1.150142890399999942e+03 1.150206659599999966e+03 1.150270039399999860e+03 1.150333036400000083e+03 1.150395657200000187e+03 1.150457901799999945e+03 1.150519763600000033e+03 1.150581249200000002e+03 1.150642358600000080e+03 1.150703091800000038e+03 1.150763448799999878e+03 1.150823429600000054e+03 1.150883040799999890e+03 1.150942275800000061e+03 1.151001141199999893e+03 1.151059630400000060e+03 1.151117756600000121e+03
8.932174898000000667e+02 8.932721048000000792e+02 8.933262776000001395e+02 8.933800082000000202e+02 8.934333031999999548e+02 8.934861493999999311e+02 8.935385599999999613e+02 8.935905350000000453e+02 8.936420677999999498e+02 8.936931583999999020e+02 8.937438199999999142e+02 8.937940459999999803e+02 8.938438298000000941e+02 8.938931846000000405e+02 8.939421038000000408e+02 8.939905939999998736e+02 8.940386485999999877e+02 8.940862675999999283e+02 8.941334575999999288e+02 8.941802185999999892e+02 8.942265440000001036e+02 8.942724403999998231e+02 8.943179144000000633e+02 8.943629527999999027e+02 8.944075622000000294e+02 8.944517425999999887e+02 8.944955006000000139e+02 8.945388296000000992e+02 8.945817230000000109e+02 8.946242005999999947e+02 8.946662426000000323e+02 8.947078622000001360e+02 8.947490528000000722e+02 8.947898210000000745e+02 8.948301601999999093e+02 8.948700703999998041e+02 8.949095581999999922e+02 8.949486170000000129e+02 8.949872468000000936e+02 8.950254476000000068e+02 8.950632259999999860e+02 8.951005753999997978e+02 8.951374892000001182e+02 8.951739806000000499e+02 8.952100430000000415e+02 8.952456698000000870e+02 8.952808675999999650e+02 8.953156363999999030e+02 8.953499696000001222e+02 8.953838737999999466e+02
9.679986776000000646e+02 9.680911897999999383e+02 9.681831806000000142e+02 9.682746433999998317e+02 9.683655848000000788e+02 9.684560047999998460e+02 9.685459165999998277e+02 9.686353070000000116e+02 9.687241892000001826e+02 9.688125631999998859e+02 9.689004356000000371e+02 9.689877998000001753e+02 9.690746623999998519e+02 9.691610299999999825e+02 9.692469025999998848e+02 9.693322736000000077e+02 9.694171561999999085e+02 9.695015504000000419e+02 9.695854561999999532e+02 9.696688736000000972e+02 9.697518091999997978e+02 9.698342629999999644e+02 9.699162350000001425e+02 9.699977317999998832e+02 9.700787467999998626e+02 9.701592865999998594e+02 9.702393578000001071e+02 9.703189538000001448e+02 9.703980811999999787e+02 9.704767400000000634e+02 9.705549301999999443e+02 9.706326583999998547e+02 9.707099180000000160e+02 9.707867155999999795e+02 9.708630511999999726e+02 9.709389247999999952e+02 9.710143430000000535e+02 9.710892991999999140e+02 9.711638000000000375e+02 9.712378519999999753e+02 9.713114420000001701e+02 9.713845831999999518e+02 9.714572689999999966e+02 9.715294994000000770e+02 9.716012875999999778e+02 9.716726270000001477e+02 9.717435110000001259e+02 9.718139527999999245e+02 9.718839457999999922e+02 9.719534966000001077e+02
7.158229340000000320e+02 7.158858781999999792e+02 7.159483207999999195e+02 7.160102486000000681e+02 7.160716747999999825e+02 7.161325927999998839e+02 7.161930092000000059e+02 7.162529239999998936e+02 7.163123305999999957e+02 7.163712421999998696e+02 7.164296456000001854e+02 7.164875474000000395e+02 7.165449542000001202e+02 7.166018593999999666e+02 7.166582630000000336e+02 7.167141715999998723e+02 7.167695785999999316e+02 7.168244905999999901e+02 7.168789076000000478e+02 7.169328230000000985e+02 7.169862434000001485e+02 7.170391687999999704e+02 7.170915992000000188e+02 7.171435345999998390e+02 7.171949750000001131e+02 7.172459204000001591e+02 7.172963707999999770e+02 7.173463262000000213e+02 7.173957931999998436e+02 7.174447586000001138e+02 7.174932289999999284e+02 7.175412109999999757e+02 7.175886913999997887e+02 7.176356833999998344e+02 7.176821737999998732e+02 7.177281691999999111e+02 7.177736761999999544e+02 7.178186749999999847e+02 7.178631854000000203e+02 7.179071942000000490e+02 7.179507080000000769e+02 7.179937136000000919e+02 7.180362308000001121e+02 7.180782397999998921e+02 7.181197471999998925e+02 7.181607463999998799e+02 7.182012505999998666e+02 7.182412399999998343e+02 7.182807278000000224e+02 7.183197007999999641e+02
7.882130540000000565e+02 7.883210234000000582e+02 7.884283789999999499e+02 7.885351075999999466e+02 7.886412224000000606e+02 7.887467234000000644e+02 7.888516171999999642e+02 7.889558971999999812e+02 7.890595831999999064e+02 7.891626619999999548e+02 7.892651402000001326e+02 7.893670309999999972e+02 7.894683211999999912e+02 7.895690305999999055e+02 7.896691459999999552e+02 7.897686871999999312e+02 7.898676410000000487e+02 7.899660140000000865e+02 7.900638194000000567e+02 7.901610439999999471e+02 7.902577009999999973e+02 7.903537903999999799e+02 7.904493121999998948e+02 7.905442729999999756e+02 7.906386727999999948e+02 7.907325115999999525e+02 7.908257894000000761e+02 7.909185194000001502e+02 7.910106883999999354e+02 7.911023096000001260e+02 7.911933830000000398e+02 7.912839085999999043e+02 7.913738864000001740e+02 7.914633229999999458e+02 7.915522117999998954e+02 7.916405660000000353e+02 7.917283789999999044e+02 7.918156573999999637e+02 7.919024011999999857e+02 7.919886037999999644e+02 7.920742850000001454e+02 7.921594250000000557e+02 7.922440435999999409e+02 7.923281276000000162e+02 7.924116902000000664e+02 7.924947248000000855e+02 7.925772314000000733e+02 7.926592231999998148e+02 7.927406869999999799e+02 7.928216360000001259e+02
5.385204877999999553e+02 5.385917743999998493e+02 5.386624934000001304e+02 5.387326315999998769e+02 5.388022022000000106e+02 5.388712052000000767e+02 5.389396340000000691e+02 5.390074951999999939e+02 5.390747822000000724e+02 5.391415082000000893e+02 5.392076600000000326e+02 5.392732441999999082e+02 5.393382673999999497e+02 5.394027163999999175e+02 5.394666044000000511e+02 5.395299247999998897e+02 5.395926776000001155e+02 5.396548693999998250e+02 5.397164935999999216e+02 5.397775567999999566e+02 5.398380524000001515e+02 5.398979804000000513e+02 5.399573473999998896e+02 5.400161533999998937e+02 5.400743851999998242e+02 5.401320626000001539e+02 5.401891657999999552e+02 5.402457145999999284e+02 5.403016892000000553e+02 5.403571027999998933e+02 5.404119422000001123e+02 5.404662206000000424e+02 5.405199314000001323e+02 5.405730745999999272e+02 5.406256501999998818e+02 5.406776515999999901e+02 5.407290854000000309e+02 5.407799449999999979e+02 5.408302303999998912e+02 5.408799416000001656e+02 5.409290786000001390e+02 5.409776348000000326e+02 5.410256167999998524e+02 5.410730180000000473e+02 5.411198318000001564e+02 5.411660648000001856e+02 5.412117169999999078e+02 5.412567751999999928e+02 5.413012393999999858e+02 5.413451162000001204e+02
6.084656245999999555e+02 6.085891633999999613e+02 6.087119762000002083e+02 6.088340762000000268e+02 6.089554568000000927e+02 6.090761245999999574e+02 6.091960861999998542e+02 6.093153416000000107e+02 6.094338973999999780e+02 6.095517601999999897e+02 6.096689299999998184e+02 6.097854067999999188e+02 6.099012037999998483e+02 6.100163143999998283e+02 6.101307451999998648e+02 6.102445027999999638e+02 6.103575872000001254e+02 6.104700049999999010e+02 6.105817495999999664e+02 6.106928342000001066e+02 6.108032654000001003e+02 6.109130299999999352e+02 6.110221478000000843e+02 6.111306056000000808e+02 6.112384231999999429e+02 6.113455873999998857e+02 6.114521113999999216e+02 6.115579952000000503e+02 6.116632388000000446e+02 6.117678487999999106e+02 6.118718251999998756e+02 6.119751679999999396e+02 6.120778838000001087e+02 6.121799726000001556e+02 6.122814344000000801e+02 6.123822757999998885e+02 6.124825034000000414e+02 6.125821040000000721e+02 6.126810973999999987e+02 6.127794704000000365e+02 6.128772295999999642e+02 6.129743882000000212e+02 6.130709330000001955e+02 6.131668706000000384e+02 6.132622010000000046e+02 6.133569373999998788e+02 6.134510665999998764e+02 6.135445952000000034e+02 6.136375298000000384e+02 6.137298703999999816e+02
3.612933409999998275e+02 3.613729700000001230e+02 3.614519654000000628e+02 3.615303140000000894e+02 3.616080223999999816e+02 3.616850971999999729e+02 3.617615252000000510e+02 3.618373196000000007e+02 3.619124738000000434e+02 3.619869877999999517e+02 3.620608681999999590e+02 3.621341084000000592e+02 3.622067150000000311e+02 3.622786814000000959e+02 3.623500141999998050e+02 3.624207068000000618e+02 3.624907658000001902e+02 3.625601912000001903e+02 3.626289763999998286e+02 3.626971214000000145e+02 3.627646327999998448e+02 3.628315106000000014e+02 3.628977482000000236e+02 3.629633456000001388e+02 3.630283028000001195e+02 3.630926263999999719e+02 3.631563031999999112e+02 3.632193398000001707e+02 3.632817362000000685e+02 3.633434924000000592e+02 3.634046017999999094e+02 3.634650710000000799e+02 3.635248867999998765e+02 3.635840623999999934e+02 3.636425846000001911e+02 3.637004534000000149e+02 3.637576754000001529e+02 3.638142374000001382e+02 3.638701459999999770e+02 3.639254011999998966e+02 3.639799898000001122e+02 3.640339183999999477e+02 3.640871804000000793e+02 3.641397824000000583e+02 3.641917045999998663e+02 3.642429601999999704e+02 3.642935359999999037e+02 3.643434385999998995e+02 3.643926547999999457e+02 3.644411846000000423e+02
4.287759848000000602e+02 4.289152249999999640e+02 4.290536402000000180e+02 4.291912303999999949e+02 4.293280088000001342e+02 4.294639688000002025e+02 4.295991235999999844e+02 4.297334798000001683e+02 4.298670308000000659e+02 4.299997897999999168e+02 4.301317567999999483e+02 4.302629317999999330e+02 4.303933345999998892e+02 4.305229519999998047e+02 4.306517971999999190e+02 4.307798702000000048e+02 4.309071776000000682e+02 4.310337193999998817e+02 4.311595087999999123e+02 4.312845391999999265e+02 4.314088105999999243e+02 4.315323428000001513e+02 4.316551226000001407e+02 4.317771631999999045e+02 4.318984712000001309e+02 4.320190334000001258e+02 4.321388695999999072e+02 4.322579797999999300e+02 4.323763573999999608e+02 4.324940155999997842e+02 4.326109543999998550e+02 4.327271737999999459e+02 4.328426803999998356e+02 4.329574741999999787e+02 4.330715617999999267e+02 4.331849432000001343e+02 4.332976250000001528e+02 4.334096005999999761e+02 4.335208832000000712e+02 4.336314662000002045e+02 4.337413562000001548e+02 4.338505532000001494e+02 4.339590638000001945e+02 4.340668880000000627e+02 4.341740323999999873e+02 4.342804903999999624e+02 4.343862752000000000e+02 4.344913802000000942e+02 4.345958054000000175e+02 4.346995640000000094e+02
1.841484565999999177e+02 1.842364147999999204e+02 1.843236668000001828e+02 1.844101994000000104e+02 1.844960192000000916e+02 1.845811327999999776e+02 1.846655270000001110e+02 1.847492150000000493e+02 1.848321836000000076e+02 1.849144459999999981e+02 1.849959956000000147e+02 1.850768324000000575e+02 1.851569629999999052e+02 1.852363742000000002e+02 1.853150725999998940e+02 1.853930647999998200e+02 1.854703375999999935e+02 1.855469041999999718e+02 1.856227513999999701e+02 1.856978791999999885e+02 1.857723008000000391e+02 1.858459964000001037e+02 1.859189792000001944e+02 1.859912426000000778e+02 1.860627931999999873e+02 1.861336112000001322e+02 1.862037164000000757e+02 1.862730890000000272e+02 1.863417421999999988e+02 1.864096693999999843e+02 1.864768639999999778e+02 1.865433259999999791e+02 1.866090619999999944e+02 1.866740522000000055e+02 1.867383164000000306e+02 1.868018347999998241e+02 1.868646074000000681e+02 1.869266407999998592e+02 1.869879218000000947e+02 1.870484569999998712e+02 1.871082332000000861e+02 1.871672504000000572e+02 1.872255152000000180e+02 1.872830077999999503e+02 1.873397347999998601e+02 1.873956895999999688e+02 1.874508656000000428e+02 1.875052628000000823e+02 1.875588811999998597e+02 1.876117010000000391e+02
2.491325845999999729e+02 2.492877373999999691e+02 2.494419596000000183e+02 2.495952512000001207e+02 2.497476254000000608e+02 2.498990821999998388e+02 2.500496281999999155e+02 2.501992634000000635e+02 2.503479944000000614e+02 2.504958343999999215e+02 2.506427833999998711e+02 2.507888413999999102e+02 2.509340150000000449e+02 2.510783107999998265e+02 2.512217353999999432e+02 2.513642953999999463e+02 2.515059842000000572e+02 2.516468150000000605e+02 2.517867943999999625e+02 2.519259157999999843e+02 2.520641923999999108e+02 2.522016241999999693e+02 2.523382177999999385e+02 2.524739732000000458e+02 2.526089036000000760e+02 2.527430023999997957e+02 2.528762761999998929e+02 2.530087315999999191e+02 2.531403685999998743e+02 2.532711937999999918e+02 2.534012138000000505e+02 2.535304220000000441e+02 2.536588315999999850e+02 2.537864426000001004e+02 2.539132549999999355e+02 2.540392753999999513e+02 2.541645104000001538e+02 2.542889534000000822e+02 2.544126175999999759e+02 2.545354964000000564e+02 2.546576030000001083e+02 2.547789373999999043e+02 2.548994929999998931e+02 2.550192896000000928e+02 2.551383140000000367e+02 2.552565793999999642e+02 2.553740791999998692e+02 2.554908265999999912e+02 2.556068149999998695e+02 2.557220509999999649e+02
