2.852013290000000012e+01 2.851752739999999875e+01 2.851493599999999873e+01 2.851235850000000127e+01 2.850979480000000166e+01 2.850724489999999989e+01 2.850470879999999951e+01 2.850218620000000058e+01 2.849967720000000071e+01 2.849718179999999990e+01 2.849469970000000174e+01 2.849223100000000031e+01 2.848977560000000153e+01 2.848733340000000069e+01 2.848490440000000135e+01 2.848248840000000115e+01 2.848008540000000011e+01 2.847769540000000177e+01 2.847531830000000141e+01 2.847295390000000026e+01 2.847060229999999947e+01 2.846826340000000144e+01 2.846593710000000144e+01 2.846362329999999830e+01 2.846132190000000151e+01 2.845903300000000158e+01 2.845675650000000090e+01 2.845449220000000068e+01 2.845224010000000092e+01 2.845000020000000163e+01 2.844777240000000162e+01 2.844555659999999975e+01 2.844335269999999838e+01 2.844116079999999869e+01 2.843898069999999834e+01 2.843681240000000088e+01 2.843465580000000159e+01 2.843251100000000164e+01 2.843037770000000108e+01 2.842825589999999991e+01 2.842614569999999929e+01 2.842404690000000045e+01 2.842195949999999982e+01 2.841988339999999980e+01 2.841781860000000037e+01 2.841576510000000155e+01 2.841372270000000100e+01 2.841169139999999871e+01 2.840967119999999824e+01 2.840766199999999841e+01
2.759672619999999910e+01 2.759287679999999909e+01 2.758904490000000109e+01 2.758523040000000037e+01 2.758143330000000049e+01 2.757765360000000143e+01 2.757389110000000088e+01 2.757014600000000115e+01 2.756641809999999992e+01 2.756270749999999836e+01 2.755901400000000123e+01 2.755533780000000021e+01 2.755167859999999891e+01 2.754803659999999965e+01 2.754441160000000011e+01 2.754080370000000144e+01 2.753721279999999894e+01 2.753363900000000086e+01 2.753008210000000133e+01 2.752654210000000035e+01 2.752301909999999907e+01 2.751951289999999872e+01 2.751602360000000047e+01 2.751255109999999959e+01 2.750909550000000081e+01 2.750565659999999824e+01 2.750223439999999897e+01 2.749882900000000063e+01 2.749544020000000089e+01 2.749206810000000090e+01 2.748871259999999950e+01 2.748537370000000024e+01 2.748205139999999957e+01 2.747874549999999871e+01 2.747545609999999883e+01 2.747218319999999991e+01 2.746892670000000081e+01 2.746568650000000034e+01 2.746246269999999967e+01 2.745925510000000003e+01 2.745606379999999902e+01 2.745288869999999903e+01 2.744972969999999890e+01 2.744658689999999979e+01 2.744346009999999936e+01 2.744034930000000116e+01 2.743725450000000166e+01 2.743417570000000083e+01 2.743111269999999990e+01 2.742806549999999888e+01
2.580945880000000159e+01 2.580711339999999865e+01 2.580478060000000085e+01 2.580246019999999874e+01 2.580015219999999943e+01 2.579785650000000174e+01 2.579557319999999976e+01 2.579330200000000062e+01 2.579104290000000077e+01 2.578879590000000022e+01 2.578656099999999896e+01 2.578433790000000059e+01 2.578212669999999918e+01 2.577992739999999827e+01 2.577773979999999909e+01 2.577556380000000047e+01 2.577339950000000002e+01 2.577124680000000012e+01 2.576910549999999844e+01 2.576697569999999970e+01 2.576485720000000157e+01 2.576275000000000048e+01 2.576065410000000000e+01 2.575856939999999895e+01 2.575649579999999972e+01 2.575443329999999875e+01 2.575238179999999844e+01 2.575034120000000115e+01 2.574831160000000096e+01 2.574629279999999909e+01 2.574428470000000146e+01 2.574228739999999860e+01 2.574030079999999998e+01 2.573832469999999972e+01 2.573635930000000016e+01 2.573440430000000134e+01 2.573245980000000088e+01 2.573052570000000117e+01 2.572860199999999864e+01 2.572668859999999924e+01 2.572478539999999825e+01 2.572289250000000038e+01 2.572100959999999858e+01 2.571913689999999875e+01 2.571727429999999970e+01 2.571542170000000027e+01 2.571357899999999930e+01 2.571174620000000033e+01 2.570992340000000098e+01 2.570811030000000130e+01
2.484045019999999937e+01 2.483699419999999947e+01 2.483355399999999946e+01 2.483012970000000053e+01 2.482672110000000032e+01 2.482332830000000001e+01 2.481995119999999844e+01 2.481658979999999914e+01 2.481324409999999858e+01 2.480991399999999913e+01 2.480659959999999842e+01 2.480330070000000120e+01 2.480001749999999916e+01 2.479674980000000062e+01 2.479349759999999847e+01 2.479026089999999982e+01 2.478703970000000112e+01 2.478383390000000119e+01 2.478064360000000121e+01 2.477746870000000001e+01 2.477430909999999997e+01 2.477116489999999871e+01 2.476803599999999861e+01 2.476492239999999967e+01 2.476182409999999834e+01 2.475874100000000055e+01 2.475567309999999921e+01 2.475262040000000141e+01 2.474958279999999888e+01 2.474656039999999990e+01 2.474355299999999858e+01 2.474056059999999846e+01 2.473758330000000072e+01 2.473462089999999947e+01 2.473167339999999825e+01 2.472874089999999825e+01 2.472582320000000067e+01 2.472292029999999841e+01 2.472003229999999974e+01 2.471715890000000115e+01 2.471430030000000144e+01 2.471145620000000065e+01 2.470862689999999873e+01 2.470581200000000166e+01 2.470301170000000113e+01 2.470022589999999951e+01 2.469745440000000158e+01 2.469469739999999902e+01 2.469195470000000014e+01 2.468922620000000023e+01
2.309734040000000022e+01 2.309525139999999865e+01 2.309317349999999891e+01 2.309110670000000098e+01 2.308905079999999899e+01 2.308700569999999885e+01 2.308497159999999937e+01 2.308294820000000058e+01 2.308093549999999894e+01 2.307893340000000038e+01 2.307694199999999896e+01 2.307496109999999945e+01 2.307299060000000068e+01 2.307103060000000028e+01 2.306908089999999945e+01 2.306714159999999936e+01 2.306521250000000123e+01 2.306329350000000034e+01 2.306138479999999902e+01 2.305948599999999971e+01 2.305759730000000118e+01 2.305571859999999873e+01 2.305384979999999828e+01 2.305199079999999867e+01 2.305014170000000107e+01 2.304830219999999841e+01 2.304647250000000014e+01 2.304465250000000154e+01 2.304284200000000027e+01 2.304104110000000105e+01 2.303924969999999917e+01 2.303746770000000055e+01 2.303569519999999926e+01 2.303393189999999890e+01 2.303217799999999826e+01 2.303043339999999972e+01 2.302869799999999856e+01 2.302697170000000071e+01 2.302525449999999907e+01 2.302354649999999836e+01 2.302184749999999980e+01 2.302015739999999866e+01 2.301847629999999967e+01 2.301680419999999927e+01 2.301514080000000106e+01 2.301348640000000145e+01 2.301184070000000048e+01 2.301020370000000170e+01 2.300857549999999918e+01 2.300695590000000124e+01
2.208378049999999959e+01 2.208071620000000124e+01 2.207766619999999946e+01 2.207463020000000142e+01 2.207160849999999996e+01 2.206860079999999869e+01 2.206560719999999876e+01 2.206262759999999901e+01 2.205966220000000177e+01 2.205671070000000000e+01 2.205377319999999841e+01 2.205084970000000055e+01 2.204794019999999932e+01 2.204504460000000066e+01 2.204216290000000100e+01 2.203929499999999919e+01 2.203644110000000111e+01 2.203360100000000088e+01 2.203077469999999849e+01 2.202796220000000105e+01 2.202516340000000028e+01 2.202237840000000091e+01 2.201960719999999938e+01 2.201684960000000046e+01 2.201410560000000061e+01 2.201137530000000098e+01 2.200865860000000040e+01 2.200595549999999889e+01 2.200326589999999882e+01 2.200058980000000020e+01 2.199792709999999829e+01 2.199527799999999900e+01 2.199264219999999881e+01 2.199001979999999890e+01 2.198741070000000164e+01 2.198481489999999994e+01 2.198223240000000089e+01 2.197966309999999979e+01 2.197710700000000017e+01 2.197456400000000087e+01 2.197203409999999835e+01 2.196951729999999969e+01 2.196701350000000019e+01 2.196452259999999868e+01 2.196204469999999986e+01 2.195957969999999904e+01 2.195712740000000096e+01 2.195468800000000087e+01 2.195226129999999998e+01 2.194984729999999828e+01
2.038436259999999933e+01 2.038252650000000088e+01 2.038070009999999854e+01 2.037888320000000064e+01 2.037707590000000124e+01 2.037527809999999917e+01 2.037348970000000037e+01 2.037171070000000128e+01 2.036994100000000074e+01 2.036818059999999875e+01 2.036642940000000124e+01 2.036468729999999994e+01 2.036295439999999957e+01 2.036123050000000134e+01 2.035951569999999933e+01 2.035780979999999829e+01 2.035611279999999823e+01 2.035442460000000153e+01 2.035274529999999871e+01 2.035107470000000163e+01 2.034941279999999963e+01 2.034775959999999984e+01 2.034611500000000106e+01 2.034447899999999976e+01 2.034285149999999831e+01 2.034123239999999910e+01 2.033962179999999975e+01 2.033801959999999909e+01 2.033642569999999949e+01 2.033484010000000097e+01 2.033326269999999880e+01 2.033169360000000125e+01 2.033013259999999889e+01 2.032857979999999998e+01 2.032703509999999980e+01 2.032549840000000074e+01 2.032396969999999925e+01 2.032244890000000126e+01 2.032093610000000083e+01 2.031943120000000036e+01 2.031793419999999983e+01 2.031644500000000164e+01 2.031496350000000106e+01 2.031348979999999926e+01 2.031202389999999980e+01 2.031056560000000033e+01 2.030911490000000086e+01 2.030767189999999900e+01 2.030623650000000069e+01 2.030480860000000121e+01
1.932642489999999924e+01 1.932375040000000155e+01 1.932108829999999955e+01 1.931843870000000152e+01 1.931580160000000035e+01 1.931317680000000081e+01 1.931056450000000169e+01 1.930796450000000064e+01 1.930537680000000123e+01 1.930280150000000106e+01 1.930023860000000013e+01 1.929768789999999967e+01 1.929514950000000084e+01 1.929262340000000009e+01 1.929010949999999980e+01 1.928760779999999997e+01 1.928511830000000060e+01 1.928264100000000170e+01 1.928017579999999853e+01 1.927772279999999938e+01 1.927528189999999952e+01 1.927285300000000134e+01 1.927043630000000007e+01 1.926803149999999931e+01 1.926563880000000140e+01 1.926325800000000044e+01 1.926088920000000115e+01 1.925853229999999883e+01 1.925618719999999939e+01 1.925385410000000164e+01 1.925153269999999850e+01 1.924922319999999942e+01 1.924692539999999852e+01 1.924463940000000051e+01 1.924236499999999950e+01 1.924010230000000021e+01 1.923785129999999910e+01 1.923561180000000093e+01 1.923338379999999859e+01 1.923116740000000036e+01 1.922896240000000034e+01 1.922676889999999972e+01 1.922458680000000086e+01 1.922241599999999906e+01 1.922025650000000141e+01 1.921810819999999964e+01 1.921597119999999848e+01 1.921384529999999913e+01 1.921173059999999921e+01 1.920962700000000112e+01
1.767059060000000059e+01 1.766900439999999861e+01 1.766742640000000009e+01 1.766585669999999908e+01 1.766429510000000036e+01 1.766274160000000037e+01 1.766119619999999912e+01 1.765965879999999899e+01 1.765812939999999998e+01 1.765660790000000091e+01 1.765509420000000063e+01 1.765358840000000029e+01 1.765209039999999874e+01 1.765060009999999835e+01 1.764911760000000029e+01 1.764764269999999868e+01 1.764617529999999945e+01 1.764471560000000139e+01 1.764326330000000098e+01 1.764181860000000057e+01 1.764038130000000137e+01 1.763895139999999984e+01 1.763752879999999834e+01 1.763611350000000044e+01 1.763470560000000020e+01 1.763330480000000122e+01 1.763191129999999873e+01 1.763052490000000105e+01 1.762914560000000108e+01 1.762777349999999998e+01 1.762640830000000136e+01 1.762505020000000044e+01 1.762369909999999962e+01 1.762235490000000127e+01 1.762101759999999828e+01 1.761968720000000133e+01 1.761836359999999857e+01 1.761704680000000067e+01 1.761573690000000170e+01 1.761443360000000169e+01 1.761313709999999944e+01 1.761184730000000087e+01 1.761056410000000128e+01 1.760928750000000065e+01 1.760801760000000016e+01 1.760675420000000102e+01 1.760549740000000085e+01 1.760424709999999848e+01 1.760300330000000102e+01 1.760176590000000019e+01
1.656883579999999867e+01 1.656654869999999846e+01 1.656427229999999895e+01 1.656200660000000013e+01 1.655975169999999963e+01 1.655750739999999865e+01 1.655527389999999954e+01 1.655305099999999996e+01 1.655083869999999990e+01 1.654863699999999938e+01 1.654644599999999954e+01 1.654426550000000162e+01 1.654209559999999968e+01 1.653993630000000081e+01 1.653778750000000031e+01 1.653564929999999933e+01 1.653352149999999909e+01 1.653140420000000077e+01 1.652929740000000081e+01 1.652720100000000159e+01 1.652511499999999955e+01 1.652303939999999827e+01 1.652097420000000128e+01 1.651891930000000031e+01 1.651687469999999891e+01 1.651484049999999826e+01 1.651281649999999956e+01 1.651080280000000045e+01 1.650879919999999856e+01 1.650680589999999981e+01 1.650482269999999829e+01 1.650284960000000112e+01 1.650088669999999880e+01 1.649893379999999965e+01 1.649699090000000012e+01 1.649505810000000139e+01 1.649313520000000111e+01 1.649122219999999928e+01 1.648931920000000062e+01 1.648742599999999925e+01 1.648554259999999871e+01 1.648366899999999902e+01 1.648180520000000016e+01 1.647995110000000096e+01 1.647810670000000144e+01 1.647627190000000041e+01 1.647444670000000144e+01 1.647263099999999980e+01 1.647082490000000021e+01 1.646902820000000034e+01
1.495615210000000062e+01 1.495481329999999964e+01 1.495348150000000054e+01 1.495215649999999918e+01 1.495083829999999914e+01 1.494952690000000040e+01 1.494822220000000002e+01 1.494692429999999916e+01 1.494563300000000083e+01 1.494434829999999970e+01 1.494307019999999930e+01 1.494179860000000026e+01 1.494053360000000019e+01 1.493927500000000030e+01 1.493802280000000060e+01 1.493677699999999930e+01 1.493553759999999997e+01 1.493430440000000026e+01 1.493307760000000073e+01 1.493185700000000082e+01 1.493064260000000054e+01 1.492943430000000049e+01 1.492823229999999946e+01 1.492703629999999926e+01 1.492584639999999929e+01 1.492466250000000016e+01 1.492348460000000010e+01 1.492231270000000087e+01 1.492114680000000071e+01 1.491998670000000082e+01 1.491883260000000000e+01 1.491768429999999945e+01 1.491654179999999918e+01 1.491540520000000036e+01 1.491427430000000065e+01 1.491314910000000005e+01 1.491202969999999972e+01 1.491091589999999911e+01 1.490980779999999939e+01 1.490870540000000055e+01 1.490760850000000026e+01 1.490651730000000086e+01 1.490543160000000000e+01 1.490435150000000064e+01 1.490327680000000043e+01 1.490220769999999995e+01 1.490114409999999978e+01 1.490008590000000055e+01 1.489903310000000047e+01 1.489798580000000072e+01
1.381089979999999962e+01 1.380899789999999960e+01 1.380710490000000057e+01 1.380522099999999952e+01 1.380334590000000006e+01 1.380147990000000036e+01 1.379962270000000046e+01 1.379777449999999916e+01 1.379593520000000062e+01 1.379410470000000011e+01 1.379228319999999997e+01 1.379047049999999963e+01 1.378866660000000088e+01 1.378687159999999956e+01 1.378508539999999982e+01 1.378330799999999989e+01 1.378153930000000038e+01 1.377977950000000007e+01 1.377802830000000078e+01 1.377628589999999953e+01 1.377455220000000047e+01 1.377282720000000005e+01 1.377111090000000004e+01 1.376940309999999990e+01 1.376770409999999956e+01 1.376601360000000085e+01 1.376433169999999961e+01 1.376265830000000001e+01 1.376099340000000026e+01 1.375933709999999977e+01 1.375768929999999912e+01 1.375604979999999955e+01 1.375441879999999983e+01 1.375279620000000058e+01 1.375118200000000002e+01 1.374957610000000052e+01 1.374797850000000032e+01 1.374638919999999942e+01 1.374480819999999959e+01 1.374323530000000027e+01 1.374167060000000085e+01 1.374011409999999955e+01 1.373856570000000055e+01 1.373702540000000027e+01 1.373549309999999934e+01 1.373396879999999953e+01 1.373245260000000023e+01 1.373094419999999971e+01 1.372944380000000031e+01 1.372795119999999969e+01
1.224100130000000064e+01 1.223990820000000035e+01 1.223882060000000038e+01 1.223773860000000013e+01 1.223666210000000021e+01 1.223559110000000061e+01 1.223452550000000016e+01 1.223346530000000065e+01 1.223241059999999969e+01 1.223136120000000027e+01 1.223031710000000061e+01 1.222927819999999954e+01 1.222824469999999941e+01 1.222721639999999965e+01 1.222619320000000087e+01 1.222517520000000069e+01 1.222416240000000087e+01 1.222315460000000087e+01 1.222215199999999946e+01 1.222115439999999964e+01 1.222016170000000024e+01 1.221917410000000004e+01 1.221819149999999965e+01 1.221721370000000029e+01 1.221624090000000074e+01 1.221527299999999983e+01 1.221430989999999994e+01 1.221335170000000048e+01 1.221239820000000087e+01 1.221144959999999990e+01 1.221050570000000057e+01 1.220956649999999932e+01 1.220863199999999971e+01 1.220770229999999934e+01 1.220677710000000005e+01 1.220585670000000000e+01 1.220494090000000043e+01 1.220402960000000014e+01 1.220312299999999972e+01 1.220222090000000037e+01 1.220132330000000032e+01 1.220043030000000073e+01 1.219954180000000044e+01 1.219865779999999944e+01 1.219777820000000013e+01 1.219690310000000011e+01 1.219603249999999939e+01 1.219516619999999918e+01 1.219430440000000004e+01 1.219344689999999964e+01
1.105268889999999971e+01 1.105117010000000022e+01 1.104965849999999961e+01 1.104815409999999964e+01 1.104665690000000033e+01 1.104516680000000051e+01 1.104368400000000072e+01 1.104220819999999925e+01 1.104073969999999960e+01 1.103927820000000004e+01 1.103782389999999936e+01 1.103637679999999932e+01 1.103493669999999938e+01 1.103350359999999952e+01 1.103207770000000032e+01 1.103065879999999943e+01 1.102924699999999980e+01 1.102784220000000026e+01 1.102644440000000081e+01 1.102505359999999968e+01 1.102366980000000041e+01 1.102229290000000006e+01 1.102092299999999980e+01 1.101956000000000024e+01 1.101820389999999961e+01 1.101685469999999967e+01 1.101551240000000043e+01 1.101417690000000071e+01 1.101284829999999992e+01 1.101152650000000044e+01 1.101021139999999932e+01 1.100890309999999950e+01 1.100760159999999921e+01 1.100630669999999967e+01 1.100501859999999965e+01 1.100373710000000038e+01 1.100246229999999947e+01 1.100119409999999931e+01 1.099993249999999989e+01 1.099867740000000005e+01 1.099742889999999917e+01 1.099618689999999965e+01 1.099495139999999971e+01 1.099372229999999995e+01 1.099249960000000037e+01 1.099128340000000037e+01 1.099007349999999938e+01 1.098887000000000036e+01 1.098767269999999918e+01 1.098648179999999996e+01
9.525351889999999599e+00 9.524502990000000224e+00 9.523658389999999585e+00 9.522818080000000407e+00 9.521982010000000329e+00 9.521150159999999474e+00 9.520322520000000566e+00 9.519499039999999468e+00 9.518679719999999733e+00 9.517864510000000777e+00 9.517053389999999169e+00 9.516246349999999410e+00 9.515443349999999967e+00 9.514644380000000012e+00 9.513849399999999790e+00 9.513058400000000248e+00 9.512271339999999853e+00 9.511488220000000382e+00 9.510709000000000302e+00 9.509933659999999733e+00 9.509162189999999626e+00 9.508394559999999274e+00 9.507630739999999747e+00 9.506870720000000219e+00 9.506114489999999861e+00 9.505362010000000694e+00 9.504613259999999286e+00 9.503868239999999190e+00 9.503126919999999700e+00 9.502389279999999161e+00 9.501655299999999471e+00 9.500924969999999803e+00 9.500198259999999451e+00 9.499475170000000190e+00 9.498755680000000368e+00 9.498039759999999276e+00 9.497327399999999642e+00 9.496618590000000637e+00 9.495913319999999658e+00 9.495211559999999551e+00 9.494513299999999489e+00 9.493818530000000422e+00 9.493127239999999745e+00 9.492439409999999356e+00 9.491755019999999377e+00 9.491074069999999807e+00 9.490396549999999820e+00 9.489722430000000486e+00 9.489051720000000856e+00 9.488384390000000224e+00
8.294230869999999811e+00 8.293093369999999354e+00 8.291961289999999707e+00 8.290834639999999922e+00 8.289713400000000121e+00 8.288597559999999476e+00 8.287487119999999763e+00 8.286382059999999328e+00 8.285282379999999947e+00 8.284188070000000792e+00 8.283099110000000209e+00 8.282015510000000802e+00 8.280937240000000088e+00 8.279864299999999844e+00 8.278796679999999242e+00 8.277734360000000180e+00 8.276677340000000882e+00 8.275625599999999693e+00 8.274579129999999338e+00 8.273537909999999940e+00 8.272501950000000548e+00 8.271471209999999630e+00 8.270445690000000738e+00 8.269425379999999492e+00 8.268410250000000516e+00 8.267400289999999430e+00 8.266395499999999785e+00 8.265395840000000049e+00 8.264401319999999274e+00 8.263411899999999477e+00 8.262427569999999832e+00 8.261448310000000461e+00 8.260474119999999587e+00 8.259504959999999230e+00 8.258540809999999510e+00 8.257581670000000429e+00 8.256627509999999504e+00 8.255678310000000408e+00 8.254734049999999712e+00 8.253794709999999313e+00 8.252860269999999332e+00 8.251930700000000840e+00 8.251005989999999457e+00 8.250086120000000633e+00 8.249171049999999283e+00 8.248260780000000736e+00 8.247355269999999905e+00 8.246454500000000465e+00 8.245558459999999812e+00 8.244667109999999965e+00
6.809285550000000242e+00 6.808679960000000086e+00 6.808077420000000046e+00 6.807477920000000182e+00 6.806881429999999789e+00 6.806287929999999875e+00 6.805697409999999614e+00 6.805109850000000016e+00 6.804525220000000374e+00 6.803943509999999861e+00 6.803364710000000315e+00 6.802788790000000141e+00 6.802215740000000288e+00 6.801645539999999990e+00 6.801078170000000256e+00 6.800513610000000320e+00 6.799951860000000181e+00 6.799392890000000023e+00 6.798836679999999966e+00 6.798283230000000010e+00 6.797732510000000339e+00 6.797184520000000063e+00 6.796639230000000254e+00 6.796096630000000083e+00 6.795556709999999612e+00 6.795019459999999789e+00 6.794484849999999909e+00 6.793952879999999972e+00 6.793423530000000099e+00 6.792896790000000351e+00 6.792372649999999901e+00 6.791851089999999758e+00 6.791332109999999922e+00 6.790815679999999688e+00 6.790301799999999943e+00 6.789790459999999861e+00 6.789281650000000390e+00 6.788775359999999814e+00 6.788271560000000093e+00 6.787770270000000217e+00 6.787271460000000367e+00 6.786775119999999717e+00 6.786281250000000043e+00 6.785789839999999629e+00 6.785300870000000373e+00 6.784814339999999611e+00 6.784330250000000007e+00 6.783848569999999967e+00 6.783369310000000318e+00 6.782892460000000234e+00
5.535562549999999860e+00 5.534804969999999713e+00 5.534051029999999649e+00 5.533300709999999789e+00 5.532554010000000133e+00 5.531810919999999854e+00 5.531071449999999778e+00 5.530335570000000089e+00 5.529603289999999838e+00 5.528874609999999912e+00 5.528149499999999605e+00 5.527427969999999746e+00 5.526710010000000395e+00 5.525995609999999836e+00 5.525284769999999845e+00 5.524577479999999596e+00 5.523873720000000098e+00 5.523173489999999575e+00 5.522476789999999802e+00 5.521783590000000075e+00 5.521093910000000271e+00 5.520407709999999746e+00 5.519725010000000154e+00 5.519045769999999962e+00 5.518370009999999937e+00 5.517697690000000321e+00 5.517028820000000167e+00 5.516363390000000422e+00 5.515701370000000381e+00 5.515042769999999983e+00 5.514387560000000299e+00 5.513735740000000440e+00 5.513087289999999641e+00 5.512442199999999737e+00 5.511800459999999902e+00 5.511162060000000196e+00 5.510526979999999853e+00 5.509895199999999882e+00 5.509266720000000284e+00 5.508641520000000291e+00 5.508019580000000026e+00 5.507400890000000437e+00 5.506785439999999809e+00 5.506173210000000040e+00 5.505564180000000363e+00 5.504958349999999889e+00 5.504355689999999690e+00 5.503756179999999887e+00 5.503159819999999591e+00 5.502566589999999813e+00
4.092978220000000000e+00 4.092615259999999644e+00 4.092254119999999773e+00 4.091894800000000387e+00 4.091537269999999893e+00 4.091181530000000066e+00 4.090827560000000140e+00 4.090475360000000116e+00 4.090124910000000114e+00 4.089776210000000134e+00 4.089429240000000298e+00 4.089083989999999780e+00 4.088740450000000415e+00 4.088398609999999600e+00 4.088058460000000061e+00 4.087720000000000020e+00 4.087383199999999661e+00 4.087048059999999872e+00 4.086714579999999764e+00 4.086382740000000346e+00 4.086052529999999905e+00 4.085723940000000276e+00 4.085396969999999683e+00 4.085071609999999964e+00 4.084747850000000291e+00 4.084425669999999897e+00 4.084105079999999610e+00 4.083786060000000440e+00 4.083468599999999782e+00 4.083152700000000301e+00 4.082838360000000222e+00 4.082525549999999726e+00 4.082214279999999640e+00 4.081904540000000026e+00 4.081596329999999995e+00 4.081289629999999669e+00 4.080984429999999996e+00 4.080680740000000029e+00 4.080378549999999827e+00 4.080077840000000400e+00 4.079778629999999850e+00 4.079480890000000137e+00 4.079184620000000372e+00 4.078889819999999666e+00 4.078596479999999858e+00 4.078304609999999997e+00 4.078014180000000266e+00 4.077725209999999656e+00 4.077437670000000125e+00 4.077151579999999775e+00
2.776869790000000116e+00 2.776491150000000019e+00 2.776114329999999963e+00 2.775739329999999949e+00 2.775366159999999915e+00 2.774994799999999984e+00 2.774625250000000154e+00 2.774257509999999982e+00 2.773891579999999912e+00 2.773527450000000005e+00 2.773165119999999817e+00 2.772804589999999791e+00 2.772445849999999989e+00 2.772088890000000028e+00 2.771733729999999785e+00 2.771380339999999887e+00 2.771028729999999829e+00 2.770678890000000116e+00 2.770330819999999861e+00 2.769984510000000011e+00 2.769639960000000123e+00 2.769297159999999813e+00 2.768956109999999970e+00 2.768616810000000150e+00 2.768279240000000030e+00 2.767943409999999993e+00 2.767609300000000161e+00 2.767276920000000029e+00 2.766946250000000163e+00 2.766617290000000118e+00 2.766290029999999955e+00 2.765964470000000119e+00 2.765640599999999782e+00 2.765318419999999833e+00 2.764997909999999948e+00 2.764679080000000067e+00 2.764361899999999928e+00 2.764046389999999853e+00 2.763732520000000026e+00 2.763420299999999941e+00 2.763109720000000102e+00 2.762800760000000189e+00 2.762493420000000199e+00 2.762187690000000195e+00 2.761883570000000176e+00 2.761581050000000204e+00 2.761280109999999954e+00 2.760980759999999812e+00 2.760682979999999898e+00 2.760386759999999828e+00
1.376338440000000052e+00 1.376217959999999962e+00 1.376098089999999941e+00 1.375978820000000047e+00 1.375860150000000059e+00 1.375742070000000039e+00 1.375624589999999925e+00 1.375507690000000061e+00 1.375391379999999941e+00 1.375275650000000072e+00 1.375160490000000069e+00 1.375045910000000093e+00 1.374931899999999985e+00 1.374818450000000025e+00 1.374705569999999932e+00 1.374593249999999989e+00 1.374481480000000033e+00 1.374370270000000005e+00 1.374259600000000026e+00 1.374149489999999973e+00 1.374039910000000031e+00 1.373930880000000077e+00 1.373822389999999949e+00 1.373714429999999931e+00 1.373607000000000022e+00 1.373500100000000002e+00 1.373393730000000090e+00 1.373287879999999905e+00 1.373182549999999891e+00 1.373077749999999986e+00 1.372973449999999929e+00 1.372869679999999981e+00 1.372766410000000104e+00 1.372663650000000013e+00 1.372561399999999932e+00 1.372459649999999920e+00 1.372358409999999918e+00 1.372257669999999985e+00 1.372157419999999961e+00 1.372057670000000007e+00 1.371958419999999901e+00 1.371859649999999986e+00 1.371761379999999919e+00 1.371663599999999983e+00 1.371566300000000016e+00 1.371469489999999958e+00 1.371373160000000091e+00 1.371277319999999911e+00 1.371181959999999922e+00 1.371087069999999963e+00
1.810537439999999887e-02 1.810515489999999991e-02 1.810495089999999974e-02 1.810476210000000127e-02 1.810458820000000052e-02 1.810442899999999827e-02 1.810428420000000094e-02 1.810415359999999890e-02 1.810403689999999857e-02 1.810393399999999861e-02 1.810384459999999848e-02 1.810376849999999899e-02 1.810370539999999959e-02 1.810365519999999895e-02 1.810361760000000000e-02 1.810359250000000142e-02 1.810357959999999919e-02 1.810357870000000105e-02 1.810358969999999873e-02 1.810361229999999863e-02 1.810364639999999942e-02 1.810369170000000055e-02 1.810374819999999857e-02 1.810381570000000120e-02 1.810389390000000098e-02 1.810398270000000004e-02 1.810408189999999917e-02 1.810419149999999838e-02 1.810431109999999927e-02 1.810444079999999969e-02 1.810458029999999913e-02 1.810472939999999836e-02 1.810488810000000087e-02 1.810505620000000052e-02 1.810523359999999943e-02 1.810542009999999841e-02 1.810561559999999959e-02 1.810582000000000163e-02 1.810603319999999974e-02 1.810625490000000032e-02 1.810648520000000122e-02 1.810672389999999979e-02 1.810697090000000162e-02 1.810722600000000057e-02 1.810748920000000012e-02 1.810776030000000106e-02 1.810803929999999992e-02 1.810832600000000098e-02 1.810862040000000076e-02 1.810892230000000006e-02
-1.340228270000000110e+00 -1.340106529999999907e+00 -1.339985390000000054e+00 -1.339864860000000046e+00 -1.339744910000000067e+00 -1.339625569999999932e+00 -1.339506810000000048e+00 -1.339388629999999969e+00 -1.339271040000000079e+00 -1.339154020000000056e+00 -1.339037580000000061e+00 -1.338921699999999992e+00 -1.338806399999999952e+00 -1.338691649999999900e+00 -1.338577469999999936e+00 -1.338463839999999960e+00 -1.338350769999999912e+00 -1.338238250000000074e+00 -1.338126270000000062e+00 -1.338014840000000039e+00 -1.337903950000000064e+00 -1.337793599999999916e+00 -1.337683780000000100e+00 -1.337574500000000111e+00 -1.337465740000000070e+00 -1.337357509999999916e+00 -1.337249810000000094e+00 -1.337142629999999999e+00 -1.337035959999999912e+00 -1.336929809999999996e+00 -1.336824180000000029e+00 -1.336719060000000070e+00 -1.336614439999999959e+00 -1.336510330000000080e+00 -1.336406729999999987e+00 -1.336303629999999965e+00 -1.336201030000000012e+00 -1.336098929999999907e+00 -1.335997319999999933e+00 -1.335896210000000028e+00 -1.335795590000000033e+00 -1.335695450000000006e+00 -1.335595810000000050e+00 -1.335496660000000002e+00 -1.335397979999999984e+00 -1.335299800000000037e+00 -1.335202089999999897e+00 -1.335104859999999949e+00 -1.335008109999999970e+00 -1.334911839999999961e+00
-2.740480569999999894e+00 -2.740102409999999988e+00 -2.739726049999999802e+00 -2.739351469999999900e+00 -2.738978680000000221e+00 -2.738607669999999938e+00 -2.738238449999999879e+00 -2.737870989999999782e+00 -2.737505319999999909e+00 -2.737141409999999997e+00 -2.736779279999999925e+00 -2.736418909999999816e+00 -2.736060300000000112e+00 -2.735703449999999926e+00 -2.735348360000000145e+00 -2.734995019999999943e+00 -2.734643430000000208e+00 -2.734293580000000112e+00 -2.733945480000000039e+00 -2.733599110000000110e+00 -2.733254479999999820e+00 -2.732911570000000179e+00 -2.732570379999999854e+00 -2.732230920000000118e+00 -2.731893170000000204e+00 -2.731557120000000172e+00 -2.731222789999999900e+00 -2.730890150000000016e+00 -2.730559200000000075e+00 -2.730229940000000077e+00 -2.729902360000000083e+00 -2.729576460000000093e+00 -2.729252230000000168e+00 -2.728929659999999924e+00 -2.728608739999999866e+00 -2.728289479999999934e+00 -2.727971870000000187e+00 -2.727655889999999861e+00 -2.727341539999999842e+00 -2.727028810000000192e+00 -2.726717700000000022e+00 -2.726408199999999837e+00 -2.726100310000000082e+00 -2.725794000000000050e+00 -2.725489290000000064e+00 -2.725186149999999863e+00 -2.724884589999999829e+00 -2.724584590000000084e+00 -2.724286150000000184e+00 -2.723989249999999807e+00
-4.056860190000000088e+00 -4.056495950000000406e+00 -4.056133530000000320e+00 -4.055772909999999953e+00 -4.055414090000000193e+00 -4.055057060000000213e+00 -4.054701800000000134e+00 -4.054348300000000016e+00 -4.053996549999999921e+00 -4.053646529999999970e+00 -4.053298250000000102e+00 -4.052951690000000440e+00 -4.052606830000000215e+00 -4.052263680000000257e+00 -4.051922209999999858e+00 -4.051582409999999967e+00 -4.051244289999999637e+00 -4.050907819999999937e+00 -4.050572999999999979e+00 -4.050239829999999763e+00 -4.049908280000000360e+00 -4.049578349999999993e+00 -4.049250040000000439e+00 -4.048923330000000043e+00 -4.048598209999999753e+00 -4.048274679999999570e+00 -4.047952730000000443e+00 -4.047632359999999707e+00 -4.047313540000000209e+00 -4.046996280000000112e+00 -4.046680570000000365e+00 -4.046366400000000141e+00 -4.046053760000000388e+00 -4.045742640000000279e+00 -4.045433049999999753e+00 -4.045124969999999820e+00 -4.044818399999999592e+00 -4.044513330000000018e+00 -4.044209750000000270e+00 -4.043907660000000348e+00 -4.043607050000000314e+00 -4.043307920000000166e+00 -4.043010259999999967e+00 -4.042714059999999776e+00 -4.042419319999999594e+00 -4.042126040000000309e+00 -4.041834210000000205e+00 -4.041543830000000170e+00 -4.041254890000000266e+00 -4.040967379999999665e+00
-5.499358870000000010e+00 -5.498601800000000317e+00 -5.497848330000000061e+00 -5.497098450000000192e+00 -5.496352159999999820e+00 -5.495609449999999896e+00 -5.494870320000000419e+00 -5.494134759999999673e+00 -5.493402770000000324e+00 -5.492674329999999827e+00 -5.491949449999999899e+00 -5.491228119999999713e+00 -5.490510330000000216e+00 -5.489796069999999695e+00 -5.489085339999999924e+00 -5.488378130000000077e+00 -5.487674430000000214e+00 -5.486974240000000336e+00 -5.486277539999999675e+00 -5.485584330000000008e+00 -5.484894599999999620e+00 -5.484208340000000348e+00 -5.483525539999999587e+00 -5.482846190000000064e+00 -5.482170290000000001e+00 -5.481497820000000409e+00 -5.480828769999999572e+00 -5.480163120000000276e+00 -5.479500879999999796e+00 -5.478842030000000030e+00 -5.478186560000000149e+00 -5.477534450000000277e+00 -5.476885689999999585e+00 -5.476240269999999910e+00 -5.475598180000000426e+00 -5.474959410000000304e+00 -5.474323939999999666e+00 -5.473691760000000350e+00 -5.473062849999999813e+00 -5.472437199999999891e+00 -5.471814799999999757e+00 -5.471195640000000360e+00 -5.470579690000000106e+00 -5.469966939999999944e+00 -5.469357389999999874e+00 -5.468751000000000140e+00 -5.468147779999999791e+00 -5.467547689999999960e+00 -5.466950739999999698e+00 -5.466356890000000135e+00
-6.773217700000000008e+00 -6.772610710000000367e+00 -6.772006760000000014e+00 -6.771405849999999838e+00 -6.770807950000000019e+00 -6.770213029999999854e+00 -6.769621090000000230e+00 -6.769032100000000440e+00 -6.768446049999999659e+00 -6.767862909999999843e+00 -6.767282680000000106e+00 -6.766705319999999801e+00 -6.766130829999999818e+00 -6.765559180000000339e+00 -6.764990359999999647e+00 -6.764424359999999581e+00 -6.763861150000000322e+00 -6.763300730000000094e+00 -6.762743060000000028e+00 -6.762188150000000064e+00 -6.761635970000000384e+00 -6.761086510000000160e+00 -6.760539750000000403e+00 -6.759995680000000284e+00 -6.759454289999999865e+00 -6.758915550000000216e+00 -6.758379459999999561e+00 -6.757846009999999737e+00 -6.757315170000000037e+00 -6.756786939999999575e+00 -6.756261310000000186e+00 -6.755738260000000217e+00 -6.755217779999999728e+00 -6.754699849999999728e+00 -6.754184480000000157e+00 -6.753671630000000370e+00 -6.753161320000000245e+00 -6.752653510000000026e+00 -6.752148209999999651e+00 -6.751645400000000130e+00 -6.751145069999999748e+00 -6.750647220000000281e+00 -6.750151830000000075e+00 -6.749658890000000078e+00 -6.749168400000000290e+00 -6.748680339999999944e+00 -6.748194709999999930e+00 -6.747711510000000246e+00 -6.747230710000000187e+00 -6.746752319999999692e+00
-8.257921489999999309e+00 -8.256784579999999707e+00 -8.255653080000000088e+00 -8.254526959999999747e+00 -8.253406209999999632e+00 -8.252290840000000571e+00 -8.251180829999999133e+00 -8.250076180000000647e+00 -8.248976869999999906e+00 -8.247882900000000461e+00 -8.246794259999999710e+00 -8.245710940000000377e+00 -8.244632929999999860e+00 -8.243560220000000882e+00 -8.242492800000000841e+00 -8.241430660000000685e+00 -8.240373780000000536e+00 -8.239322169999999446e+00 -8.238275789999999432e+00 -8.237234649999999547e+00 -8.236198729999999912e+00 -8.235168019999999700e+00 -8.234142500000000808e+00 -8.233122160000000633e+00 -8.232106979999999297e+00 -8.231096960000000351e+00 -8.230092069999999538e+00 -8.229092299999999582e+00 -8.228097630000000606e+00 -8.227108060000000833e+00 -8.226123550000000506e+00 -8.225144090000000574e+00 -8.224169670000000210e+00 -8.223200269999999534e+00 -8.222235870000000446e+00 -8.221276449999999514e+00 -8.220321990000000412e+00 -8.219372469999999709e+00 -8.218427869999999302e+00 -8.217488169999999315e+00 -8.216553360000000694e+00 -8.215623400000000132e+00 -8.214698280000000352e+00 -8.213777979999999701e+00 -8.212862469999999249e+00 -8.211951739999999944e+00 -8.211045750000000254e+00 -8.210144489999999351e+00 -8.209247939999999133e+00 -8.208356059999999843e+00
-9.489228009999999713e+00 -9.488377679999999259e+00 -9.487531649999999317e+00 -9.486689900000000009e+00 -9.485852400000000628e+00 -9.485019109999999642e+00 -9.484190019999999777e+00 -9.483365100000000325e+00 -9.482544320000000582e+00 -9.481727649999999841e+00 -9.480915080000000827e+00 -9.480106579999999283e+00 -9.479302119999999832e+00 -9.478501680000000817e+00 -9.477705229999999759e+00 -9.476912750000000329e+00 -9.476124220000000875e+00 -9.475339619999999741e+00 -9.474558919999999773e+00 -9.473782099999999318e+00 -9.473009140000000272e+00 -9.472240010000000154e+00 -9.471474699999999913e+00 -9.470713189999999670e+00 -9.469955450000000496e+00 -9.469201469999999787e+00 -9.468451220000000390e+00 -9.467704689999999701e+00 -9.466961859999999618e+00 -9.466222699999999435e+00 -9.465487209999999152e+00 -9.464755359999999840e+00 -9.464027140000000671e+00 -9.463302519999999163e+00 -9.462581500000000645e+00 -9.461864050000000859e+00 -9.461150160000000753e+00 -9.460439819999999500e+00 -9.459732999999999947e+00 -9.459029700000000318e+00 -9.458329900000000734e+00 -9.457633590000000368e+00 -9.456940749999999341e+00 -9.456251359999999551e+00 -9.455565430000000049e+00 -9.454882919999999302e+00 -9.454203839999999914e+00 -9.453528159999999403e+00 -9.452855879999999544e+00 -9.452186989999999511e+00
-1.101625620000000083e+01 -1.101473810000000064e+01 -1.101322709999999994e+01 -1.101172339999999927e+01 -1.101022679999999987e+01 -1.100873729999999995e+01 -1.100725500000000068e+01 -1.100577979999999911e+01 -1.100431170000000058e+01 -1.100285079999999915e+01 -1.100139689999999959e+01 -1.099995009999999951e+01 -1.099851040000000069e+01 -1.099707770000000018e+01 -1.099565209999999915e+01 -1.099423349999999999e+01 -1.099282189999999915e+01 -1.099141739999999956e+01 -1.099001980000000067e+01 -1.098862920000000010e+01 -1.098724550000000022e+01 -1.098586880000000043e+01 -1.098449899999999957e+01 -1.098313609999999940e+01 -1.098178009999999993e+01 -1.098043089999999999e+01 -1.097908860000000075e+01 -1.097775309999999926e+01 -1.097642440000000086e+01 -1.097510259999999960e+01 -1.097378740000000086e+01 -1.097247909999999926e+01 -1.097117740000000019e+01 -1.096988239999999948e+01 -1.096859410000000068e+01 -1.096731250000000024e+01 -1.096603739999999938e+01 -1.096476900000000043e+01 -1.096350720000000045e+01 -1.096225190000000005e+01 -1.096100309999999922e+01 -1.095976079999999975e+01 -1.095852490000000046e+01 -1.095729550000000074e+01 -1.095607260000000061e+01 -1.095485590000000009e+01 -1.095364569999999915e+01 -1.095244180000000078e+01 -1.095124410000000026e+01 -1.095005270000000053e+01
-1.220476850000000013e+01 -1.220367390000000007e+01 -1.220258489999999973e+01 -1.220150139999999972e+01 -1.220042349999999942e+01 -1.219935100000000006e+01 -1.219828399999999924e+01 -1.219722239999999935e+01 -1.219616620000000040e+01 -1.219511540000000061e+01 -1.219406979999999940e+01 -1.219302949999999974e+01 -1.219199449999999985e+01 -1.219096470000000032e+01 -1.218994009999999939e+01 -1.218892070000000061e+01 -1.218790639999999925e+01 -1.218689709999999948e+01 -1.218589300000000009e+01 -1.218489390000000050e+01 -1.218389980000000072e+01 -1.218291070000000076e+01 -1.218192660000000060e+01 -1.218094729999999970e+01 -1.217997300000000038e+01 -1.217900359999999971e+01 -1.217803900000000006e+01 -1.217707930000000083e+01 -1.217612429999999968e+01 -1.217517409999999956e+01 -1.217422870000000046e+01 -1.217328799999999944e+01 -1.217235209999999945e+01 -1.217142079999999993e+01 -1.217049410000000087e+01 -1.216957209999999989e+01 -1.216865480000000055e+01 -1.216774200000000050e+01 -1.216683379999999914e+01 -1.216593020000000003e+01 -1.216503110000000021e+01 -1.216413649999999969e+01 -1.216324649999999963e+01 -1.216236089999999948e+01 -1.216147980000000040e+01 -1.216060309999999944e+01 -1.215973089999999956e+01 -1.215886309999999959e+01 -1.215799969999999952e+01 -1.215714059999999996e+01
-1.377417430000000031e+01 -1.377227320000000077e+01 -1.377038109999999982e+01 -1.376849789999999985e+01 -1.376662370000000024e+01 -1.376475839999999984e+01 -1.376290189999999924e+01 -1.376105440000000080e+01 -1.375921579999999977e+01 -1.375738600000000034e+01 -1.375556500000000071e+01 -1.375375290000000028e+01 -1.375194959999999966e+01 -1.375015520000000002e+01 -1.374836950000000080e+01 -1.374659250000000021e+01 -1.374482440000000061e+01 -1.374306490000000025e+01 -1.374131419999999970e+01 -1.373957219999999957e+01 -1.373783889999999985e+01 -1.373611419999999939e+01 -1.373439819999999933e+01 -1.373269080000000031e+01 -1.373099200000000053e+01 -1.372930170000000061e+01 -1.372762009999999933e+01 -1.372594690000000028e+01 -1.372428230000000049e+01 -1.372262609999999938e+01 -1.372097839999999991e+01 -1.371933909999999912e+01 -1.371770820000000057e+01 -1.371608570000000071e+01 -1.371447159999999954e+01 -1.371286570000000005e+01 -1.371126819999999924e+01 -1.370967890000000011e+01 -1.370809780000000089e+01 -1.370652499999999918e+01 -1.370496029999999976e+01 -1.370340370000000085e+01 -1.370185520000000068e+01 -1.370031479999999924e+01 -1.369878250000000008e+01 -1.369725810000000088e+01 -1.369574169999999924e+01 -1.369423319999999933e+01 -1.369273259999999937e+01 -1.369123979999999996e+01
-1.491968969999999928e+01 -1.491834949999999971e+01 -1.491701630000000023e+01 -1.491568990000000028e+01 -1.491437039999999925e+01 -1.491305760000000014e+01 -1.491175149999999938e+01 -1.491045219999999993e+01 -1.490915949999999945e+01 -1.490787339999999972e+01 -1.490659390000000073e+01 -1.490532089999999954e+01 -1.490405450000000087e+01 -1.490279450000000061e+01 -1.490154090000000053e+01 -1.490029370000000064e+01 -1.489905279999999976e+01 -1.489781819999999968e+01 -1.489658999999999978e+01 -1.489536790000000011e+01 -1.489415209999999945e+01 -1.489294240000000080e+01 -1.489173890000000000e+01 -1.489054140000000004e+01 -1.488935009999999970e+01 -1.488816470000000081e+01 -1.488698540000000037e+01 -1.488581199999999960e+01 -1.488464459999999967e+01 -1.488348309999999941e+01 -1.488232750000000060e+01 -1.488117770000000029e+01 -1.488003379999999964e+01 -1.487889559999999989e+01 -1.487776320000000041e+01 -1.487663650000000004e+01 -1.487551559999999995e+01 -1.487440029999999958e+01 -1.487329070000000009e+01 -1.487218679999999971e+01 -1.487108839999999965e+01 -1.486999559999999931e+01 -1.486890840000000047e+01 -1.486782670000000017e+01 -1.486675059999999959e+01 -1.486567989999999995e+01 -1.486461470000000062e+01 -1.486355499999999985e+01 -1.486250060000000062e+01 -1.486145169999999993e+01
-1.653187279999999859e+01 -1.652958680000000058e+01 -1.652731139999999854e+01 -1.652504679999999837e+01 -1.652279280000000128e+01 -1.652054950000000133e+01 -1.651831680000000091e+01 -1.651609480000000119e+01 -1.651388340000000099e+01 -1.651168249999999915e+01 -1.650949230000000156e+01 -1.650731259999999878e+01 -1.650514349999999908e+01 -1.650298490000000129e+01 -1.650083679999999831e+01 -1.649869920000000079e+01 -1.649657210000000163e+01 -1.649445539999999966e+01 -1.649234919999999960e+01 -1.649025340000000028e+01 -1.648816790000000054e+01 -1.648609289999999916e+01 -1.648402820000000091e+01 -1.648197379999999868e+01 -1.647992969999999957e+01 -1.647789590000000004e+01 -1.647587229999999892e+01 -1.647385900000000092e+01 -1.647185590000000133e+01 -1.646986289999999897e+01 -1.646788009999999858e+01 -1.646590730000000136e+01 -1.646394469999999899e+01 -1.646199209999999979e+01 -1.646004950000000022e+01 -1.645811690000000027e+01 -1.645619419999999877e+01 -1.645428150000000045e+01 -1.645237859999999941e+01 -1.645048560000000037e+01 -1.644860239999999862e+01 -1.644672900000000126e+01 -1.644486530000000002e+01 -1.644301129999999844e+01 -1.644116689999999892e+01 -1.643933219999999906e+01 -1.643750710000000126e+01 -1.643569150000000079e+01 -1.643388540000000120e+01 -1.643208870000000132e+01
-1.763387369999999876e+01 -1.763228630000000052e+01 -1.763070709999999863e+01 -1.762913610000000020e+01 -1.762757330000000167e+01 -1.762601850000000070e+01 -1.762447189999999964e+01 -1.762293319999999852e+01 -1.762140259999999969e+01 -1.761987979999999965e+01 -1.761836489999999955e+01 -1.761685779999999824e+01 -1.761535860000000042e+01 -1.761386699999999905e+01 -1.761238320000000002e+01 -1.761090689999999981e+01 -1.760943830000000077e+01 -1.760797730000000172e+01 -1.760652380000000150e+01 -1.760507769999999894e+01 -1.760363909999999876e+01 -1.760220779999999863e+01 -1.760078389999999970e+01 -1.759936739999999844e+01 -1.759795799999999844e+01 -1.759655599999999964e+01 -1.759516109999999856e+01 -1.759377329999999873e+01 -1.759239270000000133e+01 -1.759101920000000163e+01 -1.758965269999999848e+01 -1.758829319999999896e+01 -1.758694059999999837e+01 -1.758559509999999904e+01 -1.758425640000000101e+01 -1.758292459999999835e+01 -1.758159960000000055e+01 -1.758028140000000050e+01 -1.757897000000000176e+01 -1.757766529999999960e+01 -1.757636739999999875e+01 -1.757507610000000042e+01 -1.757379149999999868e+01 -1.757251349999999945e+01 -1.757124200000000158e+01 -1.756997720000000029e+01 -1.756871890000000036e+01 -1.756746709999999823e+01 -1.756622180000000100e+01 -1.756498290000000040e+01
-1.928930499999999881e+01 -1.928663170000000093e+01 -1.928397089999999992e+01 -1.928132240000000053e+01 -1.927868640000000156e+01 -1.927606279999999828e+01 -1.927345150000000018e+01 -1.927085260000000133e+01 -1.926826600000000056e+01 -1.926569170000000142e+01 -1.926312970000000035e+01 -1.926058000000000092e+01 -1.925804249999999840e+01 -1.925551730000000106e+01 -1.925300419999999946e+01 -1.925050339999999949e+01 -1.924801469999999881e+01 -1.924553819999999860e+01 -1.924307380000000123e+01 -1.924062149999999960e+01 -1.923818130000000082e+01 -1.923575320000000133e+01 -1.923333699999999880e+01 -1.923093289999999911e+01 -1.922854080000000110e+01 -1.922616060000000004e+01 -1.922379240000000067e+01 -1.922143600000000063e+01 -1.921909150000000110e+01 -1.921675889999999853e+01 -1.921443800000000124e+01 -1.921212889999999973e+01 -1.920983160000000112e+01 -1.920754600000000067e+01 -1.920527200000000079e+01 -1.920300969999999907e+01 -1.920075900000000146e+01 -1.919851990000000086e+01 -1.919629219999999847e+01 -1.919407610000000020e+01 -1.919187140000000014e+01 -1.918967819999999946e+01 -1.918749629999999939e+01 -1.918532569999999993e+01 -1.918316640000000106e+01 -1.918101839999999925e+01 -1.917888149999999925e+01 -1.917675579999999869e+01 -1.917464130000000111e+01 -1.917253769999999946e+01
-2.034730550000000093e+01 -2.034546830000000028e+01 -2.034364079999999930e+01 -2.034182290000000037e+01 -2.034001449999999878e+01 -2.033821560000000161e+01 -2.033642619999999823e+01 -2.033464599999999933e+01 -2.033287530000000132e+01 -2.033111369999999951e+01 -2.032936139999999980e+01 -2.032761830000000103e+01 -2.032588420000000085e+01 -2.032415920000000042e+01 -2.032244319999999860e+01 -2.032073610000000130e+01 -2.031903799999999904e+01 -2.031734870000000015e+01 -2.031566809999999990e+01 -2.031399640000000062e+01 -2.031233329999999881e+01 -2.031067889999999920e+01 -2.030903310000000062e+01 -2.030739579999999833e+01 -2.030576710000000062e+01 -2.030414680000000160e+01 -2.030253499999999889e+01 -2.030093150000000080e+01 -2.029933630000000022e+01 -2.029774940000000072e+01 -2.029617079999999874e+01 -2.029460040000000021e+01 -2.029303810000000041e+01 -2.029148400000000052e+01 -2.028993790000000175e+01 -2.028839990000000171e+01 -2.028686980000000162e+01 -2.028534780000000026e+01 -2.028383360000000124e+01 -2.028232729999999862e+01 -2.028082889999999949e+01 -2.027933829999999915e+01 -2.027785550000000114e+01 -2.027638040000000075e+01 -2.027491300000000152e+01 -2.027345319999999873e+01 -2.027200110000000066e+01 -2.027055670000000021e+01 -2.026911970000000096e+01 -2.026769039999999933e+01
-2.204608029999999985e+01 -2.204301740000000009e+01 -2.203996869999999930e+01 -2.203693420000000103e+01 -2.203391369999999938e+01 -2.203090729999999908e+01 -2.202791500000000013e+01 -2.202493679999999898e+01 -2.202197250000000039e+01 -2.201902229999999960e+01 -2.201608600000000138e+01 -2.201316369999999978e+01 -2.201025539999999836e+01 -2.200736089999999834e+01 -2.200448039999999850e+01 -2.200161370000000005e+01 -2.199876079999999945e+01 -2.199592180000000141e+01 -2.199309660000000122e+01 -2.199028519999999887e+01 -2.198748750000000030e+01 -2.198470349999999840e+01 -2.198193330000000145e+01 -2.197917670000000001e+01 -2.197643370000000118e+01 -2.197370439999999903e+01 -2.197098859999999831e+01 -2.196828640000000021e+01 -2.196559770000000000e+01 -2.196292250000000124e+01 -2.196026080000000036e+01 -2.195761249999999976e+01 -2.195497759999999943e+01 -2.195235600000000176e+01 -2.194974780000000081e+01 -2.194715289999999897e+01 -2.194457110000000100e+01 -2.194200259999999858e+01 -2.193944730000000121e+01 -2.193690510000000060e+01 -2.193437589999999915e+01 -2.193185980000000157e+01 -2.192935669999999959e+01 -2.192686660000000032e+01 -2.192438930000000141e+01 -2.192192500000000166e+01 -2.191947340000000111e+01 -2.191703460000000092e+01 -2.191460849999999994e+01 -2.191219510000000170e+01
-2.305987169999999864e+01 -2.305778210000000072e+01 -2.305570360000000107e+01 -2.305363609999999852e+01 -2.305157960000000017e+01 -2.304953390000000013e+01 -2.304749899999999840e+01 -2.304547489999999854e+01 -2.304346160000000054e+01 -2.304145880000000091e+01 -2.303946660000000080e+01 -2.303748500000000021e+01 -2.303551380000000037e+01 -2.303355300000000128e+01 -2.303160259999999937e+01 -2.302966250000000059e+01 -2.302773260000000022e+01 -2.302581280000000064e+01 -2.302390319999999946e+01 -2.302200360000000146e+01 -2.302011410000000069e+01 -2.301823449999999838e+01 -2.301636480000000162e+01 -2.301450489999999860e+01 -2.301265479999999997e+01 -2.301081449999999862e+01 -2.300898379999999932e+01 -2.300716279999999969e+01 -2.300535130000000095e+01 -2.300354940000000070e+01 -2.300175700000000134e+01 -2.299997400000000169e+01 -2.299820040000000176e+01 -2.299643610000000038e+01 -2.299468110000000109e+01 -2.299293540000000036e+01 -2.299119879999999938e+01 -2.298947139999999933e+01 -2.298775309999999905e+01 -2.298604389999999853e+01 -2.298434370000000015e+01 -2.298265239999999920e+01 -2.298097010000000040e+01 -2.297929669999999902e+01 -2.297763210000000100e+01 -2.297597640000000041e+01 -2.297432939999999846e+01 -2.297269109999999870e+01 -2.297106159999999875e+01 -2.296944069999999982e+01
-2.480232450000000100e+01 -2.479886959999999974e+01 -2.479543059999999954e+01 -2.479200739999999925e+01 -2.478859999999999886e+01 -2.478520839999999836e+01 -2.478183260000000132e+01 -2.477847239999999829e+01 -2.477512799999999871e+01 -2.477179930000000141e+01 -2.476848610000000050e+01 -2.476518869999999950e+01 -2.476190679999999844e+01 -2.475864049999999850e+01 -2.475538969999999850e+01 -2.475215449999999962e+01 -2.474893469999999951e+01 -2.474573050000000052e+01 -2.474254159999999914e+01 -2.473936820000000125e+01 -2.473621019999999859e+01 -2.473306759999999827e+01 -2.472994029999999910e+01 -2.472682830000000109e+01 -2.472373160000000070e+01 -2.472065010000000029e+01 -2.471758379999999988e+01 -2.471453280000000063e+01 -2.471149679999999904e+01 -2.470847609999999861e+01 -2.470547030000000177e+01 -2.470247970000000137e+01 -2.469950409999999863e+01 -2.469654339999999948e+01 -2.469359770000000154e+01 -2.469066690000000008e+01 -2.468775090000000105e+01 -2.468484979999999851e+01 -2.468196340000000077e+01 -2.467909179999999836e+01 -2.467623490000000075e+01 -2.467339270000000084e+01 -2.467056510000000102e+01 -2.466775200000000012e+01 -2.466495340000000169e+01 -2.466216929999999863e+01 -2.465939960000000042e+01 -2.465664429999999996e+01 -2.465390340000000080e+01 -2.465117670000000061e+01
-2.577108240000000094e+01 -2.576873690000000039e+01 -2.576640390000000025e+01 -2.576408340000000052e+01 -2.576177530000000004e+01 -2.575947940000000003e+01 -2.575719589999999926e+01 -2.575492450000000133e+01 -2.575266519999999915e+01 -2.575041799999999981e+01 -2.574818270000000098e+01 -2.574595940000000027e+01 -2.574374800000000008e+01 -2.574154830000000160e+01 -2.573936039999999892e+01 -2.573718410000000034e+01 -2.573501939999999877e+01 -2.573286620000000013e+01 -2.573072459999999850e+01 -2.572859430000000103e+01 -2.572647540000000177e+01 -2.572436769999999839e+01 -2.572227129999999917e+01 -2.572018609999999939e+01 -2.571811190000000025e+01 -2.571604890000000054e+01 -2.571399669999999915e+01 -2.571195559999999958e+01 -2.570992529999999832e+01 -2.570790579999999892e+01 -2.570589700000000022e+01 -2.570389899999999983e+01 -2.570191159999999897e+01 -2.569993480000000119e+01 -2.569796859999999938e+01 -2.569601279999999832e+01 -2.569406749999999917e+01 -2.569213249999999960e+01 -2.569020790000000076e+01 -2.568829350000000034e+01 -2.568638939999999948e+01 -2.568449550000000059e+01 -2.568261169999999893e+01 -2.568073790000000045e+01 -2.567887419999999921e+01 -2.567702050000000114e+01 -2.567517670000000152e+01 -2.567334280000000035e+01 -2.567151880000000119e+01 -2.566970459999999932e+01
-2.755848620000000082e+01 -2.755463689999999843e+01 -2.755080500000000043e+01 -2.754699079999999967e+01 -2.754319389999999856e+01 -2.753941460000000063e+01 -2.753565259999999881e+01 -2.753190809999999900e+01 -2.752818080000000123e+01 -2.752447090000000074e+01 -2.752077829999999992e+01 -2.751710299999999876e+01 -2.751344479999999848e+01 -2.750980390000000142e+01 -2.750618010000000169e+01 -2.750257339999999928e+01 -2.749898389999999893e+01 -2.749541149999999945e+01 -2.749185609999999969e+01 -2.748831769999999963e+01 -2.748479629999999929e+01 -2.748129189999999866e+01 -2.747780440000000013e+01 -2.747433380000000014e+01 -2.747088009999999869e+01 -2.746744329999999934e+01 -2.746402319999999975e+01 -2.746061990000000108e+01 -2.745723339999999979e+01 -2.745386359999999826e+01 -2.745051039999999887e+01 -2.744717389999999924e+01 -2.744385400000000175e+01 -2.744055069999999930e+01 -2.743726380000000020e+01 -2.743399349999999970e+01 -2.743073959999999900e+01 -2.742750219999999928e+01 -2.742428110000000174e+01 -2.742107629999999929e+01 -2.741788779999999903e+01 -2.741471560000000096e+01 -2.741155949999999919e+01 -2.740841959999999844e+01 -2.740529580000000109e+01 -2.740218799999999888e+01 -2.739909619999999890e+01 -2.739602040000000116e+01 -2.739296050000000093e+01 -2.738991640000000061e+01
-2.848139420000000044e+01 -2.847878899999999902e+01 -2.847619770000000017e+01 -2.847362040000000150e+01 -2.847105690000000067e+01 -2.846850710000000007e+01 -2.846597110000000086e+01 -2.846344870000000071e+01 -2.846093979999999846e+01 -2.845844449999999881e+01 -2.845596249999999827e+01 -2.845349390000000156e+01 -2.845103849999999923e+01 -2.844859639999999956e+01 -2.844616740000000021e+01 -2.844375140000000002e+01 -2.844134850000000014e+01 -2.843895840000000064e+01 -2.843658119999999911e+01 -2.843421680000000151e+01 -2.843186520000000073e+01 -2.842952610000000035e+01 -2.842719969999999918e+01 -2.842488579999999843e+01 -2.842258430000000047e+01 -2.842029520000000176e+01 -2.841801849999999874e+01 -2.841575389999999857e+01 -2.841350160000000002e+01 -2.841126149999999839e+01 -2.840903330000000082e+01 -2.840681719999999899e+01 -2.840461309999999884e+01 -2.840242080000000158e+01 -2.840024030000000010e+01 -2.839807160000000152e+01 -2.839591460000000112e+01 -2.839376920000000126e+01 -2.839163539999999841e+01 -2.838951319999999967e+01 -2.838740239999999915e+01 -2.838530310000000156e+01 -2.838321510000000103e+01 -2.838113840000000110e+01 -2.837907290000000060e+01 -2.837701859999999954e+01 -2.837497550000000146e+01 -2.837294350000000165e+01 -2.837092249999999893e+01 -2.836891250000000042e+01
-3.031378679999999903e+01 -3.030953999999999837e+01 -3.030531260000000060e+01 -3.030110439999999983e+01 -3.029691539999999961e+01 -3.029274559999999994e+01 -3.028859479999999849e+01 -3.028446309999999997e+01 -3.028035039999999967e+01 -3.027625659999999996e+01 -3.027218179999999847e+01 -3.026812590000000114e+01 -3.026408890000000085e+01 -3.026007059999999882e+01 -3.025607109999999977e+01 -3.025209040000000016e+01 -3.024812839999999881e+01 -3.024418509999999927e+01 -3.024026040000000037e+01 -3.023635439999999974e+01 -3.023246689999999859e+01 -3.022859790000000046e+01 -3.022474749999999943e+01 -3.022091560000000143e+01 -3.021710210000000174e+01 -3.021330700000000036e+01 -3.020953030000000084e+01 -3.020577189999999845e+01 -3.020203190000000149e+01 -3.019831010000000049e+01 -3.019460649999999902e+01 -3.019092119999999824e+01 -3.018725399999999937e+01 -3.018360500000000002e+01 -3.017997400000000141e+01 -3.017636110000000116e+01 -3.017276620000000165e+01 -3.016918929999999932e+01 -3.016563019999999895e+01 -3.016208909999999932e+01 -3.015856580000000164e+01 -3.015506029999999882e+01 -3.015157260000000150e+01 -3.014810250000000025e+01 -3.014465009999999978e+01 -3.014121529999999893e+01 -3.013779810000000126e+01 -3.013439830000000086e+01 -3.013101610000000008e+01 -3.012765119999999897e+01
2.711842910000000018e+01 2.711606700000000103e+01 2.711371749999999992e+01 2.711138060000000038e+01 2.710905620000000127e+01 2.710674429999999901e+01 2.710444469999999839e+01 2.710215739999999940e+01 2.709988239999999848e+01 2.709761960000000158e+01 2.709536890000000042e+01 2.709313020000000094e+01 2.709090349999999958e+01 2.708868869999999873e+01 2.708648579999999839e+01 2.708429470000000094e+01 2.708211530000000167e+01 2.707994760000000056e+01 2.707779160000000118e+01 2.707564700000000002e+01 2.707351399999999941e+01 2.707139240000000058e+01 2.706928209999999879e+01 2.706718319999999878e+01 2.706509550000000175e+01 2.706301910000000177e+01 2.706095380000000006e+01 2.705889949999999899e+01 2.705685629999999975e+01 2.705482410000000115e+01 2.705280279999999848e+01 2.705079239999999885e+01 2.704879280000000108e+01 2.704680400000000162e+01 2.704482589999999931e+01 2.704285840000000007e+01 2.704090160000000154e+01 2.703895530000000136e+01 2.703701949999999954e+01 2.703509419999999963e+01 2.703317940000000164e+01 2.703127489999999966e+01 2.702938070000000081e+01 2.702749680000000154e+01 2.702562319999999829e+01 2.702375969999999938e+01 2.702190639999999888e+01 2.702006319999999917e+01 2.701822999999999908e+01 2.701640689999999978e+01
2.901536189999999849e+01 2.901116560000000177e+01 2.900698810000000094e+01 2.900282929999999837e+01 2.899868910000000000e+01 2.899456749999999872e+01 2.899046440000000047e+01 2.898637980000000169e+01 2.898231360000000123e+01 2.897826579999999907e+01 2.897423620000000000e+01 2.897022499999999923e+01 2.896623190000000037e+01 2.896225709999999864e+01 2.895830039999999883e+01 2.895436180000000093e+01 2.895044130000000138e+01 2.894653879999999901e+01 2.894265439999999856e+01 2.893878790000000123e+01 2.893493929999999992e+01 2.893110869999999935e+01 2.892729599999999834e+01 2.892350109999999930e+01 2.891972399999999865e+01 2.891596480000000113e+01 2.891222330000000085e+01 2.890849950000000135e+01 2.890479339999999908e+01 2.890110509999999877e+01 2.889743430000000046e+01 2.889378119999999939e+01 2.889014570000000148e+01 2.888652769999999848e+01 2.888292729999999864e+01 2.887934429999999963e+01 2.887577890000000025e+01 2.887223080000000053e+01 2.886870010000000164e+01 2.886518690000000120e+01 2.886169089999999926e+01 2.885821220000000054e+01 2.885475080000000148e+01 2.885130660000000091e+01 2.884787959999999885e+01 2.884446970000000121e+01 2.884107690000000090e+01 2.883770120000000148e+01 2.883434259999999938e+01 2.883100080000000176e+01
2.441180299999999903e+01 2.440968649999999940e+01 2.440758119999999920e+01 2.440548719999999960e+01 2.440340420000000066e+01 2.440133229999999998e+01 2.439927139999999994e+01 2.439722139999999939e+01 2.439518229999999832e+01 2.439315399999999912e+01 2.439113640000000061e+01 2.438912960000000041e+01 2.438713339999999974e+01 2.438514779999999860e+01 2.438317269999999937e+01 2.438120809999999850e+01 2.437925389999999837e+01 2.437731009999999898e+01 2.437537659999999917e+01 2.437345330000000132e+01 2.437154019999999832e+01 2.436963730000000083e+01 2.436774439999999942e+01 2.436586159999999879e+01 2.436398880000000133e+01 2.436212599999999995e+01 2.436027299999999940e+01 2.435842979999999969e+01 2.435659640000000081e+01 2.435477279999999922e+01 2.435295890000000085e+01 2.435115460000000098e+01 2.434936000000000078e+01 2.434757480000000029e+01 2.434579919999999831e+01 2.434403310000000076e+01 2.434227639999999937e+01 2.434052900000000008e+01 2.433879100000000051e+01 2.433706229999999948e+01 2.433534290000000055e+01 2.433363260000000139e+01 2.433193160000000077e+01 2.433023959999999875e+01 2.432855680000000120e+01 2.432688299999999870e+01 2.432521829999999952e+01 2.432356250000000131e+01 2.432191570000000169e+01 2.432027779999999950e+01
2.625493030000000161e+01 2.625114209999999915e+01 2.624737100000000112e+01 2.624361689999999925e+01 2.623987959999999831e+01 2.623615919999999946e+01 2.623245569999999915e+01 2.622876889999999861e+01 2.622509889999999899e+01 2.622144559999999913e+01 2.621780890000000142e+01 2.621418889999999990e+01 2.621058550000000054e+01 2.620699869999999976e+01 2.620342839999999995e+01 2.619987469999999874e+01 2.619633740000000088e+01 2.619281660000000045e+01 2.618931230000000099e+01 2.618582430000000016e+01 2.618235280000000031e+01 2.617889759999999910e+01 2.617545870000000008e+01 2.617203609999999969e+01 2.616862980000000150e+01 2.616523979999999838e+01 2.616186599999999984e+01 2.615850839999999877e+01 2.615516690000000111e+01 2.615184169999999853e+01 2.614853250000000173e+01 2.614523940000000124e+01 2.614196240000000060e+01 2.613870139999999864e+01 2.613545639999999892e+01 2.613222730000000027e+01 2.612901420000000030e+01 2.612581700000000140e+01 2.612263570000000001e+01 2.611947019999999853e+01 2.611632060000000166e+01 2.611318659999999880e+01 2.611006839999999940e+01 2.610696589999999873e+01 2.610387910000000034e+01 2.610080779999999834e+01 2.609775219999999862e+01 2.609471200000000124e+01 2.609168740000000142e+01 2.608867820000000037e+01
2.170403980000000033e+01 2.170216560000000072e+01 2.170030129999999957e+01 2.169844670000000164e+01 2.169660190000000100e+01 2.169476680000000002e+01 2.169294139999999871e+01 2.169112549999999828e+01 2.168931919999999991e+01 2.168752230000000125e+01 2.168573489999999993e+01 2.168395680000000070e+01 2.168218810000000119e+01 2.168042870000000022e+01 2.167867839999999902e+01 2.167693739999999991e+01 2.167520550000000057e+01 2.167348259999999982e+01 2.167176879999999883e+01 2.167006389999999882e+01 2.166836800000000096e+01 2.166668100000000052e+01 2.166500279999999989e+01 2.166333339999999907e+01 2.166167280000000162e+01 2.166002089999999924e+01 2.165837760000000145e+01 2.165674299999999874e+01 2.165511689999999945e+01 2.165349940000000117e+01 2.165189030000000159e+01 2.165028969999999831e+01 2.164869759999999843e+01 2.164711379999999963e+01 2.164553829999999834e+01 2.164397119999999930e+01 2.164241230000000016e+01 2.164086160000000092e+01 2.163931910000000158e+01 2.163778479999999860e+01 2.163625860000000145e+01 2.163474049999999949e+01 2.163323049999999981e+01 2.163172840000000008e+01 2.163023439999999908e+01 2.162874830000000159e+01 2.162727010000000050e+01 2.162579979999999935e+01 2.162433740000000171e+01 2.162288279999999929e+01
2.349364870000000138e+01 2.349026740000000046e+01 2.348690129999999954e+01 2.348355039999999860e+01 2.348021470000000122e+01 2.347689420000000027e+01 2.347358880000000170e+01 2.347029840000000078e+01 2.346702309999999869e+01 2.346376289999999898e+01 2.346051759999999931e+01 2.345728730000000084e+01 2.345407200000000003e+01 2.345087159999999926e+01 2.344768609999999853e+01 2.344451550000000140e+01 2.344135969999999958e+01 2.343821870000000018e+01 2.343509260000000083e+01 2.343198119999999918e+01 2.342888470000000112e+01 2.342580279999999959e+01 2.342273570000000049e+01 2.341968320000000148e+01 2.341664550000000133e+01 2.341362240000000128e+01 2.341061390000000131e+01 2.340762000000000143e+01 2.340464060000000046e+01 2.340167579999999958e+01 2.339872550000000118e+01 2.339578979999999930e+01 2.339286840000000112e+01 2.338996149999999830e+01 2.338706910000000150e+01 2.338419090000000011e+01 2.338132720000000120e+01 2.337847770000000125e+01 2.337564250000000143e+01 2.337282160000000175e+01 2.337001479999999987e+01 2.336722220000000050e+01 2.336444380000000010e+01 2.336167950000000104e+01 2.335892919999999862e+01 2.335619300000000109e+01 2.335347069999999903e+01 2.335076240000000070e+01 2.334806790000000021e+01 2.334538729999999873e+01
1.899474209999999985e+01 1.899310729999999836e+01 1.899148100000000028e+01 1.898986319999999850e+01 1.898825379999999896e+01 1.898665270000000049e+01 1.898506000000000071e+01 1.898347550000000084e+01 1.898189920000000086e+01 1.898033119999999840e+01 1.897877120000000062e+01 1.897721930000000157e+01 1.897567550000000125e+01 1.897413969999999850e+01 1.897261179999999925e+01 1.897109179999999995e+01 1.896957959999999943e+01 1.896807529999999886e+01 1.896657880000000063e+01 1.896509000000000000e+01 1.896360890000000055e+01 1.896213549999999870e+01 1.896066970000000040e+01 1.895921149999999855e+01 1.895776079999999908e+01 1.895631759999999844e+01 1.895488190000000017e+01 1.895345359999999957e+01 1.895203270000000018e+01 1.895061919999999844e+01 1.894921300000000031e+01 1.894781409999999866e+01 1.894642239999999944e+01 1.894503800000000027e+01 1.894366079999999997e+01 1.894229070000000092e+01 1.894092780000000076e+01 1.893957199999999830e+01 1.893822319999999948e+01 1.893688149999999837e+01 1.893554680000000090e+01 1.893421909999999997e+01 1.893289830000000151e+01 1.893158449999999959e+01 1.893027760000000015e+01 1.892897749999999846e+01 1.892768429999999924e+01 1.892639799999999894e+01 1.892511839999999879e+01 1.892384559999999993e+01
2.073213420000000085e+01 2.072915749999999946e+01 2.072619440000000068e+01 2.072324479999999980e+01 2.072030859999999919e+01 2.071738579999999885e+01 2.071447639999999879e+01 2.071158039999999900e+01 2.070869779999999949e+01 2.070582849999999908e+01 2.070297250000000133e+01 2.070012970000000152e+01 2.069730029999999843e+01 2.069448399999999921e+01 2.069168099999999910e+01 2.068889130000000165e+01 2.068611470000000097e+01 2.068335120000000060e+01 2.068060090000000173e+01 2.067786380000000079e+01 2.067513969999999901e+01 2.067242870000000110e+01 2.066973079999999996e+01 2.066704599999999914e+01 2.066437409999999986e+01 2.066171530000000089e+01 2.065906939999999992e+01 2.065643650000000164e+01 2.065381650000000135e+01 2.065120939999999905e+01 2.064861510000000067e+01 2.064603380000000143e+01 2.064346520000000140e+01 2.064090949999999935e+01 2.063836650000000006e+01 2.063583630000000113e+01 2.063331870000000023e+01 2.063081389999999971e+01 2.062832170000000076e+01 2.062584209999999985e+01 2.062337510000000051e+01 2.062092060000000160e+01 2.061847859999999955e+01 2.061604910000000146e+01 2.061363210000000024e+01 2.061122740000000064e+01 2.060883510000000030e+01 2.060645519999999919e+01 2.060408749999999856e+01 2.060173199999999838e+01
1.628465040000000030e+01 1.628325269999999847e+01 1.628186210000000145e+01 1.628047859999999858e+01 1.627910230000000169e+01 1.627773300000000134e+01 1.627637079999999870e+01 1.627501549999999853e+01 1.627366719999999845e+01 1.627232580000000084e+01 1.627099120000000099e+01 1.626966350000000006e+01 1.626834260000000043e+01 1.626702840000000094e+01 1.626572099999999921e+01 1.626442019999999999e+01 1.626312610000000092e+01 1.626183849999999964e+01 1.626055759999999850e+01 1.625928319999999871e+01 1.625801530000000028e+01 1.625675379999999848e+01 1.625549880000000158e+01 1.625425029999999893e+01 1.625300800000000123e+01 1.625177220000000133e+01 1.625054259999999928e+01 1.624931929999999980e+01 1.624810229999999933e+01 1.624689150000000026e+01 1.624568689999999904e+01 1.624448849999999922e+01 1.624329619999999963e+01 1.624211000000000027e+01 1.624092990000000114e+01 1.623975589999999869e+01 1.623858789999999885e+01 1.623742590000000163e+01 1.623626989999999992e+01 1.623511990000000083e+01 1.623397579999999962e+01 1.623283770000000104e+01 1.623170539999999917e+01 1.623057899999999876e+01 1.622945849999999979e+01 1.622834380000000110e+01 1.622723489999999913e+01 1.622613180000000099e+01 1.622503449999999958e+01 1.622394299999999845e+01
1.797015209999999996e+01 1.796757799999999961e+01 1.796501560000000097e+01 1.796246500000000168e+01 1.795992599999999939e+01 1.795739879999999999e+01 1.795488320000000115e+01 1.795237930000000048e+01 1.794988700000000037e+01 1.794740630000000081e+01 1.794493719999999826e+01 1.794247969999999981e+01 1.794003379999999837e+01 1.793759939999999986e+01 1.793517650000000074e+01 1.793276519999999863e+01 1.793036529999999829e+01 1.792797690000000088e+01 1.792559999999999931e+01 1.792323449999999951e+01 1.792088049999999910e+01 1.791853779999999929e+01 1.791620650000000126e+01 1.791388660000000144e+01 1.791157809999999984e+01 1.790928080000000122e+01 1.790699490000000083e+01 1.790472019999999986e+01 1.790245679999999950e+01 1.790020469999999975e+01 1.789796369999999825e+01 1.789573389999999975e+01 1.789351530000000068e+01 1.789130790000000104e+01 1.788911149999999850e+01 1.788692620000000133e+01 1.788475199999999887e+01 1.788258869999999945e+01 1.788043649999999829e+01 1.787829520000000016e+01 1.787616489999999914e+01 1.787404539999999997e+01 1.787193690000000146e+01 1.786983910000000009e+01 1.786775220000000175e+01 1.786567600000000056e+01 1.786361050000000006e+01 1.786155570000000026e+01 1.785951149999999998e+01 1.785747800000000041e+01
1.357385239999999982e+01 1.357268979999999914e+01 1.357153309999999991e+01 1.357038239999999973e+01 1.356923749999999984e+01 1.356809830000000083e+01 1.356696499999999972e+01 1.356583739999999949e+01 1.356471559999999954e+01 1.356359939999999931e+01 1.356248880000000057e+01 1.356138389999999916e+01 1.356028459999999924e+01 1.355919079999999965e+01 1.355810250000000039e+01 1.355701969999999967e+01 1.355594239999999928e+01 1.355487059999999921e+01 1.355380410000000069e+01 1.355274299999999954e+01 1.355168729999999933e+01 1.355063690000000065e+01 1.354959170000000057e+01 1.354855189999999965e+01 1.354751730000000087e+01 1.354648790000000069e+01 1.354546370000000088e+01 1.354444469999999967e+01 1.354343079999999944e+01 1.354242209999999957e+01 1.354141850000000069e+01 1.354041989999999984e+01 1.353942639999999997e+01 1.353843789999999991e+01 1.353745450000000083e+01 1.353647600000000040e+01 1.353550259999999916e+01 1.353453400000000073e+01 1.353357049999999973e+01 1.353261179999999975e+01 1.353165800000000019e+01 1.353070920000000044e+01 1.352976519999999994e+01 1.352882600000000046e+01 1.352789169999999963e+01 1.352696219999999983e+01 1.352603749999999927e+01 1.352511759999999974e+01 1.352420240000000007e+01 1.352329199999999965e+01
1.520808989999999916e+01 1.520591620000000077e+01 1.520375259999999962e+01 1.520159890000000047e+01 1.519945509999999977e+01 1.519732119999999931e+01 1.519519730000000024e+01 1.519308329999999962e+01 1.519097909999999985e+01 1.518888489999999969e+01 1.518680039999999920e+01 1.518472590000000011e+01 1.518266110000000069e+01 1.518060619999999972e+01 1.517856100000000019e+01 1.517652569999999912e+01 1.517450009999999949e+01 1.517248430000000070e+01 1.517047819999999980e+01 1.516848180000000035e+01 1.516649510000000056e+01 1.516451819999999984e+01 1.516255080000000000e+01 1.516059319999999921e+01 1.515864520000000049e+01 1.515670680000000026e+01 1.515477800000000030e+01 1.515285880000000063e+01 1.515094910000000006e+01 1.514904899999999977e+01 1.514715840000000036e+01 1.514527730000000005e+01 1.514340559999999947e+01 1.514154339999999976e+01 1.513969069999999917e+01 1.513784730000000067e+01 1.513601320000000072e+01 1.513418859999999988e+01 1.513237319999999997e+01 1.513056710000000038e+01 1.512877029999999934e+01 1.512698269999999923e+01 1.512520439999999944e+01 1.512343510000000002e+01 1.512167509999999915e+01 1.511992410000000042e+01 1.511818219999999968e+01 1.511644929999999931e+01 1.511472539999999931e+01 1.511301049999999968e+01
1.086248190000000058e+01 1.086155319999999946e+01 1.086062929999999938e+01 1.085970999999999975e+01 1.085879530000000059e+01 1.085788520000000013e+01 1.085697970000000012e+01 1.085607869999999942e+01 1.085518219999999978e+01 1.085429030000000061e+01 1.085340270000000018e+01 1.085251970000000021e+01 1.085164100000000076e+01 1.085076680000000060e+01 1.084989689999999918e+01 1.084903139999999944e+01 1.084817020000000021e+01 1.084731320000000032e+01 1.084646060000000034e+01 1.084561219999999970e+01 1.084476800000000019e+01 1.084392809999999940e+01 1.084309239999999974e+01 1.084226080000000003e+01 1.084143330000000027e+01 1.084060999999999986e+01 1.083979079999999939e+01 1.083897580000000005e+01 1.083816470000000010e+01 1.083735779999999949e+01 1.083655489999999944e+01 1.083575599999999994e+01 1.083496109999999923e+01 1.083417020000000086e+01 1.083338320000000010e+01 1.083260029999999929e+01 1.083182120000000026e+01 1.083104610000000001e+01 1.083027500000000032e+01 1.082950770000000063e+01 1.082874430000000032e+01 1.082798479999999941e+01 1.082722910000000027e+01 1.082647730000000053e+01 1.082572940000000017e+01 1.082498520000000042e+01 1.082424490000000006e+01 1.082350839999999970e+01 1.082277569999999933e+01 1.082204669999999957e+01
1.244557969999999969e+01 1.244380450000000060e+01 1.244203740000000025e+01 1.244027849999999980e+01 1.243852779999999925e+01 1.243678530000000038e+01 1.243505090000000024e+01 1.243332460000000061e+01 1.243160639999999972e+01 1.242989640000000051e+01 1.242819450000000003e+01 1.242650060000000067e+01 1.242481489999999944e+01 1.242313719999999932e+01 1.242146750000000033e+01 1.241980590000000007e+01 1.241815240000000031e+01 1.241650680000000051e+01 1.241486929999999944e+01 1.241323970000000010e+01 1.241161810000000010e+01 1.241000449999999944e+01 1.240839880000000051e+01 1.240680099999999975e+01 1.240521120000000010e+01 1.240362919999999924e+01 1.240205519999999950e+01 1.240048889999999915e+01 1.239893059999999991e+01 1.239738000000000007e+01 1.239583730000000017e+01 1.239430240000000083e+01 1.239277520000000088e+01 1.239125570000000032e+01 1.238974400000000031e+01 1.238823999999999970e+01 1.238674370000000025e+01 1.238525500000000079e+01 1.238377400000000073e+01 1.238230049999999949e+01 1.238083469999999942e+01 1.237937639999999995e+01 1.237792559999999931e+01 1.237648229999999927e+01 1.237504649999999984e+01 1.237361819999999923e+01 1.237219729999999984e+01 1.237078370000000049e+01 1.236937759999999997e+01 1.236797870000000010e+01
8.150633980000000278e+00 8.149938360000000159e+00 8.149246229999999258e+00 8.148557560000000421e+00 8.147872319999999391e+00 8.147190500000000668e+00 8.146512069999999994e+00 8.145837020000000095e+00 8.145165329999999315e+00 8.144496970000000502e+00 8.143831940000000102e+00 8.143170200000000136e+00 8.142511739999999776e+00 8.141856549999999970e+00 8.141204600000000013e+00 8.140555880000000855e+00 8.139910370000000839e+00 8.139268059999999139e+00 8.138628920000000377e+00 8.137992949999999226e+00 8.137360120000000308e+00 8.136730419999999242e+00 8.136103829999999704e+00 8.135480349999999916e+00 8.134859949999999174e+00 8.134242620000000201e+00 8.133628350000000395e+00 8.133017130000000705e+00 8.132408930000000424e+00 8.131803760000000381e+00 8.131201589999999868e+00 8.130602409999999836e+00 8.130006209999999456e+00 8.129412979999999678e+00 8.128822709999999674e+00 8.128235390000000393e+00 8.127651000000000181e+00 8.127069540000000814e+00 8.126490990000000636e+00 8.125915349999999648e+00 8.125342610000000576e+00 8.124772749999999988e+00 8.124205769999999660e+00 8.123641660000000542e+00 8.123080410000000029e+00 8.122522019999999898e+00 8.121966459999999444e+00 8.121413750000000320e+00 8.120863860000000045e+00 8.120316799999999446e+00
9.682949849999999969e+00 9.681571209999999539e+00 9.680198969999999292e+00 9.678833120000000179e+00 9.677473649999999594e+00 9.676120550000000264e+00 9.674773809999999585e+00 9.673433429999999333e+00 9.672099389999999630e+00 9.670771690000000476e+00 9.669450310000000215e+00 9.668135250000000624e+00 9.666826490000000049e+00 9.665524030000000266e+00 9.664227860000000447e+00 9.662937960000000714e+00 9.661654340000000118e+00 9.660376960000000679e+00 9.659105840000000498e+00 9.657840939999999819e+00 9.656582269999999468e+00 9.655329809999999569e+00 9.654083549999999292e+00 9.652843479999999587e+00 9.651609569999999749e+00 9.650381830000000605e+00 9.649160229999999672e+00 9.647944759999999675e+00 9.646735400000000737e+00 9.645532149999999305e+00 9.644334969999999174e+00 9.643143869999999396e+00 9.641958819999999264e+00 9.640779800000000677e+00 9.639606799999999254e+00 9.638439789999999618e+00 9.637278769999999994e+00 9.636123700000000625e+00 9.634974570000000682e+00 9.633831369999999339e+00 9.632694060000000391e+00 9.631562640000000286e+00 9.630437069999999267e+00 9.629317329999999231e+00 9.628203409999999351e+00 9.627095280000000699e+00 9.625992910000000791e+00 9.624896290000000576e+00 9.623805389999999349e+00 9.622720179999999957e+00
5.438365019999999994e+00 5.437901970000000418e+00 5.437441230000000125e+00 5.436982780000000126e+00 5.436526599999999654e+00 5.436072679999999657e+00 5.435621020000000136e+00 5.435171579999999558e+00 5.434724369999999638e+00 5.434279369999999609e+00 5.433836570000000421e+00 5.433395950000000418e+00 5.432957499999999662e+00 5.432521219999999929e+00 5.432087079999999624e+00 5.431655069999999697e+00 5.431225200000000086e+00 5.430797440000000087e+00 5.430371779999999760e+00 5.429948210000000053e+00 5.429526730000000079e+00 5.429107319999999959e+00 5.428689979999999693e+00 5.428274680000000352e+00 5.427861430000000098e+00 5.427450219999999881e+00 5.427041029999999822e+00 5.426633849999999981e+00 5.426228680000000359e+00 5.425825520000000068e+00 5.425424340000000178e+00 5.425025149999999741e+00 5.424627929999999765e+00 5.424232680000000251e+00 5.423839390000000371e+00 5.423448050000000187e+00 5.423058669999999637e+00 5.422671219999999792e+00 5.422285699999999764e+00 5.421902110000000441e+00 5.421520440000000107e+00 5.421140689999999651e+00 5.420762840000000082e+00 5.420386899999999564e+00 5.420012859999999932e+00 5.419640710000000361e+00 5.419270440000000022e+00 5.418902069999999682e+00 5.418535559999999585e+00 5.418170940000000435e+00
6.920288310000000109e+00 6.919304819999999800e+00 6.918325920000000018e+00 6.917351599999999934e+00 6.916381849999999609e+00 6.915416669999999932e+00 6.914456040000000137e+00 6.913499960000000222e+00 6.912548430000000188e+00 6.911601440000000096e+00 6.910658980000000007e+00 6.909721039999999981e+00 6.908787629999999957e+00 6.907858720000000119e+00 6.906934320000000405e+00 6.906014410000000048e+00 6.905098989999999937e+00 6.904188050000000132e+00 6.903281589999999746e+00 6.902379579999999848e+00 6.901482040000000318e+00 6.900588939999999560e+00 6.899700280000000241e+00 6.898816039999999816e+00 6.897936220000000063e+00 6.897060820000000092e+00 6.896189800000000147e+00 6.895323180000000107e+00 6.894460930000000154e+00 6.893603050000000287e+00 6.892749509999999802e+00 6.891900320000000413e+00 6.891055449999999638e+00 6.890214900000000142e+00 6.889378650000000270e+00 6.888546690000000083e+00 6.887718999999999703e+00 6.886895580000000017e+00 6.886076390000000380e+00 6.885261439999999844e+00 6.884450700000000367e+00 6.883644170000000173e+00 6.882841810000000393e+00 6.882043620000000139e+00 6.881249590000000360e+00 6.880459680000000411e+00 6.879673900000000231e+00 6.878892210000000063e+00 6.878114609999999907e+00 6.877341060000000006e+00
2.726058860000000195e+00 2.725828059999999997e+00 2.725598409999999916e+00 2.725369890000000073e+00 2.725142509999999962e+00 2.724916260000000090e+00 2.724691120000000133e+00 2.724467100000000030e+00 2.724244179999999904e+00 2.724022370000000137e+00 2.723801640000000024e+00 2.723582009999999887e+00 2.723363449999999908e+00 2.723145979999999966e+00 2.722929569999999799e+00 2.722714219999999852e+00 2.722499930000000123e+00 2.722286700000000170e+00 2.722074510000000114e+00 2.721863359999999954e+00 2.721653250000000135e+00 2.721444169999999829e+00 2.721236119999999925e+00 2.721029090000000039e+00 2.720823080000000171e+00 2.720618079999999939e+00 2.720414089999999785e+00 2.720211100000000215e+00 2.720009119999999836e+00 2.719808120000000162e+00 2.719608120000000184e+00 2.719409109999999963e+00 2.719211080000000003e+00 2.719014029999999860e+00 2.718817959999999978e+00 2.718622859999999974e+00 2.718428719999999910e+00 2.718235560000000106e+00 2.718043359999999797e+00 2.717852109999999932e+00 2.717661829999999945e+00 2.717472499999999958e+00 2.717284119999999970e+00 2.717096680000000042e+00 2.716910200000000053e+00 2.716724650000000185e+00 2.716540049999999873e+00 2.716356390000000065e+00 2.716173659999999934e+00 2.715991869999999864e+00
4.157539159999999789e+00 4.156949700000000192e+00 4.156362999999999808e+00 4.155779060000000413e+00 4.155197860000000354e+00 4.154619420000000396e+00 4.154043719999999773e+00 4.153470750000000322e+00 4.152900530000000145e+00 4.152333030000000313e+00 4.151768269999999816e+00 4.151206219999999725e+00 4.150646899999999917e+00 4.150090289999999627e+00 4.149536389999999741e+00 4.148985200000000262e+00 4.148436700000000421e+00 4.147890900000000158e+00 4.147347800000000362e+00 4.146807370000000326e+00 4.146269629999999928e+00 4.145734560000000180e+00 4.145202170000000130e+00 4.144672429999999963e+00 4.144145349999999617e+00 4.143620920000000041e+00 4.143099140000000347e+00 4.142579989999999768e+00 4.142063470000000081e+00 4.141549580000000397e+00 4.141038299999999950e+00 4.140529629999999628e+00 4.140023560000000380e+00 4.139520079999999602e+00 4.139019189999999959e+00 4.138520869999999796e+00 4.138025120000000001e+00 4.137531929999999747e+00 4.137041280000000043e+00 4.136553179999999941e+00 4.136067609999999561e+00 4.135584559999999854e+00 4.135104019999999991e+00 4.134625980000000034e+00 4.134150439999999982e+00 4.133677370000000018e+00 4.133206780000000080e+00 4.132738640000000352e+00 4.132272949999999945e+00 4.131809709999999747e+00
1.338462909999999992e-02 1.338576300000000018e-02 1.338689610000000016e-02 1.338802839999999987e-02 1.338915989999999931e-02 1.339029060000000021e-02 1.339142050000000084e-02 1.339254949999999986e-02 1.339367770000000034e-02 1.339480499999999921e-02 1.339593149999999955e-02 1.339705710000000001e-02 1.339818180000000060e-02 1.339930559999999958e-02 1.340042850000000042e-02 1.340155049999999966e-02 1.340267160000000075e-02 1.340379180000000024e-02 1.340491100000000026e-02 1.340602940000000000e-02 1.340714680000000027e-02 1.340826330000000066e-02 1.340937879999999985e-02 1.341049350000000050e-02 1.341160719999999994e-02 1.341271999999999950e-02 1.341383179999999960e-02 1.341494279999999942e-02 1.341605279999999976e-02 1.341716190000000024e-02 1.341827010000000084e-02 1.341937739999999983e-02 1.342048390000000029e-02 1.342158939999999953e-02 1.342269410000000024e-02 1.342379789999999934e-02 1.342490080000000030e-02 1.342600289999999925e-02 1.342710419999999967e-02 1.342820469999999981e-02 1.342930430000000008e-02 1.343040319999999968e-02 1.343150130000000074e-02 1.343259869999999939e-02 1.343369529999999951e-02 1.343479120000000068e-02 1.343588650000000079e-02 1.343698100000000062e-02 1.343807489999999938e-02 1.343916820000000054e-02
1.394937899999999953e+00 1.394741680000000095e+00 1.394546400000000075e+00 1.394352049999999954e+00 1.394158629999999954e+00 1.393966140000000076e+00 1.393774580000000096e+00 1.393583940000000077e+00 1.393394229999999956e+00 1.393205430000000078e+00 1.393017560000000099e+00 1.392830599999999919e+00 1.392644570000000082e+00 1.392459450000000043e+00 1.392275240000000025e+00 1.392091940000000028e+00 1.391909559999999990e+00 1.391728080000000034e+00 1.391547510000000099e+00 1.391367840000000022e+00 1.391189070000000028e+00 1.391011210000000053e+00 1.390834239999999999e+00 1.390658170000000027e+00 1.390482999999999913e+00 1.390308710000000003e+00 1.390135319999999952e+00 1.389962810000000104e+00 1.389791180000000015e+00 1.389620440000000068e+00 1.389450580000000102e+00 1.389281589999999955e+00 1.389113470000000072e+00 1.388946229999999948e+00 1.388779849999999927e+00 1.388614339999999947e+00 1.388449700000000009e+00 1.388285910000000012e+00 1.388122969999999956e+00 1.387960890000000003e+00 1.387799659999999990e+00 1.387639269999999980e+00 1.387479719999999972e+00 1.387321019999999905e+00 1.387163149999999900e+00 1.387006109999999959e+00 1.386849900000000080e+00 1.386694510000000102e+00 1.386539949999999966e+00 1.386386200000000013e+00
-2.699146439999999814e+00 -2.698913280000000192e+00 -2.698681269999999799e+00 -2.698450400000000027e+00 -2.698220660000000048e+00 -2.697992059999999803e+00 -2.697764569999999917e+00 -2.697538199999999886e+00 -2.697312929999999831e+00 -2.697088770000000135e+00 -2.696865700000000032e+00 -2.696643710000000027e+00 -2.696422819999999998e+00 -2.696203000000000127e+00 -2.695984249999999971e+00 -2.695766560000000034e+00 -2.695549939999999811e+00 -2.695334369999999868e+00 -2.695119850000000206e+00 -2.694906369999999995e+00 -2.694693930000000126e+00 -2.694482520000000214e+00 -2.694272150000000199e+00 -2.694062789999999818e+00 -2.693854459999999840e+00 -2.693647139999999940e+00 -2.693440830000000119e+00 -2.693235519999999994e+00 -2.693031219999999948e+00 -2.692827920000000042e+00 -2.692625599999999952e+00 -2.692424280000000003e+00 -2.692223939999999871e+00 -2.692024589999999939e+00 -2.691826209999999886e+00 -2.691628810000000094e+00 -2.691432380000000180e+00 -2.691236910000000204e+00 -2.691042420000000046e+00 -2.690848879999999888e+00 -2.690656300000000112e+00 -2.690464679999999831e+00 -2.690274009999999993e+00 -2.690084290000000156e+00 -2.689895519999999873e+00 -2.689707690000000095e+00 -2.689520809999999873e+00 -2.689334870000000155e+00 -2.689149860000000114e+00 -2.688965790000000133e+00
-1.368135300000000054e+00 -1.367938419999999988e+00 -1.367742440000000004e+00 -1.367547360000000101e+00 -1.367353180000000057e+00 -1.367159889999999933e+00 -1.366967510000000052e+00 -1.366776009999999930e+00 -1.366585409999999889e+00 -1.366395709999999930e+00 -1.366206899999999891e+00 -1.366018979999999994e+00 -1.365831950000000017e+00 -1.365645800000000021e+00 -1.365460550000000106e+00 -1.365276179999999950e+00 -1.365092699999999937e+00 -1.364910099999999904e+00 -1.364728390000000013e+00 -1.364547549999999942e+00 -1.364367600000000014e+00 -1.364188519999999905e+00 -1.364010319999999998e+00 -1.363833000000000073e+00 -1.363656540000000028e+00 -1.363480959999999964e+00 -1.363306249999999942e+00 -1.363132400000000022e+00 -1.362959419999999922e+00 -1.362787310000000085e+00 -1.362616049999999968e+00 -1.362445649999999953e+00 -1.362276110000000040e+00 -1.362107420000000069e+00 -1.361939580000000038e+00 -1.361772589999999949e+00 -1.361606440000000084e+00 -1.361441139999999939e+00 -1.361276680000000017e+00 -1.361113060000000097e+00 -1.360950260000000078e+00 -1.360788300000000062e+00 -1.360627170000000108e+00 -1.360466860000000056e+00 -1.360307380000000066e+00 -1.360148710000000039e+00 -1.359990859999999913e+00 -1.359833810000000032e+00 -1.359677580000000052e+00 -1.359522150000000096e+00
-5.411520730000000334e+00 -5.411055410000000343e+00 -5.410592409999999575e+00 -5.410131690000000049e+00 -5.409673249999999989e+00 -5.409217070000000405e+00 -5.408763150000000408e+00 -5.408311460000000181e+00 -5.407861989999999786e+00 -5.407414740000000108e+00 -5.406969679999999556e+00 -5.406526809999999905e+00 -5.406086120000000328e+00 -5.405647580000000119e+00 -5.405211200000000105e+00 -5.404776960000000408e+00 -5.404344840000000261e+00 -5.403914839999999664e+00 -5.403486949999999567e+00 -5.403061150000000090e+00 -5.402637430000000407e+00 -5.402215789999999629e+00 -5.401796209999999654e+00 -5.401378689999999594e+00 -5.400963220000000398e+00 -5.400549780000000410e+00 -5.400138359999999693e+00 -5.399728969999999961e+00 -5.399321579999999621e+00 -5.398916200000000387e+00 -5.398512809999999718e+00 -5.398111400000000337e+00 -5.397711969999999582e+00 -5.397314510000000176e+00 -5.396919010000000405e+00 -5.396525470000000269e+00 -5.396133869999999888e+00 -5.395744220000000091e+00 -5.395356500000000111e+00 -5.394970700000000008e+00 -5.394586839999999661e+00 -5.394204880000000202e+00 -5.393824839999999732e+00 -5.393446700000000149e+00 -5.393070459999999677e+00 -5.392696120000000093e+00 -5.392323659999999741e+00 -5.391953090000000337e+00 -5.391584400000000166e+00 -5.391217580000000176e+00
-4.130958320000000406e+00 -4.130368210000000317e+00 -4.129780819999999686e+00 -4.129196160000000226e+00 -4.128614230000000163e+00 -4.128035009999999616e+00 -4.127458500000000363e+00 -4.126884699999999739e+00 -4.126313610000000409e+00 -4.125745229999999708e+00 -4.125179540000000422e+00 -4.124616549999999826e+00 -4.124056259999999696e+00 -4.123498650000000154e+00 -4.122943730000000251e+00 -4.122391480000000108e+00 -4.121841919999999604e+00 -4.121295019999999809e+00 -4.120750799999999714e+00 -4.120209230000000389e+00 -4.119670329999999936e+00 -4.119134070000000314e+00 -4.118600469999999625e+00 -4.118069499999999827e+00 -4.117541179999999912e+00 -4.117015480000000061e+00 -4.116492400000000274e+00 -4.115971949999999602e+00 -4.115454109999999943e+00 -4.114938869999999582e+00 -4.114426220000000356e+00 -4.113916170000000427e+00 -4.113408699999999918e+00 -4.112903809999999716e+00 -4.112401489999999882e+00 -4.111901719999999649e+00 -4.111404509999999846e+00 -4.110909829999999765e+00 -4.110417700000000174e+00 -4.109928080000000428e+00 -4.109440990000000404e+00 -4.108956400000000286e+00 -4.108474310000000074e+00 -4.107994699999999888e+00 -4.107517569999999729e+00 -4.107042909999999658e+00 -4.106570709999999735e+00 -4.106100950000000083e+00 -4.105633629999999812e+00 -4.105168739999999872e+00
-8.123524070000000208e+00 -8.122826399999999225e+00 -8.122132210000000185e+00 -8.121441479999999657e+00 -8.120754189999999539e+00 -8.120070309999999125e+00 -8.119389840000000191e+00 -8.118712739999999428e+00 -8.118039010000000388e+00 -8.117368609999999762e+00 -8.116701530000000275e+00 -8.116037759999999324e+00 -8.115377260000000703e+00 -8.114720039999999912e+00 -8.114066060000000746e+00 -8.113415310000000602e+00 -8.112767769999999601e+00 -8.112123419999999641e+00 -8.111482260000000721e+00 -8.110844260000000361e+00 -8.110209409999999508e+00 -8.109577690000000061e+00 -8.108949080000000365e+00 -8.108323580000000419e+00 -8.107701159999999518e+00 -8.107081819999999439e+00 -8.106465529999999475e+00 -8.105852289999999627e+00 -8.105242080000000016e+00 -8.104634889999999814e+00 -8.104030709999999971e+00 -8.103429520000000608e+00 -8.102831309999999121e+00 -8.102236080000000840e+00 -8.101643799999999729e+00 -8.101054469999999341e+00 -8.100468069999999798e+00 -8.099884599999999324e+00 -8.099304050000000643e+00 -8.098726400000000325e+00 -8.098151650000000146e+00 -8.097579789999999278e+00 -8.097010799999999620e+00 -8.096444679999999394e+00 -8.095881430000000378e+00 -8.095321020000000090e+00 -8.094763459999999355e+00 -8.094208739999999125e+00 -8.093656839999999519e+00 -8.093107760000000539e+00
-6.893668489999999593e+00 -6.892684489999999720e+00 -6.891705039999999727e+00 -6.890730129999999676e+00 -6.889759759999999567e+00 -6.888793930000000287e+00 -6.887832620000000183e+00 -6.886875830000000143e+00 -6.885923550000000226e+00 -6.884975780000000434e+00 -6.884032509999999938e+00 -6.883093739999999627e+00 -6.882159459999999562e+00 -6.881229659999999804e+00 -6.880304340000000352e+00 -6.879383490000000378e+00 -6.878467099999999945e+00 -6.877555160000000001e+00 -6.876647669999999657e+00 -6.875744629999999802e+00 -6.874846009999999730e+00 -6.873951810000000329e+00 -6.873062029999999822e+00 -6.872176660000000048e+00 -6.871295680000000239e+00 -6.870419079999999568e+00 -6.869546869999999750e+00 -6.868679020000000079e+00 -6.867815519999999729e+00 -6.866956369999999588e+00 -6.866101549999999776e+00 -6.865251050000000355e+00 -6.864404859999999609e+00 -6.863562970000000263e+00 -6.862725359999999775e+00 -6.861892019999999981e+00 -6.861062940000000054e+00 -6.860238100000000117e+00 -6.859417480000000289e+00 -6.858601089999999623e+00 -6.857788890000000137e+00 -6.856980870000000117e+00 -6.856177029999999561e+00 -6.855377329999999603e+00 -6.854581770000000240e+00 -6.853790339999999759e+00 -6.853003000000000178e+00 -6.852219749999999721e+00 -6.851440570000000285e+00 -6.850665430000000278e+00
-1.083519180000000048e+01 -1.083426110000000087e+01 -1.083333509999999933e+01 -1.083241379999999943e+01 -1.083149709999999999e+01 -1.083058499999999924e+01 -1.082967750000000073e+01 -1.082877449999999975e+01 -1.082787609999999923e+01 -1.082698210000000039e+01 -1.082609260000000084e+01 -1.082520760000000060e+01 -1.082432700000000025e+01 -1.082345070000000042e+01 -1.082257889999999989e+01 -1.082171130000000048e+01 -1.082084809999999919e+01 -1.081998920000000020e+01 -1.081913459999999993e+01 -1.081828420000000079e+01 -1.081743810000000039e+01 -1.081659619999999933e+01 -1.081575849999999939e+01 -1.081492489999999940e+01 -1.081409550000000053e+01 -1.081327019999999983e+01 -1.081244910000000026e+01 -1.081163199999999946e+01 -1.081081900000000040e+01 -1.081001009999999951e+01 -1.080920519999999918e+01 -1.080840429999999941e+01 -1.080760740000000020e+01 -1.080681459999999916e+01 -1.080602569999999929e+01 -1.080524070000000059e+01 -1.080445970000000067e+01 -1.080368269999999953e+01 -1.080290950000000016e+01 -1.080214029999999958e+01 -1.080137490000000078e+01 -1.080061339999999959e+01 -1.079985579999999956e+01 -1.079910199999999953e+01 -1.079835210000000068e+01 -1.079760600000000004e+01 -1.079686369999999940e+01 -1.079612509999999936e+01 -1.079539040000000050e+01 -1.079465949999999985e+01
-9.656106100000000581e+00 -9.654727120000000440e+00 -9.653354500000000726e+00 -9.651988230000000613e+00 -9.650628319999999150e+00 -9.649274739999999184e+00 -9.647927499999999768e+00 -9.646586579999999245e+00 -9.645251979999999392e+00 -9.643923680000000331e+00 -9.642601680000000286e+00 -9.641285959999999378e+00 -9.639976530000000210e+00 -9.638673369999999352e+00 -9.637376469999999529e+00 -9.636085810000000862e+00 -9.634801409999999677e+00 -9.633523229999999771e+00 -9.632251269999999366e+00 -9.630985530000000239e+00 -9.629725979999999907e+00 -9.628472620000000148e+00 -9.627225440000000134e+00 -9.625984419999999986e+00 -9.624749559999999704e+00 -9.623520830000000359e+00 -9.622298219999999347e+00 -9.621081730000000221e+00 -9.619871330000000498e+00 -9.618667009999999351e+00 -9.617468759999999506e+00 -9.616276559999999307e+00 -9.615090390000000653e+00 -9.613910230000000112e+00 -9.612736079999999461e+00 -9.611567900000000719e+00 -9.610405690000000334e+00 -9.609249419999999375e+00 -9.608099080000000569e+00 -9.606954639999999657e+00 -9.605816080000000312e+00 -9.604683389999999932e+00 -9.603556539999999586e+00 -9.602435509999999397e+00 -9.601320279999999485e+00 -9.600210829999999973e+00 -9.599107130000000154e+00 -9.598009160000000151e+00 -9.596916889999999256e+00 -9.595830310000000196e+00
-1.354616279999999939e+01 -1.354499840000000077e+01 -1.354383999999999943e+01 -1.354268749999999955e+01 -1.354154079999999993e+01 -1.354039990000000060e+01 -1.353926479999999977e+01 -1.353813549999999921e+01 -1.353701180000000015e+01 -1.353589389999999959e+01 -1.353478160000000052e+01 -1.353367489999999940e+01 -1.353257379999999976e+01 -1.353147820000000046e+01 -1.353038820000000086e+01 -1.352930369999999982e+01 -1.352822459999999971e+01 -1.352715099999999993e+01 -1.352608269999999990e+01 -1.352501990000000021e+01 -1.352396240000000027e+01 -1.352291020000000010e+01 -1.352186329999999970e+01 -1.352082170000000083e+01 -1.351978530000000056e+01 -1.351875420000000005e+01 -1.351772820000000053e+01 -1.351670739999999959e+01 -1.351569180000000081e+01 -1.351468129999999945e+01 -1.351367590000000085e+01 -1.351267550000000028e+01 -1.351168030000000009e+01 -1.351069000000000031e+01 -1.350970479999999974e+01 -1.350872449999999958e+01 -1.350774930000000040e+01 -1.350677899999999987e+01 -1.350581359999999975e+01 -1.350485310000000005e+01 -1.350389760000000017e+01 -1.350294689999999953e+01 -1.350200109999999931e+01 -1.350106010000000012e+01 -1.350012399999999957e+01 -1.349919270000000004e+01 -1.349826610000000038e+01 -1.349734439999999935e+01 -1.349642739999999996e+01 -1.349551519999999982e+01
-1.241839210000000016e+01 -1.241661670000000051e+01 -1.241484939999999959e+01 -1.241309030000000035e+01 -1.241133939999999924e+01 -1.240959660000000042e+01 -1.240786190000000033e+01 -1.240613530000000075e+01 -1.240441679999999991e+01 -1.240270650000000074e+01 -1.240100409999999975e+01 -1.239930990000000044e+01 -1.239762370000000047e+01 -1.239594559999999923e+01 -1.239427539999999972e+01 -1.239261330000000072e+01 -1.239095919999999929e+01 -1.238931320000000014e+01 -1.238767499999999977e+01 -1.238604489999999991e+01 -1.238442270000000001e+01 -1.238280840000000005e+01 -1.238120209999999943e+01 -1.237960370000000054e+01 -1.237801319999999983e+01 -1.237643049999999967e+01 -1.237485569999999946e+01 -1.237328879999999920e+01 -1.237172969999999950e+01 -1.237017840000000035e+01 -1.236863489999999999e+01 -1.236709910000000079e+01 -1.236557110000000037e+01 -1.236405090000000051e+01 -1.236253830000000065e+01 -1.236103349999999956e+01 -1.235953630000000025e+01 -1.235804669999999916e+01 -1.235656479999999924e+01 -1.235509039999999992e+01 -1.235362360000000059e+01 -1.235216439999999949e+01 -1.235071259999999960e+01 -1.234926839999999970e+01 -1.234783159999999924e+01 -1.234640229999999939e+01 -1.234498040000000074e+01 -1.234356580000000037e+01 -1.234215859999999942e+01 -1.234075870000000030e+01
-1.625643669999999830e+01 -1.625503739999999908e+01 -1.625364529999999874e+01 -1.625226040000000083e+01 -1.625088260000000062e+01 -1.624951180000000051e+01 -1.624814810000000165e+01 -1.624679130000000171e+01 -1.624544149999999831e+01 -1.624409860000000094e+01 -1.624276259999999894e+01 -1.624143339999999824e+01 -1.624011099999999885e+01 -1.623879529999999960e+01 -1.623748640000000165e+01 -1.623618409999999912e+01 -1.623488850000000028e+01 -1.623359939999999924e+01 -1.623231699999999833e+01 -1.623104100000000116e+01 -1.622977159999999941e+01 -1.622850869999999901e+01 -1.622725210000000118e+01 -1.622600200000000115e+01 -1.622475830000000130e+01 -1.622352090000000047e+01 -1.622228979999999865e+01 -1.622106489999999823e+01 -1.621984640000000155e+01 -1.621863400000000155e+01 -1.621742790000000056e+01 -1.621622789999999981e+01 -1.621503399999999928e+01 -1.621384619999999899e+01 -1.621266460000000009e+01 -1.621148900000000026e+01 -1.621031939999999949e+01 -1.620915580000000134e+01 -1.620799819999999869e+01 -1.620684659999999866e+01 -1.620570090000000008e+01 -1.620456109999999939e+01 -1.620342720000000014e+01 -1.620229919999999879e+01 -1.620117700000000127e+01 -1.620006070000000165e+01 -1.619895010000000113e+01 -1.619784539999999851e+01 -1.619674639999999854e+01 -1.619565310000000125e+01
-1.518033140000000003e+01 -1.517815769999999986e+01 -1.517599410000000049e+01 -1.517384039999999956e+01 -1.517169660000000064e+01 -1.516956270000000018e+01 -1.516743869999999994e+01 -1.516532459999999993e+01 -1.516322040000000015e+01 -1.516112610000000060e+01 -1.515904150000000072e+01 -1.515696690000000046e+01 -1.515490199999999987e+01 -1.515284690000000012e+01 -1.515080159999999942e+01 -1.514876609999999957e+01 -1.514674029999999938e+01 -1.514472430000000003e+01 -1.514271800000000034e+01 -1.514072140000000033e+01 -1.513873459999999938e+01 -1.513675740000000047e+01 -1.513478980000000007e+01 -1.513283189999999934e+01 -1.513088360000000065e+01 -1.512894499999999987e+01 -1.512701589999999996e+01 -1.512509640000000033e+01 -1.512318639999999981e+01 -1.512128599999999956e+01 -1.511939500000000081e+01 -1.511751360000000055e+01 -1.511564160000000001e+01 -1.511377899999999919e+01 -1.511192589999999925e+01 -1.511008209999999963e+01 -1.510824769999999972e+01 -1.510642260000000014e+01 -1.510460690000000028e+01 -1.510280039999999957e+01 -1.510100309999999979e+01 -1.509921510000000033e+01 -1.509743630000000003e+01 -1.509566659999999949e+01 -1.509390609999999988e+01 -1.509215460000000064e+01 -1.509041219999999939e+01 -1.508867889999999967e+01 -1.508695449999999916e+01 -1.508523910000000079e+01
-1.896595639999999960e+01 -1.896432039999999830e+01 -1.896269290000000041e+01 -1.896107389999999882e+01 -1.895946329999999946e+01 -1.895786100000000118e+01 -1.895626710000000159e+01 -1.895468139999999835e+01 -1.895310389999999856e+01 -1.895153459999999868e+01 -1.894997340000000108e+01 -1.894842029999999866e+01 -1.894687520000000092e+01 -1.894533810000000074e+01 -1.894380890000000051e+01 -1.894228770000000139e+01 -1.894077430000000106e+01 -1.893926869999999951e+01 -1.893777090000000030e+01 -1.893628079999999869e+01 -1.893479839999999825e+01 -1.893332369999999898e+01 -1.893185649999999853e+01 -1.893039699999999925e+01 -1.892894490000000118e+01 -1.892750039999999956e+01 -1.892606340000000031e+01 -1.892463370000000111e+01 -1.892321150000000074e+01 -1.892179660000000041e+01 -1.892038900000000012e+01 -1.891898869999999988e+01 -1.891759559999999851e+01 -1.891620980000000074e+01 -1.891483110000000067e+01 -1.891345959999999948e+01 -1.891209519999999955e+01 -1.891073790000000088e+01 -1.890938769999999991e+01 -1.890804449999999903e+01 -1.890670829999999825e+01 -1.890537910000000110e+01 -1.890405679999999933e+01 -1.890274150000000120e+01 -1.890143300000000082e+01 -1.890013139999999936e+01 -1.889883670000000038e+01 -1.889754879999999915e+01 -1.889626760000000161e+01 -1.889499319999999827e+01
-1.794190419999999975e+01 -1.793933039999999934e+01 -1.793676819999999950e+01 -1.793421790000000016e+01 -1.793167920000000137e+01 -1.792915220000000076e+01 -1.792663680000000070e+01 -1.792413309999999882e+01 -1.792164100000000104e+01 -1.791916060000000144e+01 -1.791669170000000122e+01 -1.791423440000000156e+01 -1.791178860000000128e+01 -1.790935440000000156e+01 -1.790693170000000123e+01 -1.790452050000000028e+01 -1.790212079999999872e+01 -1.789973260000000010e+01 -1.789735579999999970e+01 -1.789499049999999869e+01 -1.789263659999999945e+01 -1.789029400000000081e+01 -1.788796290000000155e+01 -1.788564309999999935e+01 -1.788333469999999892e+01 -1.788103750000000147e+01 -1.787875169999999869e+01 -1.787647709999999890e+01 -1.787421379999999971e+01 -1.787196180000000112e+01 -1.786972090000000080e+01 -1.786749119999999991e+01 -1.786527260000000084e+01 -1.786306520000000120e+01 -1.786086889999999983e+01 -1.785868370000000027e+01 -1.785650950000000137e+01 -1.785434629999999956e+01 -1.785219409999999840e+01 -1.785005290000000144e+01 -1.784792249999999925e+01 -1.784580310000000125e+01 -1.784369450000000157e+01 -1.784159680000000137e+01 -1.783950979999999831e+01 -1.783743360000000067e+01 -1.783536810000000017e+01 -1.783331330000000037e+01 -1.783126910000000009e+01 -1.782923549999999935e+01
-2.167469889999999921e+01 -2.167282409999999970e+01 -2.167095919999999865e+01 -2.166910400000000081e+01 -2.166725860000000026e+01 -2.166542280000000176e+01 -2.166359669999999937e+01 -2.166178019999999904e+01 -2.165997319999999959e+01 -2.165817559999999986e+01 -2.165638750000000101e+01 -2.165460870000000071e+01 -2.165283919999999895e+01 -2.165107899999999930e+01 -2.164932800000000057e+01 -2.164758619999999922e+01 -2.164585340000000002e+01 -2.164412980000000175e+01 -2.164241510000000090e+01 -2.164070939999999865e+01 -2.163901260000000093e+01 -2.163732470000000063e+01 -2.163564560000000014e+01 -2.163397519999999830e+01 -2.163231359999999981e+01 -2.163066069999999996e+01 -2.162901649999999876e+01 -2.162738080000000096e+01 -2.162575370000000063e+01 -2.162413510000000016e+01 -2.162252499999999955e+01 -2.162092330000000118e+01 -2.161933000000000149e+01 -2.161774510000000049e+01 -2.161616850000000056e+01 -2.161460010000000054e+01 -2.161304000000000158e+01 -2.161148809999999898e+01 -2.160994439999999983e+01 -2.160840879999999942e+01 -2.160688139999999891e+01 -2.160536189999999834e+01 -2.160385050000000007e+01 -2.160234720000000053e+01 -2.160085169999999977e+01 -2.159936420000000012e+01 -2.159788460000000043e+01 -2.159641290000000069e+01 -2.159494899999999973e+01 -2.159349290000000110e+01
-2.070297389999999993e+01 -2.069999759999999966e+01 -2.069703480000000084e+01 -2.069408549999999991e+01 -2.069114970000000042e+01 -2.068822730000000121e+01 -2.068531829999999871e+01 -2.068242270000000005e+01 -2.067954050000000166e+01 -2.067667159999999882e+01 -2.067381599999999864e+01 -2.067097370000000112e+01 -2.066814469999999915e+01 -2.066532899999999984e+01 -2.066252649999999846e+01 -2.065973729999999975e+01 -2.065696120000000136e+01 -2.065419830000000090e+01 -2.065144859999999838e+01 -2.064871199999999973e+01 -2.064598850000000141e+01 -2.064327809999999985e+01 -2.064058089999999979e+01 -2.063789660000000126e+01 -2.063522539999999950e+01 -2.063256720000000044e+01 -2.062992200000000054e+01 -2.062728969999999862e+01 -2.062467039999999940e+01 -2.062206400000000173e+01 -2.061947049999999848e+01 -2.061688979999999916e+01 -2.061432200000000137e+01 -2.061176700000000039e+01 -2.060922469999999862e+01 -2.060669520000000077e+01 -2.060417849999999973e+01 -2.060167429999999911e+01 -2.059918289999999885e+01 -2.059670399999999901e+01 -2.059423779999999837e+01 -2.059178410000000170e+01 -2.058934289999999834e+01 -2.058691419999999894e+01 -2.058449789999999879e+01 -2.058209400000000144e+01 -2.057970249999999979e+01 -2.057732329999999976e+01 -2.057495640000000137e+01 -2.057260169999999988e+01
-2.438292909999999836e+01 -2.438081310000000101e+01 -2.437870829999999955e+01 -2.437661470000000108e+01 -2.437453220000000087e+01 -2.437246070000000131e+01 -2.437040010000000123e+01 -2.436835049999999825e+01 -2.436631170000000068e+01 -2.436428370000000143e+01 -2.436226639999999932e+01 -2.436025980000000146e+01 -2.435826379999999958e+01 -2.435627840000000077e+01 -2.435430339999999916e+01 -2.435233889999999946e+01 -2.435038480000000050e+01 -2.434844100000000111e+01 -2.434650750000000130e+01 -2.434458419999999990e+01 -2.434267099999999928e+01 -2.434076800000000063e+01 -2.433887500000000159e+01 -2.433699199999999863e+01 -2.433511899999999883e+01 -2.433325590000000105e+01 -2.433140260000000055e+01 -2.432955919999999850e+01 -2.432772549999999967e+01 -2.432590150000000051e+01 -2.432408709999999985e+01 -2.432228239999999886e+01 -2.432048719999999875e+01 -2.431870160000000070e+01 -2.431692539999999880e+01 -2.431515860000000018e+01 -2.431340129999999888e+01 -2.431165319999999852e+01 -2.430991450000000142e+01 -2.430818509999999932e+01 -2.430646480000000054e+01 -2.430475369999999913e+01 -2.430305179999999865e+01 -2.430135900000000149e+01 -2.429967519999999936e+01 -2.429800039999999939e+01 -2.429633460000000156e+01 -2.429467779999999877e+01 -2.429302990000000051e+01 -2.429139079999999851e+01
-2.346348730000000060e+01 -2.346010619999999847e+01 -2.345674029999999988e+01 -2.345338969999999890e+01 -2.345005430000000146e+01 -2.344673410000000047e+01 -2.344342909999999947e+01 -2.344013920000000084e+01 -2.343686440000000104e+01 -2.343360470000000007e+01 -2.343036000000000030e+01 -2.342713030000000174e+01 -2.342391560000000084e+01 -2.342071590000000114e+01 -2.341753110000000149e+01 -2.341436119999999832e+01 -2.341120619999999874e+01 -2.340806609999999921e+01 -2.340494089999999971e+01 -2.340183040000000148e+01 -2.339873479999999972e+01 -2.339565389999999923e+01 -2.339258780000000115e+01 -2.338953640000000078e+01 -2.338649979999999928e+01 -2.338347780000000142e+01 -2.338047040000000010e+01 -2.337747770000000003e+01 -2.337449949999999887e+01 -2.337153599999999898e+01 -2.336858700000000155e+01 -2.336565249999999949e+01 -2.336273249999999990e+01 -2.335982690000000161e+01 -2.335693579999999869e+01 -2.335405899999999946e+01 -2.335119669999999914e+01 -2.334834860000000134e+01 -2.334551490000000129e+01 -2.334269540000000021e+01 -2.333989010000000164e+01 -2.333709909999999965e+01 -2.333432219999999901e+01 -2.333155939999999973e+01 -2.332881060000000062e+01 -2.332607589999999931e+01 -2.332335520000000173e+01 -2.332064850000000078e+01 -2.331795560000000123e+01 -2.331527669999999830e+01
-2.709011969999999891e+01 -2.708775920000000070e+01 -2.708541140000000169e+01 -2.708307609999999954e+01 -2.708075330000000136e+01 -2.707844289999999887e+01 -2.707614480000000157e+01 -2.707385899999999879e+01 -2.707158540000000002e+01 -2.706932390000000055e+01 -2.706707450000000037e+01 -2.706483709999999832e+01 -2.706261170000000149e+01 -2.706039810000000045e+01 -2.705819629999999876e+01 -2.705600629999999995e+01 -2.705382799999999932e+01 -2.705166129999999924e+01 -2.704950619999999972e+01 -2.704736259999999959e+01 -2.704523040000000123e+01 -2.704310960000000108e+01 -2.704100010000000154e+01 -2.703890189999999905e+01 -2.703681489999999954e+01 -2.703473899999999830e+01 -2.703267419999999888e+01 -2.703062050000000127e+01 -2.702857769999999960e+01 -2.702654589999999857e+01 -2.702452489999999941e+01 -2.702251479999999972e+01 -2.702051540000000074e+01 -2.701852669999999890e+01 -2.701654870000000130e+01 -2.701458129999999969e+01 -2.701262450000000115e+01 -2.701067820000000097e+01 -2.700874230000000153e+01 -2.700681679999999929e+01 -2.700490170000000134e+01 -2.700299689999999941e+01 -2.700110240000000061e+01 -2.699921810000000022e+01 -2.699734399999999823e+01 -2.699548010000000176e+01 -2.699362620000000135e+01 -2.699178230000000056e+01 -2.698994850000000056e+01 -2.698812459999999902e+01
-2.622371400000000108e+01 -2.621992570000000100e+01 -2.621615440000000063e+01 -2.621240020000000115e+01 -2.620866300000000138e+01 -2.620494259999999898e+01 -2.620123919999999984e+01 -2.619755269999999925e+01 -2.619388289999999841e+01 -2.619022989999999851e+01 -2.618659369999999953e+01 -2.618297420000000031e+01 -2.617937140000000085e+01 -2.617578519999999997e+01 -2.617221560000000125e+01 -2.616866260000000111e+01 -2.616512619999999956e+01 -2.616160629999999898e+01 -2.615810300000000055e+01 -2.615461600000000075e+01 -2.615114559999999955e+01 -2.614769150000000053e+01 -2.614425389999999894e+01 -2.614083259999999953e+01 -2.613742759999999876e+01 -2.613403900000000135e+01 -2.613066669999999903e+01 -2.612731060000000127e+01 -2.612397070000000099e+01 -2.612064700000000173e+01 -2.611733949999999993e+01 -2.611404819999999916e+01 -2.611077290000000062e+01 -2.610751369999999838e+01 -2.610427059999999955e+01 -2.610104349999999940e+01 -2.609783230000000032e+01 -2.609463709999999992e+01 -2.609145780000000059e+01 -2.608829439999999877e+01 -2.608514690000000158e+01 -2.608201509999999956e+01 -2.607889910000000100e+01 -2.607579880000000117e+01 -2.607271420000000006e+01 -2.606964520000000007e+01 -2.606659189999999882e+01 -2.606355410000000106e+01 -2.606053179999999969e+01 -2.605752490000000066e+01
-2.979616289999999879e+01 -2.979355430000000027e+01 -2.979095969999999838e+01 -2.978837899999999905e+01 -2.978581219999999874e+01 -2.978325919999999982e+01 -2.978071999999999875e+01 -2.977819440000000029e+01 -2.977568240000000088e+01 -2.977318389999999937e+01 -2.977069880000000168e+01 -2.976822710000000072e+01 -2.976576869999999886e+01 -2.976332359999999966e+01 -2.976089149999999961e+01 -2.975847260000000105e+01 -2.975606670000000165e+01 -2.975367380000000139e+01 -2.975129370000000151e+01 -2.974892639999999844e+01 -2.974657189999999929e+01 -2.974423009999999934e+01 -2.974190090000000097e+01 -2.973958419999999947e+01 -2.973727999999999838e+01 -2.973498830000000126e+01 -2.973270889999999866e+01 -2.973044180000000125e+01 -2.972818690000000075e+01 -2.972594420000000071e+01 -2.972371359999999996e+01 -2.972149509999999850e+01 -2.971928859999999872e+01 -2.971709399999999945e+01 -2.971491130000000069e+01 -2.971274040000000127e+01 -2.971058120000000002e+01 -2.970843380000000167e+01 -2.970629800000000031e+01 -2.970417379999999952e+01 -2.970206110000000166e+01 -2.969996000000000080e+01 -2.969787020000000055e+01 -2.969579189999999969e+01 -2.969372479999999825e+01 -2.969166909999999859e+01 -2.968962459999999837e+01 -2.968759119999999996e+01 -2.968556900000000098e+01 -2.968355790000000027e+01
-2.898317670000000135e+01 -2.897897850000000020e+01 -2.897479909999999848e+01 -2.897063860000000091e+01 -2.896649680000000160e+01 -2.896237370000000055e+01 -2.895826939999999894e+01 -2.895418360000000035e+01 -2.895011630000000125e+01 -2.894606759999999923e+01 -2.894203729999999908e+01 -2.893802540000000079e+01 -2.893403199999999842e+01 -2.893005679999999913e+01 -2.892609990000000053e+01 -2.892216129999999907e+01 -2.891824090000000069e+01 -2.891433869999999828e+01 -2.891045469999999895e+01 -2.890658870000000036e+01 -2.890274090000000129e+01 -2.889891099999999824e+01 -2.889509929999999827e+01 -2.889130540000000025e+01 -2.888752960000000058e+01 -2.888377170000000049e+01 -2.888003159999999880e+01 -2.887630950000000141e+01 -2.887260510000000124e+01 -2.886891860000000065e+01 -2.886524980000000085e+01 -2.886159879999999944e+01 -2.885796549999999883e+01 -2.885434980000000138e+01 -2.885075180000000117e+01 -2.884717129999999941e+01 -2.884360849999999843e+01 -2.884006319999999945e+01 -2.883653530000000131e+01 -2.883302490000000162e+01 -2.882953200000000038e+01 -2.882605639999999880e+01 -2.882259820000000161e+01 -2.881915730000000053e+01 -2.881573360000000150e+01 -2.881232719999999858e+01 -2.880893790000000010e+01 -2.880556580000000011e+01 -2.880221080000000100e+01 -2.879887280000000160e+01
