1.796604088640000100e+03 1.812554733019999958e+03 1.828502028559999872e+03 1.844446016840000084e+03 1.860386740760000066e+03 1.876324243219999971e+03 1.892258565800000042e+03 1.908189750080000067e+03 1.924117837640000062e+03 1.940042870060000041e+03 1.955964888259999952e+03 1.971883932499999901e+03 1.987800044359999902e+03 2.003713263308000023e+03 2.019623629603999916e+03 2.035531183046000024e+03 2.051435963075599830e+03 2.067338009042000067e+03 2.083237359937999827e+03 2.099134054531999936e+03 2.115028131500000200e+03 2.130919628659999944e+03 2.146808584160000009e+03 2.162695036279999840e+03 2.178579021319999811e+03 2.194460577559999820e+03 2.210339741960000083e+03 2.226216550820000066e+03 2.242091041099999984e+03 2.257963248439999916e+03 2.273833208479999939e+03 2.289700958179999816e+03 2.305566531859999941e+03 2.321429965819999779e+03 2.337291294380000181e+03 2.353150551860000178e+03 2.369007773899999847e+03 2.384862993499999902e+03 2.400716245640000125e+03 2.416567563980000159e+03 2.432416981520000263e+03 2.448264531920000081e+03 2.464110248840000168e+03 2.479954163960000187e+03 2.495796310279999943e+03 2.511636720800000148e+03 2.527475426540000171e+03 2.543312460500000270e+03 2.559147854360000110e+03 2.574981638480000129e+03
4.097149867999999060e+02 4.261223096000001078e+02 4.425220556000001579e+02 4.589142709999998715e+02 4.752990217999999913e+02 4.916763673999998900e+02 5.080463540000000648e+02 5.244090409999998883e+02 5.407644812000000911e+02 5.571127405999998246e+02 5.734538588000000345e+02 5.897878951999998662e+02 6.061149092000000564e+02 6.224349469999999656e+02 6.387480614000000969e+02 6.550543118000000504e+02 6.713537444000000960e+02 6.876464186000000609e+02 7.039323871999999938e+02 7.202116897999999310e+02 7.364843923999999333e+02 7.527505478000000494e+02 7.690101956000000882e+02 7.852633952000001045e+02 8.015101994000001469e+02 8.177506610000000364e+02 8.339848261999998158e+02 8.502127411999999822e+02 8.664344719999999143e+02 8.826500648000001092e+02 8.988595591999999215e+02 9.150630211999998664e+02 9.312604969999999867e+02 9.474520328000000973e+02 9.636376814000000195e+02 9.798174956000000293e+02 9.959915281999999479e+02 1.012159818800000039e+03 1.028322433400000136e+03 1.044479411600000049e+03 1.060630806200000052e+03 1.076776663399999961e+03 1.092917042600000059e+03 1.109051989999999932e+03 1.125181551799999852e+03 1.141305774200000087e+03 1.157424723200000017e+03 1.173538431800000126e+03 1.189646959400000014e+03 1.205750352200000179e+03
1.785841128080000090e+03 1.801781087060000118e+03 1.817717730200000005e+03 1.833651101720000042e+03 1.849581243200000017e+03 1.865508197540000083e+03 1.881432006320000028e+03 1.897352711120000095e+03 1.913270354839999982e+03 1.929184977079999953e+03 1.945096619420000025e+03 1.961005323439999984e+03 1.976911128080000026e+03 1.992814074656000003e+03 2.008714202701999966e+03 2.024611551883999937e+03 2.040506161801999951e+03 2.056398071395999978e+03 2.072287319737999951e+03 2.088173945305999951e+03 2.104057986511999843e+03 2.119939481240000077e+03 2.135818468099999791e+03 2.151694983920000141e+03 2.167569065659999978e+03 2.183440751600000112e+03 2.199310077380000166e+03 2.215177079959999901e+03 2.231041796299999987e+03 2.246904261380000207e+03 2.262764510840000185e+03 2.278622580979999839e+03 2.294478506779999861e+03 2.310332323220000035e+03 2.326184064619999845e+03 2.342033765959999982e+03 2.357881461559999934e+03 2.373727185740000095e+03 2.389570970839999973e+03 2.405412851839999803e+03 2.421252861080000002e+03 2.437091032219999761e+03 2.452927397599999949e+03 2.468761990219999916e+03 2.484594841760000236e+03 2.500425985219999802e+03 2.516255451619999803e+03 2.532083273299999746e+03 2.547909480620000068e+03 2.563734106580000116e+03
3.990866372000000410e+02 4.154825882000000092e+02 4.318709624000000531e+02 4.482518191999999999e+02 4.646252113999998983e+02 4.809911983999998029e+02 4.973498329999999896e+02 5.137011680000000524e+02 5.300452628000000459e+02 5.463821701999997913e+02 5.627119430000000193e+02 5.790346406000001025e+02 5.953503092000000834e+02 6.116590016000000105e+02 6.279607771999999386e+02 6.442556821999999102e+02 6.605437759999999798e+02 6.768251113999999689e+02 6.930997345999999197e+02 7.093677049999998871e+02 7.256290688000001410e+02 7.418838853999998264e+02 7.581322010000001228e+02 7.743740683999999419e+02 7.906095404000000144e+02 8.068386697999999342e+02 8.230615093999999772e+02 8.392781119999999646e+02 8.554885303999999451e+02 8.716928042000001824e+02 8.878909994000000552e+02 9.040831621999998333e+02 9.202693388000000141e+02 9.364495885999999700e+02 9.526239643999999771e+02 9.687925058000000718e+02 9.849552788000000874e+02 1.001112323000000060e+03 1.017263691200000039e+03 1.033409436200000073e+03 1.049549617399999988e+03 1.065684267800000043e+03 1.081813453400000071e+03 1.097937220400000115e+03 1.114055614999999989e+03 1.130168689999999970e+03 1.146276504800000112e+03 1.162379092399999990e+03 1.178476518800000122e+03 1.194568830199999866e+03
1.776005852300000015e+03 1.791936156799999935e+03 1.807863179779999882e+03 1.823786964800000078e+03 1.839707554099999925e+03 1.855624989919999962e+03 1.871539313839999977e+03 1.887450568759999896e+03 1.903358794279999984e+03 1.919264033299999937e+03 1.935166326080000090e+03 1.951065712880000092e+03 1.966962234619999890e+03 1.982855931428000076e+03 1.998746842508000100e+03 2.014635007657999950e+03 2.030520466213999953e+03 2.046403257089599947e+03 2.062283418974000142e+03 2.078160990398000195e+03 2.094036009404000197e+03 2.109908513876000143e+03 2.125778541499999847e+03 2.141646129499999915e+03 2.157511315100000047e+03 2.173374135260000003e+03 2.189234626280000157e+03 2.205092823800000133e+03 2.220948765439999988e+03 2.236802484859999822e+03 2.252654019680000147e+03 2.268503403560000152e+03 2.284350672139999915e+03 2.300195859739999833e+03 2.316039001340000141e+03 2.331880130600000030e+03 2.347719281180000053e+03 2.363556488059999992e+03 2.379391783580000265e+03 2.395225200740000219e+03 2.411056773860000249e+03 2.426886533960000179e+03 2.442714514700000109e+03 2.458540747760000158e+03 2.474365265479999834e+03 2.490188099540000167e+03 2.506009281619999911e+03 2.521828842079999959e+03 2.537646813259999817e+03 2.553463225519999924e+03
3.895119907999999214e+02 4.058975995999999213e+02 4.222756448000000091e+02 4.386461725999999999e+02 4.550092423999999482e+02 4.713649070000001302e+02 4.877132192000001396e+02 5.040542384000000311e+02 5.203880173999998533e+02 5.367146090000001095e+02 5.530340660000001662e+02 5.693464477999998508e+02 5.856518005999998877e+02 6.019501837999998770e+02 6.182416502000000946e+02 6.345262459999999010e+02 6.508040306000000328e+02 6.670750568000000840e+02 6.833393773999998757e+02 6.995970385999999053e+02 7.158481064000000060e+02 7.320926203999999871e+02 7.483306465999999091e+02 7.645622180000000299e+02 7.807874071999999614e+02 7.970062537999999677e+02 8.132188171999998758e+02 8.294251501999999618e+02 8.456252990000000409e+02 8.618193163999999342e+02 8.780072552000001451e+02 8.941891748000000462e+02 9.103651147999999012e+02 9.265351411999999982e+02 9.426992935999999190e+02 9.588576313999999456e+02 9.750102008000001206e+02 9.911570612000000438e+02 1.007298252199999979e+03 1.023433839799999987e+03 1.039563870200000110e+03 1.055688389599999937e+03 1.071807450799999970e+03 1.087921106600000030e+03 1.104029416400000173e+03 1.120132419799999980e+03 1.136230169599999954e+03 1.152322725200000150e+03 1.168410126199999922e+03 1.184492432000000008e+03
1.767188498479999907e+03 1.783110219680000000e+03 1.799028691700000081e+03 1.814943956780000008e+03 1.830856057819999933e+03 1.846765036400000099e+03 1.862670935419999978e+03 1.878573795799999971e+03 1.894473659120000093e+03 1.910370566300000064e+03 1.926264557599999989e+03 1.942155673940000042e+03 1.958043956239999943e+03 1.973929443439999886e+03 1.989812175139999908e+03 2.005692191203999982e+03 2.021569530373999896e+03 2.037444231524000088e+03 2.053316333145200133e+03 2.069185873412000092e+03 2.085052890181999828e+03 2.100917421193999871e+03 2.116779503539999951e+03 2.132639174840000123e+03 2.148496471460000066e+03 2.164351430359999995e+03 2.180204087179999988e+03 2.196054478219999964e+03 2.211902639779999845e+03 2.227748606180000024e+03 2.243592413060000126e+03 2.259434096060000229e+03 2.275273688839999977e+03 2.291111225720000220e+03 2.306946741679999832e+03 2.322780270379999820e+03 2.338611844819999988e+03 2.354441498659999979e+03 2.370269265559999894e+03 2.386095177860000149e+03 2.401919267899999795e+03 2.417741568680000000e+03 2.433562112539999816e+03 2.449380930499999977e+03 2.465198054240000147e+03 2.481013516099999833e+03 2.496827347100000225e+03 2.512639577599999939e+03 2.528450238620000164e+03 2.544259361180000269e+03
3.810121940000001359e+02 3.973885099999999966e+02 4.137572623999999450e+02 4.301185106000000360e+02 4.464722941999998511e+02 4.628186857999999120e+02 4.791577250000000276e+02 4.954894778000000315e+02 5.118139903999999660e+02 5.281313221999998859e+02 5.444415194000000611e+02 5.607446479999998701e+02 5.770407542000000376e+02 5.933298842000001514e+02 6.096121106000000509e+02 6.258874663999999939e+02 6.421560176000000411e+02 6.584178170000000136e+02 6.746729108000001816e+02 6.909213584000001447e+02 7.071632060000001729e+02 7.233985129999998662e+02 7.396273322000001826e+02 7.558497164000000339e+02 7.720657117999999173e+02 7.882753778000001148e+02 8.044787671999999930e+02 8.206759327999998277e+02 8.368669207999998889e+02 8.530517906000000039e+02 8.692305949999999939e+02 8.854033801999999014e+02 9.015702056000000084e+02 9.177311173999999028e+02 9.338861750000000939e+02 9.500354311999999481e+02 9.661789255999999568e+02 9.823167241999999533e+02 9.984488797999999861e+02 1.014575432000000092e+03 1.030696440199999870e+03 1.046811957200000052e+03 1.062922035800000003e+03 1.079026722199999995e+03 1.095126069200000074e+03 1.111220136200000070e+03 1.127308969400000024e+03 1.143392621599999984e+03 1.159471138999999994e+03 1.175544581000000107e+03
1.759398014899999907e+03 1.775312216719999924e+03 1.791223197739999932e+03 1.807131000860000086e+03 1.823035668320000013e+03 1.838937243020000096e+03 1.854835765219999985e+03 1.870731277820000059e+03 1.886623821079999971e+03 1.902513436579999961e+03 1.918400163920000068e+03 1.934284044680000079e+03 1.950165117799999962e+03 1.966043422879999980e+03 1.981919000840000081e+03 1.997791889167999898e+03 2.013662127463999923e+03 2.029529754140000023e+03 2.045394807416600088e+03 2.061257325290000153e+03 2.077117345334000220e+03 2.092974905095999929e+03 2.108830041535999953e+03 2.124682791679999809e+03 2.140533191299999999e+03 2.156381277620000219e+03 2.172227086280000094e+03 2.188070652920000157e+03 2.203912013180000031e+03 2.219751201380000111e+03 2.235588253160000022e+03 2.251423202840000158e+03 2.267256085399999847e+03 2.283086933839999801e+03 2.298915782479999962e+03 2.314742664979999972e+03 2.330567614999999932e+03 2.346390664880000259e+03 2.362211846960000003e+03 2.378031195560000015e+03 2.393848741039999823e+03 2.409664517059999980e+03 2.425478553980000015e+03 2.441290884139999889e+03 2.457101539220000177e+03 2.472910549579999952e+03 2.488717946899999788e+03 2.504523760879999827e+03 2.520328023199999734e+03 2.536130762899999809e+03
3.735469669999999951e+02 3.899151320000000851e+02 4.062757333999998082e+02 4.226288239999998950e+02 4.389744697999999516e+02 4.553127104000000145e+02 4.716436118000001443e+02 4.879672267999999349e+02 5.042836016000001109e+02 5.205928022000000510e+02 5.368948682000000190e+02 5.531898656000000756e+02 5.694778472000000420e+02 5.857588592000001881e+02 6.020329676000001200e+02 6.183002120000001014e+02 6.345606517999999596e+02 6.508143397999999706e+02 6.670613353999999617e+02 6.833016781999999694e+02 6.995354407999998330e+02 7.157626628000000437e+02 7.319833969999999681e+02 7.481977028000001155e+02 7.644056329999998525e+02 7.806072404000001370e+02 7.968025778000001083e+02 8.129916914000000361e+02 8.291746471999999812e+02 8.453514847999999802e+02 8.615222701999998662e+02 8.776870495999999093e+02 8.938458758000001581e+02 9.099988015999999789e+02 9.261458798000001025e+02 9.422871697999999014e+02 9.584227178000001004e+02 9.745525700000000597e+02 9.906767989999998463e+02 1.006795437799999945e+03 1.022908545799999956e+03 1.039016175799999928e+03 1.055118387200000143e+03 1.071215219599999955e+03 1.087306732399999873e+03 1.103392978399999947e+03 1.119474003799999991e+03 1.135549868000000060e+03 1.151620617199999970e+03 1.167686304199999995e+03
1.752642573020000100e+03 1.768550306180000007e+03 1.784454843620000020e+03 1.800356229559999974e+03 1.816254505580000114e+03 1.832149713259999999e+03 1.848041894179999872e+03 1.863931090580000046e+03 1.879817342060000101e+03 1.895700690860000122e+03 1.911581175920000078e+03 1.927458838819999983e+03 1.943333717839999963e+03 1.959205853899999966e+03 1.975075284620000048e+03 1.990942050721999976e+03 2.006806189495999888e+03 2.022667739684000026e+03 2.038526739301999896e+03 2.054383225890800077e+03 2.070237236978000055e+03 2.086088809681999919e+03 2.101937980778000110e+03 2.117784787160000178e+03 2.133629263939999873e+03 2.149471448539999983e+03 2.165311375939999834e+03 2.181149081779999960e+03 2.196984600379999847e+03 2.212817968039999869e+03 2.228649217759999829e+03 2.244478384519999963e+03 2.260305503300000055e+03 2.276130606440000065e+03 2.291953727600000093e+03 2.307774901100000079e+03 2.323594158620000144e+03 2.339411533819999931e+03 2.355227058380000017e+03 2.371040765300000203e+03 2.386852686919999996e+03 2.402662853599999835e+03 2.418471297680000134e+03 2.434278050179999809e+03 2.450083142120000048e+03 2.465886605180000060e+03 2.481688468400000147e+03 2.497488763459999973e+03 2.513287520060000134e+03 2.529084767240000019e+03
3.671225930000000517e+02 3.834837488000000576e+02 3.998373475999999300e+02 4.161834355999999389e+02 4.325220788000001448e+02 4.488533299999999144e+02 4.651772353999999723e+02 4.814938544000001457e+02 4.978032398000000285e+02 5.141054444000001240e+02 5.304005342000000383e+02 5.466885422000000290e+02 5.629695409999999356e+02 5.792435768000000280e+02 5.955107024000001275e+02 6.117709771999998338e+02 6.280244540000001052e+02 6.442711790000000747e+02 6.605112116000000242e+02 6.767446046000000024e+02 6.929714108000000579e+02 7.091916896000000179e+02 7.254054872000001524e+02 7.416128564000000551e+02 7.578138632000000143e+02 7.740085472000000664e+02 7.901969678000000386e+02 8.063791843999999855e+02 8.225552366000001712e+02 8.387251904000002014e+02 8.548890986000001249e+02 8.710470073999999840e+02 8.871989696000000549e+02 9.033450512000001709e+02 9.194852918000001409e+02 9.356197508000000198e+02 9.517484809999998561e+02 9.678715352000001531e+02 9.839889662000000499e+02 1.000100826800000050e+03 1.016207176399999980e+03 1.032308054600000105e+03 1.048403527399999803e+03 1.064493641000000025e+03 1.080578441600000133e+03 1.096657995199999959e+03 1.112732348000000002e+03 1.128801546200000075e+03 1.144865655800000013e+03 1.160924716400000079e+03
1.746928573520000100e+03 1.762830870259999983e+03 1.778729994379999880e+03 1.794625988119999874e+03 1.810518894379999892e+03 1.826408754739999949e+03 1.842295610119999992e+03 1.858179501439999967e+03 1.874060470939999959e+03 1.889938557559999936e+03 1.905813802220000071e+03 1.921686245180000014e+03 1.937555925379999962e+03 1.953422883080000020e+03 1.969287155900000016e+03 1.985148783242000036e+03 2.001007803517999946e+03 2.016864254677999952e+03 2.032718174474000079e+03 2.048569600458019977e+03 2.064418569727999966e+03 2.080265119105999929e+03 2.096109285223999905e+03 2.111951104316000055e+03 2.127790612220000185e+03 2.143627844839999852e+03 2.159462838079999983e+03 2.175295626260000063e+03 2.191126243700000032e+03 2.206954726699999810e+03 2.222781108260000110e+03 2.238605422699999963e+03 2.254427703679999922e+03 2.270247984860000088e+03 2.286066299900000104e+03 2.301882680480000090e+03 2.317697160260000146e+03 2.333509772240000075e+03 2.349320546779999859e+03 2.365129517540000052e+03 2.380936714880000181e+03 2.396742171800000051e+03 2.412545917999999801e+03 2.428347985160000007e+03 2.444148404300000038e+03 2.459947205120000035e+03 2.475744418639999822e+03 2.491540075219999835e+03 2.507334203240000079e+03 2.523126833719999922e+03
3.617460679999999229e+02 3.781013761999997769e+02 3.944491339999999582e+02 4.107893810000000485e+02 4.271221832000001086e+02 4.434475933999999597e+02 4.597656577999998717e+02 4.760764424000001327e+02 4.923799933999998757e+02 5.086763702000000649e+02 5.249656256000000667e+02 5.412478123999999298e+02 5.575229834000001574e+02 5.737911914000001161e+02 5.900525024000000940e+02 6.063069559999999001e+02 6.225546116000000438e+02 6.387955285999998978e+02 6.550297598000001926e+02 6.712573514000000614e+02 6.874783627999997861e+02 7.036928467999998702e+02 7.199008562000001348e+02 7.361024504000001798e+02 7.522976756000000478e+02 7.684865912000000208e+02 7.846692566000001534e+02 8.008457114000000274e+02 8.170160215999999309e+02 8.331802400000001398e+02 8.493384128000000146e+02 8.654905994000000646e+02 8.816368526000001111e+02 8.977772251999999753e+02 9.139117765999999392e+02 9.300405530000000454e+02 9.461636071999998876e+02 9.622809985999999753e+02 9.783927799999999024e+02 9.944990041999999448e+02 1.010599724000000151e+03 1.026694992199999888e+03 1.042784854999999880e+03 1.058869378399999960e+03 1.074948608599999943e+03 1.091022598399999879e+03 1.107091407200000049e+03 1.123155074600000034e+03 1.139213659999999891e+03 1.155267216199999893e+03
1.742262368239999887e+03 1.758160245619999841e+03 1.774054968859999917e+03 1.789946580199999971e+03 1.805835122539999929e+03 1.821720636799999966e+03 1.837603163900000027e+03 1.853482746079999970e+03 1.869359422279999990e+03 1.885233234739999943e+03 1.901104221739999957e+03 1.916972424199999978e+03 1.932837881720000041e+03 1.948700631919999978e+03 1.964560715059999893e+03 1.980418168760000071e+03 1.996273031960000026e+03 2.012125341685999956e+03 2.027975135888000068e+03 2.043822451671200042e+03 2.059667326021999997e+03 2.075509795609999856e+03 2.091349896788000024e+03 2.107187665460000062e+03 2.123023137199999837e+03 2.138856348440000147e+03 2.154687332840000181e+03 2.170516126699999859e+03 2.186342763680000189e+03 2.202167278100000203e+03 2.217989704940000138e+03 2.233810077199999796e+03 2.249628427879999890e+03 2.265444791299999906e+03 2.281259199799999806e+03 2.297071686379999846e+03 2.312882282720000148e+03 2.328691022479999901e+03 2.344497936019999997e+03 2.360303055679999943e+03 2.376106413139999859e+03 2.391908039420000023e+03 2.407707965540000259e+03 2.423506221860000096e+03 2.439302839400000266e+03 2.455097847860000002e+03 2.470891277599999739e+03 2.486683158979999916e+03 2.502473521039999923e+03 2.518262392820000059e+03
3.574232461999999941e+02 3.737738816000000952e+02 3.901169666000000689e+02 4.064525408000001789e+02 4.227806701999998040e+02 4.391014076000001296e+02 4.554148058000000674e+02 4.717209241999998994e+02 4.880198090000001230e+02 5.043115195999998832e+02 5.205961087999999108e+02 5.368736294000000271e+02 5.531441473999998379e+02 5.694077023999998346e+02 5.856643538000000717e+02 6.019141543999999158e+02 6.181571635999998762e+02 6.343934342000000015e+02 6.506230189999998856e+02 6.668459774000000380e+02 6.830623490000000402e+02 6.992722063999999591e+02 7.154755958000000646e+02 7.316725633999999445e+02 7.478631818000001203e+02 7.640474906000001738e+02 7.802255492000001595e+02 7.963974104000001262e+02 8.125631270000001223e+02 8.287227583999999752e+02 8.448763573999999608e+02 8.610239767999999003e+02 8.771656694000000698e+02 8.933014879999998357e+02 9.094314919999999347e+02 9.255557342000001881e+02 9.416742673999999624e+02 9.577871377999999822e+02 9.738944113999998535e+02 9.899961409999998523e+02 1.006092372800000021e+03 1.022183159599999954e+03 1.038268560799999932e+03 1.054348629200000005e+03 1.070423417599999993e+03 1.086492978799999946e+03 1.102557358999999906e+03 1.118616624199999933e+03 1.134670814000000064e+03 1.150719987800000126e+03
1.738647880880000002e+03 1.754542336160000104e+03 1.770433651820000023e+03 1.786321870759999911e+03 1.802207034560000011e+03 1.818089184800000112e+03 1.833968361740000091e+03 1.849844607620000033e+03 1.865717962700000044e+03 1.881588466579999931e+03 1.897456159520000028e+03 1.913321081119999917e+03 1.929183270320000020e+03 1.945042766060000076e+03 1.960899607280000055e+03 1.976753832260000081e+03 1.992605478751999954e+03 2.008454584507999925e+03 2.024301186950000101e+03 2.040145323038000015e+03 2.055987029599999914e+03 2.071826343002000158e+03 2.087663299412000015e+03 2.103497934601999987e+03 2.119330284080000183e+03 2.135160383420000016e+03 2.150988267140000062e+03 2.166813970879999943e+03 2.182637527639999917e+03 2.198458971739999924e+03 2.214278338160000203e+03 2.230095659239999804e+03 2.245910969300000033e+03 2.261724300020000101e+03 2.277535685719999947e+03 2.293345157419999850e+03 2.309152748779999911e+03 2.324958490160000110e+03 2.340762414560000252e+03 2.356564553660000001e+03 2.372364937159999954e+03 2.388163597400000072e+03 2.403960564739999882e+03 2.419755869540000276e+03 2.435549542159999874e+03 2.451341612300000179e+03 2.467132110980000107e+03 2.482921066580000115e+03 2.498708509460000187e+03 2.514494468660000166e+03
3.541592426000001979e+02 3.705063866000000417e+02 3.868459735999999793e+02 4.031780564000000595e+02 4.195026944000001095e+02 4.358199338000001717e+02 4.521298405999998522e+02 4.684324610000001030e+02 4.847278544000000693e+02 5.010160801999998057e+02 5.172971780000000308e+02 5.335712204000001293e+02 5.498382470000001376e+02 5.660983171999998831e+02 5.823514904000001025e+02 5.985978128000001561e+02 6.148373437999998714e+02 6.310701427999999851e+02 6.472962559999998575e+02 6.635157427999999982e+02 6.797286560000000009e+02 6.959350484000001416e+02 7.121349794000000202e+02 7.283285017999999127e+02 7.445156617999998616e+02 7.606965254000001551e+02 7.768711453999999321e+02 7.930395745999999235e+02 8.092018657999999505e+02 8.253580717999998342e+02 8.415082520000000841e+02 8.576524592000000666e+02 8.737907396000000517e+02 8.899231658000001062e+02 9.060497774000000391e+02 9.221706271999998989e+02 9.382857812000002014e+02 9.543952855999998519e+02 9.704991932000000361e+02 9.865975634000001264e+02 1.002690448999999944e+03 1.018777896199999986e+03 1.034859964400000081e+03 1.050936713000000054e+03 1.067008181600000171e+03 1.083074436200000036e+03 1.099135522999999921e+03 1.115191501400000107e+03 1.131242417599999953e+03 1.147288324399999965e+03
1.736087927000000036e+03 1.751979940279999937e+03 1.767868825159999915e+03 1.783754623880000054e+03 1.799637378019999915e+03 1.815517128499999899e+03 1.831393916900000022e+03 1.847267784140000003e+03 1.863138769820000107e+03 1.879006914860000052e+03 1.894872258859999874e+03 1.910734840759999997e+03 1.926594700820000071e+03 1.942451876000000084e+03 1.958306406559999914e+03 1.974158329460000004e+03 1.990007683375999932e+03 2.005854505333999896e+03 2.021698832690000017e+03 2.037540702338000074e+03 2.053380150954199962e+03 2.069217214765999870e+03 2.085051929749999999e+03 2.100884331566000128e+03 2.116714455920000091e+03 2.132542336999999861e+03 2.148368011040000056e+03 2.164191511040000023e+03 2.180012872639999841e+03 2.195832128840000223e+03 2.211649313299999903e+03 2.227464459679999891e+03 2.243277601639999830e+03 2.259088771520000137e+03 2.274898001659999863e+03 2.290705324399999881e+03 2.306510772080000152e+03 2.322314377040000181e+03 2.338116169639999953e+03 2.353916182219999882e+03 2.369714445139999953e+03 2.385510990079999829e+03 2.401305846740000106e+03 2.417099046140000155e+03 2.432890617980000115e+03 2.448680592619999970e+03 2.464468999759999861e+03 2.480255868440000086e+03 2.496041227700000036e+03 2.511825107900000148e+03
3.519583207999999104e+02 3.683031482000001233e+02 3.846404251999999815e+02 4.009701979999999821e+02 4.172925193999999465e+02 4.336074488000001566e+02 4.499150455999999849e+02 4.662153559999999288e+02 4.825084460000000490e+02 4.987943551999999272e+02 5.150731496000000789e+02 5.313448820000000978e+02 5.476095986000000266e+02 5.638673719999999321e+02 5.801182352000000719e+02 5.963622607999998309e+02 6.125994949999999335e+02 6.288299905999999737e+02 6.450538070000000062e+02 6.612709969999998521e+02 6.774816200000000208e+02 6.936857222000001002e+02 7.098833696000001510e+02 7.260746017999999822e+02 7.422594847999998819e+02 7.584380714000001262e+02 7.746104144000000815e+02 7.907765666000000238e+02 8.069365874000000076e+02 8.230905295999998543e+02 8.392384460000000672e+02 8.553803960000000188e+02 8.715164323999999851e+02 8.876466014000000087e+02 9.037709690000001501e+02 9.198895880000000034e+02 9.360025046000000657e+02 9.521097782000001644e+02 9.682114615999998932e+02 9.843076141999999891e+02 1.000398282200000040e+03 1.016483524999999872e+03 1.032563388799999984e+03 1.048637939599999982e+03 1.064707223599999907e+03 1.080771293600000035e+03 1.096830202399999962e+03 1.112884002799999962e+03 1.128932754200000090e+03 1.144976502799999935e+03
1.734585414559999890e+03 1.750475955379999959e+03 1.766363373740000043e+03 1.782247713199999907e+03 1.798129013360000044e+03 1.814007317119999925e+03 1.829882664740000109e+03 1.845755097140000089e+03 1.861624654579999969e+03 1.877491376660000014e+03 1.893355304299999943e+03 1.909216475780000110e+03 1.925074930700000095e+03 1.940930707340000026e+03 1.956783843980000029e+03 1.972634378900000002e+03 1.988482350578000023e+03 2.004327795577999950e+03 2.020170751321999887e+03 2.036011254506000114e+03 2.051849341806199845e+03 2.067685049317999983e+03 2.083518412951999835e+03 2.099349468301999877e+03 2.115178250479999861e+03 2.131004795060000106e+03 2.146829136559999824e+03 2.162651308640000025e+03 2.178471346280000034e+03 2.194289283139999952e+03 2.210105152220000036e+03 2.225918987840000227e+03 2.241730822340000032e+03 2.257540688720000162e+03 2.273348619320000125e+03 2.289154646479999883e+03 2.304958801880000010e+03 2.320761117860000013e+03 2.336561625440000171e+03 2.352360355639999852e+03 2.368157340140000088e+03 2.383952609299999949e+03 2.399746193479999874e+03 2.415538123039999846e+03 2.431328427680000004e+03 2.447117138420000174e+03 2.462904283639999903e+03 2.478689893040000243e+03 2.494473996319999969e+03 2.510256622519999837e+03
3.508234112000000096e+02 3.671671166000000994e+02 3.835032650000000558e+02 3.998319091999999273e+02 4.161531152000000020e+02 4.324669226000000890e+02 4.487733908000000156e+02 4.650725791999998364e+02 4.813645406000000548e+02 4.976493344000000434e+02 5.139270002000000659e+02 5.301976105999999618e+02 5.464612118000000009e+02 5.627178566000000046e+02 5.789676044000000275e+02 5.952105013999998846e+02 6.114466202000000976e+02 6.276759938000000147e+02 6.438986948000001576e+02 6.601147693999998864e+02 6.763242703999999321e+02 6.925272638000001280e+02 7.087237891999998283e+02 7.249139126000000033e+02 7.410976802000000134e+02 7.572751580000001468e+02 7.734463921999999911e+02 7.896114356000000498e+02 8.057703542000001562e+02 8.219231942000001254e+02 8.380700084000000061e+02 8.542108562000000802e+02 8.703457903999999417e+02 8.864748704000000998e+02 9.025981424000001425e+02 9.187156658000001244e+02 9.348274934000000940e+02 9.509336780000000999e+02 9.670342789999999695e+02 9.831293491999999787e+02 9.992189413999999488e+02 1.015303101800000150e+03 1.031381896399999960e+03 1.047455378000000110e+03 1.063523592799999960e+03 1.079586593600000015e+03 1.095644439799999873e+03 1.111697184200000038e+03 1.127744879599999877e+03 1.143787578800000119e+03
1.734139889479999965e+03 1.750029916819999926e+03 1.765916824339999948e+03 1.781800654279999890e+03 1.797681447559999924e+03 1.813559247079999977e+03 1.829434092440000086e+03 1.845306025220000038e+03 1.861175085020000097e+03 1.877041312099999914e+03 1.892904746720000048e+03 1.908765427159999945e+03 1.924623392360000025e+03 1.940478682579999941e+03 1.956331334779999906e+03 1.972181387240000049e+03 1.988028877777999924e+03 2.003873844014000042e+03 2.019716322907999938e+03 2.035556351222000103e+03 2.051393965401200148e+03 2.067229201705999913e+03 2.083062095881999994e+03 2.098892683621999822e+03 2.114720999839999877e+03 2.130547080440000173e+03 2.146370958620000238e+03 2.162192670020000151e+03 2.178012248300000010e+03 2.193829727780000212e+03 2.209645140799999808e+03 2.225458521680000104e+03 2.241269902760000150e+03 2.257079317040000205e+03 2.272886797520000073e+03 2.288692375220000031e+03 2.304496083139999882e+03 2.320297952960000202e+03 2.336098015040000064e+03 2.351896301719999883e+03 2.367692842700000256e+03 2.383487670319999779e+03 2.399280813620000117e+03 2.415072304280000026e+03 2.430862170679999963e+03 2.446650443840000207e+03 2.462437152800000149e+03 2.478222326600000088e+03 2.494005995600000006e+03 2.509788187520000065e+03
3.507567050000000108e+02 3.671004763999999341e+02 3.834366907999999512e+02 3.997654076000001169e+02 4.160866664000000128e+02 4.324005397999999332e+02 4.487070805999999266e+02 4.650063350000000355e+02 4.812983558000000812e+02 4.975832090000001244e+02 5.138609473999999864e+02 5.301316171999999369e+02 5.463952844000000368e+02 5.626519885999998678e+02 5.789018023999999514e+02 5.951447654000000966e+02 6.113809435999999096e+02 6.276103897999998935e+02 6.438331501999998636e+02 6.600492842000001019e+02 6.762588512000002083e+02 6.924619040000000041e+02 7.086584953999999925e+02 7.248486781999999948e+02 7.410325118000000657e+02 7.572100490000000264e+02 7.733813492000001588e+02 7.895464586000000509e+02 8.057054299999999785e+02 8.218583294000000024e+02 8.380052095999999437e+02 8.541461168000000725e+02 8.702811169999999947e+02 8.864102498000002015e+02 9.025335811999998441e+02 9.186511639999998806e+02 9.347630509999999049e+02 9.508693015999999716e+02 9.669699620000001232e+02 9.830650849999999537e+02 9.991547365999999784e+02 1.015238956400000006e+03 1.031317810399999871e+03 1.047391344800000070e+03 1.063459618999999975e+03 1.079522679199999857e+03 1.095580578199999991e+03 1.111633381999999983e+03 1.127681130200000098e+03 1.143723882199999935e+03
1.734751286420000042e+03 1.750641756620000024e+03 1.766529105679999930e+03 1.782413375840000072e+03 1.798294607360000100e+03 1.814172843139999941e+03 1.830048123439999927e+03 1.845920488519999935e+03 1.861789979959999982e+03 1.877656636700000035e+03 1.893520498339999904e+03 1.909381605139999920e+03 1.925239995379999982e+03 1.941095708659999900e+03 1.956948781940000117e+03 1.972799254159999919e+03 1.988647163600000113e+03 2.004492546758000117e+03 2.020335441188000004e+03 2.036175883520000070e+03 2.052013910443400164e+03 2.067849558014000195e+03 2.083682862248000220e+03 2.099513858660000096e+03 2.115342582560000210e+03 2.131169069059999856e+03 2.146993352479999885e+03 2.162815467800000079e+03 2.178635448019999785e+03 2.194453328779999993e+03 2.210269142420000207e+03 2.226082922600000074e+03 2.241894701660000010e+03 2.257704513260000112e+03 2.273512389739999890e+03 2.289318363440000212e+03 2.305122465379999994e+03 2.320924728559999949e+03 2.336725183340000058e+03 2.352523861399999987e+03 2.368320793760000015e+03 2.384116011439999966e+03 2.399909544799999821e+03 2.415701423540000178e+03 2.431491678679999950e+03 2.447280338600000050e+03 2.463067434319999848e+03 2.478852994880000097e+03 2.494637049320000187e+03 2.510419626679999965e+03
3.517585387999999966e+02 3.681035641999999370e+02 3.844410325999999714e+02 4.007710033999999268e+02 4.170935228000000734e+02 4.334086502000000110e+02 4.497164384000000155e+02 4.660169402000001355e+02 4.823102150000001984e+02 4.985963222000000314e+02 5.148753013999998984e+02 5.311472252000000935e+02 5.474121332000001985e+02 5.636700848000000406e+02 5.799211393999999018e+02 5.961653432000000521e+02 6.124027621999998701e+02 6.286334426000000803e+02 6.448574438000000555e+02 6.610748120000000654e+02 6.772856131999999434e+02 6.934898936000001868e+02 7.096877125999999407e+02 7.258791229999999359e+02 7.420641841999999997e+02 7.582429424000001745e+02 7.744154570000000604e+02 7.905817874000001666e+02 8.067419797999998536e+02 8.228960936000000856e+02 8.390441816000002291e+02 8.551862966000001052e+02 8.713224979999999960e+02 8.874528385999999500e+02 9.035773712000000160e+02 9.196961486000000150e+02 9.358092302000000018e+02 9.519166688000000249e+02 9.680185171999999056e+02 9.841148281999999199e+02 1.000205654599999889e+03 1.016291055799999867e+03 1.032371084599999904e+03 1.048445787200000041e+03 1.064515229600000112e+03 1.080579451399999925e+03 1.096638518599999998e+03 1.112692477399999916e+03 1.128741374000000178e+03 1.144785274399999935e+03
1.736418119720000050e+03 1.752309993079999913e+03 1.768198738699999922e+03 1.784084399480000002e+03 1.799967016999999942e+03 1.815846632179999915e+03 1.831723285940000096e+03 1.847597019199999977e+03 1.863467872879999959e+03 1.879335885920000010e+03 1.895201099240000076e+03 1.911063552439999967e+03 1.926923283139999967e+03 1.942780331599999954e+03 1.958634735439999986e+03 1.974486532939999961e+03 1.990335762182000053e+03 2.006182460587999913e+03 2.022026665381999919e+03 2.037868413458000077e+03 2.053707741320599780e+03 2.069544685316000141e+03 2.085379281433999950e+03 2.101211565374000202e+03 2.117041572380000162e+03 2.132869337959999939e+03 2.148694895839999845e+03 2.164518282319999798e+03 2.180339529740000216e+03 2.196158673079999971e+03 2.211975746000000072e+03 2.227790781499999866e+03 2.243603813239999909e+03 2.259414873560000160e+03 2.275223995459999969e+03 2.291031210619999911e+03 2.306836551379999946e+03 2.322640050080000037e+03 2.338441737080000166e+03 2.354241645380000136e+03 2.370039804680000088e+03 2.385836245999999846e+03 2.401631001019999985e+03 2.417424098779999895e+03 2.433215570299999854e+03 2.449005444620000162e+03 2.464793752099999892e+03 2.480580522440000095e+03 2.496365784019999865e+03 2.512149567200000092e+03
3.538294075999999677e+02 3.701768816000001152e+02 3.865167919999998958e+02 4.028492048000000523e+02 4.191741596000001664e+02 4.354917290000000776e+02 4.518019526000000496e+02 4.681048963999999160e+02 4.844006065999999464e+02 5.006891425999999683e+02 5.169705571999998028e+02 5.332449097999999594e+02 5.495122466000000259e+02 5.657726269999998294e+02 5.820261038000001008e+02 5.982727363999999852e+02 6.145125709999999799e+02 6.307456735999999182e+02 6.469720837999998366e+02 6.631918742000000293e+02 6.794050844000000779e+02 6.956117738000000372e+02 7.118119952000001831e+02 7.280058080000001155e+02 7.441932649999998830e+02 7.603744123999999829e+02 7.765493228000000272e+02 7.927180358000000524e+02 8.088806107999998858e+02 8.250371006000000307e+02 8.411875580000000809e+02 8.573320423999998638e+02 8.734706066000001101e+02 8.896033033999999589e+02 9.057301922000001468e+02 9.218513192000000345e+02 9.379667438000001312e+02 9.540765121999997973e+02 9.701806904000000031e+02 9.862793312000001151e+02 1.002372474199999942e+03 1.018460192000000006e+03 1.034542524200000116e+03 1.050619530200000099e+03 1.066691262800000004e+03 1.082757774799999879e+03 1.098819119000000001e+03 1.114875348200000190e+03 1.130926515200000040e+03 1.146972672800000055e+03
1.739138035819999914e+03 1.755032279900000049e+03 1.770923387000000048e+03 1.786811398699999927e+03 1.802696357239999998e+03 1.818578303539999979e+03 1.834457278520000045e+03 1.850333323759999985e+03 1.866206479519999903e+03 1.882076786059999904e+03 1.897944282980000025e+03 1.913809009880000076e+03 1.929671006360000092e+03 1.945530311360000042e+03 1.961386963160000050e+03 1.977240999379999948e+03 1.993092459356000063e+03 2.008941379915999960e+03 2.024787798481999971e+03 2.040631752212000038e+03 2.056473277802000212e+03 2.072312411683999926e+03 2.088149189893999846e+03 2.103983648402000199e+03 2.119815822319999825e+03 2.135645748079999976e+03 2.151473458880000180e+03 2.167298991019999903e+03 2.183122377499999857e+03 2.198943653299999824e+03 2.214762852079999902e+03 2.230580006839999896e+03 2.246395151900000201e+03 2.262208319599999868e+03 2.278019542279999769e+03 2.293828852940000161e+03 2.309636283920000096e+03 2.325441866900000150e+03 2.341245634219999829e+03 2.357047616240000025e+03 2.372847844639999948e+03 2.388646350439999878e+03 2.404443164660000093e+03 2.420238317660000121e+03 2.436031839799999943e+03 2.451823760780000157e+03 2.467614110959999834e+03 2.483402919380000185e+03 2.499190216400000281e+03 2.514976029739999831e+03
3.569678528000001734e+02 3.733189502000000175e+02 3.896624840000001768e+02 4.059985201999998026e+02 4.223270984000000681e+02 4.386482846000001246e+02 4.549621316000000206e+02 4.712686922000000322e+02 4.875680191999999806e+02 5.038601653999999144e+02 5.201451967999998942e+02 5.364231529999999566e+02 5.526940999999999349e+02 5.689580840000000990e+02 5.852151644000000488e+02 6.014653940000000603e+02 6.177088321999999607e+02 6.339455186000000140e+02 6.501755258000000595e+02 6.663988934000001336e+02 6.826156874000000698e+02 6.988259539999999106e+02 7.150297525999999380e+02 7.312271294000001944e+02 7.474181504000000587e+02 7.636028618000000279e+02 7.797813229999999294e+02 7.959535801999998057e+02 8.121196994000001723e+02 8.282797267999999349e+02 8.444337152000000515e+02 8.605817240000001220e+02 8.767238059999999678e+02 8.928600140000000920e+02 9.089904008000000886e+02 9.251150192000000061e+02 9.412339285999998992e+02 9.573471818000000439e+02 9.734548316000000341e+02 9.895569307999999182e+02 1.005653532199999972e+03 1.021744688600000018e+03 1.037830459400000109e+03 1.053910890800000061e+03 1.069986042199999929e+03 1.086055959799999982e+03 1.102120703000000049e+03 1.118180318000000170e+03 1.134234864200000175e+03 1.150284387799999877e+03
1.742907625820000021e+03 1.758805222700000058e+03 1.774699667419999969e+03 1.790591003539999974e+03 1.806479271980000021e+03 1.822364514320000126e+03 1.838246772799999917e+03 1.854126087019999886e+03 1.870002498560000049e+03 1.885876047680000056e+03 1.901746774640000012e+03 1.917614718379999886e+03 1.933479918499999940e+03 1.949342413939999915e+03 1.965202244300000075e+03 1.981059447860000091e+03 1.996914061645999936e+03 2.012766124466000065e+03 2.028615673675999915e+03 2.044462746460400012e+03 2.060307379700000183e+03 2.076149609971999780e+03 2.091989473682000153e+03 2.107827006800000163e+03 2.123662244900000132e+03 2.139495223819999865e+03 2.155325978540000051e+03 2.171154543380000177e+03 2.186980953979999867e+03 2.202805243339999834e+03 2.218627447100000154e+03 2.234447597599999881e+03 2.250265728500000023e+03 2.266081873459999770e+03 2.281896065479999834e+03 2.297708336900000177e+03 2.313518720059999850e+03 2.329327247960000022e+03 2.345133951620000062e+03 2.360938862720000088e+03 2.376742012939999768e+03 2.392543433960000129e+03 2.408343156140000247e+03 2.424141209840000101e+03 2.439937626739999814e+03 2.455732435880000139e+03 2.471525667620000149e+03 2.487317352319999827e+03 2.503107519019999927e+03 2.518896197420000135e+03
3.611711749999999483e+02 3.775270772000001216e+02 3.938754092000001492e+02 4.102162435999998706e+02 4.265496266000000105e+02 4.428756043999999292e+02 4.591942496000001483e+02 4.755056018000000222e+02 4.918097204000000602e+02 5.081066581999998562e+02 5.243964746000001469e+02 5.406792157999998381e+02 5.569549412000001212e+02 5.732237035999999080e+02 5.894855623999999352e+02 6.057405637999997907e+02 6.219887671999999839e+02 6.382302254000001085e+02 6.544649845999999798e+02 6.706931107999998858e+02 6.869146568000001025e+02 7.031296687999999904e+02 7.193382062000000587e+02 7.355403217999999015e+02 7.517360750000000280e+02 7.679255120000000261e+02 7.841086856000001717e+02 8.002856552000000647e+02 8.164564735999999812e+02 8.326212002000002030e+02 8.487798746000000847e+02 8.649325627999999142e+02 8.810793175999999676e+02 8.972201852000000599e+02 9.133552250000000186e+02 9.294844964000001255e+02 9.456080389999999625e+02 9.617259188000000449e+02 9.778381819999999607e+02 9.939448813999999857e+02 1.010046076399999947e+03 1.026141819800000121e+03 1.042232157800000095e+03 1.058317149799999925e+03 1.074396848599999885e+03 1.090471300400000018e+03 1.106540564599999925e+03 1.122604694000000109e+03 1.138663734799999929e+03 1.154717746399999896e+03
1.747722832700000026e+03 1.763624780959999953e+03 1.779523558580000099e+03 1.795419209780000074e+03 1.811311774819999982e+03 1.827201297260000047e+03 1.843087816700000076e+03 1.858971376039999996e+03 1.874852014880000070e+03 1.890729773479999949e+03 1.906604693419999876e+03 1.922476813640000046e+03 1.938346173740000040e+03 1.954212813319999896e+03 1.970076770659999966e+03 1.985938085360000059e+03 2.001796795171999975e+03 2.017652938244000097e+03 2.033506552327999998e+03 2.049357674885599863e+03 2.065206343022000055e+03 2.081052593551999962e+03 2.096896463132000008e+03 2.112737987930000145e+03 2.128577204180000081e+03 2.144414146399999936e+03 2.160248851880000075e+03 2.176081354280000141e+03 2.191911688579999918e+03 2.207739890419999938e+03 2.223565992800000004e+03 2.239390030040000056e+03 2.255212035800000194e+03 2.271032044399999904e+03 2.286850088180000057e+03 2.302666199480000159e+03 2.318480412620000152e+03 2.334292759280000155e+03 2.350103271139999833e+03 2.365911979880000217e+03 2.381718918499999745e+03 2.397524118020000060e+03 2.413327608799999780e+03 2.429129422519999935e+03 2.444929589540000052e+03 2.460728140879999955e+03 2.476525106240000241e+03 2.492320515979999982e+03 2.508114399799999774e+03 2.523906788060000054e+03
3.664361731999999847e+02 3.827980417999999645e+02 3.991523468000000321e+02 4.154991476000000148e+02 4.318384903999999551e+02 4.481704346000001351e+02 4.644950329999999212e+02 4.808123450000000503e+02 4.971224168000001100e+02 5.134253078000001551e+02 5.297210708000000068e+02 5.460097585999999410e+02 5.622914306000000124e+02 5.785661396000000423e+02 5.948339318000000731e+02 6.110948665999999321e+02 6.273489968000001227e+02 6.435963818000000174e+02 6.598370677999998861e+02 6.760711075999997774e+02 6.922985605999999734e+02 7.085194796000000679e+02 7.247339174000001094e+02 7.409419267999999192e+02 7.571435672000000068e+02 7.733388781999999537e+02 7.895279258000000482e+02 8.057107628000001114e+02 8.218874419999999645e+02 8.380580096000001049e+02 8.542225249999999050e+02 8.703810476000001017e+02 8.865336170000000493e+02 9.026802992000000359e+02 9.188211404000001039e+02 9.349561933999998473e+02 9.510855176000000029e+02 9.672091657999999370e+02 9.833271842000001470e+02 9.994396255999999994e+02 1.015546549400000004e+03 1.031648008399999981e+03 1.047744055399999979e+03 1.063834736599999815e+03 1.079920104799999990e+03 1.096000226000000112e+03 1.112075133199999982e+03 1.128144892400000117e+03 1.144209556400000110e+03 1.160269164799999999e+03
1.753578604159999941e+03 1.769485922179999989e+03 1.785390047780000032e+03 1.801291024520000065e+03 1.817188893980000103e+03 1.833083698400000003e+03 1.848975480020000077e+03 1.864864279099999976e+03 1.880750137219999942e+03 1.896633094640000081e+03 1.912513191620000043e+03 1.928390469080000003e+03 1.944264965959999927e+03 1.960136722519999921e+03 1.976005777039999884e+03 1.991872169054000096e+03 2.007735936842000001e+03 2.023597118749999936e+03 2.039455752661999895e+03 2.055311876396000116e+03 2.071165527241999825e+03 2.087016742358000101e+03 2.102865558506000070e+03 2.118712011919999895e+03 2.134556139559999792e+03 2.150397977000000083e+03 2.166237559220000094e+03 2.182074922520000200e+03 2.197910101880000184e+03 2.213743131619999986e+03 2.229574046719999842e+03 2.245402881500000149e+03 2.261229669620000095e+03 2.277054445400000077e+03 2.292877241180000055e+03 2.308698091279999971e+03 2.324517028700000083e+03 2.340334085120000054e+03 2.356149293540000144e+03 2.371962686960000156e+03 2.387774296399999912e+03 2.403584153539999988e+03 2.419392290060000050e+03 2.435198737640000218e+03 2.451003526640000018e+03 2.466806688740000027e+03 2.482608253639999930e+03 2.498408251700000164e+03 2.514206713280000258e+03 2.530003668740000194e+03
3.727585904000000028e+02 3.891275869999999486e+02 4.054890133999999762e+02 4.218429356000001462e+02 4.381893932000000405e+02 4.545284521999999470e+02 4.708601653999999144e+02 4.871845855999999912e+02 5.035017655999999988e+02 5.198117581999999857e+02 5.361146294000000125e+02 5.524104187999998885e+02 5.686991791999998895e+02 5.849809766000000764e+02 6.012558572000000368e+02 6.175238804000000528e+02 6.337850923999999395e+02 6.500395459999999730e+02 6.662873071999999866e+02 6.825284090000000106e+02 6.987629239999998845e+02 7.149908984000001055e+02 7.312123849999998129e+02 7.474274299999999585e+02 7.636360994000001483e+02 7.798384459999999763e+02 7.960345093999999335e+02 8.122243556000000808e+02 8.284080308000000059e+02 8.445855943999999909e+02 8.607570926000000782e+02 8.769225848000000951e+02 8.930821238000000903e+02 9.092357558000001063e+02 9.253835335999999643e+02 9.415255165999999463e+02 9.576617575999998735e+02 9.737923094000000219e+02 9.899172181999999793e+02 1.006036536800000022e+03 1.022150331199999982e+03 1.038258634400000119e+03 1.054361512400000038e+03 1.070459018000000015e+03 1.086551190799999858e+03 1.102638096799999857e+03 1.118719782200000054e+03 1.134796293200000036e+03 1.150867695800000092e+03 1.166934029600000031e+03
1.760467285519999905e+03 1.776381010820000029e+03 1.792291518620000033e+03 1.808198851820000073e+03 1.824103053320000072e+03 1.840004164039999978e+03 1.855902226879999944e+03 1.871797282759999916e+03 1.887689372600000070e+03 1.903578537979999965e+03 1.919464818500000092e+03 1.935348255079999944e+03 1.951228887320000013e+03 1.967106755479999947e+03 1.982981898236000006e+03 1.998854355188000000e+03 2.014724164945999973e+03 2.030591366053999991e+03 2.046455996745799894e+03 2.062318094912000106e+03 2.078177698231999784e+03 2.094034844041999804e+03 2.109889569368000139e+03 2.125741910839999946e+03 2.141591905880000013e+03 2.157439588939999794e+03 2.173284997639999801e+03 2.189128166959999817e+03 2.204969132539999919e+03 2.220807929359999889e+03 2.236644591740000124e+03 2.252479155319999791e+03 2.268311653100000058e+03 2.284142120720000094e+03 2.299970590519999860e+03 2.315797096819999751e+03 2.331621672620000027e+03 2.347444351579999875e+03 2.363265165379999871e+03 2.379084147019999818e+03 2.394901328840000133e+03 2.410716743179999867e+03 2.426530421060000208e+03 2.442342394819999754e+03 2.458152695480000148e+03 2.473961354059999849e+03 2.489768401580000045e+03 2.505573868399999810e+03 2.521377785539999877e+03 2.537180182040000091e+03
3.801317143999999644e+02 3.965089808000000176e+02 4.128786835999999312e+02 4.292408690000002025e+02 4.455955897999999706e+02 4.619429119999999784e+02 4.782828818000000410e+02 4.946155585999999857e+02 5.109409885999998551e+02 5.272592378000001645e+02 5.435703458000000410e+02 5.598743786000000000e+02 5.761713823999998567e+02 5.924614166000001205e+02 6.087445339999999305e+02 6.250207807999997840e+02 6.412902163999999630e+02 6.575528935999998339e+02 6.738088651999999001e+02 6.900581839999999829e+02 7.063009027999999034e+02 7.225370678000001590e+02 7.387667449999999008e+02 7.549899871999998595e+02 7.712068339999998443e+02 7.874173447999999098e+02 8.036215789999998833e+02 8.198195762000000286e+02 8.360114023999999517e+02 8.521970971999999165e+02 8.683767265999999836e+02 8.845503367999999682e+02 9.007179739999999128e+02 9.168797041999998783e+02 9.330355670000001282e+02 9.491856284000000414e+02 9.653299280000001090e+02 9.814685186000001522e+02 9.976014595999999983e+02 1.013728803799999923e+03 1.029850597399999970e+03 1.045966893199999959e+03 1.062077743999999939e+03 1.078183202599999959e+03 1.094283321800000067e+03 1.110378147800000079e+03 1.126467740000000049e+03 1.142552144600000020e+03 1.158631414399999812e+03 1.174705602200000158e+03
1.768385060659999908e+03 1.784306253859999970e+03 1.800224201179999909e+03 1.816138944860000038e+03 1.832050528459999896e+03 1.847958992899999885e+03 1.863864380420000089e+03 1.879766733259999910e+03 1.895666091680000136e+03 1.911562497260000100e+03 1.927455990919999977e+03 1.943346612260000029e+03 1.959234402199999977e+03 1.975119400340000084e+03 1.991001646742000048e+03 2.006881179949999932e+03 2.022758039366000048e+03 2.038632263665999972e+03 2.054503891361000115e+03 2.070372960566000074e+03 2.086239509198000178e+03 2.102103574910000134e+03 2.117965194859999883e+03 2.133824406799999906e+03 2.149681246040000133e+03 2.165535750860000007e+03 2.181387956239999767e+03 2.197237898479999785e+03 2.213085613220000141e+03 2.228931136759999845e+03 2.244774502759999905e+03 2.260615746859999945e+03 2.276454904040000201e+03 2.292292007959999864e+03 2.308127092939999784e+03 2.323960193299999901e+03 2.339791342040000018e+03 2.355620572820000234e+03 2.371447918639999898e+03 2.387273412499999722e+03 2.403097086740000123e+03 2.418918974359999993e+03 2.434739106380000067e+03 2.450557515800000147e+03 2.466374232980000215e+03 2.482189290920000076e+03 2.498002719319999869e+03 2.513814550520000012e+03 2.529624814220000189e+03 2.545433541440000226e+03
3.885490574000000379e+02 4.049357353999998850e+02 4.213148432000000412e+02 4.376864336000001003e+02 4.540505528000001050e+02 4.704072667999998885e+02 4.867566283999999541e+02 5.030986903999998958e+02 5.194335055999999895e+02 5.357611268000000564e+02 5.520816134000001512e+02 5.683950115999998616e+02 5.847013873999999305e+02 6.010007803999999396e+02 6.172932565999999497e+02 6.335788555999997698e+02 6.498576433999999153e+02 6.661296661999999742e+02 6.823949834000000010e+02 6.986536346000000322e+02 7.149056858000001284e+02 7.311511832000001050e+02 7.473901796000000104e+02 7.636227277999998933e+02 7.798488806000000295e+02 7.960686907999997857e+02 8.122822111999998924e+02 8.284895011999999497e+02 8.446905938000002152e+02 8.608855616000000737e+02 8.770744442000000163e+02 8.932573009999998703e+02 9.094341781999999057e+02 9.256051285999999436e+02 9.417702050000000327e+02 9.579294668000000001e+02 9.740829536000001099e+02 9.902307247999999618e+02 1.006372826600000053e+03 1.022509318399999984e+03 1.038640239800000018e+03 1.054765656799999988e+03 1.070885608999999931e+03 1.087000155799999902e+03 1.103109343399999943e+03 1.119213224600000103e+03 1.135311845599999970e+03 1.151405265800000052e+03 1.167493531399999938e+03 1.183576695199999904e+03
1.777321220419999918e+03 1.793250959299999977e+03 1.809177421280000090e+03 1.825100647940000044e+03 1.841020682179999994e+03 1.856937566240000024e+03 1.872851341699999921e+03 1.888762050799999997e+03 1.904669734459999972e+03 1.920574433600000020e+03 1.936476189799999929e+03 1.952375042659999963e+03 1.968271033759999909e+03 1.984164202237999916e+03 2.000054588023999941e+03 2.015942230718000019e+03 2.031827169458000071e+03 2.047709443255939959e+03 2.063589090704000228e+03 2.079466150232000018e+03 2.095340659982000034e+03 2.111212657837999814e+03 2.127082181419999870e+03 2.142949267819999932e+03 2.158813953800000036e+03 2.174676276979999784e+03 2.190536273660000006e+03 2.206393979479999871e+03 2.222249431400000049e+03 2.238102663740000025e+03 2.253953713460000017e+03 2.269802614879999965e+03 2.285649402980000104e+03 2.301494112079999923e+03 2.317336777819999952e+03 2.333177433199999996e+03 2.349016112539999995e+03 2.364852849500000048e+03 2.380687677740000254e+03 2.396520630259999962e+03 2.412351740059999884e+03 2.428181039479999981e+03 2.444008561520000057e+03 2.459834337860000232e+03 2.475658400840000013e+03 2.491480782139999974e+03 2.507301513439999781e+03 2.523120625760000166e+03 2.538938150120000046e+03 2.554754117540000152e+03
3.980516119999999773e+02 4.144487180000000990e+02 4.308382472000000689e+02 4.472202589999999418e+02 4.635947995999999875e+02 4.799619349999998121e+02 4.963217113999999128e+02 5.126741948000001230e+02 5.290194247999997970e+02 5.453574740000001384e+02 5.616883753999998135e+02 5.780122016000000258e+02 5.943289987999999084e+02 6.106388131999999587e+02 6.269417108000000098e+02 6.432377378000001045e+02 6.595269469999998364e+02 6.758093978000001698e+02 6.920851298000000043e+02 7.083542090000000826e+02 7.246166815999999926e+02 7.408726004000000103e+02 7.571220115999999507e+02 7.733649811999998747e+02 7.896015487999998186e+02 8.058317738000000645e+02 8.220557024000002002e+02 8.382733874000000469e+02 8.544848881999998866e+02 8.706902443999999832e+02 8.868895154000001639e+02 9.030827474000000166e+02 9.192699997999998232e+02 9.354513188000000810e+02 9.516267505999999230e+02 9.677963611999998648e+02 9.839601836000001640e+02 1.000118283799999972e+03 1.016270701400000007e+03 1.032417495800000097e+03 1.048558713200000057e+03 1.064694406399999934e+03 1.080824628200000006e+03 1.096949424800000088e+03 1.113068842399999994e+03 1.129182947000000013e+03 1.145291771599999947e+03 1.161395382199999858e+03 1.177493811800000003e+03 1.193587126399999988e+03
1.787267354419999947e+03 1.803206729300000006e+03 1.819142792300000110e+03 1.835075586319999957e+03 1.851005152940000016e+03 1.866931535059999987e+03 1.882854774919999954e+03 1.898774913440000091e+03 1.914691992860000028e+03 1.930606053440000096e+03 1.946517137419999926e+03 1.962425283739999941e+03 1.978330534639999996e+03 1.994232928861999881e+03 2.010132506996000075e+03 2.026029308575999949e+03 2.041923372885200024e+03 2.057814739087999897e+03 2.073703445965999890e+03 2.089589532181999857e+03 2.105473035949999939e+03 2.121353995219999888e+03 2.137232448140000088e+03 2.153108431999999993e+03 2.168981984420000117e+03 2.184853141699999924e+03 2.200721941459999925e+03 2.216588419340000200e+03 2.232452612300000055e+03 2.248314555980000023e+03 2.264174286020000181e+03 2.280031838060000155e+03 2.295887247080000179e+03 2.311740548719999879e+03 2.327591776639999807e+03 2.343440966480000043e+03 2.359288151239999934e+03 2.375133365900000172e+03 2.390976644119999946e+03 2.406818018899999970e+03 2.422657523240000046e+03 2.438495191460000115e+03 2.454331054580000000e+03 2.470165146920000097e+03 2.485997499500000231e+03 2.501828144659999907e+03 2.517657114739999997e+03 2.533484441420000167e+03 2.549310155059999943e+03 2.565134288000000197e+03
4.085971051999999872e+02 4.250056819999999789e+02 4.414066820000000462e+02 4.578001580000000104e+02 4.741861693999999261e+02 4.905647624000000633e+02 5.069360030000000279e+02 5.232999440000000959e+02 5.396566381999998612e+02 5.560061384000000544e+02 5.723485106000000542e+02 5.886838010000001304e+02 6.050120624000001044e+02 6.213333476000000246e+02 6.376477159999999458e+02 6.539552203999999165e+02 6.702559070000002066e+02 6.865498285999999553e+02 7.028370445999998992e+02 7.191176012000000810e+02 7.353915578000001005e+02 7.516589606000000003e+02 7.679198624000000564e+02 7.841743160000000898e+02 8.004223741999999220e+02 8.166640832000000501e+02 8.328995023999998466e+02 8.491286714000000302e+02 8.653516496000002007e+02 8.815684897999999521e+02 8.977792382000000089e+02 9.139839541999999710e+02 9.301826708000000963e+02 9.463754605999999967e+02 9.625623565999999300e+02 9.787434115999999449e+02 9.949186915999998746e+02 1.011088229599999977e+03 1.027252078399999846e+03 1.043410297399999990e+03 1.059562926199999993e+03 1.075710024199999907e+03 1.091851637600000004e+03 1.107987812599999870e+03 1.124118602000000010e+03 1.140244058599999789e+03 1.156364222000000154e+03 1.172479158200000029e+03 1.188588900199999898e+03 1.204693507400000044e+03
1.926104457440000033e+03 1.942022532140000067e+03 1.957937634200000048e+03 1.973849805199999992e+03 1.989759085070000083e+03 2.005665514135999956e+03 2.021569132130000071e+03 2.037469978652000009e+03 2.053368093011600195e+03 2.069263514293999833e+03 2.085156281227999898e+03 2.101046432449999884e+03 2.116934006240000144e+03 2.132819040020000102e+03 2.148701572399999804e+03 2.164581640339999922e+03 2.180459281460000057e+03 2.196334532060000129e+03 2.212207429099999899e+03 2.228078008880000198e+03 2.243946308359999875e+03 2.259812362520000079e+03 2.275676207659999818e+03 2.291537878759999785e+03 2.307397410800000216e+03 2.323254839419999826e+03 2.339110198939999918e+03 2.354963523020000139e+03 2.370814847300000110e+03 2.386664204780000091e+03 2.402511628459999883e+03 2.418357153320000180e+03 2.434200811700000031e+03 2.450042636600000151e+03 2.465882661019999887e+03 2.481720916639999814e+03 2.497557436459999735e+03 2.513392252820000067e+03 2.529225396740000178e+03 2.545056899899999735e+03 2.560886794640000062e+03 2.576715110659999937e+03 2.592541879639999934e+03 2.608367132599999877e+03 2.624190899239999908e+03 2.640013210579999850e+03 2.655834096319999844e+03 2.671653586160000032e+03 2.687471710459999940e+03 2.703288497600000028e+03
2.839677541999999448e+02 3.004442449999999099e+02 3.169126639999999497e+02 3.333730639999998857e+02 3.498255176000000120e+02 3.662700710000001436e+02 3.827067967999998928e+02 3.991357543999999962e+02 4.155569966000000477e+02 4.319705828000001020e+02 4.483765789999999924e+02 4.647750379999999950e+02 4.811660192000001643e+02 4.975495754000000943e+02 5.139257659999998396e+02 5.302946503999999095e+02 5.466562747999998919e+02 5.630106986000000688e+02 5.793579746000000341e+02 5.956981622000000698e+02 6.120313141999999971e+02 6.283574767999998585e+02 6.446767159999999421e+02 6.609890780000000632e+02 6.772946156000000428e+02 6.935933881999999358e+02 7.098854354000000058e+02 7.261708232000000862e+02 7.424495977999999923e+02 7.587218119999999999e+02 7.749875120000001516e+02 7.912467637999998260e+02 8.074996004000001903e+02 8.237460943999999472e+02 8.399862788000000364e+02 8.562202130000000579e+02 8.724479497999998330e+02 8.886695354000000862e+02 9.048850291999999627e+02 9.210944707999999537e+02 9.372979195999998865e+02 9.534954218000000310e+02 9.696870367999999871e+02 9.858727976000000126e+02 1.002052770199999941e+03 1.018227000800000042e+03 1.034395535599999903e+03 1.050558434000000034e+03 1.066715735600000016e+03 1.082867499800000132e+03
1.915914363020000110e+03 1.931822661800000105e+03 1.947728020940000079e+03 1.963630481359999976e+03 1.979530082660000062e+03 1.995426865495999891e+03 2.011320869072000050e+03 2.027212133120000090e+03 2.043100696659199912e+03 2.058986598722000053e+03 2.074869877825999993e+03 2.090750572435999857e+03 2.106628720568000062e+03 2.122504360039999938e+03 2.138377528340000026e+03 2.154248263219999899e+03 2.170116600979999930e+03 2.185982579240000177e+03 2.201846232979999968e+03 2.217707600480000110e+03 2.233566716060000090e+03 2.249423616019999827e+03 2.265278335340000012e+03 2.281130910320000112e+03 2.296981374619999769e+03 2.312829763879999973e+03 2.328676111759999912e+03 2.344520453239999824e+03 2.360362821319999966e+03 2.376203249659999983e+03 2.392041772579999815e+03 2.407878422419999879e+03 2.423713232840000273e+03 2.439546236180000051e+03 2.455377464780000082e+03 2.471206950979999874e+03 2.487034726460000002e+03 2.502860822900000130e+03 2.518685272640000221e+03 2.534508106700000098e+03 2.550329356100000041e+03 2.566149051200000031e+03 2.581967223019999892e+03 2.597783901920000062e+03 2.613599118260000068e+03 2.629412902399999894e+03 2.645225283380000292e+03 2.661036291559999881e+03 2.676845955320000030e+03 2.692654305019999811e+03
2.728708441999999650e+02 2.893351778000001104e+02 3.057914528000001155e+02 3.222397351999998136e+02 3.386800843999999415e+02 3.551125598000000991e+02 3.715372207999998864e+02 3.879541268000000400e+02 4.043633305999999266e+02 4.207648982000000615e+02 4.371588824000000386e+02 4.535453359999999066e+02 4.699243249999999534e+02 4.862958955999999944e+02 5.026601071999998567e+02 5.190170126000000437e+02 5.353666711999999279e+02 5.517091358000000128e+02 5.680444526000001133e+02 5.843726875999998356e+02 6.006938935999999103e+02 6.170081167999999252e+02 6.333154165999999350e+02 6.496158392000002095e+02 6.659094439999998940e+02 6.821962838000001739e+02 6.984764047999999548e+02 7.147498663999999735e+02 7.310167214000000513e+02 7.472770226000000093e+02 7.635308095999998841e+02 7.797781483999999637e+02 7.960190917999998419e+02 8.122536794000000100e+02 8.284819706000000679e+02 8.447040181999998367e+02 8.609198750000000473e+02 8.771295871999998326e+02 8.933332075999999233e+02 9.095307890000001407e+02 9.257223842000000786e+02 9.419080393999997796e+02 9.580878139999999803e+02 9.742617476000000352e+02 9.904299062000000049e+02 1.006592322800000147e+03 1.022749063400000068e+03 1.038900174200000038e+03 1.055045708000000104e+03 1.071185704399999850e+03
1.906725892519999888e+03 1.922625452239999959e+03 1.938522102019999920e+03 1.954415883440000016e+03 1.970306834779999917e+03 1.986194997091999994e+03 2.002080409711999891e+03 2.017963111909999952e+03 2.033843142625999917e+03 2.049720540714200069e+03 2.065595344513999862e+03 2.081467592311999852e+03 2.097337321945999975e+03 2.113204570970000077e+03 2.129069376739999825e+03 2.144931776479999826e+03 2.160791806820000147e+03 2.176649504720000095e+03 2.192504905820000204e+03 2.208358046419999937e+03 2.224208962159999828e+03 2.240057688679999956e+03 2.255904260960000101e+03 2.271748713320000206e+03 2.287591082060000190e+03 2.303431400179999855e+03 2.319269702000000052e+03 2.335106021839999812e+03 2.350940393360000144e+03 2.366772849559999941e+03 2.382603424099999756e+03 2.398432149320000008e+03 2.414259058220000043e+03 2.430084183139999823e+03 2.445907555759999923e+03 2.461729209080000146e+03 2.477549174119999861e+03 2.493367482560000099e+03 2.509184165419999772e+03 2.524999253720000070e+03 2.540812778479999906e+03 2.556624770060000174e+03 2.572435259480000241e+03 2.588244275779999953e+03 2.604051849980000043e+03 2.619858011780000197e+03 2.635662789559999965e+03 2.651466213679999782e+03 2.667268312520000109e+03 2.683069115780000175e+03
2.628438140000000658e+02 2.792970068000001902e+02 2.957421674000001985e+02 3.121793485999999120e+02 3.286086164000000736e+02 3.450300236000000496e+02 3.614436295999998947e+02 3.778494938000001184e+02 3.942476755999998659e+02 4.106382211999998617e+02 4.270212031999999454e+02 4.433966611999999259e+02 4.597646611999998640e+02 4.761252494000000297e+02 4.924784917999998015e+02 5.088244345999999041e+02 5.251631371999999374e+02 5.414946523999999499e+02 5.578190329999999904e+02 5.741363317999998799e+02 5.904466015999998945e+02 6.067499018000000888e+02 6.230462786000000506e+02 6.393357914000000619e+02 6.556184863999999379e+02 6.718944229999999607e+02 6.881636540000001787e+02 7.044262256000001798e+02 7.206821972000000187e+02 7.369316149999999652e+02 7.531745384000000740e+02 7.694110135999999329e+02 7.856410934000000452e+02 8.018648372000000109e+02 8.180822912000000997e+02 8.342935015999998996e+02 8.504985343999999259e+02 8.666974291999999878e+02 8.828902453999999125e+02 8.990770357999999760e+02 9.152578465999999935e+02 9.314327240000000074e+02 9.476017340000000786e+02 9.637649228000000221e+02 9.799223365999998805e+02 9.960740347999999358e+02 1.012220063600000003e+03 1.028360475800000131e+03 1.044495317599999908e+03 1.060624648400000069e+03
1.898449903039999981e+03 1.914341729539999960e+03 1.930230675139999903e+03 1.946116780099999914e+03 1.962000084680000100e+03 1.977880629140000110e+03 1.993758451429999923e+03 2.009633591545999934e+03 2.025506088163999948e+03 2.041375979696000059e+03 2.057243304422000165e+03 2.073108100225999806e+03 2.088970404860000144e+03 2.104830255547999968e+03 2.120687689580000097e+03 2.136542743519999931e+03 2.152395453799999814e+03 2.168245857379999961e+03 2.184093989240000155e+03 2.199939885679999861e+03 2.215783582340000066e+03 2.231625113539999802e+03 2.247464514920000056e+03 2.263301820799999859e+03 2.279137065500000062e+03 2.294970283340000151e+03 2.310801507319999928e+03 2.326630772420000085e+03 2.342458110980000129e+03 2.358283556660000158e+03 2.374107141800000136e+03 2.389928899399999864e+03 2.405748861139999917e+03 2.421567059359999803e+03 2.437383526399999937e+03 2.453198293280000144e+03 2.469011391680000088e+03 2.484822852620000049e+03 2.500632707119999850e+03 2.516440986200000225e+03 2.532247719559999950e+03 2.548052938220000215e+03 2.563856671219999953e+03 2.579658949579999899e+03 2.595459802999999738e+03 2.611259259859999929e+03 2.627057349859999704e+03 2.642854102039999816e+03 2.658649544779999815e+03 2.674443707779999841e+03
2.538373022000000674e+02 2.702805290000001150e+02 2.867157368000000588e+02 3.031429783999999472e+02 3.195623132000000624e+02 3.359738006000000041e+02 3.523775000000000546e+02 3.687734642000000349e+02 3.851617525999999998e+02 4.015424179999999978e+02 4.179155197999998563e+02 4.342811042000000725e+02 4.506392372000000250e+02 4.669899649999999838e+02 4.833333536000000095e+02 4.996694426000001386e+02 5.159982979999999770e+02 5.323199726000000283e+02 5.486345126000001073e+02 5.649419774000000416e+02 5.812424264000001131e+02 5.975358991999999034e+02 6.138224552000001495e+02 6.301021537999999964e+02 6.463750411999999415e+02 6.626411702000000332e+02 6.789006002000000990e+02 6.951533773999999539e+02 7.113995546000001013e+02 7.276391911999999138e+02 7.438723334000001159e+02 7.600990340000000742e+02 7.763193524000000707e+02 7.925333413999999266e+02 8.087410405999999057e+02 8.249425160000000687e+02 8.411378138000000035e+02 8.573269867999999860e+02 8.735100878000000648e+02 8.896871696000000611e+02 9.058582784000000174e+02 9.220234801999999945e+02 9.381828146000000288e+02 9.543363409999999476e+02 9.704841122000000269e+02 9.866261744000000817e+02 1.002762580399999933e+03 1.018893383000000085e+03 1.035018634999999904e+03 1.051138389199999892e+03
1.891195835779999925e+03 1.907080954699999893e+03 1.922963218460000007e+03 1.938842668640000056e+03 1.954719342860000097e+03 1.970593282699999918e+03 1.986464525648000063e+03 2.002333111303999885e+03 2.018199078145999920e+03 2.034062464454000065e+03 2.049923308092199932e+03 2.065781646806000026e+03 2.081637518024000201e+03 2.097490958792000129e+03 2.113342005938000057e+03 2.129190695960000085e+03 2.145037064959999952e+03 2.160881149700000151e+03 2.176722984500000166e+03 2.192562605659999917e+03 2.208400048160000097e+03 2.224235346980000031e+03 2.240068536440000116e+03 2.255899650859999838e+03 2.271728724560000046e+03 2.287555791199999931e+03 2.303380884440000045e+03 2.319204036619999897e+03 2.335025282059999881e+03 2.350844652440000118e+03 2.366662181419999797e+03 2.382477900020000106e+03 2.398291840580000098e+03 2.414104035440000189e+03 2.429914515620000202e+03 2.445723312799999803e+03 2.461530458000000181e+03 2.477335981579999952e+03 2.493139914559999852e+03 2.508942286640000020e+03 2.524743129500000123e+03 2.540542471520000163e+03 2.556340343060000123e+03 2.572136773820000144e+03 2.587931793499999912e+03 2.603725429820000045e+03 2.619517713140000069e+03 2.635308671839999988e+03 2.651098333639999964e+03 2.666886727579999842e+03
2.458574401999999282e+02 2.622918626000000586e+02 2.787182726000000912e+02 2.951367296000000806e+02 3.115472929999998541e+02 3.279500090000001364e+02 3.443449436000000787e+02 3.607321495999999570e+02 3.771116797999998198e+02 3.934836001999999553e+02 4.098479503999999451e+02 4.262048030000000836e+02 4.425541976000001796e+02 4.588961935999998332e+02 4.752308504000000084e+02 4.915582207999998445e+02 5.078783575999998448e+02 5.241913070000000516e+02 5.404971350000000712e+02 5.567958877999999459e+02 5.730876247999999578e+02 5.893723987999999281e+02 6.056502559999998994e+02 6.219212557999999262e+02 6.381854509999998299e+02 6.544428943999998864e+02 6.706936388000001443e+02 6.869377435999999761e+02 7.031752484000001004e+02 7.194062192000001232e+02 7.356307022000000870e+02 7.518487568000000465e+02 7.680604291999998168e+02 7.842657722000001286e+02 8.004648452000001271e+02 8.166576943999998548e+02 8.328443792000000485e+02 8.490249458000000686e+02 8.651994535999999698e+02 8.813679488000000219e+02 8.975304842000000463e+02 9.136871258000001035e+02 9.298379065999999966e+02 9.459828926000000138e+02 9.621221365999999762e+02 9.782556781999999203e+02 9.943835833999999068e+02 1.010505898399999978e+03 1.026622675999999956e+03 1.042733975600000122e+03
1.884978210080000053e+03 1.900857633860000078e+03 1.916734224920000088e+03 1.932608024180000029e+03 1.948479070580000098e+03 1.964347403720000102e+03 1.980213062540000010e+03 1.996076084792000074e+03 2.011936509745999956e+03 2.027794375087999924e+03 2.043649718583199956e+03 2.059502577679999831e+03 2.075352989443999832e+03 2.091200990822000222e+03 2.107046618245999980e+03 2.122889908279999872e+03 2.138730896300000040e+03 2.154569618540000192e+03 2.170406109980000110e+03 2.186240405600000031e+03 2.202072541040000033e+03 2.217902550620000056e+03 2.233730468000000201e+03 2.249556327499999952e+03 2.265380163440000160e+03 2.281202008159999878e+03 2.297021895979999954e+03 2.312839859239999896e+03 2.328655930939999962e+03 2.344470143420000113e+03 2.360282529019999856e+03 2.376093119420000221e+03 2.391901946299999963e+03 2.407709041340000113e+03 2.423514436219999880e+03 2.439318160639999860e+03 2.455120246280000174e+03 2.470920724159999736e+03 2.486719623320000210e+03 2.502516975439999896e+03 2.518312808900000164e+03 2.534107154060000084e+03 2.549900039959999958e+03 2.565691496299999926e+03 2.581481552780000129e+03 2.597270236459999978e+03 2.613057577699999911e+03 2.628843604220000088e+03 2.644628344400000060e+03 2.660411825959999987e+03
2.389154743999999937e+02 2.553422540000001391e+02 2.717610343999999714e+02 2.881718617999999879e+02 3.045747956000000158e+02 3.209698886000001039e+02 3.373572068000000854e+02 3.537368030000000090e+02 3.701087234000001445e+02 3.864730339999998705e+02 4.028297810000001391e+02 4.191790304000001015e+02 4.355208218000000215e+02 4.518552277999999660e+02 4.681822879999999714e+02 4.845020618000000923e+02 5.008146085999999286e+02 5.171199679999999717e+02 5.334182125999998334e+02 5.497093820000000051e+02 5.659935421999998653e+02 5.822707328000001326e+02 5.985410197999999582e+02 6.148044494000000668e+02 6.310610810000000583e+02 6.473109607999999753e+02 6.635541482000000997e+02 6.797907026000000315e+02 6.960206636000000344e+02 7.122440906000001632e+02 7.284610364000000118e+02 7.446715604000000894e+02 7.608757087999999840e+02 7.770735343999999714e+02 7.932650966000001063e+02 8.094504481999999825e+02 8.256296354000000974e+02 8.418027242000000570e+02 8.579697541999998975e+02 8.741307847999999012e+02 8.902858687999998892e+02 9.064350589999999102e+02 9.225784148000000187e+02 9.387159758000000238e+02 9.548478079999999864e+02 9.709739575999999488e+02 9.870944773999999597e+02 1.003209420200000068e+03 1.019318838800000094e+03 1.035422792599999866e+03
1.879802195060000031e+03 1.895676915680000093e+03 1.911548823379999931e+03 1.927417957760000036e+03 1.943284357759999921e+03 1.959148062320000008e+03 1.975009111039999880e+03 1.990867541275999884e+03 2.006723391902000003e+03 2.022576700472000084e+03 2.038427504408000004e+03 2.054275840973600225e+03 2.070121747010000036e+03 2.085965259200000219e+03 2.101806413738000174e+03 2.117645246659999884e+03 2.133481793540000126e+03 2.149316090480000184e+03 2.165148171800000000e+03 2.180978072479999810e+03 2.196805826840000009e+03 2.212631470520000221e+03 2.228455035859999953e+03 2.244276557839999896e+03 2.260096068800000012e+03 2.275913603060000241e+03 2.291729193619999933e+03 2.307542871499999819e+03 2.323354671019999842e+03 2.339164623860000120e+03 2.354972761040000023e+03 2.370779115559999809e+03 2.386583717779999915e+03 2.402386599380000007e+03 2.418187791379999908e+03 2.433987324140000055e+03 2.449785228679999818e+03 2.465581535360000089e+03 2.481376273219999803e+03 2.497169473280000147e+03 2.512961164580000059e+03 2.528751376820000132e+03 2.544540138379999917e+03 2.560327479619999849e+03 2.576113428260000092e+03 2.591898013340000034e+03 2.607681263899999976e+03 2.623463206339999942e+03 2.639243871019999915e+03 2.655023283680000077e+03
2.330154770000001463e+02 2.494357820000000174e+02 2.658480878000000303e+02 2.822524472000000060e+02 2.986489129999999932e+02 3.150375512000000526e+02 3.314184079999999994e+02 3.477915362000001096e+02 3.641570083999999952e+02 3.805148642000001473e+02 3.968651563999999325e+02 4.132079576000000998e+02 4.295433007999999973e+02 4.458712585999999192e+02 4.621918771999999080e+02 4.785052093999997851e+02 4.948113146000000597e+02 5.111102389999998650e+02 5.274020485999999437e+02 5.436867830000001049e+02 5.599645081999999547e+02 5.762352769999999964e+02 5.924991422000000512e+02 6.087561499999999342e+02 6.250063597999999274e+02 6.412498309999998582e+02 6.574866097999999965e+02 6.737167555999999422e+02 6.899403211999999712e+02 7.061573528000001261e+02 7.223679098000000067e+02 7.385720515999998952e+02 7.547698244000000614e+02 7.709612876000001052e+02 7.871464874000000691e+02 8.033254831999997805e+02 8.194983277999999700e+02 8.356650740000000042e+02 8.518257811999999376e+02 8.679804890000000341e+02 8.841292634000001271e+02 9.002721572000000378e+02 9.164092166000000361e+02 9.325405009999999493e+02 9.486660631999998259e+02 9.647859559999999419e+02 9.809002321999998912e+02 9.970089445999999498e+02 1.013112145999999939e+03 1.029209895800000140e+03
1.875672496520000095e+03 1.891543488139999909e+03 1.907411681360000102e+03 1.923277116440000100e+03 1.939139831660000027e+03 1.954999867279999989e+03 1.970857260920000044e+03 1.986712050727999895e+03 2.002564274917999910e+03 2.018413970977999952e+03 2.034261176197999930e+03 2.050105927577600141e+03 2.065948261760000150e+03 2.081788215229999878e+03 2.097625823918000151e+03 2.113461123728000075e+03 2.129294150300000183e+03 2.145124938020000172e+03 2.160953523319999931e+03 2.176779939200000172e+03 2.192604220639999767e+03 2.208426402619999863e+03 2.224246517479999966e+03 2.240064599540000017e+03 2.255880681799999820e+03 2.271694797260000087e+03 2.287506978920000165e+03 2.303317258460000176e+03 2.319125668879999921e+03 2.334932241859999976e+03 2.350737009739999849e+03 2.366540002220000133e+03 2.382341252300000178e+03 2.398140790339999967e+03 2.413938646699999936e+03 2.429734852399999909e+03 2.445529437140000027e+03 2.461322431940000115e+03 2.477113865840000017e+03 2.492903768539999874e+03 2.508692169739999827e+03 2.524479098480000175e+03 2.540264583799999855e+03 2.556048654080000233e+03 2.571831339020000087e+03 2.587612665679999736e+03 2.603392663099999936e+03 2.619171359660000235e+03 2.634948782420000043e+03 2.650724959099999978e+03
2.281660015999998450e+02 2.445810067999998410e+02 2.609880061999999725e+02 2.773870592000000670e+02 2.937782317999999577e+02 3.101615636000001359e+02 3.265371271999999863e+02 3.429049621999999999e+02 3.592651346000000103e+02 3.756176971999998386e+02 3.919627027999999882e+02 4.083002107999998316e+02 4.246302673999998660e+02 4.409529385999999249e+02 4.572682640000000447e+02 4.735763161999998374e+02 4.898771348000000216e+02 5.061707791999999699e+02 5.224573087999999643e+02 5.387367698000000473e+02 5.550092216000000462e+02 5.712747170000000096e+02 5.875333088000002135e+02 6.037850497999997970e+02 6.200299993999999515e+02 6.362682104000000436e+02 6.524997290000001158e+02 6.687246278000000075e+02 6.849429397999999765e+02 7.011547309999998561e+02 7.173600541999999223e+02 7.335589621999999963e+02 7.497515077999998994e+02 7.659377504000001409e+02 7.821177362000000812e+02 7.982915246000000025e+02 8.144591683999999532e+02 8.306207269999999880e+02 8.467762399999999161e+02 8.629257799999998042e+02 8.790693866000001435e+02 8.952071191999998518e+02 9.113390305999998873e+02 9.274651736000000710e+02 9.435856076000000030e+02 9.597003787999999531e+02 9.758095465999999760e+02 9.919131571999998869e+02 1.008011269999999968e+03 1.024103937800000040e+03
1.872593030239999962e+03 1.888461247879999974e+03 1.904326679000000013e+03 1.920189362540000047e+03 1.936049338100000114e+03 1.951906644619999952e+03 1.967761320379999916e+03 1.983613402934000078e+03 1.999462930429999915e+03 2.015309940158000018e+03 2.031154469342000084e+03 2.046996554809999907e+03 2.062836232994000056e+03 2.078673540127999786e+03 2.094508512182000231e+03 2.110341184664000139e+03 2.126171593279999797e+03 2.141999772019999909e+03 2.157825756920000003e+03 2.173649581640000179e+03 2.189471280499999921e+03 2.205290887159999784e+03 2.221108435279999867e+03 2.236923959180000111e+03 2.252737490540000181e+03 2.268549063020000176e+03 2.284358708960000058e+03 2.300166460039999947e+03 2.315972349260000101e+03 2.331776407639999888e+03 2.347578666859999885e+03 2.363379158599999755e+03 2.379177913219999937e+03 2.394974962400000095e+03 2.410770335839999916e+03 2.426564064560000133e+03 2.442356177600000137e+03 2.458146705980000206e+03 2.473935679400000026e+03 2.489723126240000056e+03 2.505509076860000278e+03 2.521293558979999943e+03 2.537076602959999946e+03 2.552858236519999991e+03 2.568638488699999925e+03 2.584417387219999910e+03 2.600194959800000106e+03 2.615971235479999905e+03 2.631746241320000081e+03 2.647520004380000046e+03
2.243725987999998779e+02 2.407834657999999308e+02 2.571863401999999041e+02 2.735812616000000617e+02 2.899683026000000154e+02 3.063475159999998141e+02 3.227189479999999548e+02 3.390826580000000376e+02 3.554387120000001232e+02 3.717871496000000207e+02 3.881280302000000120e+02 4.044614132000001518e+02 4.207873514000000341e+02 4.371058975999999348e+02 4.534171112000001358e+02 4.697210383999999976e+02 4.860177452000000358e+02 5.023072711999998319e+02 5.185896824000001288e+02 5.348650316000000657e+02 5.511333715999999185e+02 5.673947617999999693e+02 5.836492483999998058e+02 5.998968841999999313e+02 6.161377352000001792e+02 6.323718475999999100e+02 6.485992742000000817e+02 6.648200744000000668e+02 6.810343009999999140e+02 6.972420133999999052e+02 7.134432578000000831e+02 7.296380870000000414e+02 7.458265670000000682e+02 7.620087373999999727e+02 7.781846708000000490e+02 7.943544068000001062e+02 8.105179981999999654e+02 8.266755109999999149e+02 8.428269980000000032e+02 8.589724988000000394e+02 8.751120860000000903e+02 8.912458057999999710e+02 9.073737109999999575e+02 9.234958544000000984e+02 9.396122953999999936e+02 9.557230868000001465e+02 9.718282747999999174e+02 9.879279253999998218e+02 1.004022084800000130e+03 1.020110805799999980e+03
1.870564901060000011e+03 1.886431284559999995e+03 1.902294888800000081e+03 1.918155754039999920e+03 1.934013918560000093e+03 1.949869421299999885e+03 1.965722299880000037e+03 1.981572593240000060e+03 1.997420338339999944e+03 2.013265572668000004e+03 2.029108333249999987e+03 2.044948656828200001e+03 2.060786579695999990e+03 2.076622138094000093e+03 2.092455367615999876e+03 2.108286303901999872e+03 2.124114981799999896e+03 2.139941437280000173e+03 2.155765703539999777e+03 2.171587815559999854e+03 2.187407807659999889e+03 2.203225712840000142e+03 2.219041565420000097e+03 2.234855397740000171e+03 2.250667243460000009e+03 2.266477135579999867e+03 2.282285105120000026e+03 2.298091185079999832e+03 2.313895407800000157e+03 2.329697804299999916e+03 2.345498405599999842e+03 2.361297244039999896e+03 2.377094349320000219e+03 2.392889752460000182e+03 2.408683484480000061e+03 2.424475575079999999e+03 2.440266053960000136e+03 2.456054952139999841e+03 2.471842297340000187e+03 2.487628120580000086e+03 2.503412449580000157e+03 2.519195314699999926e+03 2.534976743000000170e+03 2.550756764839999960e+03 2.566535406619999776e+03 2.582312698700000055e+03 2.598088666820000071e+03 2.613863340020000123e+03 2.629636746019999919e+03 2.645408911880000232e+03
2.216391691999999694e+02 2.380470926000000418e+02 2.544470102000000225e+02 2.708389946000002055e+02 2.872230853999999454e+02 3.035993419999999787e+02 3.199678304000001390e+02 3.363285968000000139e+02 3.526817005999998855e+02 3.690271880000000237e+02 3.853651250000000346e+02 4.016955643999999666e+02 4.180185589999998683e+02 4.343341616000000158e+02 4.506424316000000090e+02 4.669434151999998903e+02 4.832371783999999479e+02 4.995237673999999970e+02 5.158032416000000921e+02 5.320756472000000485e+02 5.483410502000001543e+02 5.645995034000000032e+02 5.808510529999998653e+02 5.970957650000000285e+02 6.133336790000000747e+02 6.295648610000000645e+02 6.457893704000000525e+02 6.620072468000000754e+02 6.782185561999999663e+02 6.944233447999999953e+02 7.106216719999999896e+02 7.268135972000000038e+02 7.429991665999998531e+02 7.591784396000000470e+02 7.753514690000001792e+02 7.915183076000000710e+02 8.076790148000000045e+02 8.238336434000000281e+02 8.399822395999999571e+02 8.561248760000000857e+02 8.722615855999999894e+02 8.883924409999999625e+02 9.045174884000000475e+02 9.206367806000000655e+02 9.367503704000000653e+02 9.528583172000001014e+02 9.689606738000002224e+02 9.850574929999997948e+02 1.001148834200000010e+03 1.017234736999999996e+03
1.869589225039999974e+03 1.885454703679999966e+03 1.901317407020000019e+03 1.917177374659999941e+03 1.933034646199999997e+03 1.948889259260000017e+03 1.964741252119999899e+03 1.980590663059999997e+03 1.996437529369999993e+03 2.012281888537999976e+03 2.028123777391999965e+03 2.043963232660999893e+03 2.059800290612000026e+03 2.075634987248000016e+03 2.091467358307999802e+03 2.107297439299999951e+03 2.123125264939999852e+03 2.138950871000000006e+03 2.154774291140000059e+03 2.170595559679999951e+03 2.186414710940000077e+03 2.202231778580000082e+03 2.218046796260000065e+03 2.233859796319999987e+03 2.249670812419999947e+03 2.265479876240000067e+03 2.281287021439999990e+03 2.297092279039999994e+03 2.312895680720000200e+03 2.328697259479999957e+03 2.344497045019999860e+03 2.360295069020000028e+03 2.376091362499999832e+03 2.391885956480000004e+03 2.407678880659999777e+03 2.423470164739999746e+03 2.439259839740000189e+03 2.455047934700000042e+03 2.470834479980000197e+03 2.486619503299999906e+03 2.502403035020000061e+03 2.518185103519999757e+03 2.533965737179999905e+03 2.549744965700000193e+03 2.565522815479999736e+03 2.581299316220000037e+03 2.597074495639999896e+03 2.612848380139999790e+03 2.628620998760000020e+03 2.644392378559999997e+03
2.199693955999998707e+02 2.363755436000001282e+02 2.527737055999998574e+02 2.691639145999999982e+02 2.855462432000001627e+02 3.019207376000001659e+02 3.182874638000000687e+02 3.346464613999999074e+02 3.509978029999999762e+02 3.673415282000000843e+02 3.836777029999998376e+02 4.000063735999999608e+02 4.163276060000000598e+02 4.326414464000001772e+02 4.489479475999999067e+02 4.652471755999999914e+02 4.815391700000000128e+02 4.978240034000000378e+02 5.141017153999998754e+02 5.303723654000000352e+02 5.466360062000001108e+02 5.628927037999999357e+02 5.791424978000000010e+02 5.953854475999999067e+02 6.116216126000001623e+02 6.278510455999999067e+02 6.440737927999998647e+02 6.602899202000000969e+02 6.764994805999999699e+02 6.927025267999999869e+02 7.088991115999999693e+02 7.250892943999999716e+02 7.412731214000000364e+02 7.574506585999999970e+02 7.736219456000001173e+02 7.897870550000000094e+02 8.059460329999999431e+02 8.220989323999999669e+02 8.382458059999999023e+02 8.543867198000000371e+02 8.705217133999999533e+02 8.866508527999999387e+02 9.027741842000000361e+02 9.188917670000000726e+02 9.350036540000000969e+02 9.511099045999999362e+02 9.672105649999998604e+02 9.833056946000001517e+02 9.993953395999999429e+02 1.015479565999999977e+03
1.869666896480000105e+03 1.885532393599999978e+03 1.901395116079999980e+03 1.917255103519999921e+03 1.933112393540000085e+03 1.948967026400000123e+03 1.964819038399999954e+03 1.980668469140000070e+03 1.996515354919999936e+03 2.012359733755999969e+03 2.028201642343999993e+03 2.044041117373400084e+03 2.059878195163999862e+03 2.075712911732000066e+03 2.091545302856000035e+03 2.107375403846000154e+03 2.123203249879999930e+03 2.139028875739999876e+03 2.154852316340000016e+03 2.170673605339999995e+03 2.186492777060000208e+03 2.202309865159999845e+03 2.218124903299999914e+03 2.233937923819999924e+03 2.249748960379999971e+03 2.265558045320000019e+03 2.281365210980000029e+03 2.297170489040000120e+03 2.312973912500000097e+03 2.328775511719999940e+03 2.344575318379999771e+03 2.360373363499999869e+03 2.376169678100000056e+03 2.391964293200000157e+03 2.407757238499999858e+03 2.423548544360000051e+03 2.439338240479999968e+03 2.455126357220000045e+03 2.470912922959999833e+03 2.486697968059999766e+03 2.502481521560000147e+03 2.518263611840000067e+03 2.534044267279999985e+03 2.549823516920000202e+03 2.565601389139999810e+03 2.581377911659999882e+03 2.597153112200000123e+03 2.612927019140000084e+03 2.628699659540000084e+03 2.644471061119999831e+03
2.193653768000001492e+02 2.357709572000001117e+02 2.521685317999999825e+02 2.685581731999998283e+02 2.849399210000001403e+02 3.013138412000000699e+02 3.176799800000001142e+02 3.340384100000001126e+02 3.503891642000000957e+02 3.667323151999999027e+02 3.830679092000000310e+02 3.993960056000000804e+02 4.157166572000000997e+02 4.320299167999999099e+02 4.483358438000000206e+02 4.646344910000000255e+02 4.809259111999999732e+02 4.972101571999999123e+02 5.134872949999999037e+02 5.297573641999999836e+02 5.460204307999999855e+02 5.622765409999999520e+02 5.785257608000001710e+02 5.947681297999999970e+02 6.110037205999999514e+02 6.272325728000000709e+02 6.434547457999999551e+02 6.596702990000001137e+02 6.758792785999999069e+02 6.920817505999998502e+02 7.082777545999999802e+02 7.244673631999999088e+02 7.406506160000001273e+02 7.568275790000000143e+02 7.729982983999998396e+02 7.891628335999998853e+02 8.053212373999999727e+02 8.214735626000001503e+02 8.376198686000000180e+02 8.537602081999998518e+02 8.698946341999999277e+02 8.860232059999998455e+02 9.021459764000001087e+02 9.182629915999998502e+02 9.343743176000000403e+02 9.504800005999998120e+02 9.665801000000001295e+02 9.826746685999999045e+02 9.987637526000000889e+02 1.014847418000000062e+03
1.870796627059999992e+03 1.886663067319999982e+03 1.902526729639999985e+03 1.918387652299999900e+03 1.934245874899999990e+03 1.950101435060000085e+03 1.965954372379999995e+03 1.981804724480000004e+03 1.997652528386000085e+03 2.013497821850000037e+03 2.029340641766000090e+03 2.045181024922399956e+03 2.061019007672000043e+03 2.076854625997999847e+03 2.092687915844000145e+03 2.108518912586000170e+03 2.124347651600000063e+03 2.140174167140000009e+03 2.155998494779999874e+03 2.171820668180000212e+03 2.187640721660000054e+03 2.203458688879999954e+03 2.219274603500000012e+03 2.235088497860000189e+03 2.250900406279999970e+03 2.266710360439999931e+03 2.282518392680000034e+03 2.298324536000000080e+03 2.314128821419999895e+03 2.329931280620000052e+03 2.345731945940000060e+03 2.361530847739999899e+03 2.377328016380000008e+03 2.393123484199999893e+03 2.408917280239999855e+03 2.424709434859999874e+03 2.440499978419999934e+03 2.456288940620000176e+03 2.472076351159999831e+03 2.487862239080000109e+03 2.503646633419999944e+03 2.519429563220000091e+03 2.535211057519999940e+03 2.550991144040000108e+03 2.566769852479999827e+03 2.582547209899999871e+03 2.598323244019999947e+03 2.614097983879999902e+03 2.629871455880000212e+03 2.645643688399999974e+03
2.198292314000000260e+02 2.362354189999998653e+02 2.526336074000000735e+02 2.690238559999997960e+02 2.854062109999999848e+02 3.017807384000000184e+02 3.181474909999999454e+02 3.345065216000000419e+02 3.508578895999999077e+02 3.672016478000000461e+02 3.835378490000000511e+02 3.998665525999999772e+02 4.161878047999998671e+02 4.325016716000000088e+02 4.488082057999999961e+02 4.651074535999998716e+02 4.813994744000001447e+02 4.976843275999999605e+02 5.139620659999998225e+02 5.302327424000000065e+02 5.464964096000001064e+02 5.627531203999999434e+02 5.790029408000000331e+02 5.952459103999999570e+02 6.114821018000000095e+02 6.277115479999999934e+02 6.439343215999999757e+02 6.601504687999999987e+02 6.763600489999998899e+02 6.925631150000001526e+02 7.087597129999999197e+02 7.249499156000001676e+02 7.411337623999997959e+02 7.573113127999999961e+02 7.734826195999999072e+02 7.896477422000000388e+02 8.058067399999999907e+02 8.219596526000000267e+02 8.381065459999999803e+02 8.542474664000001212e+02 8.703824797999998282e+02 8.865116258000000471e+02 9.026349770000001627e+02 9.187525729999999839e+02 9.348644732000000204e+02 9.509707303999998658e+02 9.670714040000000296e+02 9.831665402000000995e+02 9.992562050000001364e+02 1.015340437999999949e+03
1.872977054539999926e+03 1.888845367220000071e+03 1.904710894040000085e+03 1.920573674600000004e+03 1.936433747179999955e+03 1.952291151379999974e+03 1.968145924160000050e+03 1.983998105119999991e+03 1.999847731022000062e+03 2.015694839552000076e+03 2.031539467867999974e+03 2.047381652745199972e+03 2.063221430707999843e+03 2.079058838030000061e+03 2.094893910536000021e+03 2.110726683800000046e+03 2.126557193000000098e+03 2.142385474040000190e+03 2.158211559920000127e+03 2.174035486939999828e+03 2.189857288100000005e+03 2.205676997720000145e+03 2.221494648800000050e+03 2.237310275660000116e+03 2.253123910639999849e+03 2.268935587399999804e+03 2.284745336959999804e+03 2.300553192979999949e+03 2.316359186480000062e+03 2.332163349800000105e+03 2.347965714620000199e+03 2.363766311960000166e+03 2.379565172179999990e+03 2.395362327620000087e+03 2.411157807319999847e+03 2.426951642300000003e+03 2.442743862260000242e+03 2.458534498219999932e+03 2.474323578559999987e+03 2.490111132980000093e+03 2.505897191179999936e+03 2.521681782199999816e+03 2.537464934420000191e+03 2.553246676879999995e+03 2.569027037299999847e+03 2.584806045379999887e+03 2.600583727520000139e+03 2.616360112759999993e+03 2.632135228160000224e+03 2.647909102099999927e+03
2.213612564000000020e+02 2.377692391999999018e+02 2.541692228000001705e+02 2.705612665999999535e+02 2.869454167999999754e+02 3.033217394000000695e+02 3.196902806000000510e+02 3.360511063999999806e+02 3.524042629999999008e+02 3.687498098000000937e+02 3.850877995999999257e+02 4.014182917999999063e+02 4.177413391999998566e+02 4.340569946000000527e+02 4.503653108000000884e+02 4.666663472000000183e+02 4.829601565999998911e+02 4.992467983999999888e+02 5.155263187999998991e+02 5.317987706000001253e+02 5.480642198000000462e+02 5.643227125999999316e+02 5.805743084000000636e+02 5.968190600000000359e+02 6.130570202000001245e+02 6.292882417999999234e+02 6.455127908000001753e+02 6.617307068000000072e+02 6.779420491999999285e+02 6.941468773999999939e+02 7.103452442000000246e+02 7.265372024000000692e+02 7.427228113999999550e+02 7.589021173999999519e+02 7.750751798000001145e+02 7.912420514000000367e+02 8.074027849999999944e+02 8.235574466000000484e+02 8.397060758000000078e+02 8.558487319999999272e+02 8.719854745999998613e+02 8.881163564000000861e+02 9.042414301999999680e+02 9.203607488000000103e+02 9.364743650000000343e+02 9.525823382000000947e+02 9.686847146000000066e+02 9.847815602000000581e+02 1.000872921200000064e+03 1.016958843800000068e+03
1.876204586540000037e+03 1.892075714779999998e+03 1.907944044620000113e+03 1.923809617639999942e+03 1.939672470799999928e+03 1.955532645020000018e+03 1.971390177259999973e+03 1.987245106459999988e+03 2.003097470438000073e+03 2.018947306682000089e+03 2.034794652547999931e+03 2.050639545042200098e+03 2.066482020788000227e+03 2.082322116157999972e+03 2.098159867207999923e+03 2.113995309775999885e+03 2.129828479039999820e+03 2.145659411300000102e+03 2.161488139820000015e+03 2.177314700240000093e+03 2.193139126879999822e+03 2.208961453400000210e+03 2.224781714119999833e+03 2.240599942039999860e+03 2.256416170160000092e+03 2.272230432140000175e+03 2.288042760979999912e+03 2.303853188359999876e+03 2.319661745960000189e+03 2.335468467440000040e+03 2.351273383159999867e+03 2.367076524799999788e+03 2.382877924039999925e+03 2.398677611240000260e+03 2.414475617420000162e+03 2.430271973599999910e+03 2.446066708819999803e+03 2.461859854100000121e+03 2.477651439140000093e+03 2.493441493639999862e+03 2.509230046640000182e+03 2.525017127839999830e+03 2.540802765620000173e+03 2.556586989020000146e+03 2.572369827080000050e+03 2.588151307520000046e+03 2.603931458720000137e+03 2.619710309059999872e+03 2.635487886259999868e+03 2.651264218039999832e+03
2.239607653999999002e+02 2.403717248000000382e+02 2.567746849999998631e+02 2.731697053999998843e+02 2.895568322000001444e+02 3.059361314000000220e+02 3.223076492000000144e+02 3.386714516000001822e+02 3.550275782000001072e+02 3.713761015999998563e+02 3.877170614000001478e+02 4.040505236000001332e+02 4.203765410000000884e+02 4.366951598000000558e+02 4.530064460000000963e+02 4.693104524000000310e+02 4.856072251999999025e+02 5.018968237999999928e+02 5.181793075999999019e+02 5.344547227999998995e+02 5.507231287999998131e+02 5.669845783999999185e+02 5.832391310000000431e+02 5.994868328000000020e+02 6.157277432000000772e+02 6.319619149999998626e+02 6.481894009999998616e+02 6.644102605999999014e+02 6.806245400000000245e+02 6.968323052000000644e+02 7.130336023999998361e+02 7.292284844000000703e+02 7.454170106000001397e+02 7.615992338000000927e+02 7.777752133999999842e+02 7.939449955999998565e+02 8.101086397999999917e+02 8.262661921999999777e+02 8.424177187999998750e+02 8.585632657999999537e+02 8.747028926000000411e+02 8.908366519999999582e+02 9.069645967999999812e+02 9.230867798000001585e+02 9.392032538000000841e+02 9.553140782000000399e+02 9.714193058000000747e+02 9.875189828000000034e+02 1.003613175199999887e+03 1.019701929199999995e+03
1.880477439739999909e+03 1.896352339219999976e+03 1.912224426440000116e+03 1.928093740340000068e+03 1.943960320520000096e+03 1.959824206580000009e+03 1.975685436140000093e+03 1.991544048470000007e+03 2.007400081387999990e+03 2.023253572646000066e+03 2.039104559798000082e+03 2.054953080067999963e+03 2.070799170218000199e+03 2.086642866877999950e+03 2.102484206413999800e+03 2.118323225059999913e+03 2.134159957400000167e+03 2.149994440460000078e+03 2.165826708560000043e+03 2.181656796020000002e+03 2.197484738480000033e+03 2.213310569599999781e+03 2.229134323700000095e+03 2.244956033779999871e+03 2.260775734159999956e+03 2.276593457840000156e+03 2.292409237819999817e+03 2.308223106440000265e+03 2.324035096699999940e+03 2.339845240279999871e+03 2.355653568860000178e+03 2.371460114779999913e+03 2.387264909720000105e+03 2.403067984039999828e+03 2.418869368759999816e+03 2.434669094899999891e+03 2.450467193479999878e+03 2.466263693540000077e+03 2.482058626099999856e+03 2.497852021520000108e+03 2.513643907520000084e+03 2.529434315779999906e+03 2.545223273359999894e+03 2.561010811279999871e+03 2.576796956600000158e+03 2.592581739019999986e+03 2.608365186920000269e+03 2.624147327359999963e+03 2.639928190040000118e+03 2.655707802019999690e+03
2.276257387999999082e+02 2.440408627999997861e+02 2.604479810000000271e+02 2.768471528000000035e+02 2.932384309999999914e+02 3.096218816000000515e+02 3.259975507999999991e+02 3.423654980000001160e+02 3.587257759999999962e+02 3.750784441999999217e+02 3.914235488000001624e+02 4.077611557999998695e+02 4.240913180000000011e+02 4.404140815999999177e+02 4.567295060000001286e+02 4.730376506000000063e+02 4.893385616000000482e+02 5.056322984000000815e+02 5.219189071999999214e+02 5.381984606000000895e+02 5.544709915999999339e+02 5.707365727999999763e+02 5.869952438000000257e+02 6.032470640000001367e+02 6.194920927999999094e+02 6.357303764000000683e+02 6.519619741999999860e+02 6.681869389999999385e+02 6.844053235999999742e+02 7.006171874000001480e+02 7.168225766000000476e+02 7.330215505999999550e+02 7.492141621999999188e+02 7.654004641999999876e+02 7.815805093999999826e+02 7.977543571999999585e+02 8.139220603999999639e+02 8.300836718000000474e+02 8.462392442000000301e+02 8.623888303999999607e+02 8.785324898000001212e+02 8.946702685999998721e+02 9.108022328000001835e+02 9.269284219999999550e+02 9.430488955999999234e+02 9.591637130000001434e+02 9.752729203999999754e+02 9.913765771999999288e+02 1.007474729600000046e+03 1.023567436999999927e+03
1.885790459540000029e+03 1.901670108380000102e+03 1.917546925820000070e+03 1.933420951459999969e+03 1.949292224900000065e+03 1.965160785080000096e+03 1.981026670940000031e+03 1.996889921618000017e+03 2.012750574866000079e+03 2.028608668897999905e+03 2.044464241472599952e+03 2.060317329991999941e+03 2.076167971568000212e+03 2.092016203021999900e+03 2.107862060917999770e+03 2.123705581820000134e+03 2.139546800839999833e+03 2.155385754079999970e+03 2.171222477840000010e+03 2.187057005780000054e+03 2.202889373540000179e+03 2.218719616100000167e+03 2.234547766459999821e+03 2.250373859599999832e+03 2.266197929179999846e+03 2.282020008200000120e+03 2.297840130319999844e+03 2.313658328540000184e+03 2.329474635200000193e+03 2.345289083300000129e+03 2.361101704520000112e+03 2.376912530539999807e+03 2.392721594359999926e+03 2.408528925680000157e+03 2.424334557499999846e+03 2.440138519520000045e+03 2.455940843419999965e+03 2.471741558900000200e+03 2.487540696980000121e+03 2.503338287359999867e+03 2.519134360399999878e+03 2.534928945139999996e+03 2.550722071279999909e+03 2.566513767859999916e+03 2.582304064580000158e+03 2.598092989820000184e+03 2.613880571959999997e+03 2.629666840699999739e+03 2.645451822439999887e+03 2.661235546879999674e+03
2.323531537999999728e+02 2.487736040000002049e+02 2.651860483999998905e+02 2.815905463999999938e+02 2.979871508000001086e+02 3.143759144000000560e+02 3.307569031999998970e+02 3.471301699999999073e+02 3.634957676000001356e+02 3.798537487999999485e+02 3.962041664000000765e+02 4.125470863999998983e+02 4.288825549999999112e+02 4.452106249999999363e+02 4.615313624000000345e+02 4.778448068000000148e+02 4.941510175999999319e+02 5.104500608000000739e+02 5.267419694000000163e+02 5.430268159999998261e+02 5.593046468000000004e+02 5.755755146000001332e+02 5.918394722000000456e+02 6.080965790000000197e+02 6.243468877999998767e+02 6.405904514000001200e+02 6.568273226000001159e+02 6.730575542000001406e+02 6.892812055999997938e+02 7.054983230000000276e+02 7.217089657999999872e+02 7.379131867999999486e+02 7.541110453999999663e+02 7.703025812000000769e+02 7.864878601999998864e+02 8.026669286000001193e+02 8.188398457999999209e+02 8.350066645999997945e+02 8.511674312000000100e+02 8.673222116000001733e+02 8.834710520000000997e+02 8.996140052000000651e+02 9.157511306000001241e+02 9.318824744000000919e+02 9.480080894000000171e+02 9.641280415999999605e+02 9.802423705999999584e+02 9.963511357999998381e+02 1.012454383400000097e+03 1.028552179400000114e+03
1.892137492099999918e+03 1.908022890199999893e+03 1.923905433800000083e+03 1.939785162500000069e+03 1.955662116559999959e+03 1.971536335580000014e+03 1.987407858829999896e+03 2.003276724457999990e+03 2.019142971404000036e+03 2.035006637881999950e+03 2.050867761941000026e+03 2.066726381167999989e+03 2.082582533018000049e+03 2.098436254549999830e+03 2.114287582460000067e+03 2.130136553840000033e+03 2.145983204000000114e+03 2.161827569239999775e+03 2.177669685859999845e+03 2.193509588840000106e+03 2.209347313159999885e+03 2.225182893140000033e+03 2.241016365080000014e+03 2.256847761320000245e+03 2.272677116840000053e+03 2.288504465959999834e+03 2.304329841020000003e+03 2.320153276340000048e+03 2.335974804259999928e+03 2.351794457779999902e+03 2.367612269239999932e+03 2.383428270979999979e+03 2.399242495340000005e+03 2.415054973339999833e+03 2.430865737319999880e+03 2.446674818299999970e+03 2.462482247299999926e+03 2.478288054680000187e+03 2.494092272119999961e+03 2.509894929319999846e+03 2.525696056639999824e+03 2.541495683780000036e+03 2.557293841100000009e+03 2.573090556979999747e+03 2.588885861780000141e+03 2.604679784540000128e+03 2.620472354300000006e+03 2.636263598779999938e+03 2.652053547680000065e+03 2.667842229379999935e+03
2.381388128000000961e+02 2.545657573999999386e+02 2.709846961999999166e+02 2.873956819999998515e+02 3.037987675999997919e+02 3.201940190000000257e+02 3.365814889999999195e+02 3.529612303999999767e+02 3.693332960000000185e+02 3.856977517999998781e+02 4.020546439999998256e+02 4.184040253999999095e+02 4.347459619999999632e+02 4.510805000000000291e+02 4.674076987999999346e+02 4.837276045999999496e+02 5.000402767999999014e+02 5.163457748000000720e+02 5.326441448000000491e+02 5.489354395999998815e+02 5.652197185999998510e+02 5.814970346000000063e+02 5.977674338000001626e+02 6.140309821999999258e+02 6.302877260000000206e+02 6.465377245999998195e+02 6.627810242000000471e+02 6.790176776000000700e+02 6.952477441999999428e+02 7.114712768000001688e+02 7.276883281999998871e+02 7.438989511999998285e+02 7.601031986000000416e+02 7.763011231999998927e+02 7.924927843999998913e+02 8.086782218000000739e+02 8.248575080000000526e+02 8.410306760000000850e+02 8.571977984000000106e+02 8.733589147999998659e+02 8.895140779999999268e+02 9.056633540000000266e+02 9.218067823999999746e+02 9.379444225999998253e+02 9.540763274000000820e+02 9.702025495999998839e+02 9.863231419999999616e+02 1.002438157399999909e+03 1.018547641999999996e+03 1.034651661800000056e+03
1.899485249659999909e+03 1.915377413420000039e+03 1.931266696279999906e+03 1.947153138500000068e+03 1.963036781000000019e+03 1.978917662719999953e+03 1.994795822929999986e+03 2.010671300965999990e+03 2.026544135569999980e+03 2.042414365154000052e+03 2.058282027998000103e+03 2.074147161920000144e+03 2.090009804671999973e+03 2.105869993543999954e+03 2.121727765759999784e+03 2.137583157619999838e+03 2.153436206479999782e+03 2.169286947319999854e+03 2.185135417760000109e+03 2.200981652120000035e+03 2.216825686040000164e+03 2.232667555819999961e+03 2.248507294460000139e+03 2.264344938260000163e+03 2.280180520219999835e+03 2.296014075319999847e+03 2.311845637219999844e+03 2.327675239579999925e+03 2.343502915399999893e+03 2.359328697680000005e+03 2.375152619420000065e+03 2.390974713619999875e+03 2.406795011960000011e+03 2.422613546779999979e+03 2.438430349759999899e+03 2.454245453240000188e+03 2.470058887579999919e+03 2.485870684460000120e+03 2.501680874900000163e+03 2.517489489260000028e+03 2.533296557900000153e+03 2.549102111839999907e+03 2.564906180120000045e+03 2.580708793759999935e+03 2.596509981799999878e+03 2.612309773279999717e+03 2.628108197239999754e+03 2.643905284039999970e+03 2.659701061400000071e+03 2.675495558359999904e+03
2.449770727999998599e+02 2.614116734000001543e+02 2.778382615999998961e+02 2.942568902000000435e+02 3.106676185999999689e+02 3.270705061999999543e+02 3.434656058000000485e+02 3.598529767999998512e+02 3.762326720000000932e+02 3.926047507999999198e+02 4.089692660000000615e+02 4.253262703999998848e+02 4.416758168000001206e+02 4.580179712000001473e+02 4.743527732000000015e+02 4.906802887999999712e+02 5.070005707999998776e+02 5.233136653999999908e+02 5.396196385999999166e+02 5.559185299999999188e+02 5.722104056000000583e+02 5.884953116000001501e+02 6.047733074000000215e+02 6.210444392000001699e+02 6.373087663999999677e+02 6.535663352000001396e+02 6.698172050000000581e+02 6.860614285999999993e+02 7.022990588000000116e+02 7.185301484000001437e+02 7.347547567999999956e+02 7.509729236000000583e+02 7.671847081999999318e+02 7.833901634000001195e+02 7.995893485999999939e+02 8.157823034000000462e+02 8.319690938000001097e+02 8.481497659999999996e+02 8.643243728000002193e+02 8.804929669999999078e+02 8.966556080000000293e+02 9.128123353999999381e+02 9.289632152000001497e+02 9.451082935999997972e+02 9.612476234000000659e+02 9.773812574000000950e+02 9.935092484000001605e+02 1.009631642600000077e+03 1.025748505999999907e+03 1.041859878199999912e+03
1.907788645639999913e+03 1.923688603999999941e+03 1.939585653079999929e+03 1.955479833139999982e+03 1.971371185100000048e+03 1.987259747900000093e+03 2.003145561799999996e+03 2.019028665673999967e+03 2.034909098593999943e+03 2.050786899202999848e+03 2.066662105880000126e+03 2.082534756806000132e+03 2.098404889832000208e+03 2.114272542380000232e+03 2.130137752399999954e+03 2.146000556059999781e+03 2.161860990319999928e+03 2.177719091479999861e+03 2.193574896499999795e+03 2.209428441019999809e+03 2.225279760020000140e+03 2.241128890460000093e+03 2.256975865339999928e+03 2.272820721619999858e+03 2.288663492300000144e+03 2.304504213019999952e+03 2.320342916779999996e+03 2.336179638560000058e+03 2.352014410700000099e+03 2.367847268179999901e+03 2.383678242019999743e+03 2.399507367199999862e+03 2.415334674740000082e+03 2.431160197639999751e+03 2.446983968239999740e+03 2.462806018220000169e+03 2.478626379260000249e+03 2.494445083040000100e+03 2.510262159920000158e+03 2.526077642239999932e+03 2.541891559700000016e+03 2.557703943319999780e+03 2.573514823460000116e+03 2.589324229820000255e+03 2.605132192760000180e+03 2.620938741980000032e+03 2.636743907179999951e+03 2.652547716739999942e+03 2.668350200359999690e+03 2.684151387740000246e+03
2.528613932000000659e+02 2.693048047999998289e+02 2.857401973999999427e+02 3.021676238000000012e+02 3.185871368000000530e+02 3.349988090000001648e+02 3.514026865999999245e+02 3.677988289999998415e+02 3.841872889999999643e+02 4.005681259999998929e+02 4.169413993999999093e+02 4.333071554000000560e+02 4.496654533999999330e+02 4.660163528000000497e+02 4.823599063999999998e+02 4.986961670000000595e+02 5.150251808000000437e+02 5.313470138000000134e+02 5.476617188000000169e+02 5.639693419999998696e+02 5.802699427999998534e+02 5.965635740000000169e+02 6.128502883999999540e+02 6.291301387999999406e+02 6.454031779999997980e+02 6.616694588000000294e+02 6.779290406000000075e+02 6.941819629999999961e+02 7.104282919999998285e+02 7.266680738000000019e+02 7.429013612000001103e+02 7.591282069999999749e+02 7.753486639999998715e+02 7.915627849999998489e+02 8.077706293999999616e+02 8.239722368000000188e+02 8.401676666000000751e+02 8.563569715999999516e+02 8.725402045999999245e+02 8.887174184000000423e+02 9.048886592000001201e+02 9.210539863999999852e+02 9.372134461999999075e+02 9.533670980000001691e+02 9.695149814000001243e+02 9.856571624000000611e+02 1.001793687200000022e+03 1.017924602000000050e+03 1.034049972799999978e+03 1.050169832600000063e+03
1.917105576559999918e+03 1.933014386179999974e+03 1.948920255499999939e+03 1.964823224120000077e+03 1.980723332300000038e+03 1.996620620696000060e+03 2.012515128248000110e+03 2.028406894687999966e+03 2.044295959002200107e+03 2.060182360123999842e+03 2.076066136603999894e+03 2.091947326808000071e+03 2.107825968686000124e+03 2.123702100320000227e+03 2.139575758339999993e+03 2.155446980960000019e+03 2.171315805140000066e+03 2.187182267180000053e+03 2.203046403379999902e+03 2.218908250039999984e+03 2.234767842799999926e+03 2.250625218619999941e+03 2.266480411160000131e+03 2.282333456719999958e+03 2.298184389619999820e+03 2.314033245499999794e+03 2.329880057360000137e+03 2.345724859519999882e+03 2.361567686960000174e+03 2.377408572020000065e+03 2.393247549679999793e+03 2.409084650960000090e+03 2.424919910839999829e+03 2.440753360339999745e+03 2.456585033119999935e+03 2.472414960860000065e+03 2.488243175239999800e+03 2.504069708600000013e+03 2.519894591960000071e+03 2.535717857000000095e+03 2.551539534080000067e+03 2.567359655539999949e+03 2.583178250420000040e+03 2.598995349740000165e+03 2.614810983860000306e+03 2.630625183139999990e+03 2.646437976619999972e+03 2.662249393999999938e+03 2.678059464980000030e+03 2.693868218600000091e+03
2.617858142000000043e+02 2.782391984000000775e+02 2.946845438000000286e+02 3.111219098000001395e+02 3.275513558000000103e+02 3.439729478000001563e+02 3.603867320000001655e+02 3.767927810000001045e+02 3.931911344000000099e+02 4.095818581999999424e+02 4.259650117999999566e+02 4.423406480000001011e+02 4.587088195999999698e+02 4.750695860000000721e+02 4.914229933999999957e+02 5.077691078000000289e+02 5.241079819999999927e+02 5.404396621999999297e+02 5.567642078000001220e+02 5.730816781999999421e+02 5.893921129999998811e+02 6.056955781999999999e+02 6.219921200000001136e+02 6.382817978000000494e+02 6.545646578000000773e+02 6.708407593999997971e+02 6.871101488000001609e+02 7.033728788000000804e+02 7.196290088000000651e+02 7.358785915999999361e+02 7.521216733999999633e+02 7.683583003999999619e+02 7.845885385999999926e+02 8.008124408000001040e+02 8.170300466000001052e+02 8.332414154000000508e+02 8.494465933999999834e+02 8.656456400000001850e+02 8.818386080000000220e+02 8.980255435999999918e+02 9.142064995999999155e+02 9.303815288000000692e+02 9.465506840000000466e+02 9.627140113999998903e+02 9.788715704000001097e+02 9.950234072000000651e+02 1.011169568000000027e+03 1.027310118800000055e+03 1.043445099199999959e+03 1.059574562000000014e+03
1.927430222539999932e+03 1.943348953940000001e+03 1.959264710059999970e+03 1.975177530500000103e+03 1.991087455981999938e+03 2.006994526303999919e+03 2.022898781264000036e+03 2.038800260462000097e+03 2.054699003102000006e+03 2.070595048124000186e+03 2.086488434270000198e+03 2.102379200083999876e+03 2.118267383779999818e+03 2.134153022779999901e+03 2.150036155759999929e+03 2.165916819019999821e+03 2.181795050839999931e+03 2.197670887520000178e+03 2.213544365360000029e+03 2.229415521320000153e+03 2.245284391700000015e+03 2.261151011479999852e+03 2.277015417619999880e+03 2.292877644440000040e+03 2.308737726920000114e+03 2.324595700699999725e+03 2.340451600100000178e+03 2.356305460099999891e+03 2.372157313700000032e+03 2.388007195220000085e+03 2.403855138979999992e+03 2.419701177980000011e+03 2.435545344560000103e+03 2.451387673039999754e+03 2.467228195759999835e+03 2.483066945059999853e+03 2.498903952619999927e+03 2.514739251439999862e+03 2.530572872539999935e+03 2.546404847599999812e+03 2.562235208959999909e+03 2.578063986319999913e+03 2.593891212020000239e+03 2.609716915760000120e+03 2.625541128559999834e+03 2.641363880779999818e+03 2.657185202120000213e+03 2.673005122279999796e+03 2.688823671619999914e+03 2.704640879179999956e+03
2.717493920000001708e+02 2.882138774000000012e+02 3.046703041999999186e+02 3.211187318000002051e+02 3.375592328000000180e+02 3.539918600000000879e+02 3.704166662000000088e+02 3.868337240000000747e+02 4.032430796000001010e+02 4.196447990000001482e+02 4.360389350000000377e+02 4.524255404000000453e+02 4.688046812000000045e+02 4.851764102000001913e+02 5.015407801999999720e+02 5.178978440000000774e+02 5.342476610000001074e+02 5.505902839999998832e+02 5.669257658000001356e+02 5.832541658000000098e+02 5.995755368000000090e+02 6.158899249999999483e+02 6.321973963999998887e+02 6.484979906000000938e+02 6.647917669999999362e+02 6.810787783999999192e+02 6.973590776000000915e+02 7.136327173999998195e+02 7.298997506000000612e+02 7.461602233999999498e+02 7.624141951999999947e+02 7.786617188000000169e+02 7.949028404000000592e+02 8.111376127999999426e+02 8.273660888000001705e+02 8.435883278000001155e+02 8.598043694000000414e+02 8.760142663999999968e+02 8.922180782000000363e+02 9.084158443999999690e+02 9.246076310000000831e+02 9.407934776000001875e+02 9.569734370000001036e+02 9.731475686000001133e+02 9.893159120000000257e+02 1.005478526600000123e+03 1.021635451999999987e+03 1.037786754199999905e+03 1.053932472799999914e+03 1.070072660599999836e+03
