4.008474071600000116e+03 4.008336468200000127e+03 4.008199656799999957e+03 4.008063643999999840e+03 4.007928416600000219e+03 4.007793981200000417e+03 4.007660324599999967e+03 4.007527453400000013e+03 4.007395354400000087e+03 4.007264034199999969e+03 4.007133479600000101e+03 4.007003690600000027e+03 4.006874667199999749e+03 4.006746409399999720e+03 4.006618903999999930e+03 4.006492157600000155e+03 4.006366156999999930e+03 4.006240915399999722e+03 4.006116412999999739e+03 4.005992656399999760e+03 4.005869639000000006e+03 4.005747367400000257e+03 4.005625821799999812e+03 4.005505015400000048e+03 4.005384941600000275e+03 4.005265593799999806e+03 4.005146965400000227e+03 4.005029069600000184e+03 4.004911886599999889e+03 4.004795429599999807e+03 4.004679685400000380e+03 4.004564653999999791e+03 4.004450335399999858e+03 4.004336722999999893e+03 4.004223823399999674e+03 4.004111630000000332e+03 4.004000136199999815e+03 4.003889341999999942e+03 4.003779247399999804e+03 4.003669852399999854e+03 4.003561150399999860e+03 4.003453141400000277e+03 4.003345825399999740e+03 4.003239195799999834e+03 4.003133259199999884e+03 4.003028002399999878e+03 4.002923432000000048e+03 4.002819547999999941e+03 4.002716337199999998e+03 4.002613812800000233e+03
3.944476617199999964e+03 3.944266862599999968e+03 3.944058262999999897e+03 3.943850818400000207e+03 3.943644522200000210e+03 3.943439367800000127e+03 3.943235348600000179e+03 3.943032464599999912e+03 3.942830709200000001e+03 3.942630075799999759e+03 3.942430564399999639e+03 3.942232161799999631e+03 3.942034867999999733e+03 3.941838682999999946e+03 3.941643587000000025e+03 3.941449593199999981e+03 3.941256675200000245e+03 3.941064846199999920e+03 3.940874092999999903e+03 3.940684408999999960e+03 3.940495794200000091e+03 3.940308242000000064e+03 3.940121739199999865e+03 3.939936285799999951e+03 3.939751881799999865e+03 3.939568514000000050e+03 3.939386182400000052e+03 3.939204873800000314e+03 3.939024588199999926e+03 3.938845325600000251e+03 3.938667072799999914e+03 3.938489823200000046e+03 3.938313576800000192e+03 3.938138326999999663e+03 3.937964060600000266e+03 3.937790784199999962e+03 3.937618491199999880e+03 3.937447168400000010e+03 3.937276809200000116e+03 3.937107420199999979e+03 3.936938988199999585e+03 3.936771506600000066e+03 3.936604975400000058e+03 3.936439381400000002e+03 3.936274731200000133e+03 3.936111011599999983e+03 3.935948215999999775e+03 3.935786344399999962e+03 3.935625383600000077e+03 3.935465340200000355e+03
3.830418604999999843e+03 3.830293832000000293e+03 3.830169778399999814e+03 3.830046437599999990e+03 3.829923803000000134e+03 3.829801874599999792e+03 3.829680658999999650e+03 3.829560136399999919e+03 3.829440313399999923e+03 3.829321190000000115e+03 3.829202759599999808e+03 3.829085022199999912e+03 3.828967971199999738e+03 3.828851599999999962e+03 3.828735915199999909e+03 3.828620916800000032e+03 3.828506591599999865e+03 3.828392939600000318e+03 3.828279960800000026e+03 3.828167655199999899e+03 3.828056016200000158e+03 3.827945043799999894e+03 3.827834738000000016e+03 3.827725092200000290e+03 3.827616106399999808e+03 3.827507780599999933e+03 3.827400108199999977e+03 3.827293089199999940e+03 3.827186723599999823e+03 3.827081004799999846e+03 3.826975932800000010e+03 3.826871507599999859e+03 3.826767722600000070e+03 3.826664584399999967e+03 3.826562086400000226e+03 3.826460221999999703e+03 3.826358997799999997e+03 3.826258407199999965e+03 3.826158450199999606e+03 3.826059120200000052e+03 3.825960423800000171e+03 3.825862354400000186e+03 3.825764912000000095e+03 3.825668096600000354e+03 3.825571901600000274e+03 3.825476326999999856e+03 3.825381372800000008e+03 3.825287038999999822e+03 3.825193325600000207e+03 3.825100226000000021e+03
3.763928112800000235e+03 3.763739319799999976e+03 3.763551569600000221e+03 3.763364862200000061e+03 3.763179191000000174e+03 3.762994542800000090e+03 3.762810930799999824e+03 3.762628328599999804e+03 3.762446749400000044e+03 3.762266186599999855e+03 3.762086620399999902e+03 3.761908064000000195e+03 3.761730497600000035e+03 3.761553927800000110e+03 3.761378341399999954e+03 3.761203738400000020e+03 3.761030112200000076e+03 3.760857456200000343e+03 3.760685770399999910e+03 3.760515041599999677e+03 3.760345269800000096e+03 3.760176454999999805e+03 3.760008577399999922e+03 3.759841650200000004e+03 3.759675653600000260e+03 3.759510587599999781e+03 3.759346445600000152e+03 3.759183227600000009e+03 3.759020920400000250e+03 3.758859530600000198e+03 3.758699038400000063e+03 3.758539450400000078e+03 3.758380760000000009e+03 3.758222953999999845e+03 3.758066039000000274e+03 3.757910001799999918e+03 3.757754835799999910e+03 3.757600540999999794e+03 3.757447110799999791e+03 3.757294545199999902e+03 3.757142831000000115e+03 3.756991968199999974e+03 3.756841950200000156e+03 3.756692777000000206e+03 3.756544435400000111e+03 3.756396925399999873e+03 3.756250246999999945e+03 3.756104380400000082e+03 3.755959338800000296e+03 3.755815109000000120e+03
3.652323465800000122e+03 3.652211344999999710e+03 3.652099857799999882e+03 3.651989010799999960e+03 3.651878790799999933e+03 3.651769204400000035e+03 3.651660245000000032e+03 3.651551905999999690e+03 3.651444194000000152e+03 3.651337095800000043e+03 3.651230624599999828e+03 3.651124760600000172e+03 3.651019516999999723e+03 3.650914880600000288e+03 3.650810851400000047e+03 3.650707436000000143e+03 3.650604621200000111e+03 3.650502406999999948e+03 3.650400800000000345e+03 3.650299786999999924e+03 3.650199374599999828e+03 3.650099556199999824e+03 3.650000331799999913e+03 3.649901701400000093e+03 3.649803658400000131e+03 3.649706209400000262e+03 3.649609341200000017e+03 3.649513060400000086e+03 3.649417360399999779e+03 3.649322247799999786e+03 3.649227709400000094e+03 3.649133751800000027e+03 3.649040368400000261e+03 3.648947565800000120e+03 3.648855337400000280e+03 3.648763676600000053e+03 3.648672590000000127e+03 3.648582070999999814e+03 3.648492126199999802e+03 3.648402742399999624e+03 3.648313926199999969e+03 3.648225671000000148e+03 3.648137983399999939e+03 3.648050856800000020e+03 3.647964284599999701e+03 3.647878279999999904e+03 3.647792823200000385e+03 3.647707934000000023e+03 3.647623592599999938e+03 3.647539805600000363e+03
3.583322373199999674e+03 3.583154271200000039e+03 3.582987106399999902e+03 3.582820865600000161e+03 3.582655542200000127e+03 3.582491142799999579e+03 3.582327654199999870e+03 3.582165076400000089e+03 3.582003402800000003e+03 3.581842626800000289e+03 3.581682741800000258e+03 3.581523754400000144e+03 3.581365644800000155e+03 3.581208419599999615e+03 3.581052072200000111e+03 3.580896595999999590e+03 3.580741984400000092e+03 3.580588237399999798e+03 3.580435341800000060e+03 3.580283304200000202e+03 3.580132111400000213e+03 3.579981763400000091e+03 3.579832247000000280e+03 3.579683568800000103e+03 3.579535722200000237e+03 3.579388694000000214e+03 3.579242490800000269e+03 3.579097092799999700e+03 3.578952513199999885e+03 3.578808732200000122e+03 3.578665756399999736e+03 3.578523572600000080e+03 3.578382180800000242e+03 3.578241574399999990e+03 3.578101746800000001e+03 3.577962698000000273e+03 3.577824421399999665e+03 3.577686916999999994e+03 3.577550171599999885e+03 3.577414185200000247e+03 3.577278951199999938e+03 3.577144469599999866e+03 3.577010740400000032e+03 3.576877743799999735e+03 3.576745486400000118e+03 3.576613961600000039e+03 3.576483169399999952e+03 3.576353096599999844e+03 3.576223743200000172e+03 3.576095109199999570e+03
3.474148644800000056e+03 3.474049050800000259e+03 3.473950017799999841e+03 3.473851545800000167e+03 3.473753628200000094e+03 3.473656264999999621e+03 3.473559449600000335e+03 3.473463188599999739e+03 3.473367475399999876e+03 3.473272310000000289e+03 3.473177685800000290e+03 3.473083602799999881e+03 3.472990067599999747e+03 3.472897066999999879e+03 3.472804607600000054e+03 3.472712676199999805e+03 3.472621285999999600e+03 3.472530430400000114e+03 3.472440102800000204e+03 3.472350303199999871e+03 3.472261031600000024e+03 3.472172287999999753e+03 3.472084072399999968e+03 3.471996378199999981e+03 3.471909205400000246e+03 3.471822554000000309e+03 3.471736417399999937e+03 3.471650808800000050e+03 3.471565708399999949e+03 3.471481129400000100e+03 3.471397065199999815e+03 3.471313509200000226e+03 3.471230468000000201e+03 3.471147941600000195e+03 3.471065923399999974e+03 3.470984406800000215e+03 3.470903405000000021e+03 3.470822904800000288e+03 3.470742912800000340e+03 3.470663422399999945e+03 3.470584440200000245e+03 3.470505952999999863e+03 3.470427967399999943e+03 3.470350483400000030e+03 3.470273500999999669e+03 3.470197013599999991e+03 3.470121021200000087e+03 3.470045523800000410e+03 3.469970527999999831e+03 3.469896020600000156e+03
3.402686082199999873e+03 3.402538407199999710e+03 3.402391550600000301e+03 3.402245505800000046e+03 3.402100272800000312e+03 3.401955844999999954e+03 3.401812215799999649e+03 3.401669378600000073e+03 3.401527339999999640e+03 3.401386086800000157e+03 3.401245619000000261e+03 3.401105930000000171e+03 3.400967019800000344e+03 3.400828875199999857e+03 3.400691502800000308e+03 3.400554889400000320e+03 3.400419028400000116e+03 3.400283926399999928e+03 3.400149576799999977e+03 3.400015966400000252e+03 3.399883095199999843e+03 3.399750963200000115e+03 3.399619563799999924e+03 3.399488890399999946e+03 3.399358936399999948e+03 3.399229708400000163e+03 3.399101186599999892e+03 3.398973384200000055e+03 3.398846281399999953e+03 3.398719878200000039e+03 3.398594174599999860e+03 3.398469164000000092e+03 3.398344846400000279e+03 3.398221208599999954e+03 3.398098257200000262e+03 3.397975972400000046e+03 3.397854367400000228e+03 3.397733428999999887e+03 3.397613157199999932e+03 3.397493545400000130e+03 3.397374587000000247e+03 3.397256281999999828e+03 3.397138623800000005e+03 3.397021612399999867e+03 3.396905247799999870e+03 3.396789510200000223e+03 3.396674412800000027e+03 3.396559942400000182e+03 3.396446105600000010e+03 3.396332882599999721e+03
3.295900999399999819e+03 3.295813859599999887e+03 3.295727208199999950e+03 3.295641038599999774e+03 3.295555350800000269e+03 3.295470138200000292e+03 3.295385413999999855e+03 3.295301164999999855e+03 3.295217384600000059e+03 3.295134086000000025e+03 3.295051262599999973e+03 3.294968901199999891e+03 3.294887021599999571e+03 3.294805604000000130e+03 3.294724654999999984e+03 3.294644174600000042e+03 3.294564156200000070e+03 3.294484599800000069e+03 3.294405512000000272e+03 3.294326879600000211e+03 3.294248709200000121e+03 3.294171000800000002e+03 3.294093747800000074e+03 3.294016950199999883e+03 3.293940614600000117e+03 3.293864727799999855e+03 3.293789296400000239e+03 3.293714320399999906e+03 3.293639793199999986e+03 3.293565721400000257e+03 3.293492091799999798e+03 3.293418917599999986e+03 3.293346185600000354e+03 3.293273909000000003e+03 3.293202074599999833e+03 3.293130682400000296e+03 3.293059739000000263e+03 3.292989231200000177e+03 3.292919172200000048e+03 3.292849555400000099e+03 3.292780380799999875e+03 3.292711641800000052e+03 3.292643344999999954e+03 3.292575483800000256e+03 3.292508064799999829e+03 3.292441081400000257e+03 3.292374533600000177e+03 3.292308421400000043e+03 3.292242738200000076e+03 3.292177497199999834e+03
3.221998496000000159e+03 3.221871023600000171e+03 3.221744257399999697e+03 3.221618184200000087e+03 3.221492817199999990e+03 3.221368136600000071e+03 3.221244149000000107e+03 3.221120847799999865e+03 3.220998226400000021e+03 3.220876284800000121e+03 3.220755009800000153e+03 3.220634414600000127e+03 3.220514479399999800e+03 3.220395210800000314e+03 3.220276595600000292e+03 3.220158640399999967e+03 3.220041331999999784e+03 3.219924670399999741e+03 3.219808655599999838e+03 3.219693274399999609e+03 3.219578533400000197e+03 3.219464419400000224e+03 3.219350932399999692e+03 3.219238072399999965e+03 3.219125826200000120e+03 3.219014200399999936e+03 3.218903188399999635e+03 3.218792777000000115e+03 3.218682979400000022e+03 3.218573775800000021e+03 3.218465166200000112e+03 3.218357157200000074e+03 3.218249735599999894e+03 3.218142894800000249e+03 3.218036641400000008e+03 3.217930968799999846e+03 3.217825863800000207e+03 3.217721332999999959e+03 3.217617376400000012e+03 3.217513974200000121e+03 3.217411139599999842e+03 3.217308859400000074e+03 3.217207133599999906e+03 3.217105962200000249e+03 3.217005338599999959e+03 3.216905256199999712e+03 3.216805714999999964e+03 3.216706715000000258e+03 3.216608249599999908e+03 3.216510312200000044e+03
3.117588093200000003e+03 3.117513367999999900e+03 3.117439065200000186e+03 3.117365165000000161e+03 3.117291680600000291e+03 3.117218605400000342e+03 3.117145932800000082e+03 3.117073669399999744e+03 3.117001815199999783e+03 3.116930357000000186e+03 3.116859308000000055e+03 3.116788661600000069e+03 3.116718411199999991e+03 3.116648563400000057e+03 3.116579118200000266e+03 3.116510062400000152e+03 3.116441409199999725e+03 3.116373152000000118e+03 3.116305290799999966e+03 3.116237818999999945e+03 3.116170749800000067e+03 3.116104063400000086e+03 3.116037773000000016e+03 3.115971872000000076e+03 3.115906367000000046e+03 3.115841244799999913e+03 3.115776512000000366e+03 3.115712168600000041e+03 3.115648214599999847e+03 3.115584643400000004e+03 3.115521461600000293e+03 3.115458662600000025e+03 3.115396246400000109e+03 3.115334219600000324e+03 3.115272569000000203e+03 3.115211307800000213e+03 3.115150422799999888e+03 3.115089920599999914e+03 3.115029801200000293e+03 3.114970057999999881e+03 3.114910691000000043e+03 3.114851706800000102e+03 3.114793105400000059e+03 3.114734873600000356e+03 3.114677024600000095e+03 3.114619545200000175e+03 3.114562448599999698e+03 3.114505721600000015e+03 3.114449370799999997e+03 3.114393396200000097e+03
3.041274642800000038e+03 3.041167161800000031e+03 3.041060274800000116e+03 3.040953981800000292e+03 3.040848269600000094e+03 3.040743144799999754e+03 3.040638594200000171e+03 3.040534624400000212e+03 3.040431222199999866e+03 3.040328394199999821e+03 3.040226127200000064e+03 3.040124427799999921e+03 3.040023282799999834e+03 3.039922692199999801e+03 3.039822662600000058e+03 3.039723174199999903e+03 3.039624233600000025e+03 3.039525834199999736e+03 3.039427969399999711e+03 3.039330645799999729e+03 3.039233850200000234e+03 3.039137582599999860e+03 3.039041842999999972e+03 3.038946624799999881e+03 3.038851928000000044e+03 3.038757739399999991e+03 3.038664065599999958e+03 3.038570899999999710e+03 3.038478242600000158e+03 3.038386086800000157e+03 3.038294425999999930e+03 3.038203266800000165e+03 3.038112595999999940e+03 3.038022413600000164e+03 3.037932719599999928e+03 3.037843514000000141e+03 3.037754783599999882e+03 3.037666528400000061e+03 3.037578748400000222e+03 3.037491443599999911e+03 3.037404607399999804e+03 3.037318233200000122e+03 3.037232320999999956e+03 3.037146870800000215e+03 3.037061875999999756e+03 3.036977343200000178e+03 3.036893252599999869e+03 3.036809617400000207e+03 3.036726424399999814e+03 3.036643680199999835e+03
2.939218816399999923e+03 2.939156512399999883e+03 2.939094551600000159e+03 2.939032933999999841e+03 2.938971653000000060e+03 2.938910715200000141e+03 2.938850107400000070e+03 2.938789842799999860e+03 2.938729908199999954e+03 2.938670316799999910e+03 2.938611055400000168e+03 2.938552123999999822e+03 2.938493529200000012e+03 2.938435264400000051e+03 2.938377329599999939e+03 2.938319731399999910e+03 2.938262456599999950e+03 2.938205511799999840e+03 2.938148897000000034e+03 2.938092612200000076e+03 2.938036657399999967e+03 2.937981019400000150e+03 2.937925717999999961e+03 2.937870733400000063e+03 2.937816078800000014e+03 2.937761747600000035e+03 2.937707739800000127e+03 2.937654055400000289e+03 2.937600694400000066e+03 2.937547656799999913e+03 2.937494936000000052e+03 2.937442538599999807e+03 2.937390464600000087e+03 2.937338713999999982e+03 2.937287280200000168e+03 2.937236163200000192e+03 2.937185369599999831e+03 2.937134892799999761e+03 2.937084732799999983e+03 2.937034889600000042e+03 2.936985363199999938e+03 2.936936160199999904e+03 2.936887267399999928e+03 2.936838691400000243e+03 2.936790432199999941e+03 2.936742489799999930e+03 2.936694857599999978e+03 2.936647542199999862e+03 2.936600543600000037e+03 2.936553855199999816e+03
2.860517314400000032e+03 2.860429653199999848e+03 2.860342480400000113e+03 2.860255782799999906e+03 2.860169566999999915e+03 2.860083819800000128e+03 2.859998547799999869e+03 2.859913744399999814e+03 2.859829403000000184e+03 2.859745523600000070e+03 2.859662099600000147e+03 2.859579137600000195e+03 2.859496630999999979e+03 2.859414566599999944e+03 2.859332957600000100e+03 2.859251790799999981e+03 2.859171072799999820e+03 2.859090783799999826e+03 2.859010937000000013e+03 2.858931525800000145e+03 2.858852543599999990e+03 2.858773990400000002e+03 2.858695859599999949e+03 2.858618151200000284e+03 2.858540865200000098e+03 2.858463995000000068e+03 2.858387540599999738e+03 2.858311495399999785e+03 2.858235859400000209e+03 2.858160632600000099e+03 2.858085808400000133e+03 2.858011386799999855e+03 2.857937361199999941e+03 2.857863731599999937e+03 2.857790497999999843e+03 2.857717653799999880e+03 2.857645199000000048e+03 2.857573127000000113e+03 2.857501437800000076e+03 2.857430138000000170e+03 2.857359207800000149e+03 2.857288660400000026e+03 2.857218482600000243e+03 2.857148674399999891e+03 2.857079242400000112e+03 2.857010173399999985e+03 2.856941474000000198e+03 2.856873130999999830e+03 2.856805157599999802e+03 2.856737533999999869e+03
2.760803563999999824e+03 2.760753701000000092e+03 2.760704115200000160e+03 2.760654793400000017e+03 2.760605748800000129e+03 2.760556968200000028e+03 2.760508458199999950e+03 2.760460218799999893e+03 2.760412243400000079e+03 2.760364538599999833e+03 2.760317091200000050e+03 2.760269921000000068e+03 2.760223008200000095e+03 2.760176366000000144e+03 2.760129981199999747e+03 2.760083867000000282e+03 2.760038010199999917e+03 2.759992417399999795e+03 2.759947095200000149e+03 2.759902023799999824e+03 2.759857222999999976e+03 2.759812672999999904e+03 2.759768393599999854e+03 2.759724371600000268e+03 2.759680606999999782e+03 2.759637106399999993e+03 2.759593856599999981e+03 2.759550877399999990e+03 2.759508149000000230e+03 2.759465678000000025e+03 2.759423471000000063e+03 2.759381514799999877e+03 2.759339822599999934e+03 2.759298381200000222e+03 2.759257197200000064e+03 2.759216270599999916e+03 2.759175601400000232e+03 2.759135189600000103e+03 2.759095028599999750e+03 2.759055124999999862e+03 2.759015478799999983e+03 2.758976083399999879e+03 2.758936945399999786e+03 2.758898058199999923e+03 2.758859421799999836e+03 2.758821042800000214e+03 2.758782921200000146e+03 2.758745043800000076e+03 2.758707423800000015e+03 2.758670054600000185e+03
2.679733143800000107e+03 2.679665165780000279e+03 2.679597561319999841e+03 2.679530326459999742e+03 2.679463460540000142e+03 2.679396960919999856e+03 2.679330824959999973e+03 2.679265050019999762e+03 2.679199635439999838e+03 2.679134577259999787e+03 2.679069874159999927e+03 2.679005523499999981e+03 2.678941523299999972e+03 2.678877870920000078e+03 2.678814565040000161e+03 2.678751601699999810e+03 2.678688980240000092e+03 2.678626697359999980e+03 2.678564751740000247e+03 2.678503140740000163e+03 2.678441861719999906e+03 2.678380912699999953e+03 2.678320292360000167e+03 2.678259997399999975e+03 2.678200025839999853e+03 2.678140375699999822e+03 2.678081044999999904e+03 2.678022031760000118e+03 2.677963333339999735e+03 2.677904948419999982e+03 2.677846874359999674e+03 2.677789108519999900e+03 2.677731650239999908e+03 2.677674496879999879e+03 2.677617646459999833e+03 2.677561096339999949e+03 2.677504845859999932e+03 2.677448892379999961e+03 2.677393233920000057e+03 2.677337869160000082e+03 2.677282795459999761e+03 2.677228012160000162e+03 2.677173515960000259e+03 2.677119306200000210e+03 2.677065381559999878e+03 2.677011738740000055e+03 2.676958377739999833e+03 2.676905295260000003e+03 2.676852491300000111e+03 2.676799963219999881e+03
2.582350574779999988e+03 2.582313190400000167e+03 2.582276008639999873e+03 2.582239028840000174e+03 2.582202250339999864e+03 2.582165673800000150e+03 2.582129297240000142e+03 2.582093121979999978e+03 2.582057146040000134e+03 2.582021369420000156e+03 2.581985792120000042e+03 2.581950413479999952e+03 2.581915233499999886e+03 2.581880251520000002e+03 2.581845467539999845e+03 2.581810880900000029e+03 2.581776490940000258e+03 2.581742298319999918e+03 2.581708301720000236e+03 2.581674501800000144e+03 2.581640897899999800e+03 2.581607489359999818e+03 2.581574276840000039e+03 2.581541259020000325e+03 2.581508435900000222e+03 2.581475808140000026e+03 2.581443375079999896e+03 2.581411136059999990e+03 2.581379090420000011e+03 2.581347239480000098e+03 2.581315581920000113e+03 2.581284117740000056e+03 2.581252846939999927e+03 2.581221769519999725e+03 2.581190884820000065e+03 2.581160192180000195e+03 2.581129692919999798e+03 2.581099385059999804e+03 2.581069269919999897e+03 2.581039346179999939e+03 2.581009614499999770e+03 2.580980074220000006e+03 2.580950725340000190e+03 2.580921567200000027e+03 2.580892599799999971e+03 2.580863823799999864e+03 2.580835237880000022e+03 2.580806842699999834e+03 2.580778636940000069e+03 2.580750621260000116e+03
2.498928896660000191e+03 2.498880485659999977e+03 2.498832339980000143e+03 2.498784457639999800e+03 2.498736836659999881e+03 2.498689476380000087e+03 2.498642374160000145e+03 2.498595528679999916e+03 2.498548938620000172e+03 2.498502602000000024e+03 2.498456517499999791e+03 2.498410683139999946e+03 2.498365097599999899e+03 2.498319759559999966e+03 2.498274666379999871e+03 2.498229816739999933e+03 2.498185209320000013e+03 2.498140842799999973e+03 2.498096715199999835e+03 2.498052824540000074e+03 2.498009169500000098e+03 2.497965748760000224e+03 2.497922560999999860e+03 2.497879603580000094e+03 2.497836875840000175e+03 2.497794375800000125e+03 2.497752102139999806e+03 2.497710053539999990e+03 2.497668228020000242e+03 2.497626624259999971e+03 2.497585240939999949e+03 2.497544076740000037e+03 2.497503129679999802e+03 2.497462398440000015e+03 2.497421882359999927e+03 2.497381578800000170e+03 2.497341487099999995e+03 2.497301606600000014e+03 2.497261934659999952e+03 2.497222470619999967e+03 2.497183212500000081e+03 2.497144160299999839e+03 2.497105311379999875e+03 2.497066665740000190e+03 2.497028220740000052e+03 2.496989976379999916e+03 2.496951931340000101e+03 2.496914084300000013e+03 2.496876433280000128e+03 2.496838978279999992e+03
2.403865535299999920e+03 2.403840668480000204e+03 2.403815935640000134e+03 2.403791337440000007e+03 2.403766873219999979e+03 2.403742542320000211e+03 2.403718345400000089e+03 2.403694280480000089e+03 2.403670348879999892e+03 2.403646549940000114e+03 2.403622883659999843e+03 2.403599348719999853e+03 2.403575946439999825e+03 2.403552675500000078e+03 2.403529535900000155e+03 2.403506527640000058e+03 2.403483650719999787e+03 2.403460904479999954e+03 2.403438288920000105e+03 2.403415804039999784e+03 2.403393449839999903e+03 2.403371225660000164e+03 2.403349131500000112e+03 2.403327167360000203e+03 2.403305333239999982e+03 2.403283629139999903e+03 2.403262053739999828e+03 2.403240608359999896e+03 2.403219292339999811e+03 2.403198105020000185e+03 2.403177047059999950e+03 2.403156118460000016e+03 2.403135317899999791e+03 2.403114646699999867e+03 2.403094103540000106e+03 2.403073689079999895e+03 2.403053402659999847e+03 2.403033244940000259e+03 2.403013215259999924e+03 2.402993313620000208e+03 2.402973539359999904e+03 2.402953893800000060e+03 2.402934374959999786e+03 2.402914984160000131e+03 2.402895720739999888e+03 2.402876584699999967e+03 2.402857575380000071e+03 2.402838693440000043e+03 2.402819938220000040e+03 2.402801310379999904e+03
2.318102264959999957e+03 2.318073349700000108e+03 2.318044592839999950e+03 2.318015993060000255e+03 2.317987549699999818e+03 2.317959262100000160e+03 2.317931128939999780e+03 2.317903148899999906e+03 2.317875321319999784e+03 2.317847644880000189e+03 2.317820118919999913e+03 2.317792742120000185e+03 2.317765514480000093e+03 2.317738434020000113e+03 2.317711499420000109e+03 2.317684710680000080e+03 2.317658066479999889e+03 2.317631565499999851e+03 2.317605207080000127e+03 2.317578990559999966e+03 2.317552914620000138e+03 2.317526977940000052e+03 2.317501180520000162e+03 2.317475520380000034e+03 2.317449996860000283e+03 2.317424609300000157e+03 2.317399357039999813e+03 2.317374238760000026e+03 2.317349253140000201e+03 2.317324400179999884e+03 2.317299678559999847e+03 2.317275087619999795e+03 2.317250626040000043e+03 2.317226293159999841e+03 2.317202087659999961e+03 2.317178010200000244e+03 2.317154058139999961e+03 2.317130232139999862e+03 2.317106530219999968e+03 2.317082952379999824e+03 2.317059497960000044e+03 2.317036165640000036e+03 2.317012954100000115e+03 2.316989864000000125e+03 2.316966894019999927e+03 2.316944043500000134e+03 2.316921311120000155e+03 2.316898696879999989e+03 2.316876199459999953e+03 2.316853818860000047e+03
2.225371182559999852e+03 2.225358851779999895e+03 2.225346587659999841e+03 2.225334390859999985e+03 2.225322260060000190e+03 2.225310196580000138e+03 2.225298198439999851e+03 2.225286267620000217e+03 2.225274402139999893e+03 2.225262603319999926e+03 2.225250869840000178e+03 2.225239202360000036e+03 2.225227600879999954e+03 2.225216064740000093e+03 2.225204593939999995e+03 2.225193189139999959e+03 2.225181849019999845e+03 2.225170574239999951e+03 2.225159364799999821e+03 2.225148220699999911e+03 2.225137141279999923e+03 2.225126126539999859e+03 2.225115177140000014e+03 2.225104292420000093e+03 2.225093472380000094e+03 2.225082717020000018e+03 2.225072026339999866e+03 2.225061400340000091e+03 2.225050838359999943e+03 2.225040341060000173e+03 2.225029908439999872e+03 2.225019539840000107e+03 2.225009235259999969e+03 2.224998995360000208e+03 2.224988818819999778e+03 2.224978706960000181e+03 2.224968659119999757e+03 2.224958675299999868e+03 2.224948755500000061e+03 2.224938899060000040e+03 2.224929107299999941e+03 2.224919378239999787e+03 2.224909713860000011e+03 2.224900112840000020e+03 2.224890575179999814e+03 2.224881100879999849e+03 2.224871690599999965e+03 2.224862343020000026e+03 2.224853059460000168e+03 2.224843838599999799e+03
2.137266760880000220e+03 2.137257295160000012e+03 2.137247881580000012e+03 2.137238520140000219e+03 2.137229210179999882e+03 2.137219951699999910e+03 2.137210744040000009e+03 2.137201587200000176e+03 2.137192480520000117e+03 2.137183423999999832e+03 2.137174417639999774e+03 2.137165460119999807e+03 2.137156551439999930e+03 2.137147691600000144e+03 2.137138879940000152e+03 2.137130117119999795e+03 2.137121401160000005e+03 2.137112732720000167e+03 2.137104111799999828e+03 2.137095537740000054e+03 2.137087009219999800e+03 2.137078527560000111e+03 2.137070091439999942e+03 2.137061700860000201e+03 2.137053355819999979e+03 2.137045055000000048e+03 2.137036799059999794e+03 2.137028587339999831e+03 2.137020419840000159e+03 2.137012295900000026e+03 2.137004215519999889e+03 2.136996178039999904e+03 2.136988182799999777e+03 2.136980231120000099e+03 2.136972321019999981e+03 2.136964453160000176e+03 2.136956626879999931e+03 2.136948841519999860e+03 2.136941097739999805e+03 2.136933394879999923e+03 2.136925732939999762e+03 2.136918111259999932e+03 2.136910529180000140e+03 2.136902988020000066e+03 2.136895485800000188e+03 2.136888023179999891e+03 2.136880599499999789e+03 2.136873214759999883e+03 2.136865868960000171e+03 2.136858561439999903e+03
2.046859235579599954e+03 2.046859466526799906e+03 2.046859697038400100e+03 2.046859927121000055e+03 2.046860156761400049e+03 2.046860385953000105e+03 2.046860614695799995e+03 2.046860842983199973e+03 2.046861070802000086e+03 2.046861298158800082e+03 2.046861525040400011e+03 2.046861751446800099e+03 2.046861977358199965e+03 2.046862202787800015e+03 2.046862427709199892e+03 2.046862652129000026e+03 2.046862876040599986e+03 2.046863099430800048e+03 2.046863322299599986e+03 2.046863544633800075e+03 2.046863766433400087e+03 2.046863987685200073e+03 2.046864208382600054e+03 2.046864428525600033e+03 2.046864648101000057e+03 2.046864867102199923e+03 2.046865085522600111e+03 2.046865303355599963e+03 2.046865520594599957e+03 2.046865737226399915e+03 2.046865953251000064e+03 2.046866168661799975e+03 2.046866383445599922e+03 2.046866597595799931e+03 2.046866811105800025e+03 2.046867023969000002e+03 2.046867236178800113e+03 2.046867447721999952e+03 2.046867658598599974e+03 2.046867868801999975e+03 2.046868078319000006e+03 2.046868287136400113e+03 2.046868495260800046e+03 2.046868702672400104e+03 2.046868909377800037e+03 2.046869115350599941e+03 2.046869320597400019e+03 2.046869525105000093e+03 2.046869728873399936e+03 2.046869931882800074e+03
1.956414102080000021e+03 1.956424065440000049e+03 1.956433975339999961e+03 1.956443831119999913e+03 1.956453634760000114e+03 1.956463385600000038e+03 1.956473084299999982e+03 1.956482731520000016e+03 1.956492326600000069e+03 1.956501870860000054e+03 1.956511364299999968e+03 1.956520807580000110e+03 1.956530200039999954e+03 1.956539543000000094e+03 1.956548836460000075e+03 1.956558081079999965e+03 1.956567276859999993e+03 1.956576423799999930e+03 1.956585522560000072e+03 1.956594573800000035e+03 1.956603577520000044e+03 1.956612534379999943e+03 1.956621443720000116e+03 1.956630307520000088e+03 1.956639124459999948e+03 1.956647895860000062e+03 1.956656621719999976e+03 1.956665302039999915e+03 1.956673938140000018e+03 1.956682528699999921e+03 1.956691075700000056e+03 1.956699578479999900e+03 1.956708037699999977e+03 1.956716453360000060e+03 1.956724826119999989e+03 1.956733155979999992e+03 1.956741442940000070e+03 1.956749687660000063e+03 1.956757890800000041e+03 1.956766051699999934e+03 1.956774171680000109e+03 1.956782250080000040e+03 1.956790287560000024e+03 1.956798284779999904e+03 1.956806241080000063e+03 1.956814157779999960e+03 1.956822034219999978e+03 1.956829870399999891e+03 1.956837667640000063e+03 1.956845425279999972e+03
1.868355274519999966e+03 1.868368055420000019e+03 1.868380768340000031e+03 1.868393413940000073e+03 1.868405992219999916e+03 1.868418503180000016e+03 1.868430946819999917e+03 1.868443323140000075e+03 1.868455632800000103e+03 1.868467875800000002e+03 1.868480051479999929e+03 1.868492161160000023e+03 1.868504203519999919e+03 1.868516179879999981e+03 1.868528089579999914e+03 1.868539933280000014e+03 1.868551710319999984e+03 1.868563421360000120e+03 1.868575066399999969e+03 1.868586645439999984e+03 1.868598158479999938e+03 1.868609606179999901e+03 1.868620987219999961e+03 1.868632302920000029e+03 1.868643552620000037e+03 1.868654736980000052e+03 1.868665855340000007e+03 1.868676908359999970e+03 1.868687896039999941e+03 1.868698817720000079e+03 1.868709674059999998e+03 1.868720465719999993e+03 1.868731191379999927e+03 1.868741851700000097e+03 1.868752447339999890e+03 1.868762976980000076e+03 1.868773441939999884e+03 1.868783842219999997e+03 1.868794176500000049e+03 1.868804446099999950e+03 1.868814651019999928e+03 1.868824790599999915e+03 1.868834865499999978e+03 1.868844875719999891e+03 1.868854820600000039e+03 1.868864701460000106e+03 1.868874516979999953e+03 1.868884267819999877e+03 1.868893954639999947e+03 1.868903576120000025e+03
1.775593180699999948e+03 1.775622599540000010e+03 1.775651859319999858e+03 1.775680960039999945e+03 1.775709903019999956e+03 1.775738689580000027e+03 1.775767321040000070e+03 1.775795798059999925e+03 1.775824120640000046e+03 1.775852291420000029e+03 1.775880310399999871e+03 1.775908179560000008e+03 1.775935898239999915e+03 1.775963469080000095e+03 1.775990892080000094e+03 1.776018168560000049e+03 1.776045299840000098e+03 1.776072285920000013e+03 1.776099129440000070e+03 1.776125829739999972e+03 1.776152388139999857e+03 1.776178806619999932e+03 1.776205085179999969e+03 1.776231224480000037e+03 1.776257226499999888e+03 1.776283091900000045e+03 1.776308821339999895e+03 1.776334415479999961e+03 1.776359875640000155e+03 1.776385202479999862e+03 1.776410397319999902e+03 1.776435460820000117e+03 1.776460393639999893e+03 1.776485197100000050e+03 1.776509871859999976e+03 1.776534418579999965e+03 1.776558837919999860e+03 1.776583131200000025e+03 1.776607299079999848e+03 1.776631342220000079e+03 1.776655261280000104e+03 1.776679057580000062e+03 1.776702731780000022e+03 1.776726283879999983e+03 1.776749715200000082e+03 1.776773027060000004e+03 1.776796218800000133e+03 1.776819292399999995e+03 1.776842247199999974e+03 1.776865085180000051e+03
1.689855383059999895e+03 1.689880701979999913e+03 1.689905885599999920e+03 1.689930933919999916e+03 1.689955848260000039e+03 1.689980627959999993e+03 1.690005273020000004e+03 1.690029784100000143e+03 1.690054161860000022e+03 1.690078406300000097e+03 1.690102516760000071e+03 1.690126494560000083e+03 1.690150339699999904e+03 1.690174052179999990e+03 1.690197632659999954e+03 1.690221079819999886e+03 1.690244395639999993e+03 1.690267579459999979e+03 1.690290631939999912e+03 1.690313552419999951e+03 1.690336340899999868e+03 1.690358998700000029e+03 1.690381525159999910e+03 1.690403920940000035e+03 1.690426185379999879e+03 1.690448319800000036e+03 1.690470322879999912e+03 1.690492195940000101e+03 1.690513937660000011e+03 1.690535550019999846e+03 1.690557031699999925e+03 1.690578383359999862e+03 1.690599605659999952e+03 1.690620697280000059e+03 1.690641659540000092e+03 1.690662492440000051e+03 1.690683195320000095e+03 1.690703768840000066e+03 1.690724212999999963e+03 1.690744527800000014e+03 1.690764713900000061e+03 1.690784770640000033e+03 1.690804698020000160e+03 1.690824497359999896e+03 1.690844168000000082e+03 1.690863709279999966e+03 1.690883122519999915e+03 1.690902407720000156e+03 1.690921564219999937e+03 1.690940592680000009e+03
1.594767385879999892e+03 1.594816302440000072e+03 1.594864952359999961e+03 1.594913338280000062e+03 1.594961460859999988e+03 1.595009322079999947e+03 1.595056923919999917e+03 1.595104267039999968e+03 1.595151354080000146e+03 1.595198186359999909e+03 1.595244765200000074e+03 1.595291092579999940e+03 1.595337170479999941e+03 1.595383000219999985e+03 1.595428583119999985e+03 1.595473921159999918e+03 1.595519016319999992e+03 1.595563869260000047e+03 1.595608482619999904e+03 1.595652857719999929e+03 1.595696995880000031e+03 1.595740898420000121e+03 1.595784567980000020e+03 1.595828005220000023e+03 1.595871212120000109e+03 1.595914189999999962e+03 1.595956940840000016e+03 1.595999465299999883e+03 1.596041766020000068e+03 1.596083843659999957e+03 1.596125700199999983e+03 1.596167336299999988e+03 1.596208754600000020e+03 1.596249955759999921e+03 1.596290941759999896e+03 1.596331713260000015e+03 1.596372272240000029e+03 1.596412620020000077e+03 1.596452757259999998e+03 1.596492685940000001e+03 1.596532408040000064e+03 1.596571923559999959e+03 1.596611233820000052e+03 1.596650341459999936e+03 1.596689246480000065e+03 1.596727950200000123e+03 1.596766453940000019e+03 1.596804759679999961e+03 1.596842867419999948e+03 1.596880778480000117e+03
1.511371836499999972e+03 1.511409664400000111e+03 1.511447289019999971e+03 1.511484710360000008e+03 1.511521929080000064e+03 1.511558945839999978e+03 1.511595761300000049e+03 1.511632374799999980e+03 1.511668788319999976e+03 1.511705001199999970e+03 1.511741013439999961e+03 1.511776827019999928e+03 1.511812440619999961e+03 1.511847855559999971e+03 1.511883071180000115e+03 1.511918089459999919e+03 1.511952909079999927e+03 1.511987530700000207e+03 1.512021955639999987e+03 1.512056182580000041e+03 1.512090213500000118e+03 1.512124047079999855e+03 1.512157683980000002e+03 1.512191125520000014e+03 1.512224370379999982e+03 1.512257419880000043e+03 1.512290273359999901e+03 1.512322932139999921e+03 1.512355394899999965e+03 1.512387663620000012e+03 1.512419737639999994e+03 1.512451616299999841e+03 1.512483301579999988e+03 1.512514792160000070e+03 1.512546089359999996e+03 1.512577191860000084e+03 1.512608101639999859e+03 1.512638818039999933e+03 1.512669340400000010e+03 1.512699670700000070e+03 1.512729807619999974e+03 1.512759751820000020e+03 1.512789503960000047e+03 1.512819063379999989e+03 1.512848431400000209e+03 1.512877606699999887e+03 1.512906590600000072e+03 1.512935383099999854e+03 1.512963984200000141e+03 1.512992394559999866e+03
1.413955142840000008e+03 1.414023638299999902e+03 1.414091759540000112e+03 1.414159509200000002e+03 1.414226889260000007e+03 1.414293901040000037e+03 1.414360548499999823e+03 1.414426832300000115e+03 1.414492756399999962e+03 1.414558321460000116e+03 1.414623530780000010e+03 1.414688385680000010e+03 1.414752889460000006e+03 1.414817044099999976e+03 1.414880851580000126e+03 1.414944314540000050e+03 1.415007434959999955e+03 1.415070215479999888e+03 1.415132657419999987e+03 1.415194764079999914e+03 1.415256537440000102e+03 1.415317978820000008e+03 1.415379091519999974e+03 1.415439877519999982e+03 1.415500338800000009e+03 1.415560477340000034e+03 1.415620295120000037e+03 1.415679795439999907e+03 1.415738978960000168e+03 1.415797848319999957e+03 1.415856406160000006e+03 1.415914653799999996e+03 1.415972593219999908e+03 1.416030227060000016e+03 1.416087556640000003e+03 1.416144584600000144e+03 1.416201312919999964e+03 1.416257742259999986e+03 1.416313875920000100e+03 1.416369715220000217e+03 1.416425262140000086e+03 1.416480518000000075e+03 1.416535485440000002e+03 1.416590165780000007e+03 1.416644560339999998e+03 1.416698671759999797e+03 1.416752500699999928e+03 1.416806049799999982e+03 1.416859319720000030e+03 1.416912313100000119e+03
1.332913548799999944e+03 1.332963847400000077e+03 1.333013875399999961e+03 1.333063632800000050e+03 1.333113112999999885e+03 1.333162329199999931e+03 1.333211274799999956e+03 1.333259949799999958e+03 1.333308360799999946e+03 1.333356501199999911e+03 1.333404371000000083e+03 1.333451976800000011e+03 1.333499318599999924e+03 1.333546389799999815e+03 1.333593203599999924e+03 1.333639746800000012e+03 1.333686025999999856e+03 1.333732041199999912e+03 1.333777792399999953e+03 1.333823286199999984e+03 1.333868509400000221e+03 1.333913475199999993e+03 1.333958176999999978e+03 1.334002621399999953e+03 1.334046801800000139e+03 1.334090718200000083e+03 1.334134383800000023e+03 1.334177778799999942e+03 1.334220922999999857e+03 1.334263803199999984e+03 1.334306426000000101e+03 1.334348791399999982e+03 1.334390892800000074e+03 1.334432743399999936e+03 1.334474330000000009e+03 1.334515659200000073e+03 1.334556737599999906e+03 1.334597552000000178e+03 1.334638115599999992e+03 1.334678421800000024e+03 1.334718470600000046e+03 1.334758262000000059e+03 1.334797802600000068e+03 1.334837085800000068e+03 1.334876111600000058e+03 1.334914886600000045e+03 1.334953410800000029e+03 1.334991670999999997e+03 1.335029687000000195e+03 1.335067445600000156e+03
1.233153961400000071e+03 1.233242157200000065e+03 1.233329864599999837e+03 1.233417096799999854e+03 1.233503853799999888e+03 1.233590135599999940e+03 1.233675942200000009e+03 1.233761280199999874e+03 1.233846149599999990e+03 1.233930557000000135e+03 1.234014509000000089e+03 1.234097999000000073e+03 1.234181033599999864e+03 1.234263612799999919e+03 1.234345749800000021e+03 1.234427431399999932e+03 1.234508677400000124e+03 1.234589481200000137e+03 1.234669849399999976e+03 1.234749775400000090e+03 1.234829272400000036e+03 1.234908340399999815e+03 1.234986985999999888e+03 1.235065202600000021e+03 1.235143003399999998e+03 1.235220381800000041e+03 1.235297344399999929e+03 1.235373891199999889e+03 1.235450035400000161e+03 1.235525763799999822e+03 1.235601096200000029e+03 1.235676019399999859e+03 1.235750546600000007e+03 1.235824671200000012e+03 1.235898406400000113e+03 1.235971752200000083e+03 1.236044702000000143e+03 1.236117269000000078e+03 1.236189453200000116e+03 1.236261247999999796e+03 1.236332666600000039e+03 1.236403708999999935e+03 1.236474375199999940e+03 1.236544671800000060e+03 1.236614592200000061e+03 1.236684149600000183e+03 1.236753337399999964e+03 1.236822162200000093e+03 1.236890624000000116e+03 1.236958729399999811e+03
1.154487307399999963e+03 1.154550046999999950e+03 1.154612443400000075e+03 1.154674496600000111e+03 1.154736213200000066e+03 1.154797593199999937e+03 1.154858630000000176e+03 1.154919330199999877e+03 1.154979693799999950e+03 1.155039720799999941e+03 1.155099411199999849e+03 1.155158771599999909e+03 1.155217795399999886e+03 1.155276482600000008e+03 1.155334839799999827e+03 1.155392867000000024e+03 1.155450564199999917e+03 1.155507931399999961e+03 1.155564968600000157e+03 1.155621675800000048e+03 1.155678053000000091e+03 1.155734100199999830e+03 1.155789823999999953e+03 1.155845224400000006e+03 1.155900294799999983e+03 1.155955041799999890e+03 1.156009458799999948e+03 1.156063559000000168e+03 1.156117329199999858e+03 1.156170775999999933e+03 1.156223899399999937e+03 1.156276706000000104e+03 1.156329182599999967e+03 1.156381342399999994e+03 1.156433178799999951e+03 1.156484698400000070e+03 1.156535894600000120e+03 1.156586773999999878e+03 1.156637330000000020e+03 1.156687569199999871e+03 1.156737491599999885e+03 1.156787090599999829e+03 1.156836372799999936e+03 1.156885344799999984e+03 1.156933993399999963e+03 1.156982325200000105e+03 1.157030346799999961e+03 1.157078051599999981e+03 1.157125439599999936e+03 1.157172510800000055e+03
1.052385162200000195e+03 1.052493197600000030e+03 1.052600639000000001e+03 1.052707492999999886e+03 1.052813752999999906e+03 1.052919432199999846e+03 1.053024537199999941e+03 1.053129054800000176e+03 1.053233004799999890e+03 1.053336380599999984e+03 1.053439188800000011e+03 1.053541435999999976e+03 1.053643122200000107e+03 1.053744253999999955e+03 1.053844824799999969e+03 1.053944854399999940e+03 1.054044329600000083e+03 1.054143263599999955e+03 1.054241663000000017e+03 1.054339521200000036e+03 1.054436844800000017e+03 1.054533640399999967e+03 1.054629907999999887e+03 1.054725654200000008e+03 1.054820885600000111e+03 1.054915595599999961e+03 1.055009790799999791e+03 1.055103477800000064e+03 1.055196656600000097e+03 1.055289333799999895e+03 1.055381509400000141e+03 1.055473190000000159e+03 1.055564375599999948e+03 1.055655072800000198e+03 1.055745281599999998e+03 1.055835002000000031e+03 1.055924240600000076e+03 1.056013003999999910e+03 1.056101292199999989e+03 1.056189105200000085e+03 1.056276449599999978e+03 1.056363325400000122e+03 1.056449739199999840e+03 1.056535697599999821e+03 1.056621187400000053e+03 1.056706228399999873e+03 1.056790813999999955e+03 1.056874944199999845e+03 1.056958632200000011e+03 1.057041877999999997e+03
9.761011081999999988e+02 9.761762690000000475e+02 9.762510140000001684e+02 9.763253498000001400e+02 9.763992698000001837e+02 9.764727872000000843e+02 9.765458887999998296e+02 9.766185812000001079e+02 9.766908710000000156e+02 9.767627582000000075e+02 9.768342362000000776e+02 9.769053116000000045e+02 9.769759910000000218e+02 9.770462612000001172e+02 9.771161354000000756e+02 9.771856070000001182e+02 9.772546826000000237e+02 9.773233622000000196e+02 9.773916457999998784e+02 9.774595334000000548e+02 9.775270250000000942e+02 9.775941205999999966e+02 9.776608267999999953e+02 9.777271435999998630e+02 9.777930644000000484e+02 9.778585958000001028e+02 9.779237377999997989e+02 9.779884838000000400e+02 9.780528469999999288e+02 9.781168273999999201e+02 9.781804118000000017e+02 9.782436133999999583e+02 9.783064322000000175e+02 9.783688615999999456e+02 9.784309081999999762e+02 9.784925720000001093e+02 9.785538529999998900e+02 9.786147512000000006e+02 9.786752665999999863e+02 9.787353991999998470e+02 9.787951556000000437e+02 9.788545291999998881e+02 9.789135200000000623e+02 9.789721412000001237e+02 9.790303729999998268e+02 9.790882352000000992e+02 9.791457146000000193e+02 9.792028244000000541e+02 9.792595513999999639e+02 9.793159087999999883e+02
8.716538378000000193e+02 8.717818844000000809e+02 8.719092248000001746e+02 8.720358656000000792e+02 8.721618002000000160e+02 8.722870484000000033e+02 8.724116036000000349e+02 8.725354723999998896e+02 8.726586548000000221e+02 8.727811573999999837e+02 8.729029868000000079e+02 8.730241495999998733e+02 8.731446392000000287e+02 8.732644621999997980e+02 8.733836317999998755e+02 8.735021414000000277e+02 8.736199976000000333e+02 8.737372070000001258e+02 8.738537762000000839e+02 8.739696986000001289e+02 8.740849874000000455e+02 8.741996425999998337e+02 8.743136707999999544e+02 8.744270785999999589e+02 8.745398594000000685e+02 8.746520263999998406e+02 8.747635729999999512e+02 8.748745190000001912e+02 8.749848512000000937e+02 8.750945894000001317e+02 8.752037269999998443e+02 8.753122639999999137e+02 8.754202202000001307e+02 8.755275824000000284e+02 8.756343638000000738e+02 8.757405644000000393e+02 8.758461841999999251e+02 8.759512364000001980e+02 8.760557209999999486e+02 8.761596313999998529e+02 8.762629873999999290e+02 8.763657823999999437e+02 8.764680163999998967e+02 8.765697092000000339e+02 8.766708410000001095e+02 8.767714315999999144e+02 8.768714810000001307e+02 8.769709957999998551e+02 8.770699627999999848e+02 8.771684083999998620e+02
7.977682766000000356e+02 7.978558586000001469e+02 7.979429456000000300e+02 7.980295507999999245e+02 7.981156742000000577e+02 7.982013158000002022e+02 7.982864755999999034e+02 7.983711602000000767e+02 7.984553630000000339e+02 7.985390906000000086e+02 7.986223430000000008e+02 7.987051268000000164e+02 7.987874354000000494e+02 7.988692753999998786e+02 7.989506467999999586e+02 7.990315496000000621e+02 7.991119837999999618e+02 7.991919559999998910e+02 7.992714596000000711e+02 7.993505077999998321e+02 7.994290873999998439e+02 7.995072116000001188e+02 7.995848737999999685e+02 7.996620739999998477e+02 7.997388253999999961e+02 7.998151147999999466e+02 7.998909488000001602e+02 7.999663340000001881e+02 8.000412572000000182e+02 8.001157316000001174e+02 8.001897572000000309e+02 8.002633340000002136e+02 8.003364553999999771e+02 8.004091346000000158e+02 8.004813584000000901e+02 8.005531399999999849e+02 8.006244794000001548e+02 8.006953699999999117e+02 8.007658183999999437e+02 8.008358180000000175e+02 8.009053820000001451e+02 8.009744971999998597e+02 8.010431767999998556e+02 8.011114141999998992e+02 8.011792159999999967e+02 8.012465755999999146e+02 8.013134929999998803e+02 8.013799813999999060e+02 8.014460275999999794e+02 8.015116448000001128e+02
6.909420955999999023e+02 6.910903777999999420e+02 6.912378416000001380e+02 6.913844870000000356e+02 6.915303271999998742e+02 6.916753555999998753e+02 6.918195788000000448e+02 6.919630099999999402e+02 6.921056492000000162e+02 6.922474898000000394e+02 6.923885516000000280e+02 6.925288345999999819e+02 6.926683388000001287e+02 6.928070642000000134e+02 6.929450306000001092e+02 6.930822247999999490e+02 6.932186666000000059e+02 6.933543494000000464e+02 6.934892798000000766e+02 6.936234709999998813e+02 6.937569163999999091e+02 6.938896226000001661e+02 6.940215961999999763e+02 6.941528438000000278e+02 6.942833587999998599e+02 6.944131609999999455e+02 6.945422438000000511e+02 6.946706203999999616e+02 6.947982841999998982e+02 6.949252418000000944e+02 6.950515064000001075e+02 6.951770780000001650e+02 6.953019566000000395e+02 6.954261421999999584e+02 6.955496545999999398e+02 6.956724871999999777e+02 6.957946399999998448e+02 6.959161262000000079e+02 6.960369524000000183e+02 6.961571119999998700e+02 6.962766116000000238e+02 6.963954577999998037e+02 6.965136506000001191e+02 6.966312031999998453e+02 6.967481090000001132e+02 6.968643812000000253e+02 6.969800132000000303e+02 6.970950116000001344e+02 6.972093895999998949e+02 6.973231339999999818e+02
6.194985541999999441e+02 6.195985904000001483e+02 6.196980656000000636e+02 6.197969797999999173e+02 6.198953395999999429e+02 6.199931384000001344e+02 6.200903894000000491e+02 6.201870793999999023e+02 6.202832281999999395e+02 6.203788225999999213e+02 6.204738758000000871e+02 6.205683812000002035e+02 6.206623454000000493e+02 6.207557684000000791e+02 6.208486568000000716e+02 6.209409974000000147e+02 6.210328099999999267e+02 6.211240880000000288e+02 6.212148313999998663e+02 6.213050402000001213e+02 6.213947209999998904e+02 6.214838738000000831e+02 6.215724986000000172e+02 6.216606019999999262e+02 6.217481774000000314e+02 6.218352248000001055e+02 6.219217573999999331e+02 6.220077686000001904e+02 6.220932649999999740e+02 6.221782400000001871e+02 6.222627001999999266e+02 6.223466390000000956e+02 6.224300696000000244e+02 6.225129853999999341e+02 6.225953929999998309e+02 6.226772857999999360e+02 6.227586769999998069e+02 6.228395534000001135e+02 6.229199215999999524e+02 6.229997882000000118e+02 6.230791466000000582e+02 6.231580034000000978e+02 6.232363586000001305e+02 6.233142056000001503e+02 6.233915576000001693e+02 6.234684079999999540e+02 6.235447633999999653e+02 6.236206172000001970e+02 6.236959759999999733e+02 6.237708397999999761e+02
5.102641321999999491e+02 5.104328875999999582e+02 5.106007124000000204e+02 5.107676066000001356e+02 5.109335768000000826e+02 5.110986296000000948e+02 5.112627650000001722e+02 5.114259896000000936e+02 5.115883166000000983e+02 5.117497327999999470e+02 5.119102579999998852e+02 5.120698921999999129e+02 5.122286354000000301e+02 5.123865008000000216e+02 5.125434817999998813e+02 5.126995915999998488e+02 5.128548367999999300e+02 5.130092174000001251e+02 5.131627400000002126e+02 5.133154045999999653e+02 5.134672243999998500e+02 5.136181993999998667e+02 5.137683296000000155e+02 5.139176282000000811e+02 5.140660952000000634e+02 5.142137371999999687e+02 5.143605608000000302e+02 5.145065660000000207e+02 5.146517593999999463e+02 5.147961410000000342e+02 5.149397306000000754e+02 5.150825150000000576e+02 5.152245139999999992e+02 5.153657209999998940e+02 5.155061425999999756e+02 5.156457854000000225e+02 5.157846560000000409e+02 5.159227543999998034e+02 5.160600871999999981e+02 5.161966609999999491e+02 5.163324823999998898e+02 5.164675448000000415e+02 5.166018613999999616e+02 5.167354387999998835e+02 5.168682704000000285e+02 5.170003694000001815e+02 5.171317423999998937e+02 5.172623827999998412e+02 5.173923038000000361e+02 5.175215054000000237e+02
4.412614622000000963e+02 4.413740318000000116e+02 4.414859678000000258e+02 4.415972569999998996e+02 4.417079192000001058e+02 4.418179477999999563e+02 4.419273494000001392e+02 4.420361240000001999e+02 4.421442716000001383e+02 4.422517987999999605e+02 4.423587056000001212e+02 4.424649919999999383e+02 4.425706646000001001e+02 4.426757233999999244e+02 4.427801684000000932e+02 4.428840061999999307e+02 4.429872368000001188e+02 4.430898601999999755e+02 4.431918829999999616e+02 4.432932986000000710e+02 4.433941202000000885e+02 4.434943412000000080e+02 4.435939682000000630e+02 4.436930012000000261e+02 4.437914401999998972e+02 4.438892917999999099e+02 4.439865493999998307e+02 4.440832195999998930e+02 4.441793089999998756e+02 4.442748109999999997e+02 4.443697322000000440e+02 4.444640726000000086e+02 4.445578321999998934e+02 4.446510109999999258e+02 4.447436155999998846e+02 4.448356459999999970e+02 4.449271021999998084e+02 4.450179908000000069e+02 4.451083052000001317e+02 4.451980519999999615e+02 4.452872246000001724e+02 4.453758361999998669e+02 4.454638801999999487e+02 4.455513631999999689e+02 4.456382785999999214e+02 4.457246330000000398e+02 4.458104330000001028e+02 4.458956654000000981e+02 4.459803500000000440e+02 4.460644669999999223e+02
3.296567228000001251e+02 3.298462550000001556e+02 3.300347378000001299e+02 3.302221844000000601e+02 3.304085882000001675e+02 3.305939624000000094e+02 3.307783136000000468e+02 3.309616418000000522e+02 3.311439469999997982e+02 3.313252423999999792e+02 3.315055280000001403e+02 3.316848104000000603e+02 3.318630961999999727e+02 3.320403920000001108e+02 3.322166911999997865e+02 3.323920136000001548e+02 3.325663526000000729e+02 3.327397214000000076e+02 3.329121199999999590e+02 3.330835549999999330e+02 3.332540263999999297e+02 3.334235539999999673e+02 3.335921246000000338e+02 3.337597579999999198e+02 3.339264541999998528e+02 3.340922132000000602e+02 3.342570415999998659e+02 3.344209525999999641e+02 3.345839462000001276e+02 3.347460223999999016e+02 3.349071943999999803e+02 3.350674621999999090e+02 3.352268323999999211e+02 3.353853116000000227e+02 3.355428997999999865e+02 3.356996036000000458e+02 3.358554361999999855e+02 3.360103910000000269e+02 3.361644811999999547e+02 3.363177067999999963e+02 3.364700743999999304e+02 3.366215905999999904e+02 3.367722554000001765e+02 3.369220820000000458e+02 3.370710638000000472e+02 3.372192139999999654e+02 3.373665326000000277e+02 3.375130262000000130e+02 3.376587014000001545e+02 3.378035648000000037e+02
2.631063950000000204e+02 2.632316300000002229e+02 2.633561455999999907e+02 2.634799418000000060e+02 2.636030252000000473e+02 2.637254024000001209e+02 2.638470667999999932e+02 2.639680315999999038e+02 2.640882902000000740e+02 2.642078492000000551e+02 2.643267152000000806e+02 2.644448882000001504e+02 2.645623681999998098e+02 2.646791617999999744e+02 2.647952689999999620e+02 2.649106898000000001e+02 2.650254307999998673e+02 2.651394919999997910e+02 2.652528800000000047e+02 2.653655948000000535e+02 2.654776363999999376e+02 2.655890047999998842e+02 2.656997132000001329e+02 2.658097550000002229e+02 2.659191301999999268e+02 2.660278453999999329e+02 2.661359072000000197e+02 2.662433089999999538e+02 2.663500573999999688e+02 2.664561524000000645e+02 2.665615940000000137e+02 2.666663888000000497e+02 2.667705433999999514e+02 2.668740445999999338e+02 2.669769056000000091e+02 2.670791263999999501e+02 2.671807069999999840e+02 2.672816474000001108e+02 2.673819541999998819e+02 2.674816207999999733e+02 2.675806603999999425e+02 2.676790664000000106e+02 2.677768454000001839e+02 2.678739974000000075e+02 2.679705223999999362e+02 2.680664137999999639e+02 2.681616913999998815e+02 2.682563419999999041e+02 2.683503722000000380e+02 2.684437886000000617e+02
1.490701759999999467e+02 1.492808084000000690e+02 1.494902792000000318e+02 1.496986081999998532e+02 1.499057821999999760e+02 1.501118144000001848e+02 1.503167048000000250e+02 1.505204665999999634e+02 1.507230998000000000e+02 1.509246043999999074e+02 1.511249935999999252e+02 1.513242674000000534e+02 1.515224323999998433e+02 1.517194951999999830e+02 1.519154558000000179e+02 1.521103274000001875e+02 1.523041034000000309e+02 1.524967970000000150e+02 1.526884148000001460e+02 1.528789567999999690e+02 1.530684361999999510e+02 1.532568464000000859e+02 1.534442005999999310e+02 1.536305053999999473e+02 1.538157607999999072e+02 1.539999733999998170e+02 1.541831497999999101e+02 1.543652965999999651e+02 1.545464137999999821e+02 1.547265145999999731e+02 1.549055989999999383e+02 1.550836735999998837e+02 1.552607384000000366e+02 1.554368131999999605e+02 1.556118847999998707e+02 1.557859730000000127e+02 1.559590778000001592e+02 1.561312058000000889e+02 1.563023636000000351e+02 1.564725445999999920e+02 1.566417685999999776e+02 1.568100355999999920e+02 1.569773522000000412e+02 1.571437184000001253e+02 1.573091474000000289e+02 1.574736391999999796e+02 1.576372003999999833e+02 1.577998310000000401e+02 1.579615441999999348e+02 1.581223334000001159e+02
3.916871939000000111e+03 3.916746901999999864e+03 3.916622591000000284e+03 3.916499006000000008e+03 3.916376140399999713e+03 3.916254000800000085e+03 3.916132567399999971e+03 3.916011853399999836e+03 3.915891852199999903e+03 3.915772557199999937e+03 3.915653961799999706e+03 3.915536079200000131e+03 3.915418889600000057e+03 3.915302406199999950e+03 3.915186615800000254e+03 3.915071518400000059e+03 3.914957107399999586e+03 3.914843389399999978e+03 3.914730357800000093e+03 3.914618012599999929e+03 3.914506347200000164e+03 3.914395361599999887e+03 3.914285055800000009e+03 3.914175429800000074e+03 3.914066470400000071e+03 3.913958184199999778e+03 3.913850571199999649e+03 3.913743624800000362e+03 3.913637345000000096e+03 3.913531731799999761e+03 3.913426778600000034e+03 3.913322485400000005e+03 3.913218845600000350e+03 3.913115872399999716e+03 3.913013546000000133e+03 3.912911879600000248e+03 3.912810860000000048e+03 3.912710493800000222e+03 3.912610774400000082e+03 3.912511708399999861e+03 3.912413282600000002e+03 3.912315496999999596e+03 3.912218358199999784e+03 3.912121859599999880e+03 3.912026001199999882e+03 3.911930782999999792e+03 3.911836198400000285e+03 3.911742247399999997e+03 3.911648936600000070e+03 3.911556252800000038e+03
4.036927324999999655e+03 4.036697605399999702e+03 4.036469133200000215e+03 4.036241901800000051e+03 4.036015911200000119e+03 4.035791161399999964e+03 4.035567639200000031e+03 4.035345338000000083e+03 4.035124264399999902e+03 4.034904405199999928e+03 4.034685753800000384e+03 4.034468316800000139e+03 4.034252080999999635e+03 4.034037039800000002e+03 4.033823186600000099e+03 4.033610528000000158e+03 4.033399050799999713e+03 4.033188748399999895e+03 4.032979620799999793e+03 4.032771654799999851e+03 4.032564850400000068e+03 4.032359207599999991e+03 4.032154713200000060e+03 4.031951360600000044e+03 4.031749156400000174e+03 4.031548080800000207e+03 4.031348133800000141e+03 4.031149308799999744e+03 4.030951605799999925e+03 4.030755018199999995e+03 4.030559532799999943e+03 4.030365149600000223e+03 4.030171862000000147e+03 4.029979663399999936e+03 4.029788553800000045e+03 4.029598520000000008e+03 4.029409561999999823e+03 4.029221673200000168e+03 4.029034840399999666e+03 4.028849070199999915e+03 4.028664349399999992e+03 4.028480677999999898e+03 4.028298042800000076e+03 4.028116443800000070e+03 4.027935867799999869e+03 4.027756321400000161e+03 4.027577791400000024e+03 4.027400271200000134e+03 4.027223760800000036e+03 4.027048253599999953e+03
3.739033447400000114e+03 3.738920521400000325e+03 3.738808248800000001e+03 3.738696622999999818e+03 3.738585650600000008e+03 3.738475318400000106e+03 3.738365633000000344e+03 3.738256587800000034e+03 3.738148182800000086e+03 3.738040411400000266e+03 3.737933280199999899e+03 3.737826775999999882e+03 3.737720905399999992e+03 3.737615661799999998e+03 3.737511045199999899e+03 3.737407048999999915e+03 3.737303679800000282e+03 3.737200931000000310e+03 3.737098796000000220e+03 3.736997281400000247e+03 3.736896380600000157e+03 3.736796093599999949e+03 3.736696420400000079e+03 3.736597354399999858e+03 3.736498895599999742e+03 3.736401044000000184e+03 3.736303799599999820e+03 3.736207155799999782e+03 3.736111112600000070e+03 3.736015663399999994e+03 3.735920821400000023e+03 3.735826573400000143e+03 3.735732919399999901e+03 3.735639859400000205e+03 3.735547393400000146e+03 3.735455514799999946e+03 3.735364230199999838e+03 3.735273532999999588e+03 3.735183416599999873e+03 3.735093894200000250e+03 3.735004952600000252e+03 3.734916591799999878e+03 3.734828811800000040e+03 3.734741612599999826e+03 3.734654994200000147e+03 3.734568949999999859e+03 3.734483479999999872e+03 3.734398590799999965e+03 3.734314275799999905e+03 3.734230528399999912e+03
3.856212474199999633e+03 3.856004692999999861e+03 3.855798053600000003e+03 3.855592549400000280e+03 3.855388167199999771e+03 3.855184906999999839e+03 3.854982762199999797e+03 3.854781739399999879e+03 3.854581818800000292e+03 3.854383006999999907e+03 3.854185290800000075e+03 3.853988670200000342e+03 3.853793145200000254e+03 3.853598696000000018e+03 3.853405335800000103e+03 3.853213051400000040e+03 3.853021836200000052e+03 3.852831683599999906e+03 3.852642593600000055e+03 3.852454559599999811e+03 3.852267574999999852e+03 3.852081633200000397e+03 3.851896734200000083e+03 3.851712871400000040e+03 3.851530038200000035e+03 3.851348227999999835e+03 3.851167440799999895e+03 3.850987663400000201e+03 3.850808895799999846e+03 3.850631131399999958e+03 3.850454370200000085e+03 3.850278599000000213e+03 3.850103811199999654e+03 3.849930006800000228e+03 3.849757179199999882e+03 3.849585328399999980e+03 3.849414441199999601e+03 3.849244510999999875e+03 3.849075544400000126e+03 3.848907521600000109e+03 3.848740442600000279e+03 3.848574307400000180e+03 3.848409109400000034e+03 3.848244835399999829e+03 3.848081492000000253e+03 3.847919059400000151e+03 3.847757550799999990e+03 3.847596939799999745e+03 3.847437239599999884e+03 3.847278436999999940e+03
3.561129351800000222e+03 3.561028404800000317e+03 3.560928031999999803e+03 3.560828246600000057e+03 3.560729028800000378e+03 3.560630385200000092e+03 3.560532315800000106e+03 3.560434814000000188e+03 3.560337886400000116e+03 3.560241519799999878e+03 3.560145720800000163e+03 3.560050482799999827e+03 3.559955805800000235e+03 3.559861689800000022e+03 3.559768134799999643e+03 3.559675134199999775e+03 3.559582687999999962e+03 3.559490796199999750e+03 3.559399452200000269e+03 3.559308662600000389e+03 3.559218420799999876e+03 3.559128726799999640e+03 3.559039580599999681e+03 3.558950975599999765e+03 3.558862911799999893e+03 3.558775395800000297e+03 3.558688420999999835e+03 3.558601980800000092e+03 3.558516081800000393e+03 3.558430717400000049e+03 3.558345887599999969e+03 3.558261599000000388e+03 3.558177838399999928e+03 3.558094605799999954e+03 3.558011907799999790e+03 3.557929737800000112e+03 3.557848095800000010e+03 3.557766988399999718e+03 3.557686395799999900e+03 3.557606337799999892e+03 3.557526794599999903e+03 3.557447779399999945e+03 3.557369285599999785e+03 3.557291313199999877e+03 3.557213855599999988e+03 3.557136919399999897e+03 3.557060504600000058e+03 3.556984604600000239e+03 3.556909212800000205e+03 3.556834342399999969e+03
3.675475018399999954e+03 3.675288905000000341e+03 3.675103814600000078e+03 3.674919734000000062e+03 3.674736676399999851e+03 3.674554622000000109e+03 3.674373570799999925e+03 3.674193522800000210e+03 3.674014471399999820e+03 3.673836409999999887e+03 3.673659332000000177e+03 3.673483244000000013e+03 3.673308126200000061e+03 3.673133985200000097e+03 3.672960807800000111e+03 3.672788600599999882e+03 3.672617343800000071e+03 3.672447050599999784e+03 3.672277701199999683e+03 3.672109295600000223e+03 3.671941827199999807e+03 3.671775295999999798e+03 3.671609695399999964e+03 3.671445018800000071e+03 3.671281266200000118e+03 3.671118424400000094e+03 3.670956493399999999e+03 3.670795466599999600e+03 3.670635337400000026e+03 3.670476105800000369e+03 3.670317765199999940e+03 3.670160308999999870e+03 3.670003737199999705e+03 3.669848036600000341e+03 3.669693207199999961e+03 3.669539242400000148e+03 3.669386135599999761e+03 3.669233886799999709e+03 3.669082489399999758e+03 3.668931936799999676e+03 3.668782222400000137e+03 3.668633346200000233e+03 3.668485301600000184e+03 3.668338082000000213e+03 3.668191687399999864e+03 3.668046104600000035e+03 3.667901340200000050e+03 3.667757374400000117e+03 3.667614220399999795e+03 3.667471858400000201e+03
3.383204518999999891e+03 3.383115445399999771e+03 3.383026879999999892e+03 3.382938816200000019e+03 3.382851254000000154e+03 3.382764200000000073e+03 3.382677647600000000e+03 3.382591596799999934e+03 3.382506041000000096e+03 3.382420986799999810e+03 3.382336420999999973e+03 3.382252356799999689e+03 3.382168781000000308e+03 3.382085700200000247e+03 3.382003107800000180e+03 3.381921003800000108e+03 3.381839394800000264e+03 3.381758267600000181e+03 3.381677622199999860e+03 3.381597465199999988e+03 3.381517796600000111e+03 3.381438603200000216e+03 3.381359891600000083e+03 3.381281661799999711e+03 3.381203913800000009e+03 3.381126640999999836e+03 3.381049843400000100e+03 3.380973527600000125e+03 3.380897680399999899e+03 3.380822308400000111e+03 3.380747411600000305e+03 3.380672990000000027e+03 3.380599030400000174e+03 3.380525545999999849e+03 3.380452530200000183e+03 3.380379982999999811e+03 3.380307904400000098e+03 3.380236294400000133e+03 3.380165146400000140e+03 3.380094460400000116e+03 3.380024242999999842e+03 3.379954487599999993e+03 3.379885187599999881e+03 3.379816356199999973e+03 3.379747980199999802e+03 3.379680066199999601e+03 3.379612614200000280e+03 3.379545611000000008e+03 3.379479069799999706e+03 3.379412990599999830e+03
3.494682366799999727e+03 3.494517670399999588e+03 3.494353884799999832e+03 3.494190996799999994e+03 3.494029012999999850e+03 3.493867920200000299e+03 3.493707718399999976e+03 3.493548401000000013e+03 3.493389967999999953e+03 3.493232406199999787e+03 3.493075722200000200e+03 3.492919909399999597e+03 3.492764954600000237e+03 3.492610864400000082e+03 3.492457625600000028e+03 3.492305244799999855e+03 3.492153708800000004e+03 3.492003010999999788e+03 3.491853157999999894e+03 3.491704130000000077e+03 3.491555940199999895e+03 3.491408568800000012e+03 3.491262015799999972e+03 3.491116281200000230e+03 3.490971358400000099e+03 3.490827240800000254e+03 3.490683921800000007e+03 3.490541401399999813e+03 3.490399672999999893e+03 3.490258736599999793e+03 3.490118578999999954e+03 3.489979200199999923e+03 3.489840593599999920e+03 3.489702759200000401e+03 3.489565690399999767e+03 3.489429380599999604e+03 3.489293829799999912e+03 3.489159024800000225e+03 3.489024972199999866e+03 3.488891658800000187e+03 3.488759084600000278e+03 3.488627242999999908e+03 3.488496133999999984e+03 3.488365751000000273e+03 3.488236080800000309e+03 3.488107129999999870e+03 3.487978898599999866e+03 3.487851366800000051e+03 3.487724541200000203e+03 3.487598415200000090e+03
3.205211495000000014e+03 3.205134248599999864e+03 3.205057444399999895e+03 3.204981075799999871e+03 3.204905136200000015e+03 3.204829638799999884e+03 3.204754563800000142e+03 3.204679931000000124e+03 3.204605720600000041e+03 3.204531939200000124e+03 3.204458586799999921e+03 3.204385663400000340e+03 3.204313169000000016e+03 3.204241097000000082e+03 3.204169447399999626e+03 3.204098220200000014e+03 3.204027415399999882e+03 3.203957033000000138e+03 3.203887072999999873e+03 3.203817528800000218e+03 3.203748407000000043e+03 3.203679701000000023e+03 3.203611410800000158e+03 3.203543542999999772e+03 3.203476084400000218e+03 3.203409041599999910e+03 3.203342414600000211e+03 3.203276203399999758e+03 3.203210401400000137e+03 3.203145008599999983e+03 3.203080025000000205e+03 3.203015457200000128e+03 3.202951298599999973e+03 3.202887542599999961e+03 3.202824202400000104e+03 3.202761264799999935e+03 3.202698736400000143e+03 3.202636610600000040e+03 3.202574894000000313e+03 3.202513579999999820e+03 3.202452668599999924e+03 3.202392159799999718e+03 3.202332053600000108e+03 3.202272350000000188e+03 3.202213048999999955e+03 3.202154150600000321e+03 3.202095648200000142e+03 3.202037541800000326e+03 3.201979838000000200e+03 3.201922530200000438e+03
3.313858021999999892e+03 3.313714498399999684e+03 3.313571773399999984e+03 3.313429827200000091e+03 3.313288666399999784e+03 3.313148284400000193e+03 3.313008674600000177e+03 3.312869837000000189e+03 3.312731771599999774e+03 3.312594465199999831e+03 3.312457924399999683e+03 3.312322135999999773e+03 3.312187100000000100e+03 3.312052809800000432e+03 3.311919265399999858e+03 3.311786466800000198e+03 3.311654394199999842e+03 3.311523060800000167e+03 3.311392446800000016e+03 3.311262565399999858e+03 3.311133396799999900e+03 3.311004947600000378e+03 3.310877204599999914e+03 3.310750174400000105e+03 3.310623843800000031e+03 3.310498212800000147e+03 3.310373274800000218e+03 3.310249029800000244e+03 3.310125464599999759e+03 3.310002592400000140e+03 3.309880386799999997e+03 3.309758861000000252e+03 3.309638008400000217e+03 3.309517815799999880e+03 3.309398283200000151e+03 3.309279417199999898e+03 3.309161197999999786e+03 3.309043625600000269e+03 3.308926706600000216e+03 3.308810421199999837e+03 3.308694782600000053e+03 3.308579771000000164e+03 3.308465386400000170e+03 3.308351635400000305e+03 3.308238504800000101e+03 3.308125987999999779e+03 3.308014091600000029e+03 3.307902802399999928e+03 3.307792126999999709e+03 3.307682045600000038e+03
3.027158344999999827e+03 3.027092932399999881e+03 3.027027882800000043e+03 3.026963196199999857e+03 3.026898885800000244e+03 3.026834931800000049e+03 3.026771347400000195e+03 3.026708125999999993e+03 3.026645267599999897e+03 3.026582765600000130e+03 3.026520633199999793e+03 3.026458857200000239e+03 3.026397437600000103e+03 3.026336381000000074e+03 3.026275687399999697e+03 3.026215343599999869e+03 3.026155362800000148e+03 3.026095731800000067e+03 3.026036463800000092e+03 3.025977545599999758e+03 3.025918983800000206e+03 3.025860771799999839e+03 3.025802916200000254e+03 3.025745417000000089e+03 3.025688267600000017e+03 3.025631468000000041e+03 3.025575018200000159e+03 3.025518924799999695e+03 3.025463174600000002e+03 3.025407780800000182e+03 3.025352730200000224e+03 3.025298029399999905e+03 3.025243678400000135e+03 3.025189670599999772e+03 3.025136012599999958e+03 3.025082697800000005e+03 3.025029732800000147e+03 3.024977111000000150e+03 3.024924832400000014e+03 3.024872903599999972e+03 3.024821311400000013e+03 3.024770069000000149e+03 3.024719163199999912e+03 3.024668600599999991e+03 3.024618381199999931e+03 3.024568505000000187e+03 3.024518965400000070e+03 3.024469762400000036e+03 3.024420902599999863e+03 3.024372386000000006e+03
3.132979491199999757e+03 3.132856935799999974e+03 3.132735053600000356e+03 3.132613844599999993e+03 3.132493302200000016e+03 3.132373426399999971e+03 3.132254210600000079e+03 3.132135654800000339e+03 3.132017752400000063e+03 3.131900496799999928e+03 3.131783894600000167e+03 3.131667932599999858e+03 3.131552617400000145e+03 3.131437929200000326e+03 3.131323881199999960e+03 3.131210460199999943e+03 3.131097666200000276e+03 3.130985499200000049e+03 3.130873946000000160e+03 3.130763006600000153e+03 3.130652681000000030e+03 3.130542962600000010e+03 3.130433844799999861e+03 3.130325334199999816e+03 3.130217417599999862e+03 3.130110088399999768e+03 3.130003353199999765e+03 3.129897205400000075e+03 3.129791638400000011e+03 3.129686652200000026e+03 3.129582233600000109e+03 3.129478395799999817e+03 3.129375119000000268e+03 3.129272409799999878e+03 3.129170261600000231e+03 3.129068667800000185e+03 3.128967628399999739e+03 3.128867136800000026e+03 3.128767192999999679e+03 3.128667797000000064e+03 3.128568935600000259e+03 3.128470608799999809e+03 3.128372823200000312e+03 3.128275558999999703e+03 3.128178822800000034e+03 3.128082614599999943e+03 3.127986921200000324e+03 3.127891749200000049e+03 3.127797085400000014e+03 3.127702936399999999e+03
2.849051754799999799e+03 2.848998189200000070e+03 2.848944920599999932e+03 2.848891948999999840e+03 2.848839274400000249e+03 2.848786903400000028e+03 2.848734829400000308e+03 2.848683052400000179e+03 2.848631565800000317e+03 2.848580382799999825e+03 2.848529490200000055e+03 2.848478888000000097e+03 2.848428582800000186e+03 2.848378574599999865e+03 2.848328856799999812e+03 2.848279435999999805e+03 2.848230298999999832e+03 2.848181458999999904e+03 2.848132909400000244e+03 2.848084650199999942e+03 2.848036681399999907e+03 2.847989002999999684e+03 2.847941614999999729e+03 2.847894517400000041e+03 2.847847703599999932e+03 2.847801180200000090e+03 2.847754947200000061e+03 2.847708998000000065e+03 2.847663339199999882e+03 2.847617964199999733e+03 2.847572879599999851e+03 2.847528078800000003e+03 2.847483561799999734e+03 2.847439335200000187e+03 2.847395385799999985e+03 2.847351726800000051e+03 2.847308351600000151e+03 2.847265260199999830e+03 2.847222452599999997e+03 2.847179928800000198e+03 2.847137682200000199e+03 2.847095726000000013e+03 2.847054047000000082e+03 2.847012651799999730e+03 2.846971533800000088e+03 2.846930699600000025e+03 2.846890142600000217e+03 2.846849869399999989e+03 2.846809873400000015e+03 2.846770161200000075e+03
2.952080770999999913e+03 2.951978972599999906e+03 2.951877735200000188e+03 2.951777052200000071e+03 2.951676923600000009e+03 2.951577349400000003e+03 2.951478316400000040e+03 2.951379837800000132e+03 2.951281900400000268e+03 2.951184497600000213e+03 2.951087636000000202e+03 2.950991302399999768e+03 2.950895503400000052e+03 2.950800225800000135e+03 2.950705476199999794e+03 2.950611248000000160e+03 2.950517541199999869e+03 2.950424342600000273e+03 2.950331658799999786e+03 2.950239483199999995e+03 2.950147815799999989e+03 2.950056643400000212e+03 2.949965972599999986e+03 2.949875803400000223e+03 2.949786122599999999e+03 2.949696930199999770e+03 2.949608219600000211e+03 2.949520003999999972e+03 2.949432256999999936e+03 2.949344998399999895e+03 2.949258208400000058e+03 2.949171886999999970e+03 2.949086034200000086e+03 2.949000649999999951e+03 2.948915727800000241e+03 2.948831261000000268e+03 2.948747256200000265e+03 2.948663700199999766e+03 2.948580592999999681e+03 2.948497934600000008e+03 2.948415724999999838e+03 2.948333951000000070e+03 2.948252619200000026e+03 2.948171722999999929e+03 2.948091262400000232e+03 2.948011230799999794e+03 2.947931621599999744e+03 2.947852448000000095e+03 2.947773690200000146e+03 2.947695354800000132e+03
2.670902106200000162e+03 2.670860423900000114e+03 2.670818973920000190e+03 2.670777756259999933e+03 2.670736769600000116e+03 2.670696014600000126e+03 2.670655489939999825e+03 2.670615195620000122e+03 2.670575130979999813e+03 2.670535296019999805e+03 2.670495690740000100e+03 2.670456313820000105e+03 2.670417165259999820e+03 2.670378245060000154e+03 2.670339553220000198e+03 2.670301088420000269e+03 2.670262850659999913e+03 2.670224839940000038e+03 2.670187056259999736e+03 2.670149498300000232e+03 2.670112166720000005e+03 2.670075060860000121e+03 2.670038180720000128e+03 2.670001526300000023e+03 2.669965096280000125e+03 2.669928891319999821e+03 2.669892910759999722e+03 2.669857154600000285e+03 2.669821622179999849e+03 2.669786313499999778e+03 2.669751228560000072e+03 2.669716367359999822e+03 2.669681728579999799e+03 2.669647312879999845e+03 2.669613119600000118e+03 2.669579148740000164e+03 2.669545400299999983e+03 2.669511872959999891e+03 2.669478567379999731e+03 2.669445483559999957e+03 2.669412620179999976e+03 2.669379977900000085e+03 2.669347556059999988e+03 2.669315354660000139e+03 2.669283373039999788e+03 2.669251611200000298e+03 2.669220068480000009e+03 2.669188744879999831e+03 2.669157640399999764e+03 2.669126754379999966e+03
2.771145546199999899e+03 2.771064346399999977e+03 2.770983588799999779e+03 2.770903279999999995e+03 2.770823406800000157e+03 2.770743975800000044e+03 2.770664987000000110e+03 2.770586420600000110e+03 2.770508296400000290e+03 2.770430594599999949e+03 2.770353321800000231e+03 2.770276471399999991e+03 2.770200043400000141e+03 2.770124037800000224e+03 2.770048448000000008e+03 2.769973267400000168e+03 2.769898502600000029e+03 2.769824140400000033e+03 2.769750187399999959e+03 2.769676643599999807e+03 2.769603495800000019e+03 2.769530743999999686e+03 2.769458394799999951e+03 2.769386434999999892e+03 2.769314864599999964e+03 2.769243690199999946e+03 2.769172892000000047e+03 2.769102483199999824e+03 2.769032450600000175e+03 2.768962800799999968e+03 2.768893527199999880e+03 2.768824623200000133e+03 2.768756088799999816e+03 2.768687930600000072e+03 2.768620128800000202e+03 2.768552696599999763e+03 2.768485627399999885e+03 2.768418908000000101e+03 2.768352551599999970e+03 2.768286551600000166e+03 2.768220901400000002e+03 2.768155600999999933e+03 2.768090643800000180e+03 2.768026036400000066e+03 2.767961765600000035e+03 2.767897844600000099e+03 2.767834253600000011e+03 2.767771005800000239e+03 2.767708087999999861e+03 2.767645506800000021e+03
2.492722971440000038e+03 2.492693213359999845e+03 2.492663620939999873e+03 2.492634194180000122e+03 2.492604931759999999e+03 2.492575834339999801e+03 2.492546901919999982e+03 2.492518133179999950e+03 2.492489528780000001e+03 2.492461088059999838e+03 2.492432811019999917e+03 2.492404696999999942e+03 2.492376746660000208e+03 2.492348959339999965e+03 2.492321334379999826e+03 2.492293871779999790e+03 2.492266571539999859e+03 2.492239433660000032e+03 2.492212458139999853e+03 2.492185644319999938e+03 2.492158992200000284e+03 2.492132501120000143e+03 2.492106171739999809e+03 2.492080003399999896e+03 2.492053996099999949e+03 2.492028149839999969e+03 2.492002464619999955e+03 2.491976939780000066e+03 2.491951575319999847e+03 2.491926370579999912e+03 2.491901326879999942e+03 2.491876442239999960e+03 2.491851717980000103e+03 2.491827153440000075e+03 2.491802748619999875e+03 2.491778502860000117e+03 2.491754416159999892e+03 2.491730488520000108e+03 2.491706719939999857e+03 2.491683109759999752e+03 2.491659658640000089e+03 2.491636365920000117e+03 2.491613230939999994e+03 2.491590254360000017e+03 2.491567435519999890e+03 2.491544773759999771e+03 2.491522270399999798e+03 2.491499924119999832e+03 2.491477734919999875e+03 2.491455702140000085e+03
2.590176264740000079e+03 2.590115534839999782e+03 2.590055138239999906e+03 2.589995073619999857e+03 2.589935338339999817e+03 2.589875931080000100e+03 2.589816849859999820e+03 2.589758093360000203e+03 2.589699658280000222e+03 2.589641543300000194e+03 2.589583747099999982e+03 2.589526267039999766e+03 2.589469101799999862e+03 2.589412248739999995e+03 2.589355706540000028e+03 2.589299472560000140e+03 2.589243545480000193e+03 2.589187923319999754e+03 2.589132603439999912e+03 2.589077584520000073e+03 2.589022864579999805e+03 2.588968441640000037e+03 2.588914313060000040e+03 2.588860478179999973e+03 2.588806933699999718e+03 2.588753678300000047e+03 2.588700710659999913e+03 2.588648028139999951e+03 2.588595628760000182e+03 2.588543510540000170e+03 2.588491672820000076e+03 2.588440112299999782e+03 2.588388827660000061e+03 2.588337816920000023e+03 2.588287078100000144e+03 2.588236609879999833e+03 2.588186410939999860e+03 2.588136477980000109e+03 2.588086810339999829e+03 2.588037405380000109e+03 2.587988262439999744e+03 2.587939379540000118e+03 2.587890754699999889e+03 2.587842385939999986e+03 2.587794272600000113e+03 2.587746412039999996e+03 2.587698802939999950e+03 2.587651443980000295e+03 2.587604333180000140e+03 2.587557469219999803e+03
2.314509009139999762e+03 2.314491212899999937e+03 2.314473516320000272e+03 2.314455918080000174e+03 2.314438419500000236e+03 2.314421019259999866e+03 2.314403717359999973e+03 2.314386513800000102e+03 2.314369409240000095e+03 2.314352402359999815e+03 2.314335493160000169e+03 2.314318682300000091e+03 2.314301969119999740e+03 2.314285354279999865e+03 2.314268836459999875e+03 2.314252416320000066e+03 2.314236093200000141e+03 2.314219867759999943e+03 2.314203739340000084e+03 2.314187707940000109e+03 2.314171773560000020e+03 2.314155936860000111e+03 2.314140196519999790e+03 2.314124552539999968e+03 2.314109005580000030e+03 2.314093555639999977e+03 2.314078201400000125e+03 2.314062944180000159e+03 2.314047783320000235e+03 2.314032718819999900e+03 2.314017750680000063e+03 2.314002878239999973e+03 2.313988101500000084e+03 2.313973421780000081e+03 2.313958837099999982e+03 2.313944348120000086e+03 2.313929955499999778e+03 2.313915657919999830e+03 2.313901456699999926e+03 2.313887349860000086e+03 2.313873339379999834e+03 2.313859423280000101e+03 2.313845602880000115e+03 2.313831876860000193e+03 2.313818246540000018e+03 2.313804710599999908e+03 2.313791269700000157e+03 2.313777923180000016e+03 2.313764671699999781e+03 2.313751513940000223e+03
2.409186116719999973e+03 2.409145759699999871e+03 2.409105624440000156e+03 2.409065708959999938e+03 2.409026012599999831e+03 2.408986534699999993e+03 2.408947272620000149e+03 2.408908226359999844e+03 2.408869393280000168e+03 2.408830773380000210e+03 2.408792364679999991e+03 2.408754165859999830e+03 2.408716176259999884e+03 2.408678393239999878e+03 2.408640816799999811e+03 2.408603444960000161e+03 2.408566277060000175e+03 2.408529310460000033e+03 2.408492545160000191e+03 2.408455979180000213e+03 2.408419611199999963e+03 2.408383439899999757e+03 2.408347464620000210e+03 2.408311683379999977e+03 2.408276094859999830e+03 2.408240698399999928e+03 2.408205491359999996e+03 2.408170474399999875e+03 2.408135644219999904e+03 2.408101001479999923e+03 2.408066543540000112e+03 2.408032269079999878e+03 2.407998178100000132e+03 2.407964267960000143e+03 2.407930538659999911e+03 2.407896987560000071e+03 2.407863615320000008e+03 2.407830419299999903e+03 2.407797398180000073e+03 2.407764551960000063e+03 2.407731878659999893e+03 2.407699377620000178e+03 2.407667046860000028e+03 2.407634886379999898e+03 2.407602894199999810e+03 2.407571070320000217e+03 2.407539412099999936e+03 2.407507919539999875e+03 2.407476591319999898e+03 2.407445426780000162e+03
2.136292341500000020e+03 2.136286542740000186e+03 2.136280776980000155e+03 2.136275044219999927e+03 2.136269343800000115e+03 2.136263676380000106e+03 2.136258041300000059e+03 2.136252438559999973e+03 2.136246868159999849e+03 2.136241330759999983e+03 2.136235825700000078e+03 2.136230352980000134e+03 2.136224911939999856e+03 2.136219503899999836e+03 2.136214128200000232e+03 2.136208784179999839e+03 2.136203472499999862e+03 2.136198193159999846e+03 2.136192946159999792e+03 2.136187730839999858e+03 2.136182547859999886e+03 2.136177396560000034e+03 2.136172276939999847e+03 2.136167190319999918e+03 2.136162134719999813e+03 2.136157111460000124e+03 2.136152119880000100e+03 2.136147159980000197e+03 2.136142232419999800e+03 2.136137335880000137e+03 2.136132471679999981e+03 2.136127639159999944e+03 2.136122837660000187e+03 2.136118068499999936e+03 2.136113331019999805e+03 2.136108624559999953e+03 2.136103949780000221e+03 2.136099306680000154e+03 2.136094695260000208e+03 2.136090114860000085e+03 2.136085566140000083e+03 2.136081049100000200e+03 2.136076563080000142e+03 2.136072108740000203e+03 2.136067684759999793e+03 2.136063293119999798e+03 2.136058931839999786e+03 2.136054602239999895e+03 2.136050302999999985e+03 2.136046035440000196e+03
2.228165802080000049e+03 2.228145747980000124e+03 2.228125804100000096e+03 2.228105969780000123e+03 2.228086244359999910e+03 2.228066627839999910e+03 2.228047118899999987e+03 2.228027716879999844e+03 2.228008421779999935e+03 2.227989232280000124e+03 2.227970148379999955e+03 2.227951168099999904e+03 2.227932292760000109e+03 2.227913519719999840e+03 2.227894849639999848e+03 2.227876281199999994e+03 2.227857814399999825e+03 2.227839447920000111e+03 2.227821181100000103e+03 2.227803013939999801e+03 2.227784945119999975e+03 2.227766973979999875e+03 2.227749100519999956e+03 2.227731323420000081e+03 2.227713642019999952e+03 2.227696056320000025e+03 2.227678565660000004e+03 2.227661168059999909e+03 2.227643864180000037e+03 2.227626653360000091e+03 2.227609534279999934e+03 2.227592506940000021e+03 2.227575570019999759e+03 2.227558723520000058e+03 2.227541966780000166e+03 2.227525299139999788e+03 2.227508719280000150e+03 2.227492227860000185e+03 2.227475823560000208e+03 2.227459505719999925e+03 2.227443273679999947e+03 2.227427127439999822e+03 2.227411066340000161e+03 2.227395089059999918e+03 2.227379196259999844e+03 2.227363386619999801e+03 2.227347659479999948e+03 2.227332014839999829e+03 2.227316451380000217e+03 2.227300969760000044e+03
1.958064519199999950e+03 1.958070721219999996e+03 1.958076889579999943e+03 1.958083024940000087e+03 1.958089126639999904e+03 1.958095194680000077e+03 1.958101229719999992e+03 1.958107231100000035e+03 1.958113200140000117e+03 1.958119135520000100e+03 1.958125037900000052e+03 1.958130906619999905e+03 1.958136743000000024e+03 1.958142545720000044e+03 1.958148315440000033e+03 1.958154052820000061e+03 1.958159756539999989e+03 1.958165427259999888e+03 1.958171065640000052e+03 1.958176670359999889e+03 1.958182242739999992e+03 1.958187782120000065e+03 1.958193288500000108e+03 1.958198761879999893e+03 1.958204202260000102e+03 1.958209610299999895e+03 1.958214985340000112e+03 1.958220327380000072e+03 1.958225637080000070e+03 1.958230913780000037e+03 1.958236158140000043e+03 1.958241368839999950e+03 1.958246547859999964e+03 1.958251693879999948e+03 1.958256806899999901e+03 1.958261887579999893e+03 1.958266935260000082e+03 1.958271950600000082e+03 1.958276933600000120e+03 1.958281883599999901e+03 1.958286801259999947e+03 1.958291685919999964e+03 1.958296538900000087e+03 1.958301358879999952e+03 1.958306146520000084e+03 1.958310901820000026e+03 1.958315624119999939e+03 1.958320314739999958e+03 1.958324973020000016e+03 1.958329598300000043e+03
2.047175254918400015e+03 2.047175473385000032e+03 2.047175691416000063e+03 2.047175909018000084e+03 2.047176126197600070e+03 2.047176342948200045e+03 2.047176559289599936e+03 2.047176775221799971e+03 2.047176990751399899e+03 2.047177205878399946e+03 2.047177420616000063e+03 2.047177634957600048e+03 2.047177848923000056e+03 2.047178062498999907e+03 2.047178275711999959e+03 2.047178488548800033e+03 2.047178701022600080e+03 2.047178913133400101e+03 2.047179124894400047e+03 2.047179336298999942e+03 2.047179547360399965e+03 2.047179758078599889e+03 2.047179968460199916e+03 2.047180178511800023e+03 2.047180388233399981e+03 2.047180597631599994e+03 2.047180806706400062e+03 2.047181015470999910e+03 2.047181223925399991e+03 2.047181432069600078e+03 2.047181639910199920e+03 2.047181847447199971e+03 2.047182054693799955e+03 2.047182261650000100e+03 2.047182468322399927e+03 2.047182674704399915e+03 2.047182880809200014e+03 2.047183086636799999e+03 2.047183292193800071e+03 2.047183497480200003e+03 2.047183702502599999e+03 2.047183907261000058e+03 2.047184111761999930e+03 2.047184316005600067e+03 2.047184519998399992e+03 2.047184723740399932e+03 2.047184927238200089e+03 2.047185130491800010e+03 2.047185333501199921e+03 2.047185536279600001e+03
1.779839806819999922e+03 1.779857998400000042e+03 1.779876090980000072e+03 1.779894083900000169e+03 1.779911977159999878e+03 1.779929770759999883e+03 1.779947465360000024e+03 1.779965060960000073e+03 1.779982557560000032e+03 1.779999955159999899e+03 1.780017254419999972e+03 1.780034454679999953e+03 1.780051556599999913e+03 1.780068560180000077e+03 1.780085465419999991e+03 1.780102272979999952e+03 1.780118981540000050e+03 1.780135592419999966e+03 1.780152104960000088e+03 1.780168519820000029e+03 1.780184837000000016e+03 1.780201056500000050e+03 1.780217178320000130e+03 1.780233202460000030e+03 1.780249128919999976e+03 1.780264958360000037e+03 1.780280690119999917e+03 1.780296324200000072e+03 1.780311861919999956e+03 1.780327301960000113e+03 1.780342644979999932e+03 1.780357890979999866e+03 1.780373039959999915e+03 1.780388091920000079e+03 1.780403046859999904e+03 1.780417905439999913e+03 1.780432667000000038e+03 1.780447332859999960e+03 1.780461901040000157e+03 1.780476373519999925e+03 1.780490749640000104e+03 1.780505029400000012e+03 1.780519212799999877e+03 1.780533299839999927e+03 1.780547291180000002e+03 1.780561186819999875e+03 1.780574986099999933e+03 1.780588690340000085e+03 1.780602298880000035e+03 1.780615811720000011e+03
1.866166899320000084e+03 1.866187387700000045e+03 1.866207765200000040e+03 1.866228031820000069e+03 1.866248188219999975e+03 1.866268235720000121e+03 1.866288174320000053e+03 1.866308005339999909e+03 1.866327728120000074e+03 1.866347344640000074e+03 1.866366855559999976e+03 1.866386260219999940e+03 1.866405560599999944e+03 1.866424757360000058e+03 1.866443850500000053e+03 1.866462840679999999e+03 1.866481729220000034e+03 1.866500516119999929e+03 1.866519202700000051e+03 1.866537788959999943e+03 1.866556276219999972e+03 1.866574664479999910e+03 1.866592955059999895e+03 1.866611147959999926e+03 1.866629244499999913e+03 1.866647244680000085e+03 1.866665149819999897e+03 1.866682960579999872e+03 1.866700676960000010e+03 1.866718299619999925e+03 1.866735830540000052e+03 1.866753268400000024e+03 1.866770615180000050e+03 1.866787870879999900e+03 1.866805036819999941e+03 1.866822112340000103e+03 1.866839099419999911e+03 1.866855998060000047e+03 1.866872808919999898e+03 1.866889532659999986e+03 1.866906169280000086e+03 1.866922720099999879e+03 1.866939185780000116e+03 1.866955566319999889e+03 1.866971862379999948e+03 1.866988074619999907e+03 1.867004203700000062e+03 1.867020249619999959e+03 1.867036213699999962e+03 1.867052095940000072e+03
1.601622423739999931e+03 1.601652584420000039e+03 1.601682578120000016e+03 1.601712406160000000e+03 1.601742068539999991e+03 1.601771565259999988e+03 1.601800896319999993e+03 1.601830063039999914e+03 1.601859064100000069e+03 1.601887900820000141e+03 1.601916573200000130e+03 1.601945081899999877e+03 1.601973425599999928e+03 1.602001606280000033e+03 1.602029622620000055e+03 1.602057475940000131e+03 1.602085166240000035e+03 1.602112692859999925e+03 1.602140057120000165e+03 1.602167257699999936e+03 1.602194296579999900e+03 1.602221172439999918e+03 1.602247885940000060e+03 1.602274437739999939e+03 1.602300827179999942e+03 1.602327054260000068e+03 1.602353120300000000e+03 1.602379023980000056e+03 1.602404766619999918e+03 1.602430347559999973e+03 1.602455767460000061e+03 1.602481026319999955e+03 1.602506124799999952e+03 1.602531061579999914e+03 1.602555837979999978e+03 1.602580453999999918e+03 1.602604909639999960e+03 1.602629204240000035e+03 1.602653339779999897e+03 1.602677314940000088e+03 1.602701130379999995e+03 1.602724786100000074e+03 1.602748282099999869e+03 1.602771619039999905e+03 1.602794796919999953e+03 1.602817815740000015e+03 1.602840675500000089e+03 1.602863376860000017e+03 1.602885919820000026e+03 1.602908305039999959e+03
1.685162713760000088e+03 1.685203507700000046e+03 1.685244079220000003e+03 1.685284428980000030e+03 1.685324558960000104e+03 1.685364470479999909e+03 1.685404164199999968e+03 1.685443642100000034e+03 1.685482905500000015e+03 1.685521955059999982e+03 1.685560792100000072e+03 1.685599419260000104e+03 1.685637835880000011e+03 1.685676044600000068e+03 1.685714046739999958e+03 1.685751842959999976e+03 1.685789435240000103e+03 1.685826824900000020e+03 1.685864012600000024e+03 1.685900999660000025e+03 1.685937788719999844e+03 1.685974379779999936e+03 1.686010774159999983e+03 1.686046974500000033e+03 1.686082980799999859e+03 1.686118794380000054e+03 1.686154417219999914e+03 1.686189850640000031e+03 1.686225095960000090e+03 1.686260153180000088e+03 1.686295024940000076e+03 1.686329712559999962e+03 1.686364216039999974e+03 1.686398538019999933e+03 1.686432679160000134e+03 1.686466640119999965e+03 1.686500422879999860e+03 1.686534028759999956e+03 1.686567458420000094e+03 1.686600712519999888e+03 1.686633793699999842e+03 1.686666701959999955e+03 1.686699439279999979e+03 1.686732005660000141e+03 1.686764403079999965e+03 1.686796632860000045e+03 1.686828694999999925e+03 1.686860591480000039e+03 1.686892322960000001e+03 1.686923890099999880e+03
1.423430626880000091e+03 1.423472711119999985e+03 1.423514561059999778e+03 1.423556178679999903e+03 1.423597563979999904e+03 1.423638717620000079e+03 1.423679638940000132e+03 1.423720329920000040e+03 1.423760789240000122e+03 1.423801018879999901e+03 1.423841017520000150e+03 1.423880787139999939e+03 1.423920327079999879e+03 1.423959637339999972e+03 1.423998719239999900e+03 1.424037572780000119e+03 1.424076197300000103e+03 1.424114594780000061e+03 1.424152763900000082e+03 1.424190705980000075e+03 1.424228421020000042e+03 1.424265909019999981e+03 1.424303169979999893e+03 1.424340204560000075e+03 1.424377013419999912e+03 1.424413595900000018e+03 1.424449953320000077e+03 1.424486085019999791e+03 1.424521991000000071e+03 1.424557672579999917e+03 1.424593129099999942e+03 1.424628361219999988e+03 1.424663369599999896e+03 1.424698152919999984e+03 1.424732713160000003e+03 1.424767049659999884e+03 1.424801162419999855e+03 1.424835052760000053e+03 1.424868719359999886e+03 1.424902163539999947e+03 1.424935385960000076e+03 1.424968385959999978e+03 1.425001163540000107e+03 1.425033720020000146e+03 1.425066054740000027e+03 1.425098169020000114e+03 1.425130061540000042e+03 1.425161734280000019e+03 1.425193185919999905e+03 1.425224418440000136e+03
1.504162287560000095e+03 1.504223461640000096e+03 1.504284301099999993e+03 1.504344808580000063e+03 1.504404984740000145e+03 1.504464832220000062e+03 1.504524352999999792e+03 1.504583549059999996e+03 1.504642421720000129e+03 1.504700972959999945e+03 1.504759205419999944e+03 1.504817120419999810e+03 1.504874719939999977e+03 1.504932006620000038e+03 1.504988981779999904e+03 1.505045647400000007e+03 1.505102005459999873e+03 1.505158057940000162e+03 1.505213807480000014e+03 1.505269254739999951e+03 1.505324403019999863e+03 1.505379253640000115e+03 1.505433807920000163e+03 1.505488069160000123e+03 1.505542038679999905e+03 1.505595717799999875e+03 1.505649109160000080e+03 1.505702214740000045e+03 1.505755036519999976e+03 1.505807575820000011e+03 1.505859834620000129e+03 1.505911815559999923e+03 1.505963519299999916e+03 1.506014949139999999e+03 1.506066105739999784e+03 1.506116991079999934e+03 1.506167607139999973e+03 1.506217956559999948e+03 1.506268039999999928e+03 1.506317859440000120e+03 1.506367416860000048e+03 1.506416713579999850e+03 1.506465751579999960e+03 1.506514532839999902e+03 1.506563058680000040e+03 1.506611331079999900e+03 1.506659350700000005e+03 1.506707120179999947e+03 1.506754640839999865e+03 1.506801913339999828e+03
1.245260387599999831e+03 1.245314362399999936e+03 1.245368026999999984e+03 1.245421401199999991e+03 1.245474471799999947e+03 1.245527238799999850e+03 1.245579715400000168e+03 1.245631888399999980e+03 1.245683770999999979e+03 1.245735349999999926e+03 1.245786632000000054e+03 1.245837623599999915e+03 1.245888318199999958e+03 1.245938715799999954e+03 1.245988823000000139e+03 1.246038633200000049e+03 1.246088153000000148e+03 1.246137375799999973e+03 1.246186314799999991e+03 1.246234950200000185e+03 1.246283301800000118e+03 1.246331363000000010e+03 1.246379127200000084e+03 1.246426607599999898e+03 1.246473790999999892e+03 1.246520690599999853e+03 1.246567293199999995e+03 1.246613612000000103e+03 1.246659646999999950e+03 1.246705384999999978e+03 1.246750839199999973e+03 1.246796009600000161e+03 1.246840882999999849e+03 1.246885479199999963e+03 1.246929785000000038e+03 1.246973807000000079e+03 1.247017538600000080e+03 1.247060986400000047e+03 1.247104150399999980e+03 1.247147030600000107e+03 1.247189626999999973e+03 1.247231933000000026e+03 1.247273961800000052e+03 1.247315706800000044e+03 1.247357168000000001e+03 1.247398345399999926e+03 1.247439239000000043e+03 1.247479855399999906e+03 1.247520187999999962e+03 1.247560243399999990e+03
1.323181703599999992e+03 1.323263352200000099e+03 1.323344558599999800e+03 1.323425322800000004e+03 1.323505638199999794e+03 1.323585517999999865e+03 1.323664962199999991e+03 1.323743964199999937e+03 1.323822537200000170e+03 1.323900681200000008e+03 1.323978402799999913e+03 1.324055688800000098e+03 1.324132559000000128e+03 1.324209006799999997e+03 1.324285038800000166e+03 1.324360654999999952e+03 1.324435861999999815e+03 1.324510659799999985e+03 1.324585041799999999e+03 1.324659027799999876e+03 1.324732611200000065e+03 1.324805792000000110e+03 1.324878576800000019e+03 1.324950965600000018e+03 1.325022965000000113e+03 1.325094581599999856e+03 1.325165802200000144e+03 1.325236640000000079e+03 1.325307101599999896e+03 1.325377180399999816e+03 1.325446883000000071e+03 1.325516209399999980e+03 1.325585166200000003e+03 1.325653760000000148e+03 1.325721977599999946e+03 1.325789838799999870e+03 1.325857330400000137e+03 1.325924465600000076e+03 1.325991244399999914e+03 1.326057666800000106e+03 1.326123739399999977e+03 1.326189462199999980e+03 1.326254835199999889e+03 1.326319864999999936e+03 1.326384544999999889e+03 1.326448888399999987e+03 1.326512895200000003e+03 1.326576558799999930e+03 1.326639892400000008e+03 1.326702889400000004e+03
1.067127238999999918e+03 1.067193060799999785e+03 1.067258506399999987e+03 1.067323589000000084e+03 1.067388301999999840e+03 1.067452651999999944e+03 1.067516632400000162e+03 1.067580249800000047e+03 1.067643497600000046e+03 1.067706388999999945e+03 1.067768917400000191e+03 1.067831082799999876e+03 1.067892885199999910e+03 1.067954324600000064e+03 1.068015407599999889e+03 1.068076134200000070e+03 1.068136497799999916e+03 1.068196504999999888e+03 1.068256155799999988e+03 1.068315450199999987e+03 1.068374381600000106e+03 1.068432963199999904e+03 1.068491195000000062e+03 1.068549063800000113e+03 1.068606582800000069e+03 1.068663751999999931e+03 1.068720564799999920e+03 1.068777021200000036e+03 1.068833134400000063e+03 1.068888891199999989e+03 1.068944298200000048e+03 1.068999355400000013e+03 1.069054062799999883e+03 1.069108427000000120e+03 1.069162434800000028e+03 1.069216099400000076e+03 1.069269414200000028e+03 1.069322379199999887e+03 1.069375000999999884e+03 1.069427279600000020e+03 1.069479208400000061e+03 1.069530794000000014e+03 1.069582036400000106e+03 1.069632935600000110e+03 1.069683485000000019e+03 1.069733697799999845e+03 1.069783567399999811e+03 1.069833087199999909e+03 1.069882276999999931e+03 1.069931117000000086e+03
1.142217735799999900e+03 1.142320009399999890e+03 1.142421715400000039e+03 1.142522873599999912e+03 1.142623470800000177e+03 1.142723520200000166e+03 1.142823015200000100e+03 1.142921968999999990e+03 1.143020375000000058e+03 1.143118239800000083e+03 1.143215570000000071e+03 1.143312365600000021e+03 1.143408633200000168e+03 1.143504366200000050e+03 1.143599577800000134e+03 1.143694268000000193e+03 1.143788443400000006e+03 1.143882097400000021e+03 1.143975243200000023e+03 1.144067874200000006e+03 1.144160003599999982e+03 1.144251624800000172e+03 1.144342751000000135e+03 1.144433382199999869e+03 1.144523518399999830e+03 1.144613159600000017e+03 1.144702318999999989e+03 1.144790989999999965e+03 1.144879185799999959e+03 1.144966899799999965e+03 1.145054138599999987e+03 1.145140902199999800e+03 1.145227203800000098e+03 1.145313036799999963e+03 1.145398407799999859e+03 1.145483316800000011e+03 1.145567770399999972e+03 1.145651768600000196e+03 1.145735318000000007e+03 1.145818418600000086e+03 1.145901070399999981e+03 1.145983279999999922e+03 1.146065054000000146e+03 1.146146392399999968e+03 1.146227295200000071e+03 1.146307762400000001e+03 1.146387807200000225e+03 1.146467423000000053e+03 1.146546616399999948e+03 1.146625387399999909e+03
8.890425739999998314e+02 8.891202164000001176e+02 8.891974165999999968e+02 8.892741811999999300e+02 8.893505101999999169e+02 8.894264035999999578e+02 8.895018614000000525e+02 8.895768901999999798e+02 8.896514833999999610e+02 8.897256476000000021e+02 8.897993761999998696e+02 8.898726824000000306e+02 8.899455596000000241e+02 8.900180144000000837e+02 8.900900335999999697e+02 8.901616369999999279e+02 8.902328114000001733e+02 8.903035633999998026e+02 8.903738929999999527e+02 8.904438001999999415e+02 8.905132916000000023e+02 8.905823606000001291e+02 8.906510071999998672e+02 8.907192380000001322e+02 8.907870530000000144e+02 8.908544521999999688e+02 8.909214289999999892e+02 8.909879965999998603e+02 8.910541483999998036e+02 8.911198910000000524e+02 8.911852111999999124e+02 8.912501288000000841e+02 8.913146305999998731e+02 8.913787231999999676e+02 8.914424000000001342e+02 8.915056741999999304e+02 8.915685392000000320e+02 8.916309949999999844e+02 8.916930416000000150e+02 8.917546789999998964e+02 8.918159204000000955e+02 8.918767459999999119e+02 8.919371756000000460e+02 8.919971960000000308e+02 8.920568138000000999e+02 8.921160290000000259e+02 8.921748416000000361e+02 8.922332516000001306e+02 8.922912655999998606e+02 8.923488769999999022e+02
9.612769868000000315e+02 9.614000504000000547e+02 9.615224407999999130e+02 9.616441580000000613e+02 9.617652086000000509e+02 9.618855860000001030e+02 9.620053100000000086e+02 9.621243673999999828e+02 9.622427714000000378e+02 9.623605285999999523e+02 9.624776323999999477e+02 9.625940894000000299e+02 9.627099061999999776e+02 9.628250894000000244e+02 9.629396389999999428e+02 9.630535549999999603e+02 9.631668440000000828e+02 9.632795060000000831e+02 9.633915541999999732e+02 9.635029886000002080e+02 9.636138026000000991e+02 9.637240160000001197e+02 9.638336156000000301e+02 9.639426212000000760e+02 9.640510262000000239e+02 9.641588371999998799e+02 9.642660607999998774e+02 9.643726970000000165e+02 9.644787457999998423e+02 9.645842204000000493e+02 9.646891141999999491e+02 9.647934404000000086e+02 9.648971924000002218e+02 9.650003834000001461e+02 9.651030134000000089e+02 9.652050824000000375e+02 9.653066036000000167e+02 9.654075703999999405e+02 9.655079828000000361e+02 9.656078606000000946e+02 9.657071905999998762e+02 9.658059860000000754e+02 9.659042534000000160e+02 9.660019796000001406e+02 9.660991844000000128e+02 9.661958677999998599e+02 9.662920231999999032e+02 9.663876703999999336e+02 9.664827961999999388e+02 9.665774138000001585e+02
7.110202328000000307e+02 7.111097090000000662e+02 7.111986770000000888e+02 7.112871301999998650e+02 7.113750818000000891e+02 7.114625317999998515e+02 7.115494735999998284e+02 7.116359138000000257e+02 7.117218523999999888e+02 7.118072893999999451e+02 7.118922314000001279e+02 7.119766784000000825e+02 7.120606304000000364e+02 7.121440807999999834e+02 7.122270493999999417e+02 7.123095164000001205e+02 7.123915016000000833e+02 7.124729918000000453e+02 7.125539935999997851e+02 7.126345135999999911e+02 7.127145451999999750e+02 7.127940949999999702e+02 7.128731563999999707e+02 7.129517359999999826e+02 7.130298338000000058e+02 7.131074564000000464e+02 7.131845971999998710e+02 7.132612562000001617e+02 7.133374400000000151e+02 7.134131485999998858e+02 7.134883820000000014e+02 7.135631401999999071e+02 7.136374298000000636e+02 7.137112376000000040e+02 7.137845767999999680e+02 7.138574473999999555e+02 7.139298493999999664e+02 7.140017828000000009e+02 7.140732409999998254e+02 7.141442371999999068e+02 7.142147714000000178e+02 7.142848303999999189e+02 7.143544339999998556e+02 7.144235690000000432e+02 7.144922420000000329e+02 7.145604529999998249e+02 7.146282020000001012e+02 7.146954889999999523e+02 7.147623206000000664e+02 7.148286901999999827e+02
7.803590672000000268e+02 7.805031319999998232e+02 7.806464048000000275e+02 7.807888855999999578e+02 7.809305876000000808e+02 7.810715041999999357e+02 7.812116485999999895e+02 7.813510208000000148e+02 7.814896208000000115e+02 7.816274551999999858e+02 7.817645372000001771e+02 7.819008536000001186e+02 7.820364242000000559e+02 7.821712423999999828e+02 7.823053147999999055e+02 7.824386480000000574e+02 7.825712419999999838e+02 7.827031033999999181e+02 7.828342387999998664e+02 7.829646482000000560e+02 7.830943382000000383e+02 7.832233088000000407e+02 7.833515732000000753e+02 7.834791247999999086e+02 7.836059768000000076e+02 7.837321225999999115e+02 7.838575754000000870e+02 7.839823418000000856e+02 7.841064152000001286e+02 7.842298088000000007e+02 7.843525225999999293e+02 7.844745565999999144e+02 7.845959239999999681e+02 7.847166248000000905e+02 7.848366655999998329e+02 7.849560398000000987e+02 7.850747671999999966e+02 7.851928411999999753e+02 7.853102684000000409e+02 7.854270487999999659e+02 7.855431955999999900e+02 7.856587021999998797e+02 7.857735818000001018e+02 7.858878344000002016e+02 7.860014665999999579e+02 7.861144718000000466e+02 7.862268632000000252e+02 7.863386474000001272e+02 7.864498177999998916e+02 7.865603875999997854e+02
5.330881994000001214e+02 5.331895621999999548e+02 5.332903508000001693e+02 5.333905520000000706e+02 5.334901790000001256e+02 5.335892251999998734e+02 5.336877038000000084e+02 5.337856016000000636e+02 5.338829317999998239e+02 5.339796943999999712e+02 5.340758894000000510e+02 5.341715233999998418e+02 5.342665832000000137e+02 5.343610886000001301e+02 5.344550330000001850e+02 5.345484164000001783e+02 5.346412387999998828e+02 5.347335067999999865e+02 5.348252270000000408e+02 5.349163861999998062e+02 5.350069976000002043e+02 5.350970545999998649e+02 5.351865703999999369e+02 5.352755317999999534e+02 5.353639519999999266e+02 5.354518244000000777e+02 5.355391489999999521e+02 5.356259390000000167e+02 5.357121878000000379e+02 5.357978888000000097e+02 5.358830617999999504e+02 5.359676936000000751e+02 5.360517841999999291e+02 5.361353467999999793e+02 5.362183747999999923e+02 5.363008681999999681e+02 5.363828336000001400e+02 5.364642643999998199e+02 5.365451671999999235e+02 5.366255419999999958e+02 5.367053888000000370e+02 5.367847142000000531e+02 5.368635116000000380e+02 5.369417809999999918e+02 5.370195356000001539e+02 5.370967622000000574e+02 5.371734673999999359e+02 5.372496578000000227e+02 5.373253267999998570e+02 5.374004743999998936e+02
5.994678644000000531e+02 5.996331548000000566e+02 5.997975343999999041e+02 5.999610164000000623e+02 6.001235942000000705e+02 6.002852809999999408e+02 6.004460767999999007e+02 6.006059881999999561e+02 6.007650152000001071e+02 6.009231644000001324e+02 6.010804424000000381e+02 6.012368492000000515e+02 6.013923913999999513e+02 6.015470689999999649e+02 6.017008886000000984e+02 6.018538633999999092e+02 6.020059802000000673e+02 6.021572654000001421e+02 6.023076991999998882e+02 6.024573080000000118e+02 6.026060851999998249e+02 6.027540308000000095e+02 6.029011645999999018e+02 6.030474733999999444e+02 6.031929769999999280e+02 6.033376687999998467e+02 6.034815619999999399e+02 6.036246500000002015e+02 6.037669525999999678e+02 6.039084632000001420e+02 6.040491817999998148e+02 6.041891282000001411e+02 6.043282957999999780e+02 6.044666978000000199e+02 6.046043276000000333e+02 6.047411983999998029e+02 6.048773102000000108e+02 6.050126695999999811e+02 6.051472832000001745e+02 6.052811509999999089e+02 6.054142729999998664e+02 6.055466690000000654e+02 6.056783258000000387e+02 6.058092632000000322e+02 6.059394746000000396e+02 6.060689665999998397e+02 6.061977457999998933e+02 6.063258187999999791e+02 6.064531790000000910e+02 6.065798462000000200e+02
3.552287989999999809e+02 3.553421408000001520e+02 3.554548291999999492e+02 3.555668576000000485e+02 3.556782392000000073e+02 3.557889740000000529e+02 3.558990553999999520e+02 3.560084965999999440e+02 3.561172910000000229e+02 3.562254517999999734e+02 3.563329658000000109e+02 3.564398527999999260e+02 3.565460995999999341e+02 3.566517194000000472e+02 3.567567056000000321e+02 3.568610581999998885e+02 3.569647903999998562e+02 3.570679021999999350e+02 3.571703870000001189e+02 3.572722513999999592e+02 3.573734954000001380e+02 3.574741255999999794e+02 3.575741353999999319e+02 3.576735380000000077e+02 3.577723267999999734e+02 3.578705018000000564e+02 3.579680696000000353e+02 3.580650302000001375e+02 3.581613901999999143e+02 3.582571430000000419e+02 3.583522885999998380e+02 3.584468401999999969e+02 3.585407846000000518e+02 3.586341349999997874e+02 3.587268914000001132e+02 3.588190472000001137e+02 3.589106156000000283e+02 3.590015833999998449e+02 3.590919638000000305e+02 3.591817568000001302e+02 3.592709557999999106e+02 3.593595674000000599e+02 3.594475982000001295e+02 3.595350416000001132e+02 3.596218976000000112e+02 3.597081728000000567e+02 3.597938672000000224e+02 3.598789807999999084e+02 3.599635135999999420e+02 3.600474722000001293e+02
4.186216538000001037e+02 4.188084008000000722e+02 4.189941248000000087e+02 4.191788389999999254e+02 4.193625302000000374e+02 4.195452182000001358e+02 4.197269029999999930e+02 4.199075846000000638e+02 4.200872761999999057e+02 4.202659711999999672e+02 4.204436762000000272e+02 4.206203977999998642e+02 4.207961491999999453e+02 4.209709238000000369e+02 4.211447216000001390e+02 4.213175624000000425e+02 4.214894461999999749e+02 4.216603729999999359e+02 4.218303427999999258e+02 4.219993753999999626e+02 4.221674642000000404e+02 4.223346157999999377e+02 4.225008368000001155e+02 4.226661338000001251e+02 4.228305067999999665e+02 4.229939690000001065e+02 4.231565138000000843e+02 4.233181543999999121e+02 4.234788908000000447e+02 4.236387362000000394e+02 4.237976840000001175e+02 4.239557473999998365e+02 4.241129329999998845e+02 4.242692342000000281e+02 4.244246708000000581e+02 4.245792362000001958e+02 4.247329369999999926e+02 4.248857798000001367e+02 4.250377777999999580e+02 4.251889244000001327e+02 4.253392261999999846e+02 4.254886897999999746e+02 4.256373217999998815e+02 4.257851221999999325e+02 4.259321042000001398e+02 4.260782678000000487e+02 4.262236129999998866e+02 4.263681530000001203e+02 4.265118811999998343e+02 4.266548174000001836e+02
1.774474238000000241e+02 1.775728765999999723e+02 1.776975967999999284e+02 1.778215910000001259e+02 1.779448591999998825e+02 1.780673947999998745e+02 1.781892176000001200e+02 1.783103143999999247e+02 1.784306983999999829e+02 1.785503695999998399e+02 1.786693280000001778e+02 1.787875801999998657e+02 1.789051262000000406e+02 1.790219660000000204e+02 1.791380996000000323e+02 1.792535401999998612e+02 1.793682878000001892e+02 1.794823358000001008e+02 1.795956908000000567e+02 1.797083528000000570e+02 1.798203283999998803e+02 1.799316241999999875e+02 1.800422269999999116e+02 1.801521566000001258e+02 1.802613997999999356e+02 1.803699698000000353e+02 1.804778599999999642e+02 1.805850770000001830e+02 1.806916208000000097e+02 1.807974980000001324e+02 1.809027020000000903e+02 1.810072459999998955e+02 1.811111167999999907e+02 1.812143276000001606e+02 1.813168784000001779e+02 1.814187626000000364e+02 1.815199933999999757e+02 1.816205641999999898e+02 1.817204816000000847e+02 1.818197455999998056e+02 1.819183562000000620e+02 1.820163133999999445e+02 1.821136237999999139e+02 1.822102807999999641e+02 1.823062910000001011e+02 1.824016610000001037e+02 1.824963775999999598e+02 1.825904605999999148e+02 1.826838967999999568e+02 1.827766862000000856e+02
2.378049848000000566e+02 2.380134656000000177e+02 2.382208178000000771e+02 2.384270348000000013e+02 2.386321232000000236e+02 2.388360896000001503e+02 2.390389405999999326e+02 2.392406827999998313e+02 2.394413095999998404e+02 2.396408341999999720e+02 2.398392632000000049e+02 2.400365900000001602e+02 2.402328344000000016e+02 2.404279831999999715e+02 2.406220562000000882e+02 2.408150533999998970e+02 2.410069814000000861e+02 2.411978402000002006e+02 2.413876430000000255e+02 2.415763832000000093e+02 2.417640739999999369e+02 2.419507153999998081e+02 2.421363206000000901e+02 2.423208830000000944e+02 2.425044223999998394e+02 2.426869255999999950e+02 2.428684189999999035e+02 2.430488894000000073e+02 2.432283500000000913e+02 2.434068073999999342e+02 2.435842615999999907e+02 2.437607258000000456e+02 2.439361934000000929e+02 2.441106842000001507e+02 2.442841915999999856e+02 2.444567287999998371e+02 2.446282891999999265e+02 2.447988925999998173e+02 2.449685389999999643e+02 2.451372283999999127e+02 2.453049739999999019e+02 2.454717691999999261e+02 2.456376338000000032e+02 2.458025678000001335e+02 2.459665712000000894e+02 2.461296505999998772e+02 2.462918125999999575e+02 2.464530704000001151e+02 2.466134173999998893e+02 2.467728601999999682e+02
