6.655451819999999685e+00 6.902912330000000374e+00 7.150345159999999645e+00 7.397750839999999606e+00 7.645129889999999762e+00 7.892482840000000444e+00 8.139810210000000268e+00 8.387112520000000515e+00 8.634390279999999862e+00 8.881643999999999650e+00 9.128874189999999444e+00 9.376081340000000708e+00 9.623265959999999453e+00 9.870428549999999746e+00 1.011756959999999950e+01 1.036468960000000017e+01 1.061178899999999992e+01 1.085886829999999925e+01 1.110592800000000047e+01 1.135296860000000052e+01 1.159999050000000054e+01 1.184699430000000042e+01 1.209398030000000013e+01 1.234094900000000017e+01 1.258790100000000045e+01 1.283483659999999915e+01 1.308175630000000034e+01 1.332866059999999919e+01 1.357554979999999922e+01 1.382242459999999973e+01 1.406928519999999949e+01 1.431613220000000020e+01 1.456296599999999941e+01 1.480978690000000064e+01 1.505659559999999964e+01 1.530339230000000050e+01 1.555017750000000021e+01 1.579695159999999987e+01 1.604371510000000001e+01 1.629046840000000174e+01 1.653721189999999908e+01 1.678394589999999909e+01 1.703067100000000167e+01 1.727738760000000084e+01 1.752409589999999895e+01 1.777079660000000061e+01 1.801748990000000106e+01 1.826417620000000142e+01 1.851085610000000159e+01 1.875752980000000036e+01
-1.411935120000000055e+01 -1.386742109999999961e+01 -1.361557660000000070e+01 -1.336381680000000038e+01 -1.311214080000000060e+01 -1.286054790000000025e+01 -1.260903730000000067e+01 -1.235760810000000021e+01 -1.210625950000000017e+01 -1.185499070000000010e+01 -1.160380089999999953e+01 -1.135268920000000037e+01 -1.110165489999999977e+01 -1.085069720000000082e+01 -1.059981520000000010e+01 -1.034900810000000071e+01 -1.009827510000000039e+01 -9.847615530000000561e+00 -9.597028460000000649e+00 -9.346513140000000774e+00 -9.096068779999999521e+00 -8.845694590000000801e+00 -8.595389770000000595e+00 -8.345153559999999970e+00 -8.094985160000000235e+00 -7.844883799999999852e+00 -7.594848719999999886e+00 -7.344879129999999812e+00 -7.094974269999999805e+00 -6.845133370000000106e+00 -6.595355679999999943e+00 -6.345640440000000382e+00 -6.095986889999999825e+00 -5.846394280000000165e+00 -5.596861869999999684e+00 -5.347388900000000334e+00 -5.097974650000000274e+00 -4.848618369999999622e+00 -4.599319340000000089e+00 -4.350076819999999955e+00 -4.100890090000000043e+00 -3.851758429999999844e+00 -3.602681120000000181e+00 -3.353657450000000040e+00 -3.104686710000000183e+00 -2.855768190000000040e+00 -2.606901199999999807e+00 -2.358085040000000188e+00 -2.109319020000000044e+00 -1.860602440000000080e+00
6.485647179999999956e+00 6.732962859999999772e+00 6.980251299999999937e+00 7.227513019999999955e+00 7.474748540000000219e+00 7.721958390000000172e+00 7.969143090000000207e+00 8.216303140000000838e+00 8.463439049999999853e+00 8.710551329999999481e+00 8.957640480000000238e+00 9.204707000000000860e+00 9.451751379999999259e+00 9.698774110000000448e+00 9.945775680000000563e+00 1.019275659999999917e+01 1.043971729999999987e+01 1.068665820000000011e+01 1.093357999999999919e+01 1.118048289999999945e+01 1.142736760000000018e+01 1.167423439999999957e+01 1.192108379999999990e+01 1.216791629999999991e+01 1.241473240000000011e+01 1.266153240000000046e+01 1.290831690000000087e+01 1.315508619999999951e+01 1.340184089999999983e+01 1.364858130000000003e+01 1.389530799999999999e+01 1.414202129999999968e+01 1.438872169999999961e+01 1.463540959999999913e+01 1.488208539999999935e+01 1.512874960000000080e+01 1.537540259999999925e+01 1.562204479999999940e+01 1.586867660000000058e+01 1.611529850000000152e+01 1.636191080000000042e+01 1.660851399999999956e+01 1.685510850000000005e+01 1.710169469999999947e+01 1.734827299999999894e+01 1.759484379999999959e+01 1.784140749999999898e+01 1.808796449999999822e+01 1.833451510000000084e+01 1.858105989999999963e+01
-1.428770390000000035e+01 -1.403594829999999938e+01 -1.378427800000000047e+01 -1.353269219999999962e+01 -1.328119000000000050e+01 -1.302977060000000087e+01 -1.277843310000000088e+01 -1.252717679999999945e+01 -1.227600070000000088e+01 -1.202490410000000054e+01 -1.177388619999999975e+01 -1.152294610000000041e+01 -1.127208300000000030e+01 -1.102129610000000071e+01 -1.077058450000000001e+01 -1.051994750000000067e+01 -1.026938430000000047e+01 -1.001889390000000013e+01 -9.768475759999999397e+00 -9.518128909999999721e+00 -9.267852590000000390e+00 -9.017646020000000817e+00 -8.767508380000000656e+00 -8.517438900000000146e+00 -8.267436789999999647e+00 -8.017501259999999519e+00 -7.767631540000000001e+00 -7.517826839999999677e+00 -7.268086389999999675e+00 -7.018409430000000171e+00 -6.768795189999999629e+00 -6.519242910000000002e+00 -6.269751819999999753e+00 -6.020321169999999888e+00 -5.770950209999999636e+00 -5.521638199999999941e+00 -5.272384380000000093e+00 -5.023188030000000026e+00 -4.774048399999999859e+00 -4.524964770000000414e+00 -4.275936409999999910e+00 -4.026962600000000059e+00 -3.778042609999999968e+00 -3.529175729999999955e+00 -3.280361259999999834e+00 -3.031598479999999984e+00 -2.782886700000000157e+00 -2.534225220000000167e+00 -2.285613350000000210e+00 -2.037050400000000039e+00
6.330565290000000012e+00 6.577751120000000284e+00 6.824910100000000313e+00 7.072042749999999600e+00 7.319149590000000316e+00 7.566231140000000188e+00 7.813287909999999670e+00 8.060320400000000163e+00 8.307329109999999517e+00 8.554314550000000850e+00 8.801277210000000295e+00 9.048217579999999316e+00 9.295136149999999375e+00 9.542033410000000160e+00 9.788909840000000528e+00 1.003576589999999946e+01 1.028260210000000008e+01 1.052941889999999958e+01 1.077621680000000026e+01 1.102299619999999969e+01 1.126975750000000076e+01 1.151650139999999922e+01 1.176322809999999919e+01 1.200993820000000056e+01 1.225663209999999914e+01 1.250331030000000077e+01 1.274997319999999945e+01 1.299662129999999927e+01 1.324325490000000016e+01 1.348987450000000088e+01 1.373648060000000015e+01 1.398307370000000027e+01 1.422965400000000002e+01 1.447622209999999932e+01 1.472277829999999987e+01 1.496932319999999983e+01 1.521585699999999974e+01 1.546238029999999952e+01 1.570889350000000029e+01 1.595539690000000022e+01 1.620189099999999982e+01 1.644837610000000083e+01 1.669485279999999960e+01 1.694132129999999847e+01 1.718778220000000090e+01 1.743423569999999856e+01 1.768068239999999847e+01 1.792712249999999941e+01 1.817355650000000011e+01 1.841998480000000171e+01
-1.443940279999999987e+01 -1.418780500000000089e+01 -1.393629209999999929e+01 -1.368486339999999934e+01 -1.343351810000000057e+01 -1.318225520000000017e+01 -1.293107400000000062e+01 -1.267997360000000029e+01 -1.242895309999999931e+01 -1.217801180000000016e+01 -1.192714879999999944e+01 -1.167636330000000022e+01 -1.142565440000000088e+01 -1.117502129999999916e+01 -1.092446319999999993e+01 -1.067397929999999917e+01 -1.042356870000000058e+01 -1.017323069999999952e+01 -9.922964430000000391e+00 -9.672769049999999424e+00 -9.422643779999999580e+00 -9.172587829999999443e+00 -8.922600389999999493e+00 -8.672680659999999264e+00 -8.422827849999999117e+00 -8.173041180000000239e+00 -7.923319860000000325e+00 -7.673663109999999676e+00 -7.424070150000000368e+00 -7.174540200000000034e+00 -6.925072499999999742e+00 -6.675666279999999730e+00 -6.426320780000000177e+00 -6.177035240000000371e+00 -5.927808899999999603e+00 -5.678641029999999645e+00 -5.429530859999999848e+00 -5.180477670000000145e+00 -4.931480709999999767e+00 -4.682539249999999598e+00 -4.433652559999999632e+00 -4.184819929999999744e+00 -3.936040619999999990e+00 -3.687313940000000123e+00 -3.438639150000000200e+00 -3.190015579999999851e+00 -2.941442499999999960e+00 -2.692919219999999836e+00 -2.444445060000000058e+00 -2.196019329999999936e+00
6.191576600000000319e+00 6.438647239999999883e+00 6.685691369999999800e+00 6.932709509999999575e+00 7.179702169999999661e+00 7.426669849999999684e+00 7.673613070000000036e+00 7.920532330000000343e+00 8.167428109999999464e+00 8.414300929999999568e+00 8.661151260000000462e+00 8.907979590000000059e+00 9.154786409999999819e+00 9.401572200000000379e+00 9.648337429999999770e+00 9.895082580000000405e+00 1.014180810000000044e+01 1.038851449999999943e+01 1.063520220000000016e+01 1.088187169999999959e+01 1.112852350000000001e+01 1.137515789999999960e+01 1.162177540000000064e+01 1.186837659999999950e+01 1.211496179999999967e+01 1.236153149999999989e+01 1.260808609999999952e+01 1.285462610000000083e+01 1.310115189999999963e+01 1.334766390000000058e+01 1.359416260000000065e+01 1.384064829999999979e+01 1.408712159999999969e+01 1.433358280000000029e+01 1.458003240000000034e+01 1.482647079999999917e+01 1.507289830000000030e+01 1.531931550000000009e+01 1.556572270000000024e+01 1.581212030000000013e+01 1.605850879999999847e+01 1.630488850000000056e+01 1.655125980000000041e+01 1.679762320000000031e+01 1.704397910000000138e+01 1.729032780000000002e+01 1.753666979999999853e+01 1.778300540000000041e+01 1.802933499999999967e+01 1.827565909999999860e+01
-1.457409999999999961e+01 -1.432264209999999949e+01 -1.407126880000000035e+01 -1.381997950000000053e+01 -1.356877320000000076e+01 -1.331764910000000057e+01 -1.306660630000000012e+01 -1.281564410000000009e+01 -1.256476140000000008e+01 -1.231395760000000017e+01 -1.206323169999999934e+01 -1.181258290000000066e+01 -1.156201049999999952e+01 -1.131151340000000083e+01 -1.106109110000000051e+01 -1.081074249999999992e+01 -1.056046689999999977e+01 -1.031026340000000019e+01 -1.006013130000000011e+01 -9.810069670000000741e+00 -9.560077780000000303e+00 -9.310154810000000225e+00 -9.060299929999999335e+00 -8.810512360000000598e+00 -8.560791289999999165e+00 -8.311135930000000727e+00 -8.061545499999999365e+00 -7.812019219999999819e+00 -7.562556289999999848e+00 -7.313155939999999688e+00 -7.063817410000000407e+00 -6.814539909999999701e+00 -6.565322700000000289e+00 -6.316164999999999807e+00 -6.067066070000000089e+00 -5.818025150000000423e+00 -5.569041499999999978e+00 -5.320114369999999759e+00 -5.071243019999999824e+00 -4.822426730000000106e+00 -4.573664769999999713e+00 -4.324956410000000417e+00 -4.076300930000000378e+00 -3.827697619999999912e+00 -3.579145769999999782e+00 -3.330644679999999802e+00 -3.082193639999999846e+00 -2.833791970000000049e+00 -2.585438959999999842e+00 -2.337133950000000127e+00
6.068807239999999936e+00 6.315777090000000094e+00 6.562720729999999669e+00 6.809638650000000126e+00 7.056531360000000141e+00 7.303399370000000168e+00 7.550243179999999832e+00 7.797063289999999647e+00 8.043860179999999360e+00 8.290634340000000435e+00 8.537386259999999893e+00 8.784116429999999198e+00 9.030825319999999934e+00 9.277513400000000132e+00 9.524181150000000429e+00 9.770829029999999804e+00 1.001745750000000079e+01 1.026406710000000011e+01 1.051065810000000056e+01 1.075723119999999966e+01 1.100378669999999914e+01 1.125032509999999952e+01 1.149684680000000014e+01 1.174335220000000035e+01 1.198984190000000005e+01 1.223631630000000037e+01 1.248277569999999947e+01 1.272922070000000083e+01 1.297565170000000023e+01 1.322206899999999941e+01 1.346847320000000003e+01 1.371486460000000029e+01 1.396124359999999953e+01 1.420761079999999943e+01 1.445396649999999994e+01 1.470031099999999924e+01 1.494664490000000079e+01 1.519296860000000038e+01 1.543928239999999974e+01 1.568558679999999939e+01 1.593188209999999927e+01 1.617816880000000168e+01 1.642444730000000064e+01 1.667071789999999964e+01 1.691698119999999861e+01 1.716323729999999870e+01 1.740948690000000099e+01 1.765573020000000071e+01 1.790196759999999898e+01 1.814819960000000165e+01
-1.469238379999999999e+01 -1.444104830000000028e+01 -1.418979730000000039e+01 -1.393862990000000046e+01 -1.368754520000000063e+01 -1.343654249999999983e+01 -1.318562080000000059e+01 -1.293477919999999948e+01 -1.268401700000000076e+01 -1.243333329999999926e+01 -1.218272720000000042e+01 -1.193219790000000025e+01 -1.168174460000000003e+01 -1.143136639999999993e+01 -1.118106240000000007e+01 -1.093083189999999938e+01 -1.068067399999999978e+01 -1.043058790000000080e+01 -1.018057280000000020e+01 -9.930627859999999529e+00 -9.680752229999999514e+00 -9.430945129999999565e+00 -9.181205759999999216e+00 -8.931533299999999898e+00 -8.681926960000000193e+00 -8.432385939999999636e+00 -8.182909450000000362e+00 -7.933496700000000068e+00 -7.684146919999999881e+00 -7.434859320000000160e+00 -7.185633130000000257e+00 -6.936467569999999583e+00 -6.687361890000000031e+00 -6.438315320000000064e+00 -6.189327109999999799e+00 -5.940396500000000302e+00 -5.691522749999999853e+00 -5.442705120000000285e+00 -5.193942859999999939e+00 -4.945235249999999638e+00 -4.696581550000000327e+00 -4.447981060000000042e+00 -4.199433029999999789e+00 -3.950936780000000148e+00 -3.702491579999999782e+00 -3.454096729999999837e+00 -3.205751540000000066e+00 -2.957455320000000221e+00 -2.709207360000000175e+00 -2.461006999999999945e+00
5.962369609999999653e+00 6.209252819999999673e+00 6.456110029999999611e+00 6.702941769999999799e+00 6.949748519999999985e+00 7.196530779999999794e+00 7.443289059999999679e+00 7.690023840000000277e+00 7.936735599999999557e+00 8.183424840000000700e+00 8.430092039999999898e+00 8.676737669999999625e+00 8.923362199999999689e+00 9.169966099999999898e+00 9.416549850000000887e+00 9.663113909999999862e+00 9.909658739999999355e+00 1.015618480000000012e+01 1.040269250000000056e+01 1.064918240000000083e+01 1.089565480000000086e+01 1.114211030000000058e+01 1.138854929999999932e+01 1.163497219999999999e+01 1.188137940000000015e+01 1.212777140000000031e+01 1.237414859999999983e+01 1.262051149999999922e+01 1.286686049999999959e+01 1.311319600000000030e+01 1.335951840000000068e+01 1.360582819999999948e+01 1.385212579999999960e+01 1.409841149999999921e+01 1.434468589999999999e+01 1.459094920000000073e+01 1.483720210000000073e+01 1.508344469999999937e+01 1.532967760000000013e+01 1.557590120000000056e+01 1.582211580000000062e+01 1.606832179999999966e+01 1.631451979999999935e+01 1.656070989999999910e+01 1.680689279999999997e+01 1.705306870000000075e+01 1.729923799999999900e+01 1.754540109999999942e+01 1.779155850000000072e+01 1.803771049999999931e+01
-1.479414829999999981e+01 -1.454291759999999911e+01 -1.429177119999999945e+01 -1.404070809999999980e+01 -1.378972749999999969e+01 -1.353882849999999927e+01 -1.328801029999999983e+01 -1.303727190000000036e+01 -1.278661259999999977e+01 -1.253603149999999999e+01 -1.228552780000000055e+01 -1.203510050000000042e+01 -1.178474890000000030e+01 -1.153447210000000034e+01 -1.128426920000000067e+01 -1.103413950000000021e+01 -1.078408199999999972e+01 -1.053409609999999930e+01 -1.028418070000000029e+01 -1.003433519999999923e+01 -9.784558669999999125e+00 -9.534850329999999374e+00 -9.285209370000000462e+00 -9.035634979999999317e+00 -8.786126349999999974e+00 -8.536682700000000068e+00 -8.287303220000000081e+00 -8.037987129999999425e+00 -7.788733650000000175e+00 -7.539541990000000027e+00 -7.290411380000000108e+00 -7.041341049999999768e+00 -6.792330220000000196e+00 -6.543378149999999671e+00 -6.294484080000000148e+00 -6.045647240000000089e+00 -5.796866900000000378e+00 -5.548142320000000183e+00 -5.299472749999999621e+00 -5.050857470000000404e+00 -4.802295749999999863e+00 -4.553786859999999770e+00 -4.305330099999999938e+00 -4.056924740000000362e+00 -3.808570089999999908e+00 -3.560265439999999781e+00 -3.312010089999999796e+00 -3.063803360000000087e+00 -2.815644559999999963e+00 -2.567533010000000004e+00
5.872347440000000418e+00 6.119157859999999616e+00 6.365942480000000181e+00 6.612701790000000024e+00 6.859436299999999598e+00 7.106146500000000366e+00 7.352832870000000298e+00 7.599495909999999910e+00 7.846136099999999836e+00 8.092753910000000772e+00 8.339349840000000569e+00 8.585924329999999216e+00 8.832477880000000781e+00 9.079010930000000812e+00 9.325523970000000773e+00 9.572017439999999766e+00 9.818491800000000325e+00 1.006494750000000060e+01 1.031138499999999958e+01 1.055780479999999955e+01 1.080420729999999985e+01 1.105059289999999983e+01 1.129696200000000061e+01 1.154331520000000033e+01 1.178965290000000010e+01 1.203597539999999988e+01 1.228228320000000018e+01 1.252857679999999974e+01 1.277485659999999967e+01 1.302112289999999994e+01 1.326737630000000046e+01 1.351361709999999938e+01 1.375984580000000079e+01 1.400606269999999931e+01 1.425226830000000078e+01 1.449846299999999921e+01 1.474464719999999929e+01 1.499082130000000035e+01 1.523698569999999997e+01 1.548314079999999926e+01 1.572928699999999935e+01 1.597542480000000076e+01 1.622155439999999871e+01 1.646767639999999844e+01 1.671379110000000168e+01 1.695989889999999889e+01 1.720600019999999830e+01 1.745209540000000104e+01 1.769818479999999994e+01 1.794426890000000085e+01
-1.487928110000000004e+01 -1.462813760000000052e+01 -1.437707799999999914e+01 -1.412610160000000015e+01 -1.387520740000000075e+01 -1.362439460000000047e+01 -1.337366229999999945e+01 -1.312300970000000078e+01 -1.287243589999999926e+01 -1.262194000000000038e+01 -1.237152110000000071e+01 -1.212117849999999919e+01 -1.187091129999999950e+01 -1.162071860000000001e+01 -1.137059950000000086e+01 -1.112055340000000037e+01 -1.087057919999999989e+01 -1.062067620000000012e+01 -1.037084349999999944e+01 -1.012108040000000031e+01 -9.871385970000000398e+00 -9.621759429999999114e+00 -9.372199959999999663e+00 -9.122706770000000631e+00 -8.873279039999999895e+00 -8.623915970000000542e+00 -8.374616780000000205e+00 -8.125380659999999367e+00 -7.876206840000000042e+00 -7.627094539999999867e+00 -7.378042970000000089e+00 -7.129051369999999999e+00 -6.880118979999999773e+00 -6.631245019999999712e+00 -6.382428749999999873e+00 -6.133669410000000433e+00 -5.884966249999999732e+00 -5.636318540000000432e+00 -5.387725539999999924e+00 -5.139186519999999980e+00 -4.890700759999999647e+00 -4.642267519999999870e+00 -4.393886099999999573e+00 -4.145555790000000407e+00 -3.897275880000000026e+00 -3.649045679999999958e+00 -3.400864490000000018e+00 -3.152731610000000018e+00 -2.904646379999999972e+00 -2.656608100000000139e+00
5.798824530000000088e+00 6.045575750000000248e+00 6.292301319999999976e+00 6.539001719999999906e+00 6.785677449999999666e+00 7.032328999999999830e+00 7.278956860000000084e+00 7.525561500000000237e+00 7.772143419999999914e+00 8.018703070000000821e+00 8.265240950000000808e+00 8.511757499999999865e+00 8.758253220000000283e+00 9.004728540000000336e+00 9.251183940000000661e+00 9.497619869999999409e+00 9.744036789999999115e+00 9.990435149999999709e+00 1.023681539999999934e+01 1.048317800000000055e+01 1.072952330000000032e+01 1.097585190000000033e+01 1.122216410000000053e+01 1.146846039999999967e+01 1.171474120000000063e+01 1.196100700000000039e+01 1.220725810000000067e+01 1.245349509999999960e+01 1.269971819999999951e+01 1.294592809999999972e+01 1.319212500000000077e+01 1.343830939999999963e+01 1.368448159999999980e+01 1.393064219999999942e+01 1.417679159999999960e+01 1.442292999999999914e+01 1.466905799999999971e+01 1.491517600000000066e+01 1.516128430000000016e+01 1.540738329999999934e+01 1.565347350000000048e+01 1.589955529999999939e+01 1.614562899999999956e+01 1.639169509999999974e+01 1.663775389999999987e+01 1.688380580000000108e+01 1.712985129999999856e+01 1.737589069999999936e+01 1.762192429999999987e+01 1.786795270000000002e+01
-1.494768829999999937e+01 -1.469661430000000024e+01 -1.444562400000000046e+01 -1.419471659999999957e+01 -1.394389130000000065e+01 -1.369314720000000030e+01 -1.344248340000000042e+01 -1.319189899999999938e+01 -1.294139320000000026e+01 -1.269096520000000083e+01 -1.244061390000000067e+01 -1.219033869999999986e+01 -1.194013859999999916e+01 -1.169001279999999987e+01 -1.143996049999999975e+01 -1.118998080000000073e+01 -1.094007279999999938e+01 -1.069023579999999995e+01 -1.044046890000000083e+01 -1.019077129999999975e+01 -9.941142080000000547e+00 -9.691580549999999405e+00 -9.442085849999999780e+00 -9.192657159999999550e+00 -8.943293690000000851e+00 -8.693994630000000612e+00 -8.444759189999999194e+00 -8.195586580000000509e+00 -7.946476009999999590e+00 -7.697426700000000288e+00 -7.448437880000000177e+00 -7.199508769999999558e+00 -6.950638599999999556e+00 -6.701826630000000229e+00 -6.453072080000000099e+00 -6.204374210000000112e+00 -5.955732280000000323e+00 -5.707145539999999961e+00 -5.458613259999999912e+00 -5.210134710000000169e+00 -4.961709159999999841e+00 -4.713335899999999690e+00 -4.465014209999999650e+00 -4.216743390000000424e+00 -3.968522720000000170e+00 -3.720351519999999912e+00 -3.472229089999999907e+00 -3.224154749999999847e+00 -2.976127799999999990e+00 -2.728147589999999845e+00
5.741847390000000217e+00 5.988552780000000020e+00 6.235232609999999731e+00 6.481887389999999805e+00 6.728517590000000048e+00 6.975123710000000088e+00 7.221706219999999732e+00 7.468265620000000382e+00 7.714802360000000192e+00 7.961316939999999676e+00 8.207809810000000539e+00 8.454281440000000813e+00 8.700732300000000308e+00 8.947162849999999779e+00 9.193573539999999156e+00 9.439964829999999196e+00 9.686337169999999830e+00 9.932691000000000159e+00 1.017902680000000082e+01 1.042534500000000008e+01 1.067164589999999968e+01 1.091793020000000070e+01 1.116419819999999952e+01 1.141045030000000082e+01 1.165668690000000041e+01 1.190290859999999995e+01 1.214911560000000001e+01 1.239530859999999990e+01 1.264148770000000077e+01 1.288765360000000015e+01 1.313380659999999978e+01 1.337994710000000076e+01 1.362607550000000067e+01 1.387219220000000064e+01 1.411829780000000056e+01 1.436439239999999984e+01 1.461047669999999954e+01 1.485655090000000023e+01 1.510261550000000064e+01 1.534867090000000012e+01 1.559471740000000040e+01 1.584075550000000021e+01 1.608678559999999891e+01 1.633280810000000116e+01 1.657882329999999982e+01 1.682483159999999955e+01 1.707083349999999911e+01 1.731682939999999959e+01 1.756281949999999981e+01 1.780880439999999965e+01
-1.499928929999999916e+01 -1.474826700000000024e+01 -1.449732850000000006e+01 -1.424647260000000060e+01 -1.399569870000000016e+01 -1.374500579999999950e+01 -1.349439309999999992e+01 -1.324385960000000040e+01 -1.299340459999999986e+01 -1.274302710000000083e+01 -1.249272619999999989e+01 -1.224250119999999953e+01 -1.199235119999999988e+01 -1.174227529999999931e+01 -1.149227259999999973e+01 -1.124234240000000007e+01 -1.099248380000000047e+01 -1.074269589999999930e+01 -1.049297800000000080e+01 -1.024332910000000041e+01 -9.993748560000000225e+00 -9.744235429999999809e+00 -9.494788930000000349e+00 -9.245408270000000428e+00 -8.996092620000000650e+00 -8.746841200000000427e+00 -8.497653209999999291e+00 -8.248527850000000328e+00 -7.999464330000000345e+00 -7.750461890000000409e+00 -7.501519730000000052e+00 -7.252637100000000281e+00 -7.003813219999999617e+00 -6.755047339999999956e+00 -6.506338689999999758e+00 -6.257686529999999969e+00 -6.009090119999999757e+00 -5.760548700000000188e+00 -5.512061560000000249e+00 -5.263627959999999995e+00 -5.015247170000000310e+00 -4.766918480000000180e+00 -4.518641180000000368e+00 -4.270414559999999859e+00 -4.022237920000000244e+00 -3.774110560000000003e+00 -3.526031790000000221e+00 -3.278000930000000146e+00 -3.030017299999999913e+00 -2.782080220000000104e+00
5.701447309999999824e+00 5.948120030000000114e+00 6.194767269999999826e+00 6.441389509999999596e+00 6.687987249999999939e+00 6.934560979999999653e+00 7.181111160000000382e+00 7.427638280000000037e+00 7.674142810000000203e+00 7.920625229999999739e+00 8.167085990000000351e+00 8.413525569999999121e+00 8.659944429999999471e+00 8.906343019999999555e+00 9.152721800000000130e+00 9.399081219999999348e+00 9.645421730000000693e+00 9.891743769999999714e+00 1.013804780000000072e+01 1.038433430000000079e+01 1.063060360000000060e+01 1.087685620000000064e+01 1.112309250000000027e+01 1.136931300000000000e+01 1.161551809999999918e+01 1.186170820000000070e+01 1.210788379999999975e+01 1.235404519999999984e+01 1.260019300000000086e+01 1.284632739999999984e+01 1.309244890000000083e+01 1.333855800000000080e+01 1.358465499999999970e+01 1.383074039999999982e+01 1.407681460000000051e+01 1.432287789999999994e+01 1.456893080000000040e+01 1.481497369999999947e+01 1.506100700000000003e+01 1.530703109999999967e+01 1.555304630000000010e+01 1.579905319999999946e+01 1.604505199999999832e+01 1.629104320000000072e+01 1.653702720000000070e+01 1.678300430000000176e+01 1.702897499999999908e+01 1.727493959999999973e+01 1.752089859999999888e+01 1.776685219999999887e+01
-1.503401780000000088e+01 -1.478302990000000072e+01 -1.453212549999999936e+01 -1.428130379999999988e+01 -1.403056379999999947e+01 -1.377990480000000062e+01 -1.352932589999999990e+01 -1.327882609999999985e+01 -1.302840460000000000e+01 -1.277806050000000049e+01 -1.252779300000000084e+01 -1.227760119999999944e+01 -1.202748429999999935e+01 -1.177744129999999956e+01 -1.152747150000000076e+01 -1.127757410000000071e+01 -1.102774800000000077e+01 -1.077799270000000043e+01 -1.052830709999999925e+01 -1.027869040000000034e+01 -1.002914200000000022e+01 -9.779660809999999316e+00 -9.530246160000000799e+00 -9.280897219999999948e+00 -9.031613169999999968e+00 -8.782393210000000394e+00 -8.533236540000000758e+00 -8.284142389999999523e+00 -8.035109950000000723e+00 -7.786138450000000155e+00 -7.537227109999999897e+00 -7.288375160000000186e+00 -7.039581830000000373e+00 -6.790846379999999627e+00 -6.542168030000000023e+00 -6.293546039999999842e+00 -6.044979660000000088e+00 -5.796468159999999870e+00 -5.548010810000000070e+00 -5.299606859999999919e+00 -5.051255610000000118e+00 -4.802956339999999713e+00 -4.554708330000000416e+00 -4.306510870000000324e+00 -4.058363280000000017e+00 -3.810264839999999875e+00 -3.562214879999999972e+00 -3.314212710000000062e+00 -3.066257639999999896e+00 -2.818349019999999872e+00
5.677661360000000101e+00 5.924314419999999970e+00 6.170942039999999906e+00 6.417544699999999658e+00 6.664122899999999738e+00 6.910677119999999896e+00 7.157207839999999877e+00 7.403715530000000378e+00 7.650200660000000319e+00 7.896663710000000336e+00 8.143105150000000236e+00 8.389525420000000011e+00 8.635925000000000296e+00 8.882304339999999243e+00 9.128663899999999387e+00 9.375004119999999830e+00 9.621325459999999552e+00 9.867628350000000381e+00 1.011391330000000011e+01 1.036018059999999963e+01 1.060643080000000005e+01 1.085266440000000010e+01 1.109888160000000035e+01 1.134508310000000009e+01 1.159126919999999927e+01 1.183744030000000080e+01 1.208359689999999986e+01 1.232973929999999996e+01 1.257586809999999922e+01 1.282198349999999998e+01 1.306808610000000037e+01 1.331417629999999974e+01 1.356025439999999982e+01 1.380632079999999995e+01 1.405237610000000004e+01 1.429842050000000064e+01 1.454445450000000051e+01 1.479047850000000075e+01 1.503649300000000011e+01 1.528249809999999975e+01 1.552849450000000076e+01 1.577448249999999952e+01 1.602046250000000072e+01 1.626643479999999897e+01 1.651239989999999835e+01 1.675835819999999998e+01 1.700431010000000143e+01 1.725025589999999909e+01 1.749619600000000119e+01 1.774213080000000176e+01
-1.505182759999999931e+01 -1.480085640000000069e+01 -1.454996880000000026e+01 -1.429916380000000053e+01 -1.404844049999999989e+01 -1.379779809999999962e+01 -1.354723569999999988e+01 -1.329675229999999964e+01 -1.304634730000000076e+01 -1.279601959999999927e+01 -1.254576840000000004e+01 -1.229559279999999966e+01 -1.204549210000000059e+01 -1.179546530000000004e+01 -1.154551159999999932e+01 -1.129563010000000034e+01 -1.104582010000000025e+01 -1.079608059999999981e+01 -1.054641080000000031e+01 -1.029681000000000068e+01 -1.004727719999999991e+01 -9.797811700000000457e+00 -9.548412649999999502e+00 -9.299079230000000251e+00 -9.049810649999999512e+00 -8.800606090000000492e+00 -8.551464770000000826e+00 -8.302385890000000046e+00 -8.053368660000000290e+00 -7.804412310000000019e+00 -7.555516060000000422e+00 -7.306679139999999961e+00 -7.057900779999999763e+00 -6.809180220000000006e+00 -6.560516699999999979e+00 -6.311909489999999678e+00 -6.063357820000000231e+00 -5.814860969999999796e+00 -5.566418210000000144e+00 -5.318028789999999617e+00 -5.069692009999999804e+00 -4.821407139999999814e+00 -4.573173470000000407e+00 -4.324990309999999560e+00 -4.076856939999999874e+00 -3.828772670000000211e+00 -3.580736819999999820e+00 -3.332748710000000170e+00 -3.084807640000000184e+00 -2.836912959999999817e+00
5.670475109999999930e+00 5.917121429999999904e+00 6.163742329999999825e+00 6.410338290000000327e+00 6.656909790000000271e+00 6.903457330000000169e+00 7.149981379999999831e+00 7.396482419999999891e+00 7.642960910000000219e+00 7.889417339999999612e+00 8.135852149999999838e+00 8.382265820000000645e+00 8.628658800000000184e+00 8.875031560000000042e+00 9.121384539999999319e+00 9.367718189999999723e+00 9.614032970000000233e+00 9.860329319999999953e+00 1.010660769999999964e+01 1.035286849999999959e+01 1.059911220000000043e+01 1.084533919999999974e+01 1.109154999999999980e+01 1.133774490000000057e+01 1.158392450000000018e+01 1.183008910000000036e+01 1.207623919999999984e+01 1.232237519999999975e+01 1.256849740000000004e+01 1.281460640000000062e+01 1.306070260000000083e+01 1.330678619999999945e+01 1.355285789999999935e+01 1.379891789999999929e+01 1.404496669999999980e+01 1.429100470000000023e+01 1.453703220000000051e+01 1.478304980000000057e+01 1.502905780000000036e+01 1.527505649999999982e+01 1.552104650000000063e+01 1.576702799999999982e+01 1.601300159999999906e+01 1.625896750000000068e+01 1.650492619999999988e+01 1.675087800000000016e+01 1.699682340000000025e+01 1.724276280000000128e+01 1.748869649999999965e+01 1.773462490000000003e+01
-1.505268320000000060e+01 -1.480171129999999913e+01 -1.455082290000000000e+01 -1.430001709999999981e+01 -1.404929309999999987e+01 -1.379865000000000030e+01 -1.354808680000000010e+01 -1.329760270000000055e+01 -1.304719689999999943e+01 -1.279686850000000042e+01 -1.254661660000000012e+01 -1.229644039999999983e+01 -1.204633890000000029e+01 -1.179631140000000045e+01 -1.154635700000000043e+01 -1.129647480000000037e+01 -1.104666409999999921e+01 -1.079692389999999946e+01 -1.054725350000000006e+01 -1.029765199999999936e+01 -1.004811860000000046e+01 -9.798652419999999807e+00 -9.549252720000000139e+00 -9.299918659999999448e+00 -9.050649440000000823e+00 -8.801444249999999414e+00 -8.552302299999999136e+00 -8.303222800000000348e+00 -8.054204959999999858e+00 -7.805247999999999742e+00 -7.556351150000000239e+00 -7.307513629999999871e+00 -7.058734679999999706e+00 -6.810013529999999982e+00 -6.561349439999999866e+00 -6.312741650000000426e+00 -6.064189419999999942e+00 -5.815692010000000245e+00 -5.567248690000000444e+00 -5.318858719999999707e+00 -5.070521399999999623e+00 -4.822235990000000250e+00 -4.574001789999999623e+00 -4.325818100000000221e+00 -4.077684200000000203e+00 -3.829599420000000087e+00 -3.581563060000000132e+00 -3.333574440000000028e+00 -3.085632869999999972e+00 -2.837737699999999919e+00
5.679887360000000385e+00 5.926539840000000225e+00 6.173166880000000134e+00 6.419768979999999736e+00 6.666346619999999668e+00 6.912900269999999736e+00 7.159430429999999568e+00 7.405937569999999859e+00 7.652422160000000417e+00 7.898884660000000224e+00 8.145325550000000803e+00 8.391745289999999358e+00 8.638144340000000199e+00 8.884523149999999703e+00 9.130882180000000403e+00 9.377221880000000453e+00 9.623542699999999783e+00 9.869845079999999271e+00 1.011612949999999955e+01 1.036239630000000034e+01 1.060864600000000024e+01 1.085487909999999978e+01 1.110109590000000068e+01 1.134729680000000052e+01 1.159348239999999919e+01 1.183965309999999960e+01 1.208580910000000053e+01 1.233195109999999950e+01 1.257807940000000002e+01 1.282419439999999966e+01 1.307029649999999954e+01 1.331638620000000017e+01 1.356246379999999974e+01 1.380852989999999991e+01 1.405458469999999949e+01 1.430062859999999958e+01 1.454666220000000010e+01 1.479268579999999922e+01 1.503869979999999984e+01 1.528470450000000014e+01 1.553070050000000002e+01 1.577668800000000005e+01 1.602266759999999834e+01 1.626863949999999903e+01 1.651460420000000084e+01 1.676056210000000135e+01 1.700651350000000050e+01 1.725245890000000060e+01 1.749839860000000158e+01 1.774433300000000102e+01
-1.503658500000000053e+01 -1.478559500000000071e+01 -1.453468860000000085e+01 -1.428386489999999931e+01 -1.403312290000000040e+01 -1.378246189999999949e+01 -1.353188090000000088e+01 -1.328137919999999994e+01 -1.303095569999999981e+01 -1.278060969999999941e+01 -1.253034019999999948e+01 -1.228014650000000074e+01 -1.203002760000000038e+01 -1.177998280000000086e+01 -1.153001109999999940e+01 -1.128011170000000085e+01 -1.103028379999999942e+01 -1.078052659999999996e+01 -1.053083920000000084e+01 -1.028122070000000043e+01 -1.003167039999999943e+01 -9.782187479999999269e+00 -9.532771059999999963e+00 -9.283420339999999271e+00 -9.034134529999999330e+00 -8.784912829999999673e+00 -8.535754439999999832e+00 -8.286658559999999341e+00 -8.037624420000000214e+00 -7.788651230000000147e+00 -7.539738210000000329e+00 -7.290884600000000049e+00 -7.042089630000000433e+00 -6.793352529999999945e+00 -6.544672560000000416e+00 -6.296048960000000250e+00 -6.047480990000000389e+00 -5.798967900000000064e+00 -5.550508980000000037e+00 -5.302103480000000424e+00 -5.053750680000000273e+00 -4.805449870000000345e+00 -4.557200339999999628e+00 -4.309001379999999770e+00 -4.060852289999999698e+00 -3.812752370000000113e+00 -3.564700929999999879e+00 -3.316697299999999959e+00 -3.068740790000000107e+00 -2.820830729999999953e+00
5.705875429999999859e+00 5.952547000000000033e+00 6.199193099999999568e+00 6.445814200000000049e+00 6.692410820000000093e+00 6.938983419999999569e+00 7.185532489999999939e+00 7.432058500000000123e+00 7.678561939999999808e+00 7.925043259999999812e+00 8.171502950000000709e+00 8.417941450000000714e+00 8.664359239999999573e+00 8.910756770000000770e+00 9.157134490000000682e+00 9.403492869999999115e+00 9.649832339999999675e+00 9.896153359999999566e+00 1.014245640000000037e+01 1.038874180000000003e+01 1.063501010000000058e+01 1.088126169999999959e+01 1.112749709999999936e+01 1.137371659999999984e+01 1.161992069999999977e+01 1.186610989999999966e+01 1.211228449999999945e+01 1.235844490000000029e+01 1.260459170000000029e+01 1.285072519999999940e+01 1.309684580000000054e+01 1.334295400000000065e+01 1.358905009999999969e+01 1.383513450000000056e+01 1.408120779999999961e+01 1.432727019999999918e+01 1.457332229999999917e+01 1.481936430000000016e+01 1.506539670000000086e+01 1.531141990000000064e+01 1.555743430000000060e+01 1.580344030000000011e+01 1.604943829999999849e+01 1.629542860000000104e+01 1.654141179999999878e+01 1.678738810000000115e+01 1.703335799999999978e+01 1.727932180000000173e+01 1.752527990000000102e+01 1.777123279999999994e+01
-1.500352039999999931e+01 -1.475249479999999913e+01 -1.450155280000000069e+01 -1.425069359999999996e+01 -1.399991630000000065e+01 -1.374922010000000050e+01 -1.349860409999999966e+01 -1.324806730000000066e+01 -1.299760900000000063e+01 -1.274722820000000034e+01 -1.249692420000000048e+01 -1.224669600000000003e+01 -1.199654269999999912e+01 -1.174646369999999962e+01 -1.149645789999999934e+01 -1.124652460000000076e+01 -1.099666279999999929e+01 -1.074687190000000037e+01 -1.049715089999999940e+01 -1.024749899999999947e+01 -9.997915439999999876e+00 -9.748399329999999807e+00 -9.498949870000000573e+00 -9.249566270000000756e+00 -9.000247710000000012e+00 -8.750993389999999650e+00 -8.501802520000000030e+00 -8.252674309999999736e+00 -8.003607969999999128e+00 -7.754602710000000343e+00 -7.505657770000000006e+00 -7.256772380000000133e+00 -7.007945750000000196e+00 -6.759177150000000189e+00 -6.510465800000000414e+00 -6.261810960000000037e+00 -6.013211890000000004e+00 -5.764667840000000432e+00 -5.516178080000000428e+00 -5.267741889999999927e+00 -5.019358529999999874e+00 -4.771027290000000143e+00 -4.522747449999999780e+00 -4.274518320000000315e+00 -4.026339189999999846e+00 -3.778209359999999961e+00 -3.530128139999999970e+00 -3.282094840000000069e+00 -3.034108799999999828e+00 -2.786169329999999889e+00
5.748408790000000046e+00 5.995112469999999583e+00 6.241790599999999856e+00 6.488443690000000430e+00 6.735072210000000226e+00 6.981676659999999757e+00 7.228257519999999658e+00 7.474815269999999678e+00 7.721350379999999625e+00 7.967863340000000072e+00 8.214354600000000062e+00 8.460824629999999402e+00 8.707273900000000566e+00 8.953702870000000757e+00 9.200112000000000734e+00 9.446501729999999597e+00 9.692872519999999881e+00 9.939224830000000566e+00 1.018555910000000075e+01 1.043187570000000086e+01 1.067817520000000009e+01 1.092445799999999956e+01 1.117072450000000039e+01 1.141697510000000015e+01 1.166321029999999936e+01 1.190943049999999914e+01 1.215563620000000000e+01 1.240182760000000073e+01 1.264800540000000062e+01 1.289416989999999963e+01 1.314032150000000065e+01 1.338646059999999949e+01 1.363258760000000080e+01 1.387870299999999979e+01 1.412480719999999934e+01 1.437090049999999941e+01 1.461698340000000051e+01 1.486305630000000022e+01 1.510911959999999965e+01 1.535517360000000053e+01 1.560121889999999922e+01 1.584725569999999983e+01 1.609328449999999933e+01 1.633930570000000060e+01 1.658531969999999944e+01 1.683132679999999937e+01 1.707732749999999911e+01 1.732332209999999861e+01 1.756931110000000018e+01 1.781529469999999904e+01
-1.495351420000000076e+01 -1.470243529999999943e+01 -1.445144029999999979e+01 -1.420052830000000021e+01 -1.394969829999999966e+01 -1.369894949999999945e+01 -1.344828110000000088e+01 -1.319769209999999937e+01 -1.294718169999999979e+01 -1.269674909999999990e+01 -1.244639339999999983e+01 -1.219611369999999972e+01 -1.194590909999999973e+01 -1.169577890000000053e+01 -1.144572220000000051e+01 -1.119573809999999980e+01 -1.094582579999999972e+01 -1.069598449999999978e+01 -1.044621330000000015e+01 -1.019651149999999973e+01 -9.946878070000000349e+00 -9.697312359999999742e+00 -9.447813509999999582e+00 -9.198380710000000349e+00 -8.949013150000000749e+00 -8.699710030000000316e+00 -8.450470570000000237e+00 -8.201293959999999217e+00 -7.952179430000000160e+00 -7.703126179999999934e+00 -7.454133449999999605e+00 -7.205200470000000301e+00 -6.956326459999999656e+00 -6.707510669999999564e+00 -6.458752340000000203e+00 -6.210050709999999974e+00 -5.961405059999999700e+00 -5.712814619999999621e+00 -5.464278669999999671e+00 -5.215796489999999785e+00 -4.967367330000000081e+00 -4.718990490000000371e+00 -4.470665249999999702e+00 -4.222390899999999725e+00 -3.974166739999999809e+00 -3.725992070000000211e+00 -3.477866199999999797e+00 -3.229788440000000094e+00 -2.981758119999999845e+00 -2.733774540000000197e+00
5.807443509999999698e+00 6.054192460000000331e+00 6.300915769999999583e+00 6.547613929999999804e+00 6.794287439999999734e+00 7.040936780000000006e+00 7.287562440000000308e+00 7.534164900000000387e+00 7.780744649999999929e+00 8.027302150000000580e+00 8.273837889999999362e+00 8.520352320000000645e+00 8.766845919999999737e+00 9.013319149999999169e+00 9.259772469999999700e+00 9.506206340000000310e+00 9.752621200000000101e+00 9.999017520000000658e+00 1.024539569999999955e+01 1.049175630000000048e+01 1.073809959999999997e+01 1.098442619999999970e+01 1.123073650000000079e+01 1.147703079999999964e+01 1.172330969999999972e+01 1.196957349999999920e+01 1.221582279999999976e+01 1.246205780000000019e+01 1.270827910000000038e+01 1.295448709999999970e+01 1.320068209999999986e+01 1.344686459999999961e+01 1.369303509999999946e+01 1.393919389999999936e+01 1.418534140000000043e+01 1.443147800000000025e+01 1.467760430000000049e+01 1.492372040000000055e+01 1.516982699999999973e+01 1.541592430000000036e+01 1.566201279999999940e+01 1.590809280000000037e+01 1.615416480000000021e+01 1.640022919999999829e+01 1.664628629999999987e+01 1.689233660000000015e+01 1.713838039999999907e+01 1.738441810000000132e+01 1.763045019999999852e+01 1.787647690000000011e+01
-1.488660729999999965e+01 -1.463545760000000051e+01 -1.438439190000000067e+01 -1.413340939999999968e+01 -1.388250919999999944e+01 -1.363169040000000010e+01 -1.338095219999999941e+01 -1.313029359999999990e+01 -1.287971390000000049e+01 -1.262921210000000016e+01 -1.237878749999999961e+01 -1.212843909999999958e+01 -1.187816609999999962e+01 -1.162796769999999924e+01 -1.137784300000000037e+01 -1.112779120000000077e+01 -1.087781140000000057e+01 -1.062790290000000049e+01 -1.037806469999999948e+01 -1.012829610000000002e+01 -9.878596229999999423e+00 -9.628964299999999810e+00 -9.379399480000000011e+00 -9.129900969999999560e+00 -8.880467960000000716e+00 -8.631099649999999457e+00 -8.381795249999999697e+00 -8.132553980000000848e+00 -7.883375029999999839e+00 -7.634257650000000339e+00 -7.385201030000000166e+00 -7.136204430000000265e+00 -6.887267060000000107e+00 -6.638388179999999750e+00 -6.389567020000000319e+00 -6.140802820000000217e+00 -5.892094850000000328e+00 -5.643442369999999819e+00 -5.394844629999999697e+00 -5.146300909999999895e+00 -4.897810480000000410e+00 -4.649372620000000289e+00 -4.400986610000000354e+00 -4.152651750000000419e+00 -3.904367329999999914e+00 -3.656132649999999984e+00 -3.407947009999999999e+00 -3.159809730000000094e+00 -2.911720120000000023e+00 -2.663677509999999860e+00
5.882928220000000152e+00 6.129735819999999613e+00 6.376517630000000381e+00 6.623274150000000304e+00 6.870005889999999837e+00 7.116713329999999615e+00 7.363396960000000213e+00 7.610057280000000368e+00 7.856694769999999828e+00 8.103309899999999288e+00 8.349903149999999385e+00 8.596474999999999866e+00 8.843025900000000661e+00 9.089556339999999679e+00 9.336066779999999454e+00 9.582557660000000865e+00 9.829029459999999219e+00 1.007548260000000084e+01 1.032191760000000080e+01 1.056833480000000058e+01 1.081473480000000009e+01 1.106111789999999928e+01 1.130748460000000044e+01 1.155383540000000053e+01 1.180017059999999951e+01 1.204649069999999966e+01 1.229279610000000034e+01 1.253908730000000027e+01 1.278536470000000058e+01 1.303162870000000062e+01 1.327787969999999973e+01 1.352411820000000020e+01 1.377034450000000021e+01 1.401655910000000027e+01 1.426276239999999973e+01 1.450895490000000088e+01 1.475513680000000072e+01 1.500130869999999916e+01 1.524747080000000032e+01 1.549362379999999995e+01 1.573976779999999920e+01 1.598590339999999976e+01 1.623203090000000159e+01 1.647815070000000048e+01 1.672426330000000050e+01 1.697036890000000042e+01 1.721646810000000016e+01 1.746256119999999967e+01 1.770864860000000007e+01 1.795473060000000132e+01
-1.480285370000000000e+01 -1.455161559999999987e+01 -1.430046169999999961e+01 -1.404939120000000052e+01 -1.379840330000000037e+01 -1.354749699999999990e+01 -1.329667150000000042e+01 -1.304592599999999969e+01 -1.279525950000000023e+01 -1.254467129999999919e+01 -1.229416040000000088e+01 -1.204372610000000066e+01 -1.179336750000000045e+01 -1.154308370000000039e+01 -1.129287390000000002e+01 -1.104273730000000064e+01 -1.079267310000000002e+01 -1.054268030000000067e+01 -1.029275829999999914e+01 -1.004290600000000033e+01 -9.793122889999999359e+00 -9.543407959999999690e+00 -9.293760459999999668e+00 -9.044179570000000723e+00 -8.794664490000000612e+00 -8.545214429999999695e+00 -8.295828600000000108e+00 -8.046506190000000558e+00 -7.797246440000000334e+00 -7.548048559999999796e+00 -7.298911780000000071e+00 -7.049835319999999683e+00 -6.800818419999999698e+00 -6.551860310000000354e+00 -6.302960239999999992e+00 -6.054117469999999557e+00 -5.805331230000000176e+00 -5.556600800000000007e+00 -5.307925420000000116e+00 -5.059304380000000378e+00 -4.810736939999999962e+00 -4.562222389999999628e+00 -4.313760000000000261e+00 -4.065349059999999959e+00 -3.816988869999999867e+00 -3.568678729999999799e+00 -3.320417930000000073e+00 -3.072205799999999876e+00 -2.824041629999999969e+00 -2.575924759999999925e+00
5.974798579999999859e+00 6.221678419999999932e+00 6.468532279999999801e+00 6.715360679999999860e+00 6.962164109999999795e+00 7.208943080000000059e+00 7.455698080000000338e+00 7.702429600000000320e+00 7.949138119999999752e+00 8.195824139999999147e+00 8.442488129999999202e+00 8.689130580000000492e+00 8.935751939999999394e+00 9.182352699999999146e+00 9.428933320000000506e+00 9.675494260000000679e+00 9.922035989999999472e+00 1.016855900000000013e+01 1.041506359999999987e+01 1.066155050000000060e+01 1.090801989999999932e+01 1.115447239999999951e+01 1.140090829999999933e+01 1.164732820000000046e+01 1.189373250000000048e+01 1.214012160000000051e+01 1.238649589999999989e+01 1.263285589999999914e+01 1.287920199999999937e+01 1.312553459999999994e+01 1.337185419999999958e+01 1.361816110000000002e+01 1.386445589999999939e+01 1.411073880000000003e+01 1.435701040000000006e+01 1.460327099999999945e+01 1.484952110000000047e+01 1.509576099999999954e+01 1.534199109999999955e+01 1.558821200000000040e+01 1.583442390000000088e+01 1.608062729999999974e+01 1.632682259999999985e+01 1.657301010000000119e+01 1.681919029999999893e+01 1.706536360000000130e+01 1.731153030000000115e+01 1.755769090000000077e+01 1.780384570000000011e+01 1.804999510000000029e+01
-1.470232339999999915e+01 -1.445097920000000080e+01 -1.419971950000000049e+01 -1.394854349999999954e+01 -1.369745020000000046e+01 -1.344643890000000042e+01 -1.319550869999999954e+01 -1.294465869999999974e+01 -1.269388810000000056e+01 -1.244319609999999976e+01 -1.219258169999999986e+01 -1.194204410000000038e+01 -1.169158260000000027e+01 -1.144119620000000026e+01 -1.119088419999999928e+01 -1.094064559999999986e+01 -1.069047969999999914e+01 -1.044038570000000021e+01 -1.019036269999999966e+01 -9.940409880000000697e+00 -9.690526459999999176e+00 -9.440711620000000082e+00 -9.190964550000000344e+00 -8.941284449999999495e+00 -8.691670520000000622e+00 -8.442121970000000530e+00 -8.192638000000000531e+00 -7.943217830000000035e+00 -7.693860670000000290e+00 -7.444565739999999820e+00 -7.195332269999999752e+00 -6.946159500000000264e+00 -6.697046649999999879e+00 -6.447992969999999602e+00 -6.198997689999999672e+00 -5.950060070000000145e+00 -5.701179360000000251e+00 -5.452354820000000046e+00 -5.203585709999999587e+00 -4.954871299999999756e+00 -4.706210849999999724e+00 -4.457603650000000250e+00 -4.209048990000000323e+00 -3.960546129999999998e+00 -3.712094379999999916e+00 -3.463693039999999890e+00 -3.215341410000000177e+00 -2.967038780000000209e+00 -2.718784480000000059e+00 -2.470577819999999925e+00
6.082951930000000118e+00 6.329917879999999997e+00 6.576857620000000182e+00 6.823771670000000178e+00 7.070660529999999611e+00 7.317524709999999821e+00 7.564364710000000436e+00 7.811181020000000252e+00 8.057974129999999846e+00 8.304744530000000680e+00 8.551492720000000602e+00 8.798219160000000372e+00 9.044924339999999674e+00 9.291608739999999145e+00 9.538272819999999541e+00 9.784917059999999722e+00 1.003154190000000057e+01 1.027814779999999928e+01 1.052473529999999968e+01 1.077130479999999935e+01 1.101785669999999939e+01 1.126439159999999973e+01 1.151090969999999913e+01 1.175741170000000047e+01 1.200389790000000012e+01 1.225036880000000039e+01 1.249682480000000062e+01 1.274326630000000016e+01 1.298969390000000068e+01 1.323610779999999920e+01 1.348250859999999918e+01 1.372889660000000056e+01 1.397527230000000031e+01 1.422163609999999956e+01 1.446798839999999942e+01 1.471432970000000040e+01 1.496066030000000069e+01 1.520698070000000079e+01 1.545329130000000006e+01 1.569959240000000023e+01 1.594588450000000002e+01 1.619216799999999878e+01 1.643844329999999943e+01 1.668471070000000012e+01 1.693097080000000076e+01 1.717722380000000015e+01 1.742347020000000057e+01 1.766971039999999959e+01 1.791594470000000072e+01 1.816217359999999914e+01
-1.458511870000000066e+01 -1.433365069999999974e+01 -1.408226739999999921e+01 -1.383096809999999977e+01 -1.357975189999999976e+01 -1.332861789999999935e+01 -1.307756539999999923e+01 -1.282659330000000075e+01 -1.257570100000000046e+01 -1.232488750000000088e+01 -1.207415199999999977e+01 -1.182349360000000082e+01 -1.157291170000000058e+01 -1.132240520000000039e+01 -1.107197339999999919e+01 -1.082161550000000005e+01 -1.057133059999999958e+01 -1.032111790000000084e+01 -1.007097659999999983e+01 -9.820905919999999512e+00 -9.570904979999999895e+00 -9.320973009999999448e+00 -9.071109189999999600e+00 -8.821312739999999764e+00 -8.571582850000000420e+00 -8.321918730000000153e+00 -8.072319600000000150e+00 -7.822784669999999885e+00 -7.573313159999999655e+00 -7.323904279999999822e+00 -7.074557279999999615e+00 -6.825271380000000221e+00 -6.576045820000000042e+00 -6.326879840000000144e+00 -6.077772679999999816e+00 -5.828723590000000065e+00 -5.579731830000000059e+00 -5.330796649999999914e+00 -5.081917319999999627e+00 -4.833093100000000142e+00 -4.584323269999999617e+00 -4.335607099999999825e+00 -4.086943869999999812e+00 -3.838332869999999897e+00 -3.589773380000000014e+00 -3.341264719999999855e+00 -3.092806159999999860e+00 -2.844397030000000104e+00 -2.596036629999999956e+00 -2.347724270000000057e+00
6.207343670000000202e+00 6.454409860000000165e+00 6.701449560000000361e+00 6.948463280000000353e+00 7.195451529999999707e+00 7.442414829999999704e+00 7.689353679999999969e+00 7.936268570000000189e+00 8.183160009999999929e+00 8.430028500000000591e+00 8.676874509999999319e+00 8.923698540000000179e+00 9.170501079999999305e+00 9.417282589999999232e+00 9.664043570000000472e+00 9.910784469999999402e+00 1.015750579999999914e+01 1.040420800000000057e+01 1.065089150000000018e+01 1.089755680000000027e+01 1.114420430000000017e+01 1.139083459999999981e+01 1.163744799999999913e+01 1.188404500000000041e+01 1.213062610000000063e+01 1.237719169999999913e+01 1.262374220000000058e+01 1.287027810000000017e+01 1.311679980000000079e+01 1.336330779999999940e+01 1.360980239999999952e+01 1.385628409999999988e+01 1.410275339999999922e+01 1.434921059999999926e+01 1.459565620000000052e+01 1.484209060000000058e+01 1.508851420000000054e+01 1.533492739999999976e+01 1.558133070000000053e+01 1.582772439999999925e+01 1.607410889999999881e+01 1.632048470000000151e+01 1.656685219999999958e+01 1.681321170000000009e+01 1.705956370000000177e+01 1.730590859999999864e+01 1.755224670000000131e+01 1.779857850000000141e+01 1.804490429999999890e+01 1.829122459999999961e+01
-1.445134799999999942e+01 -1.419973850000000049e+01 -1.394821409999999950e+01 -1.369677399999999956e+01 -1.344541719999999962e+01 -1.319414300000000040e+01 -1.294295040000000085e+01 -1.269183869999999992e+01 -1.244080710000000067e+01 -1.218985460000000032e+01 -1.193898049999999955e+01 -1.168818390000000029e+01 -1.143746409999999969e+01 -1.118682000000000087e+01 -1.093625109999999978e+01 -1.068575640000000071e+01 -1.043533500000000025e+01 -1.018498630000000027e+01 -9.934709390000000084e+00 -9.684503449999999347e+00 -9.434367679999999368e+00 -9.184301279999999679e+00 -8.934303460000000641e+00 -8.684373420000000010e+00 -8.434510369999999924e+00 -8.184713509999999914e+00 -7.934982080000000160e+00 -7.685315280000000193e+00 -7.435712330000000314e+00 -7.186172469999999812e+00 -6.936694929999999815e+00 -6.687278929999999733e+00 -6.437923719999999683e+00 -6.188628529999999905e+00 -5.939392630000000395e+00 -5.690215249999999614e+00 -5.441095650000000283e+00 -5.192033089999999795e+00 -4.943026839999999922e+00 -4.694076149999999892e+00 -4.445180309999999579e+00 -4.196338589999999868e+00 -3.947550269999999806e+00 -3.698814640000000153e+00 -3.450130979999999958e+00 -3.201498589999999922e+00 -2.952916769999999858e+00 -2.704384829999999962e+00 -2.455902070000000048e+00 -2.207467799999999869e+00
6.347825839999999609e+00 6.595006760000000412e+00 6.842160830000000082e+00 7.089288589999999779e+00 7.336390540000000016e+00 7.583467210000000236e+00 7.830519090000000126e+00 8.077546710000000019e+00 8.324550560000000488e+00 8.571531130000000331e+00 8.818488939999999943e+00 9.065424459999999129e+00 9.312338199999999233e+00 9.559230619999999234e+00 9.806102219999999647e+00 1.005295349999999921e+01 1.029978490000000058e+01 1.054659679999999966e+01 1.079338989999999932e+01 1.104016449999999949e+01 1.128692110000000071e+01 1.153366010000000053e+01 1.178038210000000063e+01 1.202708739999999921e+01 1.227377659999999970e+01 1.252045000000000030e+01 1.276710809999999974e+01 1.301375140000000030e+01 1.326038029999999956e+01 1.350699520000000042e+01 1.375359659999999984e+01 1.400018490000000071e+01 1.424676050000000060e+01 1.449332390000000004e+01 1.473987540000000074e+01 1.498641560000000084e+01 1.523294480000000028e+01 1.547946340000000021e+01 1.572597189999999934e+01 1.597247059999999941e+01 1.621895999999999916e+01 1.646544049999999970e+01 1.671191250000000039e+01 1.695837639999999880e+01 1.720483259999999959e+01 1.745128150000000034e+01 1.769772349999999861e+01 1.794415910000000025e+01 1.819058850000000049e+01 1.843701220000000163e+01
-1.430041130000000038e+01 -1.404864219999999975e+01 -1.379695850000000057e+01 -1.354535920000000004e+01 -1.329384360000000065e+01 -1.304241080000000075e+01 -1.279105999999999987e+01 -1.253979039999999934e+01 -1.228860109999999928e+01 -1.203749129999999923e+01 -1.178646029999999989e+01 -1.153550710000000024e+01 -1.128463099999999919e+01 -1.103383110000000045e+01 -1.078310659999999999e+01 -1.053245680000000029e+01 -1.028188079999999971e+01 -1.003137779999999957e+01 -9.780946939999999756e+00 -9.530587519999999202e+00 -9.280298699999999457e+00 -9.030079690000000880e+00 -8.779929689999999454e+00 -8.529847919999999917e+00 -8.279833599999999905e+00 -8.029885930000000727e+00 -7.780004139999999957e+00 -7.530187459999999611e+00 -7.280435109999999987e+00 -7.030746320000000438e+00 -6.781120330000000251e+00 -6.531556379999999606e+00 -6.282053709999999569e+00 -6.032611560000000317e+00 -5.783229190000000131e+00 -5.533905850000000015e+00 -5.284640790000000088e+00 -5.035433280000000345e+00 -4.786282589999999892e+00 -4.537187969999999737e+00 -4.288148709999999753e+00 -4.039164089999999874e+00 -3.790233380000000096e+00 -3.541355869999999850e+00 -3.292530849999999898e+00 -3.043757620000000053e+00 -2.795035480000000128e+00 -2.546363719999999997e+00 -2.297741670000000180e+00 -2.049168620000000107e+00
6.504281019999999636e+00 6.751591389999999748e+00 6.998874510000000271e+00 7.246130909999999758e+00 7.493361100000000441e+00 7.740565609999999985e+00 7.987744959999999672e+00 8.234899649999999127e+00 8.482030189999999692e+00 8.729137100000000871e+00 8.976220859999999746e+00 9.223281979999999436e+00 9.470320960000000454e+00 9.717338279999999884e+00 9.964334429999999188e+00 1.021130989999999983e+01 1.045826510000000020e+01 1.070520070000000068e+01 1.095211699999999944e+01 1.119901450000000054e+01 1.144589359999999978e+01 1.169275500000000001e+01 1.193959890000000001e+01 1.218642589999999970e+01 1.243323649999999958e+01 1.268003099999999961e+01 1.292680999999999969e+01 1.317357379999999978e+01 1.342032290000000039e+01 1.366705789999999965e+01 1.391377899999999990e+01 1.416048669999999987e+01 1.440718159999999948e+01 1.465386389999999928e+01 1.490053419999999917e+01 1.514719279999999912e+01 1.539384019999999964e+01 1.564047680000000007e+01 1.588710309999999915e+01 1.613371940000000038e+01 1.638032610000000133e+01 1.662692369999999897e+01 1.687351260000000153e+01 1.712009319999999946e+01 1.736666579999999982e+01 1.761323099999999897e+01 1.785978910000000042e+01 1.810634040000000056e+01 1.835288549999999930e+01 1.859942470000000014e+01
-1.413296440000000054e+01 -1.388101799999999919e+01 -1.362915710000000047e+01 -1.337738099999999974e+01 -1.312568869999999954e+01 -1.287407959999999996e+01 -1.262255269999999996e+01 -1.237110720000000086e+01 -1.211974239999999980e+01 -1.186845740000000049e+01 -1.161725150000000006e+01 -1.136612369999999927e+01 -1.111507339999999999e+01 -1.086409959999999941e+01 -1.061320160000000001e+01 -1.036237859999999955e+01 -1.011162990000000050e+01 -9.860954469999999361e+00 -9.610351680000000840e+00 -9.359820709999999266e+00 -9.109360770000000329e+00 -8.858971070000000836e+00 -8.608650830000000198e+00 -8.358399260000000552e+00 -8.108215590000000361e+00 -7.858099049999999863e+00 -7.608048870000000186e+00 -7.358064269999999851e+00 -7.108144489999999927e+00 -6.858288779999999640e+00 -6.608496360000000180e+00 -6.358766489999999827e+00 -6.109098409999999646e+00 -5.859491379999999694e+00 -5.609944640000000149e+00 -5.360457470000000058e+00 -5.111029109999999598e+00 -4.861658839999999593e+00 -4.612345920000000099e+00 -4.363089630000000163e+00 -4.113889239999999781e+00 -3.864744040000000158e+00 -3.615653309999999898e+00 -3.366616329999999824e+00 -3.117632410000000132e+00 -2.868700829999999868e+00 -2.619820900000000119e+00 -2.370991909999999869e+00 -2.122213190000000083e+00 -1.873484039999999906e+00
8.601136880000000318e+00 8.848312260000000151e+00 9.095464469999999579e+00 9.342593989999999238e+00 9.589701319999999640e+00 9.836786950000000473e+00 1.008385140000000035e+01 1.033089509999999933e+01 1.057791849999999911e+01 1.082492219999999961e+01 1.107190660000000015e+01 1.131887210000000010e+01 1.156581929999999936e+01 1.181274870000000021e+01 1.205966049999999967e+01 1.230655549999999998e+01 1.255343389999999992e+01 1.280029620000000001e+01 1.304714290000000076e+01 1.329397449999999914e+01 1.354079139999999981e+01 1.378759389999999918e+01 1.403438270000000010e+01 1.428115799999999957e+01 1.452792039999999929e+01 1.477467019999999920e+01 1.502140789999999981e+01 1.526813399999999987e+01 1.551484879999999933e+01 1.576155280000000047e+01 1.600824629999999971e+01 1.625492990000000049e+01 1.650160380000000160e+01 1.674826870000000056e+01 1.699492469999999855e+01 1.724157239999999902e+01 1.748821219999999954e+01 1.773484440000000006e+01 1.798146949999999933e+01 1.822808789999999846e+01 1.847469990000000095e+01 1.872130599999999845e+01 1.896790659999999917e+01 1.921450199999999953e+01 1.946109269999999825e+01 1.970767899999999884e+01 1.995426129999999887e+01 2.020083999999999946e+01 2.044741559999999936e+01 2.069398830000000089e+01
-1.598549599999999948e+01 -1.573278099999999924e+01 -1.548015819999999998e+01 -1.522762670000000007e+01 -1.497518570000000082e+01 -1.472283430000000060e+01 -1.447057170000000070e+01 -1.421839710000000068e+01 -1.396630960000000066e+01 -1.371430849999999957e+01 -1.346239279999999994e+01 -1.321056190000000008e+01 -1.295881469999999958e+01 -1.270715069999999969e+01 -1.245556880000000000e+01 -1.220406829999999943e+01 -1.195264839999999928e+01 -1.170130830000000088e+01 -1.145004710000000081e+01 -1.119886409999999977e+01 -1.094775839999999967e+01 -1.069672920000000005e+01 -1.044577579999999983e+01 -1.019489729999999916e+01 -9.944092980000000637e+00 -9.693361960000000721e+00 -9.442703489999999533e+00 -9.192116770000000159e+00 -8.941601009999999405e+00 -8.691155439999999288e+00 -8.440779259999999340e+00 -8.190471699999999800e+00 -7.940231980000000078e+00 -7.690059330000000415e+00 -7.439952960000000282e+00 -7.189912129999999735e+00 -6.939936059999999962e+00 -6.690023980000000314e+00 -6.440175149999999960e+00 -6.190388800000000025e+00 -5.940664189999999678e+00 -5.691000559999999986e+00 -5.441397170000000116e+00 -5.191853280000000126e+00 -4.942368150000000071e+00 -4.692941049999999947e+00 -4.443571249999999750e+00 -4.194258020000000364e+00 -3.945000630000000008e+00 -3.695798369999999888e+00
8.440827580000000552e+00 8.687869429999999227e+00 8.934888479999999689e+00 9.181885199999999969e+00 9.428860099999999633e+00 9.675813650000000266e+00 9.922746339999999776e+00 1.016965859999999999e+01 1.041655109999999951e+01 1.066342399999999913e+01 1.091027799999999992e+01 1.115711349999999946e+01 1.140393100000000004e+01 1.165073089999999922e+01 1.189751369999999930e+01 1.214427990000000079e+01 1.239102980000000009e+01 1.263776400000000066e+01 1.288448280000000068e+01 1.313118680000000005e+01 1.337787639999999989e+01 1.362455199999999955e+01 1.387121400000000015e+01 1.411786290000000044e+01 1.436449909999999974e+01 1.461112299999999919e+01 1.485773509999999931e+01 1.510433579999999942e+01 1.535092550000000067e+01 1.559750460000000061e+01 1.584407359999999976e+01 1.609063280000000162e+01 1.633718269999999961e+01 1.658372359999999901e+01 1.683025609999999972e+01 1.707678040000000053e+01 1.732329700000000017e+01 1.756980629999999977e+01 1.781630870000000044e+01 1.806280459999999977e+01 1.830929439999999886e+01 1.855577840000000123e+01 1.880225719999999967e+01 1.904873100000000008e+01 1.929520020000000002e+01 1.954166529999999824e+01 1.978812659999999823e+01 2.003458450000000113e+01 2.028103949999999855e+01 2.052749179999999996e+01
-1.616162010000000038e+01 -1.590908959999999972e+01 -1.565665109999999949e+01 -1.540430369999999982e+01 -1.515204660000000025e+01 -1.489987889999999915e+01 -1.464779979999999959e+01 -1.439580839999999995e+01 -1.414390399999999914e+01 -1.389208570000000087e+01 -1.364035250000000055e+01 -1.338870380000000004e+01 -1.313713869999999950e+01 -1.288565630000000084e+01 -1.263425589999999943e+01 -1.238293649999999957e+01 -1.213169740000000019e+01 -1.188053769999999965e+01 -1.162945670000000042e+01 -1.137845339999999972e+01 -1.112752710000000000e+01 -1.087667710000000021e+01 -1.062590229999999991e+01 -1.037520209999999921e+01 -1.012457569999999940e+01 -9.874022209999999689e+00 -9.623540840000000429e+00 -9.373130820000000085e+00 -9.122791339999999138e+00 -8.872521609999999725e+00 -8.622320829999999603e+00 -8.372188230000000786e+00 -8.122123020000000082e+00 -7.872124409999999628e+00 -7.622191629999999662e+00 -7.372323910000000424e+00 -7.122520470000000437e+00 -6.872780549999999877e+00 -6.623103379999999873e+00 -6.373488209999999654e+00 -6.123934270000000346e+00 -5.874440820000000230e+00 -5.625007100000000371e+00 -5.375632379999999877e+00 -5.126315899999999814e+00 -4.877056930000000179e+00 -4.627854740000000078e+00 -4.378708600000000395e+00 -4.129617780000000238e+00 -3.880581569999999925e+00
8.296338520000000827e+00 8.543261010000000155e+00 8.790160999999999447e+00 9.037038989999999217e+00 9.283895449999999272e+00 9.530730869999999300e+00 9.777545729999999935e+00 1.002434049999999921e+01 1.027111569999999929e+01 1.051787170000000060e+01 1.076460900000000009e+01 1.101132810000000006e+01 1.125802949999999925e+01 1.150471349999999937e+01 1.175138070000000035e+01 1.199803149999999974e+01 1.224466630000000045e+01 1.249128570000000060e+01 1.273788990000000076e+01 1.298447960000000023e+01 1.323105510000000073e+01 1.347761679999999984e+01 1.372416519999999984e+01 1.397070060000000069e+01 1.421722369999999991e+01 1.446373469999999983e+01 1.471023399999999981e+01 1.495672219999999975e+01 1.520319959999999959e+01 1.544966660000000047e+01 1.569612369999999935e+01 1.594257119999999972e+01 1.618900959999999856e+01 1.643543929999999875e+01 1.668186060000000026e+01 1.692827399999999827e+01 1.717467990000000100e+01 1.742107869999999892e+01 1.766747080000000025e+01 1.791385650000000140e+01 1.816023630000000111e+01 1.840661060000000049e+01 1.865297969999999950e+01 1.889934399999999926e+01 1.914570399999999850e+01 1.939206000000000074e+01 1.963841229999999882e+01 1.988476149999999976e+01 2.013110779999999878e+01 2.037745160000000055e+01
-1.632085289999999844e+01 -1.606849000000000061e+01 -1.581621879999999969e+01 -1.556403859999999995e+01 -1.531194829999999918e+01 -1.505994729999999926e+01 -1.480803459999999916e+01 -1.455620949999999958e+01 -1.430447090000000010e+01 -1.405281820000000081e+01 -1.380125050000000009e+01 -1.354976680000000044e+01 -1.329836650000000020e+01 -1.304704850000000071e+01 -1.279581220000000030e+01 -1.254465670000000088e+01 -1.229358099999999965e+01 -1.204258450000000025e+01 -1.179166629999999927e+01 -1.154082550000000040e+01 -1.129006129999999963e+01 -1.103937290000000004e+01 -1.078875949999999939e+01 -1.053822030000000076e+01 -1.028775440000000074e+01 -1.003736100000000064e+01 -9.787039419999999268e+00 -9.536788729999999603e+00 -9.286608160000000112e+00 -9.036496919999999378e+00 -8.786454210000000487e+00 -8.536479229999999419e+00 -8.286571209999999965e+00 -8.036729340000000832e+00 -7.786952849999999593e+00 -7.537240960000000101e+00 -7.287592899999999929e+00 -7.038007890000000266e+00 -6.788485170000000402e+00 -6.539023979999999625e+00 -6.289623540000000013e+00 -6.040283109999999844e+00 -5.791001940000000126e+00 -5.541779280000000085e+00 -5.292614379999999841e+00 -5.043506500000000337e+00 -4.794454919999999731e+00 -4.545458889999999919e+00 -4.296517689999999945e+00 -4.047630609999999685e+00
8.166314209999999463e+00 8.413131710000000041e+00 8.659926979999999830e+00 8.906700499999999465e+00 9.153452749999999583e+00 9.400184219999999868e+00 9.646895369999999303e+00 9.893586680000000300e+00 1.014025859999999923e+01 1.038691159999999947e+01 1.063354619999999962e+01 1.088016269999999963e+01 1.112676180000000059e+01 1.137334369999999950e+01 1.161990899999999982e+01 1.186645809999999912e+01 1.211299140000000030e+01 1.235950949999999970e+01 1.260601259999999968e+01 1.285250139999999952e+01 1.309897609999999979e+01 1.334543730000000039e+01 1.359188529999999950e+01 1.383832059999999942e+01 1.408474359999999947e+01 1.433115470000000080e+01 1.457755440000000036e+01 1.482394299999999987e+01 1.507032099999999986e+01 1.531668879999999966e+01 1.556304689999999979e+01 1.580939550000000082e+01 1.605573509999999970e+01 1.630206610000000111e+01 1.654838900000000024e+01 1.679470410000000058e+01 1.704101169999999854e+01 1.728731249999999875e+01 1.753360659999999882e+01 1.777989450000000105e+01 1.802617659999999944e+01 1.827245329999999868e+01 1.851872499999999988e+01 1.876499199999999945e+01 1.901125479999999968e+01 1.925751370000000051e+01 1.950376909999999953e+01 1.975002140000000139e+01 1.999627100000000013e+01 2.024251819999999924e+01
-1.646389080000000149e+01 -1.621167840000000027e+01 -1.595955760000000012e+01 -1.570752740000000003e+01 -1.545558699999999952e+01 -1.520373559999999991e+01 -1.495197229999999955e+01 -1.470029620000000037e+01 -1.444870659999999951e+01 -1.419720240000000011e+01 -1.394578300000000048e+01 -1.369444730000000021e+01 -1.344319469999999939e+01 -1.319202420000000053e+01 -1.294093490000000024e+01 -1.268992620000000038e+01 -1.243899700000000053e+01 -1.218814659999999961e+01 -1.193737409999999954e+01 -1.168667869999999986e+01 -1.143605960000000010e+01 -1.118551590000000040e+01 -1.093504680000000029e+01 -1.068465149999999930e+01 -1.043432920000000053e+01 -1.018407900000000055e+01 -9.933900129999999606e+00 -9.683791810000000666e+00 -9.433753210000000777e+00 -9.183783520000000422e+00 -8.933881939999999133e+00 -8.684047680000000824e+00 -8.434279930000000647e+00 -8.184577920000000617e+00 -7.934940860000000207e+00 -7.685367959999999776e+00 -7.435858439999999625e+00 -7.186411539999999931e+00 -6.937026470000000167e+00 -6.687702479999999561e+00 -6.438438800000000128e+00 -6.189234670000000271e+00 -5.940089340000000107e+00 -5.691002059999999751e+00 -5.441972090000000151e+00 -5.192998679999999645e+00 -4.944081100000000006e+00 -4.695218620000000342e+00 -4.446410499999999821e+00 -4.197656040000000033e+00
8.052405240000000575e+00 8.299131579999999175e+00 8.545835909999999203e+00 8.792518709999999516e+00 9.039180449999999922e+00 9.285821600000000231e+00 9.532442630000000250e+00 9.779044009999999787e+00 1.002562619999999960e+01 1.027218970000000020e+01 1.051873480000000072e+01 1.076526220000000045e+01 1.101177219999999934e+01 1.125826529999999970e+01 1.150474190000000085e+01 1.175120240000000038e+01 1.199764739999999996e+01 1.224407719999999955e+01 1.249049229999999966e+01 1.273689309999999963e+01 1.298328009999999999e+01 1.322965360000000068e+01 1.347601410000000044e+01 1.372236200000000039e+01 1.396869769999999988e+01 1.421502169999999943e+01 1.446133440000000014e+01 1.470763610000000021e+01 1.495392730000000014e+01 1.520020850000000046e+01 1.544647989999999993e+01 1.569274210000000025e+01 1.593899539999999959e+01 1.618524019999999908e+01 1.643147689999999983e+01 1.667770600000000059e+01 1.692392780000000130e+01 1.717014259999999837e+01 1.741635099999999881e+01 1.766255329999999901e+01 1.790874990000000011e+01 1.815494109999999850e+01 1.840112750000000119e+01 1.864730919999999870e+01 1.889348680000000158e+01 1.913966059999999914e+01 1.938583099999999959e+01 1.963199840000000052e+01 1.987816309999999831e+01 2.012432559999999881e+01
-1.659063220000000172e+01 -1.633855279999999865e+01 -1.608656480000000144e+01 -1.583466720000000016e+01 -1.558285919999999969e+01 -1.533113990000000015e+01 -1.507950839999999992e+01 -1.482796399999999970e+01 -1.457650570000000023e+01 -1.432513259999999988e+01 -1.407384399999999935e+01 -1.382263889999999940e+01 -1.357151649999999954e+01 -1.332047589999999992e+01 -1.306951639999999948e+01 -1.281863689999999956e+01 -1.256783670000000086e+01 -1.231711499999999937e+01 -1.206647090000000055e+01 -1.181590349999999923e+01 -1.156541209999999964e+01 -1.131499570000000077e+01 -1.106465359999999976e+01 -1.081438490000000030e+01 -1.056418889999999955e+01 -1.031406460000000003e+01 -1.006401119999999949e+01 -9.814028029999999347e+00 -9.564114160000000808e+00 -9.314268829999999610e+00 -9.064491209999999910e+00 -8.814780510000000291e+00 -8.565135930000000286e+00 -8.315556680000000256e+00 -8.066041970000000561e+00 -7.816591019999999723e+00 -7.567203039999999881e+00 -7.317877260000000383e+00 -7.068612899999999755e+00 -6.819409199999999949e+00 -6.570265390000000316e+00 -6.321180720000000086e+00 -6.072154420000000385e+00 -5.823185750000000382e+00 -5.574273970000000133e+00 -5.325418319999999817e+00 -5.076618080000000255e+00 -4.827872519999999668e+00 -4.579180899999999887e+00 -4.330542509999999901e+00
7.954820970000000102e+00 8.201469729999999458e+00 8.448096650000000096e+00 8.694702200000000047e+00 8.941286849999999120e+00 9.187851079999999726e+00 9.434395340000000019e+00 9.680920099999999806e+00 9.927425810000000794e+00 1.017391289999999948e+01 1.042038190000000064e+01 1.066683319999999924e+01 1.091326729999999934e+01 1.115968449999999912e+01 1.140608549999999966e+01 1.165247049999999973e+01 1.189883999999999986e+01 1.214519439999999939e+01 1.239153430000000000e+01 1.263785999999999987e+01 1.288417190000000012e+01 1.313047049999999949e+01 1.337675609999999971e+01 1.362302930000000067e+01 1.386929040000000057e+01 1.411553989999999992e+01 1.436177810000000044e+01 1.460800539999999970e+01 1.485422239999999938e+01 1.510042930000000005e+01 1.534662660000000045e+01 1.559281469999999992e+01 1.583899399999999957e+01 1.608516489999999877e+01 1.633132780000000039e+01 1.657748309999999847e+01 1.682363120000000123e+01 1.706977240000000151e+01 1.731590720000000161e+01 1.756203599999999909e+01 1.780815919999999863e+01 1.805427699999999902e+01 1.830039000000000016e+01 1.854649849999999844e+01 1.879260299999999972e+01 1.903870360000000161e+01 1.928480100000000164e+01 1.953089539999999857e+01 1.977698709999999949e+01 2.002307670000000073e+01
-1.670090130000000173e+01 -1.644893749999999955e+01 -1.619706479999999971e+01 -1.594528230000000057e+01 -1.569358919999999991e+01 -1.544198459999999962e+01 -1.519046759999999985e+01 -1.493903740000000013e+01 -1.468769310000000061e+01 -1.443643370000000026e+01 -1.418525859999999916e+01 -1.393416670000000046e+01 -1.368315720000000013e+01 -1.343222920000000009e+01 -1.318138199999999927e+01 -1.293061460000000018e+01 -1.267992620000000059e+01 -1.242931590000000064e+01 -1.217878289999999986e+01 -1.192832639999999955e+01 -1.167794540000000048e+01 -1.142763929999999917e+01 -1.117740700000000054e+01 -1.092724779999999996e+01 -1.067716090000000051e+01 -1.042714540000000056e+01 -1.017720060000000082e+01 -9.927325509999999298e+00 -9.677519410000000377e+00 -9.427781480000000158e+00 -9.178110909999999123e+00 -8.928506900000000357e+00 -8.678968629999999962e+00 -8.429495329999999953e+00 -8.180086190000000812e+00 -7.930740440000000113e+00 -7.681457280000000054e+00 -7.432235939999999985e+00 -7.183075650000000145e+00 -6.933975629999999946e+00 -6.684935119999999564e+00 -6.435953370000000007e+00 -6.187029609999999735e+00 -5.938163099999999694e+00 -5.689353090000000002e+00 -5.440598839999999825e+00 -5.191899610000000109e+00 -4.943254669999999962e+00 -4.694663300000000206e+00 -4.446124769999999948e+00
7.873627370000000347e+00 8.120211899999999261e+00 8.366774720000000443e+00 8.613316290000000208e+00 8.859837100000000021e+00 9.106337590000000759e+00 9.352818230000000455e+00 9.599279479999999865e+00 9.845721799999999746e+00 1.009214560000000027e+01 1.033855140000000006e+01 1.058493960000000023e+01 1.083131069999999951e+01 1.107766499999999965e+01 1.132400310000000054e+01 1.157032539999999976e+01 1.181663220000000081e+01 1.206292410000000004e+01 1.230920150000000035e+01 1.255546479999999931e+01 1.280171430000000043e+01 1.304795060000000007e+01 1.329417409999999933e+01 1.354038509999999995e+01 1.378658410000000067e+01 1.403277150000000084e+01 1.427894769999999980e+01 1.452511319999999984e+01 1.477126829999999913e+01 1.501741340000000058e+01 1.526354899999999937e+01 1.550967540000000078e+01 1.575579300000000060e+01 1.600190230000000113e+01 1.624800360000000055e+01 1.649409740000000113e+01 1.674018399999999929e+01 1.698626379999999969e+01 1.723233730000000108e+01 1.747840469999999868e+01 1.772446649999999835e+01 1.797052310000000119e+01 1.821657490000000124e+01 1.846262229999999960e+01 1.870866549999999862e+01 1.895470510000000175e+01 1.920074139999999829e+01 1.944677469999999886e+01 1.969280549999999863e+01 1.993883410000000111e+01
-1.679462819999999823e+01 -1.654276199999999974e+01 -1.629098679999999888e+01 -1.603930169999999933e+01 -1.578770570000000006e+01 -1.553619800000000062e+01 -1.528477780000000052e+01 -1.503344399999999936e+01 -1.478219589999999961e+01 -1.453103259999999963e+01 -1.427995319999999957e+01 -1.402895679999999956e+01 -1.377804259999999914e+01 -1.352720970000000023e+01 -1.327645719999999940e+01 -1.302578439999999915e+01 -1.277519020000000083e+01 -1.252467389999999980e+01 -1.227423459999999977e+01 -1.202387140000000088e+01 -1.177358360000000026e+01 -1.152337020000000045e+01 -1.127323039999999921e+01 -1.102316350000000078e+01 -1.077316850000000059e+01 -1.052324459999999995e+01 -1.027339109999999955e+01 -1.002360700000000016e+01 -9.773891559999999146e+00 -9.524243990000000437e+00 -9.274663450000000253e+00 -9.025149139999999903e+00 -8.775700269999999747e+00 -8.526316019999999440e+00 -8.276995619999999221e+00 -8.027738270000000398e+00 -7.778543189999999719e+00 -7.529409590000000208e+00 -7.280336710000000267e+00 -7.031323770000000195e+00 -6.782370020000000110e+00 -6.533474680000000312e+00 -6.284637000000000029e+00 -6.035856240000000206e+00 -5.787131640000000132e+00 -5.538462479999999744e+00 -5.289848000000000106e+00 -5.041287490000000204e+00 -4.792780210000000096e+00 -4.544325459999999595e+00
7.808884599999999843e+00 8.055418050000000108e+00 8.301929879999999429e+00 8.548420560000000279e+00 8.794890560000000690e+00 9.041340339999999642e+00 9.287770339999999791e+00 9.534181039999999996e+00 9.780572870000000307e+00 1.002694630000000053e+01 1.027330180000000048e+01 1.051963970000000081e+01 1.076596050000000027e+01 1.101226480000000052e+01 1.125855280000000036e+01 1.150482500000000030e+01 1.175108190000000086e+01 1.199732389999999960e+01 1.224355139999999942e+01 1.248976479999999967e+01 1.273596460000000086e+01 1.298215120000000056e+01 1.322832499999999989e+01 1.347448639999999997e+01 1.372063580000000016e+01 1.396677369999999918e+01 1.421290040000000054e+01 1.445901639999999944e+01 1.470512199999999936e+01 1.495121770000000083e+01 1.519730389999999964e+01 1.544338089999999930e+01 1.568944920000000032e+01 1.593550920000000026e+01 1.618156129999999848e+01 1.642760579999999848e+01 1.667364320000000077e+01 1.691967380000000176e+01 1.716569810000000018e+01 1.741171639999999954e+01 1.765772910000000095e+01 1.790373669999999962e+01 1.814973940000000141e+01 1.839573760000000036e+01 1.864173189999999991e+01 1.888772249999999886e+01 1.913370979999999832e+01 1.937969409999999826e+01 1.962567599999999857e+01 1.987165570000000159e+01
-1.687167859999999919e+01 -1.661989240000000123e+01 -1.636819699999999855e+01 -1.611659149999999840e+01 -1.586507489999999976e+01 -1.561364649999999976e+01 -1.536230529999999916e+01 -1.511105039999999988e+01 -1.485988099999999967e+01 -1.460879609999999929e+01 -1.435779499999999942e+01 -1.410687670000000082e+01 -1.385604030000000009e+01 -1.360528500000000030e+01 -1.335460989999999981e+01 -1.310401419999999995e+01 -1.285349689999999967e+01 -1.260305729999999969e+01 -1.235269440000000074e+01 -1.210240749999999998e+01 -1.185219559999999994e+01 -1.160205790000000015e+01 -1.135199360000000013e+01 -1.110200189999999942e+01 -1.085208180000000056e+01 -1.060223260000000067e+01 -1.035245339999999992e+01 -1.010274350000000076e+01 -9.853101929999999342e+00 -9.603527950000000146e+00 -9.354020730000000228e+00 -9.104579469999999120e+00 -8.855203360000000856e+00 -8.605891610000000469e+00 -8.356643419999999267e+00 -8.107457999999999387e+00 -7.858334570000000241e+00 -7.609272350000000351e+00 -7.360270569999999957e+00 -7.111328450000000245e+00 -6.862445219999999679e+00 -6.613620130000000152e+00 -6.364852430000000005e+00 -6.116141360000000304e+00 -5.867486180000000218e+00 -5.618886149999999802e+00 -5.370340530000000001e+00 -5.121848599999999863e+00 -4.873409630000000270e+00 -4.625022900000000270e+00
7.760642999999999958e+00 8.007138330000000082e+00 8.253612119999999663e+00 8.500064820000000410e+00 8.746496900000000352e+00 8.992908809999999420e+00 9.239301010000000147e+00 9.485673959999999738e+00 9.732028090000000020e+00 9.978363870000000801e+00 1.022468169999999965e+01 1.047098210000000051e+01 1.071726549999999989e+01 1.096353219999999951e+01 1.120978279999999927e+01 1.145601759999999913e+01 1.170223720000000078e+01 1.194844179999999945e+01 1.219463200000000036e+01 1.244080819999999932e+01 1.268697079999999922e+01 1.293312019999999940e+01 1.317925679999999922e+01 1.342538099999999979e+01 1.367149329999999985e+01 1.391759410000000052e+01 1.416368369999999999e+01 1.440976260000000053e+01 1.465583119999999973e+01 1.490188990000000047e+01 1.514793899999999915e+01 1.539397909999999925e+01 1.564001039999999954e+01 1.588603349999999992e+01 1.613204860000000096e+01 1.637805619999999962e+01 1.662405670000000057e+01 1.687005040000000022e+01 1.711603780000000086e+01 1.736201919999999888e+01 1.760799510000000012e+01 1.785396580000000100e+01 1.809993160000000145e+01 1.834589310000000140e+01 1.859185049999999961e+01 1.883780429999999839e+01 1.908375480000000124e+01 1.932970239999999862e+01 1.957564749999999876e+01 1.982159049999999922e+01
-1.693196370000000073e+01 -1.668023970000000133e+01 -1.642860629999999844e+01 -1.617706259999999929e+01 -1.592560779999999987e+01 -1.567424100000000031e+01 -1.542296119999999959e+01 -1.517176760000000080e+01 -1.492065919999999934e+01 -1.466963529999999949e+01 -1.441869499999999960e+01 -1.416783719999999924e+01 -1.391706130000000030e+01 -1.366636620000000057e+01 -1.341575120000000076e+01 -1.316521539999999924e+01 -1.291475780000000029e+01 -1.266437759999999990e+01 -1.241407410000000056e+01 -1.216384620000000005e+01 -1.191369320000000087e+01 -1.166361419999999960e+01 -1.141360839999999932e+01 -1.116367490000000018e+01 -1.091381289999999993e+01 -1.066402159999999988e+01 -1.041430000000000078e+01 -1.016464749999999917e+01 -9.915063169999999815e+00 -9.665546179999999765e+00 -9.416095730000000330e+00 -9.166711019999999266e+00 -8.917391240000000607e+00 -8.668135599999999386e+00 -8.418943289999999635e+00 -8.169813539999999819e+00 -7.920745550000000357e+00 -7.671738539999999773e+00 -7.422791750000000022e+00 -7.173904389999999687e+00 -6.925075709999999773e+00 -6.676304939999999633e+00 -6.427591330000000269e+00 -6.178934139999999964e+00 -5.930332609999999782e+00 -5.681786009999999720e+00 -5.433293609999999774e+00 -5.184854669999999999e+00 -4.936468470000000330e+00 -4.688134299999999755e+00
7.728909769999999568e+00 7.975379829999999615e+00 8.221828390000000653e+00 8.468255909999999886e+00 8.714662840000000799e+00 8.961049640000000593e+00 9.207416759999999201e+00 9.453764659999999154e+00 9.700093779999999555e+00 9.946404579999999385e+00 1.019269749999999952e+01 1.043897289999999956e+01 1.068523139999999927e+01 1.093147330000000039e+01 1.117769900000000050e+01 1.142390900000000009e+01 1.167010379999999969e+01 1.191628359999999986e+01 1.216244909999999990e+01 1.240860050000000037e+01 1.265473830000000000e+01 1.290086299999999930e+01 1.314697490000000002e+01 1.339307450000000088e+01 1.363916210000000007e+01 1.388523819999999986e+01 1.413130319999999962e+01 1.437735750000000046e+01 1.462340140000000055e+01 1.486943549999999981e+01 1.511546009999999995e+01 1.536147549999999917e+01 1.560748229999999914e+01 1.585348070000000043e+01 1.609947130000000115e+01 1.634545430000000010e+01 1.659143020000000135e+01 1.683739939999999891e+01 1.708336230000000100e+01 1.732931909999999931e+01 1.757527049999999846e+01 1.782121659999999963e+01 1.806715799999999916e+01 1.831309489999999940e+01 1.855902779999999908e+01 1.880495709999999931e+01 1.905088310000000007e+01 1.929680630000000008e+01 1.954272690000000168e+01 1.978864540000000005e+01
-1.697542100000000076e+01 -1.672374130000000036e+01 -1.647215209999999885e+01 -1.622065260000000109e+01 -1.596924169999999954e+01 -1.571791879999999964e+01 -1.546668279999999918e+01 -1.521553280000000008e+01 -1.496446800000000010e+01 -1.471348749999999939e+01 -1.446259039999999985e+01 -1.421177589999999924e+01 -1.396104300000000009e+01 -1.371039080000000077e+01 -1.345981850000000080e+01 -1.320932529999999971e+01 -1.295891020000000005e+01 -1.270857239999999955e+01 -1.245831100000000013e+01 -1.220812519999999957e+01 -1.195801409999999976e+01 -1.170797690000000024e+01 -1.145801269999999938e+01 -1.120812070000000027e+01 -1.095829999999999949e+01 -1.070854980000000012e+01 -1.045886929999999992e+01 -1.020925760000000082e+01 -9.959713900000000564e+00 -9.710237429999999392e+00 -9.460827339999999808e+00 -9.211482829999999566e+00 -8.962203089999999150e+00 -8.712987330000000696e+00 -8.463834739999999357e+00 -8.214744550000000700e+00 -7.965715949999999879e+00 -7.716748179999999735e+00 -7.467840449999999741e+00 -7.218992000000000075e+00 -6.970202070000000028e+00 -6.721469889999999836e+00 -6.472794699999999679e+00 -6.224175770000000441e+00 -5.975612349999999573e+00 -5.727103689999999858e+00 -5.478649080000000282e+00 -5.230247770000000074e+00 -4.981899049999999995e+00 -4.733602199999999982e+00
7.713695419999999636e+00 7.960152970000000217e+00 8.206589040000000779e+00 8.453004079999999476e+00 8.699398549999999730e+00 8.945772919999999573e+00 9.192127629999999883e+00 9.438463119999999762e+00 9.684779860000000795e+00 9.931078290000000308e+00 1.017735880000000037e+01 1.042362199999999994e+01 1.066986810000000041e+01 1.091609760000000051e+01 1.116231110000000015e+01 1.140850879999999989e+01 1.165469120000000025e+01 1.190085879999999996e+01 1.214701200000000014e+01 1.239315120000000014e+01 1.263927679999999931e+01 1.288538920000000054e+01 1.313148890000000080e+01 1.337757620000000003e+01 1.362365160000000053e+01 1.386971549999999986e+01 1.411576829999999916e+01 1.436181039999999953e+01 1.460784220000000033e+01 1.485386399999999973e+01 1.509987639999999942e+01 1.534587969999999935e+01 1.559187430000000063e+01 1.583786060000000084e+01 1.608383889999999994e+01 1.632980979999999960e+01 1.657577360000000155e+01 1.682173059999999865e+01 1.706768130000000028e+01 1.731362599999999929e+01 1.755956520000000154e+01 1.780549919999999986e+01 1.805142839999999893e+01 1.829735319999999987e+01 1.854327400000000026e+01 1.878919110000000003e+01 1.903510500000000150e+01 1.928101600000000104e+01 1.952692449999999980e+01 1.977283089999999888e+01
-1.700199369999999988e+01 -1.675034039999999891e+01 -1.649877760000000038e+01 -1.624730440000000087e+01 -1.599591979999999936e+01 -1.574462300000000070e+01 -1.549341320000000088e+01 -1.524228929999999949e+01 -1.499125049999999959e+01 -1.474029589999999956e+01 -1.448942470000000071e+01 -1.423863580000000084e+01 -1.398792860000000005e+01 -1.373730210000000085e+01 -1.348675530000000045e+01 -1.323628749999999954e+01 -1.298589780000000005e+01 -1.273558530000000033e+01 -1.248534910000000053e+01 -1.223518840000000019e+01 -1.198510229999999943e+01 -1.173508999999999958e+01 -1.148515060000000076e+01 -1.123528340000000014e+01 -1.098548730000000084e+01 -1.073576169999999941e+01 -1.048610560000000014e+01 -1.023651830000000018e+01 -9.986998890000000628e+00 -9.737546599999999941e+00 -9.488160609999999551e+00 -9.238840090000000060e+00 -8.989584250000000054e+00 -8.740392280000000014e+00 -8.491263399999999351e+00 -8.242196800000000323e+00 -7.993191719999999556e+00 -7.744247360000000135e+00 -7.495362949999999636e+00 -7.246537720000000071e+00 -6.997770909999999844e+00 -6.749061750000000082e+00 -6.500409509999999891e+00 -6.251813409999999571e+00 -6.003272729999999946e+00 -5.754786720000000244e+00 -5.506354660000000401e+00 -5.257975809999999584e+00 -5.009649450000000392e+00 -4.761374879999999976e+00
7.715013210000000399e+00 7.961470949999999824e+00 8.207907199999999293e+00 8.454322429999999500e+00 8.700717089999999487e+00 8.947091650000000840e+00 9.193446550000000883e+00 9.439782239999999547e+00 9.686099179999999365e+00 9.932397800000000387e+00 1.017867850000000018e+01 1.042494190000000032e+01 1.067118819999999957e+01 1.091741799999999962e+01 1.116363160000000043e+01 1.140982950000000073e+01 1.165601219999999927e+01 1.190217999999999954e+01 1.214833340000000028e+01 1.239447280000000084e+01 1.264059860000000057e+01 1.288671129999999998e+01 1.313281120000000080e+01 1.337889870000000059e+01 1.362497439999999926e+01 1.387103849999999916e+01 1.411709150000000079e+01 1.436313379999999995e+01 1.460916579999999954e+01 1.485518790000000067e+01 1.510120060000000031e+01 1.534720410000000079e+01 1.559319890000000086e+01 1.583918539999999986e+01 1.608516410000000008e+01 1.633113519999999852e+01 1.657709919999999926e+01 1.682305649999999986e+01 1.706900740000000027e+01 1.731495239999999924e+01 1.756089180000000027e+01 1.780682609999999855e+01 1.805275560000000112e+01 1.829868060000000085e+01 1.854460170000000119e+01 1.879051910000000092e+01 1.903643320000000116e+01 1.928234450000000066e+01 1.952825329999999937e+01 1.977415999999999840e+01
-1.701164920000000080e+01 -1.676000459999999848e+01 -1.650845040000000097e+01 -1.625698579999999893e+01 -1.600560989999999961e+01 -1.575432170000000021e+01 -1.550312040000000025e+01 -1.525200500000000048e+01 -1.500097479999999983e+01 -1.475002869999999966e+01 -1.449916589999999950e+01 -1.424838560000000065e+01 -1.399768669999999915e+01 -1.374706860000000042e+01 -1.349653020000000048e+01 -1.324607080000000003e+01 -1.299568939999999984e+01 -1.274538519999999941e+01 -1.249515730000000069e+01 -1.224500480000000024e+01 -1.199492700000000056e+01 -1.174492290000000061e+01 -1.149499169999999992e+01 -1.124513250000000042e+01 -1.099534459999999925e+01 -1.074562700000000071e+01 -1.049597900000000017e+01 -1.024639969999999956e+01 -9.996888300000000172e+00 -9.747443979999999897e+00 -9.498065909999999334e+00 -9.248753300000000621e+00 -8.999505329999999859e+00 -8.750321209999999184e+00 -8.501200139999999905e+00 -8.252141330000000607e+00 -8.003144000000000702e+00 -7.754207359999999660e+00 -7.505330640000000386e+00 -7.256513080000000393e+00 -7.007753899999999980e+00 -6.759052350000000153e+00 -6.510407670000000202e+00 -6.261819120000000183e+00 -6.013285950000000213e+00 -5.764807430000000288e+00 -5.516382819999999576e+00 -5.268011389999999849e+00 -5.019692430000000094e+00 -4.771425230000000184e+00
7.732843380000000266e+00 7.979314010000000401e+00 8.225763130000000700e+00 8.472191210000000083e+00 8.718598710000000196e+00 8.964986090000000019e+00 9.211353799999999481e+00 9.457702290000000289e+00 9.704032010000000597e+00 9.950343410000000333e+00 1.019663689999999967e+01 1.044291300000000078e+01 1.068917210000000040e+01 1.093541459999999965e+01 1.118164089999999966e+01 1.142785160000000033e+01 1.167404699999999984e+01 1.192022749999999931e+01 1.216639359999999925e+01 1.241254570000000079e+01 1.265868419999999972e+01 1.290480950000000071e+01 1.315092210000000073e+01 1.339702229999999972e+01 1.364311059999999998e+01 1.388918740000000085e+01 1.413525309999999990e+01 1.438130810000000004e+01 1.462735280000000060e+01 1.487338759999999915e+01 1.511941290000000038e+01 1.536542900000000067e+01 1.561143649999999994e+01 1.585743569999999991e+01 1.610342699999999994e+01 1.634941080000000113e+01 1.659538750000000107e+01 1.684135739999999970e+01 1.708732099999999932e+01 1.733327870000000104e+01 1.757923080000000127e+01 1.782517770000000112e+01 1.807111989999999935e+01 1.831705759999999827e+01 1.856299140000000136e+01 1.880892139999999912e+01 1.905484829999999974e+01 1.930077220000000082e+01 1.954669369999999873e+01 1.979261299999999935e+01
-1.700435630000000131e+01 -1.675270250000000161e+01 -1.650113920000000078e+01 -1.624966549999999899e+01 -1.599828049999999990e+01 -1.574698320000000074e+01 -1.549577290000000040e+01 -1.524464859999999966e+01 -1.499360929999999925e+01 -1.474265429999999988e+01 -1.449178269999999991e+01 -1.424099340000000069e+01 -1.399028580000000055e+01 -1.373965890000000023e+01 -1.348911170000000048e+01 -1.323864350000000023e+01 -1.298825339999999962e+01 -1.273794050000000055e+01 -1.248770400000000080e+01 -1.223754300000000050e+01 -1.198745650000000040e+01 -1.173744390000000060e+01 -1.148750420000000005e+01 -1.123763660000000009e+01 -1.098784020000000083e+01 -1.073811429999999945e+01 -1.048845790000000022e+01 -1.023887030000000031e+01 -9.989350659999999493e+00 -9.739898099999999559e+00 -9.490511830000000870e+00 -9.241191060000000235e+00 -8.991934960000000032e+00 -8.742742749999999674e+00 -8.493613630000000470e+00 -8.244546809999999226e+00 -7.995541499999999857e+00 -7.746596929999999936e+00 -7.497712309999999825e+00 -7.248886879999999699e+00 -7.000119879999999739e+00 -6.751410540000000182e+00 -6.502758110000000258e+00 -6.254161840000000083e+00 -6.005620989999999715e+00 -5.757134830000000036e+00 -5.508702610000000277e+00 -5.260323610000000372e+00 -5.011997120000000194e+00 -4.763722409999999741e+00
7.767167190000000332e+00 8.013663440000000193e+00 8.260138160000000340e+00 8.506591800000000703e+00 8.753024820000000261e+00 8.999437690000000600e+00 9.245830859999999873e+00 9.492204770000000735e+00 9.738559889999999442e+00 9.984896660000000423e+00 1.023121549999999935e+01 1.047751689999999947e+01 1.072380129999999987e+01 1.097006909999999991e+01 1.121632070000000070e+01 1.146255659999999921e+01 1.170877720000000011e+01 1.195498289999999919e+01 1.220117420000000052e+01 1.244735149999999990e+01 1.269351510000000083e+01 1.293966559999999966e+01 1.318580329999999989e+01 1.343192870000000028e+01 1.367804210000000076e+01 1.392414400000000008e+01 1.417023479999999935e+01 1.441631489999999971e+01 1.466238470000000049e+01 1.490844449999999988e+01 1.515449489999999955e+01 1.540053610000000006e+01 1.564656869999999955e+01 1.589259299999999975e+01 1.613860929999999883e+01 1.638461819999999847e+01 1.663061989999999923e+01 1.687661489999999986e+01 1.712260350000000031e+01 1.736858619999999931e+01 1.761456340000000154e+01 1.786053539999999984e+01 1.810650250000000128e+01 1.835246529999999865e+01 1.859842409999999902e+01 1.884437919999999878e+01 1.909033099999999905e+01 1.933627999999999858e+01 1.958222650000000087e+01 1.982817079999999876e+01
-1.698011119999999963e+01 -1.672843050000000176e+01 -1.647684029999999922e+01 -1.622533980000000042e+01 -1.597392800000000079e+01 -1.572260409999999986e+01 -1.547136719999999954e+01 -1.522021630000000059e+01 -1.496915070000000014e+01 -1.471816929999999957e+01 -1.446727139999999956e+01 -1.421645600000000087e+01 -1.396572220000000009e+01 -1.371506929999999969e+01 -1.346449619999999925e+01 -1.321400219999999948e+01 -1.296358640000000051e+01 -1.271324779999999954e+01 -1.246298570000000083e+01 -1.221279919999999919e+01 -1.196268749999999947e+01 -1.171264960000000066e+01 -1.146268470000000050e+01 -1.121279200000000031e+01 -1.096297069999999962e+01 -1.071321990000000035e+01 -1.046353880000000025e+01 -1.021392649999999946e+01 -9.964382249999999885e+00 -9.714905229999999392e+00 -9.465494610000000364e+00 -9.216149579999999730e+00 -8.966869340000000577e+00 -8.717653090000000660e+00 -8.468500020000000461e+00 -8.219409360000000220e+00 -7.970380320000000296e+00 -7.721412120000000101e+00 -7.472503969999999995e+00 -7.223655120000000096e+00 -6.974864799999999754e+00 -6.726132240000000095e+00 -6.477456700000000289e+00 -6.228837429999999564e+00 -5.980273669999999875e+00 -5.731764700000000268e+00 -5.483309779999999911e+00 -5.234908179999999689e+00 -4.986559180000000424e+00 -4.738262070000000215e+00
7.817940550000000322e+00 8.064475299999999791e+00 8.310988439999999144e+00 8.557480449999999905e+00 8.803951780000000227e+00 9.050402899999999917e+00 9.296834269999999734e+00 9.543246330000000555e+00 9.789639550000000412e+00 1.003601439999999911e+01 1.028237120000000004e+01 1.052871060000000014e+01 1.077503289999999936e+01 1.102133859999999999e+01 1.126762800000000020e+01 1.151390169999999991e+01 1.176016010000000023e+01 1.200640360000000051e+01 1.225263260000000010e+01 1.249884759999999950e+01 1.274504890000000046e+01 1.299123699999999992e+01 1.323741240000000019e+01 1.348357539999999943e+01 1.372972640000000055e+01 1.397586579999999934e+01 1.422199419999999925e+01 1.446811180000000085e+01 1.471421899999999994e+01 1.496031639999999996e+01 1.520640419999999970e+01 1.545248300000000086e+01 1.569855300000000042e+01 1.594461470000000070e+01 1.619066850000000102e+01 1.643671469999999957e+01 1.668275390000000158e+01 1.692878629999999873e+01 1.717481229999999925e+01 1.742083239999999833e+01 1.766684689999999947e+01 1.791285620000000023e+01 1.815886079999999936e+01 1.840486089999999919e+01 1.865085699999999846e+01 1.889684940000000068e+01 1.914283860000000104e+01 1.938882479999999831e+01 1.963480859999999950e+01 1.988079019999999986e+01
-1.693892440000000121e+01 -1.668719889999999850e+01 -1.643556399999999940e+01 -1.618401890000000165e+01 -1.593256270000000008e+01 -1.568119440000000075e+01 -1.542991330000000083e+01 -1.517871839999999928e+01 -1.492760870000000040e+01 -1.467658349999999956e+01 -1.442564190000000046e+01 -1.417478290000000030e+01 -1.392400579999999977e+01 -1.367330950000000023e+01 -1.342269330000000060e+01 -1.317215629999999926e+01 -1.292169759999999989e+01 -1.267131640000000026e+01 -1.242101180000000049e+01 -1.217078290000000074e+01 -1.192062879999999936e+01 -1.167054890000000000e+01 -1.142054210000000047e+01 -1.117060760000000030e+01 -1.092074470000000019e+01 -1.067095239999999912e+01 -1.042122999999999955e+01 -1.017157659999999986e+01 -9.921991459999999208e+00 -9.672473650000000589e+00 -9.423022409999999738e+00 -9.173636930000000689e+00 -8.924316400000000371e+00 -8.675060029999999145e+00 -8.425867020000000096e+00 -8.176736580000000032e+00 -7.927667930000000140e+00 -7.678660279999999894e+00 -7.429712870000000358e+00 -7.180824910000000116e+00 -6.931995650000000175e+00 -6.683224329999999824e+00 -6.434510190000000129e+00 -6.185852480000000320e+00 -5.937250459999999563e+00 -5.688703389999999693e+00 -5.440210529999999878e+00 -5.191771160000000052e+00 -4.943384560000000150e+00 -4.695050000000000168e+00
7.885140289999999830e+00 8.131726490000000140e+00 8.378291000000000821e+00 8.624834269999999137e+00 8.871356790000000103e+00 9.117859010000000097e+00 9.364341389999999876e+00 9.610804399999999248e+00 9.857248480000000868e+00 1.010367409999999921e+01 1.035008170000000050e+01 1.059647170000000038e+01 1.084284459999999939e+01 1.108920080000000041e+01 1.133554080000000042e+01 1.158186489999999935e+01 1.182817359999999951e+01 1.207446750000000080e+01 1.232074670000000083e+01 1.256701190000000068e+01 1.281326340000000030e+01 1.305950170000000021e+01 1.330572710000000036e+01 1.355194020000000066e+01 1.379814119999999988e+01 1.404433069999999972e+01 1.429050890000000074e+01 1.453667639999999928e+01 1.478283360000000002e+01 1.502898079999999936e+01 1.527511849999999960e+01 1.552124700000000068e+01 1.576736679999999957e+01 1.601347829999999917e+01 1.625958179999999942e+01 1.650567769999999967e+01 1.675176659999999984e+01 1.699784860000000108e+01 1.724392429999999976e+01 1.748999399999999937e+01 1.773605810000000105e+01 1.798211699999999880e+01 1.822817099999999968e+01 1.847422070000000005e+01 1.872026629999999869e+01 1.896630820000000028e+01 1.921234679999999884e+01 1.945838260000000020e+01 1.970441569999999842e+01 1.995044680000000170e+01
-1.688083209999999923e+01 -1.662904400000000038e+01 -1.637734659999999920e+01 -1.612573920000000172e+01 -1.587422079999999980e+01 -1.562279060000000008e+01 -1.537144759999999977e+01 -1.512019100000000016e+01 -1.486901980000000023e+01 -1.461793330000000068e+01 -1.436693050000000049e+01 -1.411601059999999919e+01 -1.386517259999999929e+01 -1.361441570000000034e+01 -1.336373910000000009e+01 -1.311314190000000046e+01 -1.286262319999999981e+01 -1.261218210000000006e+01 -1.236181790000000014e+01 -1.211152949999999962e+01 -1.186131630000000037e+01 -1.161117729999999959e+01 -1.136111170000000037e+01 -1.111111870000000046e+01 -1.086119740000000000e+01 -1.061134709999999970e+01 -1.036156669999999913e+01 -1.011185560000000017e+01 -9.862212989999999735e+00 -9.612637940000000825e+00 -9.363129680000000121e+00 -9.113687399999999883e+00 -8.864310310000000470e+00 -8.614997609999999639e+00 -8.365748489999999649e+00 -8.116562180000000737e+00 -7.867437889999999712e+00 -7.618374829999999598e+00 -7.369372229999999746e+00 -7.120429320000000395e+00 -6.871545339999999946e+00 -6.622719530000000354e+00 -6.373951120000000081e+00 -6.125239380000000011e+00 -5.876583550000000322e+00 -5.627982900000000122e+00 -5.379436700000000293e+00 -5.130944200000000066e+00 -4.882504690000000203e+00 -4.634117459999999689e+00
7.968702340000000106e+00 8.215353150000000326e+00 8.461982130000000879e+00 8.708589749999999796e+00 8.955176500000000317e+00 9.201742830000000595e+00 9.448289219999999489e+00 9.694816109999999654e+00 9.941323979999999949e+00 1.018781330000000018e+01 1.043428439999999924e+01 1.068073790000000045e+01 1.092717419999999962e+01 1.117359369999999963e+01 1.141999689999999923e+01 1.166638410000000015e+01 1.191275599999999990e+01 1.215911269999999966e+01 1.240545490000000051e+01 1.265178290000000061e+01 1.289809720000000048e+01 1.314439810000000008e+01 1.339068619999999932e+01 1.363696179999999991e+01 1.388322529999999944e+01 1.412947720000000018e+01 1.437571780000000032e+01 1.462194769999999977e+01 1.486816710000000086e+01 1.511437650000000055e+01 1.536057639999999935e+01 1.560676699999999961e+01 1.585294889999999945e+01 1.609912239999999883e+01 1.634528789999999887e+01 1.659144579999999891e+01 1.683759650000000008e+01 1.708374039999999994e+01 1.732987789999999961e+01 1.757600929999999906e+01 1.782213520000000173e+01 1.806825579999999931e+01 1.831437150000000003e+01 1.856048279999999906e+01 1.880658989999999875e+01 1.905269339999999900e+01 1.929879349999999860e+01 1.954489069999999984e+01 1.979098540000000028e+01 2.003707779999999872e+01
-1.680588150000000169e+01 -1.655401290000000003e+01 -1.630223529999999954e+01 -1.605054769999999920e+01 -1.579894939999999970e+01 -1.554743940000000002e+01 -1.529601680000000030e+01 -1.504468089999999947e+01 -1.479343060000000065e+01 -1.454226509999999983e+01 -1.429118360000000010e+01 -1.404018510000000042e+01 -1.378926889999999972e+01 -1.353843400000000052e+01 -1.328767960000000059e+01 -1.303700480000000006e+01 -1.278640870000000085e+01 -1.253589060000000011e+01 -1.228544950000000036e+01 -1.203508449999999996e+01 -1.178479500000000080e+01 -1.153457990000000066e+01 -1.128443850000000026e+01 -1.103436999999999912e+01 -1.078437339999999978e+01 -1.053444799999999937e+01 -1.028459299999999921e+01 -1.003480740000000004e+01 -9.785090569999999488e+00 -9.535441609999999457e+00 -9.285859730000000312e+00 -9.036344120000000757e+00 -8.786893969999999499e+00 -8.537508499999999501e+00 -8.288186899999999468e+00 -8.038928390000000590e+00 -7.789732179999999673e+00 -7.540597499999999620e+00 -7.291523569999999843e+00 -7.042509619999999693e+00 -6.793554880000000296e+00 -6.544658599999999993e+00 -6.295820009999999911e+00 -6.047038380000000046e+00 -5.798312949999999688e+00 -5.549642979999999781e+00 -5.301027740000000321e+00 -5.052466500000000416e+00 -4.803958520000000121e+00 -4.555503100000000138e+00
8.068547300000000533e+00 8.315276080000000292e+00 8.561982869999999579e+00 8.808668139999999980e+00 9.055332359999999525e+00 9.301976010000000628e+00 9.548599550000000491e+00 9.795203459999999751e+00 1.004178819999999916e+01 1.028835420000000056e+01 1.053490200000000065e+01 1.078143189999999940e+01 1.102794450000000026e+01 1.127444020000000080e+01 1.152091949999999976e+01 1.176738270000000064e+01 1.201383030000000041e+01 1.226026279999999957e+01 1.250668059999999926e+01 1.275308410000000059e+01 1.299947380000000052e+01 1.324585000000000079e+01 1.349221329999999952e+01 1.373856400000000022e+01 1.398490250000000046e+01 1.423122930000000075e+01 1.447754480000000044e+01 1.472384940000000064e+01 1.497014350000000071e+01 1.521642759999999939e+01 1.546270190000000078e+01 1.570896699999999946e+01 1.595522320000000072e+01 1.620147100000000151e+01 1.644771069999999824e+01 1.669394279999999853e+01 1.694016759999999877e+01 1.718638550000000009e+01 1.743259690000000006e+01 1.767880230000000097e+01 1.792500190000000160e+01 1.817119629999999830e+01 1.841738570000000053e+01 1.866357059999999990e+01 1.890975129999999993e+01 1.915592829999999935e+01 1.940210190000000168e+01 1.964827250000000092e+01 1.989444040000000058e+01 2.014060609999999940e+01
-1.671414120000000025e+01 -1.646217430000000093e+01 -1.621029850000000039e+01 -1.595851309999999934e+01 -1.570681699999999914e+01 -1.545520950000000049e+01 -1.520368969999999997e+01 -1.495225660000000012e+01 -1.470090949999999985e+01 -1.444964749999999931e+01 -1.419846959999999925e+01 -1.394737499999999919e+01 -1.369636299999999984e+01 -1.344543250000000079e+01 -1.319458279999999917e+01 -1.294381289999999929e+01 -1.269312210000000007e+01 -1.244250949999999989e+01 -1.219197420000000065e+01 -1.194151540000000011e+01 -1.169113220000000020e+01 -1.144082380000000043e+01 -1.119058949999999975e+01 -1.094042819999999949e+01 -1.069033929999999977e+01 -1.044032179999999954e+01 -1.019037499999999952e+01 -9.940498050000000418e+00 -9.690690110000000246e+00 -9.440950389999999359e+00 -9.191278060000000139e+00 -8.941672340000000219e+00 -8.692132420000000081e+00 -8.442657510000000087e+00 -8.193246800000000718e+00 -7.943899530000000375e+00 -7.694614900000000368e+00 -7.445392130000000108e+00 -7.196230449999999834e+00 -6.947129099999999724e+00 -6.698087310000000016e+00 -6.449104310000000062e+00 -6.200179349999999978e+00 -5.951311689999999821e+00 -5.702500569999999769e+00 -5.453745249999999878e+00 -5.205045000000000144e+00 -4.956399089999999674e+00 -4.707806790000000241e+00 -4.459267380000000003e+00
8.184181170000000449e+00 8.431001580000000217e+00 8.677799759999999196e+00 8.924576209999999676e+00 9.171331399999999689e+00 9.418065800000000820e+00 9.664779899999999202e+00 9.911474159999999145e+00 1.015814909999999927e+01 1.040480499999999964e+01 1.065144259999999932e+01 1.089806210000000064e+01 1.114466409999999996e+01 1.139124909999999957e+01 1.163781739999999942e+01 1.188436950000000003e+01 1.213090590000000013e+01 1.237742700000000085e+01 1.262393319999999974e+01 1.287042499999999912e+01 1.311690280000000008e+01 1.336336709999999961e+01 1.360981819999999942e+01 1.385625660000000003e+01 1.410268270000000079e+01 1.434909700000000043e+01 1.459549980000000069e+01 1.484189149999999913e+01 1.508827269999999920e+01 1.533464370000000088e+01 1.558100489999999994e+01 1.582735669999999928e+01 1.607369950000000003e+01 1.632003369999999975e+01 1.656635980000000075e+01 1.681267809999999940e+01 1.705898900000000040e+01 1.730529299999999893e+01 1.755159039999999848e+01 1.779788160000000019e+01 1.804416700000000162e+01 1.829044689999999918e+01 1.853672189999999986e+01 1.878299230000000009e+01 1.902925839999999980e+01 1.927552060000000012e+01 1.952177929999999861e+01 1.976803500000000113e+01 2.001428789999999935e+01 2.026053849999999912e+01
-1.660570110000000099e+01 -1.635361800000000088e+01 -1.610162629999999950e+01 -1.584972510000000057e+01 -1.559791360000000005e+01 -1.534619080000000046e+01 -1.509455600000000075e+01 -1.484300819999999987e+01 -1.459154649999999975e+01 -1.434017019999999931e+01 -1.408887840000000047e+01 -1.383767010000000042e+01 -1.358654459999999986e+01 -1.333550100000000072e+01 -1.308453839999999957e+01 -1.283365599999999951e+01 -1.258285290000000067e+01 -1.233212830000000082e+01 -1.208148139999999948e+01 -1.183091130000000035e+01 -1.158041710000000002e+01 -1.132999809999999918e+01 -1.107965339999999976e+01 -1.082938219999999951e+01 -1.057918369999999975e+01 -1.032905689999999943e+01 -1.007900120000000044e+01 -9.829015710000000183e+00 -9.579099590000000219e+00 -9.329252040000000079e+00 -9.079472259999999295e+00 -8.829759460000000004e+00 -8.580112829999999136e+00 -8.330531589999999653e+00 -8.081014939999999314e+00 -7.831562090000000254e+00 -7.582172279999999986e+00 -7.332844719999999761e+00 -7.083578639999999815e+00 -6.834373270000000389e+00 -6.585227839999999944e+00 -6.336141600000000373e+00 -6.087113800000000019e+00 -5.838143679999999947e+00 -5.589230490000000273e+00 -5.340373500000000107e+00 -5.091571970000000391e+00 -4.842825170000000234e+00 -4.594132369999999632e+00 -4.345492840000000356e+00
8.314932770000000417e+00 8.561858720000000034e+00 8.808762169999999614e+00 9.055643590000000742e+00 9.302503489999999431e+00 9.549342340000000817e+00 9.796160620000000208e+00 1.004295879999999919e+01 1.028973739999999992e+01 1.053649680000000011e+01 1.078323750000000025e+01 1.102996000000000087e+01 1.127666469999999954e+01 1.152335210000000032e+01 1.177002260000000078e+01 1.201667680000000082e+01 1.226331489999999924e+01 1.250993760000000066e+01 1.275654519999999970e+01 1.300313809999999926e+01 1.324971689999999924e+01 1.349628180000000022e+01 1.374283349999999970e+01 1.398937220000000003e+01 1.423589849999999934e+01 1.448241269999999936e+01 1.472891530000000060e+01 1.497540670000000063e+01 1.522188730000000056e+01 1.546835749999999976e+01 1.571481769999999933e+01 1.596126839999999980e+01 1.620770999999999873e+01 1.645414279999999962e+01 1.670056719999999828e+01 1.694698380000000171e+01 1.719339280000000159e+01 1.743979459999999904e+01 1.768618980000000107e+01 1.793257859999999937e+01 1.817896139999999860e+01 1.842533870000000107e+01 1.867171090000000078e+01 1.891807820000000007e+01 1.916444119999999884e+01 1.941080020000000061e+01 1.965715549999999823e+01 1.990350760000000108e+01 2.014985689999999963e+01 2.039620370000000094e+01
-1.648066650000000166e+01 -1.622844960000000114e+01 -1.597632429999999992e+01 -1.572428960000000053e+01 -1.547234489999999951e+01 -1.522048919999999939e+01 -1.496872160000000029e+01 -1.471704129999999999e+01 -1.446544749999999979e+01 -1.421393920000000044e+01 -1.396251570000000086e+01 -1.371117600000000003e+01 -1.345991940000000042e+01 -1.320874500000000040e+01 -1.295765190000000011e+01 -1.270663930000000086e+01 -1.245570640000000040e+01 -1.220485230000000065e+01 -1.195407619999999937e+01 -1.170337729999999965e+01 -1.145275460000000045e+01 -1.120220750000000010e+01 -1.095173510000000050e+01 -1.070133640000000064e+01 -1.045101080000000060e+01 -1.020075749999999992e+01 -9.950575490000000300e+00 -9.700464099999999590e+00 -9.450422480000000292e+00 -9.200449839999999213e+00 -8.950545379999999440e+00 -8.700708300000000506e+00 -8.450937800000000166e+00 -8.201233099999999610e+00 -7.951593410000000084e+00 -7.702017950000000113e+00 -7.452505939999999995e+00 -7.203056609999999971e+00 -6.953669180000000338e+00 -6.704342890000000388e+00 -6.455076980000000297e+00 -6.205870690000000245e+00 -5.956723260000000408e+00 -5.707633949999999956e+00 -5.458602019999999833e+00 -5.209626710000000216e+00 -4.960707310000000092e+00 -4.711843059999999639e+00 -4.463033259999999558e+00 -4.214277159999999967e+00
8.461689930000000359e+00 8.708735389999999299e+00 8.955757999999999441e+00 9.202758259999999524e+00 9.449736659999999233e+00 9.696693679999999205e+00 9.943629809999999125e+00 1.019054550000000070e+01 1.043744129999999970e+01 1.068431759999999997e+01 1.093117490000000025e+01 1.117801369999999928e+01 1.142483439999999995e+01 1.167163749999999922e+01 1.191842349999999939e+01 1.216519270000000041e+01 1.241194579999999981e+01 1.265868299999999991e+01 1.290540490000000062e+01 1.315211189999999952e+01 1.339880439999999950e+01 1.364548300000000047e+01 1.389214789999999944e+01 1.413879969999999986e+01 1.438543869999999991e+01 1.463206549999999950e+01 1.487868029999999919e+01 1.512528380000000006e+01 1.537187620000000088e+01 1.561845800000000040e+01 1.586502959999999973e+01 1.611159139999999823e+01 1.635814390000000174e+01 1.660468739999999954e+01 1.685122240000000104e+01 1.709774919999999909e+01 1.734426829999999953e+01 1.759078009999999992e+01 1.783728490000000022e+01 1.808378319999999917e+01 1.833027540000000144e+01 1.857676179999999988e+01 1.882324279999999916e+01 1.906971890000000158e+01 1.931619050000000115e+01 1.956265780000000021e+01 1.980912139999999866e+01 2.005558149999999884e+01 2.030203859999999949e+01 2.054849300000000056e+01
-1.633914550000000077e+01 -1.608677730000000139e+01 -1.583450099999999949e+01 -1.558231549999999999e+01 -1.533022019999999941e+01 -1.507821419999999968e+01 -1.482629649999999977e+01 -1.457446640000000038e+01 -1.432272299999999987e+01 -1.407106540000000017e+01 -1.381949280000000080e+01 -1.356800450000000069e+01 -1.331659939999999942e+01 -1.306527690000000064e+01 -1.281403599999999976e+01 -1.256287589999999987e+01 -1.231179580000000051e+01 -1.206079489999999943e+01 -1.180987230000000032e+01 -1.155902719999999917e+01 -1.130825880000000083e+01 -1.105756629999999952e+01 -1.080694880000000069e+01 -1.055640559999999972e+01 -1.030593569999999914e+01 -1.005553850000000082e+01 -9.805213039999999936e+00 -9.554958590000000029e+00 -9.304774330000000759e+00 -9.054659470000000709e+00 -8.804613200000000361e+00 -8.554634749999999954e+00 -8.304723309999999969e+00 -8.054878099999999819e+00 -7.805098349999999741e+00 -7.555383260000000156e+00 -7.305732080000000295e+00 -7.056144029999999567e+00 -6.806618330000000050e+00 -6.557154230000000084e+00 -6.307750979999999785e+00 -6.058407800000000343e+00 -5.809123959999999975e+00 -5.559898699999999749e+00 -5.310731289999999660e+00 -5.061620969999999886e+00 -4.812567020000000362e+00 -4.563568710000000195e+00 -4.314625310000000269e+00 -4.065736099999999631e+00
8.624372599999999167e+00 8.871551730000000191e+00 9.118707600000000468e+00 9.365840719999999564e+00 9.612951569999999890e+00 9.860040650000000184e+00 1.010710850000000072e+01 1.035415549999999918e+01 1.060118210000000083e+01 1.084818899999999964e+01 1.109517650000000089e+01 1.134214500000000037e+01 1.158909519999999915e+01 1.183602740000000075e+01 1.208294210000000035e+01 1.232983980000000024e+01 1.257672089999999976e+01 1.282358589999999943e+01 1.307043509999999920e+01 1.331726920000000014e+01 1.356408850000000044e+01 1.381089339999999943e+01 1.405768450000000058e+01 1.430446210000000029e+01 1.455122659999999968e+01 1.479797860000000043e+01 1.504471840000000071e+01 1.529144639999999988e+01 1.553816319999999962e+01 1.578486900000000048e+01 1.603156440000000060e+01 1.627824980000000110e+01 1.652492549999999838e+01 1.677159199999999828e+01 1.701824969999999837e+01 1.726489889999999860e+01 1.751154019999999889e+01 1.775817389999999918e+01 1.800480050000000176e+01 1.825142019999999832e+01 1.849803359999999941e+01 1.874464100000000144e+01 1.899124279999999843e+01 1.923783939999999859e+01 1.948443130000000068e+01 1.973101869999999991e+01 1.997760209999999859e+01 2.022418199999999899e+01 2.047075849999999875e+01 2.071733220000000131e+01
-1.618115260000000077e+01 -1.592861569999999993e+01 -1.567617079999999952e+01 -1.542381710000000083e+01 -1.517155370000000048e+01 -1.491937970000000035e+01 -1.466729439999999940e+01 -1.441529680000000013e+01 -1.416338619999999970e+01 -1.391156170000000003e+01 -1.365982250000000064e+01 -1.340816779999999930e+01 -1.315659660000000031e+01 -1.290510830000000020e+01 -1.265370189999999972e+01 -1.240237669999999959e+01 -1.215113170000000054e+01 -1.189996630000000089e+01 -1.164887949999999961e+01 -1.139787070000000035e+01 -1.114693879999999915e+01 -1.089608319999999964e+01 -1.064530300000000018e+01 -1.039459740000000032e+01 -1.014396559999999958e+01 -9.893406880000000569e+00 -9.642920330000000817e+00 -9.392505180000000564e+00 -9.142160660000000050e+00 -8.891885950000000705e+00 -8.641680279999999215e+00 -8.391542870000000320e+00 -8.141472920000000002e+00 -7.891469660000000275e+00 -7.641532309999999661e+00 -7.391660100000000178e+00 -7.141852260000000285e+00 -6.892108030000000163e+00 -6.642426630000000110e+00 -6.392807320000000182e+00 -6.143249339999999670e+00 -5.893751929999999639e+00 -5.644314360000000086e+00 -5.394935860000000361e+00 -5.145615710000000398e+00 -4.896353160000000315e+00 -4.647147490000000047e+00 -4.397997969999999590e+00 -4.148903859999999888e+00 -3.899864459999999866e+00
