2.842003040000000169e+01 2.841790779999999828e+01 2.841579700000000130e+01 2.841369810000000129e+01 2.841161100000000062e+01 2.840953560000000166e+01 2.840747199999999850e+01 2.840541989999999828e+01 2.840337949999999978e+01 2.840135060000000067e+01 2.839933309999999977e+01 2.839732709999999827e+01 2.839533240000000092e+01 2.839334909999999823e+01 2.839137699999999853e+01 2.838941619999999944e+01 2.838746659999999977e+01 2.838552800000000076e+01 2.838360060000000118e+01 2.838168419999999870e+01 2.837977880000000042e+01 2.837788430000000162e+01 2.837600069999999874e+01 2.837412799999999891e+01 2.837226610000000093e+01 2.837041500000000127e+01 2.836857459999999875e+01 2.836674479999999932e+01 2.836492580000000174e+01 2.836311729999999898e+01 2.836131950000000046e+01 2.835953209999999913e+01 2.835775530000000089e+01 2.835598889999999983e+01 2.835423289999999952e+01 2.835248740000000112e+01 2.835075210000000112e+01 2.834902719999999832e+01 2.834731259999999864e+01 2.834560820000000092e+01 2.834391409999999922e+01 2.834223009999999832e+01 2.834055620000000175e+01 2.833889250000000004e+01 2.833723889999999912e+01 2.833559539999999899e+01 2.833396180000000086e+01 2.833233829999999998e+01 2.833072470000000109e+01 2.832912109999999828e+01
2.744636570000000120e+01 2.744314999999999927e+01 2.743995119999999943e+01 2.743676939999999931e+01 2.743360459999999890e+01 2.743045649999999824e+01 2.742732529999999969e+01 2.742421080000000089e+01 2.742111299999999829e+01 2.741803180000000140e+01 2.741496719999999954e+01 2.741191909999999865e+01 2.740888749999999874e+01 2.740587220000000102e+01 2.740287319999999838e+01 2.739989050000000148e+01 2.739692399999999850e+01 2.739397370000000009e+01 2.739103940000000037e+01 2.738812100000000171e+01 2.738521869999999936e+01 2.738233209999999929e+01 2.737946140000000028e+01 2.737660640000000001e+01 2.737376700000000085e+01 2.737094330000000042e+01 2.736813499999999877e+01 2.736534220000000062e+01 2.736256470000000007e+01 2.735980250000000069e+01 2.735705559999999892e+01 2.735432379999999952e+01 2.735160709999999895e+01 2.734890539999999959e+01 2.734621860000000027e+01 2.734354659999999981e+01 2.734088949999999940e+01 2.733824699999999908e+01 2.733561920000000001e+01 2.733300589999999985e+01 2.733040709999999862e+01 2.732782269999999869e+01 2.732525259999999889e+01 2.732269679999999923e+01 2.732015519999999853e+01 2.731762760000000156e+01 2.731511409999999884e+01 2.731261449999999869e+01 2.731012880000000109e+01 2.730765690000000134e+01
2.571936099999999925e+01 2.571744620000000126e+01 2.571554199999999923e+01 2.571364840000000029e+01 2.571176529999999971e+01 2.570989259999999987e+01 2.570803049999999956e+01 2.570617869999999883e+01 2.570433720000000122e+01 2.570250610000000080e+01 2.570068510000000117e+01 2.569887440000000112e+01 2.569707389999999947e+01 2.569528340000000100e+01 2.569350310000000093e+01 2.569173269999999931e+01 2.568997239999999849e+01 2.568822199999999967e+01 2.568648149999999930e+01 2.568475090000000094e+01 2.568303009999999986e+01 2.568131909999999962e+01 2.567961790000000022e+01 2.567792640000000048e+01 2.567624449999999925e+01 2.567457230000000123e+01 2.567290979999999934e+01 2.567125679999999832e+01 2.566961330000000174e+01 2.566797940000000011e+01 2.566635490000000175e+01 2.566473990000000072e+01 2.566313429999999940e+01 2.566153810000000135e+01 2.565995119999999829e+01 2.565837360000000089e+01 2.565680539999999965e+01 2.565524639999999934e+01 2.565369670000000113e+01 2.565215609999999913e+01 2.565062479999999923e+01 2.564910250000000147e+01 2.564758949999999871e+01 2.564608550000000164e+01 2.564459060000000079e+01 2.564310469999999853e+01 2.564162789999999958e+01 2.564016009999999923e+01 2.563870119999999986e+01 2.563725129999999908e+01
2.470571610000000007e+01 2.470283620000000013e+01 2.469997169999999898e+01 2.469712249999999898e+01 2.469428849999999898e+01 2.469146980000000013e+01 2.468866620000000012e+01 2.468587769999999892e+01 2.468310419999999894e+01 2.468034570000000016e+01 2.467760210000000143e+01 2.467487339999999918e+01 2.467215949999999935e+01 2.466946030000000079e+01 2.466677569999999875e+01 2.466410580000000152e+01 2.466145039999999966e+01 2.465880950000000027e+01 2.465618309999999980e+01 2.465357089999999829e+01 2.465097310000000164e+01 2.464838950000000040e+01 2.464582000000000050e+01 2.464326459999999841e+01 2.464072320000000005e+01 2.463819579999999831e+01 2.463568220000000153e+01 2.463318239999999903e+01 2.463069640000000149e+01 2.462822410000000062e+01 2.462576530000000119e+01 2.462332010000000082e+01 2.462088830000000073e+01 2.461846999999999852e+01 2.461606490000000136e+01 2.461367309999999975e+01 2.461129439999999846e+01 2.460892889999999866e+01 2.460657640000000157e+01 2.460423679999999891e+01 2.460191010000000134e+01 2.459959630000000175e+01 2.459729520000000136e+01 2.459500669999999900e+01 2.459273089999999939e+01 2.459046760000000020e+01 2.458821680000000143e+01 2.458597830000000073e+01 2.458375219999999928e+01 2.458153829999999829e+01
2.301710549999999955e+01 2.301539560000000151e+01 2.301369509999999963e+01 2.301200389999999985e+01 2.301032209999999978e+01 2.300864939999999947e+01 2.300698600000000127e+01 2.300533169999999927e+01 2.300368650000000059e+01 2.300205049999999929e+01 2.300042339999999896e+01 2.299880539999999840e+01 2.299719639999999998e+01 2.299559629999999899e+01 2.299400509999999898e+01 2.299242279999999994e+01 2.299084930000000071e+01 2.298928460000000129e+01 2.298772870000000168e+01 2.298618150000000071e+01 2.298464299999999838e+01 2.298311310000000063e+01 2.298159190000000152e+01 2.298007940000000104e+01 2.297857529999999926e+01 2.297707989999999967e+01 2.297559299999999993e+01 2.297411449999999888e+01 2.297264450000000124e+01 2.297118299999999991e+01 2.296972990000000081e+01 2.296828509999999923e+01 2.296684880000000106e+01 2.296542069999999924e+01 2.296400099999999966e+01 2.296258949999999999e+01 2.296118639999999900e+01 2.295979140000000029e+01 2.295840469999999911e+01 2.295702620000000138e+01 2.295565579999999883e+01 2.295429359999999974e+01 2.295293949999999938e+01 2.295159350000000131e+01 2.295025559999999842e+01 2.294892580000000137e+01 2.294760399999999834e+01 2.294629030000000114e+01 2.294498460000000151e+01 2.294368679999999827e+01
2.196455010000000030e+01 2.196200190000000063e+01 2.195946740000000119e+01 2.195694639999999964e+01 2.195443909999999832e+01 2.195194520000000082e+01 2.194946480000000122e+01 2.194699779999999834e+01 2.194454419999999928e+01 2.194210380000000171e+01 2.193967669999999970e+01 2.193726279999999917e+01 2.193486190000000136e+01 2.193247420000000147e+01 2.193009939999999958e+01 2.192773760000000038e+01 2.192538860000000156e+01 2.192305250000000072e+01 2.192072909999999908e+01 2.191841840000000019e+01 2.191612040000000050e+01 2.191383490000000123e+01 2.191156189999999881e+01 2.190930140000000037e+01 2.190705320000000000e+01 2.190481730000000127e+01 2.190259370000000061e+01 2.190038230000000041e+01 2.189818289999999834e+01 2.189599559999999911e+01 2.189382030000000157e+01 2.189165699999999859e+01 2.188950540000000089e+01 2.188736570000000015e+01 2.188523759999999996e+01 2.188312129999999911e+01 2.188101650000000120e+01 2.187892319999999913e+01 2.187684139999999999e+01 2.187477099999999908e+01 2.187271180000000115e+01 2.187066400000000144e+01 2.186862729999999999e+01 2.186660180000000153e+01 2.186458730000000017e+01 2.186258390000000063e+01 2.186059129999999939e+01 2.185860969999999881e+01 2.185663879999999892e+01 2.185467870000000090e+01
2.031386900000000040e+01 2.031236200000000025e+01 2.031086320000000001e+01 2.030937240000000088e+01 2.030788980000000166e+01 2.030641520000000000e+01 2.030494859999999946e+01 2.030349010000000121e+01 2.030203940000000173e+01 2.030059669999999983e+01 2.029916190000000142e+01 2.029773489999999825e+01 2.029631579999999857e+01 2.029490440000000007e+01 2.029350080000000034e+01 2.029210499999999939e+01 2.029071689999999961e+01 2.028933639999999983e+01 2.028796360000000121e+01 2.028659850000000020e+01 2.028524090000000157e+01 2.028389089999999939e+01 2.028254850000000076e+01 2.028121360000000095e+01 2.027988619999999997e+01 2.027856630000000138e+01 2.027725390000000161e+01 2.027594889999999950e+01 2.027465129999999860e+01 2.027336109999999891e+01 2.027207830000000044e+01 2.027080279999999846e+01 2.026953470000000124e+01 2.026827390000000051e+01 2.026702029999999866e+01 2.026577410000000157e+01 2.026453509999999980e+01 2.026330340000000163e+01 2.026207889999999878e+01 2.026086150000000075e+01 2.025965139999999920e+01 2.025844850000000008e+01 2.025725260000000105e+01 2.025606399999999852e+01 2.025488239999999962e+01 2.025370799999999960e+01 2.025254059999999967e+01 2.025138039999999862e+01 2.025022710000000004e+01 2.024908100000000033e+01
1.922256690000000035e+01 1.922034620000000160e+01 1.921813750000000098e+01 1.921594070000000087e+01 1.921375580000000127e+01 1.921158259999999984e+01 1.920942120000000131e+01 1.920727150000000094e+01 1.920513349999999875e+01 1.920300710000000066e+01 1.920089219999999841e+01 1.919878870000000148e+01 1.919669680000000156e+01 1.919461619999999868e+01 1.919254689999999997e+01 1.919048889999999830e+01 1.918844209999999961e+01 1.918640650000000036e+01 1.918438199999999938e+01 1.918236849999999905e+01 1.918036599999999936e+01 1.917837439999999916e+01 1.917639369999999843e+01 1.917442379999999957e+01 1.917246460000000141e+01 1.917051610000000039e+01 1.916857830000000007e+01 1.916665100000000166e+01 1.916473429999999922e+01 1.916282789999999991e+01 1.916093199999999896e+01 1.915904640000000114e+01 1.915717109999999934e+01 1.915530599999999950e+01 1.915345100000000045e+01 1.915160619999999980e+01 1.914977130000000116e+01 1.914794649999999976e+01 1.914613149999999919e+01 1.914432640000000063e+01 1.914253109999999936e+01 1.914074550000000130e+01 1.913896970000000053e+01 1.913720340000000064e+01 1.913544669999999925e+01 1.913369949999999875e+01 1.913196170000000151e+01 1.913023330000000044e+01 1.912851429999999908e+01 1.912680449999999865e+01
1.760974480000000142e+01 1.760843940000000174e+01 1.760714090000000098e+01 1.760584940000000032e+01 1.760456479999999857e+01 1.760328709999999930e+01 1.760201620000000133e+01 1.760075219999999874e+01 1.759949500000000100e+01 1.759824460000000101e+01 1.759700099999999878e+01 1.759576410000000024e+01 1.759453389999999828e+01 1.759331040000000002e+01 1.759209359999999833e+01 1.759088339999999917e+01 1.758967979999999898e+01 1.758848289999999892e+01 1.758729250000000022e+01 1.758610859999999931e+01 1.758493130000000093e+01 1.758376050000000035e+01 1.758259629999999873e+01 1.758143850000000086e+01 1.758028709999999961e+01 1.757914219999999972e+01 1.757800380000000118e+01 1.757687170000000165e+01 1.757574599999999876e+01 1.757462669999999960e+01 1.757351380000000063e+01 1.757240720000000067e+01 1.757130700000000090e+01 1.757021299999999897e+01 1.756912540000000078e+01 1.756804400000000044e+01 1.756696900000000028e+01 1.756590010000000035e+01 1.756483760000000061e+01 1.756378120000000109e+01 1.756273110000000059e+01 1.756168720000000150e+01 1.756064939999999908e+01 1.755961789999999922e+01 1.755859249999999960e+01 1.755757330000000138e+01 1.755656019999999984e+01 1.755555329999999969e+01 1.755455249999999978e+01 1.755355780000000010e+01
1.648022519999999957e+01 1.647832860000000110e+01 1.647644220000000104e+01 1.647456610000000055e+01 1.647269999999999968e+01 1.647084410000000076e+01 1.646899820000000148e+01 1.646716229999999825e+01 1.646533640000000176e+01 1.646352040000000017e+01 1.646171419999999941e+01 1.645991779999999949e+01 1.645813120000000040e+01 1.645635430000000099e+01 1.645458710000000124e+01 1.645282950000000000e+01 1.645108139999999963e+01 1.644934280000000015e+01 1.644761370000000156e+01 1.644589399999999912e+01 1.644418369999999996e+01 1.644248260000000172e+01 1.644079079999999848e+01 1.643910819999999973e+01 1.643743479999999835e+01 1.643577039999999911e+01 1.643411509999999964e+01 1.643246870000000115e+01 1.643083130000000125e+01 1.642920270000000116e+01 1.642758299999999849e+01 1.642597209999999919e+01 1.642436980000000091e+01 1.642277629999999888e+01 1.642119130000000027e+01 1.641961489999999912e+01 1.641804709999999901e+01 1.641648759999999996e+01 1.641493660000000077e+01 1.641339400000000026e+01 1.641185959999999966e+01 1.641033350000000013e+01 1.640881560000000050e+01 1.640730579999999961e+01 1.640580410000000100e+01 1.640431050000000113e+01 1.640282489999999882e+01 1.640134720000000002e+01 1.639987740000000116e+01 1.639841549999999870e+01
1.490488709999999983e+01 1.490378250000000016e+01 1.490268370000000075e+01 1.490159079999999925e+01 1.490050360000000040e+01 1.489942220000000006e+01 1.489834650000000060e+01 1.489727659999999965e+01 1.489621239999999958e+01 1.489515390000000039e+01 1.489410099999999915e+01 1.489305380000000056e+01 1.489201219999999992e+01 1.489097630000000017e+01 1.488994590000000073e+01 1.488892109999999924e+01 1.488790189999999924e+01 1.488688819999999957e+01 1.488588000000000022e+01 1.488487729999999942e+01 1.488388020000000012e+01 1.488288849999999996e+01 1.488190230000000014e+01 1.488092149999999947e+01 1.487994619999999912e+01 1.487897629999999971e+01 1.487801179999999945e+01 1.487705270000000013e+01 1.487609899999999996e+01 1.487515070000000073e+01 1.487420769999999948e+01 1.487327009999999916e+01 1.487233780000000039e+01 1.487141090000000077e+01 1.487048919999999974e+01 1.486957289999999965e+01 1.486866189999999932e+01 1.486775620000000053e+01 1.486685570000000034e+01 1.486596059999999930e+01 1.486507059999999925e+01 1.486418600000000012e+01 1.486330650000000020e+01 1.486243239999999943e+01 1.486156339999999965e+01 1.486069960000000023e+01 1.485984110000000058e+01 1.485898779999999952e+01 1.485813959999999945e+01 1.485729669999999913e+01
1.373742340000000084e+01 1.373584800000000072e+01 1.373428099999999930e+01 1.373272240000000011e+01 1.373117240000000017e+01 1.372963069999999952e+01 1.372809729999999995e+01 1.372657219999999967e+01 1.372505549999999985e+01 1.372354690000000055e+01 1.372204649999999937e+01 1.372055429999999987e+01 1.371907009999999971e+01 1.371759400000000007e+01 1.371612589999999976e+01 1.371466580000000057e+01 1.371321359999999956e+01 1.371176930000000027e+01 1.371033279999999976e+01 1.370890409999999981e+01 1.370748309999999925e+01 1.370606989999999925e+01 1.370466419999999985e+01 1.370326619999999984e+01 1.370187579999999983e+01 1.370049290000000042e+01 1.369911740000000044e+01 1.369774939999999930e+01 1.369638869999999997e+01 1.369503540000000008e+01 1.369368940000000023e+01 1.369235059999999926e+01 1.369101910000000011e+01 1.368969459999999927e+01 1.368837730000000086e+01 1.368706710000000015e+01 1.368576389999999954e+01 1.368446759999999962e+01 1.368317829999999979e+01 1.368189590000000067e+01 1.368062029999999929e+01 1.367935149999999922e+01 1.367808950000000046e+01 1.367683410000000066e+01 1.367558550000000039e+01 1.367434350000000087e+01 1.367310810000000032e+01 1.367187919999999934e+01 1.367065679999999972e+01 1.366944089999999967e+01
1.219927189999999939e+01 1.219836789999999915e+01 1.219746860000000055e+01 1.219657400000000003e+01 1.219568409999999936e+01 1.219479890000000033e+01 1.219391829999999999e+01 1.219304239999999950e+01 1.219217109999999948e+01 1.219130449999999932e+01 1.219044240000000023e+01 1.218958499999999923e+01 1.218873209999999929e+01 1.218788370000000043e+01 1.218703990000000026e+01 1.218620070000000055e+01 1.218536590000000075e+01 1.218453569999999964e+01 1.218370999999999960e+01 1.218288869999999946e+01 1.218207190000000040e+01 1.218125960000000063e+01 1.218045180000000016e+01 1.217964830000000021e+01 1.217884940000000071e+01 1.217805479999999996e+01 1.217726460000000088e+01 1.217647889999999933e+01 1.217569750000000006e+01 1.217492050000000070e+01 1.217414800000000064e+01 1.217337969999999991e+01 1.217261590000000027e+01 1.217185639999999935e+01 1.217110120000000073e+01 1.217035040000000023e+01 1.216960390000000025e+01 1.216886180000000017e+01 1.216812389999999944e+01 1.216739040000000038e+01 1.216666120000000006e+01 1.216593630000000026e+01 1.216521569999999919e+01 1.216449929999999924e+01 1.216378729999999919e+01 1.216307950000000027e+01 1.216237600000000008e+01 1.216167680000000040e+01 1.216098180000000006e+01 1.216029110000000024e+01
1.099424499999999938e+01 1.099298800000000043e+01 1.099173769999999983e+01 1.099049429999999994e+01 1.098925750000000079e+01 1.098802749999999939e+01 1.098680410000000052e+01 1.098558730000000061e+01 1.098437720000000084e+01 1.098317349999999948e+01 1.098197640000000064e+01 1.098078579999999960e+01 1.097960160000000052e+01 1.097842389999999924e+01 1.097725250000000052e+01 1.097608750000000022e+01 1.097492869999999954e+01 1.097377630000000082e+01 1.097263000000000055e+01 1.097148999999999930e+01 1.097035610000000005e+01 1.096922840000000043e+01 1.096810669999999988e+01 1.096699109999999955e+01 1.096588140000000067e+01 1.096477780000000024e+01 1.096368009999999948e+01 1.096258830000000017e+01 1.096150229999999937e+01 1.096042220000000000e+01 1.095934779999999975e+01 1.095827919999999978e+01 1.095721630000000069e+01 1.095615910000000071e+01 1.095510759999999983e+01 1.095406159999999929e+01 1.095302120000000023e+01 1.095198629999999973e+01 1.095095700000000072e+01 1.094993310000000086e+01 1.094891460000000016e+01 1.094790150000000040e+01 1.094689370000000039e+01 1.094589129999999955e+01 1.094489420000000024e+01 1.094390229999999953e+01 1.094291559999999919e+01 1.094193409999999922e+01 1.094095779999999962e+01 1.093998659999999923e+01
9.493132470000000822e+00 9.492429129999999660e+00 9.491729440000000295e+00 9.491033390000000125e+00 9.490340959999999271e+00 9.489652149999999509e+00 9.488966950000000011e+00 9.488285330000000073e+00 9.487607300000000521e+00 9.486932830000000649e+00 9.486261920000000458e+00 9.485594550000000069e+00 9.484930730000000310e+00 9.484270430000000474e+00 9.483613639999999734e+00 9.482960370000000694e+00 9.482310590000000872e+00 9.481664300000000267e+00 9.481021500000000657e+00 9.480382170000000386e+00 9.479746300000000403e+00 9.479113899999999759e+00 9.478484939999999526e+00 9.477859430000000529e+00 9.477237360000000166e+00 9.476618719999999385e+00 9.476003509999999963e+00 9.475391710000000245e+00 9.474783320000000231e+00 9.474178350000000748e+00 9.473576769999999314e+00 9.472978590000000310e+00 9.472383810000000182e+00 9.471792400000000001e+00 9.471204379999999645e+00 9.470619740000000064e+00 9.470038470000000430e+00 9.469460559999999916e+00 9.468886019999999348e+00 9.468314839999999677e+00 9.467747019999999125e+00 9.467182539999999591e+00 9.466621410000000125e+00 9.466063630000000728e+00 9.465509179999999745e+00 9.464958080000000606e+00 9.464410300000000831e+00 9.463865849999999469e+00 9.463324730000000073e+00 9.462786930000000041e+00
8.250734149999999545e+00 8.249793520000000768e+00 8.248857960000000489e+00 8.247927470000000483e+00 8.247002009999999217e+00 8.246081549999999538e+00 8.245166069999999792e+00 8.244255550000000099e+00 8.243349959999999754e+00 8.242449269999999828e+00 8.241553449999999614e+00 8.240662479999999235e+00 8.239776329999999760e+00 8.238894979999999535e+00 8.238018379999999752e+00 8.237146530000000411e+00 8.236279379999999151e+00 8.235416920000000474e+00 8.234559109999999293e+00 8.233705920000000233e+00 8.232857329999999862e+00 8.232013309999999251e+00 8.231173820000000418e+00 8.230338850000000761e+00 8.229508360000000522e+00 8.228682329999999823e+00 8.227860720000000683e+00 8.227043509999999671e+00 8.226230660000000583e+00 8.225422160000000815e+00 8.224617970000000611e+00 8.223818070000000091e+00 8.223022419999999499e+00 8.222231000000000734e+00 8.221443779999999535e+00 8.220660739999999578e+00 8.219881839999999329e+00 8.219107060000000686e+00 8.218336369999999391e+00 8.217569740000000067e+00 8.216807149999999282e+00 8.216048569999999884e+00 8.215293980000000218e+00 8.214543349999999577e+00 8.213796650000000810e+00 8.213053849999999656e+00 8.212314940000000618e+00 8.211579880000000387e+00 8.210848659999999910e+00 8.210121239999999432e+00
6.786562069999999558e+00 6.786059700000000028e+00 6.785559919999999856e+00 6.785062719999999992e+00 6.784568110000000374e+00 6.784076060000000297e+00 6.783586579999999699e+00 6.783099649999999592e+00 6.782615260000000035e+00 6.782133410000000140e+00 6.781654099999999907e+00 6.781177300000000407e+00 6.780703029999999742e+00 6.780231259999999871e+00 6.779761999999999844e+00 6.779295239999999723e+00 6.778830969999999567e+00 6.778369180000000327e+00 6.777909880000000165e+00 6.777453050000000090e+00 6.776998700000000042e+00 6.776546810000000143e+00 6.776097380000000392e+00 6.775650409999999901e+00 6.775205889999999620e+00 6.774763820000000436e+00 6.774324189999999746e+00 6.773887010000000153e+00 6.773452260000000003e+00 6.773019950000000122e+00 6.772590059999999745e+00 6.772162609999999638e+00 6.771737569999999984e+00 6.771314959999999772e+00 6.770894769999999951e+00 6.770476989999999695e+00 6.770061619999999891e+00 6.769648659999999651e+00 6.769238109999999864e+00 6.768829959999999701e+00 6.768424210000000052e+00 6.768020869999999967e+00 6.767619919999999567e+00 6.767221359999999741e+00 6.766825200000000429e+00 6.766431429999999914e+00 6.766040049999999972e+00 6.765651049999999778e+00 6.765264440000000157e+00 6.764880220000000222e+00
5.506947549999999580e+00 5.506321690000000046e+00 5.505699230000000277e+00 5.505080129999999627e+00 5.504464389999999874e+00 5.503851980000000310e+00 5.503242880000000170e+00 5.502637090000000342e+00 5.502034570000000180e+00 5.501435319999999685e+00 5.500839319999999866e+00 5.500246540000000017e+00 5.499656970000000200e+00 5.499070579999999708e+00 5.498487370000000318e+00 5.497907310000000436e+00 5.497330370000000244e+00 5.496756559999999681e+00 5.496185829999999939e+00 5.495618180000000130e+00 5.495053590000000376e+00 5.494492029999999971e+00 5.493933489999999864e+00 5.493377950000000176e+00 5.492825390000000141e+00 5.492275779999999941e+00 5.491729119999999575e+00 5.491185370000000177e+00 5.490644529999999968e+00 5.490106570000000019e+00 5.489571480000000392e+00 5.489039230000000380e+00 5.488509800000000105e+00 5.487983189999999567e+00 5.487459359999999897e+00 5.486938300000000268e+00 5.486419989999999913e+00 5.485904419999999782e+00 5.485391560000000055e+00 5.484881399999999907e+00 5.484373910000000407e+00 5.483869089999999780e+00 5.483366909999999983e+00 5.482867350000000251e+00 5.482370409999999694e+00 5.481876050000000333e+00 5.481384270000000392e+00 5.480895049999999991e+00 5.480408360000000201e+00 5.479924210000000073e+00
4.079740949999999700e+00 4.079439780000000404e+00 4.079140159999999682e+00 4.078842090000000198e+00 4.078545560000000236e+00 4.078250569999999797e+00 4.077957119999999769e+00 4.077665200000000212e+00 4.077374810000000238e+00 4.077085929999999969e+00 4.076798580000000172e+00 4.076512730000000140e+00 4.076228399999999752e+00 4.075945579999999957e+00 4.075664249999999988e+00 4.075384429999999725e+00 4.075106100000000175e+00 4.074829259999999564e+00 4.074553919999999607e+00 4.074280060000000425e+00 4.074007680000000242e+00 4.073736789999999885e+00 4.073467380000000304e+00 4.073199439999999782e+00 4.072932980000000036e+00 4.072667980000000298e+00 4.072404459999999560e+00 4.072142409999999657e+00 4.071881819999999763e+00 4.071622699999999817e+00 4.071365039999999880e+00 4.071108839999999951e+00 4.070854100000000031e+00 4.070600820000000120e+00 4.070348990000000278e+00 4.070098609999999617e+00 4.069849689999999853e+00 4.069602230000000098e+00 4.069356209999999585e+00 4.069111640000000030e+00 4.068868519999999656e+00 4.068626850000000239e+00 4.068386620000000065e+00 4.068147830000000020e+00 4.067910490000000046e+00 4.067674600000000140e+00 4.067440140000000426e+00 4.067207129999999893e+00 4.066975550000000439e+00 4.066745410000000227e+00
2.763088310000000103e+00 2.762776070000000139e+00 2.762465530000000058e+00 2.762156669999999981e+00 2.761849499999999846e+00 2.761544000000000221e+00 2.761240149999999893e+00 2.760937970000000075e+00 2.760637420000000120e+00 2.760338509999999967e+00 2.760041220000000184e+00 2.759745549999999881e+00 2.759451490000000007e+00 2.759159019999999796e+00 2.758868140000000135e+00 2.758578829999999815e+00 2.758291100000000107e+00 2.758004919999999860e+00 2.757720289999999963e+00 2.757437200000000033e+00 2.757155640000000130e+00 2.756875599999999871e+00 2.756597059999999821e+00 2.756320029999999921e+00 2.756044489999999847e+00 2.755770430000000104e+00 2.755497839999999865e+00 2.755226710000000079e+00 2.754957039999999857e+00 2.754688799999999826e+00 2.754421999999999926e+00 2.754156619999999833e+00 2.753892650000000053e+00 2.753630090000000141e+00 2.753368920000000220e+00 2.753109139999999844e+00 2.752850730000000024e+00 2.752593689999999871e+00 2.752338009999999890e+00 2.752083670000000204e+00 2.751830679999999862e+00 2.751579009999999936e+00 2.751328659999999982e+00 2.751079629999999998e+00 2.750831900000000108e+00 2.750585469999999866e+00 2.750340319999999839e+00 2.750096459999999965e+00 2.749853859999999983e+00 2.749612519999999893e+00
1.372595299999999963e+00 1.372495770000000004e+00 1.372396750000000054e+00 1.372298259999999992e+00 1.372200279999999939e+00 1.372102829999999996e+00 1.372005890000000061e+00 1.371909470000000075e+00 1.371813560000000098e+00 1.371718159999999909e+00 1.371623269999999950e+00 1.371528890000000001e+00 1.371435020000000060e+00 1.371341659999999907e+00 1.371248809999999985e+00 1.371156459999999910e+00 1.371064609999999906e+00 1.370973269999999911e+00 1.370882429999999985e+00 1.370792089999999908e+00 1.370702249999999900e+00 1.370612919999999901e+00 1.370524080000000033e+00 1.370435740000000013e+00 1.370347889999999902e+00 1.370260550000000022e+00 1.370173700000000050e+00 1.370087339999999987e+00 1.370001489999999933e+00 1.369916120000000070e+00 1.369831250000000056e+00 1.369746880000000111e+00 1.369662989999999914e+00 1.369579600000000008e+00 1.369496709999999950e+00 1.369414300000000084e+00 1.369332390000000066e+00 1.369250969999999956e+00 1.369170030000000038e+00 1.369089589999999967e+00 1.369009640000000028e+00 1.368930179999999996e+00 1.368851210000000096e+00 1.368772730000000104e+00 1.368694740000000021e+00 1.368617240000000068e+00 1.368540220000000085e+00 1.368463690000000010e+00 1.368387660000000006e+00 1.368312109999999970e+00
1.913516620000000126e-02 1.913600489999999973e-02 1.913685539999999963e-02 1.913771779999999881e-02 1.913859199999999941e-02 1.913947800000000143e-02 1.914037570000000008e-02 1.914128509999999880e-02 1.914220609999999975e-02 1.914313860000000159e-02 1.914408269999999870e-02 1.914503830000000018e-02 1.914600530000000120e-02 1.914698369999999830e-02 1.914797340000000056e-02 1.914897429999999970e-02 1.914998639999999919e-02 1.915100980000000036e-02 1.915204419999999921e-02 1.915308959999999922e-02 1.915414610000000170e-02 1.915521350000000053e-02 1.915629179999999918e-02 1.915738089999999977e-02 1.915848079999999884e-02 1.915959139999999852e-02 1.916071269999999882e-02 1.916184469999999973e-02 1.916298710000000072e-02 1.916414010000000098e-02 1.916530359999999919e-02 1.916647750000000094e-02 1.916766170000000144e-02 1.916885620000000068e-02 1.917006099999999866e-02 1.917127600000000098e-02 1.917250120000000072e-02 1.917373639999999865e-02 1.917498169999999960e-02 1.917623699999999876e-02 1.917750229999999959e-02 1.917877750000000076e-02 1.918006259999999880e-02 1.918135749999999931e-02 1.918266210000000097e-02 1.918397650000000162e-02 1.918530059999999995e-02 1.918663439999999942e-02 1.918797779999999870e-02 1.918933069999999991e-02
-1.334485270000000057e+00 -1.334383230000000031e+00 -1.334281700000000015e+00 -1.334180670000000068e+00 -1.334080149999999909e+00 -1.333980120000000102e+00 -1.333880589999999922e+00 -1.333781560000000033e+00 -1.333683020000000052e+00 -1.333584979999999920e+00 -1.333487429999999918e+00 -1.333390370000000047e+00 -1.333293800000000084e+00 -1.333197710000000091e+00 -1.333102119999999946e+00 -1.333007009999999992e+00 -1.332912380000000008e+00 -1.332818239999999932e+00 -1.332724580000000048e+00 -1.332631399999999910e+00 -1.332538699999999965e+00 -1.332446479999999989e+00 -1.332354730000000043e+00 -1.332263470000000005e+00 -1.332172679999999998e+00 -1.332082369999999960e+00 -1.331992529999999952e+00 -1.331903169999999914e+00 -1.331814279999999906e+00 -1.331725859999999928e+00 -1.331637919999999919e+00 -1.331550440000000002e+00 -1.331463440000000054e+00 -1.331376899999999974e+00 -1.331290840000000086e+00 -1.331205240000000067e+00 -1.331120110000000079e+00 -1.331035449999999898e+00 -1.330951259999999969e+00 -1.330867529999999910e+00 -1.330784270000000102e+00 -1.330701480000000103e+00 -1.330619140000000034e+00 -1.330537279999999933e+00 -1.330455879999999924e+00 -1.330374940000000006e+00 -1.330294459999999956e+00 -1.330214449999999937e+00 -1.330134900000000009e+00 -1.330055809999999950e+00
-2.724637099999999812e+00 -2.724323109999999826e+00 -2.724010799999999843e+00 -2.723700149999999987e+00 -2.723391149999999872e+00 -2.723083799999999943e+00 -2.722778089999999818e+00 -2.722474000000000061e+00 -2.722171540000000167e+00 -2.721870679999999876e+00 -2.721571420000000074e+00 -2.721273759999999875e+00 -2.720977669999999904e+00 -2.720683160000000100e+00 -2.720390210000000142e+00 -2.720098820000000028e+00 -2.719808969999999881e+00 -2.719520650000000206e+00 -2.719233860000000114e+00 -2.718948590000000110e+00 -2.718664819999999871e+00 -2.718382549999999842e+00 -2.718101770000000084e+00 -2.717822459999999829e+00 -2.717544619999999966e+00 -2.717268240000000112e+00 -2.716993309999999884e+00 -2.716719809999999846e+00 -2.716447749999999939e+00 -2.716177099999999900e+00 -2.715907870000000113e+00 -2.715640039999999811e+00 -2.715373599999999943e+00 -2.715108540000000126e+00 -2.714844849999999976e+00 -2.714582529999999938e+00 -2.714321570000000072e+00 -2.714061940000000117e+00 -2.713803659999999951e+00 -2.713546700000000200e+00 -2.713291059999999977e+00 -2.713036729999999785e+00 -2.712783700000000131e+00 -2.712531970000000126e+00 -2.712281509999999951e+00 -2.712032329999999991e+00 -2.711784419999999862e+00 -2.711537770000000069e+00 -2.711292369999999785e+00 -2.711048209999999958e+00
-4.041621440000000121e+00 -4.041317720000000335e+00 -4.041015530000000133e+00 -4.040714880000000342e+00 -4.040415750000000195e+00 -4.040118149999999630e+00 -4.039822059999999659e+00 -4.039527480000000281e+00 -4.039234409999999720e+00 -4.038942849999999751e+00 -4.038652779999999609e+00 -4.038364200000000181e+00 -4.038077119999999631e+00 -4.037791529999999796e+00 -4.037507409999999908e+00 -4.037224779999999846e+00 -4.036943619999999733e+00 -4.036663940000000395e+00 -4.036385720000000177e+00 -4.036108969999999907e+00 -4.035833689999999585e+00 -4.035559860000000221e+00 -4.035287499999999916e+00 -4.035016589999999681e+00 -4.034747130000000404e+00 -4.034479120000000307e+00 -4.034212570000000220e+00 -4.033947450000000323e+00 -4.033683790000000435e+00 -4.033421559999999850e+00 -4.033160770000000284e+00 -4.032901429999999898e+00 -4.032643519999999704e+00 -4.032387039999999701e+00 -4.032131999999999827e+00 -4.031878380000000206e+00 -4.031626199999999827e+00 -4.031375449999999638e+00 -4.031126119999999702e+00 -4.030878219999999956e+00 -4.030631739999999574e+00 -4.030386680000000332e+00 -4.030143039999999566e+00 -4.029900829999999878e+00 -4.029660029999999615e+00 -4.029420649999999604e+00 -4.029182689999999845e+00 -4.028946140000000398e+00 -4.028711010000000314e+00 -4.028477279999999716e+00
-5.468680420000000098e+00 -5.468052899999999994e+00 -5.467428729999999959e+00 -5.466807909999999993e+00 -5.466190420000000216e+00 -5.465576229999999924e+00 -5.464965340000000005e+00 -5.464357729999999691e+00 -5.463753370000000054e+00 -5.463152250000000265e+00 -5.462554349999999559e+00 -5.461959649999999833e+00 -5.461368130000000320e+00 -5.460779780000000194e+00 -5.460194579999999576e+00 -5.459612500000000423e+00 -5.459033530000000134e+00 -5.458457649999999717e+00 -5.457884840000000182e+00 -5.457315089999999813e+00 -5.456748359999999742e+00 -5.456184649999999969e+00 -5.455623939999999727e+00 -5.455066200000000087e+00 -5.454511410000000282e+00 -5.453959560000000373e+00 -5.453410640000000420e+00 -5.452864599999999839e+00 -5.452321450000000347e+00 -5.451781160000000348e+00 -5.451243709999999965e+00 -5.450709090000000145e+00 -5.450177270000000185e+00 -5.449648230000000204e+00 -5.449121960000000264e+00 -5.448598439999999599e+00 -5.448077650000000105e+00 -5.447559580000000068e+00 -5.447044189999999730e+00 -5.446531479999999981e+00 -5.446021430000000052e+00 -5.445514020000000066e+00 -5.445009240000000084e+00 -5.444507050000000348e+00 -5.444007459999999909e+00 -5.443510429999999900e+00 -5.443015960000000319e+00 -5.442524030000000401e+00 -5.442034620000000267e+00 -5.441547710000000038e+00
-6.748485409999999796e+00 -6.747980319999999921e+00 -6.747477800000000414e+00 -6.746977860000000327e+00 -6.746480469999999841e+00 -6.745985639999999783e+00 -6.745493340000000337e+00 -6.745003589999999605e+00 -6.744516360000000432e+00 -6.744031640000000216e+00 -6.743549449999999723e+00 -6.743069750000000084e+00 -6.742592560000000290e+00 -6.742117849999999635e+00 -6.741645629999999834e+00 -6.741175890000000059e+00 -6.740708620000000373e+00 -6.740243819999999886e+00 -6.739781480000000435e+00 -6.739321600000000245e+00 -6.738864170000000264e+00 -6.738409179999999665e+00 -6.737956640000000164e+00 -6.737506530000000105e+00 -6.737058850000000376e+00 -6.736613600000000091e+00 -6.736170780000000136e+00 -6.735730379999999684e+00 -6.735292389999999685e+00 -6.734856810000000138e+00 -6.734423640000000155e+00 -6.733992879999999737e+00 -6.733564519999999831e+00 -6.733138560000000439e+00 -6.732714989999999844e+00 -6.732293819999999762e+00 -6.731875040000000254e+00 -6.731458639999999605e+00 -6.731044630000000417e+00 -6.730633000000000088e+00 -6.730223750000000393e+00 -6.729816879999999557e+00 -6.729412370000000365e+00 -6.729010249999999971e+00 -6.728610490000000333e+00 -6.728213089999999674e+00 -6.727818069999999651e+00 -6.727425400000000444e+00 -6.727035100000000156e+00 -6.726647149999999797e+00
-8.212359599999999205e+00 -8.211417389999999372e+00 -8.210480240000000762e+00 -8.209548119999999116e+00 -8.208621009999999885e+00 -8.207698889999999636e+00 -8.206781709999999563e+00 -8.205869469999999666e+00 -8.204962130000000187e+00 -8.204059669999999471e+00 -8.203162060000000366e+00 -8.202269270000000390e+00 -8.201381270000000612e+00 -8.200498050000000205e+00 -8.199619560000000362e+00 -8.198745790000000255e+00 -8.197876700000000127e+00 -8.197012279999999151e+00 -8.196152480000000295e+00 -8.195297280000000129e+00 -8.194446649999999721e+00 -8.193600569999999195e+00 -8.192759000000000569e+00 -8.191921929999999463e+00 -8.191089310000000623e+00 -8.190261120000000616e+00 -8.189437339999999566e+00 -8.188617929999999490e+00 -8.187802870000000510e+00 -8.186992130000000145e+00 -8.186185670000000414e+00 -8.185383480000000489e+00 -8.184585529999999665e+00 -8.183791779999999960e+00 -8.183002209999999721e+00 -8.182216790000000017e+00 -8.181435490000000144e+00 -8.180658290000000221e+00 -8.179885159999999544e+00 -8.179116080000000011e+00 -8.178351010000000088e+00 -8.177589929999999896e+00 -8.176832810000000507e+00 -8.176079630000000265e+00 -8.175330360000000240e+00 -8.174584980000000556e+00 -8.173843460000000505e+00 -8.173105769999999382e+00 -8.172371890000000860e+00 -8.171641810000000561e+00
-9.454996859999999614e+00 -9.454290719999999482e+00 -9.453588209999999492e+00 -9.452889320000000595e+00 -9.452194040000000186e+00 -9.451502350000000163e+00 -9.450814250000000527e+00 -9.450129719999999622e+00 -9.449448750000000175e+00 -9.448771329999999580e+00 -9.448097450000000563e+00 -9.447427089999999694e+00 -9.446760250000000525e+00 -9.446096920000000452e+00 -9.445437079999999597e+00 -9.444780740000000563e+00 -9.444127870000000868e+00 -9.443478470000000513e+00 -9.442832539999999497e+00 -9.442190050000000667e+00 -9.441551020000000349e+00 -9.440915419999999614e+00 -9.440283250000000237e+00 -9.439654510000000442e+00 -9.439029180000000352e+00 -9.438407270000000793e+00 -9.437788760000000110e+00 -9.437173639999999253e+00 -9.436561920000000825e+00 -9.435953579999999619e+00 -9.435348619999999187e+00 -9.434747039999999529e+00 -9.434148820000000768e+00 -9.433553979999999228e+00 -9.432962480000000483e+00 -9.432374349999999907e+00 -9.431789560000000350e+00 -9.431208120000000861e+00 -9.430630020000000613e+00 -9.430055259999999606e+00 -9.429483819999999739e+00 -9.428915719999999112e+00 -9.428350939999999625e+00 -9.427789479999999500e+00 -9.427231340000000515e+00 -9.426676510000000064e+00 -9.426124980000000875e+00 -9.425576769999999271e+00 -9.425031849999999878e+00 -9.424490229999999968e+00
-1.095574329999999996e+01 -1.095448479999999947e+01 -1.095323310000000028e+01 -1.095198820000000062e+01 -1.095074989999999993e+01 -1.094951829999999937e+01 -1.094829329999999956e+01 -1.094707499999999989e+01 -1.094586319999999979e+01 -1.094465789999999927e+01 -1.094345910000000011e+01 -1.094226680000000052e+01 -1.094108089999999933e+01 -1.093990140000000011e+01 -1.093872819999999990e+01 -1.093756139999999988e+01 -1.093640079999999948e+01 -1.093524649999999987e+01 -1.093409839999999988e+01 -1.093295640000000013e+01 -1.093182060000000000e+01 -1.093069090000000010e+01 -1.092956719999999926e+01 -1.092844960000000043e+01 -1.092733800000000066e+01 -1.092623230000000056e+01 -1.092513250000000014e+01 -1.092403859999999938e+01 -1.092295050000000067e+01 -1.092186820000000047e+01 -1.092079170000000055e+01 -1.091972099999999912e+01 -1.091865589999999919e+01 -1.091759640000000076e+01 -1.091654259999999965e+01 -1.091549440000000004e+01 -1.091445170000000076e+01 -1.091341450000000002e+01 -1.091238279999999961e+01 -1.091135650000000012e+01 -1.091033559999999980e+01 -1.090932010000000041e+01 -1.090830990000000078e+01 -1.090730499999999914e+01 -1.090630540000000082e+01 -1.090531099999999931e+01 -1.090432179999999995e+01 -1.090333779999999919e+01 -1.090235889999999941e+01 -1.090138510000000061e+01
-1.216102509999999981e+01 -1.216011819999999943e+01 -1.215921600000000069e+01 -1.215831850000000003e+01 -1.215742559999999983e+01 -1.215653750000000066e+01 -1.215565400000000018e+01 -1.215477510000000017e+01 -1.215390080000000061e+01 -1.215303109999999975e+01 -1.215216599999999936e+01 -1.215130540000000003e+01 -1.215044950000000057e+01 -1.214959799999999923e+01 -1.214875110000000014e+01 -1.214790870000000034e+01 -1.214707070000000044e+01 -1.214623729999999924e+01 -1.214540840000000088e+01 -1.214458390000000065e+01 -1.214376380000000033e+01 -1.214294819999999930e+01 -1.214213709999999935e+01 -1.214133029999999991e+01 -1.214052799999999976e+01 -1.213973000000000013e+01 -1.213893649999999980e+01 -1.213814729999999997e+01 -1.213736250000000005e+01 -1.213658210000000004e+01 -1.213580600000000054e+01 -1.213503429999999916e+01 -1.213426690000000008e+01 -1.213350379999999973e+01 -1.213274509999999928e+01 -1.213199069999999935e+01 -1.213124059999999993e+01 -1.213049479999999924e+01 -1.212975330000000085e+01 -1.212901609999999941e+01 -1.212828320000000026e+01 -1.212755450000000046e+01 -1.212683009999999939e+01 -1.212611000000000061e+01 -1.212539420000000057e+01 -1.212468259999999987e+01 -1.212397520000000029e+01 -1.212327209999999944e+01 -1.212257330000000088e+01 -1.212187860000000050e+01
-1.369862730000000006e+01 -1.369705070000000013e+01 -1.369548250000000067e+01 -1.369392269999999989e+01 -1.369237140000000075e+01 -1.369082839999999912e+01 -1.368929370000000034e+01 -1.368776730000000086e+01 -1.368624920000000067e+01 -1.368473930000000038e+01 -1.368323750000000061e+01 -1.368174379999999957e+01 -1.368025820000000081e+01 -1.367878059999999962e+01 -1.367731099999999955e+01 -1.367584940000000060e+01 -1.367439560000000043e+01 -1.367294970000000021e+01 -1.367151160000000054e+01 -1.367008129999999966e+01 -1.366865860000000055e+01 -1.366724370000000022e+01 -1.366583639999999988e+01 -1.366443669999999955e+01 -1.366304449999999981e+01 -1.366165980000000069e+01 -1.366028249999999922e+01 -1.365891270000000013e+01 -1.365755019999999931e+01 -1.365619500000000031e+01 -1.365484709999999957e+01 -1.365350639999999949e+01 -1.365217280000000066e+01 -1.365084640000000071e+01 -1.364952710000000025e+01 -1.364821489999999926e+01 -1.364690960000000075e+01 -1.364561130000000055e+01 -1.364431989999999928e+01 -1.364303529999999931e+01 -1.364175760000000004e+01 -1.364048670000000030e+01 -1.363922250000000069e+01 -1.363796490000000006e+01 -1.363671410000000073e+01 -1.363546979999999920e+01 -1.363423210000000019e+01 -1.363300090000000075e+01 -1.363177619999999912e+01 -1.363055800000000062e+01
-1.486640949999999961e+01 -1.486530190000000040e+01 -1.486420020000000086e+01 -1.486310429999999982e+01 -1.486201409999999967e+01 -1.486092969999999980e+01 -1.485985110000000020e+01 -1.485877810000000032e+01 -1.485771079999999955e+01 -1.485664919999999967e+01 -1.485559319999999950e+01 -1.485454290000000022e+01 -1.485349809999999948e+01 -1.485245899999999963e+01 -1.485142540000000011e+01 -1.485039740000000030e+01 -1.484937490000000082e+01 -1.484835789999999989e+01 -1.484734639999999928e+01 -1.484634040000000077e+01 -1.484533990000000081e+01 -1.484434489999999940e+01 -1.484335530000000070e+01 -1.484237109999999937e+01 -1.484139230000000076e+01 -1.484041900000000069e+01 -1.483945100000000039e+01 -1.483848839999999925e+01 -1.483753109999999964e+01 -1.483657930000000036e+01 -1.483563269999999967e+01 -1.483469149999999992e+01 -1.483375559999999993e+01 -1.483282499999999970e+01 -1.483189969999999924e+01 -1.483097970000000032e+01 -1.483006489999999999e+01 -1.482915539999999943e+01 -1.482825120000000041e+01 -1.482735219999999998e+01 -1.482645849999999932e+01 -1.482557000000000080e+01 -1.482468670000000088e+01 -1.482380859999999956e+01 -1.482293570000000038e+01 -1.482206799999999980e+01 -1.482120549999999959e+01 -1.482034810000000036e+01 -1.481949589999999972e+01 -1.481864889999999946e+01
-1.644118449999999854e+01 -1.643928700000000021e+01 -1.643739959999999911e+01 -1.643552250000000114e+01 -1.643365539999999925e+01 -1.643179840000000169e+01 -1.642995150000000137e+01 -1.642811449999999951e+01 -1.642628739999999965e+01 -1.642447019999999824e+01 -1.642266280000000123e+01 -1.642086529999999911e+01 -1.641907739999999905e+01 -1.641729929999999982e+01 -1.641553070000000147e+01 -1.641377179999999925e+01 -1.641202240000000145e+01 -1.641028250000000099e+01 -1.640855200000000025e+01 -1.640683089999999922e+01 -1.640511910000000029e+01 -1.640341659999999990e+01 -1.640172330000000045e+01 -1.640003910000000076e+01 -1.639836409999999844e+01 -1.639669819999999945e+01 -1.639504129999999904e+01 -1.639339329999999961e+01 -1.639175420000000116e+01 -1.639012400000000014e+01 -1.638850259999999892e+01 -1.638688989999999990e+01 -1.638528589999999951e+01 -1.638369060000000133e+01 -1.638210390000000061e+01 -1.638052559999999858e+01 -1.637895590000000112e+01 -1.637739459999999880e+01 -1.637584169999999872e+01 -1.637429709999999972e+01 -1.637276079999999823e+01 -1.637123270000000019e+01 -1.636971279999999851e+01 -1.636820099999999911e+01 -1.636669729999999845e+01 -1.636520159999999890e+01 -1.636371390000000048e+01 -1.636223409999999845e+01 -1.636076219999999992e+01 -1.635929810000000018e+01
-1.757101439999999926e+01 -1.756970610000000121e+01 -1.756840469999999854e+01 -1.756711019999999834e+01 -1.756582260000000062e+01 -1.756454189999999826e+01 -1.756326800000000077e+01 -1.756200099999999864e+01 -1.756074070000000020e+01 -1.755948719999999952e+01 -1.755824039999999897e+01 -1.755700029999999856e+01 -1.755576699999999946e+01 -1.755454029999999932e+01 -1.755332020000000171e+01 -1.755210669999999951e+01 -1.755089990000000100e+01 -1.754969960000000029e+01 -1.754850580000000093e+01 -1.754731860000000054e+01 -1.754613799999999912e+01 -1.754496370000000027e+01 -1.754379600000000039e+01 -1.754263470000000069e+01 -1.754147989999999879e+01 -1.754033150000000063e+01 -1.753918949999999910e+01 -1.753805380000000014e+01 -1.753692450000000136e+01 -1.753580159999999921e+01 -1.753468499999999963e+01 -1.753357469999999907e+01 -1.753247079999999869e+01 -1.753137309999999971e+01 -1.753028169999999974e+01 -1.752919650000000118e+01 -1.752811760000000163e+01 -1.752704489999999993e+01 -1.752597850000000079e+01 -1.752491819999999834e+01 -1.752386410000000083e+01 -1.752281620000000117e+01 -1.752177449999999936e+01 -1.752073890000000134e+01 -1.751970950000000116e+01 -1.751868620000000121e+01 -1.751766900000000149e+01 -1.751665799999999962e+01 -1.751565300000000036e+01 -1.751465410000000134e+01
-1.918335499999999882e+01 -1.918113359999999901e+01 -1.917892399999999853e+01 -1.917672629999999856e+01 -1.917454049999999910e+01 -1.917236640000000136e+01 -1.917020409999999941e+01 -1.916805349999999919e+01 -1.916591439999999835e+01 -1.916378699999999924e+01 -1.916167099999999834e+01 -1.915956650000000039e+01 -1.915747349999999827e+01 -1.915539169999999913e+01 -1.915332130000000177e+01 -1.915126210000000029e+01 -1.914921409999999824e+01 -1.914717729999999918e+01 -1.914515150000000077e+01 -1.914313669999999945e+01 -1.914113289999999878e+01 -1.913914000000000115e+01 -1.913715789999999828e+01 -1.913518660000000082e+01 -1.913322600000000051e+01 -1.913127610000000089e+01 -1.912933680000000081e+01 -1.912740799999999908e+01 -1.912548969999999926e+01 -1.912358180000000019e+01 -1.912168429999999830e+01 -1.911979709999999955e+01 -1.911792020000000036e+01 -1.911605339999999842e+01 -1.911419670000000082e+01 -1.911235020000000162e+01 -1.911051360000000088e+01 -1.910868699999999976e+01 -1.910687019999999947e+01 -1.910506330000000119e+01 -1.910326620000000020e+01 -1.910147870000000125e+01 -1.909970089999999843e+01 -1.909793270000000120e+01 -1.909617409999999893e+01 -1.909442489999999992e+01 -1.909268510000000063e+01 -1.909095470000000105e+01 -1.908923370000000119e+01 -1.908752180000000109e+01
-2.027479800000000054e+01 -2.027328809999999848e+01 -2.027178629999999870e+01 -2.027029260000000122e+01 -2.026880699999999891e+01 -2.026732940000000127e+01 -2.026585980000000120e+01 -2.026439810000000108e+01 -2.026294430000000091e+01 -2.026149849999999830e+01 -2.026006040000000041e+01 -2.025863030000000009e+01 -2.025720790000000093e+01 -2.025579330000000056e+01 -2.025438640000000134e+01 -2.025298719999999975e+01 -2.025159569999999931e+01 -2.025021190000000004e+01 -2.024883559999999960e+01 -2.024746700000000033e+01 -2.024610600000000105e+01 -2.024475250000000059e+01 -2.024340649999999897e+01 -2.024206799999999973e+01 -2.024073699999999931e+01 -2.023941350000000128e+01 -2.023809740000000090e+01 -2.023678870000000174e+01 -2.023548740000000024e+01 -2.023419339999999877e+01 -2.023290679999999853e+01 -2.023162749999999832e+01 -2.023035550000000171e+01 -2.022909080000000159e+01 -2.022783340000000152e+01 -2.022658320000000032e+01 -2.022534020000000154e+01 -2.022410449999999926e+01 -2.022287589999999824e+01 -2.022165449999999964e+01 -2.022044029999999992e+01 -2.021923320000000146e+01 -2.021803320000000070e+01 -2.021684030000000121e+01 -2.021565460000000058e+01 -2.021447579999999888e+01 -2.021330419999999961e+01 -2.021213960000000043e+01 -2.021098200000000134e+01 -2.020983139999999878e+01
-2.192474999999999952e+01 -2.192220149999999990e+01 -2.191966659999999933e+01 -2.191714530000000138e+01 -2.191463759999999894e+01 -2.191214340000000149e+01 -2.190966260000000077e+01 -2.190719509999999914e+01 -2.190474100000000135e+01 -2.190230019999999911e+01 -2.189987259999999836e+01 -2.189745810000000148e+01 -2.189505670000000137e+01 -2.189266840000000158e+01 -2.189029299999999978e+01 -2.188793060000000068e+01 -2.188558099999999840e+01 -2.188324409999999887e+01 -2.188091999999999970e+01 -2.187860859999999974e+01 -2.187630980000000136e+01 -2.187402349999999984e+01 -2.187174969999999874e+01 -2.186948830000000044e+01 -2.186723930000000138e+01 -2.186500249999999923e+01 -2.186277790000000110e+01 -2.186056549999999987e+01 -2.185836520000000149e+01 -2.185617690000000124e+01 -2.185400059999999911e+01 -2.185183609999999987e+01 -2.184968350000000115e+01 -2.184754260000000059e+01 -2.184541340000000176e+01 -2.184329579999999993e+01 -2.184118979999999866e+01 -2.183909530000000032e+01 -2.183701220000000021e+01 -2.183494049999999831e+01 -2.183287999999999940e+01 -2.183083080000000109e+01 -2.182879279999999866e+01 -2.182676580000000044e+01 -2.182474990000000048e+01 -2.182274500000000117e+01 -2.182075090000000017e+01 -2.181876769999999865e+01 -2.181679529999999900e+01 -2.181483360000000005e+01
-2.297763120000000114e+01 -2.297591859999999997e+01 -2.297421519999999973e+01 -2.297252119999999920e+01 -2.297083639999999960e+01 -2.296916080000000093e+01 -2.296749439999999964e+01 -2.296583710000000167e+01 -2.296418889999999990e+01 -2.296254980000000145e+01 -2.296091960000000043e+01 -2.295929840000000155e+01 -2.295768620000000126e+01 -2.295608289999999840e+01 -2.295448839999999890e+01 -2.295290269999999921e+01 -2.295132590000000050e+01 -2.294975780000000043e+01 -2.294819839999999900e+01 -2.294664769999999976e+01 -2.294510569999999916e+01 -2.294357229999999959e+01 -2.294204759999999865e+01 -2.294053129999999996e+01 -2.293902369999999991e+01 -2.293752449999999854e+01 -2.293603380000000058e+01 -2.293455159999999893e+01 -2.293307779999999951e+01 -2.293161239999999879e+01 -2.293015540000000030e+01 -2.292870669999999933e+01 -2.292726629999999943e+01 -2.292583430000000178e+01 -2.292441050000000047e+01 -2.292299489999999906e+01 -2.292158759999999873e+01 -2.292018849999999830e+01 -2.291879750000000016e+01 -2.291741469999999836e+01 -2.291604010000000002e+01 -2.291467349999999925e+01 -2.291331509999999838e+01 -2.291196469999999863e+01 -2.291062230000000000e+01 -2.290928800000000010e+01 -2.290796170000000131e+01 -2.290664340000000010e+01 -2.290533299999999883e+01 -2.290403059999999869e+01
-2.466548549999999906e+01 -2.466260649999999899e+01 -2.465974280000000007e+01 -2.465689449999999994e+01 -2.465406129999999862e+01 -2.465124339999999847e+01 -2.464844060000000070e+01 -2.464565290000000175e+01 -2.464288020000000046e+01 -2.464012239999999920e+01 -2.463737950000000154e+01 -2.463465150000000037e+01 -2.463193830000000162e+01 -2.462923980000000057e+01 -2.462655589999999961e+01 -2.462388659999999874e+01 -2.462123180000000033e+01 -2.461859150000000085e+01 -2.461596550000000150e+01 -2.461335389999999990e+01 -2.461075659999999843e+01 -2.460817339999999831e+01 -2.460560440000000071e+01 -2.460304939999999974e+01 -2.460050839999999894e+01 -2.459798130000000072e+01 -2.459546800000000033e+01 -2.459296859999999896e+01 -2.459048280000000020e+01 -2.458801070000000166e+01 -2.458555210000000102e+01 -2.458310699999999827e+01 -2.458067529999999934e+01 -2.457825700000000069e+01 -2.457585200000000114e+01 -2.457346009999999836e+01 -2.457108140000000063e+01 -2.456871579999999966e+01 -2.456636310000000023e+01 -2.456402339999999995e+01 -2.456169650000000004e+01 -2.455938240000000050e+01 -2.455708100000000016e+01 -2.455479229999999902e+01 -2.455251600000000067e+01 -2.455025230000000036e+01 -2.454800099999999929e+01 -2.454576210000000103e+01 -2.454353539999999967e+01 -2.454132099999999994e+01
-2.567898729999999929e+01 -2.567706989999999934e+01 -2.567516300000000129e+01 -2.567326669999999922e+01 -2.567138089999999906e+01 -2.566950549999999964e+01 -2.566764050000000097e+01 -2.566578579999999832e+01 -2.566394149999999996e+01 -2.566210729999999884e+01 -2.566028340000000085e+01 -2.565846960000000010e+01 -2.565666590000000014e+01 -2.565487230000000096e+01 -2.565308870000000141e+01 -2.565131510000000148e+01 -2.564955150000000117e+01 -2.564779770000000170e+01 -2.564605380000000068e+01 -2.564431970000000049e+01 -2.564259540000000115e+01 -2.564088089999999909e+01 -2.563917599999999908e+01 -2.563748079999999874e+01 -2.563579530000000162e+01 -2.563411929999999828e+01 -2.563245300000000171e+01 -2.563079610000000130e+01 -2.562914869999999823e+01 -2.562751079999999959e+01 -2.562588239999999828e+01 -2.562426329999999908e+01 -2.562265359999999959e+01 -2.562105319999999864e+01 -2.561946209999999979e+01 -2.561788040000000066e+01 -2.561630780000000129e+01 -2.561474450000000047e+01 -2.561319029999999941e+01 -2.561164529999999928e+01 -2.561010950000000008e+01 -2.560858269999999948e+01 -2.560706509999999980e+01 -2.560555640000000110e+01 -2.560405679999999862e+01 -2.560256619999999828e+01 -2.560108460000000008e+01 -2.559961200000000048e+01 -2.559814820000000068e+01 -2.559669339999999949e+01
-2.740599920000000012e+01 -2.740278560000000141e+01 -2.739958899999999886e+01 -2.739640939999999958e+01 -2.739324669999999884e+01 -2.739010090000000019e+01 -2.738697189999999893e+01 -2.738385969999999858e+01 -2.738076410000000038e+01 -2.737768519999999839e+01 -2.737462289999999854e+01 -2.737157699999999849e+01 -2.736854759999999942e+01 -2.736553460000000015e+01 -2.736253789999999952e+01 -2.735955750000000108e+01 -2.735659319999999894e+01 -2.735364510000000138e+01 -2.735071299999999894e+01 -2.734779689999999874e+01 -2.734489669999999961e+01 -2.734201230000000038e+01 -2.733914370000000105e+01 -2.733629080000000044e+01 -2.733345359999999857e+01 -2.733063190000000020e+01 -2.732782560000000061e+01 -2.732503480000000096e+01 -2.732225929999999892e+01 -2.731949910000000159e+01 -2.731675399999999954e+01 -2.731402410000000103e+01 -2.731130920000000017e+01 -2.730860930000000053e+01 -2.730592419999999976e+01 -2.730325399999999902e+01 -2.730059849999999955e+01 -2.729795760000000016e+01 -2.729533139999999847e+01 -2.729271960000000163e+01 -2.729012219999999900e+01 -2.728753929999999883e+01 -2.728497050000000002e+01 -2.728241600000000133e+01 -2.727987560000000045e+01 -2.727734930000000091e+01 -2.727483690000000038e+01 -2.727233839999999887e+01 -2.726985369999999875e+01 -2.726738280000000003e+01
-2.837930070000000171e+01 -2.837717590000000101e+01 -2.837506289999999964e+01 -2.837296170000000117e+01 -2.837087229999999849e+01 -2.836879460000000108e+01 -2.836672850000000068e+01 -2.836467400000000083e+01 -2.836263100000000037e+01 -2.836059949999999930e+01 -2.835857950000000116e+01 -2.835657080000000008e+01 -2.835457339999999959e+01 -2.835258729999999971e+01 -2.835061239999999927e+01 -2.834864860000000064e+01 -2.834669600000000145e+01 -2.834475450000000052e+01 -2.834282400000000024e+01 -2.834090450000000061e+01 -2.833899590000000046e+01 -2.833709819999999979e+01 -2.833521139999999860e+01 -2.833333530000000167e+01 -2.833146999999999949e+01 -2.832961549999999917e+01 -2.832777159999999839e+01 -2.832593830000000068e+01 -2.832411559999999895e+01 -2.832230350000000030e+01 -2.832050190000000001e+01 -2.831871080000000163e+01 -2.831693020000000161e+01 -2.831515990000000116e+01 -2.831340000000000146e+01 -2.831165040000000133e+01 -2.830991110000000077e+01 -2.830818209999999979e+01 -2.830646330000000077e+01 -2.830475470000000016e+01 -2.830305630000000150e+01 -2.830136800000000008e+01 -2.829968979999999945e+01 -2.829802159999999844e+01 -2.829636349999999823e+01 -2.829471530000000001e+01 -2.829307719999999904e+01 -2.829144900000000007e+01 -2.828983069999999955e+01 -2.828822219999999987e+01
-3.014552899999999980e+01 -3.014197739999999825e+01 -3.013844440000000091e+01 -3.013493009999999828e+01 -3.013143439999999984e+01 -3.012795709999999971e+01 -3.012449840000000023e+01 -3.012105800000000144e+01 -3.011763600000000096e+01 -3.011423230000000117e+01 -3.011084680000000091e+01 -3.010747950000000017e+01 -3.010413030000000134e+01 -3.010079909999999970e+01 -3.009748580000000118e+01 -3.009419049999999984e+01 -3.009091300000000047e+01 -3.008765319999999832e+01 -3.008441120000000168e+01 -3.008118669999999995e+01 -3.007797989999999899e+01 -3.007479049999999887e+01 -3.007161849999999959e+01 -3.006846379999999996e+01 -3.006532650000000118e+01 -3.006220629999999971e+01 -3.005910319999999913e+01 -3.005601709999999827e+01 -3.005294809999999828e+01 -3.004989589999999922e+01 -3.004686050000000108e+01 -3.004384179999999915e+01 -3.004083980000000054e+01 -3.003785440000000051e+01 -3.003488550000000146e+01 -3.003193290000000104e+01 -3.002899680000000160e+01 -3.002607679999999846e+01 -3.002317310000000106e+01 -3.002028539999999879e+01 -3.001741379999999992e+01 -3.001455809999999857e+01 -3.001171829999999829e+01 -3.000889420000000030e+01 -3.000608589999999865e+01 -3.000329310000000049e+01 -3.000051589999999990e+01 -2.999775410000000164e+01 -2.999500779999999978e+01 -2.999227670000000145e+01
2.702775279999999825e+01 2.702582669999999965e+01 2.702391150000000053e+01 2.702200699999999856e+01 2.702011320000000083e+01 2.701823020000000142e+01 2.701635770000000036e+01 2.701449590000000001e+01 2.701264460000000156e+01 2.701080380000000147e+01 2.700897349999999975e+01 2.700715359999999876e+01 2.700534400000000090e+01 2.700354480000000024e+01 2.700175589999999914e+01 2.699997730000000118e+01 2.699820880000000045e+01 2.699645059999999930e+01 2.699470249999999893e+01 2.699296449999999936e+01 2.699123649999999941e+01 2.698951860000000025e+01 2.698781070000000071e+01 2.698611280000000079e+01 2.698442479999999932e+01 2.698274669999999986e+01 2.698107840000000124e+01 2.697942000000000107e+01 2.697777130000000056e+01 2.697613249999999852e+01 2.697450329999999852e+01 2.697288389999999936e+01 2.697127419999999987e+01 2.696967409999999887e+01 2.696808359999999993e+01 2.696650269999999949e+01 2.696493140000000110e+01 2.696336960000000005e+01 2.696181729999999988e+01 2.696027450000000059e+01 2.695874110000000101e+01 2.695721719999999877e+01 2.695570269999999979e+01 2.695419749999999937e+01 2.695270179999999982e+01 2.695121530000000121e+01 2.694973819999999876e+01 2.694827030000000079e+01 2.694681170000000137e+01 2.694536240000000049e+01
2.885099840000000171e+01 2.884747360000000072e+01 2.884396699999999925e+01 2.884047860000000085e+01 2.883700830000000082e+01 2.883355600000000152e+01 2.883012180000000058e+01 2.882670549999999920e+01 2.882330719999999857e+01 2.881992680000000107e+01 2.881656410000000079e+01 2.881321930000000009e+01 2.880989220000000017e+01 2.880658269999999987e+01 2.880329079999999919e+01 2.880001650000000168e+01 2.879675969999999907e+01 2.879352030000000084e+01 2.879029829999999990e+01 2.878709359999999862e+01 2.878390620000000055e+01 2.878073589999999982e+01 2.877758280000000113e+01 2.877444669999999860e+01 2.877132770000000050e+01 2.876822549999999978e+01 2.876514020000000116e+01 2.876207180000000108e+01 2.875901999999999958e+01 2.875598490000000140e+01 2.875296639999999826e+01 2.874996439999999964e+01 2.874697889999999845e+01 2.874400969999999944e+01 2.874105690000000024e+01 2.873812020000000089e+01 2.873519969999999901e+01 2.873229530000000054e+01 2.872940699999999836e+01 2.872653449999999964e+01 2.872367789999999843e+01 2.872083710000000067e+01 2.871801200000000165e+01 2.871520250000000019e+01 2.871240849999999867e+01 2.870963009999999827e+01 2.870686699999999902e+01 2.870411929999999856e+01 2.870138680000000164e+01 2.869866950000000116e+01
2.433057330000000107e+01 2.432884340000000023e+01 2.432712310000000144e+01 2.432541240000000116e+01 2.432371129999999937e+01 2.432201969999999847e+01 2.432033750000000083e+01 2.431866469999999936e+01 2.431700139999999877e+01 2.431534740000000028e+01 2.431370270000000033e+01 2.431206720000000132e+01 2.431044109999999847e+01 2.430882409999999894e+01 2.430721630000000033e+01 2.430561760000000149e+01 2.430402810000000002e+01 2.430244760000000070e+01 2.430087620000000115e+01 2.429931380000000019e+01 2.429776040000000137e+01 2.429621589999999998e+01 2.429468040000000073e+01 2.429315379999999891e+01 2.429163600000000045e+01 2.429012709999999942e+01 2.428862700000000174e+01 2.428713559999999916e+01 2.428565310000000110e+01 2.428417930000000169e+01 2.428271409999999975e+01 2.428125770000000117e+01 2.427980990000000006e+01 2.427837080000000114e+01 2.427694029999999970e+01 2.427551839999999927e+01 2.427410499999999871e+01 2.427270019999999917e+01 2.427130389999999949e+01 2.426991609999999966e+01 2.426853679999999969e+01 2.426716599999999957e+01 2.426580360000000169e+01 2.426444959999999895e+01 2.426310399999999845e+01 2.426176680000000019e+01 2.426043789999999944e+01 2.425911740000000094e+01 2.425780519999999996e+01 2.425650130000000004e+01
2.610680310000000048e+01 2.610362830000000045e+01 2.610047000000000139e+01 2.609732830000000092e+01 2.609420310000000143e+01 2.609109430000000174e+01 2.608800199999999947e+01 2.608492590000000177e+01 2.608186620000000033e+01 2.607882269999999991e+01 2.607579540000000051e+01 2.607278420000000096e+01 2.606978910000000127e+01 2.606681000000000026e+01 2.606384690000000148e+01 2.606089980000000139e+01 2.605796840000000003e+01 2.605505289999999974e+01 2.605215310000000173e+01 2.604926899999999890e+01 2.604640050000000073e+01 2.604354760000000013e+01 2.604071009999999831e+01 2.603788809999999998e+01 2.603508139999999926e+01 2.603228999999999971e+01 2.602951380000000015e+01 2.602675280000000058e+01 2.602400689999999983e+01 2.602127600000000029e+01 2.601856009999999841e+01 2.601585910000000013e+01 2.601317279999999954e+01 2.601050139999999899e+01 2.600784459999999854e+01 2.600520240000000172e+01 2.600257470000000026e+01 2.599996150000000128e+01 2.599736270000000005e+01 2.599477819999999895e+01 2.599220790000000036e+01 2.598965180000000075e+01 2.598710979999999893e+01 2.598458180000000084e+01 2.598206779999999938e+01 2.597956770000000049e+01 2.597708129999999827e+01 2.597460870000000099e+01 2.597214980000000040e+01 2.596970440000000124e+01
2.163213909999999984e+01 2.163060330000000064e+01 2.162907600000000130e+01 2.162755710000000064e+01 2.162604650000000106e+01 2.162454430000000016e+01 2.162305050000000151e+01 2.162156489999999920e+01 2.162008760000000152e+01 2.161861850000000018e+01 2.161715750000000114e+01 2.161570479999999961e+01 2.161426020000000037e+01 2.161282369999999986e+01 2.161139530000000164e+01 2.160997490000000099e+01 2.160856259999999907e+01 2.160715829999999826e+01 2.160576190000000096e+01 2.160437359999999885e+01 2.160299309999999906e+01 2.160162049999999923e+01 2.160025590000000051e+01 2.159889899999999940e+01 2.159755009999999942e+01 2.159620890000000060e+01 2.159487550000000056e+01 2.159354989999999930e+01 2.159223199999999920e+01 2.159092190000000144e+01 2.158961950000000130e+01 2.158832479999999876e+01 2.158703769999999977e+01 2.158575829999999840e+01 2.158448650000000058e+01 2.158322240000000036e+01 2.158196579999999898e+01 2.158071680000000114e+01 2.157947539999999975e+01 2.157824150000000074e+01 2.157701510000000056e+01 2.157579630000000037e+01 2.157458490000000140e+01 2.157338100000000125e+01 2.157218459999999993e+01 2.157099559999999983e+01 2.156981409999999855e+01 2.156863999999999848e+01 2.156747319999999846e+01 2.156631390000000081e+01
2.336165850000000077e+01 2.335883000000000109e+01 2.335601630000000029e+01 2.335321749999999952e+01 2.335043350000000117e+01 2.334766420000000053e+01 2.334490969999999876e+01 2.334216980000000063e+01 2.333944449999999904e+01 2.333673380000000108e+01 2.333403750000000088e+01 2.333135580000000076e+01 2.332868840000000077e+01 2.332603539999999853e+01 2.332339669999999998e+01 2.332077220000000040e+01 2.331816179999999861e+01 2.331556559999999934e+01 2.331298350000000141e+01 2.331041540000000012e+01 2.330786120000000139e+01 2.330532090000000167e+01 2.330279439999999980e+01 2.330028169999999932e+01 2.329778269999999907e+01 2.329529730000000143e+01 2.329282549999999929e+01 2.329036719999999860e+01 2.328792230000000174e+01 2.328549089999999921e+01 2.328307270000000173e+01 2.328066779999999980e+01 2.327827600000000174e+01 2.327589740000000162e+01 2.327353180000000066e+01 2.327117919999999884e+01 2.326883949999999857e+01 2.326651259999999866e+01 2.326419849999999911e+01 2.326189709999999877e+01 2.325960840000000118e+01 2.325733220000000046e+01 2.325506850000000014e+01 2.325281730000000024e+01 2.325057839999999842e+01 2.324835179999999824e+01 2.324613749999999968e+01 2.324393519999999924e+01 2.324174509999999927e+01 2.323956700000000097e+01
1.893206969999999956e+01 1.893072629999999990e+01 1.892939020000000028e+01 1.892806140000000070e+01 1.892673990000000117e+01 1.892542560000000051e+01 1.892411849999999873e+01 1.892281850000000176e+01 1.892152570000000011e+01 1.892024010000000089e+01 1.891896150000000176e+01 1.891769010000000151e+01 1.891642560000000017e+01 1.891516830000000127e+01 1.891391790000000128e+01 1.891267450000000139e+01 1.891143810000000158e+01 1.891020869999999832e+01 1.890898620000000108e+01 1.890777059999999921e+01 1.890656189999999981e+01 1.890536000000000172e+01 1.890416510000000017e+01 1.890297689999999875e+01 1.890179559999999981e+01 1.890062109999999862e+01 1.889945339999999874e+01 1.889829239999999899e+01 1.889713830000000172e+01 1.889599079999999987e+01 1.889485009999999932e+01 1.889371609999999890e+01 1.889258879999999863e+01 1.889146810000000087e+01 1.889035409999999970e+01 1.888924679999999867e+01 1.888814610000000016e+01 1.888705209999999823e+01 1.888596469999999883e+01 1.888488380000000078e+01 1.888380959999999931e+01 1.888274189999999919e+01 1.888168070000000043e+01 1.888062619999999825e+01 1.887957809999999981e+01 1.887853660000000033e+01 1.887750159999999866e+01 1.887647309999999834e+01 1.887545109999999937e+01 1.887443550000000059e+01
2.061616619999999855e+01 2.061368050000000096e+01 2.061120790000000014e+01 2.060874839999999963e+01 2.060630199999999945e+01 2.060386869999999959e+01 2.060144830000000127e+01 2.059904089999999854e+01 2.059664640000000091e+01 2.059426470000000009e+01 2.059189590000000081e+01 2.058953969999999956e+01 2.058719629999999867e+01 2.058486549999999937e+01 2.058254730000000166e+01 2.058024169999999842e+01 2.057794850000000153e+01 2.057566780000000151e+01 2.057339939999999956e+01 2.057114340000000041e+01 2.056889960000000173e+01 2.056666799999999995e+01 2.056444859999999863e+01 2.056224130000000017e+01 2.056004599999999982e+01 2.055786270000000115e+01 2.055569119999999828e+01 2.055353170000000063e+01 2.055138390000000115e+01 2.054924790000000101e+01 2.054712350000000143e+01 2.054501080000000002e+01 2.054290960000000155e+01 2.054081980000000129e+01 2.053874150000000043e+01 2.053667460000000133e+01 2.053461899999999929e+01 2.053257449999999906e+01 2.053054129999999944e+01 2.052851920000000163e+01 2.052650810000000092e+01 2.052450800000000086e+01 2.052251880000000028e+01 2.052054049999999918e+01 2.051857299999999995e+01 2.051661620000000141e+01 2.051467010000000002e+01 2.051273460000000171e+01 2.051080960000000175e+01 2.050889510000000016e+01
1.623113760000000028e+01 1.622998589999999908e+01 1.622884030000000166e+01 1.622770089999999854e+01 1.622656770000000037e+01 1.622544070000000005e+01 1.622431969999999879e+01 1.622320489999999893e+01 1.622209610000000168e+01 1.622099340000000112e+01 1.621989669999999961e+01 1.621880600000000072e+01 1.621772139999999851e+01 1.621664270000000130e+01 1.621556999999999960e+01 1.621450330000000051e+01 1.621344249999999931e+01 1.621238759999999957e+01 1.621133860000000126e+01 1.621029559999999847e+01 1.620925839999999951e+01 1.620822709999999844e+01 1.620720160000000121e+01 1.620618199999999831e+01 1.620516819999999925e+01 1.620416020000000046e+01 1.620315799999999840e+01 1.620216170000000133e+01 1.620117099999999866e+01 1.620018620000000098e+01 1.619920709999999886e+01 1.619823380000000057e+01 1.619726620000000139e+01 1.619630430000000132e+01 1.619534810000000036e+01 1.619439759999999850e+01 1.619345290000000048e+01 1.619251380000000040e+01 1.619158029999999826e+01 1.619065259999999995e+01 1.618973049999999958e+01 1.618881400000000070e+01 1.618790320000000094e+01 1.618699799999999911e+01 1.618609839999999878e+01 1.618520439999999994e+01 1.618431610000000020e+01 1.618343330000000080e+01 1.618255609999999933e+01 1.618168449999999936e+01
1.787009270000000072e+01 1.786794649999999862e+01 1.786581179999999947e+01 1.786368840000000091e+01 1.786157640000000058e+01 1.785947570000000084e+01 1.785738620000000054e+01 1.785530800000000085e+01 1.785324089999999941e+01 1.785118489999999980e+01 1.784913999999999845e+01 1.784710619999999892e+01 1.784508329999999887e+01 1.784307139999999947e+01 1.784107029999999838e+01 1.783908020000000150e+01 1.783710070000000059e+01 1.783513209999999916e+01 1.783317410000000081e+01 1.783122679999999960e+01 1.782929000000000030e+01 1.782736380000000054e+01 1.782544800000000151e+01 1.782354270000000085e+01 1.782164780000000093e+01 1.781976309999999941e+01 1.781788879999999864e+01 1.781602459999999866e+01 1.781417060000000063e+01 1.781232669999999985e+01 1.781049279999999868e+01 1.780866899999999831e+01 1.780685499999999877e+01 1.780505099999999885e+01 1.780325669999999860e+01 1.780147219999999919e+01 1.779969750000000062e+01 1.779793229999999937e+01 1.779617680000000135e+01 1.779443080000000066e+01 1.779269430000000085e+01 1.779096720000000076e+01 1.778924950000000038e+01 1.778754109999999855e+01 1.778584190000000120e+01 1.778415199999999885e+01 1.778247119999999981e+01 1.778079939999999937e+01 1.777913669999999868e+01 1.777748300000000015e+01
1.352945730000000069e+01 1.352849699999999977e+01 1.352754179999999984e+01 1.352659180000000028e+01 1.352564680000000052e+01 1.352470689999999998e+01 1.352377210000000041e+01 1.352284230000000065e+01 1.352191750000000070e+01 1.352099779999999996e+01 1.352008299999999963e+01 1.351917330000000028e+01 1.351826849999999958e+01 1.351736859999999929e+01 1.351647379999999998e+01 1.351558379999999993e+01 1.351469879999999968e+01 1.351381869999999985e+01 1.351294350000000044e+01 1.351207330000000084e+01 1.351120779999999932e+01 1.351034729999999939e+01 1.350949160000000049e+01 1.350864080000000023e+01 1.350779479999999921e+01 1.350695370000000040e+01 1.350611740000000083e+01 1.350528590000000051e+01 1.350445919999999944e+01 1.350363729999999940e+01 1.350282029999999978e+01 1.350200800000000001e+01 1.350120040000000010e+01 1.350039770000000061e+01 1.349959969999999920e+01 1.349880650000000060e+01 1.349801800000000007e+01 1.349723430000000057e+01 1.349645529999999916e+01 1.349568099999999937e+01 1.349491150000000061e+01 1.349414669999999994e+01 1.349338649999999973e+01 1.349263110000000054e+01 1.349188039999999944e+01 1.349113439999999997e+01 1.349039310000000036e+01 1.348965639999999944e+01 1.348892440000000015e+01 1.348819710000000072e+01
1.512382039999999961e+01 1.512201050000000002e+01 1.512021020000000071e+01 1.511841959999999929e+01 1.511663859999999993e+01 1.511486709999999967e+01 1.511310510000000029e+01 1.511135260000000002e+01 1.510960960000000064e+01 1.510787589999999980e+01 1.510615160000000046e+01 1.510443670000000083e+01 1.510273100000000035e+01 1.510103450000000080e+01 1.509934720000000041e+01 1.509766899999999978e+01 1.509600000000000009e+01 1.509434000000000076e+01 1.509268900000000002e+01 1.509104690000000026e+01 1.508941380000000088e+01 1.508778949999999952e+01 1.508617409999999914e+01 1.508456750000000035e+01 1.508296950000000081e+01 1.508138029999999929e+01 1.507979970000000058e+01 1.507822759999999995e+01 1.507666410000000035e+01 1.507510910000000059e+01 1.507356249999999953e+01 1.507202440000000010e+01 1.507049450000000057e+01 1.506897290000000034e+01 1.506745959999999940e+01 1.506595450000000014e+01 1.506445749999999961e+01 1.506296859999999960e+01 1.506148780000000009e+01 1.506001490000000054e+01 1.505855000000000032e+01 1.505709300000000006e+01 1.505564380000000035e+01 1.505420250000000060e+01 1.505276890000000023e+01 1.505134289999999986e+01 1.504992470000000004e+01 1.504851400000000083e+01 1.504711089999999984e+01 1.504571540000000063e+01
1.082718039999999959e+01 1.082641169999999953e+01 1.082564709999999941e+01 1.082488659999999925e+01 1.082413009999999964e+01 1.082337760000000060e+01 1.082262919999999973e+01 1.082188479999999942e+01 1.082114439999999966e+01 1.082040789999999930e+01 1.081967550000000067e+01 1.081894699999999965e+01 1.081822249999999919e+01 1.081750189999999989e+01 1.081678529999999938e+01 1.081607260000000004e+01 1.081536380000000008e+01 1.081465900000000069e+01 1.081395810000000068e+01 1.081326110000000007e+01 1.081256789999999945e+01 1.081187869999999940e+01 1.081119340000000051e+01 1.081051189999999984e+01 1.080983430000000034e+01 1.080916060000000023e+01 1.080849070000000012e+01 1.080782469999999940e+01 1.080716250000000045e+01 1.080650419999999912e+01 1.080584969999999956e+01 1.080519900000000000e+01 1.080455219999999983e+01 1.080390919999999966e+01 1.080326999999999948e+01 1.080263459999999931e+01 1.080200299999999913e+01 1.080137530000000012e+01 1.080075129999999994e+01 1.080013109999999976e+01 1.079951480000000075e+01 1.079890220000000056e+01 1.079829340000000037e+01 1.079768830000000079e+01 1.079708710000000060e+01 1.079648959999999924e+01 1.079589580000000026e+01 1.079530590000000068e+01 1.079471969999999992e+01 1.079413719999999977e+01
1.237699809999999978e+01 1.237552170000000018e+01 1.237405329999999992e+01 1.237259270000000022e+01 1.237114000000000047e+01 1.236969509999999950e+01 1.236825800000000086e+01 1.236682859999999984e+01 1.236540689999999998e+01 1.236399300000000068e+01 1.236258660000000020e+01 1.236118779999999973e+01 1.235979670000000041e+01 1.235841300000000054e+01 1.235703679999999949e+01 1.235566810000000082e+01 1.235430679999999981e+01 1.235295290000000001e+01 1.235160639999999965e+01 1.235026709999999994e+01 1.234893510000000028e+01 1.234761029999999948e+01 1.234629269999999934e+01 1.234498220000000046e+01 1.234367890000000045e+01 1.234238260000000054e+01 1.234109330000000071e+01 1.233981099999999920e+01 1.233853569999999955e+01 1.233726719999999943e+01 1.233600560000000002e+01 1.233475080000000013e+01 1.233350279999999977e+01 1.233226149999999954e+01 1.233102689999999946e+01 1.232979899999999951e+01 1.232857770000000031e+01 1.232736290000000068e+01 1.232615470000000002e+01 1.232495289999999954e+01 1.232375760000000042e+01 1.232256869999999971e+01 1.232138619999999918e+01 1.232020990000000005e+01 1.231903999999999932e+01 1.231787630000000000e+01 1.231671880000000030e+01 1.231556750000000022e+01 1.231442230000000038e+01 1.231328309999999959e+01
8.124415649999999545e+00 8.123838980000000376e+00 8.123265359999999546e+00 8.122694759999999903e+00 8.122127179999999669e+00 8.121562620000000621e+00 8.121001050000000276e+00 8.120442490000000291e+00 8.119886909999999958e+00 8.119334309999999277e+00 8.118784690000000026e+00 8.118238039999999600e+00 8.117694350000000725e+00 8.117153619999999847e+00 8.116615839999999693e+00 8.116080999999999435e+00 8.115549109999999899e+00 8.115020149999999433e+00 8.114494110000000759e+00 8.113971010000000206e+00 8.113450820000000618e+00 8.112933549999999272e+00 8.112419190000000668e+00 8.111907739999999478e+00 8.111399190000000203e+00 8.110893539999999291e+00 8.110390779999999467e+00 8.109890919999999781e+00 8.109393949999999407e+00 8.108899859999999293e+00 8.108408649999999440e+00 8.107920319999999847e+00 8.107434870000000515e+00 8.106952290000000616e+00 8.106472580000000150e+00 8.105995730000000066e+00 8.105521749999999415e+00 8.105050629999999146e+00 8.104582369999999258e+00 8.104116960000000702e+00 8.103654399999999924e+00 8.103194699999999528e+00 8.102737839999999636e+00 8.102283829999999298e+00 8.101832659999999464e+00 8.101384330000000134e+00 8.100938839999999530e+00 8.100496180000000379e+00 8.100056349999999128e+00 8.099619349999999329e+00
9.629959680000000688e+00 9.628814430000000257e+00 9.627675339999999693e+00 9.626542360000000187e+00 9.625415479999999135e+00 9.624294669999999385e+00 9.623179909999999282e+00 9.622071150000000017e+00 9.620968389999999815e+00 9.619871579999999867e+00 9.618780700000000294e+00 9.617695720000000392e+00 9.616616620000000282e+00 9.615543360000000206e+00 9.614475900000000408e+00 9.613414240000000888e+00 9.612358320000000234e+00 9.611308120000000343e+00 9.610263610000000511e+00 9.609224760000000032e+00 9.608191539999999975e+00 9.607163910000000584e+00 9.606141839999999377e+00 9.605125299999999200e+00 9.604114270000000175e+00 9.603108689999999115e+00 9.602108550000000520e+00 9.601113820000000132e+00 9.600124440000000092e+00 9.599140410000000401e+00 9.598161669999999646e+00 9.597188210000000552e+00 9.596219980000000760e+00 9.595256960000000390e+00 9.594299100000000635e+00 9.593346379999999840e+00 9.592398770000000852e+00 9.591456230000000360e+00 9.590518729999999437e+00 9.589586239999999151e+00 9.588658719999999747e+00 9.587736140000000518e+00 9.586818470000000758e+00 9.585905679999999762e+00 9.584997740000000377e+00 9.584094609999999292e+00 9.583196259999999356e+00 9.582302670000000688e+00 9.581413789999999153e+00 9.580529609999999252e+00
5.421231569999999778e+00 5.420847420000000305e+00 5.420465300000000042e+00 5.420085189999999997e+00 5.419707090000000171e+00 5.419330989999999737e+00 5.418956879999999643e+00 5.418584769999999828e+00 5.418214650000000354e+00 5.417846510000000393e+00 5.417480349999999945e+00 5.417116169999999897e+00 5.416753960000000312e+00 5.416393720000000300e+00 5.416035439999999923e+00 5.415679130000000008e+00 5.415324769999999788e+00 5.414972370000000090e+00 5.414621920000000088e+00 5.414273429999999721e+00 5.413926870000000058e+00 5.413582270000000030e+00 5.413239599999999818e+00 5.412898870000000251e+00 5.412560080000000440e+00 5.412223230000000385e+00 5.411888300000000207e+00 5.411555309999999785e+00 5.411224250000000069e+00 5.410895110000000230e+00 5.410567890000000268e+00 5.410242600000000124e+00 5.409919229999999857e+00 5.409597780000000355e+00 5.409278249999999844e+00 5.408960630000000158e+00 5.408644930000000350e+00 5.408331139999999593e+00 5.408019269999999601e+00 5.407709299999999608e+00 5.407401240000000442e+00 5.407095080000000387e+00 5.406790840000000209e+00 5.406488490000000091e+00 5.406188049999999912e+00 5.405889509999999731e+00 5.405592870000000438e+00 5.405298130000000256e+00 5.405005290000000073e+00 5.404714339999999950e+00
6.882808439999999806e+00 6.881992249999999700e+00 6.881180439999999621e+00 6.880373009999999567e+00 6.879569919999999783e+00 6.878771170000000268e+00 6.877976730000000316e+00 6.877186580000000049e+00 6.876400699999999588e+00 6.875619069999999944e+00 6.874841670000000349e+00 6.874068480000000037e+00 6.873299480000000017e+00 6.872534639999999584e+00 6.871773939999999747e+00 6.871017369999999680e+00 6.870264889999999625e+00 6.869516489999999642e+00 6.868772139999999915e+00 6.868031819999999676e+00 6.867295509999999936e+00 6.866563179999999988e+00 6.865834809999999955e+00 6.865110379999999957e+00 6.864389860000000176e+00 6.863673229999999847e+00 6.862960469999999980e+00 6.862251549999999867e+00 6.861546449999999631e+00 6.860845140000000342e+00 6.860147600000000345e+00 6.859453809999999763e+00 6.858763739999999665e+00 6.858077370000000172e+00 6.857394679999999632e+00 6.856715640000000000e+00 6.856040219999999685e+00 6.855368409999999635e+00 6.854700180000000032e+00 6.854035500000000170e+00 6.853374360000000109e+00 6.852716730000000034e+00 6.852062580000000125e+00 6.851411900000000443e+00 6.850764660000000283e+00 6.850120829999999827e+00 6.849480400000000024e+00 6.848843340000000168e+00 6.848209630000000381e+00 6.847579249999999895e+00
2.718010950000000037e+00 2.717819700000000172e+00 2.717629459999999941e+00 2.717440229999999790e+00 2.717251999999999779e+00 2.717064779999999846e+00 2.716878550000000114e+00 2.716693330000000017e+00 2.716509100000000121e+00 2.716325859999999981e+00 2.716143610000000042e+00 2.715962359999999798e+00 2.715782089999999815e+00 2.715602810000000034e+00 2.715424510000000069e+00 2.715247199999999861e+00 2.715070869999999914e+00 2.714895509999999845e+00 2.714721139999999977e+00 2.714547749999999926e+00 2.714375330000000197e+00 2.714203879999999902e+00 2.714033409999999868e+00 2.713863920000000096e+00 2.713695389999999819e+00 2.713527839999999802e+00 2.713361250000000169e+00 2.713195639999999909e+00 2.713030990000000031e+00 2.712867310000000032e+00 2.712704599999999910e+00 2.712542850000000172e+00 2.712382069999999867e+00 2.712222249999999946e+00 2.712063389999999963e+00 2.711905499999999858e+00 2.711748570000000136e+00 2.711592599999999909e+00 2.711437590000000064e+00 2.711283540000000158e+00 2.711130460000000131e+00 2.710978330000000103e+00 2.710827160000000013e+00 2.710676939999999924e+00 2.710527690000000156e+00 2.710379389999999944e+00 2.710232040000000175e+00 2.710085649999999902e+00 2.709940220000000011e+00 2.709795740000000119e+00
4.135510189999999753e+00 4.135021609999999903e+00 4.134535660000000057e+00 4.134052340000000214e+00 4.133571629999999608e+00 4.133093520000000076e+00 4.132617989999999963e+00 4.132145040000000158e+00 4.131674659999999832e+00 4.131206820000000057e+00 4.130741519999999944e+00 4.130278750000000443e+00 4.129818479999999958e+00 4.129360720000000207e+00 4.128905429999999654e+00 4.128452620000000017e+00 4.128002269999999641e+00 4.127554360000000422e+00 4.127108869999999818e+00 4.126665810000000434e+00 4.126225139999999847e+00 4.125786869999999773e+00 4.125350959999999567e+00 4.124917410000000118e+00 4.124486209999999708e+00 4.124057340000000238e+00 4.123630780000000051e+00 4.123206530000000036e+00 4.122784560000000376e+00 4.122364860000000242e+00 4.121947419999999696e+00 4.121532229999999686e+00 4.121119260000000395e+00 4.120708510000000047e+00 4.120299949999999711e+00 4.119893580000000277e+00 4.119489390000000029e+00 4.119087340000000097e+00 4.118687440000000421e+00 4.118289670000000235e+00 4.117894009999999660e+00 4.117500449999999645e+00 4.117108980000000251e+00 4.116719579999999823e+00 4.116332230000000258e+00 4.115946929999999782e+00 4.115563660000000290e+00 4.115182410000000068e+00 4.114803160000000126e+00 4.114425889999999697e+00
1.441480170000000033e-02 1.441648459999999958e-02 1.441817490000000049e-02 1.441987290000000012e-02 1.442157869999999981e-02 1.442329219999999995e-02 1.442501350000000016e-02 1.442674279999999962e-02 1.442848019999999967e-02 1.443022560000000072e-02 1.443197920000000023e-02 1.443374119999999913e-02 1.443551149999999957e-02 1.443729019999999939e-02 1.443907749999999955e-02 1.444087349999999964e-02 1.444267810000000006e-02 1.444449169999999921e-02 1.444631409999999963e-02 1.444814550000000052e-02 1.444998599999999973e-02 1.445183579999999995e-02 1.445369479999999984e-02 1.445556329999999993e-02 1.445744120000000063e-02 1.445932880000000073e-02 1.446122600000000064e-02 1.446313299999999955e-02 1.446504990000000053e-02 1.446697689999999932e-02 1.446891389999999979e-02 1.447086109999999939e-02 1.447281859999999948e-02 1.447478649999999964e-02 1.447676500000000081e-02 1.447875399999999993e-02 1.448075369999999966e-02 1.448276429999999920e-02 1.448478580000000029e-02 1.448681830000000080e-02 1.448886190000000032e-02 1.449091670000000019e-02 1.449298280000000001e-02 1.449506040000000072e-02 1.449714950000000058e-02 1.449925019999999919e-02 1.450136269999999922e-02 1.450348689999999933e-02 1.450562319999999968e-02 1.450777139999999930e-02
1.388322110000000054e+00 1.388160300000000014e+00 1.387999379999999894e+00 1.387839339999999977e+00 1.387680180000000041e+00 1.387521889999999924e+00 1.387364470000000072e+00 1.387207920000000039e+00 1.387052230000000108e+00 1.386897389999999897e+00 1.386743410000000010e+00 1.386590269999999903e+00 1.386437970000000020e+00 1.386286520000000078e+00 1.386135899999999976e+00 1.385986109999999938e+00 1.385837140000000023e+00 1.385688990000000009e+00 1.385541659999999897e+00 1.385395139999999969e+00 1.385249430000000004e+00 1.385104509999999900e+00 1.384960399999999980e+00 1.384817069999999983e+00 1.384674530000000070e+00 1.384532770000000079e+00 1.384391790000000011e+00 1.384251590000000087e+00 1.384112140000000046e+00 1.383973469999999928e+00 1.383835539999999975e+00 1.383698380000000006e+00 1.383561950000000040e+00 1.383426279999999897e+00 1.383291339999999980e+00 1.383157130000000068e+00 1.383023649999999938e+00 1.382890890000000095e+00 1.382758850000000095e+00 1.382627529999999938e+00 1.382496909999999968e+00 1.382366999999999901e+00 1.382237790000000022e+00 1.382109269999999945e+00 1.381981439999999894e+00 1.381854300000000091e+00 1.381727829999999990e+00 1.381602049999999915e+00 1.381476930000000047e+00 1.381352490000000044e+00
-2.689034540000000195e+00 -2.688839820000000103e+00 -2.688646100000000150e+00 -2.688453369999999953e+00 -2.688261629999999958e+00 -2.688070880000000162e+00 -2.687881110000000184e+00 -2.687692320000000024e+00 -2.687504510000000124e+00 -2.687317689999999981e+00 -2.687131830000000221e+00 -2.686946960000000217e+00 -2.686763050000000153e+00 -2.686580109999999966e+00 -2.686398150000000040e+00 -2.686217140000000114e+00 -2.686037110000000006e+00 -2.685858039999999836e+00 -2.685679930000000049e+00 -2.685502769999999817e+00 -2.685326579999999907e+00 -2.685151349999999937e+00 -2.684977069999999966e+00 -2.684803749999999933e+00 -2.684631379999999901e+00 -2.684459969999999807e+00 -2.684289500000000217e+00 -2.684119990000000122e+00 -2.683951430000000027e+00 -2.683783809999999992e+00 -2.683617139999999957e+00 -2.683451419999999921e+00 -2.683286639999999945e+00 -2.683122809999999969e+00 -2.682959929999999993e+00 -2.682797980000000138e+00 -2.682636979999999838e+00 -2.682476920000000042e+00 -2.682317799999999863e+00 -2.682159620000000189e+00 -2.682002380000000130e+00 -2.681846070000000193e+00 -2.681690709999999811e+00 -2.681536279999999994e+00 -2.681382779999999855e+00 -2.681230220000000219e+00 -2.681078600000000201e+00 -2.680927909999999859e+00 -2.680778150000000082e+00 -2.680629319999999982e+00
-1.359351409999999927e+00 -1.359186760000000049e+00 -1.359022979999999992e+00 -1.358860069999999975e+00 -1.358697999999999961e+00 -1.358536799999999989e+00 -1.358376440000000018e+00 -1.358216920000000050e+00 -1.358058250000000022e+00 -1.357900410000000058e+00 -1.357743410000000095e+00 -1.357587230000000034e+00 -1.357431880000000035e+00 -1.357277349999999938e+00 -1.357123630000000025e+00 -1.356970720000000075e+00 -1.356818620000000086e+00 -1.356667319999999899e+00 -1.356516819999999957e+00 -1.356367099999999937e+00 -1.356218179999999940e+00 -1.356070040000000088e+00 -1.355922669999999997e+00 -1.355776080000000050e+00 -1.355630260000000087e+00 -1.355485199999999946e+00 -1.355340900000000071e+00 -1.355197350000000078e+00 -1.355054549999999969e+00 -1.354912499999999964e+00 -1.354771189999999903e+00 -1.354630610000000068e+00 -1.354490760000000016e+00 -1.354351639999999968e+00 -1.354213230000000046e+00 -1.354075549999999906e+00 -1.353938569999999952e+00 -1.353802299999999903e+00 -1.353666730000000040e+00 -1.353531859999999920e+00 -1.353397680000000047e+00 -1.353264180000000039e+00 -1.353131370000000055e+00 -1.352999239999999936e+00 -1.352867779999999964e+00 -1.352736989999999917e+00 -1.352606860000000077e+00 -1.352477399999999941e+00 -1.352348590000000073e+00 -1.352220430000000029e+00
-5.392330340000000000e+00 -5.391942799999999814e+00 -5.391557249999999968e+00 -5.391173710000000341e+00 -5.390792150000000227e+00 -5.390412579999999565e+00 -5.390035000000000132e+00 -5.389659390000000272e+00 -5.389285749999999986e+00 -5.388914080000000162e+00 -5.388544369999999972e+00 -5.388176620000000305e+00 -5.387810830000000273e+00 -5.387446989999999936e+00 -5.387085090000000243e+00 -5.386725140000000245e+00 -5.386367130000000003e+00 -5.386011060000000406e+00 -5.385656929999999676e+00 -5.385304719999999712e+00 -5.384954439999999565e+00 -5.384606090000000123e+00 -5.384259659999999670e+00 -5.383915149999999983e+00 -5.383572560000000173e+00 -5.383231880000000302e+00 -5.382893120000000309e+00 -5.382556270000000254e+00 -5.382221320000000198e+00 -5.381888280000000080e+00 -5.381557149999999901e+00 -5.381227919999999720e+00 -5.380900590000000427e+00 -5.380575150000000306e+00 -5.380251620000000123e+00 -5.379929980000000000e+00 -5.379610229999999937e+00 -5.379292369999999934e+00 -5.378976399999999991e+00 -5.378662320000000108e+00 -5.378350130000000284e+00 -5.378039819999999693e+00 -5.377731400000000050e+00 -5.377424849999999701e+00 -5.377120190000000299e+00 -5.376817400000000191e+00 -5.376516490000000204e+00 -5.376217450000000397e+00 -5.375920289999999824e+00 -5.375625000000000320e+00
-4.106766859999999575e+00 -4.106275469999999927e+00 -4.105786690000000405e+00 -4.105300520000000120e+00 -4.104816940000000081e+00 -4.104335940000000349e+00 -4.103857510000000097e+00 -4.103381630000000335e+00 -4.102908300000000175e+00 -4.102437499999999737e+00 -4.101969210000000032e+00 -4.101503430000000172e+00 -4.101040140000000278e+00 -4.100579330000000411e+00 -4.100120989999999743e+00 -4.099665100000000173e+00 -4.099211640000000045e+00 -4.098760610000000248e+00 -4.098311990000000016e+00 -4.097865760000000357e+00 -4.097421920000000384e+00 -4.096980450000000218e+00 -4.096541329999999981e+00 -4.096104549999999733e+00 -4.095670100000000424e+00 -4.095237960000000399e+00 -4.094808119999999718e+00 -4.094380560000000280e+00 -4.093955270000000368e+00 -4.093532230000000105e+00 -4.093111430000000439e+00 -4.092692859999999655e+00 -4.092276499999999650e+00 -4.091862329999999659e+00 -4.091450349999999681e+00 -4.091040539999999837e+00 -4.090632870000000310e+00 -4.090227350000000150e+00 -4.089823950000000430e+00 -4.089422670000000259e+00 -4.089023479999999822e+00 -4.088626370000000065e+00 -4.088231330000000163e+00 -4.087838340000000237e+00 -4.087447400000000286e+00 -4.087058479999999605e+00 -4.086671579999999970e+00 -4.086286669999999788e+00 -4.085903759999999885e+00 -4.085522809999999616e+00
-8.095263459999999966e+00 -8.094683549999999173e+00 -8.094106650000000514e+00 -8.093532769999999488e+00 -8.092961880000000718e+00 -8.092393989999999704e+00 -8.091829089999999169e+00 -8.091267170000000064e+00 -8.090708210000000733e+00 -8.090152220000000227e+00 -8.089599189999999496e+00 -8.089049100000000436e+00 -8.088501960000000324e+00 -8.087957760000000107e+00 -8.087416490000000735e+00 -8.086878139999999604e+00 -8.086342719999999318e+00 -8.085810199999999170e+00 -8.085280600000000817e+00 -8.084753900000000826e+00 -8.084230099999999197e+00 -8.083709199999999484e+00 -8.083191180000000031e+00 -8.082676060000000717e+00 -8.082163810000000836e+00 -8.081654439999999440e+00 -8.081147939999999252e+00 -8.080644319999999325e+00 -8.080143559999999781e+00 -8.079645660000000618e+00 -8.079150620000000060e+00 -8.078658439999999885e+00 -8.078169100000000213e+00 -8.077682619999999147e+00 -8.077198980000000361e+00 -8.076718189999999353e+00 -8.076240229999999798e+00 -8.075765110000000746e+00 -8.075292830000000421e+00 -8.074823370000000722e+00 -8.074356740000000698e+00 -8.073892940000000351e+00 -8.073431949999999802e+00 -8.072973790000000704e+00 -8.072518439999999629e+00 -8.072065909999999178e+00 -8.071616190000000302e+00 -8.071169270000000395e+00 -8.070725160000000287e+00 -8.070283849999999148e+00
-6.854039079999999728e+00 -6.853220130000000410e+00 -6.852405540000000350e+00 -6.851595310000000438e+00 -6.850789409999999968e+00 -6.849987819999999950e+00 -6.849190519999999616e+00 -6.848397489999999976e+00 -6.847608710000000265e+00 -6.846824159999999715e+00 -6.846043820000000224e+00 -6.845267670000000138e+00 -6.844495679999999638e+00 -6.843727839999999674e+00 -6.842964120000000428e+00 -6.842204500000000245e+00 -6.841448960000000135e+00 -6.840697480000000219e+00 -6.839950019999999853e+00 -6.839206579999999924e+00 -6.838467129999999727e+00 -6.837731640000000333e+00 -6.837000090000000085e+00 -6.836272459999999995e+00 -6.835548720000000245e+00 -6.834828850000000067e+00 -6.834112829999999583e+00 -6.833400629999999865e+00 -6.832692230000000144e+00 -6.831987599999999716e+00 -6.831286730000000418e+00 -6.830589589999999767e+00 -6.829896149999999722e+00 -6.829206390000000404e+00 -6.828520280000000220e+00 -6.827837810000000118e+00 -6.827158950000000281e+00 -6.826483679999999943e+00 -6.825811960000000234e+00 -6.825143780000000326e+00 -6.824479120000000343e+00 -6.823817949999999577e+00 -6.823160249999999927e+00 -6.822505999999999737e+00 -6.821855160000000140e+00 -6.821207730000000247e+00 -6.820563670000000300e+00 -6.819922970000000362e+00 -6.819285599999999725e+00 -6.818651540000000288e+00
-1.079785610000000062e+01 -1.079708420000000046e+01 -1.079631630000000087e+01 -1.079555249999999944e+01 -1.079479259999999918e+01 -1.079403680000000065e+01 -1.079328499999999913e+01 -1.079253719999999994e+01 -1.079179339999999954e+01 -1.079105350000000030e+01 -1.079031759999999984e+01 -1.078958569999999995e+01 -1.078885769999999944e+01 -1.078813360000000010e+01 -1.078741349999999954e+01 -1.078669720000000076e+01 -1.078598490000000076e+01 -1.078527650000000015e+01 -1.078457189999999954e+01 -1.078387129999999949e+01 -1.078317449999999944e+01 -1.078248160000000055e+01 -1.078179259999999928e+01 -1.078110739999999979e+01 -1.078042600000000029e+01 -1.077974850000000018e+01 -1.077907489999999946e+01 -1.077840499999999935e+01 -1.077773900000000040e+01 -1.077707679999999968e+01 -1.077641850000000012e+01 -1.077576389999999940e+01 -1.077511310000000044e+01 -1.077446620000000088e+01 -1.077382300000000015e+01 -1.077318359999999942e+01 -1.077254800000000046e+01 -1.077191619999999972e+01 -1.077128820000000076e+01 -1.077066390000000062e+01 -1.077004340000000049e+01 -1.076942659999999918e+01 -1.076881359999999965e+01 -1.076820440000000012e+01 -1.076759889999999942e+01 -1.076699709999999932e+01 -1.076639909999999922e+01 -1.076580479999999973e+01 -1.076521430000000024e+01 -1.076462740000000018e+01
-9.600989390000000512e+00 -9.599841599999999531e+00 -9.598699939999999486e+00 -9.597564379999999673e+00 -9.596434889999999385e+00 -9.595311459999999570e+00 -9.594194039999999646e+00 -9.593082620000000560e+00 -9.591977160000000779e+00 -9.590877640000000426e+00 -9.589784039999999621e+00 -9.588696309999999556e+00 -9.587614430000000354e+00 -9.586538380000000359e+00 -9.585468119999999814e+00 -9.584403610000000739e+00 -9.583344840000000531e+00 -9.582291769999999431e+00 -9.581244370000000288e+00 -9.580202610000000618e+00 -9.579166450000000665e+00 -9.578135870000000551e+00 -9.577110830000000519e+00 -9.576091299999999862e+00 -9.575077249999999651e+00 -9.574068649999999181e+00 -9.573065460000000471e+00 -9.572067649999999261e+00 -9.571075179999999349e+00 -9.570088039999999907e+00 -9.569106169999999523e+00 -9.568129559999999145e+00 -9.567158159999999967e+00 -9.566191939999999505e+00 -9.565230879999999658e+00 -9.564274940000000669e+00 -9.563324079999999228e+00 -9.562378269999999958e+00 -9.561437489999999428e+00 -9.560501690000000607e+00 -9.559570850000000064e+00 -9.558644929999999817e+00 -9.557723899999999162e+00 -9.556807729999999168e+00 -9.555896389999999130e+00 -9.554989839999999290e+00 -9.554088059999999771e+00 -9.553191010000000816e+00 -9.552298659999999941e+00 -9.551410979999999995e+00
-1.349975200000000086e+01 -1.349878849999999986e+01 -1.349783019999999922e+01 -1.349687690000000018e+01 -1.349592870000000033e+01 -1.349498559999999969e+01 -1.349404750000000064e+01 -1.349311439999999962e+01 -1.349218630000000019e+01 -1.349126320000000057e+01 -1.349034510000000076e+01 -1.348943200000000076e+01 -1.348852379999999940e+01 -1.348762059999999963e+01 -1.348672220000000088e+01 -1.348582880000000017e+01 -1.348494029999999988e+01 -1.348405670000000001e+01 -1.348317800000000055e+01 -1.348230410000000035e+01 -1.348143510000000056e+01 -1.348057090000000002e+01 -1.347971159999999990e+01 -1.347885710000000081e+01 -1.347800750000000036e+01 -1.347716259999999977e+01 -1.347632250000000020e+01 -1.347548729999999928e+01 -1.347465679999999999e+01 -1.347383109999999995e+01 -1.347301009999999977e+01 -1.347219400000000000e+01 -1.347138250000000070e+01 -1.347057580000000065e+01 -1.346977389999999986e+01 -1.346897670000000069e+01 -1.346818419999999961e+01 -1.346739640000000016e+01 -1.346661330000000056e+01 -1.346583500000000022e+01 -1.346506130000000034e+01 -1.346429230000000032e+01 -1.346352800000000016e+01 -1.346276839999999986e+01 -1.346201340000000002e+01 -1.346126310000000004e+01 -1.346051740000000052e+01 -1.345977640000000086e+01 -1.345904009999999928e+01 -1.345830839999999995e+01
-1.234771500000000088e+01 -1.234623649999999984e+01 -1.234476579999999935e+01 -1.234330300000000058e+01 -1.234184800000000060e+01 -1.234040079999999939e+01 -1.233896140000000052e+01 -1.233752959999999987e+01 -1.233610559999999978e+01 -1.233468919999999969e+01 -1.233328050000000076e+01 -1.233187930000000065e+01 -1.233048570000000055e+01 -1.232909959999999927e+01 -1.232772089999999920e+01 -1.232634969999999974e+01 -1.232498589999999972e+01 -1.232362949999999913e+01 -1.232228040000000036e+01 -1.232093850000000046e+01 -1.231960390000000061e+01 -1.231827649999999963e+01 -1.231695629999999930e+01 -1.231564310000000084e+01 -1.231433709999999948e+01 -1.231303809999999999e+01 -1.231174610000000058e+01 -1.231046109999999949e+01 -1.230918300000000087e+01 -1.230791170000000001e+01 -1.230664729999999984e+01 -1.230538969999999921e+01 -1.230413889999999988e+01 -1.230289469999999952e+01 -1.230165730000000046e+01 -1.230042639999999921e+01 -1.229920219999999986e+01 -1.229798450000000010e+01 -1.229677329999999991e+01 -1.229556859999999929e+01 -1.229437019999999947e+01 -1.229317829999999923e+01 -1.229199269999999977e+01 -1.229081339999999933e+01 -1.228964039999999969e+01 -1.228847359999999966e+01 -1.228731299999999926e+01 -1.228615850000000087e+01 -1.228501009999999916e+01 -1.228386779999999945e+01
-1.620092999999999961e+01 -1.619977520000000126e+01 -1.619862660000000076e+01 -1.619748410000000050e+01 -1.619634780000000163e+01 -1.619521759999999944e+01 -1.619409339999999986e+01 -1.619297540000000168e+01 -1.619186339999999902e+01 -1.619075739999999897e+01 -1.618965740000000153e+01 -1.618856350000000077e+01 -1.618747550000000146e+01 -1.618639350000000121e+01 -1.618531739999999886e+01 -1.618424729999999911e+01 -1.618318299999999965e+01 -1.618212469999999925e+01 -1.618107219999999913e+01 -1.618002560000000045e+01 -1.617898489999999967e+01 -1.617794999999999916e+01 -1.617692089999999894e+01 -1.617589759999999899e+01 -1.617488020000000049e+01 -1.617386850000000109e+01 -1.617286259999999842e+01 -1.617186239999999842e+01 -1.617086799999999869e+01 -1.616987930000000162e+01 -1.616889640000000128e+01 -1.616791920000000005e+01 -1.616694770000000148e+01 -1.616598180000000085e+01 -1.616502170000000049e+01 -1.616406720000000163e+01 -1.616311839999999833e+01 -1.616217520000000007e+01 -1.616123770000000093e+01 -1.616030579999999972e+01 -1.615937950000000001e+01 -1.615845879999999823e+01 -1.615754370000000151e+01 -1.615663430000000034e+01 -1.615573039999999949e+01 -1.615483210000000014e+01 -1.615393930000000111e+01 -1.615305210000000002e+01 -1.615217050000000043e+01 -1.615129429999999999e+01
-1.509400750000000002e+01 -1.509219590000000011e+01 -1.509039390000000047e+01 -1.508860149999999933e+01 -1.508681870000000025e+01 -1.508504549999999966e+01 -1.508328170000000057e+01 -1.508152740000000058e+01 -1.507978259999999970e+01 -1.507804709999999915e+01 -1.507632090000000069e+01 -1.507460410000000017e+01 -1.507289650000000059e+01 -1.507119810000000015e+01 -1.506950890000000065e+01 -1.506782879999999913e+01 -1.506615779999999916e+01 -1.506449579999999955e+01 -1.506284280000000031e+01 -1.506119870000000027e+01 -1.505956360000000060e+01 -1.505793730000000075e+01 -1.505631980000000070e+01 -1.505471099999999929e+01 -1.505311099999999946e+01 -1.505151960000000066e+01 -1.504993679999999934e+01 -1.504836260000000081e+01 -1.504679690000000036e+01 -1.504523969999999977e+01 -1.504369089999999964e+01 -1.504215040000000059e+01 -1.504061830000000022e+01 -1.503909439999999975e+01 -1.503757880000000036e+01 -1.503607129999999970e+01 -1.503457189999999954e+01 -1.503308069999999930e+01 -1.503159740000000077e+01 -1.503012209999999982e+01 -1.502865470000000059e+01 -1.502719530000000070e+01 -1.502574360000000020e+01 -1.502429970000000026e+01 -1.502286349999999970e+01 -1.502143509999999971e+01 -1.502001420000000032e+01 -1.501860100000000031e+01 -1.501719519999999974e+01 -1.501579699999999917e+01
-1.890131179999999844e+01 -1.889996539999999925e+01 -1.889862630000000010e+01 -1.889729450000000099e+01 -1.889596990000000076e+01 -1.889465249999999941e+01 -1.889334219999999931e+01 -1.889203910000000164e+01 -1.889074310000000168e+01 -1.888945430000000059e+01 -1.888817249999999959e+01 -1.888689769999999868e+01 -1.888562999999999903e+01 -1.888436919999999830e+01 -1.888311549999999883e+01 -1.888186869999999828e+01 -1.888062880000000021e+01 -1.887939589999999868e+01 -1.887816989999999961e+01 -1.887695069999999831e+01 -1.887573839999999947e+01 -1.887453299999999956e+01 -1.887333440000000095e+01 -1.887214260000000010e+01 -1.887095749999999938e+01 -1.886977930000000114e+01 -1.886860779999999949e+01 -1.886744300000000152e+01 -1.886628500000000130e+01 -1.886513360000000006e+01 -1.886398900000000012e+01 -1.886285099999999915e+01 -1.886171969999999831e+01 -1.886059500000000000e+01 -1.885947699999999827e+01 -1.885836559999999906e+01 -1.885726079999999882e+01 -1.885616249999999994e+01 -1.885507090000000119e+01 -1.885398580000000024e+01 -1.885290729999999826e+01 -1.885183530000000118e+01 -1.885076979999999836e+01 -1.884971080000000043e+01 -1.884865830000000031e+01 -1.884761230000000154e+01 -1.884657280000000057e+01 -1.884553980000000095e+01 -1.884451320000000152e+01 -1.884349299999999872e+01
-1.783983269999999877e+01 -1.783768530000000041e+01 -1.783554919999999910e+01 -1.783342460000000074e+01 -1.783131129999999942e+01 -1.782920920000000109e+01 -1.782711839999999981e+01 -1.782503880000000152e+01 -1.782297039999999910e+01 -1.782091309999999851e+01 -1.781886679999999856e+01 -1.781683149999999927e+01 -1.781480720000000062e+01 -1.781279389999999907e+01 -1.781079139999999938e+01 -1.780879970000000156e+01 -1.780681879999999850e+01 -1.780484859999999969e+01 -1.780288910000000158e+01 -1.780094019999999944e+01 -1.779900190000000038e+01 -1.779707409999999967e+01 -1.779515669999999972e+01 -1.779324980000000167e+01 -1.779135319999999965e+01 -1.778946690000000075e+01 -1.778759090000000143e+01 -1.778572499999999934e+01 -1.778386929999999921e+01 -1.778202359999999871e+01 -1.778018799999999899e+01 -1.777836230000000128e+01 -1.777654649999999847e+01 -1.777474060000000122e+01 -1.777294450000000126e+01 -1.777115810000000096e+01 -1.776938140000000033e+01 -1.776761439999999936e+01 -1.776585689999999929e+01 -1.776410890000000009e+01 -1.776237030000000061e+01 -1.776064119999999846e+01 -1.775892139999999841e+01 -1.775721090000000046e+01 -1.775550959999999989e+01 -1.775381760000000142e+01 -1.775213460000000154e+01 -1.775046070000000142e+01 -1.774879579999999990e+01 -1.774713979999999935e+01
-2.160085959999999972e+01 -2.159932089999999860e+01 -2.159779070000000090e+01 -2.159626880000000071e+01 -2.159475529999999921e+01 -2.159325009999999878e+01 -2.159175319999999942e+01 -2.159026449999999997e+01 -2.158878410000000159e+01 -2.158731179999999839e+01 -2.158584769999999864e+01 -2.158439160000000001e+01 -2.158294370000000129e+01 -2.158150390000000129e+01 -2.158007209999999887e+01 -2.157864830000000111e+01 -2.157723250000000093e+01 -2.157582469999999830e+01 -2.157442479999999918e+01 -2.157303280000000001e+01 -2.157164870000000079e+01 -2.157027240000000035e+01 -2.156890399999999985e+01 -2.156754340000000170e+01 -2.156619059999999877e+01 -2.156484560000000172e+01 -2.156350829999999874e+01 -2.156217870000000048e+01 -2.156085690000000099e+01 -2.155954270000000150e+01 -2.155823619999999963e+01 -2.155693739999999892e+01 -2.155564620000000176e+01 -2.155436249999999987e+01 -2.155308649999999915e+01 -2.155181800000000081e+01 -2.155055709999999891e+01 -2.154930369999999940e+01 -2.154805789999999988e+01 -2.154681950000000157e+01 -2.154558859999999854e+01 -2.154436520000000144e+01 -2.154314919999999844e+01 -2.154194070000000139e+01 -2.154073950000000082e+01 -2.153954579999999908e+01 -2.153835940000000093e+01 -2.153718040000000045e+01 -2.153600880000000117e+01 -2.153484449999999839e+01
-2.058504639999999952e+01 -2.058256019999999964e+01 -2.058008710000000008e+01 -2.057762710000000084e+01 -2.057518029999999953e+01 -2.057274639999999977e+01 -2.057032549999999915e+01 -2.056791760000000124e+01 -2.056552260000000132e+01 -2.056314030000000059e+01 -2.056077090000000140e+01 -2.055841420000000141e+01 -2.055607029999999824e+01 -2.055373889999999903e+01 -2.055142010000000141e+01 -2.054911389999999827e+01 -2.054682010000000147e+01 -2.054453870000000038e+01 -2.054226969999999852e+01 -2.054001299999999830e+01 -2.053776849999999854e+01 -2.053553630000000041e+01 -2.053331610000000040e+01 -2.053110810000000086e+01 -2.052891199999999827e+01 -2.052672790000000091e+01 -2.052455570000000051e+01 -2.052239529999999945e+01 -2.052024670000000128e+01 -2.051810980000000129e+01 -2.051598459999999946e+01 -2.051387090000000057e+01 -2.051176879999999869e+01 -2.050967809999999858e+01 -2.050759880000000024e+01 -2.050553090000000012e+01 -2.050347419999999943e+01 -2.050142870000000173e+01 -2.049939439999999991e+01 -2.049737109999999873e+01 -2.049535889999999938e+01 -2.049335759999999951e+01 -2.049136730000000028e+01 -2.048938770000000176e+01 -2.048741890000000154e+01 -2.048546079999999847e+01 -2.048351339999999965e+01 -2.048157649999999919e+01 -2.047965019999999825e+01 -2.047773430000000161e+01
-2.429981709999999850e+01 -2.429808480000000159e+01 -2.429636199999999846e+01 -2.429464880000000093e+01 -2.429294510000000074e+01 -2.429125080000000025e+01 -2.428956589999999949e+01 -2.428789030000000082e+01 -2.428622409999999832e+01 -2.428456720000000146e+01 -2.428291949999999844e+01 -2.428128110000000106e+01 -2.427965179999999989e+01 -2.427803169999999966e+01 -2.427642069999999919e+01 -2.427481879999999848e+01 -2.427322589999999991e+01 -2.427164210000000111e+01 -2.427006719999999973e+01 -2.426850130000000050e+01 -2.426694429999999869e+01 -2.426539629999999903e+01 -2.426385700000000156e+01 -2.426232669999999914e+01 -2.426080509999999890e+01 -2.425929229999999848e+01 -2.425778830000000141e+01 -2.425629299999999944e+01 -2.425480629999999849e+01 -2.425332840000000090e+01 -2.425185910000000078e+01 -2.425039849999999930e+01 -2.424894640000000123e+01 -2.424750290000000064e+01 -2.424606800000000106e+01 -2.424464160000000135e+01 -2.424322370000000149e+01 -2.424181430000000148e+01 -2.424041330000000016e+01 -2.423902079999999870e+01 -2.423763669999999948e+01 -2.423626099999999894e+01 -2.423489370000000065e+01 -2.423353469999999987e+01 -2.423218410000000134e+01 -2.423084169999999915e+01 -2.422950769999999920e+01 -2.422818189999999916e+01 -2.422686440000000019e+01 -2.422555510000000112e+01
-2.332958909999999975e+01 -2.332676079999999885e+01 -2.332394740000000155e+01 -2.332114890000000074e+01 -2.331836510000000118e+01 -2.331559620000000166e+01 -2.331284189999999867e+01 -2.331010230000000050e+01 -2.330737729999999885e+01 -2.330466690000000085e+01 -2.330197100000000177e+01 -2.329928960000000160e+01 -2.329662250000000157e+01 -2.329396979999999928e+01 -2.329133129999999952e+01 -2.328870709999999988e+01 -2.328609709999999922e+01 -2.328350119999999990e+01 -2.328091930000000076e+01 -2.327835149999999942e+01 -2.327579749999999947e+01 -2.327325749999999971e+01 -2.327073120000000017e+01 -2.326821869999999848e+01 -2.326571990000000056e+01 -2.326323460000000054e+01 -2.326076300000000074e+01 -2.325830480000000122e+01 -2.325585999999999842e+01 -2.325342859999999945e+01 -2.325101049999999958e+01 -2.324860560000000120e+01 -2.324621390000000076e+01 -2.324383519999999947e+01 -2.324146959999999851e+01 -2.323911689999999908e+01 -2.323677710000000118e+01 -2.323445010000000011e+01 -2.323213589999999940e+01 -2.322983430000000027e+01 -2.322754529999999917e+01 -2.322526889999999966e+01 -2.322300489999999940e+01 -2.322075339999999954e+01 -2.321851410000000016e+01 -2.321628709999999884e+01 -2.321407239999999916e+01 -2.321186970000000116e+01 -2.320967909999999890e+01 -2.320750040000000070e+01
-2.699762349999999955e+01 -2.699569550000000007e+01 -2.699377829999999889e+01 -2.699187170000000080e+01 -2.698997579999999985e+01 -2.698809049999999843e+01 -2.698621580000000009e+01 -2.698435149999999894e+01 -2.698249780000000086e+01 -2.698065439999999882e+01 -2.697882149999999868e+01 -2.697699880000000050e+01 -2.697518649999999951e+01 -2.697338440000000048e+01 -2.697159260000000103e+01 -2.696981089999999881e+01 -2.696803939999999855e+01 -2.696627790000000147e+01 -2.696452659999999923e+01 -2.696278519999999901e+01 -2.696105389999999957e+01 -2.695933249999999859e+01 -2.695762099999999961e+01 -2.695591939999999909e+01 -2.695422759999999940e+01 -2.695254560000000055e+01 -2.695087350000000015e+01 -2.694921109999999942e+01 -2.694755839999999836e+01 -2.694591540000000052e+01 -2.694428200000000118e+01 -2.694265830000000150e+01 -2.694104409999999916e+01 -2.693943949999999887e+01 -2.693784450000000064e+01 -2.693625899999999973e+01 -2.693468289999999854e+01 -2.693311629999999823e+01 -2.693155910000000119e+01 -2.693001130000000032e+01 -2.692847289999999916e+01 -2.692694390000000126e+01 -2.692542410000000075e+01 -2.692391359999999878e+01 -2.692241239999999891e+01 -2.692092050000000114e+01 -2.691943780000000075e+01 -2.691796420000000012e+01 -2.691649990000000159e+01 -2.691504469999999927e+01
-2.607372409999999974e+01 -2.607055019999999956e+01 -2.606739290000000153e+01 -2.606425219999999854e+01 -2.606112800000000007e+01 -2.605802020000000141e+01 -2.605492890000000017e+01 -2.605185390000000112e+01 -2.604879529999999832e+01 -2.604575290000000010e+01 -2.604272669999999934e+01 -2.603971669999999961e+01 -2.603672269999999855e+01 -2.603374480000000091e+01 -2.603078289999999839e+01 -2.602783690000000050e+01 -2.602490669999999895e+01 -2.602199239999999847e+01 -2.601909380000000027e+01 -2.601621090000000081e+01 -2.601334350000000128e+01 -2.601049180000000050e+01 -2.600765549999999848e+01 -2.600483459999999880e+01 -2.600202900000000028e+01 -2.599923880000000054e+01 -2.599646380000000079e+01 -2.599370389999999986e+01 -2.599095900000000015e+01 -2.598822919999999925e+01 -2.598551439999999957e+01 -2.598281439999999876e+01 -2.598012909999999920e+01 -2.597745859999999851e+01 -2.597480279999999908e+01 -2.597216149999999857e+01 -2.596953480000000170e+01 -2.596692240000000140e+01 -2.596432439999999886e+01 -2.596174070000000000e+01 -2.595917130000000128e+01 -2.595661589999999919e+01 -2.595407459999999844e+01 -2.595154730000000143e+01 -2.594903389999999987e+01 -2.594653440000000089e+01 -2.594404859999999857e+01 -2.594157650000000004e+01 -2.593911800000000056e+01 -2.593667310000000015e+01
-2.969414610000000110e+01 -2.969201980000000063e+01 -2.968990540000000067e+01 -2.968780290000000122e+01 -2.968571229999999872e+01 -2.968363340000000150e+01 -2.968156630000000007e+01 -2.967951090000000036e+01 -2.967746719999999883e+01 -2.967543500000000023e+01 -2.967341439999999864e+01 -2.967140519999999881e+01 -2.966940749999999838e+01 -2.966742119999999971e+01 -2.966544620000000165e+01 -2.966348259999999826e+01 -2.966153020000000140e+01 -2.965958900000000042e+01 -2.965765890000000127e+01 -2.965574000000000154e+01 -2.965383220000000009e+01 -2.965193539999999928e+01 -2.965004959999999912e+01 -2.964817479999999961e+01 -2.964631079999999841e+01 -2.964445780000000141e+01 -2.964261559999999918e+01 -2.964078419999999880e+01 -2.963896349999999913e+01 -2.963715360000000132e+01 -2.963535429999999948e+01 -2.963356569999999834e+01 -2.963178770000000029e+01 -2.963002030000000175e+01 -2.962826349999999920e+01 -2.962651710000000094e+01 -2.962478120000000104e+01 -2.962305579999999949e+01 -2.962134079999999869e+01 -2.961963619999999864e+01 -2.961794190000000171e+01 -2.961625790000000080e+01 -2.961458419999999947e+01 -2.961292080000000126e+01 -2.961126760000000147e+01 -2.960962470000000124e+01 -2.960799180000000064e+01 -2.960636919999999961e+01 -2.960475660000000175e+01 -2.960315419999999875e+01
-2.881698129999999836e+01 -2.881345849999999942e+01 -2.880995400000000117e+01 -2.880646769999999890e+01 -2.880299949999999853e+01 -2.879954959999999886e+01 -2.879611769999999993e+01 -2.879270389999999935e+01 -2.878930809999999951e+01 -2.878593019999999925e+01 -2.878257019999999855e+01 -2.877922799999999981e+01 -2.877590359999999947e+01 -2.877259689999999992e+01 -2.876930790000000115e+01 -2.876603640000000084e+01 -2.876278250000000014e+01 -2.875954600000000028e+01 -2.875632699999999886e+01 -2.875312530000000066e+01 -2.874994080000000096e+01 -2.874677360000000093e+01 -2.874362350000000177e+01 -2.874049049999999994e+01 -2.873737450000000138e+01 -2.873427540000000135e+01 -2.873119319999999988e+01 -2.872812779999999933e+01 -2.872507909999999853e+01 -2.872204710000000105e+01 -2.871903160000000099e+01 -2.871603269999999952e+01 -2.871305020000000141e+01 -2.871008399999999838e+01 -2.870713410000000110e+01 -2.870420040000000128e+01 -2.870128289999999893e+01 -2.869838139999999882e+01 -2.869549590000000094e+01 -2.869262630000000058e+01 -2.868977250000000012e+01 -2.868693439999999839e+01 -2.868411210000000011e+01 -2.868130529999999823e+01 -2.867851399999999984e+01 -2.867573810000000023e+01 -2.867297759999999940e+01 -2.867023239999999973e+01 -2.866750229999999888e+01 -2.866478740000000158e+01
