4.010522876600000018e+03 4.010376072799999747e+03 4.010230094000000008e+03 4.010084933600000113e+03 4.009940591600000062e+03 4.009797067999999854e+03 4.009654349600000387e+03 4.009512443000000076e+03 4.009371334999999817e+03 4.009231025600000066e+03 4.009091508200000135e+03 4.008952782800000023e+03 4.008814849399999730e+03 4.008677694800000154e+03 4.008541325600000164e+03 4.008405728599999748e+03 4.008270903799999815e+03 4.008136857800000143e+03 4.008003570800000034e+03 4.007871049400000175e+03 4.007739286999999877e+03 4.007608283599999595e+03 4.007478032600000006e+03 4.007348533999999745e+03 4.007219781199999943e+03 4.007091780799999924e+03 4.006964512999999897e+03 4.006837984400000096e+03 4.006712195000000065e+03 4.006587144799999805e+03 4.006462813999999980e+03 4.006339215799999693e+03 4.006216343600000073e+03 4.006094197399999757e+03 4.005972764000000097e+03 4.005852050000000418e+03 4.005732055399999808e+03 4.005612767000000076e+03 4.005494191400000091e+03 4.005376322000000073e+03 4.005259152200000244e+03 4.005142695200000162e+03 4.005026931200000035e+03 4.004911866800000098e+03 4.004797495400000116e+03 4.004683823599999869e+03 4.004570838200000253e+03 4.004458545800000138e+03 4.004346939799999745e+03 4.004236020199999984e+03
3.947572479200000089e+03 3.947349603799999841e+03 3.947127903200000219e+03 3.946907384000000093e+03 3.946688032999999905e+03 3.946469856800000343e+03 3.946252842199999577e+03 3.946036989199999880e+03 3.945822291200000109e+03 3.945608748200000264e+03 3.945396353600000111e+03 3.945185107400000106e+03 3.944974996400000236e+03 3.944766027200000281e+03 3.944558186600000226e+03 3.944351474600000074e+03 3.944145884600000045e+03 3.943941416600000139e+03 3.943738057399999889e+03 3.943535813599999983e+03 3.943334671999999955e+03 3.943134632599999804e+03 3.942935682199999974e+03 3.942737827400000242e+03 3.942541061599999921e+03 3.942345378200000141e+03 3.942150763999999981e+03 3.941957225600000129e+03 3.941764749799999663e+03 3.941573336599999948e+03 3.941382986000000074e+03 3.941193678200000249e+03 3.941005419799999800e+03 3.940818204199999855e+03 3.940632024800000181e+03 3.940446874999999636e+03 3.940262748199999805e+03 3.940079651000000013e+03 3.939897557000000234e+03 3.939716479400000026e+03 3.939536411600000065e+03 3.939357340399999885e+03 3.939179259200000160e+03 3.939002174600000217e+03 3.938826066800000262e+03 3.938650942400000076e+03 3.938476794799999880e+03 3.938303610800000115e+03 3.938131390399999873e+03 3.937960133600000063e+03
3.832279092199999923e+03 3.832146082399999614e+03 3.832013811800000440e+03 3.831882287000000360e+03 3.831751488199999585e+03 3.831621422000000166e+03 3.831492081800000051e+03 3.831363467600000149e+03 3.831235572800000227e+03 3.831108390800000052e+03 3.830981928199999857e+03 3.830856171800000084e+03 3.830731121599999824e+03 3.830606777599999987e+03 3.830483139799999663e+03 3.830360195000000203e+03 3.830237943199999791e+03 3.830116384400000243e+03 3.829995518599999741e+03 3.829875339199999871e+03 3.829755839600000400e+03 3.829637019799999962e+03 3.829518886400000156e+03 3.829401419599999826e+03 3.829284632599999895e+03 3.829168512199999896e+03 3.829053065000000061e+03 3.828938277799999923e+03 3.828824157199999718e+03 3.828710696600000119e+03 3.828597889399999985e+03 3.828485742200000004e+03 3.828374248399999942e+03 3.828263407999999799e+03 3.828153214400000252e+03 3.828043667599999935e+03 3.827934767599999759e+03 3.827826507800000400e+03 3.827718888200000038e+03 3.827611908800000037e+03 3.827505569599999944e+03 3.827399857399999746e+03 3.827294785399999910e+03 3.827190340399999968e+03 3.827086529000000155e+03 3.826983338000000003e+03 3.826880774000000201e+03 3.826778836999999839e+03 3.826677513800000270e+03 3.826576817600000140e+03
3.766718764400000055e+03 3.766518091400000230e+03 3.766318487600000026e+03 3.766119953000000351e+03 3.765922474400000283e+03 3.765726058400000056e+03 3.765530691800000113e+03 3.765336381199999778e+03 3.765143120000000181e+03 3.764950901600000179e+03 3.764759719399999994e+03 3.764569573400000081e+03 3.764380457000000206e+03 3.764192363600000135e+03 3.764005299800000103e+03 3.763819252399999641e+03 3.763634221400000115e+03 3.763450193600000148e+03 3.763267175599999973e+03 3.763085154200000034e+03 3.762904136000000108e+03 3.762724101199999950e+03 3.762545056400000249e+03 3.762366995000000315e+03 3.762189910399999917e+03 3.762013802599999963e+03 3.761838658399999986e+03 3.761664477799999986e+03 3.761491254200000185e+03 3.761318987600000128e+03 3.761147671400000036e+03 3.760977299000000130e+03 3.760807863799999723e+03 3.760639365799999723e+03 3.760471791800000119e+03 3.760305148399999780e+03 3.760139422400000058e+03 3.759974613800000043e+03 3.759810715999999957e+03 3.759647715799999787e+03 3.759485626400000001e+03 3.759324421399999665e+03 3.759164114000000154e+03 3.759004691000000093e+03 3.758846152399999937e+03 3.758688484999999673e+03 3.758531688799999756e+03 3.758375757199999953e+03 3.758220690199999808e+03 3.758066481199999998e+03
3.653998347799999920e+03 3.653878934000000299e+03 3.653760180199999922e+03 3.653642086400000153e+03 3.653524639399999614e+03 3.653407839200000126e+03 3.653291685799999868e+03 3.653176172599999973e+03 3.653061299599999984e+03 3.652947066800000357e+03 3.652833467599999949e+03 3.652720495399999891e+03 3.652608150199999727e+03 3.652496438600000147e+03 3.652385347399999773e+03 3.652274870000000192e+03 3.652165019600000051e+03 3.652055782999999792e+03 3.651947153600000092e+03 3.651839144600000054e+03 3.651731736200000341e+03 3.651624941600000056e+03 3.651518747600000097e+03 3.651413154200000008e+03 3.651308161400000245e+03 3.651203762600000118e+03 3.651099964400000317e+03 3.650996760199999699e+03 3.650894143399999848e+03 3.650792120600000089e+03 3.650690678599999956e+03 3.650589830599999914e+03 3.650489556800000173e+03 3.650389870400000291e+03 3.650290764800000034e+03 3.650192239999999856e+03 3.650094289399999980e+03 3.649996912999999950e+03 3.649900104199999987e+03 3.649803876200000104e+03 3.649708209200000056e+03 3.649613116399999853e+03 3.649518584599999940e+03 3.649424627000000328e+03 3.649331223799999862e+03 3.649238388200000372e+03 3.649146107000000029e+03 3.649054393399999753e+03 3.648963234199999988e+03 3.648872629399999823e+03
3.585811325599999691e+03 3.585632610799999838e+03 3.585454853000000185e+03 3.585278045600000041e+03 3.585102195200000097e+03 3.584927288599999883e+03 3.584753325800000312e+03 3.584580300200000238e+03 3.584408211799999663e+03 3.584237054000000171e+03 3.584066826799999944e+03 3.583897523599999658e+03 3.583729144400000223e+03 3.583561676000000261e+03 3.583395118399999774e+03 3.583229471599999670e+03 3.583064729000000170e+03 3.582900884000000133e+03 3.582737936600000012e+03 3.582575880200000029e+03 3.582414708199999950e+03 3.582254420600000230e+03 3.582095010799999727e+03 3.581936472200000026e+03 3.581778804800000216e+03 3.581622002000000066e+03 3.581466057200000250e+03 3.581310970399999860e+03 3.581156735000000026e+03 3.581003344400000060e+03 3.580850798599999962e+03 3.580699091000000408e+03 3.580548214999999800e+03 3.580398164000000179e+03 3.580248944599999959e+03 3.580100537000000259e+03 3.579952947799999947e+03 3.579806170400000155e+03 3.579660198200000195e+03 3.579515024600000288e+03 3.579370649599999979e+03 3.579227066599999944e+03 3.579084268999999949e+03 3.578942256799999996e+03 3.578801023400000304e+03 3.578660562199999731e+03 3.578520873200000096e+03 3.578381943200000023e+03 3.578243778799999745e+03 3.578106373399999939e+03
3.475639875200000006e+03 3.475533912200000032e+03 3.475428523399999904e+03 3.475323708799999622e+03 3.475219461800000317e+03 3.475115788999999950e+03 3.475012677200000326e+03 3.474910132999999860e+03 3.474808149800000137e+03 3.474706721000000016e+03 3.474605853199999729e+03 3.474505539799999951e+03 3.474405774199999996e+03 3.474306563000000097e+03 3.474207892999999785e+03 3.474109777399999984e+03 3.474012203000000227e+03 3.473915163199999824e+03 3.473818671199999699e+03 3.473722713799999838e+03 3.473627290999999786e+03 3.473532402800000000e+03 3.473438049200000023e+03 3.473344223600000078e+03 3.473250925999999708e+03 3.473158156399999825e+03 3.473065914799999973e+03 3.472974194600000374e+03 3.472882995799999662e+03 3.472792311799999879e+03 3.472702155800000128e+03 3.472612508000000162e+03 3.472523381599999993e+03 3.472434769999999844e+03 3.472346666599999935e+03 3.472259078000000045e+03 3.472171997599999941e+03 3.472085425400000076e+03 3.471999361399999998e+03 3.471913805600000160e+03 3.471828751399999874e+03 3.471744198800000049e+03 3.471660154400000010e+03 3.471576605000000200e+03 3.471493557200000396e+03 3.471411004399999911e+03 3.471328953199999887e+03 3.471247397000000092e+03 3.471166335800000070e+03 3.471085769600000276e+03
3.404877051200000096e+03 3.404720037199999751e+03 3.404563868000000184e+03 3.404408536999999797e+03 3.404254044199999953e+03 3.404100382999999965e+03 3.403947560000000067e+03 3.403795555400000012e+03 3.403644382399999813e+03 3.403494027799999913e+03 3.403344484999999622e+03 3.403195760599999630e+03 3.403047841399999925e+03 3.402900727400000051e+03 3.402754418600000008e+03 3.402608901800000240e+03 3.402464183600000069e+03 3.402320250800000395e+03 3.402177110000000084e+03 3.402034748000000036e+03 3.401893158200000016e+03 3.401752347200000258e+03 3.401612308400000074e+03 3.401473028599999907e+03 3.401334514399999989e+03 3.401196759200000088e+03 3.401059749799999736e+03 3.400923499399999855e+03 3.400787988199999745e+03 3.400653216199999861e+03 3.400519183399999747e+03 3.400385883200000080e+03 3.400253308999999717e+03 3.400121460800000023e+03 3.399990331999999853e+03 3.399859915999999885e+03 3.399730219399999896e+03 3.399601222400000097e+03 3.399472931600000265e+03 3.399345340400000168e+03 3.399218442200000027e+03 3.399092236999999841e+03 3.398966718200000287e+03 3.398841879200000221e+03 3.398717726599999878e+03 3.398594240600000376e+03 3.398471427800000129e+03 3.398349281599999813e+03 3.398227801999999883e+03 3.398106975799999873e+03
3.297209878399999980e+03 3.297117247399999997e+03 3.297025118000000020e+03 3.296933483599999818e+03 3.296842344200000298e+03 3.296751693199999863e+03 3.296661537199999657e+03 3.296571863000000121e+03 3.296482677199999671e+03 3.296393973199999891e+03 3.296305750999999873e+03 3.296218003999999837e+03 3.296130738799999563e+03 3.296043955400000414e+03 3.295957640599999650e+03 3.295871794399999999e+03 3.295786423399999876e+03 3.295701527600000190e+03 3.295617093800000021e+03 3.295533121999999821e+03 3.295449618799999826e+03 3.295366584200000034e+03 3.295284004999999979e+03 3.295201887799999895e+03 3.295120232600000236e+03 3.295039032799999859e+03 3.294958288400000129e+03 3.294877999399999680e+03 3.294798165799999879e+03 3.294718780999999581e+03 3.294639851599999929e+03 3.294561370999999781e+03 3.294483339200000046e+03 3.294405756199999814e+03 3.294328621999999996e+03 3.294251930000000357e+03 3.294175680199999988e+03 3.294099879200000032e+03 3.294024520400000256e+03 3.293949597199999971e+03 3.293875122800000099e+03 3.293801083999999719e+03 3.293727480800000194e+03 3.293654319799999939e+03 3.293581594400000085e+03 3.293509304600000178e+03 3.293437443799999983e+03 3.293366025199999967e+03 3.293295035600000119e+03 3.293224481600000217e+03
3.223894577000000027e+03 3.223759046000000126e+03 3.223624240999999984e+03 3.223490162000000055e+03 3.223356815600000118e+03 3.223224181999999928e+03 3.223092274399999951e+03 3.222961072999999942e+03 3.222830590999999913e+03 3.222700815199999852e+03 3.222571738999999980e+03 3.222443369000000075e+03 3.222315698600000360e+03 3.222188721200000145e+03 3.222062430199999653e+03 3.221936832200000026e+03 3.221811920600000121e+03 3.221687682199999927e+03 3.221564123600000130e+03 3.221441238200000043e+03 3.221319026000000122e+03 3.221197473799999898e+03 3.221076588200000060e+03 3.220956362599999920e+03 3.220836783800000376e+03 3.220717864999999620e+03 3.220599586399999680e+03 3.220481954599999881e+03 3.220364962999999989e+03 3.220248611600000004e+03 3.220132887200000368e+03 3.220017789800000173e+03 3.219903319399999873e+03 3.219789475999999922e+03 3.219676239800000076e+03 3.219563623999999891e+03 3.219451615399999810e+03 3.219340220600000066e+03 3.219229419799999960e+03 3.219119219600000179e+03 3.219009619999999813e+03 3.218900607800000216e+03 3.218792183000000023e+03 3.218684345599999688e+03 3.218577089000000342e+03 3.218470406599999933e+03 3.218364298399999825e+03 3.218258764400000018e+03 3.218153791400000046e+03 3.218049385999999686e+03
3.118715313799999876e+03 3.118635962000000291e+03 3.118557025999999951e+03 3.118478519000000233e+03 3.118400421199999982e+03 3.118322745800000121e+03 3.118245479600000181e+03 3.118168635799999720e+03 3.118092194599999857e+03 3.118016169200000149e+03 3.117940546400000130e+03 3.117865332800000033e+03 3.117790528399999857e+03 3.117716126600000280e+03 3.117642127399999936e+03 3.117568530800000190e+03 3.117495330199999898e+03 3.117422532200000205e+03 3.117350130199999967e+03 3.117278130799999872e+03 3.117206520799999907e+03 3.117135306799999853e+03 3.117064488799999708e+03 3.116994060199999694e+03 3.116924020999999811e+03 3.116854371200000060e+03 3.116785117399999763e+03 3.116716246400000273e+03 3.116647764800000004e+03 3.116579666000000088e+03 3.116511950000000070e+03 3.116444623399999728e+03 3.116377679600000192e+03 3.116311118600000100e+03 3.116244940399999905e+03 3.116179145000000062e+03 3.116113725799999884e+03 3.116048682800000279e+03 3.115984022600000117e+03 3.115919745199999852e+03 3.115855837399999928e+03 3.115792312399999901e+03 3.115729156999999759e+03 3.115666377800000191e+03 3.115603974800000287e+03 3.115541948000000048e+03 3.115480290800000148e+03 3.115419003199999679e+03 3.115358091799999784e+03 3.115297550000000228e+03
3.042878819000000021e+03 3.042764553200000137e+03 3.042650907799999914e+03 3.042537876200000028e+03 3.042425458400000025e+03 3.042313647800000126e+03 3.042202444399999877e+03 3.042091841599999952e+03 3.041981839399999899e+03 3.041872437800000171e+03 3.041763623599999846e+03 3.041655403400000068e+03 3.041547770600000149e+03 3.041440718599999855e+03 3.041334253999999873e+03 3.041228370199999972e+03 3.041123054000000138e+03 3.041018312000000151e+03 3.040914144200000010e+03 3.040810537400000158e+03 3.040707491600000139e+03 3.040605013399999734e+03 3.040503083000000061e+03 3.040401706999999988e+03 3.040300885399999970e+03 3.040200604999999996e+03 3.040100872399999844e+03 3.040001680999999735e+03 3.039903017600000112e+03 3.039804895400000078e+03 3.039707301200000074e+03 3.039610235000000102e+03 3.039513690199999928e+03 3.039417666800000006e+03 3.039322158200000104e+03 3.039227170999999998e+03 3.039132685399999900e+03 3.039038714600000276e+03 3.038945245400000204e+03 3.038852277799999683e+03 3.038759811800000080e+03 3.038667834200000016e+03 3.038576351599999725e+03 3.038485357399999884e+03 3.038394851600000038e+03 3.038304827599999953e+03 3.038215278800000306e+03 3.038126211799999965e+03 3.038037613399999827e+03 3.037949490200000128e+03
2.940164576600000146e+03 2.940098471000000245e+03 2.940032715199999984e+03 2.939967302600000039e+03 2.939902233199999955e+03 2.939837507000000187e+03 2.939773123999999825e+03 2.939709084199999779e+03 2.939645380999999816e+03 2.939582021000000168e+03 2.939518997600000148e+03 2.939456304199999977e+03 2.939393954000000122e+03 2.939331933800000115e+03 2.939270250200000191e+03 2.939208889999999883e+03 2.939147872999999890e+03 2.939087179399999968e+03 2.939026815799999895e+03 2.938966782200000125e+03 2.938907071999999971e+03 2.938847691800000121e+03 2.938788634999999886e+03 2.938729908199999954e+03 2.938671498199999860e+03 2.938613418200000069e+03 2.938555661599999894e+03 2.938498221800000010e+03 2.938441105400000197e+03 2.938384312399999999e+03 2.938327836200000093e+03 2.938271683399999802e+03 2.938215840800000024e+03 2.938160328200000095e+03 2.938105125799999769e+03 2.938050240200000189e+03 2.937995671399999992e+03 2.937941419400000086e+03 2.937887484200000017e+03 2.937833859200000006e+03 2.937780550999999832e+03 2.937727559599999950e+03 2.937674878400000125e+03 2.937622507399999904e+03 2.937570453199999974e+03 2.937518709200000103e+03 2.937467275400000290e+03 2.937416158400000313e+03 2.937365345000000161e+03 2.937314841800000067e+03
2.861832159800000227e+03 2.861738987599999746e+03 2.861646316999999726e+03 2.861554148000000168e+03 2.861462480600000163e+03 2.861371308199999930e+03 2.861280630799999926e+03 2.861190441799999917e+03 2.861100747800000136e+03 2.861011535600000116e+03 2.860922805199999857e+03 2.860834556599999814e+03 2.860746789799999988e+03 2.860659498199999689e+03 2.860572681800000282e+03 2.860486334000000170e+03 2.860400448200000028e+03 2.860315037599999869e+03 2.860230082399999901e+03 2.860145589199999904e+03 2.860061557999999877e+03 2.859977975599999809e+03 2.859894848599999932e+03 2.859812170400000014e+03 2.859729934400000275e+03 2.859648147200000039e+03 2.859566802199999984e+03 2.859485886200000095e+03 2.859405412399999932e+03 2.859325374200000169e+03 2.859245758399999886e+03 2.859166578200000004e+03 2.859087820400000055e+03 2.859009478399999807e+03 2.858931558799999948e+03 2.858854061600000023e+03 2.858776973600000019e+03 2.858700294799999938e+03 2.858624025199999778e+03 2.858548164799999995e+03 2.858472706999999900e+03 2.858397651799999949e+03 2.858322986000000128e+03 2.858248722799999996e+03 2.858174855600000228e+03 2.858101371199999903e+03 2.858028282799999943e+03 2.857955577199999880e+03 2.857883254399999714e+03 2.857811307800000122e+03
2.761567744999999832e+03 2.761514885600000071e+03 2.761462296799999876e+03 2.761409985199999937e+03 2.761357950800000253e+03 2.761306180399999903e+03 2.761254687200000262e+03 2.761203464600000189e+03 2.761152512600000136e+03 2.761101824600000327e+03 2.761051407200000085e+03 2.761001260400000319e+03 2.760951371000000108e+03 2.760901758800000152e+03 2.760852404000000206e+03 2.760803313200000048e+03 2.760754486400000133e+03 2.760705923600000006e+03 2.760657624800000121e+03 2.760609583399999792e+03 2.760561805999999706e+03 2.760514286000000084e+03 2.760467023400000016e+03 2.760420024799999737e+03 2.760373283599999922e+03 2.760326799800000117e+03 2.760280566800000088e+03 2.760234597799999847e+03 2.760188886200000070e+03 2.760143425400000069e+03 2.760098222000000078e+03 2.760053276000000096e+03 2.760008580799999891e+03 2.759964143000000149e+03 2.759919956000000184e+03 2.759876026400000228e+03 2.759832347600000048e+03 2.759788919600000099e+03 2.759745748999999705e+03 2.759702822600000218e+03 2.759660153599999830e+03 2.759617735400000129e+03 2.759575561399999970e+03 2.759533644799999820e+03 2.759491972400000122e+03 2.759450557399999980e+03 2.759409386600000289e+03 2.759368466599999920e+03 2.759327797399999781e+03 2.759287372400000095e+03
2.680760838379999768e+03 2.680688602039999751e+03 2.680616756420000002e+03 2.680545298879999791e+03 2.680474228099999891e+03 2.680403542099999868e+03 2.680333238899999742e+03 2.680263316519999989e+03 2.680193772980000176e+03 2.680124606299999868e+03 2.680055814499999997e+03 2.679987394939999831e+03 2.679919345639999847e+03 2.679851665279999906e+03 2.679784351219999735e+03 2.679717401480000262e+03 2.679650813420000304e+03 2.679584585720000177e+03 2.679518715740000061e+03 2.679453201499999977e+03 2.679388041019999946e+03 2.679323231659999692e+03 2.679258772099999987e+03 2.679194659040000261e+03 2.679130890500000078e+03 2.679067465160000211e+03 2.679004380379999930e+03 2.678941634179999710e+03 2.678879223920000186e+03 2.678817147620000014e+03 2.678755403959999967e+03 2.678693989639999927e+03 2.678632902679999916e+03 2.678572141099999953e+03 2.678511703579999903e+03 2.678451586820000102e+03 2.678391789499999959e+03 2.678332308980000107e+03 2.678273143939999954e+03 2.678214291740000135e+03 2.678155750400000215e+03 2.678097517940000216e+03 2.678039591720000317e+03 2.677981971080000221e+03 2.677924652719999813e+03 2.677867635980000159e+03 2.677810917560000235e+03 2.677754496800000197e+03 2.677698370399999931e+03 2.677642537700000048e+03
2.582932826119999845e+03 2.582893224800000098e+03 2.582853828079999857e+03 2.582814635960000032e+03 2.582775647120000031e+03 2.582736861559999852e+03 2.582698278620000110e+03 2.582659896979999758e+03 2.582621716640000159e+03 2.582583736280000267e+03 2.582545955239999785e+03 2.582508374179999919e+03 2.582470991119999780e+03 2.582433806720000121e+03 2.582396819659999892e+03 2.582360029280000163e+03 2.582323435580000023e+03 2.582287038559999928e+03 2.582250836239999899e+03 2.582214829940000072e+03 2.582179017680000015e+03 2.582143400120000024e+03 2.582107975939999960e+03 2.582072745800000121e+03 2.582037708379999913e+03 2.582002864340000087e+03 2.581968212360000052e+03 2.581933752439999807e+03 2.581899483919999966e+03 2.581865407459999915e+03 2.581831522399999812e+03 2.581797827419999976e+03 2.581764323840000088e+03 2.581731010340000012e+03 2.581697886259999905e+03 2.581664952919999905e+03 2.581632208340000034e+03 2.581599653839999974e+03 2.581567287439999745e+03 2.581535110459999942e+03 2.581503122239999811e+03 2.581471322119999968e+03 2.581439710099999957e+03 2.581408286840000073e+03 2.581377050359999885e+03 2.581346001979999983e+03 2.581315141040000071e+03 2.581284466879999854e+03 2.581253980160000083e+03 2.581223679560000164e+03
2.499671186779999971e+03 2.499619762219999757e+03 2.499568616179999935e+03 2.499517747339999914e+03 2.499467153059999873e+03 2.499416833339999812e+03 2.499366786200000206e+03 2.499317009660000167e+03 2.499267503059999854e+03 2.499218264420000196e+03 2.499169292420000147e+03 2.499120585740000024e+03 2.499072142399999848e+03 2.499023961740000232e+03 2.498976041119999991e+03 2.498928379879999738e+03 2.498880975380000109e+03 2.498833827620000193e+03 2.498786933299999873e+03 2.498740292420000060e+03 2.498693902999999864e+03 2.498647763060000216e+03 2.498601870620000227e+03 2.498556225679999898e+03 2.498510824940000020e+03 2.498465667739999844e+03 2.498420752760000141e+03 2.498376077360000181e+03 2.498331640880000123e+03 2.498287441999999828e+03 2.498243478079999932e+03 2.498199748460000137e+03 2.498156251160000011e+03 2.498112984859999870e+03 2.498069948240000031e+03 2.498027139320000060e+03 2.497984556779999821e+03 2.497942199300000084e+03 2.497900064899999961e+03 2.497858152259999770e+03 2.497816460059999827e+03 2.497774986979999994e+03 2.497733731700000135e+03 2.497692692239999815e+03 2.497651867279999806e+03 2.497611256159999812e+03 2.497570856240000012e+03 2.497530666860000110e+03 2.497490686699999969e+03 2.497450914439999906e+03
2.404265363959999831e+03 2.404239049759999943e+03 2.404212870859999839e+03 2.404186827259999973e+03 2.404160918959999890e+03 2.404135144639999908e+03 2.404109504959999867e+03 2.404083999259999928e+03 2.404058626219999951e+03 2.404033385839999937e+03 2.404008278780000182e+03 2.403983303059999798e+03 2.403958459339999990e+03 2.403933746960000008e+03 2.403909165919999850e+03 2.403884715560000132e+03 2.403860395220000100e+03 2.403836205560000053e+03 2.403812145259999852e+03 2.403788214979999793e+03 2.403764414060000036e+03 2.403740741839999828e+03 2.403717198320000080e+03 2.403693783499999881e+03 2.403670496719999846e+03 2.403647338640000271e+03 2.403624307940000108e+03 2.403601405280000108e+03 2.403578629999999976e+03 2.403555982100000165e+03 2.403533460919999925e+03 2.403511067120000007e+03 2.403488799379999818e+03 2.403466659019999952e+03 2.403444644719999815e+03 2.403422757140000158e+03 2.403400994959999935e+03 2.403379359500000191e+03 2.403357849439999882e+03 2.403336464779999915e+03 2.403315206180000132e+03 2.403294072979999783e+03 2.403273065180000231e+03 2.403252182119999816e+03 2.403231424460000198e+03 2.403210791540000173e+03 2.403190284020000036e+03 2.403169900580000103e+03 2.403149641879999763e+03 2.403129507919999924e+03
2.318560286479999831e+03 2.318529591859999982e+03 2.318499064220000037e+03 2.318468702239999857e+03 2.318438505260000056e+03 2.318408471960000043e+03 2.318378601679999974e+03 2.318348893760000010e+03 2.318319346880000012e+03 2.318289960380000139e+03 2.318260733600000094e+03 2.318231665220000195e+03 2.318202754580000146e+03 2.318174000359999809e+03 2.318145401899999797e+03 2.318116958540000269e+03 2.318088668960000177e+03 2.318060532500000136e+03 2.318032547840000007e+03 2.318004714319999948e+03 2.317977030619999823e+03 2.317949496080000245e+03 2.317922110040000007e+03 2.317894871179999882e+03 2.317867778840000028e+03 2.317840831699999853e+03 2.317814028440000129e+03 2.317787369720000243e+03 2.317760852899999918e+03 2.317734477320000224e+03 2.317708242979999795e+03 2.317682147900000018e+03 2.317656191420000141e+03 2.317630373540000164e+03 2.317604692280000108e+03 2.317579146319999836e+03 2.317553736320000098e+03 2.317528460300000006e+03 2.317503316939999877e+03 2.317478306900000007e+03 2.317453427540000121e+03 2.317428679520000060e+03 2.317404060859999845e+03 2.317379570900000090e+03 2.317355209639999885e+03 2.317330975100000160e+03 2.317306866620000164e+03 2.317282884199999899e+03 2.317259025859999838e+03 2.317235292259999824e+03
2.225588478319999922e+03 2.225575457840000126e+03 2.225562504680000075e+03 2.225549618840000221e+03 2.225536800320000111e+03 2.225524049120000200e+03 2.225511363919999894e+03 2.225498745379999946e+03 2.225486193499999899e+03 2.225473707619999914e+03 2.225461287080000147e+03 2.225448933199999829e+03 2.225436643999999887e+03 2.225424420800000007e+03 2.225412262280000050e+03 2.225400169099999857e+03 2.225388141259999884e+03 2.225376177439999992e+03 2.225364278959999865e+03 2.225352444499999820e+03 2.225340674059999856e+03 2.225328968299999815e+03 2.225317326559999856e+03 2.225305748839999978e+03 2.225294235140000183e+03 2.225282785460000014e+03 2.225271399140000085e+03 2.225260076179999942e+03 2.225248816580000039e+03 2.225237621000000217e+03 2.225226488119999885e+03 2.225215418599999794e+03 2.225204412439999942e+03 2.225193468980000034e+03 2.225182588879999912e+03 2.225171771480000189e+03 2.225161016779999954e+03 2.225150325439999961e+03 2.225139696140000069e+03 2.225129129540000122e+03 2.225118625640000118e+03 2.225108183780000218e+03 2.225097804619999806e+03 2.225087488160000248e+03 2.225077233739999883e+03 2.225067041360000076e+03 2.225056911680000212e+03 2.225046844039999996e+03 2.225036837780000042e+03 2.225026894220000031e+03
2.137441310419999809e+03 2.137431292939999821e+03 2.137421330900000157e+03 2.137411424299999908e+03 2.137401571819999845e+03 2.137391773459999968e+03 2.137382029219999822e+03 2.137372339099999863e+03 2.137362701779999952e+03 2.137353117919999931e+03 2.137343587519999801e+03 2.137334108600000036e+03 2.137324682479999865e+03 2.137315308499999901e+03 2.137305985340000007e+03 2.137296714319999865e+03 2.137287493459999951e+03 2.137278324079999948e+03 2.137269204860000173e+03 2.137260135139999875e+03 2.137251115579999805e+03 2.137242145520000122e+03 2.137233224300000074e+03 2.137224351920000117e+03 2.137215527719999955e+03 2.137206751700000041e+03 2.137198023859999921e+03 2.137189343540000209e+03 2.137180710080000154e+03 2.137172123480000209e+03 2.137163583739999922e+03 2.137155090199999904e+03 2.137146642199999860e+03 2.137138240400000086e+03 2.137129883479999990e+03 2.137121572099999867e+03 2.137113304940000035e+03 2.137105082659999880e+03 2.137096904600000016e+03 2.137088769439999851e+03 2.137080678499999976e+03 2.137072631120000096e+03 2.137064625980000073e+03 2.137056663740000204e+03 2.137048744400000032e+03 2.137040866639999876e+03 2.137033030460000191e+03 2.137025236519999908e+03 2.137017483499999798e+03 2.137009771399999863e+03
2.046893640257600055e+03 2.046893934518599963e+03 2.046894228436399999e+03 2.046894522017599911e+03 2.046894815248999976e+03 2.046895108123999989e+03 2.046895400635999977e+03 2.046895692784999937e+03 2.046895984551199945e+03 2.046896275934599998e+03 2.046896566921999920e+03 2.046896857513399937e+03 2.046897147695600097e+03 2.046897437461999971e+03 2.046897726806000037e+03 2.046898015714399889e+03 2.046898304180600007e+03 2.046898592191399985e+03 2.046898879746800048e+03 2.046899166833600020e+03 2.046899453438599949e+03 2.046899739555200085e+03 2.046900025176800000e+03 2.046900310290199968e+03 2.046900594888800015e+03 2.046900878959399961e+03 2.046901162488800082e+03 2.046901445476999925e+03 2.046901727904200015e+03 2.046902009763799924e+03 2.046902291049199903e+03 2.046902571740600024e+03 2.046902851838000061e+03 2.046903131321600085e+03 2.046903410191400098e+03 2.046903688427599945e+03 2.046903966016999902e+03 2.046904242959599969e+03 2.046904519235599992e+03 2.046904794838399994e+03 2.046905069761400000e+03 2.046905343978200108e+03 2.046905617495400065e+03 2.046905890293199946e+03 2.046906162358400024e+03 2.046906433684400099e+03 2.046906704257999991e+03 2.046906974065999975e+03 2.046907243108400053e+03 2.046907511358800093e+03
1.956305580920000011e+03 1.956316219459999957e+03 1.956326801239999895e+03 1.956337328240000033e+03 1.956347799140000006e+03 1.956358214600000110e+03 1.956368575279999959e+03 1.956378881840000076e+03 1.956389133619999939e+03 1.956399331280000069e+03 1.956409475480000083e+03 1.956419566219999979e+03 1.956429604160000054e+03 1.956439589300000080e+03 1.956449521640000057e+03 1.956459401840000055e+03 1.956469230559999914e+03 1.956479007800000090e+03 1.956488733559999901e+03 1.956498409159999937e+03 1.956508033280000063e+03 1.956517607900000030e+03 1.956527132359999996e+03 1.956536607320000030e+03 1.956546033439999974e+03 1.956555410720000054e+03 1.956564739160000045e+03 1.956574019420000013e+03 1.956583251499999960e+03 1.956592436059999955e+03 1.956601573760000065e+03 1.956610663939999995e+03 1.956619707920000110e+03 1.956628705699999955e+03 1.956637657279999985e+03 1.956646562659999972e+03 1.956655423160000055e+03 1.956664238780000005e+03 1.956673009520000051e+03 1.956681735379999964e+03 1.956690417680000110e+03 1.956699055759999965e+03 1.956707650280000053e+03 1.956716201239999918e+03 1.956724709300000086e+03 1.956733175119999942e+03 1.956741598040000099e+03 1.956749979380000013e+03 1.956758318480000071e+03 1.956766615999999885e+03
1.868207032580000032e+03 1.868220628580000039e+03 1.868234156600000006e+03 1.868247617300000002e+03 1.868261009360000116e+03 1.868274334100000033e+03 1.868287591519999978e+03 1.868300781619999952e+03 1.868313905060000025e+03 1.868326961179999898e+03 1.868339950640000097e+03 1.868352874100000008e+03 1.868365730900000017e+03 1.868378521699999965e+03 1.868391246500000079e+03 1.868403905299999906e+03 1.868416498759999968e+03 1.868429026219999969e+03 1.868441488339999978e+03 1.868453885119999995e+03 1.868466216560000021e+03 1.868478482660000054e+03 1.868490684079999937e+03 1.868502820819999897e+03 1.868514892220000092e+03 1.868526898939999910e+03 1.868538841640000101e+03 1.868550719000000072e+03 1.868562532339999962e+03 1.868574280999999928e+03 1.868585965640000040e+03 1.868597585600000002e+03 1.868609141540000110e+03 1.868620633459999908e+03 1.868632061360000080e+03 1.868643425239999942e+03 1.868654725099999951e+03 1.868665960939999877e+03 1.868677132759999949e+03 1.868688241220000009e+03 1.868699285659999987e+03 1.868710266080000110e+03 1.868721183139999994e+03 1.868732036180000023e+03 1.868742825860000039e+03 1.868753552180000042e+03 1.868764215140000033e+03 1.868774814079999942e+03 1.868785349660000065e+03 1.868795822540000017e+03
1.775201264779999974e+03 1.775232585740000104e+03 1.775263739060000034e+03 1.775294726059999903e+03 1.775325547400000005e+03 1.775356204400000024e+03 1.775386697059999960e+03 1.775417026699999951e+03 1.775447193980000065e+03 1.775477200219999986e+03 1.775507046740000078e+03 1.775536732880000045e+03 1.775566261279999935e+03 1.775595631939999976e+03 1.775624846180000077e+03 1.775653904660000080e+03 1.775682808699999896e+03 1.775711558960000048e+03 1.775740156099999922e+03 1.775768601440000111e+03 1.775796896300000071e+03 1.775825040680000029e+03 1.775853036559999964e+03 1.775880883940000103e+03 1.775908584799999971e+03 1.775936139140000023e+03 1.775963548940000010e+03 1.775990814199999932e+03 1.776017936239999926e+03 1.776044915720000063e+03 1.776071754619999865e+03 1.776098452279999947e+03 1.776125011340000128e+03 1.776151431140000113e+03 1.776177713659999881e+03 1.776203859559999955e+03 1.776229869499999950e+03 1.776255744800000002e+03 1.776281486119999954e+03 1.776307094779999943e+03 1.776332570779999969e+03 1.776357915439999942e+03 1.776383130080000001e+03 1.776408215359999986e+03 1.776433171939999966e+03 1.776458000480000010e+03 1.776482702300000028e+03 1.776507278060000090e+03 1.776531727759999967e+03 1.776556054040000163e+03
1.689524622079999972e+03 1.689551513780000050e+03 1.689578268859999980e+03 1.689604887980000058e+03 1.689631371140000056e+03 1.689657719000000043e+03 1.689683932220000088e+03 1.689710010799999964e+03 1.689735955399999966e+03 1.689761766679999937e+03 1.689787444640000103e+03 1.689812989940000080e+03 1.689838401920000024e+03 1.689863682560000143e+03 1.689888830540000072e+03 1.689913847179999948e+03 1.689938732479999999e+03 1.689963487100000066e+03 1.689988110380000080e+03 1.690012603639999952e+03 1.690036966220000068e+03 1.690061199440000109e+03 1.690085302640000009e+03 1.690109276480000062e+03 1.690133120299999973e+03 1.690156835419999879e+03 1.690180421840000008e+03 1.690203879560000132e+03 1.690227208580000024e+03 1.690250408899999911e+03 1.690273481839999931e+03 1.690296426079999947e+03 1.690319242280000026e+03 1.690341931100000011e+03 1.690364492539999901e+03 1.690386925940000083e+03 1.690409232620000012e+03 1.690431411260000004e+03 1.690453463840000040e+03 1.690475388379999913e+03 1.690497186860000056e+03 1.690518858619999946e+03 1.690540402999999969e+03 1.690561821320000035e+03 1.690583113579999917e+03 1.690604279120000001e+03 1.690625318599999900e+03 1.690646231360000002e+03 1.690667018719999987e+03 1.690687680020000016e+03
1.594091517500000009e+03 1.594143571699999939e+03 1.594195346060000020e+03 1.594246842560000005e+03 1.594298063180000099e+03 1.594349008579999918e+03 1.594399680739999894e+03 1.594450080979999939e+03 1.594500210619999962e+03 1.594550070979999873e+03 1.594599663380000038e+03 1.594648990460000050e+03 1.594698052879999977e+03 1.594746852620000027e+03 1.594795390340000040e+03 1.594843668019999996e+03 1.594891687640000100e+03 1.594939451180000106e+03 1.594986958640000012e+03 1.595034212659999866e+03 1.595081214560000035e+03 1.595127965659999973e+03 1.595174468599999955e+03 1.595220723379999981e+03 1.595266732640000100e+03 1.595312497699999994e+03 1.595358020539999870e+03 1.595403301820000024e+03 1.595448343519999980e+03 1.595493147619999945e+03 1.595537715440000056e+03 1.595582048299999997e+03 1.595626147519999904e+03 1.595670015740000053e+03 1.595713652959999990e+03 1.595757062480000059e+03 1.595800244300000031e+03 1.595843200400000114e+03 1.595885932760000060e+03 1.595928442039999936e+03 1.595970730880000019e+03 1.596012799279999854e+03 1.596054649879999943e+03 1.596096283999999969e+03 1.596137702300000001e+03 1.596178906760000018e+03 1.596219898699999931e+03 1.596260679439999876e+03 1.596301250299999992e+03 1.596341612599999962e+03
1.510858919479999940e+03 1.510899087079999845e+03 1.510939048759999878e+03 1.510978805839999950e+03 1.511018357659999992e+03 1.511057706860000053e+03 1.511096852119999994e+03 1.511135795419999795e+03 1.511174536760000137e+03 1.511213076799999953e+03 1.511251416860000063e+03 1.511289556279999942e+03 1.511327496379999957e+03 1.511365237819999948e+03 1.511402781259999983e+03 1.511440126039999996e+03 1.511477274139999963e+03 1.511514224900000045e+03 1.511550979639999923e+03 1.511587537699999984e+03 1.511623900399999911e+03 1.511660067740000159e+03 1.511696040379999886e+03 1.511731818320000002e+03 1.511767402879999963e+03 1.511802792739999859e+03 1.511837989879999895e+03 1.511872993640000004e+03 1.511907804020000185e+03 1.511942422999999962e+03 1.511976848599999812e+03 1.512011082799999940e+03 1.512045125600000119e+03 1.512078977000000123e+03 1.512112636999999950e+03 1.512146106260000124e+03 1.512179384119999895e+03 1.512212472560000151e+03 1.512245370260000072e+03 1.512278077880000183e+03 1.512310595420000027e+03 1.512342923539999902e+03 1.512375062900000103e+03 1.512407012180000038e+03 1.512438772699999845e+03 1.512470344459999978e+03 1.512501727459999984e+03 1.512532922359999930e+03 1.512563928499999975e+03 1.512594746539999960e+03
1.412994168319999972e+03 1.413067046180000034e+03 1.413139532000000145e+03 1.413211629079999966e+03 1.413283337419999953e+03 1.413354660980000062e+03 1.413425600419999910e+03 1.413496157719999928e+03 1.413566335519999939e+03 1.413636135799999920e+03 1.413705560540000079e+03 1.413774611060000097e+03 1.413843290660000093e+03 1.413911600660000204e+03 1.413979543700000022e+03 1.414047121099999913e+03 1.414114335499999925e+03 1.414181188880000036e+03 1.414247683879999840e+03 1.414313821820000157e+03 1.414379605340000126e+03 1.414445036420000179e+03 1.414510117700000137e+03 1.414574851159999980e+03 1.414639238119999845e+03 1.414703281879999849e+03 1.414766984419999972e+03 1.414830347059999895e+03 1.414893373100000190e+03 1.414956063860000086e+03 1.415018421979999857e+03 1.415080449439999938e+03 1.415142148219999854e+03 1.415203520959999878e+03 1.415264568980000149e+03 1.415325294920000033e+03 1.415385701420000032e+03 1.415445789139999988e+03 1.415505562039999859e+03 1.415565020120000099e+03 1.415624167339999985e+03 1.415683004359999813e+03 1.415741533819999859e+03 1.415799757039999804e+03 1.415857677319999993e+03 1.415915295979999883e+03 1.415972614340000064e+03 1.416029635039999903e+03 1.416086360060000061e+03 1.416142790719999994e+03
1.332218898800000034e+03 1.332272319199999856e+03 1.332325468999999885e+03 1.332378334999999879e+03 1.332430930399999852e+03 1.332483255200000031e+03 1.332535309399999960e+03 1.332587086399999862e+03 1.332638592799999969e+03 1.332689835199999834e+03 1.332740807000000132e+03 1.332791508199999953e+03 1.332841938799999980e+03 1.332892111999999997e+03 1.332942014599999993e+03 1.332991653199999973e+03 1.333041021199999932e+03 1.333090131800000108e+03 1.333138978400000042e+03 1.333187567599999966e+03 1.333235886200000095e+03 1.333283947399999988e+03 1.333331751199999871e+03 1.333379290999999967e+03 1.333426573400000052e+03 1.333473598399999901e+03 1.333520365999999967e+03 1.333566869600000018e+03 1.333613122400000066e+03 1.333659111200000098e+03 1.333704849199999899e+03 1.333750329799999918e+03 1.333795552999999927e+03 1.333840525399999933e+03 1.333885240399999930e+03 1.333929697999999917e+03 1.333973904800000128e+03 1.334017860800000108e+03 1.334061559400000078e+03 1.334105000600000039e+03 1.334148197600000003e+03 1.334191137199999957e+03 1.334233826000000136e+03 1.334276264000000083e+03 1.334318451200000027e+03 1.334360387600000195e+03 1.334402066600000126e+03 1.334443501400000059e+03 1.334484685399999989e+03 1.334525618600000143e+03
1.231906092799999897e+03 1.231999925000000076e+03 1.232093255600000020e+03 1.232186084599999958e+03 1.232278412000000117e+03 1.232370237800000041e+03 1.232461575199999970e+03 1.232552417599999899e+03 1.232642771600000060e+03 1.232732637199999999e+03 1.232822020999999950e+03 1.232910922999999912e+03 1.232999343200000112e+03 1.233087281600000097e+03 1.233174751399999877e+03 1.233261752599999909e+03 1.233348278599999958e+03 1.233434342600000036e+03 1.233519937999999911e+03 1.233605071399999815e+03 1.233689749399999982e+03 1.233773978599999964e+03 1.233857745799999975e+03 1.233941064200000028e+03 1.234023940399999901e+03 1.234106367800000044e+03 1.234188353000000006e+03 1.234269896000000017e+03 1.234351009999999860e+03 1.234431681799999978e+03 1.234511931199999935e+03 1.234591745000000174e+03 1.234671136400000023e+03 1.234750105399999939e+03 1.234828651999999920e+03 1.234906782800000201e+03 1.234984497800000099e+03 1.235061803600000076e+03 1.235138700200000130e+03 1.235215187600000036e+03 1.235291265800000019e+03 1.235366948000000093e+03 1.235442227600000024e+03 1.235517117800000051e+03 1.235591605399999935e+03 1.235665703600000143e+03 1.235739412399999992e+03 1.235812738399999944e+03 1.235885681599999998e+03 1.235958235399999921e+03
1.153611249799999996e+03 1.153677916399999958e+03 1.153744233200000053e+03 1.153810200200000054e+03 1.153875824000000193e+03 1.153941097999999783e+03 1.154006035400000201e+03 1.154070629599999847e+03 1.154134880600000088e+03 1.154198795000000018e+03 1.154262366200000088e+03 1.154325607400000081e+03 1.154388505399999985e+03 1.154451073400000041e+03 1.154513304800000014e+03 1.154575206199999911e+03 1.154636770999999953e+03 1.154698005799999919e+03 1.154758910600000036e+03 1.154819485399999849e+03 1.154879730199999813e+03 1.154939651600000161e+03 1.154999243000000206e+03 1.155058510999999953e+03 1.155117448999999851e+03 1.155176063599999907e+03 1.155234354799999892e+03 1.155292322599999807e+03 1.155349973599999885e+03 1.155407294600000114e+03 1.155464298800000051e+03 1.155520979599999919e+03 1.155577343599999949e+03 1.155633390800000143e+03 1.155689114599999812e+03 1.155744521600000098e+03 1.155799605199999860e+03 1.155854378600000018e+03 1.155908835199999885e+03 1.155962974999999915e+03 1.156016798000000108e+03 1.156070304200000010e+03 1.156123500199999853e+03 1.156176379399999860e+03 1.156228948400000036e+03 1.156281200599999920e+03 1.156333142599999974e+03 1.156384767800000191e+03 1.156436082799999895e+03 1.156487094200000001e+03
1.050848437999999987e+03 1.050963377000000037e+03 1.051077702200000203e+03 1.051191413600000033e+03 1.051304511199999979e+03 1.051416995000000043e+03 1.051528871600000002e+03 1.051640147600000091e+03 1.051750823000000082e+03 1.051860904399999981e+03 1.051970385199999782e+03 1.052079278599999952e+03 1.052187578000000030e+03 1.052295296600000029e+03 1.052402427800000169e+03 1.052508978200000001e+03 1.052614954399999988e+03 1.052720362999999907e+03 1.052825197399999979e+03 1.052929464199999984e+03 1.053033163399999921e+03 1.053136308200000030e+03 1.053238891999999851e+03 1.053340921399999843e+03 1.053442403000000013e+03 1.053543336799999906e+03 1.053643722799999978e+03 1.053743574200000012e+03 1.053842877799999997e+03 1.053941653399999950e+03 1.054039901000000100e+03 1.054137613999999985e+03 1.054234805600000072e+03 1.054331475800000135e+03 1.054427624599999945e+03 1.054523258599999963e+03 1.054618384400000195e+03 1.054712995399999954e+03 1.054807104800000161e+03 1.054900712600000134e+03 1.054993818800000099e+03 1.055086429999999837e+03 1.055178546199999801e+03 1.055270173999999997e+03 1.055361313400000199e+03 1.055451970999999958e+03 1.055542146799999955e+03 1.055631847399999970e+03 1.055721066199999996e+03 1.055809823000000051e+03
9.750437617999998565e+02 9.751236746000001858e+02 9.752031583999998929e+02 9.752822264000001269e+02 9.753608785999999782e+02 9.754391084000001229e+02 9.755169224000001122e+02 9.755943205999999464e+02 9.756713095999998586e+02 9.757478828000000703e+02 9.758240534000001389e+02 9.758998082000000522e+02 9.759751604000000498e+02 9.760501099999999042e+02 9.761246503999998367e+02 9.761987881999998535e+02 9.762725299999999606e+02 9.763458625999999185e+02 9.764188057999999728e+02 9.764913464000001113e+02 9.765634843999998793e+02 9.766352329999999711e+02 9.767065921999999318e+02 9.767775487999999768e+02 9.768481160000001182e+02 9.769182937999999012e+02 9.769880822000000080e+02 9.770574811999999838e+02 9.771264908000000560e+02 9.771951109999999971e+02 9.772633484000000408e+02 9.773311963999999534e+02 9.773986615999999685e+02 9.774657374000000800e+02 9.775324369999998453e+02 9.775987537999999404e+02 9.776646877999999106e+02 9.777302389999999832e+02 9.777954139999999370e+02 9.778602061999999933e+02 9.779246221999999307e+02 9.779886553999999705e+02 9.780523123999998916e+02 9.781155997999999272e+02 9.781785043999998379e+02 9.782410394000000906e+02 9.783031981999999971e+02 9.783649808000000121e+02 9.784263938000001417e+02 9.784874306000001525e+02
8.698258490000000620e+02 8.699620795999999245e+02 8.700975775999997950e+02 8.702323496000001342e+02 8.703663890000000265e+02 8.704997090000001663e+02 8.706323095999998714e+02 8.707641974000000573e+02 8.708953723999998147e+02 8.710258345999998255e+02 8.711555906000000959e+02 8.712846470000001773e+02 8.714130037999998422e+02 8.715406676000000061e+02 8.716676317999999810e+02 8.717939096000000063e+02 8.719195076000000881e+02 8.720444191999999930e+02 8.721686509999999544e+02 8.722922161999999844e+02 8.724151015999998435e+02 8.725373270000000048e+02 8.726588858000000073e+02 8.727797845999998572e+02 8.729000300000000152e+02 8.730196220000000267e+02 8.731385605999998916e+02 8.732568589999998494e+02 8.733745172000001276e+02 8.734915352000000439e+02 8.736079196000000593e+02 8.737236703999999463e+02 8.738388007999999445e+02 8.739533107999998265e+02 8.740671938000000409e+02 8.741804695999999240e+02 8.742931315999999242e+02 8.744051798000000417e+02 8.745166340000000673e+02 8.746274809999999889e+02 8.747377340000000459e+02 8.748473930000000109e+02 8.749564580000001115e+02 8.750649421999999049e+02 8.751728455999998459e+02 8.752801682000001620e+02 8.753869165999999495e+02 8.754930908000001182e+02 8.755986973999999918e+02 8.757037430000000313e+02
7.965294830000000275e+02 7.966226684000000660e+02 7.967153522000000976e+02 7.968075409999999010e+02 7.968992282000001524e+02 7.969904335999999603e+02 7.970811439999999948e+02 7.971713594000000285e+02 7.972610996000000796e+02 7.973503448000001299e+02 7.974391148000001976e+02 7.975274029999998220e+02 7.976152093999999124e+02 7.977025340000000142e+02 7.977893899999999121e+02 7.978757708000000548e+02 7.979616763999999876e+02 7.980471133999999438e+02 7.981320817999999235e+02 7.982165816000001541e+02 7.983006128000001809e+02 7.983841820000000098e+02 7.984672892000000957e+02 7.985499277999999777e+02 7.986321109999998953e+02 7.987138388000000759e+02 7.987951046000000588e+02 7.988759149999998499e+02 7.989562633999998980e+02 7.990361695999999938e+02 7.991156137999998919e+02 7.991946091999998316e+02 7.992731558000000405e+02 7.993512535999998363e+02 7.994289025999999012e+02 7.995061028000000078e+02 7.995828542000001562e+02 7.996591634000001250e+02 7.997350303999999142e+02 7.998104551999999785e+02 7.998854312000000846e+02 7.999599716000000171e+02 8.000340697999999975e+02 8.001077324000000317e+02 8.001809527999998863e+02 8.002537376000000222e+02 8.003260867999999846e+02 8.003980004000000008e+02 8.004694784000000709e+02 8.005405207999999675e+02
6.888196411999999782e+02 6.889773877999998604e+02 6.891342830000000959e+02 6.892903333999997812e+02 6.894455522000000656e+02 6.895999262000000272e+02 6.897534751999999116e+02 6.899061992000001737e+02 6.900580916000001253e+02 6.902091656000000057e+02 6.903594212000000425e+02 6.905088650000000143e+02 6.906574969999999212e+02 6.908053237999999965e+02 6.909523454000000129e+02 6.910985749999999825e+02 6.912440059999998994e+02 6.913886449999999968e+02 6.915324920000000475e+02 6.916755668000000696e+02 6.918178561999998237e+02 6.919593734000000040e+02 6.921001183999999284e+02 6.922400912000000517e+02 6.923793115999999372e+02 6.925177664000000277e+02 6.926554688000001079e+02 6.927924188000001777e+02 6.929286229999997886e+02 6.930640880000000834e+02 6.931988138000001527e+02 6.933328003999999964e+02 6.934660676000000876e+02 6.935986022000001867e+02 6.937304174000000785e+02 6.938615132000002177e+02 6.939918961999999283e+02 6.941215730000001258e+02 6.942505436000001282e+02 6.943788145999999415e+02 6.945063860000000204e+02 6.946332709999999224e+02 6.947594630000000961e+02 6.948849686000000929e+02 6.950098010000001523e+02 6.951339536000000408e+02 6.952574329999999918e+02 6.953802392000000054e+02 6.955023920000000999e+02 6.956238782000000356e+02
6.180774421999999504e+02 6.181839727999999923e+02 6.182899226000001818e+02 6.183952982000000702e+02 6.185001061999998910e+02 6.186043400000000929e+02 6.187080061999999998e+02 6.188111048000000665e+02 6.189136423999998442e+02 6.190156190000000151e+02 6.191170346000001246e+02 6.192178957999999511e+02 6.193182091999999557e+02 6.194179616000001261e+02 6.195171728000000257e+02 6.196158295999998700e+02 6.197139451999998983e+02 6.198115195999998832e+02 6.199085462000000462e+02 6.200050381999999445e+02 6.201009890000000269e+02 6.201964118000000781e+02 6.202912933999998586e+02 6.203856470000000627e+02 6.204794660000000022e+02 6.205727570000001379e+02 6.206655200000000150e+02 6.207577615999998670e+02 6.208494817999999213e+02 6.209406739999999445e+02 6.210313513999999486e+02 6.211215074000001550e+02 6.212111419999998816e+02 6.213002618000000439e+02 6.213888733999999658e+02 6.214769635999998627e+02 6.215645455999999740e+02 6.216516194000000723e+02 6.217381849999999304e+02 6.218242357999999967e+02 6.219097850000000562e+02 6.219948325999998815e+02 6.220793719999999212e+02 6.221634031999999479e+02 6.222469393999999738e+02 6.223299739999999929e+02 6.224125136000000111e+02 6.224945516000000225e+02 6.225760946000000331e+02 6.226571360000000368e+02
5.078438858000001801e+02 5.080233728000000610e+02 5.082018961999999647e+02 5.083794692000001305e+02 5.085560917999998765e+02 5.087317640000001120e+02 5.089064924000001611e+02 5.090802836000000298e+02 5.092531375999999455e+02 5.094250609999999142e+02 5.095960471999999299e+02 5.097661160000000109e+02 5.099352607999999236e+02 5.101034881999999016e+02 5.102708047999999508e+02 5.104372106000000713e+02 5.106027122000000418e+02 5.107673162000000957e+02 5.109310226000000057e+02 5.110938313999999991e+02 5.112557558000000881e+02 5.114167958000000453e+02 5.115769580000001042e+02 5.117362424000000374e+02 5.118946622000000843e+02 5.120522108000000117e+02 5.122089013999998315e+02 5.123647339999999986e+02 5.125197085999998308e+02 5.126738384000000224e+02 5.128271233999998913e+02 5.129795767999999043e+02 5.131311854000000494e+02 5.132819689999998900e+02 5.134319276000001082e+02 5.135810612000000219e+02 5.137293763999998646e+02 5.138768864000001031e+02 5.140235845999998219e+02 5.141694841999999426e+02 5.143145786000000044e+02 5.144588810000000194e+02 5.146023979999999938e+02 5.147451296000001548e+02 5.148870758000000478e+02 5.150282497999999123e+02 5.151686515999999756e+02 5.153082812000000104e+02 5.154471583999998074e+02 5.155852700000000368e+02
4.396567118000000391e+02 4.397766997999999603e+02 4.398960211999999501e+02 4.400146958000000268e+02 4.401327103999999508e+02 4.402500782000001891e+02 4.403667926000000534e+02 4.404828668000000107e+02 4.405983008000000609e+02 4.407130945999999767e+02 4.408272481999999854e+02 4.409407747999998719e+02 4.410536678000000848e+02 4.411659338000001753e+02 4.412775728000001436e+02 4.413885847999999896e+02 4.414989829999999529e+02 4.416087608000000273e+02 4.417179247999999916e+02 4.418264749999998457e+02 4.419344114000000445e+02 4.420417406000001392e+02 4.421484626000001299e+02 4.422545774000000165e+02 4.423600982000000386e+02 4.424650117999999566e+02 4.425693314000000100e+02 4.426730569999999716e+02 4.427761820000000625e+02 4.428787196000000677e+02 4.429806697999999869e+02 4.430820326000000478e+02 4.431828014000000167e+02 4.432829959999999119e+02 4.433826031999999486e+02 4.434816296000001330e+02 4.435800752000000102e+02 4.436779466000000411e+02 4.437752437999999984e+02 4.438719601999998758e+02 4.439681089999999131e+02 4.440636902000001101e+02 4.441587038000000121e+02 4.442531432000000677e+02 4.443470216000000619e+02 4.444403323999999884e+02 4.445330822000000808e+02 4.446252709999998842e+02 4.447168988000000809e+02 4.448079655999999886e+02
3.269345791999999165e+02 3.271360838000000513e+02 3.273365258000001177e+02 3.275358985999998822e+02 3.277342088000000331e+02 3.279314629999998942e+02 3.281276612000001478e+02 3.283228100000001177e+02 3.285169094000000314e+02 3.287099660000001222e+02 3.289019863999999416e+02 3.290929705999999442e+02 3.292829251999999087e+02 3.294718501999998352e+02 3.296597522000001845e+02 3.298466312000000471e+02 3.300325003999998899e+02 3.302173597999999402e+02 3.304012159999999767e+02 3.305840689999999995e+02 3.307659253999997873e+02 3.309467852000000221e+02 3.311266616000000340e+02 3.313055479999998170e+02 3.314834641999998439e+02 3.316603969999998753e+02 3.318363661999999294e+02 3.320113718000000063e+02 3.321854137999998784e+02 3.323584988000000067e+02 3.325306400000001759e+02 3.327018308000001525e+02 3.328720777999999427e+02 3.330413942000000134e+02 3.332097734000001310e+02 3.333772286000000804e+02 3.335437597999998616e+02 3.337093735999999353e+02 3.338740766000000804e+02 3.340378753999998480e+02 3.342007700000001478e+02 3.343627603999998428e+02 3.345238663999998607e+02 3.346840813999999682e+02 3.348434119999999439e+02 3.350018647999997938e+02 3.351594397999999728e+02 3.353161502000000382e+02 3.354719959999999901e+02 3.356269837999998344e+02
2.613159008000000085e+02 2.614495045999999547e+02 2.615823691999999028e+02 2.617144880000000740e+02 2.618458742000000257e+02 2.619765277999999853e+02 2.621064487999999528e+02 2.622356437999999343e+02 2.623641127999999298e+02 2.624918623999999454e+02 2.626188991999999871e+02 2.627452231999998276e+02 2.628708343999999215e+02 2.629957394000000477e+02 2.631199381999999787e+02 2.632434373999999480e+02 2.633662369999999555e+02 2.634883436000000074e+02 2.636097571999998763e+02 2.637304778000000169e+02 2.638505185999999867e+02 2.639698730000000069e+02 2.640885409999998501e+02 2.642065357999999833e+02 2.643238507999999456e+02 2.644404926000001979e+02 2.645564678000000640e+02 2.646717697999999928e+02 2.647864117999999962e+02 2.649003805999998349e+02 2.650136959999999817e+02 2.651263513999999759e+02 2.652383468000000448e+02 2.653496888000001945e+02 2.654603773999999703e+02 2.655704192000000603e+02 2.656798076000000037e+02 2.657885558000000401e+02 2.658966571999999360e+02 2.660041184000001522e+02 2.661109394000000066e+02 2.662171201999999539e+02 2.663226740000000063e+02 2.664275809999999183e+02 2.665318675999999414e+02 2.666355140000000574e+02 2.667385399999998299e+02 2.668409323999999287e+02 2.669427043999999114e+02 2.670438560000000052e+02
1.460416339999999309e+02 1.462654399999998986e+02 1.464880712000001495e+02 1.467095342000000073e+02 1.469298223999999209e+02 1.471489490000001297e+02 1.473669139999999516e+02 1.475837173999998413e+02 1.477993723999998110e+02 1.480138724000000821e+02 1.482272239999999783e+02 1.484394403999999668e+02 1.486505084000000352e+02 1.488604477999999744e+02 1.490692586000000119e+02 1.492769407999999203e+02 1.494835009999999329e+02 1.496889392000000498e+02 1.498932686000000558e+02 1.500964891999999509e+02 1.502986009999999624e+02 1.504996171999998751e+02 1.506995312000001377e+02 1.508983627999998589e+02 1.510960987999999361e+02 1.512927589999999327e+02 1.514883433999998488e+02 1.516828519999999116e+02 1.518762979999999061e+02 1.520686748000000534e+02 1.522599955999999111e+02 1.524502670000001672e+02 1.526394889999999123e+02 1.528276681999998345e+02 1.530148045999999340e+02 1.532009180000000015e+02 1.533859952000000249e+02 1.535700494000000162e+02 1.537530871999999817e+02 1.539351151999999274e+02 1.541161333999998533e+02 1.542961483999999928e+02 1.544751667999998972e+02 1.546531886000000213e+02 1.548302270000001499e+02 1.550062819999998283e+02 1.551813535999999658e+02 1.553554616000001261e+02 1.555285994000000755e+02 1.557007736000000477e+02
3.918738775400000122e+03 3.918605376200000137e+03 3.918472716199999923e+03 3.918340808599999946e+03 3.918209640199999740e+03 3.918079211000000214e+03 3.917949514400000226e+03 3.917820557000000008e+03 3.917692325600000004e+03 3.917564820200000213e+03 3.917438040799999726e+03 3.917311980800000129e+03 3.917186633600000278e+03 3.917062005799999952e+03 3.916938090800000282e+03 3.916814882000000125e+03 3.916692379399999936e+03 3.916570576399999936e+03 3.916449479599999904e+03 3.916329075799999828e+03 3.916209371599999940e+03 3.916090353800000230e+03 3.915972029000000020e+03 3.915854390599999988e+03 3.915737445199999911e+03 3.915621172999999999e+03 3.915505587200000264e+03 3.915390674600000239e+03 3.915276441799999702e+03 3.915162875600000007e+03 3.915049989199999800e+03 3.914937762800000201e+03 3.914826209599999856e+03 3.914715323000000353e+03 3.914605089799999860e+03 3.914495523200000207e+03 3.914386616599999797e+03 3.914278363399999762e+03 3.914170763600000100e+03 3.914063823800000137e+03 3.913957524200000080e+03 3.913851877999999942e+03 3.913746878599999945e+03 3.913642525999999634e+03 3.913538813600000140e+03 3.913435747999999876e+03 3.913333316000000195e+03 3.913231524199999967e+03 3.913130365999999867e+03 3.913029848000000129e+03
4.040312623400000120e+03 4.040068878799999766e+03 4.039826394800000344e+03 4.039585164799999802e+03 4.039345195400000193e+03 4.039106473400000141e+03 4.038869005399999878e+03 4.038632784800000081e+03 4.038397798400000283e+03 4.038164052799999808e+03 4.037931548000000021e+03 4.037700270799999998e+03 4.037470214599999963e+03 4.037241386000000148e+03 4.037013778399999865e+03 4.036787385200000244e+03 4.036562206399999923e+03 4.036338235399999576e+03 4.036115465599999879e+03 4.035893890399999691e+03 4.035673516400000153e+03 4.035454330399999890e+03 4.035236325800000031e+03 4.035019509200000357e+03 4.034803867399999945e+03 4.034589393799999925e+03 4.034376088400000299e+03 4.034163951200000156e+03 4.033952968999999939e+03 4.033743141799999648e+03 4.033534462999999960e+03 4.033326925999999730e+03 4.033120530799999869e+03 4.032915264199999910e+03 4.032711132800000087e+03 4.032508116799999698e+03 4.032306222799999887e+03 4.032105444200000420e+03 4.031905774400000155e+03 4.031707206799999767e+03 4.031509734799999933e+03 4.031313358399999743e+03 4.031118070999999873e+03 4.030923859399999856e+03 4.030730730199999925e+03 4.030538670199999615e+03 4.030347679399999834e+03 4.030157744600000115e+03 4.029968872399999782e+03 4.029781042999999954e+03
3.740722697600000174e+03 3.740602293800000098e+03 3.740482563200000186e+03 3.740363499199999751e+03 3.740245101800000157e+03 3.740127357800000027e+03 3.740010280399999829e+03 3.739893856400000004e+03 3.739778085800000099e+03 3.739662968599999658e+03 3.739548498199999813e+03 3.739434667999999874e+03 3.739321491200000310e+03 3.739208947999999964e+03 3.739097044999999980e+03 3.738985775600000125e+03 3.738875139799999943e+03 3.738765137600000344e+03 3.738655762399999730e+03 3.738547014200000376e+03 3.738438886400000229e+03 3.738331385599999976e+03 3.738224505199999840e+03 3.738118238600000041e+03 3.738012592400000358e+03 3.737907559999999648e+03 3.737803134800000407e+03 3.737699323400000139e+03 3.737596119199999976e+03 3.737493522199999916e+03 3.737391525800000181e+03 3.737290136600000096e+03 3.737189341399999648e+03 3.737089146799999980e+03 3.736989552799999728e+03 3.736890552799999568e+03 3.736792146799999955e+03 3.736694328200000200e+03 3.736597103600000082e+03 3.736500473000000056e+03 3.736404423199999655e+03 3.736308954199999789e+03 3.736214079200000015e+03 3.736119778400000087e+03 3.736026065000000017e+03 3.735932925799999794e+03 3.735840367400000105e+03 3.735748389800000041e+03 3.735656979800000045e+03 3.735566143999999895e+03
3.859279322599999887e+03 3.859058743999999933e+03 3.858839307199999894e+03 3.858621025399999780e+03 3.858403891999999814e+03 3.858187900400000217e+03 3.857973043999999845e+03 3.857759322800000064e+03 3.857546736799999962e+03 3.857335285999999996e+03 3.857124950599999920e+03 3.856915743800000200e+03 3.856707652399999915e+03 3.856500676399999975e+03 3.856294809199999690e+03 3.856090044200000193e+03 3.855886387999999897e+03 3.855683827400000155e+03 3.855482362400000056e+03 3.855281986400000278e+03 3.855082692799999677e+03 3.854884488199999851e+03 3.854687352799999644e+03 3.854491293200000200e+03 3.854296302800000376e+03 3.854102375000000393e+03 3.853909503200000017e+03 3.853717687399999704e+03 3.853526920999999675e+03 3.853337204000000384e+03 3.853148523200000000e+03 3.852960878599999887e+03 3.852774263600000268e+03 3.852588678199999777e+03 3.852404109199999766e+03 3.852220563199999560e+03 3.852038020400000278e+03 3.851856487399999878e+03 3.851675957599999947e+03 3.851496424399999796e+03 3.851317874599999868e+03 3.851140321400000175e+03 3.850963745000000017e+03 3.850788138799999615e+03 3.850613509400000112e+03 3.850439850200000365e+03 3.850267147999999906e+03 3.850095396200000323e+03 3.849924601400000029e+03 3.849754750399999921e+03
3.562643088200000420e+03 3.562535534600000119e+03 3.562428568399999676e+03 3.562322196199999780e+03 3.562216411400000197e+03 3.562111213999999563e+03 3.562006597399999919e+03 3.561902568200000132e+03 3.561799113199999738e+03 3.561696232400000099e+03 3.561593932400000085e+03 3.561492199999999684e+03 3.561391041800000039e+03 3.561290451200000007e+03 3.561190428200000042e+03 3.561090966199999912e+03 3.560992071800000303e+03 3.560893731799999841e+03 3.560795952800000123e+03 3.560698734800000238e+03 3.560602064599999721e+03 3.560505955399999948e+03 3.560410387400000218e+03 3.560315380399999867e+03 3.560220914600000015e+03 3.560126996599999984e+03 3.560033626399999775e+03 3.559940797400000065e+03 3.559848509599999943e+03 3.559756763000000319e+03 3.559665551000000050e+03 3.559574880199999825e+03 3.559484744000000319e+03 3.559395142399999713e+03 3.559306075399999827e+03 3.559217536399999972e+03 3.559129531999999926e+03 3.559042055599999912e+03 3.558955100600000151e+03 3.558868680200000199e+03 3.558782781200000045e+03 3.558697403600000143e+03 3.558612547400000039e+03 3.558528219199999967e+03 3.558444405799999913e+03 3.558361113800000112e+03 3.558278336599999875e+03 3.558196074200000112e+03 3.558114326599999913e+03 3.558033100399999967e+03
3.678226987399999871e+03 3.678029317399999854e+03 3.677832690199999888e+03 3.677637099200000193e+03 3.677442544399999861e+03 3.677249019200000021e+03 3.677056523600000219e+03 3.676865050999999767e+03 3.676674601400000029e+03 3.676485161599999628e+03 3.676296744799999942e+03 3.676109331200000270e+03 3.675922927399999935e+03 3.675737526799999614e+03 3.675553129400000216e+03 3.675369721999999911e+03 3.675187304600000061e+03 3.675005877200000214e+03 3.674825433200000134e+03 3.674645972600000277e+03 3.674467482199999722e+03 3.674289961999999832e+03 3.674113412000000153e+03 3.673937818999999763e+03 3.673763189599999805e+03 3.673589510599999812e+03 3.673416788599999563e+03 3.673245003799999722e+03 3.673074162799999613e+03 3.672904258999999911e+03 3.672735279200000150e+03 3.672567236599999887e+03 3.672400111400000242e+03 3.672233903600000303e+03 3.672068613200000073e+03 3.671904226999999992e+03 3.671740745000000061e+03 3.671578167200000280e+03 3.671416480400000182e+03 3.671255677999999989e+03 3.671095766599999934e+03 3.670936739599999783e+03 3.670778583799999979e+03 3.670621299200000067e+03 3.670464879199999814e+03 3.670309317199999896e+03 3.670154619799999637e+03 3.670000767200000155e+03 3.669847765999999865e+03 3.669695609600000353e+03
3.384544266200000038e+03 3.384449437400000079e+03 3.384355123399999684e+03 3.384261330799999996e+03 3.384168046400000094e+03 3.384075276800000211e+03 3.383983015400000113e+03 3.383891262199999801e+03 3.383800017200000184e+03 3.383709273800000119e+03 3.383619032000000061e+03 3.383529291800000010e+03 3.383440046600000187e+03 3.383351302999999916e+03 3.383263054400000328e+03 3.383175300800000059e+03 3.383088042200000018e+03 3.383001271999999972e+03 3.382914990199999920e+03 3.382829196799999863e+03 3.382743891799999801e+03 3.382659068599999955e+03 3.382574733800000104e+03 3.382490874199999780e+03 3.382407502999999906e+03 3.382324607000000015e+03 3.382242192800000339e+03 3.382160253800000191e+03 3.382078790000000026e+03 3.381997808000000077e+03 3.381917294599999877e+03 3.381837249799999881e+03 3.381757680199999868e+03 3.381678585800000292e+03 3.381599953400000231e+03 3.381521789600000375e+03 3.381444094399999813e+03 3.381366867800000364e+03 3.381290103199999976e+03 3.381213807199999792e+03 3.381137966600000254e+03 3.381062594600000011e+03 3.380987677999999960e+03 3.380913223399999879e+03 3.380839230800000223e+03 3.380765693599999850e+03 3.380692618399999901e+03 3.380619991999999911e+03 3.380547827600000346e+03 3.380476112000000285e+03
3.497122551800000110e+03 3.496947579199999836e+03 3.496773537199999737e+03 3.496600412599999800e+03 3.496428211999999803e+03 3.496256935399999747e+03 3.496086562999999842e+03 3.495917107999999644e+03 3.495748557200000050e+03 3.495580917199999931e+03 3.495414168199999949e+03 3.495248323400000118e+03 3.495083369599999969e+03 3.494919313399999737e+03 3.494756135000000086e+03 3.494593847600000117e+03 3.494432431400000041e+03 3.494271899599999870e+03 3.494112232399999812e+03 3.493953436400000101e+03 3.493795505000000048e+03 3.493638438200000110e+03 3.493482222800000272e+03 3.493326858800000082e+03 3.493172339599999759e+03 3.493018671799999993e+03 3.492865842199999861e+03 3.492713844199999585e+03 3.492562684399999853e+03 3.492412342999999964e+03 3.492262833199999932e+03 3.492114135199999964e+03 3.491966255600000295e+03 3.491819187799999781e+03 3.491672925200000009e+03 3.491527461200000289e+03 3.491382795800000167e+03 3.491238922399999865e+03 3.491095834400000058e+03 3.490953538400000070e+03 3.490812014600000111e+03 3.490671269599999960e+03 3.490531296799999836e+03 3.490392089599999963e+03 3.490253641399999651e+03 3.490115958800000044e+03 3.489979021999999986e+03 3.489842837600000166e+03 3.489707398999999896e+03 3.489572699599999851e+03
3.206377952599999844e+03 3.206295789200000399e+03 3.206214061399999991e+03 3.206132782399999996e+03 3.206051945600000181e+03 3.205971544400000312e+03 3.205891585400000167e+03 3.205812055399999736e+03 3.205732960999999705e+03 3.205654302199999620e+03 3.205576078999999936e+03 3.205498278199999731e+03 3.205420912999999928e+03 3.205343970200000058e+03 3.205267456399999901e+03 3.205191371599999911e+03 3.205115709199999856e+03 3.205040462599999955e+03 3.204965645000000222e+03 3.204891249799999969e+03 3.204817270399999870e+03 3.204743706799999927e+03 3.204670565599999918e+03 3.204597833599999831e+03 3.204525523999999677e+03 3.204453623600000356e+03 3.204382139000000279e+03 3.204311070199999904e+03 3.204240410600000359e+03 3.204170160200000282e+03 3.204100319000000127e+03 3.204030886999999893e+03 3.203961864200000036e+03 3.203893250600000101e+03 3.203825039599999855e+03 3.203757237799999984e+03 3.203689838599999803e+03 3.203622841999999764e+03 3.203556247999999869e+03 3.203490056599999662e+03 3.203424274400000286e+03 3.203358881600000132e+03 3.203293897999999899e+03 3.203229310400000031e+03 3.203165118800000073e+03 3.203101329799999803e+03 3.203037936799999898e+03 3.202974939799999902e+03 3.202912338799999816e+03 3.202850133799999639e+03
3.315989755999999943e+03 3.315837249799999881e+03 3.315685555400000339e+03 3.315534672800000408e+03 3.315384588800000074e+03 3.315235316600000260e+03 3.315086836399999811e+03 3.314939161400000103e+03 3.314792271799999980e+03 3.314646174200000132e+03 3.314500868600000103e+03 3.314356341800000337e+03 3.314212600400000156e+03 3.314069637800000237e+03 3.313927440800000113e+03 3.313786022600000251e+03 3.313645370000000185e+03 3.313505476400000134e+03 3.313366348399999879e+03 3.313227979400000095e+03 3.313090356200000315e+03 3.312953485399999863e+03 3.312817360399999870e+03 3.312681981200000337e+03 3.312547334599999886e+03 3.312413420599999881e+03 3.312280245800000102e+03 3.312147790400000304e+03 3.312016061000000263e+03 3.311885051000000203e+03 3.311754753799999889e+03 3.311625169400000232e+03 3.311496291200000087e+03 3.311368119200000365e+03 3.311240640199999689e+03 3.311113867399999890e+03 3.310987774399999580e+03 3.310862374399999680e+03 3.310737660799999958e+03 3.310613626999999724e+03 3.310490266400000110e+03 3.310367578999999751e+03 3.310245551599999999e+03 3.310124197399999957e+03 3.310003503200000068e+03 3.309883462400000099e+03 3.309764068399999815e+03 3.309645327799999905e+03 3.309527234000000135e+03 3.309409773800000039e+03
3.028151737400000002e+03 3.028082206399999905e+03 3.028013045000000147e+03 3.027944253200000276e+03 3.027875837600000068e+03 3.027807784999999967e+03 3.027740101999999752e+03 3.027672782000000097e+03 3.027605831599999874e+03 3.027539237599999979e+03 3.027473013199999968e+03 3.027407145199999832e+03 3.027341640199999802e+03 3.027276498199999878e+03 3.027211712599999828e+03 3.027147283400000106e+03 3.027083217200000036e+03 3.027019500800000060e+03 3.026956140799999957e+03 3.026893130599999949e+03 3.026830483400000048e+03 3.026768179400000008e+03 3.026706231799999841e+03 3.026644640600000002e+03 3.026583392600000025e+03 3.026522494400000141e+03 3.026461952600000131e+03 3.026401753999999983e+03 3.026341898600000150e+03 3.026282392999999956e+03 3.026223237199999858e+03 3.026164424600000075e+03 3.026105961799999932e+03 3.026047835599999871e+03 3.025990059199999905e+03 3.025932625999999800e+03 3.025875529400000232e+03 3.025818782599999849e+03 3.025762372400000004e+03 3.025706305400000019e+03 3.025650581599999896e+03 3.025595194399999855e+03 3.025540143799999896e+03 3.025485436399999799e+03 3.025431065599999783e+03 3.025377038000000084e+03 3.025323340400000234e+03 3.025269986000000245e+03 3.025216961600000104e+03 3.025164273800000046e+03
3.134805473599999914e+03 3.134675235800000337e+03 3.134545691000000261e+03 3.134416839200000140e+03 3.134288680399999976e+03 3.134161207999999988e+03 3.134034421999999722e+03 3.133908315800000310e+03 3.133782889399999931e+03 3.133658136200000172e+03 3.133534056200000123e+03 3.133410656000000017e+03 3.133287915800000064e+03 3.133165842200000043e+03 3.133044428600000174e+03 3.132923675000000003e+03 3.132803574800000206e+03 3.132684127999999873e+03 3.132565328000000136e+03 3.132447181399999863e+03 3.132329668400000173e+03 3.132212802199999715e+03 3.132096563000000060e+03 3.131980963999999858e+03 3.131865992000000006e+03 3.131751640399999815e+03 3.131637915799999973e+03 3.131524811599999794e+03 3.131412321199999951e+03 3.131300444599999992e+03 3.131189168599999903e+03 3.131078506400000151e+03 3.130968444799999816e+03 3.130858977200000027e+03 3.130750103600000330e+03 3.130641824000000270e+03 3.130534131800000068e+03 3.130427026999999725e+03 3.130320496400000138e+03 3.130214546600000176e+03 3.130109171000000060e+03 3.130004363000000012e+03 3.129900122600000032e+03 3.129796449800000119e+03 3.129693331399999806e+03 3.129590767400000004e+03 3.129488757799999803e+03 3.129387302600000112e+03 3.129286388600000009e+03 3.129186015799999950e+03
2.849871870800000124e+03 2.849814978800000063e+03 2.849758383800000047e+03 2.849702092399999856e+03 2.849646098000000165e+03 2.849590400600000066e+03 2.849535006799999792e+03 2.849479910000000018e+03 2.849425103600000057e+03 2.849370600799999920e+03 2.849316388400000051e+03 2.849262472999999773e+03 2.849208848000000216e+03 2.849155519999999797e+03 2.849102482400000099e+03 2.849049735200000214e+03 2.848997278400000141e+03 2.848945111999999881e+03 2.848893235999999888e+03 2.848841650400000162e+03 2.848790355199999794e+03 2.848739343799999915e+03 2.848688616200000070e+03 2.848638179000000036e+03 2.848588025600000037e+03 2.848538162599999850e+03 2.848488583400000152e+03 2.848439288000000033e+03 2.848390276399999948e+03 2.848341548599999896e+03 2.848293104599999879e+03 2.848244944399999895e+03 2.848197061400000166e+03 2.848149468800000250e+03 2.848102153400000134e+03 2.848055115199999818e+03 2.848008360799999991e+03 2.847961890200000198e+03 2.847915696799999751e+03 2.847869787200000246e+03 2.847824148200000309e+03 2.847778792999999951e+03 2.847733721600000081e+03 2.847688920800000233e+03 2.847644397200000185e+03 2.847600157400000171e+03 2.847556194799999957e+03 2.847512502800000220e+03 2.847469087999999829e+03 2.847425950400000147e+03
2.953603912399999899e+03 2.953495731800000158e+03 2.953388138599999820e+03 2.953281113000000005e+03 2.953174668199999815e+03 2.953068791000000147e+03 2.952963481400000092e+03 2.952858745999999883e+03 2.952754571599999963e+03 2.952650958199999877e+03 2.952547905800000080e+03 2.952445414400000118e+03 2.952343470799999977e+03 2.952242088200000126e+03 2.952141246799999863e+03 2.952040953199999876e+03 2.951941207400000167e+03 2.951842002800000046e+03 2.951743332800000189e+03 2.951645197400000143e+03 2.951547596599999906e+03 2.951450523800000155e+03 2.951353985599999760e+03 2.951257962199999838e+03 2.951162466799999947e+03 2.951067486200000076e+03 2.950973020399999768e+03 2.950879069399999935e+03 2.950785626599999887e+03 2.950692685399999846e+03 2.950600252400000045e+03 2.950508321000000251e+03 2.950416884600000230e+03 2.950325943199999983e+03 2.950235496799999964e+03 2.950145532200000162e+03 2.950056055999999899e+03 2.949967068200000085e+03 2.949878549000000021e+03 2.949790511600000173e+03 2.949702949399999852e+03 2.949615855799999736e+03 2.949529230799999823e+03 2.949443074400000114e+03 2.949357373400000142e+03 2.949272134400000141e+03 2.949187344200000098e+03 2.949103016000000025e+03 2.949019136599999911e+03 2.948935699399999976e+03
2.671548506239999824e+03 2.671504267100000106e+03 2.671460260939999898e+03 2.671416487100000268e+03 2.671372945579999850e+03 2.671329635059999873e+03 2.671286555539999881e+03 2.671243706360000033e+03 2.671201086200000191e+03 2.671158695059999900e+03 2.671116532279999774e+03 2.671074597199999971e+03 2.671032889820000037e+03 2.670991408820000288e+03 2.670950154860000112e+03 2.670909125959999983e+03 2.670868322780000199e+03 2.670827744660000008e+03 2.670787390940000023e+03 2.670747260959999949e+03 2.670707355380000081e+03 2.670667672880000282e+03 2.670628212800000256e+03 2.670588975799999844e+03 2.670549961220000114e+03 2.670511168400000315e+03 2.670472596679999697e+03 2.670434246719999919e+03 2.670396117199999935e+03 2.670358208780000041e+03 2.670320520799999940e+03 2.670283052599999792e+03 2.670245804180000050e+03 2.670208775539999806e+03 2.670171965359999831e+03 2.670135374959999808e+03 2.670099003020000055e+03 2.670062849540000116e+03 2.670026913859999695e+03 2.669991196639999998e+03 2.669955696559999978e+03 2.669920414279999932e+03 2.669885349140000017e+03 2.669850501139999778e+03 2.669815870280000127e+03 2.669781455240000014e+03 2.669747256679999737e+03 2.669713273939999908e+03 2.669679507679999915e+03 2.669645956580000075e+03
2.772368037799999911e+03 2.772281756000000314e+03 2.772195942800000012e+03 2.772110584999999901e+03 2.772025682599999982e+03 2.771941242200000033e+03 2.771857257199999822e+03 2.771773721000000023e+03 2.771690640199999962e+03 2.771608001600000080e+03 2.771525818399999935e+03 2.771444070800000191e+03 2.771362771999999950e+03 2.771281908800000110e+03 2.771201487799999995e+03 2.771121502399999827e+03 2.771041945999999825e+03 2.770962825200000225e+03 2.770884126800000104e+03 2.770805863999999929e+03 2.770728016999999909e+03 2.770650599000000057e+03 2.770573590200000126e+03 2.770497010399999908e+03 2.770420839800000067e+03 2.770345078400000148e+03 2.770269726200000150e+03 2.770194789799999853e+03 2.770120249399999921e+03 2.770046118199999910e+03 2.769972383000000264e+03 2.769899043800000072e+03 2.769826100600000245e+03 2.769753553399999873e+03 2.769681395600000087e+03 2.769609627199999977e+03 2.769538241600000219e+03 2.769467238799999905e+03 2.769396612200000163e+03 2.769326368399999865e+03 2.769256500800000140e+03 2.769187002800000300e+03 2.769117881000000125e+03 2.769049122200000056e+03 2.768980732999999873e+03 2.768912706799999796e+03 2.768845037000000048e+03 2.768777730199999951e+03 2.768710779799999727e+03 2.768644185799999832e+03
2.493195196820000092e+03 2.493163638919999812e+03 2.493132246680000208e+03 2.493101020099999914e+03 2.493069958520000000e+03 2.493039061280000169e+03 2.493008327720000125e+03 2.492977758500000164e+03 2.492947351639999852e+03 2.492917108460000236e+03 2.492887027639999815e+03 2.492857109179999952e+03 2.492827351760000056e+03 2.492797756699999809e+03 2.492768322020000141e+03 2.492739049040000282e+03 2.492709936440000092e+03 2.492680983560000186e+03 2.492652191059999950e+03 2.492623558279999997e+03 2.492595085219999874e+03 2.492566771220000192e+03 2.492538616280000042e+03 2.492510620399999880e+03 2.492482782919999863e+03 2.492455103839999992e+03 2.492427582499999971e+03 2.492400219560000096e+03 2.492373014360000070e+03 2.492345966240000052e+03 2.492319075859999884e+03 2.492292343220000021e+03 2.492265766999999869e+03 2.492239347859999725e+03 2.492213085140000203e+03 2.492186978839999938e+03 2.492161029620000136e+03 2.492135236160000204e+03 2.492109599119999984e+03 2.492084117840000090e+03 2.492058792320000066e+03 2.492033621900000071e+03 2.492008607899999788e+03 2.491983748340000147e+03 2.491959044539999923e+03 2.491934495840000181e+03 2.491910102240000015e+03 2.491885862420000194e+03 2.491861778360000244e+03 2.491837848080000185e+03
2.591099833759999910e+03 2.591035317440000199e+03 2.590971148279999852e+03 2.590907323639999959e+03 2.590843842860000223e+03 2.590780703960000210e+03 2.590717905620000238e+03 2.590655446520000169e+03 2.590593324680000023e+03 2.590531538119999823e+03 2.590470086180000180e+03 2.590408966219999911e+03 2.590348177580000083e+03 2.590287717619999967e+03 2.590227585679999720e+03 2.590167778460000136e+03 2.590108295959999850e+03 2.590049134880000111e+03 2.589990294560000166e+03 2.589931772359999741e+03 2.589873567619999903e+03 2.589815677040000082e+03 2.589758099959999981e+03 2.589700834400000076e+03 2.589643877720000091e+03 2.589587229259999731e+03 2.589530885719999787e+03 2.589474847099999806e+03 2.589419109440000284e+03 2.589363672739999856e+03 2.589308533700000226e+03 2.589253691660000186e+03 2.589199143320000076e+03 2.589144888679999895e+03 2.589090923780000139e+03 2.589037248619999900e+03 2.588983859899999970e+03 2.588930756960000053e+03 2.588877937159999874e+03 2.588825398519999908e+03 2.588773139720000017e+03 2.588721158780000223e+03 2.588669453720000092e+03 2.588618022560000099e+03 2.588566863980000107e+03 2.588515976000000137e+03 2.588465357300000051e+03 2.588415005240000028e+03 2.588364917840000089e+03 2.588315094439999939e+03
2.314806549020000148e+03 2.314787701400000060e+03 2.314768952779999836e+03 2.314750303159999930e+03 2.314731751880000047e+03 2.314713298939999731e+03 2.314694944339999893e+03 2.314676687420000235e+03 2.314658528179999848e+03 2.314640465959999801e+03 2.314622501419999935e+03 2.314604633899999953e+03 2.314586863399999856e+03 2.314569189259999803e+03 2.314551611479999792e+03 2.314534130059999825e+03 2.314516744999999901e+03 2.314499455640000178e+03 2.314482261979999748e+03 2.314465164019999975e+03 2.314448161759999948e+03 2.314431254539999827e+03 2.314414443019999908e+03 2.314397726539999894e+03 2.314381105100000241e+03 2.314364578040000197e+03 2.314348146679999900e+03 2.314331809039999825e+03 2.314315566440000111e+03 2.314299418220000007e+03 2.314283364379999966e+03 2.314267404919999990e+03 2.314251539179999781e+03 2.314235767820000092e+03 2.314220090840000012e+03 2.314204506919999858e+03 2.314189017380000223e+03 2.314173621559999901e+03 2.314158319459999802e+03 2.314143110420000085e+03 2.314127995100000135e+03 2.314112973499999953e+03 2.314098044960000152e+03 2.314083209479999823e+03 2.314068467720000172e+03 2.314053818360000150e+03 2.314039262719999897e+03 2.314024799480000183e+03 2.314010429299999942e+03 2.313996151520000240e+03
2.409812163019999844e+03 2.409769305920000079e+03 2.409726679160000003e+03 2.409684282740000071e+03 2.409642114679999850e+03 2.409600174319999951e+03 2.409558460340000238e+03 2.409516972079999960e+03 2.409475708879999729e+03 2.409434668760000022e+03 2.409393850399999792e+03 2.409353253799999948e+03 2.409312876980000055e+03 2.409272718619999978e+03 2.409232778059999873e+03 2.409193054639999900e+03 2.409153545719999784e+03 2.409114251299999978e+03 2.409075170059999891e+03 2.409036300019999999e+03 2.408997640520000004e+03 2.408959190239999771e+03 2.408920947860000069e+03 2.408882912720000149e+03 2.408845082179999736e+03 2.408807456900000034e+03 2.408770033580000018e+03 2.408732812879999983e+03 2.408695792160000110e+03 2.408658970760000102e+03 2.408622347359999821e+03 2.408585920640000040e+03 2.408549689280000166e+03 2.408513651960000061e+03 2.408477808019999884e+03 2.408442154819999814e+03 2.408406693020000148e+03 2.408371419319999859e+03 2.408336334380000153e+03 2.408301435559999845e+03 2.408266722200000004e+03 2.408232192980000036e+03 2.408197846580000260e+03 2.408163682339999923e+03 2.408129698279999957e+03 2.408095893740000065e+03 2.408062266739999814e+03 2.408028816619999816e+03 2.407995542720000230e+03 2.407962443060000169e+03
2.136414665899999818e+03 2.136408558919999905e+03 2.136402484279999953e+03 2.136396443300000101e+03 2.136390433999999914e+03 2.136384457699999984e+03 2.136378513740000017e+03 2.136372602779999852e+03 2.136366723499999807e+03 2.136360876560000179e+03 2.136355061300000216e+03 2.136349278380000214e+03 2.136343527800000174e+03 2.136337808899999800e+03 2.136332121680000000e+03 2.136326466800000162e+03 2.136320842940000148e+03 2.136315251420000095e+03 2.136309691580000163e+03 2.136304162760000054e+03 2.136298665620000065e+03 2.136293200160000197e+03 2.136287766379999994e+03 2.136282363620000069e+03 2.136276991879999969e+03 2.136271651819999988e+03 2.136266343440000128e+03 2.136261065419999795e+03 2.136255819080000038e+03 2.136250603760000104e+03 2.136245419459999994e+03 2.136240266840000004e+03 2.136235144579999996e+03 2.136230053339999813e+03 2.136224993119999908e+03 2.136219963919999827e+03 2.136214965740000025e+03 2.136209997920000205e+03 2.136205061120000209e+03 2.136200155340000038e+03 2.136195279919999848e+03 2.136190435519999937e+03 2.136185621480000009e+03 2.136180838459999904e+03 2.136176085799999782e+03 2.136171364159999939e+03 2.136166672880000078e+03 2.136162011960000200e+03 2.136157381399999849e+03 2.136152781859999777e+03
2.228495315000000119e+03 2.228474041880000186e+03 2.228452884920000088e+03 2.228431842139999844e+03 2.228410912880000069e+03 2.228390097800000149e+03 2.228369396240000242e+03 2.228348806219999915e+03 2.228328329060000215e+03 2.228307962779999798e+03 2.228287707380000029e+03 2.228267562200000157e+03 2.228247526579999885e+03 2.228227600520000124e+03 2.228207782699999825e+03 2.228188072460000058e+03 2.228168469799999912e+03 2.228148974060000000e+03 2.228129584580000028e+03 2.228110300039999856e+03 2.228091120439999941e+03 2.228072045779999826e+03 2.228053074079999988e+03 2.228034205339999971e+03 2.228015439560000232e+03 2.227996775420000176e+03 2.227978212259999964e+03 2.227959749420000207e+03 2.227941386240000156e+03 2.227923122719999810e+03 2.227904957539999941e+03 2.227886890700000095e+03 2.227868920880000132e+03 2.227851047420000214e+03 2.227833270319999883e+03 2.227815588920000209e+03 2.227798001900000145e+03 2.227780509260000144e+03 2.227763110339999912e+03 2.227745803820000219e+03 2.227728589700000157e+03 2.227711467319999883e+03 2.227694436020000012e+03 2.227677495140000246e+03 2.227660644019999836e+03 2.227643881999999849e+03 2.227627209079999830e+03 2.227610623940000096e+03 2.227594125919999897e+03 2.227577715020000142e+03
1.958011597760000086e+03 1.958018232079999962e+03 1.958024832079999896e+03 1.958031399740000097e+03 1.958037933739999971e+03 1.958044434740000042e+03 1.958050902740000083e+03 1.958057337740000094e+03 1.958063740399999915e+03 1.958070109400000092e+03 1.958076446060000080e+03 1.958082749720000038e+03 1.958089021040000034e+03 1.958095259360000000e+03 1.958101465340000004e+03 1.958107638319999978e+03 1.958113779620000059e+03 1.958119887920000110e+03 1.958125963879999972e+03 1.958132007499999872e+03 1.958138018780000039e+03 1.958143997720000016e+03 1.958149944320000031e+03 1.958155858580000086e+03 1.958161740499999951e+03 1.958167590080000082e+03 1.958173407980000093e+03 1.958179193539999915e+03 1.958184946760000003e+03 1.958190667639999901e+03 1.958196356839999908e+03 1.958202013699999952e+03 1.958207638880000104e+03 1.958213231720000067e+03 1.958218792220000068e+03 1.958224321039999950e+03 1.958229817520000097e+03 1.958235282319999897e+03 1.958240715440000031e+03 1.958246115559999907e+03 1.958251484659999960e+03 1.958256821420000051e+03 1.958262125839999953e+03 1.958267399240000032e+03 1.958272639640000079e+03 1.958277849020000076e+03 1.958283026060000111e+03 1.958288171420000026e+03 1.958293284439999979e+03 1.958298366439999882e+03
2.047208661313399944e+03 2.047208938665200094e+03 2.047209215792599935e+03 2.047209492695599920e+03 2.047209769380800026e+03 2.047210045841600049e+03 2.047210322084599966e+03 2.047210598109800003e+03 2.047210873917199933e+03 2.047211149506799984e+03 2.047211424891800107e+03 2.047211700058999895e+03 2.047211975021599983e+03 2.047212249772999940e+03 2.047212524319799968e+03 2.047212798662000068e+03 2.047213072799600013e+03 2.047213346739200006e+03 2.047213620480800046e+03 2.047213894031000109e+03 2.047214167383199992e+03 2.047214440543999899e+03 2.047214713513400056e+03 2.047214986297999985e+03 2.047215258897799913e+03 2.047215531312800067e+03 2.047215803549599968e+03 2.047216075614800047e+03 2.047216347495199898e+03 2.047216619210599902e+03 2.047216890754400083e+03 2.047217162126599987e+03 2.047217433333800045e+03 2.047217704382600004e+03 2.047217975266399890e+03 2.047218245991799904e+03 2.047218516565400023e+03 2.047218786987200019e+03 2.047219057250599917e+03 2.047219327368799895e+03 2.047219597348399930e+03 2.047219867176200069e+03 2.047220136865400036e+03 2.047220406416000060e+03 2.047220675827999912e+03 2.047220945101400048e+03 2.047221214249399964e+03 2.047221483258799935e+03 2.047221752142799915e+03 2.047222020901399901e+03
1.779611747120000018e+03 1.779631112840000014e+03 1.779650379559999919e+03 1.779669546619999892e+03 1.779688614019999932e+03 1.779707583079999949e+03 1.779726453140000103e+03 1.779745225520000076e+03 1.779763898899999958e+03 1.779782474600000114e+03 1.779800952619999862e+03 1.779819332300000042e+03 1.779837614959999883e+03 1.779855800599999839e+03 1.779873888560000069e+03 1.779891880160000028e+03 1.779909774740000103e+03 1.779927572300000065e+03 1.779945273499999985e+03 1.779962878340000088e+03 1.779980386819999921e+03 1.779997798939999939e+03 1.780015115359999982e+03 1.780032336080000050e+03 1.780049460440000075e+03 1.780066489100000126e+03 1.780083422059999975e+03 1.780100259979999919e+03 1.780117002200000115e+03 1.780133648720000110e+03 1.780150200199999972e+03 1.780166655980000087e+03 1.780183017379999910e+03 1.780199283079999987e+03 1.780215454399999999e+03 1.780231530020000037e+03 1.780247511260000010e+03 1.780263397460000078e+03 1.780279189280000082e+03 1.780294886059999953e+03 1.780310488459999988e+03 1.780325996479999958e+03 1.780341409460000023e+03 1.780356728720000092e+03 1.780371952940000028e+03 1.780387083439999969e+03 1.780402119560000074e+03 1.780417061300000114e+03 1.780431908659999863e+03 1.780446662960000140e+03
1.865904198859999951e+03 1.865926025060000029e+03 1.865947735759999887e+03 1.865969330959999979e+03 1.865990811319999921e+03 1.866012178160000076e+03 1.866033430819999921e+03 1.866054570620000050e+03 1.866075598220000074e+03 1.866096513619999996e+03 1.866117317480000111e+03 1.866138010460000032e+03 1.866158593879999898e+03 1.866179067080000095e+03 1.866199432039999920e+03 1.866219688099999985e+03 1.866239836579999974e+03 1.866259877479999886e+03 1.866279812120000088e+03 1.866299640499999896e+03 1.866319363280000061e+03 1.866338981780000040e+03 1.866358496660000128e+03 1.866377907260000029e+03 1.866397215559999950e+03 1.866416421559999890e+03 1.866435525919999918e+03 1.866454529300000104e+03 1.866473432360000061e+03 1.866492235760000085e+03 1.866510940820000087e+03 1.866529546879999998e+03 1.866548055259999956e+03 1.866566466620000028e+03 1.866584781620000058e+03 1.866603000919999886e+03 1.866621125180000035e+03 1.866639154400000052e+03 1.866657089900000074e+03 1.866674932339999941e+03 1.866692682379999951e+03 1.866710340019999876e+03 1.866727906580000081e+03 1.866745382060000111e+03 1.866762767780000104e+03 1.866780063740000060e+03 1.866797270600000047e+03 1.866814389019999908e+03 1.866831419659999938e+03 1.866848363840000047e+03
1.601219437640000024e+03 1.601251519579999922e+03 1.601283435199999985e+03 1.601315184499999987e+03 1.601346768139999995e+03 1.601378186780000078e+03 1.601409440420000010e+03 1.601440530379999927e+03 1.601471455339999920e+03 1.601502217940000037e+03 1.601532816200000070e+03 1.601563252100000000e+03 1.601593524979999984e+03 1.601623636159999933e+03 1.601653584980000005e+03 1.601683372100000042e+03 1.601712998179999886e+03 1.601742462559999922e+03 1.601771766560000060e+03 1.601800909520000005e+03 1.601829892759999893e+03 1.601858714960000043e+03 1.601887377439999909e+03 1.601915880199999947e+03 1.601944223239999928e+03 1.601972407219999923e+03 1.602000432140000157e+03 1.602028297999999950e+03 1.602056004799999982e+03 1.602083553200000097e+03 1.602110942539999996e+03 1.602138174140000046e+03 1.602165247339999951e+03 1.602192162140000164e+03 1.602218919859999914e+03 1.602245519179999974e+03 1.602271961420000025e+03 1.602298245259999931e+03 1.602324372680000124e+03 1.602350342360000013e+03 1.602376155619999963e+03 1.602401811140000063e+03 1.602427310239999997e+03 1.602452652919999991e+03 1.602477838519999978e+03 1.602502867700000024e+03 1.602527741119999973e+03 1.602552457459999914e+03 1.602577018700000053e+03 1.602601423520000026e+03
1.684603344619999916e+03 1.684646758099999943e+03 1.684689939919999915e+03 1.684732890740000130e+03 1.684775613199999952e+03 1.684818107300000065e+03 1.684860374359999923e+03 1.684902415040000051e+03 1.684944230659999903e+03 1.684985822540000072e+03 1.685027191339999945e+03 1.685068339039999955e+03 1.685109265640000103e+03 1.685149973120000141e+03 1.685190462799999978e+03 1.685230735340000138e+03 1.685270792060000076e+03 1.685310634279999931e+03 1.685350262659999999e+03 1.685389679180000030e+03 1.685428885159999936e+03 1.685467881260000013e+03 1.685506668799999943e+03 1.685545249100000092e+03 1.685583623479999915e+03 1.685621793260000004e+03 1.685659759099999974e+03 1.685697523640000099e+03 1.685735086879999926e+03 1.685772450140000046e+03 1.685809615399999984e+03 1.685846583980000105e+03 1.685883355879999954e+03 1.685919933740000033e+03 1.685956318219999957e+03 1.685992510640000091e+03 1.686028512320000118e+03 1.686064324579999948e+03 1.686099948739999945e+03 1.686135386120000021e+03 1.686170637380000016e+03 1.686205703840000069e+03 1.686240587479999931e+03 1.686275288960000125e+03 1.686309808940000039e+03 1.686344150059999947e+03 1.686378312979999919e+03 1.686412297699999954e+03 1.686446107519999941e+03 1.686479741780000040e+03
1.422853304419999859e+03 1.422898065620000125e+03 1.422942591859999993e+03 1.422986885779999966e+03 1.423030946060000133e+03 1.423074774680000019e+03 1.423118371640000078e+03 1.423161738259999993e+03 1.423204873879999923e+03 1.423247780480000074e+03 1.423290457399999923e+03 1.423332905299999993e+03 1.423375125499999967e+03 1.423417118000000073e+03 1.423458883459999925e+03 1.423500421879999976e+03 1.423541733920000070e+03 1.423582820239999819e+03 1.423623680839999906e+03 1.423664316379999946e+03 1.423704727520000006e+03 1.423744913600000018e+03 1.423784876600000189e+03 1.423824615200000153e+03 1.423864130720000048e+03 1.423903423819999944e+03 1.423942493839999997e+03 1.423981341440000051e+03 1.424019966620000105e+03 1.424058370040000000e+03 1.424096552359999805e+03 1.424134513580000203e+03 1.424172253700000056e+03 1.424209772719999819e+03 1.424247071299999789e+03 1.424284149439999965e+03 1.424321008460000030e+03 1.424357647039999847e+03 1.424394065840000167e+03 1.424430266179999990e+03 1.424466246739999860e+03 1.424502008839999917e+03 1.424537551819999862e+03 1.424572877000000062e+03 1.424607983059999924e+03 1.424642871980000109e+03 1.424677543100000094e+03 1.424711996420000105e+03 1.424746231940000143e+03 1.424780250979999892e+03
1.503305075599999782e+03 1.503370154900000216e+03 1.503434887699999990e+03 1.503499274000000014e+03 1.503563317099999949e+03 1.503627016999999796e+03 1.503690375679999988e+03 1.503753395120000050e+03 1.503816076640000119e+03 1.503878422219999948e+03 1.503940432519999831e+03 1.504002110180000045e+03 1.504063457180000114e+03 1.504124473519999810e+03 1.504185162499999933e+03 1.504245525440000165e+03 1.504305563659999962e+03 1.504365279799999826e+03 1.504424674519999826e+03 1.504483750460000010e+03 1.504542508940000062e+03 1.504600951939999959e+03 1.504659081440000136e+03 1.504716899420000118e+03 1.504774407200000041e+03 1.504831607419999955e+03 1.504888500739999927e+03 1.504945090459999847e+03 1.505001377239999783e+03 1.505057363059999943e+03 1.505113050559999920e+03 1.505168441060000077e+03 1.505223537200000010e+03 1.505278339640000013e+03 1.505332851019999907e+03 1.505387072660000058e+03 1.505441007200000058e+03 1.505494655960000046e+03 1.505548020919999999e+03 1.505601104719999967e+03 1.505653907359999948e+03 1.505706432800000130e+03 1.505758681040000056e+03 1.505810654720000002e+03 1.505862356480000017e+03 1.505913786319999872e+03 1.505964947540000139e+03 1.506015841460000047e+03 1.506066469400000187e+03 1.506116833999999926e+03
1.244509056800000053e+03 1.244566476799999919e+03 1.244623593199999959e+03 1.244680405999999948e+03 1.244736915200000112e+03 1.244793127400000003e+03 1.244849036000000069e+03 1.244904654200000095e+03 1.244959968799999842e+03 1.245014986399999998e+03 1.245069713599999886e+03 1.245124143800000184e+03 1.245178276999999980e+03 1.245232113200000185e+03 1.245285659000000123e+03 1.245338914400000021e+03 1.245391879400000107e+03 1.245444547399999919e+03 1.245496924999999919e+03 1.245549018799999885e+03 1.245600815599999805e+03 1.245652328600000146e+03 1.245703551199999993e+03 1.245754490000000033e+03 1.245805131800000026e+03 1.245855496399999993e+03 1.245905570599999919e+03 1.245955360999999812e+03 1.246004860999999892e+03 1.246054077199999938e+03 1.246103009599999950e+03 1.246151658199999929e+03 1.246200022999999874e+03 1.246248110600000018e+03 1.246295907799999895e+03 1.246343421200000193e+03 1.246390657400000009e+03 1.246437609800000018e+03 1.246484278399999994e+03 1.246530663200000163e+03 1.246576770799999849e+03 1.246622601199999963e+03 1.246668147800000042e+03 1.246713417200000094e+03 1.246758402800000113e+03 1.246803111199999876e+03 1.246847542399999838e+03 1.246891696400000001e+03 1.246935566599999902e+03 1.246979166199999781e+03
1.322025159199999962e+03 1.322112008600000081e+03 1.322198396000000002e+03 1.322284327999999960e+03 1.322369791399999940e+03 1.322454805999999962e+03 1.322539358600000014e+03 1.322623462399999880e+03 1.322707110800000009e+03 1.322790310399999953e+03 1.322873067799999944e+03 1.322955376399999977e+03 1.323037242800000058e+03 1.323118667000000187e+03 1.323199655599999915e+03 1.323280208600000151e+03 1.323360319399999980e+03 1.323440007799999876e+03 1.323519260600000052e+03 1.323598090999999840e+03 1.323676498999999922e+03 1.323754478000000063e+03 1.323832041199999821e+03 1.323909188600000107e+03 1.323985913600000003e+03 1.324062229399999978e+03 1.324138136000000031e+03 1.324213633399999935e+03 1.324288728199999923e+03 1.324363420399999995e+03 1.324437709999999925e+03 1.324511596999999938e+03 1.324585094600000048e+03 1.324658196200000020e+03 1.324730908399999862e+03 1.324803231200000027e+03 1.324875171199999841e+03 1.324946728399999984e+03 1.325017896199999996e+03 1.325088694399999895e+03 1.325159116399999903e+03 1.325229155600000013e+03 1.325298831800000016e+03 1.325368138400000134e+03 1.325437075399999912e+03 1.325505649400000038e+03 1.325573867000000064e+03 1.325641714999999976e+03 1.325709213199999795e+03 1.325776354999999967e+03
1.066202295199999980e+03 1.066272347600000103e+03 1.066342030400000112e+03 1.066411337000000003e+03 1.066480274000000009e+03 1.066548841399999901e+03 1.066617039199999908e+03 1.066684867400000030e+03 1.066752332600000045e+03 1.066819434799999954e+03 1.066886167399999977e+03 1.066952543599999899e+03 1.067018550199999936e+03 1.067084200400000100e+03 1.067149494199999936e+03 1.067214425000000119e+03 1.067278992799999969e+03 1.067343210799999952e+03 1.067407065800000055e+03 1.067470570999999836e+03 1.067533719800000199e+03 1.067596512200000006e+03 1.067658954799999947e+03 1.067721041000000014e+03 1.067782777399999986e+03 1.067844157399999858e+03 1.067905194200000096e+03 1.067965874600000006e+03 1.068026211800000056e+03 1.068086199200000010e+03 1.068145836800000097e+03 1.068205124600000090e+03 1.068264069199999994e+03 1.068322664000000032e+03 1.068380915600000208e+03 1.068438823999999840e+03 1.068496389200000067e+03 1.068553604599999971e+03 1.068610483400000021e+03 1.068667012399999976e+03 1.068723204800000076e+03 1.068779054000000087e+03 1.068834560000000010e+03 1.068889722800000072e+03 1.068944548999999824e+03 1.068999038599999949e+03 1.069053184999999985e+03 1.069106994799999939e+03 1.069160461400000031e+03 1.069213591400000041e+03
1.140759736399999838e+03 1.140868511000000126e+03 1.140976698200000101e+03 1.141084311200000002e+03 1.141191350000000057e+03 1.141297821200000044e+03 1.141403718199999958e+03 1.141509041000000025e+03 1.141613809400000036e+03 1.141718010199999981e+03 1.141821649999999863e+03 1.141924728800000139e+03 1.142027259800000138e+03 1.142129229799999848e+03 1.142230658599999970e+03 1.142331533000000036e+03 1.142431866200000059e+03 1.142531658200000038e+03 1.142630908999999974e+03 1.142729625200000100e+03 1.142827813399999968e+03 1.142925467000000026e+03 1.143022592599999825e+03 1.143119190200000048e+03 1.143215272999999797e+03 1.143310827799999970e+03 1.143405874399999902e+03 1.143500406199999816e+03 1.143594429799999943e+03 1.143687945200000058e+03 1.143780952399999933e+03 1.143873464600000034e+03 1.143965475200000128e+03 1.144056990800000221e+03 1.144148017999999865e+03 1.144238550199999963e+03 1.144328600599999845e+03 1.144418169199999966e+03 1.144507255999999870e+03 1.144595860999999786e+03 1.144683997399999953e+03 1.144771665199999916e+03 1.144858857799999896e+03 1.144945588399999906e+03 1.145031856999999945e+03 1.145117670200000020e+03 1.145203021400000125e+03 1.145287917199999811e+03 1.145372364199999993e+03 1.145456368999999995e+03
8.879442085999999108e+02 8.880268933999998353e+02 8.881091294000000289e+02 8.881909231999998156e+02 8.882722748000001047e+02 8.883531842000002143e+02 8.884336513999999170e+02 8.885136895999999069e+02 8.885932855999999447e+02 8.886724460000000363e+02 8.887511773999999605e+02 8.888294731999999385e+02 8.889073399999999765e+02 8.889847778000000744e+02 8.890617866000000049e+02 8.891383663999999953e+02 8.892145238000000518e+02 8.892902587999999469e+02 8.893655647999999019e+02 8.894404483999999229e+02 8.895149162000000160e+02 8.895889615999999478e+02 8.896625845999999456e+02 8.897357918000000154e+02 8.898085832000001574e+02 8.898809587999999167e+02 8.899529185999999754e+02 8.900244625999998789e+02 8.900955908000000818e+02 8.901663097999999081e+02 8.902366196000000400e+02 8.903065135999997892e+02 8.903759983999998440e+02 8.904450805999999830e+02 8.905137469999999666e+02 8.905820108000000346e+02 8.906498653999999533e+02 8.907173107999999502e+02 8.907843536000000313e+02 8.908509937999999693e+02 8.909172313999999915e+02 8.909830664000000979e+02 8.910484921999998278e+02 8.911135219999998753e+02 8.911781492000000071e+02 8.912423804000000018e+02 8.913062090000000808e+02 8.913696350000000166e+02 8.914326650000000427e+02 8.914952989999999318e+02
9.595150046000001112e+02 9.596458694000000378e+02 9.597760346000000027e+02 9.599055134000000180e+02 9.600342925999998442e+02 9.601623919999999544e+02 9.602897983999998814e+02 9.604165315999998711e+02 9.605425783999999112e+02 9.606679520000000139e+02 9.607926523999999517e+02 9.609166795999999522e+02 9.610400336000000152e+02 9.611627276000001530e+02 9.612847616000001381e+02 9.614061355999999705e+02 9.615268561999998838e+02 9.616469168000000991e+02 9.617663371999999526e+02 9.618851042000001144e+02 9.620032309999999143e+02 9.621207176000000345e+02 9.622375706000000264e+02 9.623537833999998838e+02 9.624693757999998525e+02 9.625843345999999201e+02 9.626986730000000989e+02 9.628123909999999341e+02 9.629254951999998866e+02 9.630379856000001837e+02 9.631498688000001493e+02 9.632611448000000109e+02 9.633718202000000019e+02 9.634818950000001223e+02 9.635913758000001508e+02 9.637002626000000873e+02 9.638085619999999381e+02 9.639162739999999303e+02 9.640234052000000702e+02 9.641299621999999090e+02 9.642359449999999015e+02 9.643413536000000477e+02 9.644462011999999049e+02 9.645504811999999220e+02 9.646542002000001048e+02 9.647573581999999988e+02 9.648599684000000707e+02 9.649620241999998598e+02 9.650635388000000603e+02 9.651645055999999840e+02
7.097479969999999412e+02 7.098433471999999256e+02 7.099381759999998849e+02 7.100324834000000465e+02 7.101262825999999677e+02 7.102195670000000973e+02 7.103123365999999805e+02 7.104045979999998508e+02 7.104963511999999355e+02 7.105875962000000072e+02 7.106783395999998447e+02 7.107685814000001301e+02 7.108583215999999538e+02 7.109475601999999981e+02 7.110362972000000354e+02 7.111245458000000781e+02 7.112122994000001199e+02 7.112995580000001610e+02 7.113863216000002012e+02 7.114725968000000194e+02 7.115583835999998428e+02 7.116436819999998988e+02 7.117284985999999662e+02 7.118128268000000389e+02 7.118966731999998956e+02 7.119800377999999910e+02 7.120629206000000977e+02 7.121453281999999945e+02 7.122272473999998965e+02 7.123086980000000494e+02 7.123896733999999924e+02 7.124701669999999467e+02 7.125501919999999245e+02 7.126297417999999197e+02 7.127088229999999385e+02 7.127874289999999746e+02 7.128655730000000403e+02 7.129432418000001235e+02 7.130204420000000027e+02 7.130971802000001389e+02 7.131734498000000713e+02 7.132492574000000332e+02 7.133246029999997972e+02 7.133994865999998183e+02 7.134739016000000902e+02 7.135478612000001704e+02 7.136213653999998314e+02 7.136944009999999707e+02 7.137669811999999183e+02 7.138391059999999015e+02
7.782900991999999860e+02 7.784432587999999669e+02 7.785956066000001101e+02 7.787471425999999610e+02 7.788978733999999804e+02 7.790477989999999409e+02 7.791969260000000759e+02 7.793452609999999368e+02 7.794927973999999722e+02 7.796395483999999669e+02 7.797855074000001423e+02 7.799306809999998222e+02 7.800750757999999223e+02 7.802186917999999878e+02 7.803615356000000247e+02 7.805036072000000331e+02 7.806449132000000191e+02 7.807854535999999825e+02 7.809252284000001509e+02 7.810642508000000817e+02 7.812025208000000021e+02 7.813400383999999121e+02 7.814768102000000454e+02 7.816128427999999531e+02 7.817481295999998565e+02 7.818826904000000013e+02 7.820165120000001480e+02 7.821496075999998538e+02 7.822819838000000345e+02 7.824136406000000079e+02 7.825445780000000013e+02 7.826748026000000209e+02 7.828043209999998453e+02 7.829331332000001566e+02 7.830612458000000515e+02 7.831886653999999908e+02 7.833153919999999744e+02 7.834414256000000023e+02 7.835667794000000868e+02 7.836914534000000003e+02 7.838154475999999704e+02 7.839387686000000031e+02 7.840614229999998770e+02 7.841834108000000469e+02 7.843047386000000643e+02 7.844254064000001563e+02 7.845454273999998804e+02 7.846647949999999128e+02 7.847835158000000320e+02 7.849015964000000167e+02
5.316409645999999611e+02 5.317490593999998509e+02 5.318565602000001036e+02 5.319634670000000369e+02 5.320697864000001118e+02 5.321755118000000948e+02 5.322806563999999980e+02 5.323852135999998154e+02 5.324891900000000078e+02 5.325925855999998930e+02 5.326954069999999319e+02 5.327976541999998972e+02 5.328993272000000161e+02 5.330004260000000613e+02 5.331009572000000389e+02 5.332009273999999550e+02 5.333003234000000248e+02 5.333991650000000391e+02 5.334974389999999858e+02 5.335951586000001043e+02 5.336923171999999340e+02 5.337889214000001630e+02 5.338849712000001091e+02 5.339804665999999997e+02 5.340754141999998410e+02 5.341698140000000876e+02 5.342636593999998240e+02 5.343569635999999718e+02 5.344497266000000764e+02 5.345419417999999041e+02 5.346336157999999159e+02 5.347247551999998905e+02 5.348153468000000430e+02 5.349054103999999370e+02 5.349949328000000150e+02 5.350839206000000559e+02 5.351723804000000655e+02 5.352603056000000379e+02 5.353477027999999791e+02 5.354345653999998831e+02 5.355209065999999893e+02 5.356067197999998371e+02 5.356920050000001083e+02 5.357767687999998998e+02 5.358610045999998874e+02 5.359447256000000834e+02 5.360279186000000209e+02 5.361105968000001667e+02 5.361927536000000600e+02 5.362743955999999343e+02
5.970885908000000200e+02 5.972642630000000281e+02 5.974390045999998620e+02 5.976128221999999823e+02 5.977857223999999405e+02 5.979577051999999640e+02 5.981287772000000587e+02 5.982989383999999973e+02 5.984681888000000072e+02 5.986365350000000944e+02 5.988039836000000378e+02 5.989705346000000645e+02 5.991361879999999474e+02 5.993009569999999258e+02 5.994648349999999937e+02 5.996278351999999359e+02 5.997899509999999736e+02 5.999511889999998857e+02 6.001115557999999055e+02 6.002710580000000391e+02 6.004296955999998318e+02 6.005874685999999656e+02 6.007443901999999980e+02 6.009004538000001503e+02 6.010556725999999799e+02 6.012100465999999415e+02 6.013635824000000412e+02 6.015162800000000516e+02 6.016681393999999727e+02 6.018191804000000502e+02 6.019693898000000445e+02 6.021187874000002012e+02 6.022673600000000533e+02 6.024151273999998466e+02 6.025620896000000357e+02 6.027082466000001659e+02 6.028536050000000159e+02 6.029981713999998192e+02 6.031419458000000304e+02 6.032849347999999736e+02 6.034271450000001096e+02 6.035685829999999896e+02 6.037092422000000624e+02 6.038491357999998854e+02 6.039882638000001407e+02 6.041266393999999309e+02 6.042642560000001595e+02 6.044011201999999230e+02 6.045372385999999096e+02 6.046726177999998981e+02
3.536050405999999384e+02 3.537259988000000703e+02 3.538462772000000314e+02 3.539658890000000611e+02 3.540848341999999320e+02 3.542031127999998716e+02 3.543207248000001073e+02 3.544376833999999690e+02 3.545539819999999054e+02 3.546696272000001500e+02 3.547846190000000206e+02 3.548989639999999781e+02 3.550126556000000164e+02 3.551257135999999264e+02 3.552381248000001506e+02 3.553498958000000130e+02 3.554610266000001957e+02 3.555715238000000227e+02 3.556813939999999548e+02 3.557906305999999859e+02 3.558992402000001221e+02 3.560072227999999086e+02 3.561145783999998002e+02 3.562213202000000365e+02 3.563274349999999231e+02 3.564329359999999269e+02 3.565378166000000419e+02 3.566420900000000529e+02 3.567457495999999537e+02 3.568487953999999718e+02 3.569512405999998919e+02 3.570530719999999292e+02 3.571543027999998685e+02 3.572549329999999372e+02 3.573549560000001293e+02 3.574543850000000020e+02 3.575532134000000042e+02 3.576514477999999144e+02 3.577490881999999601e+02 3.578461280000001352e+02 3.579425870000000032e+02 3.580384520000000066e+02 3.581337295999999242e+02 3.582284197999999833e+02 3.583225225999999566e+02 3.584160446000000775e+02 3.585089791999998852e+02 3.586013396000000739e+02 3.586931191999999555e+02 3.587843180000002121e+02
4.159288867999998729e+02 4.161272762000000967e+02 4.163246360000000550e+02 4.165209530000001905e+02 4.167162404000000606e+02 4.169104981999998927e+02 4.171037330000001475e+02 4.172959382000001369e+02 4.174871270000001005e+02 4.176772994000000381e+02 4.178664619999999559e+02 4.180546081999998478e+02 4.182417577999999594e+02 4.184278975999998238e+02 4.186130407999999079e+02 4.187971939999999904e+02 4.189803506000000652e+02 4.191625238000001445e+02 4.193437069999999949e+02 4.195239199999998618e+02 4.197031496000001880e+02 4.198814156000000821e+02 4.200587113999999929e+02 4.202350436000001537e+02 4.204104187999998885e+02 4.205848370000001069e+02 4.207583114000001387e+02 4.209308354000002055e+02 4.211024222000000918e+02 4.212730652000000191e+02 4.214427842000000055e+02 4.216115660000000389e+02 4.217794304000001375e+02 4.219463773999998466e+02 4.221124070000000756e+02 4.222775323999999273e+02 4.224417470000000776e+02 4.226050639999998566e+02 4.227674834000001738e+02 4.229290117999998984e+02 4.230896557999999459e+02 4.232494154000000890e+02 4.234082971999998790e+02 4.235663078000000041e+02 4.237234537999997883e+02 4.238797352000001410e+02 4.240351586000001589e+02 4.241897306000000754e+02 4.243434512000001178e+02 4.244963270000000648e+02
1.756448582000000442e+02 1.757788381999998819e+02 1.759120658000001640e+02 1.760445409999999811e+02 1.761762704000000213e+02 1.763072540000000572e+02 1.764374984000000950e+02 1.765670035999999072e+02 1.766957762000001821e+02 1.768238162000000102e+02 1.769511235999998462e+02 1.770777116000001570e+02 1.772035736000000270e+02 1.773287095999999110e+02 1.774531394000000546e+02 1.775768497999999909e+02 1.776998473999999533e+02 1.778221387999999479e+02 1.779437239999999747e+02 1.780646096000000398e+02 1.781847889999999097e+02 1.783042753999998240e+02 1.784230622000000039e+02 1.785411560000000009e+02 1.786585634000000482e+02 1.787752777999999125e+02 1.788913058000000547e+02 1.790066540000000259e+02 1.791213224000000537e+02 1.792353043999999045e+02 1.793486198000000513e+02 1.794612487999997938e+02 1.795732178000000658e+02 1.796845070000001670e+02 1.797951295999998820e+02 1.799050921999998991e+02 1.800143815999999788e+02 1.801230109999999058e+02 1.802309870000001411e+02 1.803382963999999902e+02 1.804449523999999201e+02 1.805509549999999308e+02 1.806562976000000162e+02 1.807609933999999612e+02 1.808650423999999930e+02 1.809684379999998782e+02 1.810711933999998564e+02 1.811733019999999215e+02 1.812747638000000734e+02 1.813755854000000909e+02
2.347948963999999705e+02 2.350162537999999586e+02 2.352364628000000266e+02 2.354555233999999473e+02 2.356734422000001814e+02 2.358902192000000468e+02 2.361058610000000044e+02 2.363203741999998329e+02 2.365337521999999808e+02 2.367460082000000057e+02 2.369571355999999014e+02 2.371671475999999075e+02 2.373760442000000239e+02 2.375838319999998021e+02 2.377905043999999180e+02 2.379960812000001624e+02 2.382005491999998412e+02 2.384039215999998760e+02 2.386062050000000454e+02 2.388073994000001221e+02 2.390075048000001061e+02 2.392065344000000096e+02 2.394044882000000598e+02 2.396013662000000295e+02 2.397971815999999308e+02 2.399919277999999849e+02 2.401856179999999767e+02 2.403782587999999123e+02 2.405698436000000129e+02 2.407603856000000633e+02 2.409498847999998361e+02 2.411383478000000196e+02 2.413257811999999376e+02 2.415121916000000510e+02 2.416975789999999051e+02 2.418819433999999546e+02 2.420652979999999843e+02 2.422476494000000002e+02 2.424289976000000024e+02 2.426093425999999909e+02 2.427886976000002051e+02 2.429670691999999690e+02 2.431444573999999648e+02 2.433208621999999650e+02 2.434962967999999819e+02 2.436707677999997941e+02 2.438442685999998503e+02 2.440168189999999413e+02 2.441884124000000611e+02 2.443590553999999884e+02
