2.833661950000000118e+01 2.833501019999999926e+01 2.833341060000000056e+01 2.833182070000000152e+01 2.833024059999999977e+01 2.832867020000000124e+01 2.832710940000000122e+01 2.832555830000000086e+01 2.832401670000000138e+01 2.832248480000000157e+01 2.832096239999999909e+01 2.831944950000000105e+01 2.831794620000000151e+01 2.831645230000000169e+01 2.831496800000000036e+01 2.831349300000000113e+01 2.831202749999999924e+01 2.831057140000000061e+01 2.830912470000000170e+01 2.830768730000000133e+01 2.830625919999999951e+01 2.830484050000000096e+01 2.830343110000000095e+01 2.830203099999999949e+01 2.830064009999999897e+01 2.829925850000000054e+01 2.829788609999999949e+01 2.829652289999999937e+01 2.829516890000000018e+01 2.829382400000000075e+01 2.829248839999999987e+01 2.829116180000000114e+01 2.828984439999999978e+01 2.828853619999999935e+01 2.828723700000000107e+01 2.828594689999999900e+01 2.828466590000000025e+01 2.828339390000000009e+01 2.828213099999999969e+01 2.828087710000000143e+01 2.827963229999999939e+01 2.827839639999999832e+01 2.827716960000000057e+01 2.827595180000000141e+01 2.827474289999999968e+01 2.827354300000000009e+01 2.827235209999999910e+01 2.827117020000000025e+01 2.826999719999999883e+01 2.826883319999999955e+01
2.731849629999999962e+01 2.731601769999999973e+01 2.731355280000000008e+01 2.731110130000000069e+01 2.730866340000000037e+01 2.730623890000000031e+01 2.730382769999999937e+01 2.730142969999999991e+01 2.729904489999999839e+01 2.729667329999999836e+01 2.729431470000000104e+01 2.729196900000000170e+01 2.728963630000000151e+01 2.728731640000000169e+01 2.728500929999999869e+01 2.728271489999999844e+01 2.728043309999999977e+01 2.727816389999999913e+01 2.727590710000000129e+01 2.727366280000000032e+01 2.727143089999999859e+01 2.726921120000000087e+01 2.726700380000000123e+01 2.726480859999999851e+01 2.726262540000000101e+01 2.726045429999999925e+01 2.725829519999999917e+01 2.725614799999999960e+01 2.725401259999999937e+01 2.725188899999999848e+01 2.724977720000000048e+01 2.724767699999999948e+01 2.724558850000000021e+01 2.724351139999999916e+01 2.724144589999999866e+01 2.723939179999999993e+01 2.723734909999999942e+01 2.723531780000000069e+01 2.723329760000000022e+01 2.723128880000000152e+01 2.722929099999999991e+01 2.722730440000000129e+01 2.722532879999999977e+01 2.722336419999999890e+01 2.722141059999999868e+01 2.721946790000000149e+01 2.721753599999999906e+01 2.721561489999999850e+01 2.721370459999999980e+01 2.721180499999999824e+01
2.564415650000000113e+01 2.564270180000000110e+01 2.564125590000000088e+01 2.563981869999999930e+01 2.563839030000000108e+01 2.563697060000000150e+01 2.563555960000000056e+01 2.563415729999999826e+01 2.563276370000000171e+01 2.563137869999999907e+01 2.563000230000000101e+01 2.562863450000000043e+01 2.562727530000000087e+01 2.562592469999999878e+01 2.562458260000000010e+01 2.562324900000000127e+01 2.562192389999999875e+01 2.562060729999999964e+01 2.561929920000000038e+01 2.561799949999999981e+01 2.561670820000000148e+01 2.561542539999999946e+01 2.561415089999999850e+01 2.561288479999999979e+01 2.561162709999999976e+01 2.561037779999999842e+01 2.560913670000000053e+01 2.560790400000000133e+01 2.560667949999999848e+01 2.560546340000000143e+01 2.560425550000000072e+01 2.560305590000000109e+01 2.560186450000000136e+01 2.560068130000000153e+01 2.559950639999999922e+01 2.559833959999999919e+01 2.559718110000000024e+01 2.559603070000000002e+01 2.559488849999999971e+01 2.559375440000000168e+01 2.559262839999999883e+01 2.559151059999999944e+01 2.559040089999999879e+01 2.558929930000000041e+01 2.558820580000000078e+01 2.558712039999999988e+01 2.558604310000000126e+01 2.558497380000000021e+01 2.558391250000000028e+01 2.558285940000000025e+01
2.459138769999999852e+01 2.458916839999999837e+01 2.458696129999999869e+01 2.458476609999999951e+01 2.458258289999999846e+01 2.458041160000000147e+01 2.457825220000000144e+01 2.457610449999999958e+01 2.457396849999999944e+01 2.457184409999999986e+01 2.456973130000000083e+01 2.456763000000000119e+01 2.456554020000000094e+01 2.456346170000000129e+01 2.456139449999999869e+01 2.455933860000000024e+01 2.455729390000000123e+01 2.455526030000000048e+01 2.455323780000000156e+01 2.455122619999999856e+01 2.454922570000000093e+01 2.454723600000000161e+01 2.454525710000000061e+01 2.454328900000000147e+01 2.454133159999999947e+01 2.453938490000000172e+01 2.453744879999999995e+01 2.453552320000000009e+01 2.453360809999999859e+01 2.453170340000000138e+01 2.452980910000000137e+01 2.452792510000000092e+01 2.452605150000000123e+01 2.452418799999999877e+01 2.452233469999999826e+01 2.452049149999999855e+01 2.451865839999999963e+01 2.451683540000000150e+01 2.451502229999999827e+01 2.451321910000000059e+01 2.451142580000000137e+01 2.450964229999999944e+01 2.450786869999999951e+01 2.450610470000000163e+01 2.450435050000000103e+01 2.450260589999999894e+01 2.450087100000000007e+01 2.449914559999999852e+01 2.449742970000000142e+01 2.449572330000000164e+01
2.295000519999999966e+01 2.294870339999999942e+01 2.294740960000000030e+01 2.294612349999999878e+01 2.294484530000000078e+01 2.294357480000000038e+01 2.294231219999999993e+01 2.294105719999999948e+01 2.293981009999999898e+01 2.293857059999999848e+01 2.293733879999999914e+01 2.293611479999999858e+01 2.293489830000000040e+01 2.293368960000000101e+01 2.293248850000000161e+01 2.293129499999999865e+01 2.293010909999999924e+01 2.292893079999999983e+01 2.292776010000000042e+01 2.292659689999999983e+01 2.292544129999999925e+01 2.292429320000000104e+01 2.292315269999999927e+01 2.292201959999999872e+01 2.292089400000000055e+01 2.291977590000000120e+01 2.291866530000000068e+01 2.291756210000000138e+01 2.291646640000000090e+01 2.291537800000000047e+01 2.291429709999999886e+01 2.291322359999999847e+01 2.291215740000000167e+01 2.291109870000000015e+01 2.291004729999999867e+01 2.290900320000000079e+01 2.290796650000000056e+01 2.290693699999999922e+01 2.290591489999999908e+01 2.290490009999999899e+01 2.290389259999999894e+01 2.290289239999999893e+01 2.290189940000000135e+01 2.290091370000000026e+01 2.289993529999999922e+01 2.289896399999999943e+01 2.289800010000000086e+01 2.289704329999999999e+01 2.289609370000000155e+01 2.289515129999999843e+01
2.186355179999999976e+01 2.186158749999999884e+01 2.185963380000000100e+01 2.185769069999999914e+01 2.185575800000000157e+01 2.185383579999999881e+01 2.185192389999999918e+01 2.185002229999999912e+01 2.184813099999999864e+01 2.184624990000000011e+01 2.184437889999999882e+01 2.184251799999999832e+01 2.184066710000000100e+01 2.183882619999999974e+01 2.183699509999999933e+01 2.183517390000000091e+01 2.183336249999999978e+01 2.183156089999999949e+01 2.182976890000000125e+01 2.182798659999999913e+01 2.182621380000000144e+01 2.182445050000000109e+01 2.182269679999999923e+01 2.182095239999999947e+01 2.181921739999999943e+01 2.181749179999999910e+01 2.181577539999999971e+01 2.181406820000000124e+01 2.181237020000000015e+01 2.181068140000000000e+01 2.180900159999999843e+01 2.180733090000000018e+01 2.180566909999999936e+01 2.180401630000000068e+01 2.180237239999999943e+01 2.180073730000000154e+01 2.179911110000000107e+01 2.179749359999999925e+01 2.179588490000000078e+01 2.179428490000000096e+01 2.179269349999999861e+01 2.179111070000000083e+01 2.178953650000000053e+01 2.178797090000000125e+01 2.178641370000000066e+01 2.178486499999999992e+01 2.178332470000000143e+01 2.178179289999999924e+01 2.178026930000000050e+01 2.177875410000000045e+01
2.025481500000000068e+01 2.025366569999999911e+01 2.025252330000000001e+01 2.025138779999999983e+01 2.025025910000000096e+01 2.024913739999999862e+01 2.024802250000000114e+01 2.024691440000000142e+01 2.024581320000000062e+01 2.024471880000000112e+01 2.024363119999999938e+01 2.024255039999999894e+01 2.024147639999999981e+01 2.024040910000000082e+01 2.023934859999999958e+01 2.023829489999999964e+01 2.023724779999999868e+01 2.023620749999999902e+01 2.023517389999999949e+01 2.023414700000000011e+01 2.023312669999999969e+01 2.023211320000000057e+01 2.023110619999999926e+01 2.023010599999999926e+01 2.022911230000000060e+01 2.022812529999999853e+01 2.022714489999999898e+01 2.022617109999999840e+01 2.022520390000000035e+01 2.022424320000000009e+01 2.022328919999999997e+01 2.022234160000000003e+01 2.022140070000000023e+01 2.022046620000000061e+01 2.021953829999999996e+01 2.021861690000000067e+01 2.021770199999999917e+01 2.021679359999999903e+01 2.021589159999999907e+01 2.021499620000000164e+01 2.021410720000000083e+01 2.021322460000000021e+01 2.021234850000000094e+01 2.021147879999999830e+01 2.021061549999999940e+01 2.020975869999999830e+01 2.020890819999999977e+01 2.020806410000000142e+01 2.020722639999999970e+01 2.020639510000000172e+01
1.913471440000000001e+01 1.913300160000000005e+01 1.913129800000000103e+01 1.912960340000000059e+01 1.912791789999999992e+01 1.912624140000000139e+01 1.912457390000000146e+01 1.912291520000000133e+01 1.912126539999999864e+01 1.911962439999999930e+01 1.911799219999999977e+01 1.911636860000000127e+01 1.911475370000000140e+01 1.911314739999999901e+01 1.911154960000000003e+01 1.910996030000000090e+01 1.910837940000000046e+01 1.910680689999999871e+01 1.910524279999999919e+01 1.910368700000000075e+01 1.910213949999999983e+01 1.910060010000000119e+01 1.909906900000000007e+01 1.909754590000000007e+01 1.909603099999999998e+01 1.909452399999999983e+01 1.909302509999999842e+01 1.909153410000000051e+01 1.909005110000000016e+01 1.908857589999999860e+01 1.908710849999999937e+01 1.908564889999999892e+01 1.908419710000000080e+01 1.908275300000000030e+01 1.908131660000000096e+01 1.907988780000000162e+01 1.907846669999999989e+01 1.907705310000000054e+01 1.907564700000000002e+01 1.907424849999999950e+01 1.907285740000000018e+01 1.907147379999999970e+01 1.907009749999999926e+01 1.906872870000000120e+01 1.906736719999999963e+01 1.906601300000000165e+01 1.906466610000000017e+01 1.906332640000000112e+01 1.906199399999999855e+01 1.906066870000000080e+01
1.755870799999999932e+01 1.755771090000000001e+01 1.755671979999999976e+01 1.755573469999999858e+01 1.755475560000000002e+01 1.755378239999999934e+01 1.755281520000000128e+01 1.755185399999999873e+01 1.755089870000000118e+01 1.754994930000000153e+01 1.754900579999999977e+01 1.754806819999999945e+01 1.754713660000000175e+01 1.754621080000000077e+01 1.754529090000000124e+01 1.754437679999999844e+01 1.754346860000000063e+01 1.754256630000000072e+01 1.754166980000000109e+01 1.754077910000000173e+01 1.753989430000000027e+01 1.753901520000000147e+01 1.753814200000000056e+01 1.753727449999999877e+01 1.753641289999999842e+01 1.753555700000000073e+01 1.753470679999999859e+01 1.753386250000000146e+01 1.753302379999999872e+01 1.753219089999999980e+01 1.753136380000000116e+01 1.753054230000000047e+01 1.752972660000000005e+01 1.752891650000000112e+01 1.752811219999999892e+01 1.752731350000000177e+01 1.752652050000000017e+01 1.752573320000000123e+01 1.752495150000000024e+01 1.752417549999999835e+01 1.752340510000000151e+01 1.752264029999999906e+01 1.752188119999999927e+01 1.752112759999999980e+01 1.752037969999999945e+01 1.751963729999999941e+01 1.751890059999999849e+01 1.751816940000000145e+01 1.751744370000000117e+01 1.751672370000000001e+01
1.640537159999999872e+01 1.640390760000000014e+01 1.640245140000000035e+01 1.640100290000000172e+01 1.639956210000000070e+01 1.639812889999999967e+01 1.639670329999999865e+01 1.639528520000000000e+01 1.639387460000000019e+01 1.639247140000000158e+01 1.639107569999999825e+01 1.638968720000000090e+01 1.638830610000000121e+01 1.638693230000000156e+01 1.638556559999999962e+01 1.638420620000000127e+01 1.638285390000000064e+01 1.638150860000000009e+01 1.638017049999999841e+01 1.637883940000000038e+01 1.637751520000000127e+01 1.637619799999999870e+01 1.637488769999999860e+01 1.637358419999999981e+01 1.637228759999999994e+01 1.637099780000000138e+01 1.636971480000000057e+01 1.636843849999999989e+01 1.636716880000000174e+01 1.636590590000000134e+01 1.636464949999999874e+01 1.636339969999999866e+01 1.636215650000000110e+01 1.636091989999999896e+01 1.635968970000000056e+01 1.635846599999999995e+01 1.635724880000000070e+01 1.635603790000000046e+01 1.635483340000000041e+01 1.635363530000000054e+01 1.635244349999999969e+01 1.635125809999999902e+01 1.635007889999999975e+01 1.634890589999999833e+01 1.634773919999999947e+01 1.634657860000000085e+01 1.634542430000000124e+01 1.634427609999999831e+01 1.634313399999999916e+01 1.634199810000000141e+01
1.486186189999999918e+01 1.486101730000000032e+01 1.486017780000000066e+01 1.485934340000000020e+01 1.485851399999999956e+01 1.485768969999999989e+01 1.485687049999999942e+01 1.485605630000000055e+01 1.485524720000000087e+01 1.485444309999999923e+01 1.485364399999999918e+01 1.485284990000000072e+01 1.485206089999999968e+01 1.485127680000000083e+01 1.485049779999999942e+01 1.484972370000000019e+01 1.484895470000000017e+01 1.484819060000000057e+01 1.484743150000000078e+01 1.484667729999999963e+01 1.484592810000000007e+01 1.484518379999999915e+01 1.484444449999999982e+01 1.484371009999999913e+01 1.484298070000000003e+01 1.484225610000000017e+01 1.484153650000000013e+01 1.484082180000000051e+01 1.484011199999999953e+01 1.483940710000000074e+01 1.483870699999999943e+01 1.483801189999999970e+01 1.483732159999999922e+01 1.483663609999999977e+01 1.483595550000000074e+01 1.483527980000000035e+01 1.483460889999999921e+01 1.483394280000000087e+01 1.483328159999999940e+01 1.483262520000000073e+01 1.483197350000000014e+01 1.483132669999999997e+01 1.483068470000000083e+01 1.483004749999999916e+01 1.482941499999999913e+01 1.482878730000000012e+01 1.482816440000000036e+01 1.482754620000000045e+01 1.482693270000000041e+01 1.482632399999999961e+01
1.367545149999999943e+01 1.367423450000000074e+01 1.367302390000000045e+01 1.367181970000000035e+01 1.367062179999999927e+01 1.366943020000000075e+01 1.366824480000000008e+01 1.366706560000000081e+01 1.366589250000000000e+01 1.366472560000000058e+01 1.366356470000000023e+01 1.366240999999999950e+01 1.366126120000000022e+01 1.366011839999999999e+01 1.365898149999999944e+01 1.365785059999999973e+01 1.365672550000000030e+01 1.365560630000000053e+01 1.365449289999999927e+01 1.365338530000000006e+01 1.365228339999999996e+01 1.365118720000000074e+01 1.365009670000000064e+01 1.364901189999999964e+01 1.364793270000000014e+01 1.364685910000000035e+01 1.364579099999999912e+01 1.364472849999999937e+01 1.364367149999999995e+01 1.364261989999999969e+01 1.364157389999999914e+01 1.364053320000000014e+01 1.363949799999999968e+01 1.363846810000000076e+01 1.363744359999999922e+01 1.363642450000000039e+01 1.363541060000000016e+01 1.363440199999999969e+01 1.363339870000000076e+01 1.363240060000000042e+01 1.363140770000000046e+01 1.363042010000000026e+01 1.362943759999999926e+01 1.362846019999999925e+01 1.362748799999999960e+01 1.362652100000000033e+01 1.362555900000000086e+01 1.362460210000000060e+01 1.362365029999999955e+01 1.362270350000000008e+01
1.216426910000000028e+01 1.216357750000000060e+01 1.216289010000000026e+01 1.216220679999999987e+01 1.216152780000000000e+01 1.216085290000000008e+01 1.216018210000000010e+01 1.215951549999999948e+01 1.215885300000000058e+01 1.215819469999999924e+01 1.215754049999999964e+01 1.215689039999999999e+01 1.215624449999999968e+01 1.215560259999999992e+01 1.215496489999999952e+01 1.215433130000000084e+01 1.215370180000000033e+01 1.215307639999999978e+01 1.215245509999999918e+01 1.215183790000000030e+01 1.215122470000000021e+01 1.215061569999999946e+01 1.215001069999999928e+01 1.214940980000000081e+01 1.214881289999999936e+01 1.214822009999999963e+01 1.214763139999999986e+01 1.214704670000000064e+01 1.214646600000000021e+01 1.214588939999999972e+01 1.214531679999999980e+01 1.214474820000000044e+01 1.214418369999999925e+01 1.214362309999999923e+01 1.214306659999999916e+01 1.214251400000000025e+01 1.214196549999999952e+01 1.214142089999999996e+01 1.214088040000000035e+01 1.214034380000000013e+01 1.213981109999999930e+01 1.213928250000000020e+01 1.213875780000000049e+01 1.213823700000000017e+01 1.213772020000000040e+01 1.213720730000000003e+01 1.213669830000000083e+01 1.213619330000000041e+01 1.213569219999999937e+01 1.213519499999999951e+01
1.094505780000000073e+01 1.094408639999999977e+01 1.094312000000000040e+01 1.094215870000000024e+01 1.094120239999999988e+01 1.094025099999999995e+01 1.093930459999999982e+01 1.093836310000000012e+01 1.093742650000000083e+01 1.093649470000000079e+01 1.093556770000000000e+01 1.093464550000000024e+01 1.093372809999999973e+01 1.093281540000000085e+01 1.093190740000000005e+01 1.093100409999999911e+01 1.093010549999999981e+01 1.092921139999999980e+01 1.092832199999999965e+01 1.092743710000000057e+01 1.092655680000000018e+01 1.092568100000000086e+01 1.092480970000000084e+01 1.092394290000000012e+01 1.092308060000000047e+01 1.092222259999999956e+01 1.092136909999999972e+01 1.092051990000000039e+01 1.091967520000000036e+01 1.091883469999999967e+01 1.091799860000000066e+01 1.091716680000000039e+01 1.091633919999999947e+01 1.091551600000000022e+01 1.091469689999999915e+01 1.091388210000000036e+01 1.091307149999999915e+01 1.091226510000000083e+01 1.091146280000000068e+01 1.091066479999999927e+01 1.090987080000000020e+01 1.090908100000000047e+01 1.090829530000000069e+01 1.090751359999999970e+01 1.090673609999999982e+01 1.090596260000000051e+01 1.090519319999999936e+01 1.090442780000000056e+01 1.090366640000000054e+01 1.090290899999999930e+01
9.466175160000000588e+00 9.465637259999999387e+00 9.465102610000000638e+00 9.464571210000000789e+00 9.464043070000000668e+00 9.463518170000000396e+00 9.462996520000000800e+00 9.462478120000000104e+00 9.461962950000000205e+00 9.461451009999999329e+00 9.460942310000000077e+00 9.460436839999999847e+00 9.459934589999999588e+00 9.459435570000000126e+00 9.458939770000000635e+00 9.458447180000000287e+00 9.457957800000000859e+00 9.457471639999999624e+00 9.456988669999999431e+00 9.456508919999999208e+00 9.456032360000000025e+00 9.455558990000000108e+00 9.455088820000000283e+00 9.454621839999999722e+00 9.454158039999999374e+00 9.453697419999999241e+00 9.453239970000000270e+00 9.452785699999999736e+00 9.452334600000000364e+00 9.451886659999999551e+00 9.451441880000000850e+00 9.451000260000000708e+00 9.450561790000000073e+00 9.450126470000000722e+00 9.449694290000000052e+00 9.449265249999999838e+00 9.448839339999999254e+00 9.448416560000000075e+00 9.447996910000000526e+00 9.447580370000000727e+00 9.447166949999999730e+00 9.446756640000000260e+00 9.446349440000000541e+00 9.445945330000000695e+00 9.445544319999999772e+00 9.445146389999999670e+00 9.444751549999999440e+00 9.444359790000000032e+00 9.443971100000000618e+00 9.443585479999999421e+00
8.214257699999999218e+00 8.213530860000000544e+00 8.212807789999999386e+00 8.212088460000000367e+00 8.211372850000000057e+00 8.210660929999999524e+00 8.209952689999999720e+00 8.209248099999999937e+00 8.208547140000000297e+00 8.207849780000000095e+00 8.207156010000000279e+00 8.206465800000000144e+00 8.205779129999999810e+00 8.205095979999999400e+00 8.204416330000000812e+00 8.203740160000000614e+00 8.203067450000000704e+00 8.202398179999999428e+00 8.201732330000000459e+00 8.201069869999999540e+00 8.200410809999999273e+00 8.199755100000000851e+00 8.199102749999999773e+00 8.198453719999999834e+00 8.197808009999999257e+00 8.197165589999999114e+00 8.196526450000000352e+00 8.195890569999999542e+00 8.195257939999999408e+00 8.194628540000000072e+00 8.194002349999999879e+00 8.193379370000000606e+00 8.192759569999999769e+00 8.192142949999999146e+00 8.191529490000000635e+00 8.190919170000000804e+00 8.190311989999999653e+00 8.189707930000000857e+00 8.189106969999999208e+00 8.188509110000000035e+00 8.187914340000000735e+00 8.187322639999999652e+00 8.186733999999999511e+00 8.186148409999999487e+00 8.185565869999999578e+00 8.184986350000000854e+00 8.184409860000000592e+00 8.183836380000000688e+00 8.183265900000000315e+00 8.182698410000000422e+00
6.767676100000000083e+00 6.767292529999999751e+00 6.766911310000000235e+00 6.766532409999999942e+00 6.766155849999999639e+00 6.765781630000000213e+00 6.765409730000000010e+00 6.765040159999999858e+00 6.764672919999999756e+00 6.764308009999999705e+00 6.763945409999999825e+00 6.763585139999999996e+00 6.763227190000000277e+00 6.762871549999999843e+00 6.762518230000000408e+00 6.762167220000000256e+00 6.761818520000000277e+00 6.761472129999999581e+00 6.761128049999999945e+00 6.760786269999999654e+00 6.760446800000000422e+00 6.760109619999999708e+00 6.759774750000000054e+00 6.759442159999999866e+00 6.759111869999999911e+00 6.758783870000000249e+00 6.758458159999999992e+00 6.758134740000000029e+00 6.757813589999999593e+00 6.757494730000000338e+00 6.757178139999999722e+00 6.756863830000000348e+00 6.756551779999999674e+00 6.756242010000000242e+00 6.755934500000000398e+00 6.755629250000000141e+00 6.755326260000000360e+00 6.755025530000000167e+00 6.754727049999999622e+00 6.754430819999999613e+00 6.754136830000000202e+00 6.753845079999999612e+00 6.753555579999999559e+00 6.753268300000000224e+00 6.752983259999999710e+00 6.752700439999999915e+00 6.752419849999999890e+00 6.752141479999999696e+00 6.751865320000000281e+00 6.751591369999999870e+00
5.483129230000000298e+00 5.482646349999999558e+00 5.482165980000000438e+00 5.481688089999999569e+00 5.481212669999999676e+00 5.480739699999999992e+00 5.480269169999999690e+00 5.479801059999999779e+00 5.479335360000000321e+00 5.478872049999999660e+00 5.478411119999999634e+00 5.477952550000000365e+00 5.477496330000000135e+00 5.477042439999999957e+00 5.476590879999999828e+00 5.476141629999999871e+00 5.475694670000000208e+00 5.475249990000000011e+00 5.474807580000000229e+00 5.474367430000000034e+00 5.473929520000000437e+00 5.473493849999999661e+00 5.473060399999999603e+00 5.472629150000000386e+00 5.472200100000000234e+00 5.471773250000000033e+00 5.471348560000000028e+00 5.470926040000000157e+00 5.470505679999999593e+00 5.470087460000000235e+00 5.469671380000000305e+00 5.469257419999999925e+00 5.468845579999999984e+00 5.468435849999999654e+00 5.468028219999999884e+00 5.467622669999999907e+00 5.467219209999999663e+00 5.466817820000000161e+00 5.466418489999999686e+00 5.466021220000000014e+00 5.465626000000000317e+00 5.465232829999999709e+00 5.464841690000000085e+00 5.464452579999999671e+00 5.464065490000000302e+00 5.463680410000000265e+00 5.463297350000000385e+00 5.462916289999999897e+00 5.462537219999999749e+00 5.462160149999999881e+00
4.068946269999999643e+00 4.068717569999999562e+00 4.068490289999999732e+00 4.068264410000000275e+00 4.068039950000000182e+00 4.067816910000000341e+00 4.067595269999999985e+00 4.067375039999999942e+00 4.067156220000000211e+00 4.066938809999999904e+00 4.066722809999999910e+00 4.066508210000000290e+00 4.066295020000000093e+00 4.066083240000000210e+00 4.065872849999999872e+00 4.065663869999999847e+00 4.065456290000000195e+00 4.065250110000000028e+00 4.065045320000000295e+00 4.064841939999999987e+00 4.064639950000000113e+00 4.064439359999999724e+00 4.064240159999999769e+00 4.064042350000000248e+00 4.063845940000000212e+00 4.063650909999999783e+00 4.063457279999999727e+00 4.063265030000000166e+00 4.063074170000000152e+00 4.062884689999999743e+00 4.062696599999999769e+00 4.062509880000000351e+00 4.062324549999999590e+00 4.062140590000000273e+00 4.061958009999999675e+00 4.061776799999999632e+00 4.061596970000000084e+00 4.061418510000000204e+00 4.061241410000000052e+00 4.061065679999999567e+00 4.060891319999999638e+00 4.060718320000000325e+00 4.060546679999999853e+00 4.060376390000000058e+00 4.060207469999999930e+00 4.060039889999999652e+00 4.059873669999999990e+00 4.059708800000000117e+00 4.059545270000000095e+00 4.059383089999999861e+00
2.751887640000000079e+00 2.751648250000000129e+00 2.751410100000000192e+00 2.751173210000000147e+00 2.750937550000000176e+00 2.750703109999999896e+00 2.750469900000000134e+00 2.750237900000000124e+00 2.750007109999999866e+00 2.749777519999999864e+00 2.749549109999999796e+00 2.749321890000000046e+00 2.749095849999999785e+00 2.748870979999999964e+00 2.748647270000000198e+00 2.748424720000000043e+00 2.748203310000000066e+00 2.747983050000000205e+00 2.747763930000000077e+00 2.747545940000000186e+00 2.747329070000000151e+00 2.747113319999999970e+00 2.746898680000000148e+00 2.746685160000000181e+00 2.746472729999999807e+00 2.746261399999999853e+00 2.746051159999999935e+00 2.745842010000000055e+00 2.745633929999999889e+00 2.745426940000000204e+00 2.745221009999999850e+00 2.745016150000000099e+00 2.744812350000000123e+00 2.744609609999999922e+00 2.744407920000000001e+00 2.744207279999999916e+00 2.744007680000000171e+00 2.743809129999999818e+00 2.743611609999999867e+00 2.743415119999999874e+00 2.743219659999999838e+00 2.743025230000000203e+00 2.742831820000000143e+00 2.742639430000000100e+00 2.742448060000000076e+00 2.742257690000000192e+00 2.742068339999999882e+00 2.741879990000000156e+00 2.741692650000000064e+00 2.741506310000000113e+00
1.369917840000000053e+00 1.369844529999999949e+00 1.369771690000000097e+00 1.369699350000000093e+00 1.369627479999999897e+00 1.369556109999999993e+00 1.369485209999999897e+00 1.369414799999999932e+00 1.369344869999999936e+00 1.369275430000000071e+00 1.369206469999999953e+00 1.369137990000000027e+00 1.369069990000000070e+00 1.369002480000000022e+00 1.368935449999999943e+00 1.368868900000000055e+00 1.368802829999999915e+00 1.368737239999999966e+00 1.368672139999999926e+00 1.368607509999999916e+00 1.368543370000000037e+00 1.368479709999999905e+00 1.368416520000000025e+00 1.368353820000000054e+00 1.368291600000000052e+00 1.368229850000000081e+00 1.368168580000000079e+00 1.368107790000000046e+00 1.368047479999999982e+00 1.367987650000000110e+00 1.367928290000000047e+00 1.367869409999999952e+00 1.367811000000000110e+00 1.367753070000000015e+00 1.367695619999999890e+00 1.367638630000000077e+00 1.367582129999999951e+00 1.367526089999999916e+00 1.367470530000000073e+00 1.367415440000000038e+00 1.367360820000000032e+00 1.367306670000000057e+00 1.367253000000000052e+00 1.367199789999999915e+00 1.367147050000000030e+00 1.367094779999999954e+00 1.367042969999999968e+00 1.366991630000000013e+00 1.366940760000000088e+00 1.366890350000000032e+00
2.053600519999999874e-02 2.053993429999999981e-02 2.054387800000000153e-02 2.054783649999999962e-02 2.055180959999999835e-02 2.055579739999999905e-02 2.055979980000000040e-02 2.056381679999999892e-02 2.056784849999999942e-02 2.057189469999999923e-02 2.057595560000000101e-02 2.058003099999999863e-02 2.058412110000000170e-02 2.058822570000000060e-02 2.059234490000000015e-02 2.059647870000000033e-02 2.060062710000000116e-02 2.060479009999999916e-02 2.060896759999999994e-02 2.061315979999999923e-02 2.061736659999999915e-02 2.062158799999999972e-02 2.062582400000000094e-02 2.063007479999999852e-02 2.063434009999999888e-02 2.063862019999999908e-02 2.064291500000000126e-02 2.064722449999999848e-02 2.065154879999999901e-02 2.065588780000000152e-02 2.066024169999999827e-02 2.066461039999999832e-02 2.066899399999999956e-02 2.067339249999999851e-02 2.067780589999999863e-02 2.068223439999999913e-02 2.068667780000000081e-02 2.069113640000000073e-02 2.069560999999999970e-02 2.070009880000000038e-02 2.070460279999999931e-02 2.070912210000000128e-02 2.071365669999999937e-02 2.071820660000000050e-02 2.072277200000000041e-02 2.072735280000000124e-02 2.073194919999999872e-02 2.073656109999999844e-02 2.074118869999999962e-02 2.074583199999999877e-02
-1.329046649999999996e+00 -1.328964540000000083e+00 -1.328882859999999999e+00 -1.328801630000000067e+00 -1.328720850000000064e+00 -1.328640499999999891e+00 -1.328560600000000091e+00 -1.328481140000000060e+00 -1.328402129999999959e+00 -1.328323549999999909e+00 -1.328245410000000071e+00 -1.328167710000000001e+00 -1.328090449999999922e+00 -1.328013639999999995e+00 -1.327937249999999958e+00 -1.327861310000000072e+00 -1.327785809999999955e+00 -1.327710739999999889e+00 -1.327636100000000097e+00 -1.327561910000000012e+00 -1.327488140000000039e+00 -1.327414819999999995e+00 -1.327341920000000064e+00 -1.327269470000000062e+00 -1.327197439999999951e+00 -1.327125839999999890e+00 -1.327054680000000042e+00 -1.326983950000000023e+00 -1.326913650000000056e+00 -1.326843779999999917e+00 -1.326774340000000052e+00 -1.326705320000000077e+00 -1.326636740000000092e+00 -1.326568579999999997e+00 -1.326500849999999954e+00 -1.326433540000000022e+00 -1.326366659999999920e+00 -1.326300199999999929e+00 -1.326234160000000051e+00 -1.326168550000000002e+00 -1.326103360000000064e+00 -1.326038590000000017e+00 -1.325974240000000082e+00 -1.325910310000000036e+00 -1.325846800000000103e+00 -1.325783710000000060e+00 -1.325721029999999967e+00 -1.325658760000000047e+00 -1.325596919999999956e+00 -1.325535480000000099e+00
-2.710629110000000175e+00 -2.710381739999999873e+00 -2.710135600000000089e+00 -2.709890660000000118e+00 -2.709646939999999837e+00 -2.709404409999999874e+00 -2.709163069999999784e+00 -2.708922920000000012e+00 -2.708683939999999790e+00 -2.708446130000000007e+00 -2.708209479999999836e+00 -2.707973979999999781e+00 -2.707739639999999781e+00 -2.707506430000000019e+00 -2.707274359999999991e+00 -2.707043409999999817e+00 -2.706813579999999941e+00 -2.706584869999999921e+00 -2.706357259999999876e+00 -2.706130760000000191e+00 -2.705905350000000098e+00 -2.705681030000000042e+00 -2.705457790000000085e+00 -2.705235640000000163e+00 -2.705014550000000018e+00 -2.704794530000000030e+00 -2.704575569999999818e+00 -2.704357669999999825e+00 -2.704140820000000112e+00 -2.703925009999999851e+00 -2.703710249999999871e+00 -2.703496519999999848e+00 -2.703283819999999782e+00 -2.703072150000000118e+00 -2.702861509999999967e+00 -2.702651879999999895e+00 -2.702443269999999842e+00 -2.702235669999999867e+00 -2.702029070000000033e+00 -2.701823479999999833e+00 -2.701618879999999834e+00 -2.701415279999999974e+00 -2.701212669999999871e+00 -2.701011049999999969e+00 -2.700810419999999823e+00 -2.700610769999999938e+00 -2.700412099999999871e+00 -2.700214400000000126e+00 -2.700017680000000198e+00 -2.699821920000000208e+00
-4.028062860000000356e+00 -4.027825299999999942e+00 -4.027589120000000023e+00 -4.027354309999999771e+00 -4.027120880000000014e+00 -4.026888809999999985e+00 -4.026658119999999563e+00 -4.026428789999999758e+00 -4.026200829999999620e+00 -4.025974230000000098e+00 -4.025749000000000244e+00 -4.025525140000000057e+00 -4.025302629999999660e+00 -4.025081489999999818e+00 -4.024861709999999704e+00 -4.024643280000000267e+00 -4.024426209999999671e+00 -4.024210499999999691e+00 -4.023996140000000388e+00 -4.023783139999999925e+00 -4.023571490000000139e+00 -4.023361180000000203e+00 -4.023152229999999996e+00 -4.022944619999999638e+00 -4.022738359999999957e+00 -4.022533450000000066e+00 -4.022329870000000085e+00 -4.022127639999999893e+00 -4.021926750000000439e+00 -4.021727190000000007e+00 -4.021528970000000314e+00 -4.021332079999999642e+00 -4.021136529999999709e+00 -4.020942299999999747e+00 -4.020749409999999635e+00 -4.020557840000000382e+00 -4.020367590000000213e+00 -4.020178669999999954e+00 -4.019991059999999727e+00 -4.019804780000000299e+00 -4.019619800000000076e+00 -4.019436149999999763e+00 -4.019253800000000432e+00 -4.019072760000000244e+00 -4.018893030000000088e+00 -4.018714600000000026e+00 -4.018537470000000056e+00 -4.018361650000000118e+00 -4.018187110000000395e+00 -4.018013879999999816e+00
-5.442056100000000285e+00 -5.441565330000000422e+00 -5.441077019999999820e+00 -5.440591160000000315e+00 -5.440107740000000192e+00 -5.439626750000000399e+00 -5.439148160000000232e+00 -5.438671959999999750e+00 -5.438198139999999903e+00 -5.437726679999999924e+00 -5.437257569999999873e+00 -5.436790789999999873e+00 -5.436326329999999984e+00 -5.435864180000000268e+00 -5.435404319999999956e+00 -5.434946739999999998e+00 -5.434491419999999628e+00 -5.434038349999999795e+00 -5.433587519999999671e+00 -5.433138920000000205e+00 -5.432692539999999681e+00 -5.432248350000000059e+00 -5.431806360000000389e+00 -5.431366549999999904e+00 -5.430928899999999615e+00 -5.430493410000000409e+00 -5.430060069999999683e+00 -5.429628860000000223e+00 -5.429199780000000253e+00 -5.428772809999999893e+00 -5.428347950000000033e+00 -5.427925179999999905e+00 -5.427504500000000398e+00 -5.427085899999999796e+00 -5.426669359999999998e+00 -5.426254880000000114e+00 -5.425842460000000145e+00 -5.425432070000000273e+00 -5.425023730000000377e+00 -5.424617399999999812e+00 -5.424213100000000232e+00 -5.423810809999999982e+00 -5.423410520000000012e+00 -5.423012230000000322e+00 -5.422615930000000084e+00 -5.422221620000000186e+00 -5.421829289999999801e+00 -5.421438919999999939e+00 -5.421050519999999651e+00 -5.420664089999999824e+00
-6.726826380000000327e+00 -6.726433799999999685e+00 -6.726043530000000104e+00 -6.725655549999999927e+00 -6.725269860000000044e+00 -6.724886470000000394e+00 -6.724505370000000148e+00 -6.724126560000000197e+00 -6.723750029999999711e+00 -6.723375790000000407e+00 -6.723003839999999620e+00 -6.722634160000000136e+00 -6.722266760000000119e+00 -6.721901639999999567e+00 -6.721538790000000319e+00 -6.721178209999999709e+00 -6.720819900000000402e+00 -6.720463859999999734e+00 -6.720110080000000430e+00 -6.719758569999999764e+00 -6.719409309999999635e+00 -6.719062309999999982e+00 -6.718717569999999917e+00 -6.718375080000000388e+00 -6.718034839999999619e+00 -6.717696840000000336e+00 -6.717361089999999813e+00 -6.717027579999999887e+00 -6.716696309999999670e+00 -6.716367280000000051e+00 -6.716040470000000262e+00 -6.715715900000000183e+00 -6.715393549999999934e+00 -6.715073430000000343e+00 -6.714755519999999755e+00 -6.714439829999999887e+00 -6.714126359999999849e+00 -6.713815089999999763e+00 -6.713506029999999569e+00 -6.713199180000000155e+00 -6.712894519999999865e+00 -6.712592049999999588e+00 -6.712291780000000152e+00 -6.711993699999999841e+00 -6.711697799999999603e+00 -6.711404080000000327e+00 -6.711112530000000298e+00 -6.710823160000000343e+00 -6.710535949999999694e+00 -6.710250910000000069e+00
-8.173078090000000628e+00 -8.172343409999999864e+00 -8.171612469999999462e+00 -8.170885249999999544e+00 -8.170161710000000355e+00 -8.169441839999999289e+00 -8.168725609999999193e+00 -8.168013000000000190e+00 -8.167303979999999797e+00 -8.166598540000000739e+00 -8.165896659999999585e+00 -8.165198300000000131e+00 -8.164503460000000601e+00 -8.163812099999999461e+00 -8.163124209999999437e+00 -8.162439770000000649e+00 -8.161758759999999668e+00 -8.161081160000000168e+00 -8.160406939999999665e+00 -8.159736099999999936e+00 -8.159068610000000277e+00 -8.158404450000000807e+00 -8.157743610000000700e+00 -8.157086070000000078e+00 -8.156431810000000837e+00 -8.155780809999999548e+00 -8.155133060000000711e+00 -8.154488539999999119e+00 -8.153847239999999275e+00 -8.153209130000000471e+00 -8.152574219999999983e+00 -8.151942469999999830e+00 -8.151313880000000012e+00 -8.150688430000000650e+00 -8.150066109999999142e+00 -8.149446909999999988e+00 -8.148830800000000707e+00 -8.148217790000000349e+00 -8.147607849999999985e+00 -8.147000979999999615e+00 -8.146397159999999360e+00 -8.145796380000000170e+00 -8.145198629999999440e+00 -8.144603910000000724e+00 -8.144012189999999762e+00 -8.143423470000000108e+00 -8.142837739999999158e+00 -8.142254989999999637e+00 -8.141675210000000718e+00 -8.141098389999999796e+00
-9.425260839999999973e+00 -9.424713799999999253e+00 -9.424169980000000280e+00 -9.423629379999999500e+00 -9.423091989999999640e+00 -9.422557810000000700e+00 -9.422026830000000075e+00 -9.421499060000000370e+00 -9.420974490000000756e+00 -9.420453110000000407e+00 -9.419934919999999323e+00 -9.419419930000000107e+00 -9.418908119999999329e+00 -9.418399490000000540e+00 -9.417894040000000189e+00 -9.417391759999999223e+00 -9.416892660000000248e+00 -9.416396719999999831e+00 -9.415903950000000577e+00 -9.415414339999999882e+00 -9.414927889999999522e+00 -9.414444579999999618e+00 -9.413964430000000050e+00 -9.413487429999999989e+00 -9.413013559999999558e+00 -9.412542840000000410e+00 -9.412075240000000065e+00 -9.411610780000000176e+00 -9.411149440000000865e+00 -9.410691220000000357e+00 -9.410236120000000426e+00 -9.409784130000000246e+00 -9.409335240000000766e+00 -9.408889459999999261e+00 -9.408446780000000231e+00 -9.408007200000000125e+00 -9.407570700000000841e+00 -9.407137280000000601e+00 -9.406706950000000234e+00 -9.406279680000000809e+00 -9.405855490000000430e+00 -9.405434359999999216e+00 -9.405016290000000723e+00 -9.404601270000000568e+00 -9.404189300000000529e+00 -9.403780369999999778e+00 -9.403374480000000091e+00 -9.402971620000000641e+00 -9.402571789999999652e+00 -9.402174970000000798e+00
-1.090375069999999980e+01 -1.090277159999999945e+01 -1.090179739999999953e+01 -1.090082830000000058e+01 -1.089986410000000028e+01 -1.089890489999999978e+01 -1.089795050000000032e+01 -1.089700110000000066e+01 -1.089605640000000086e+01 -1.089511659999999971e+01 -1.089418159999999958e+01 -1.089325129999999930e+01 -1.089232580000000006e+01 -1.089140500000000067e+01 -1.089048879999999997e+01 -1.088957729999999913e+01 -1.088867040000000053e+01 -1.088776810000000062e+01 -1.088687039999999939e+01 -1.088597719999999924e+01 -1.088508850000000017e+01 -1.088420430000000039e+01 -1.088332459999999990e+01 -1.088244929999999933e+01 -1.088157840000000043e+01 -1.088071189999999966e+01 -1.087984989999999996e+01 -1.087899209999999961e+01 -1.087813869999999916e+01 -1.087728959999999923e+01 -1.087644479999999980e+01 -1.087560429999999911e+01 -1.087476799999999955e+01 -1.087393589999999932e+01 -1.087310800000000022e+01 -1.087228439999999985e+01 -1.087146489999999943e+01 -1.087064960000000013e+01 -1.086983840000000079e+01 -1.086903129999999962e+01 -1.086822830000000017e+01 -1.086742950000000008e+01 -1.086663470000000054e+01 -1.086584389999999978e+01 -1.086505720000000075e+01 -1.086427459999999989e+01 -1.086349590000000020e+01 -1.086272130000000047e+01 -1.086195069999999951e+01 -1.086118399999999973e+01
-1.212323789999999946e+01 -1.212253710000000062e+01 -1.212184039999999996e+01 -1.212114779999999925e+01 -1.212045930000000027e+01 -1.211977500000000063e+01 -1.211909479999999917e+01 -1.211841869999999943e+01 -1.211774660000000026e+01 -1.211707870000000042e+01 -1.211641490000000054e+01 -1.211575520000000061e+01 -1.211509949999999947e+01 -1.211444790000000005e+01 -1.211380040000000058e+01 -1.211315699999999929e+01 -1.211251760000000033e+01 -1.211188229999999955e+01 -1.211125110000000049e+01 -1.211062390000000022e+01 -1.211000070000000051e+01 -1.210938149999999958e+01 -1.210876640000000037e+01 -1.210815539999999935e+01 -1.210754829999999949e+01 -1.210694520000000018e+01 -1.210634620000000083e+01 -1.210575120000000027e+01 -1.210516010000000087e+01 -1.210457309999999964e+01 -1.210398999999999958e+01 -1.210341090000000008e+01 -1.210283579999999937e+01 -1.210226469999999921e+01 -1.210169750000000022e+01 -1.210113430000000001e+01 -1.210057499999999919e+01 -1.210001970000000071e+01 -1.209946829999999984e+01 -1.209892080000000014e+01 -1.209837719999999983e+01 -1.209783760000000008e+01 -1.209730189999999972e+01 -1.209677010000000053e+01 -1.209624209999999955e+01 -1.209571809999999914e+01 -1.209519799999999989e+01 -1.209468170000000065e+01 -1.209416930000000079e+01 -1.209366069999999915e+01
-1.363385650000000027e+01 -1.363263199999999919e+01 -1.363141390000000008e+01 -1.363020209999999999e+01 -1.362899649999999951e+01 -1.362779729999999923e+01 -1.362660419999999917e+01 -1.362541719999999934e+01 -1.362423639999999914e+01 -1.362306169999999916e+01 -1.362189300000000003e+01 -1.362073039999999935e+01 -1.361957370000000012e+01 -1.361842299999999994e+01 -1.361727819999999944e+01 -1.361613930000000039e+01 -1.361500619999999984e+01 -1.361387889999999956e+01 -1.361275739999999956e+01 -1.361164160000000045e+01 -1.361053159999999984e+01 -1.360942720000000072e+01 -1.360832850000000072e+01 -1.360723540000000042e+01 -1.360614789999999985e+01 -1.360506589999999960e+01 -1.360398950000000085e+01 -1.360291860000000064e+01 -1.360185309999999959e+01 -1.360079310000000063e+01 -1.359973850000000084e+01 -1.359868939999999959e+01 -1.359764550000000050e+01 -1.359660709999999995e+01 -1.359557389999999977e+01 -1.359454610000000052e+01 -1.359352349999999987e+01 -1.359250620000000076e+01 -1.359149410000000024e+01 -1.359048720000000010e+01 -1.358948550000000033e+01 -1.358848889999999976e+01 -1.358749749999999956e+01 -1.358651120000000034e+01 -1.358553000000000033e+01 -1.358455389999999952e+01 -1.358358289999999968e+01 -1.358261689999999966e+01 -1.358165600000000062e+01 -1.358070000000000022e+01
-1.482059469999999912e+01 -1.481974070000000054e+01 -1.481889170000000000e+01 -1.481804780000000044e+01 -1.481720890000000068e+01 -1.481637500000000074e+01 -1.481554620000000000e+01 -1.481472229999999968e+01 -1.481390350000000034e+01 -1.481308959999999963e+01 -1.481228079999999991e+01 -1.481147690000000061e+01 -1.481067799999999934e+01 -1.480988400000000027e+01 -1.480909499999999923e+01 -1.480831099999999978e+01 -1.480753190000000075e+01 -1.480675770000000036e+01 -1.480598840000000038e+01 -1.480522410000000022e+01 -1.480446470000000048e+01 -1.480371019999999938e+01 -1.480296060000000047e+01 -1.480221590000000020e+01 -1.480147599999999919e+01 -1.480074109999999976e+01 -1.480001099999999958e+01 -1.479928570000000043e+01 -1.479856539999999931e+01 -1.479784979999999983e+01 -1.479713910000000077e+01 -1.479643330000000034e+01 -1.479573219999999978e+01 -1.479503599999999963e+01 -1.479434460000000051e+01 -1.479365800000000064e+01 -1.479297620000000002e+01 -1.479229909999999926e+01 -1.479162690000000069e+01 -1.479095940000000020e+01 -1.479029659999999957e+01 -1.478963869999999936e+01 -1.478898539999999961e+01 -1.478833689999999912e+01 -1.478769319999999965e+01 -1.478705410000000064e+01 -1.478641979999999911e+01 -1.478579009999999982e+01 -1.478516519999999979e+01 -1.478454499999999960e+01
-1.636353270000000037e+01 -1.636206140000000175e+01 -1.636059789999999836e+01 -1.635914190000000090e+01 -1.635769369999999867e+01 -1.635625299999999882e+01 -1.635481980000000135e+01 -1.635339420000000032e+01 -1.635197600000000051e+01 -1.635056519999999836e+01 -1.634916169999999980e+01 -1.634776559999999890e+01 -1.634637670000000043e+01 -1.634499509999999844e+01 -1.634362060000000128e+01 -1.634225329999999943e+01 -1.634089309999999884e+01 -1.633953999999999951e+01 -1.633819379999999910e+01 -1.633685469999999995e+01 -1.633552249999999972e+01 -1.633419719999999842e+01 -1.633287879999999959e+01 -1.633156729999999968e+01 -1.633026249999999990e+01 -1.632896450000000144e+01 -1.632767319999999955e+01 -1.632638860000000136e+01 -1.632511059999999858e+01 -1.632383929999999950e+01 -1.632257450000000176e+01 -1.632131629999999944e+01 -1.632006469999999965e+01 -1.631881950000000003e+01 -1.631758080000000177e+01 -1.631634850000000014e+01 -1.631512269999999987e+01 -1.631390319999999861e+01 -1.631268999999999991e+01 -1.631148320000000140e+01 -1.631028269999999836e+01 -1.630908840000000026e+01 -1.630790040000000118e+01 -1.630671859999999995e+01 -1.630554289999999895e+01 -1.630437350000000052e+01 -1.630321019999999876e+01 -1.630205289999999962e+01 -1.630090179999999833e+01 -1.629975680000000082e+01
-1.751718470000000138e+01 -1.751617800000000003e+01 -1.751517730000000128e+01 -1.751418260000000160e+01 -1.751319369999999864e+01 -1.751221079999999830e+01 -1.751123379999999941e+01 -1.751026269999999840e+01 -1.750929749999999885e+01 -1.750833820000000074e+01 -1.750738480000000052e+01 -1.750643720000000059e+01 -1.750549540000000093e+01 -1.750455949999999916e+01 -1.750362949999999884e+01 -1.750270520000000118e+01 -1.750178680000000142e+01 -1.750087419999999838e+01 -1.749996730000000156e+01 -1.749906629999999907e+01 -1.749817099999999925e+01 -1.749728149999999971e+01 -1.749639769999999928e+01 -1.749551969999999912e+01 -1.749464740000000162e+01 -1.749378090000000086e+01 -1.749292009999999920e+01 -1.749206489999999903e+01 -1.749121549999999914e+01 -1.749037179999999836e+01 -1.748953369999999907e+01 -1.748870129999999889e+01 -1.748787460000000138e+01 -1.748705349999999825e+01 -1.748623800000000017e+01 -1.748542820000000120e+01 -1.748462400000000017e+01 -1.748382549999999824e+01 -1.748303250000000020e+01 -1.748224510000000009e+01 -1.748146330000000148e+01 -1.748068710000000081e+01 -1.747991650000000163e+01 -1.747915139999999923e+01 -1.747839180000000070e+01 -1.747763780000000011e+01 -1.747688940000000102e+01 -1.747614640000000108e+01 -1.747540899999999908e+01 -1.747467699999999979e+01
-1.909269739999999871e+01 -1.909097739999999988e+01 -1.908926639999999963e+01 -1.908756449999999916e+01 -1.908587160000000083e+01 -1.908418770000000109e+01 -1.908251279999999994e+01 -1.908084660000000099e+01 -1.907918929999999946e+01 -1.907754070000000013e+01 -1.907590090000000060e+01 -1.907426969999999855e+01 -1.907264710000000107e+01 -1.907103299999999990e+01 -1.906942749999999975e+01 -1.906783039999999829e+01 -1.906624169999999907e+01 -1.906466139999999854e+01 -1.906308939999999907e+01 -1.906152559999999951e+01 -1.905997010000000103e+01 -1.905842279999999889e+01 -1.905688359999999903e+01 -1.905535240000000030e+01 -1.905382930000000030e+01 -1.905231429999999904e+01 -1.905080710000000010e+01 -1.904930789999999874e+01 -1.904781660000000088e+01 -1.904633309999999824e+01 -1.904485740000000149e+01 -1.904338939999999880e+01 -1.904192919999999845e+01 -1.904047669999999925e+01 -1.903903169999999889e+01 -1.903759439999999969e+01 -1.903616470000000049e+01 -1.903474250000000012e+01 -1.903332779999999858e+01 -1.903192059999999941e+01 -1.903052080000000146e+01 -1.902912840000000116e+01 -1.902774339999999853e+01 -1.902636569999999949e+01 -1.902499530000000050e+01 -1.902363220000000155e+01 -1.902227639999999909e+01 -1.902092779999999905e+01 -1.901958630000000028e+01 -1.901825200000000038e+01
-2.021294539999999884e+01 -2.021178629999999998e+01 -2.021063399999999888e+01 -2.020948860000000025e+01 -2.020835010000000054e+01 -2.020721830000000097e+01 -2.020609340000000032e+01 -2.020497530000000097e+01 -2.020386390000000176e+01 -2.020275930000000031e+01 -2.020166150000000016e+01 -2.020057050000000132e+01 -2.019948610000000144e+01 -2.019840849999999932e+01 -2.019733760000000089e+01 -2.019627339999999904e+01 -2.019521579999999972e+01 -2.019416490000000053e+01 -2.019312070000000148e+01 -2.019208310000000139e+01 -2.019105220000000145e+01 -2.019002790000000047e+01 -2.018901010000000085e+01 -2.018799900000000136e+01 -2.018699450000000084e+01 -2.018599650000000167e+01 -2.018500510000000148e+01 -2.018402019999999908e+01 -2.018304189999999920e+01 -2.018207010000000068e+01 -2.018110479999999995e+01 -2.018014600000000058e+01 -2.017919369999999901e+01 -2.017824789999999879e+01 -2.017730849999999876e+01 -2.017637560000000008e+01 -2.017544919999999919e+01 -2.017452919999999850e+01 -2.017361560000000154e+01 -2.017270840000000121e+01 -2.017180769999999868e+01 -2.017091329999999871e+01 -2.017002529999999894e+01 -2.016914369999999934e+01 -2.016826839999999876e+01 -2.016739949999999837e+01 -2.016653700000000171e+01 -2.016568080000000052e+01 -2.016483089999999834e+01 -2.016398729999999873e+01
-2.182095939999999956e+01 -2.181898830000000089e+01 -2.181702780000000175e+01 -2.181507780000000096e+01 -2.181313829999999854e+01 -2.181120909999999924e+01 -2.180929019999999952e+01 -2.180738170000000054e+01 -2.180548329999999879e+01 -2.180359509999999901e+01 -2.180171689999999884e+01 -2.179984879999999947e+01 -2.179799069999999972e+01 -2.179614249999999842e+01 -2.179430410000000151e+01 -2.179247559999999950e+01 -2.179065680000000071e+01 -2.178884770000000159e+01 -2.178704829999999859e+01 -2.178525840000000002e+01 -2.178347809999999996e+01 -2.178170719999999960e+01 -2.177994580000000013e+01 -2.177819380000000038e+01 -2.177645100000000156e+01 -2.177471759999999890e+01 -2.177299340000000072e+01 -2.177127839999999992e+01 -2.176957249999999888e+01 -2.176787570000000116e+01 -2.176618789999999848e+01 -2.176450919999999911e+01 -2.176283940000000072e+01 -2.176117839999999859e+01 -2.175952639999999860e+01 -2.175788319999999842e+01 -2.175624870000000044e+01 -2.175462299999999871e+01 -2.175300590000000156e+01 -2.175139749999999950e+01 -2.174979769999999846e+01 -2.174820649999999844e+01 -2.174662389999999945e+01 -2.174504969999999915e+01 -2.174348399999999870e+01 -2.174192670000000049e+01 -2.174037769999999981e+01 -2.173883719999999897e+01 -2.173730490000000160e+01 -2.173578090000000174e+01
-2.290773039999999838e+01 -2.290641869999999969e+01 -2.290511469999999861e+01 -2.290381849999999986e+01 -2.290252999999999872e+01 -2.290124929999999992e+01 -2.289997629999999873e+01 -2.289871099999999871e+01 -2.289745339999999985e+01 -2.289620340000000098e+01 -2.289496109999999973e+01 -2.289372639999999848e+01 -2.289249930000000077e+01 -2.289127990000000068e+01 -2.289006799999999942e+01 -2.288886360000000053e+01 -2.288766689999999926e+01 -2.288647759999999920e+01 -2.288529589999999914e+01 -2.288412170000000145e+01 -2.288295499999999905e+01 -2.288179570000000140e+01 -2.288064389999999904e+01 -2.287949959999999905e+01 -2.287836259999999911e+01 -2.287723310000000154e+01 -2.287611100000000164e+01 -2.287499629999999939e+01 -2.287388899999999836e+01 -2.287278900000000093e+01 -2.287169640000000115e+01 -2.287061110000000141e+01 -2.286953310000000172e+01 -2.286846239999999852e+01 -2.286739899999999892e+01 -2.286634289999999936e+01 -2.286529409999999984e+01 -2.286425249999999920e+01 -2.286321819999999860e+01 -2.286219110000000043e+01 -2.286117129999999875e+01 -2.286015859999999833e+01 -2.285915310000000034e+01 -2.285815489999999883e+01 -2.285716379999999859e+01 -2.285617990000000077e+01 -2.285520310000000066e+01 -2.285423349999999942e+01 -2.285327099999999945e+01 -2.285231560000000073e+01
-2.454840709999999859e+01 -2.454618209999999934e+01 -2.454396910000000176e+01 -2.454176809999999875e+01 -2.453957899999999981e+01 -2.453740180000000137e+01 -2.453523630000000111e+01 -2.453308249999999902e+01 -2.453094039999999865e+01 -2.452880989999999883e+01 -2.452669080000000079e+01 -2.452458329999999975e+01 -2.452248709999999932e+01 -2.452040219999999948e+01 -2.451832849999999908e+01 -2.451626609999999928e+01 -2.451421480000000130e+01 -2.451217460000000159e+01 -2.451014530000000136e+01 -2.450812700000000177e+01 -2.450611969999999928e+01 -2.450412310000000105e+01 -2.450213730000000112e+01 -2.450016219999999834e+01 -2.449819779999999980e+01 -2.449624389999999963e+01 -2.449430059999999898e+01 -2.449236780000000024e+01 -2.449044549999999987e+01 -2.448853349999999907e+01 -2.448663180000000139e+01 -2.448474039999999974e+01 -2.448285920000000004e+01 -2.448098810000000114e+01 -2.447912720000000064e+01 -2.447727640000000093e+01 -2.447543549999999968e+01 -2.447360460000000160e+01 -2.447178369999999958e+01 -2.446997259999999841e+01 -2.446817130000000162e+01 -2.446637989999999974e+01 -2.446459809999999990e+01 -2.446282599999999974e+01 -2.446106359999999924e+01 -2.445931080000000080e+01 -2.445756749999999968e+01 -2.445583369999999945e+01 -2.445410950000000128e+01 -2.445239460000000165e+01
-2.560098130000000083e+01 -2.559951630000000122e+01 -2.559805989999999909e+01 -2.559661230000000032e+01 -2.559517340000000019e+01 -2.559374310000000108e+01 -2.559232150000000061e+01 -2.559090850000000117e+01 -2.558950409999999920e+01 -2.558810820000000064e+01 -2.558672089999999955e+01 -2.558534219999999948e+01 -2.558397190000000165e+01 -2.558261020000000130e+01 -2.558125689999999963e+01 -2.557991210000000137e+01 -2.557857569999999825e+01 -2.557724770000000092e+01 -2.557592819999999989e+01 -2.557461699999999993e+01 -2.557331410000000105e+01 -2.557201960000000085e+01 -2.557073349999999934e+01 -2.556945560000000128e+01 -2.556818600000000075e+01 -2.556692470000000128e+01 -2.556567169999999933e+01 -2.556442690000000084e+01 -2.556319029999999870e+01 -2.556196200000000118e+01 -2.556074179999999885e+01 -2.555952979999999997e+01 -2.555832600000000099e+01 -2.555713030000000074e+01 -2.555594269999999923e+01 -2.555476330000000118e+01 -2.555359199999999831e+01 -2.555242880000000127e+01 -2.555127359999999825e+01 -2.555012659999999869e+01 -2.554898760000000024e+01 -2.554785659999999936e+01 -2.554673359999999960e+01 -2.554561869999999857e+01 -2.554451179999999866e+01 -2.554341289999999987e+01 -2.554232199999999864e+01 -2.554123900000000091e+01 -2.554016400000000075e+01 -2.553909700000000171e+01
-2.727544260000000165e+01 -2.727295990000000003e+01 -2.727049069999999986e+01 -2.726803500000000113e+01 -2.726559280000000030e+01 -2.726316380000000095e+01 -2.726074810000000070e+01 -2.725834559999999840e+01 -2.725595619999999997e+01 -2.725357989999999830e+01 -2.725121650000000173e+01 -2.724886599999999959e+01 -2.724652839999999898e+01 -2.724420350000000113e+01 -2.724189129999999892e+01 -2.723959169999999830e+01 -2.723730469999999926e+01 -2.723503020000000063e+01 -2.723276810000000125e+01 -2.723051829999999995e+01 -2.722828080000000028e+01 -2.722605559999999869e+01 -2.722384239999999878e+01 -2.722164139999999932e+01 -2.721945240000000155e+01 -2.721727539999999834e+01 -2.721511020000000158e+01 -2.721295689999999823e+01 -2.721081540000000132e+01 -2.720868550000000141e+01 -2.720656740000000084e+01 -2.720446079999999967e+01 -2.720236570000000142e+01 -2.720028209999999902e+01 -2.719820989999999838e+01 -2.719614909999999952e+01 -2.719409960000000126e+01 -2.719206129999999888e+01 -2.719003419999999949e+01 -2.718801829999999953e+01 -2.718601340000000022e+01 -2.718401950000000156e+01 -2.718203659999999999e+01 -2.718006469999999908e+01 -2.717810360000000003e+01 -2.717615329999999929e+01 -2.717421380000000042e+01 -2.717228509999999986e+01 -2.717036699999999882e+01 -2.716845950000000087e+01
-2.829310329999999851e+01 -2.829148380000000174e+01 -2.828987389999999991e+01 -2.828827370000000130e+01 -2.828668319999999881e+01 -2.828510229999999837e+01 -2.828353099999999998e+01 -2.828196919999999892e+01 -2.828041689999999875e+01 -2.827887420000000063e+01 -2.827734099999999984e+01 -2.827581719999999876e+01 -2.827430280000000096e+01 -2.827279790000000048e+01 -2.827130229999999855e+01 -2.826981609999999989e+01 -2.826833930000000095e+01 -2.826687169999999938e+01 -2.826541350000000108e+01 -2.826396460000000133e+01 -2.826252489999999895e+01 -2.826109440000000106e+01 -2.825967310000000055e+01 -2.825826109999999858e+01 -2.825685819999999993e+01 -2.825546440000000104e+01 -2.825407979999999952e+01 -2.825270439999999894e+01 -2.825133800000000051e+01 -2.824998069999999828e+01 -2.824863240000000175e+01 -2.824729329999999905e+01 -2.824596310000000088e+01 -2.824464199999999892e+01 -2.824332980000000148e+01 -2.824202670000000026e+01 -2.824073250000000002e+01 -2.823944729999999836e+01 -2.823817100000000124e+01 -2.823690360000000155e+01 -2.823564520000000044e+01 -2.823439559999999915e+01 -2.823315500000000000e+01 -2.823192320000000066e+01 -2.823070029999999875e+01 -2.822948620000000020e+01 -2.822828099999999907e+01 -2.822708460000000130e+01 -2.822589710000000096e+01 -2.822471840000000043e+01
-3.000132929999999831e+01 -2.999858520000000084e+01 -2.999585619999999864e+01 -2.999314210000000003e+01 -2.999044299999999907e+01 -2.998775870000000054e+01 -2.998508920000000089e+01 -2.998243439999999893e+01 -2.997979420000000061e+01 -2.997716850000000122e+01 -2.997455730000000074e+01 -2.997196040000000039e+01 -2.996937790000000135e+01 -2.996680950000000010e+01 -2.996425539999999899e+01 -2.996171530000000160e+01 -2.995918920000000085e+01 -2.995667699999999911e+01 -2.995417869999999994e+01 -2.995169419999999860e+01 -2.994922329999999988e+01 -2.994676610000000139e+01 -2.994432249999999840e+01 -2.994189240000000041e+01 -2.993947569999999914e+01 -2.993707230000000052e+01 -2.993468229999999863e+01 -2.993230540000000062e+01 -2.992994170000000054e+01 -2.992759110000000078e+01 -2.992525339999999900e+01 -2.992292869999999994e+01 -2.992061689999999885e+01 -2.991831790000000169e+01 -2.991603170000000134e+01 -2.991375809999999902e+01 -2.991149719999999945e+01 -2.990924880000000030e+01 -2.990701290000000157e+01 -2.990478939999999852e+01 -2.924747470000000149e+01 -2.924532500000000113e+01 -2.924318729999999888e+01 -2.924106139999999954e+01 -2.923894749999999831e+01 -2.923684529999999882e+01 -2.923475489999999866e+01 -2.923267620000000022e+01 -2.923060909999999879e+01 -2.922855360000000147e+01
2.695228679999999954e+01 2.695083190000000073e+01 2.694938610000000168e+01 2.694794930000000122e+01 2.694652149999999935e+01 2.694510269999999963e+01 2.694369299999999967e+01 2.694229220000000069e+01 2.694090029999999913e+01 2.693951739999999972e+01 2.693814340000000129e+01 2.693677830000000029e+01 2.693542199999999909e+01 2.693407459999999887e+01 2.693273609999999962e+01 2.693140640000000019e+01 2.693008550000000056e+01 2.692877340000000075e+01 2.692746999999999957e+01 2.692617540000000176e+01 2.692488960000000020e+01 2.692361250000000084e+01 2.692234410000000011e+01 2.692108430000000041e+01 2.691983330000000052e+01 2.691859099999999927e+01 2.691735729999999904e+01 2.691613230000000101e+01 2.691491590000000045e+01 2.691370810000000091e+01 2.691250889999999885e+01 2.691131839999999897e+01 2.691013639999999896e+01 2.690896310000000113e+01 2.690779829999999961e+01 2.690664200000000150e+01 2.690549430000000086e+01 2.690435520000000125e+01 2.690322460000000149e+01 2.690210259999999920e+01 2.690098910000000032e+01 2.689988410000000130e+01 2.689878759999999858e+01 2.689769970000000043e+01 2.689662020000000098e+01 2.689554929999999899e+01 2.689448679999999925e+01 2.689343290000000053e+01 2.689238750000000167e+01 2.689135059999999910e+01
2.871046490000000162e+01 2.870774000000000115e+01 2.870503000000000071e+01 2.870233490000000032e+01 2.869965459999999879e+01 2.869698909999999970e+01 2.869433820000000068e+01 2.869170180000000059e+01 2.868908000000000058e+01 2.868647269999999949e+01 2.868387960000000092e+01 2.868130090000000010e+01 2.867873639999999824e+01 2.867618600000000129e+01 2.867364960000000096e+01 2.867112729999999843e+01 2.866861880000000085e+01 2.866612419999999872e+01 2.866364340000000155e+01 2.866117630000000105e+01 2.865872279999999961e+01 2.865628279999999961e+01 2.865385630000000106e+01 2.865144319999999922e+01 2.864904350000000122e+01 2.864665700000000115e+01 2.864428369999999902e+01 2.864192359999999837e+01 2.863957650000000044e+01 2.863724230000000048e+01 2.863492109999999968e+01 2.863261280000000042e+01 2.863031720000000035e+01 2.862803440000000066e+01 2.862576419999999899e+01 2.862350659999999891e+01 2.862126149999999924e+01 2.861902879999999882e+01 2.861680859999999882e+01 2.861460070000000044e+01 2.861240499999999898e+01 2.861022159999999914e+01 2.860805029999999860e+01 2.860589110000000090e+01 2.860374390000000133e+01 2.860160869999999989e+01 2.859948539999999895e+01 2.859737390000000090e+01 2.859527419999999864e+01 2.859318629999999928e+01
2.426286849999999973e+01 2.426155990000000173e+01 2.426025950000000009e+01 2.425896720000000073e+01 2.425768300000000011e+01 2.425640690000000177e+01 2.425513880000000100e+01 2.425387890000000013e+01 2.425262700000000038e+01 2.425138310000000175e+01 2.425014720000000068e+01 2.424891930000000073e+01 2.424769939999999835e+01 2.424648750000000064e+01 2.424528349999999932e+01 2.424408740000000151e+01 2.424289930000000126e+01 2.424171899999999980e+01 2.424054669999999945e+01 2.423938220000000143e+01 2.423822559999999982e+01 2.423707690000000170e+01 2.423593599999999881e+01 2.423480289999999826e+01 2.423367760000000004e+01 2.423256010000000060e+01 2.423145039999999995e+01 2.423034850000000162e+01 2.422925430000000091e+01 2.422816789999999898e+01 2.422708920000000177e+01 2.422601819999999861e+01 2.422495500000000135e+01 2.422389940000000053e+01 2.422285159999999848e+01 2.422181139999999999e+01 2.422077889999999911e+01 2.421975409999999940e+01 2.421873689999999968e+01 2.421772740000000113e+01 2.421672549999999902e+01 2.421573130000000162e+01 2.421474470000000068e+01 2.421376569999999973e+01 2.421279429999999877e+01 2.421183050000000136e+01 2.421087440000000157e+01 2.420992580000000061e+01 2.420898479999999964e+01 2.420805139999999867e+01
2.598046659999999974e+01 2.597801490000000157e+01 2.597557649999999896e+01 2.597315150000000017e+01 2.597073969999999932e+01 2.596834109999999995e+01 2.596595569999999853e+01 2.596358329999999981e+01 2.596122379999999907e+01 2.595887730000000104e+01 2.595654359999999983e+01 2.595422260000000136e+01 2.595191439999999972e+01 2.594961879999999965e+01 2.594733570000000000e+01 2.594506519999999838e+01 2.594280699999999840e+01 2.594056120000000121e+01 2.593832769999999854e+01 2.593610639999999989e+01 2.593389730000000171e+01 2.593170020000000164e+01 2.592951509999999971e+01 2.592734199999999944e+01 2.592518079999999969e+01 2.592303139999999928e+01 2.592089380000000176e+01 2.591876789999999886e+01 2.591665360000000007e+01 2.591455080000000066e+01 2.591245959999999826e+01 2.591037980000000118e+01 2.590831139999999877e+01 2.590625430000000051e+01 2.590420849999999930e+01 2.590217390000000108e+01 2.590015040000000113e+01 2.589813799999999944e+01 2.589613669999999956e+01 2.589414629999999917e+01 2.589216679999999826e+01 2.589019830000000155e+01 2.588824049999999843e+01 2.588629350000000073e+01 2.588435720000000018e+01 2.588243149999999915e+01 2.588051640000000120e+01 2.587861189999999922e+01 2.587671789999999916e+01 2.587483429999999984e+01
2.157212729999999823e+01 2.157096410000000120e+01 2.156980809999999948e+01 2.156865940000000137e+01 2.156751780000000096e+01 2.156638350000000059e+01 2.156525639999999910e+01 2.156413639999999887e+01 2.156302360000000107e+01 2.156191799999999859e+01 2.156081950000000091e+01 2.155972810000000095e+01 2.155864379999999869e+01 2.155756660000000124e+01 2.155649650000000150e+01 2.155543339999999830e+01 2.155437739999999991e+01 2.155332849999999922e+01 2.155228659999999863e+01 2.155125170000000168e+01 2.155022380000000126e+01 2.154920290000000094e+01 2.154818900000000070e+01 2.154718199999999939e+01 2.154618200000000172e+01 2.154518900000000059e+01 2.154420289999999838e+01 2.154322369999999864e+01 2.154225149999999900e+01 2.154128610000000066e+01 2.154032769999999886e+01 2.153937609999999836e+01 2.153843140000000034e+01 2.153749350000000007e+01 2.153656249999999872e+01 2.153563839999999985e+01 2.153472100000000111e+01 2.153381050000000130e+01 2.153290679999999924e+01 2.153200999999999965e+01 2.153111990000000020e+01 2.153023659999999850e+01 2.152936000000000050e+01 2.152849020000000024e+01 2.152762720000000130e+01 2.152677100000000010e+01 2.152592149999999904e+01 2.152507870000000167e+01 2.152424260000000089e+01 2.152341330000000141e+01
2.324931120000000107e+01 2.324712789999999885e+01 2.324495650000000069e+01 2.324279689999999832e+01 2.324064900000000122e+01 2.323851279999999875e+01 2.323638820000000038e+01 2.323427510000000140e+01 2.323217349999999826e+01 2.323008340000000160e+01 2.322800450000000083e+01 2.322593690000000066e+01 2.322388060000000110e+01 2.322183539999999979e+01 2.321980130000000031e+01 2.321777820000000148e+01 2.321576609999999974e+01 2.321376479999999987e+01 2.321177439999999947e+01 2.320979480000000095e+01 2.320782589999999956e+01 2.320586769999999888e+01 2.320392010000000127e+01 2.320198299999999847e+01 2.320005640000000113e+01 2.319814020000000099e+01 2.319623430000000042e+01 2.319433880000000059e+01 2.319245349999999917e+01 2.319057850000000087e+01 2.318871349999999865e+01 2.318685869999999838e+01 2.318501380000000012e+01 2.318317899999999909e+01 2.318135410000000007e+01 2.317953899999999834e+01 2.317773379999999861e+01 2.317593839999999972e+01 2.317415259999999932e+01 2.317237659999999977e+01 2.317061019999999871e+01 2.316885329999999854e+01 2.316710600000000042e+01 2.316536809999999846e+01 2.316363970000000094e+01 2.316192069999999958e+01 2.316021100000000033e+01 2.315851059999999961e+01 2.315681950000000100e+01 2.315513759999999976e+01
1.887969539999999924e+01 1.887867680000000092e+01 1.887766450000000162e+01 1.887665859999999896e+01 1.887565899999999885e+01 1.887466579999999894e+01 1.887367880000000042e+01 1.887269819999999854e+01 1.887172380000000160e+01 1.887075570000000013e+01 1.886979390000000123e+01 1.886883830000000017e+01 1.886788900000000169e+01 1.886694590000000105e+01 1.886600899999999825e+01 1.886507840000000158e+01 1.886415399999999920e+01 1.886323570000000061e+01 1.886232359999999986e+01 1.886141780000000168e+01 1.886051799999999901e+01 1.885962449999999890e+01 1.885873700000000142e+01 1.885785570000000178e+01 1.885698059999999998e+01 1.885611150000000080e+01 1.885524849999999830e+01 1.885439170000000075e+01 1.885354089999999871e+01 1.885269620000000046e+01 1.885185750000000127e+01 1.885102499999999992e+01 1.885019840000000002e+01 1.884937790000000035e+01 1.884856339999999975e+01 1.884775499999999937e+01 1.884695250000000044e+01 1.884615610000000174e+01 1.884536560000000094e+01 1.884458109999999920e+01 1.884380260000000007e+01 1.884303010000000000e+01 1.884226350000000139e+01 1.884150280000000066e+01 1.884074809999999900e+01 1.883999929999999878e+01 1.883925650000000118e+01 1.883851950000000031e+01 1.883778849999999849e+01 1.883706330000000051e+01
2.051763250000000127e+01 2.051571399999999912e+01 2.051380580000000009e+01 2.051190799999999825e+01 2.051002039999999838e+01 2.050814300000000046e+01 2.050627559999999860e+01 2.050441839999999871e+01 2.050257110000000083e+01 2.050073379999999901e+01 2.049890630000000158e+01 2.049708869999999905e+01 2.049528090000000091e+01 2.049348270000000127e+01 2.049169420000000130e+01 2.048991529999999983e+01 2.048814600000000041e+01 2.048638610000000071e+01 2.048463560000000072e+01 2.048289460000000162e+01 2.048116279999999989e+01 2.047944030000000026e+01 2.047772709999999918e+01 2.047602300000000142e+01 2.047432799999999986e+01 2.047264210000000162e+01 2.047096510000000080e+01 2.046929719999999975e+01 2.046763809999999850e+01 2.046598799999999940e+01 2.046434659999999894e+01 2.046271399999999829e+01 2.046109009999999984e+01 2.045947490000000002e+01 2.045786830000000123e+01 2.045627029999999991e+01 2.045468079999999844e+01 2.045309990000000155e+01 2.045152739999999980e+01 2.044996319999999912e+01 2.044840749999999829e+01 2.044686009999999854e+01 2.044532099999999986e+01 2.044379010000000108e+01 2.044226739999999864e+01 2.044075289999999967e+01 2.043924649999999943e+01 2.043774829999999909e+01 2.043625799999999870e+01 2.043477580000000060e+01
1.618638909999999953e+01 1.618551520000000110e+01 1.618464669999999828e+01 1.618378369999999933e+01 1.618292620000000070e+01 1.618207410000000124e+01 1.618122740000000093e+01 1.618038620000000094e+01 1.617955040000000011e+01 1.617871999999999844e+01 1.617789499999999947e+01 1.617707539999999966e+01 1.617626110000000139e+01 1.617545229999999989e+01 1.617464879999999994e+01 1.617385060000000152e+01 1.617305789999999988e+01 1.617227039999999860e+01 1.617148840000000121e+01 1.617071160000000063e+01 1.616994010000000159e+01 1.616917400000000171e+01 1.616841319999999982e+01 1.616765759999999830e+01 1.616690739999999948e+01 1.616616240000000104e+01 1.616542270000000059e+01 1.616468830000000168e+01 1.616395909999999958e+01 1.616323519999999903e+01 1.616251649999999884e+01 1.616180299999999903e+01 1.616109480000000076e+01 1.616039170000000169e+01 1.615969390000000061e+01 1.615900129999999990e+01 1.615831379999999839e+01 1.615763150000000081e+01 1.615695440000000005e+01 1.615628249999999966e+01 1.615561569999999847e+01 1.615495410000000120e+01 1.615429759999999959e+01 1.615364620000000073e+01 1.615299999999999869e+01 1.615235879999999824e+01 1.615172280000000171e+01 1.615109190000000083e+01 1.615046600000000154e+01 1.614984529999999907e+01
1.778522470000000055e+01 1.778356810000000010e+01 1.778192040000000063e+01 1.778028150000000096e+01 1.777865140000000110e+01 1.777702989999999872e+01 1.777541719999999970e+01 1.777381300000000053e+01 1.777221739999999883e+01 1.777063030000000055e+01 1.776905169999999856e+01 1.776748140000000120e+01 1.776591949999999898e+01 1.776436590000000137e+01 1.776282060000000129e+01 1.776128350000000111e+01 1.775975449999999967e+01 1.775823360000000051e+01 1.775672080000000008e+01 1.775521600000000078e+01 1.775371919999999903e+01 1.775223030000000080e+01 1.775074920000000134e+01 1.774927599999999828e+01 1.774781060000000110e+01 1.774635290000000154e+01 1.774490289999999959e+01 1.774346059999999881e+01 1.774202580000000040e+01 1.774059869999999961e+01 1.773917900000000003e+01 1.773776690000000045e+01 1.773636219999999852e+01 1.773496490000000136e+01 1.773357499999999831e+01 1.773219239999999886e+01 1.773081709999999944e+01 1.772944910000000007e+01 1.772808829999999958e+01 1.772673470000000151e+01 1.772538820000000115e+01 1.772404879999999849e+01 1.772271659999999827e+01 1.772139130000000051e+01 1.772007310000000047e+01 1.771876190000000051e+01 1.771745759999999947e+01 1.771616029999999853e+01 1.771486979999999889e+01 1.771358629999999934e+01
1.349234429999999918e+01 1.349161549999999998e+01 1.349089129999999948e+01 1.349017160000000004e+01 1.348945649999999929e+01 1.348874589999999962e+01 1.348803990000000042e+01 1.348733849999999990e+01 1.348664160000000045e+01 1.348594920000000030e+01 1.348526140000000062e+01 1.348457810000000023e+01 1.348389929999999914e+01 1.348322499999999913e+01 1.348255520000000018e+01 1.348188990000000054e+01 1.348122910000000019e+01 1.348057279999999913e+01 1.347992099999999915e+01 1.347927360000000085e+01 1.347863079999999947e+01 1.347799230000000037e+01 1.347735839999999996e+01 1.347672889999999946e+01 1.347610380000000063e+01 1.347548319999999933e+01 1.347486699999999971e+01 1.347425519999999999e+01 1.347364780000000017e+01 1.347304480000000027e+01 1.347244629999999965e+01 1.347185209999999955e+01 1.347126229999999936e+01 1.347067690000000084e+01 1.347009590000000046e+01 1.346951920000000058e+01 1.346894690000000061e+01 1.346837900000000054e+01 1.346781539999999922e+01 1.346725610000000017e+01 1.346670119999999926e+01 1.346615049999999947e+01 1.346560419999999958e+01 1.346506220000000020e+01 1.346452449999999956e+01 1.346399109999999943e+01 1.346346199999999982e+01 1.346293720000000071e+01 1.346241659999999918e+01 1.346190029999999993e+01
1.505246769999999934e+01 1.505107029999999924e+01 1.504968030000000034e+01 1.504829770000000089e+01 1.504692239999999970e+01 1.504555440000000033e+01 1.504419369999999923e+01 1.504284009999999938e+01 1.504149370000000019e+01 1.504015440000000048e+01 1.503882220000000025e+01 1.503749700000000011e+01 1.503617880000000007e+01 1.503486750000000072e+01 1.503356310000000029e+01 1.503226560000000056e+01 1.503097490000000036e+01 1.502969090000000030e+01 1.502841369999999976e+01 1.502714319999999937e+01 1.502587929999999972e+01 1.502462200000000081e+01 1.502337130000000087e+01 1.502212719999999990e+01 1.502088949999999912e+01 1.501965829999999968e+01 1.501843359999999983e+01 1.501721520000000076e+01 1.501600320000000011e+01 1.501479750000000024e+01 1.501359809999999939e+01 1.501240489999999994e+01 1.501121799999999951e+01 1.501003719999999930e+01 1.500886260000000050e+01 1.500769410000000015e+01 1.500653170000000003e+01 1.500537540000000014e+01 1.500422509999999932e+01 1.500308090000000050e+01 1.500194259999999957e+01 1.500081020000000009e+01 1.499968379999999968e+01 1.499856319999999954e+01 1.499744850000000085e+01 1.499633970000000005e+01 1.499523669999999953e+01 1.499413939999999990e+01 1.499304799999999993e+01 1.499196230000000085e+01
1.079772379999999998e+01 1.079714060000000053e+01 1.079656119999999930e+01 1.079598539999999929e+01 1.079541320000000049e+01 1.079484479999999991e+01 1.079428000000000054e+01 1.079371880000000061e+01 1.079316129999999951e+01 1.079260750000000080e+01 1.079205729999999974e+01 1.079151079999999929e+01 1.079096790000000006e+01 1.079042860000000026e+01 1.078989299999999929e+01 1.078936099999999954e+01 1.078883259999999922e+01 1.078830780000000011e+01 1.078778669999999984e+01 1.078726909999999961e+01 1.078675519999999999e+01 1.078624480000000041e+01 1.078573809999999966e+01 1.078523490000000074e+01 1.078473540000000064e+01 1.078423940000000059e+01 1.078374690000000058e+01 1.078325809999999940e+01 1.078277280000000005e+01 1.078229100000000074e+01 1.078181280000000086e+01 1.078133820000000043e+01 1.078086710000000004e+01 1.078039949999999969e+01 1.077993550000000056e+01 1.077947499999999970e+01 1.077901800000000065e+01 1.077856449999999988e+01 1.077811460000000032e+01 1.077766809999999964e+01 1.077722510000000078e+01 1.077678560000000019e+01 1.077634959999999964e+01 1.077591709999999914e+01 1.077548799999999929e+01 1.077506239999999949e+01 1.077464020000000033e+01 1.077422149999999945e+01 1.077380630000000039e+01 1.077339450000000021e+01
1.231905350000000077e+01 1.231791349999999952e+01 1.231677950000000088e+01 1.231565149999999953e+01 1.231452939999999963e+01 1.231341319999999939e+01 1.231230290000000061e+01 1.231119840000000032e+01 1.231009970000000031e+01 1.230900680000000058e+01 1.230791959999999996e+01 1.230683800000000083e+01 1.230576210000000081e+01 1.230469180000000051e+01 1.230362709999999993e+01 1.230256800000000084e+01 1.230151429999999912e+01 1.230046609999999951e+01 1.229942340000000023e+01 1.229838610000000010e+01 1.229735409999999973e+01 1.229632750000000030e+01 1.229530630000000002e+01 1.229429030000000012e+01 1.229327950000000058e+01 1.229227400000000081e+01 1.229127369999999964e+01 1.229027849999999944e+01 1.228928849999999962e+01 1.228830360000000077e+01 1.228732379999999935e+01 1.228634899999999952e+01 1.228537930000000067e+01 1.228441450000000046e+01 1.228345479999999945e+01 1.228250000000000064e+01 1.228155010000000047e+01 1.228060510000000072e+01 1.227966499999999961e+01 1.227872980000000069e+01 1.227779939999999925e+01 1.227687380000000061e+01 1.227595299999999945e+01 1.227503699999999931e+01 1.227412570000000080e+01 1.227321919999999977e+01 1.227231729999999921e+01 1.227142019999999967e+01 1.227052770000000059e+01 1.226963989999999960e+01
8.102642140000000381e+00 8.102205250000000802e+00 8.101771140000000315e+00 8.101339799999999869e+00 8.100911240000000291e+00 8.100485439999999926e+00 8.100062409999999602e+00 8.099642140000000268e+00 8.099224630000000147e+00 8.098809879999999239e+00 8.098397880000000271e+00 8.097988640000000515e+00 8.097582140000000095e+00 8.097178400000000664e+00 8.096777389999999741e+00 8.096379130000000757e+00 8.095983600000000280e+00 8.095590809999999138e+00 8.095200750000000056e+00 8.094813410000000431e+00 8.094428810000000141e+00 8.094046920000000256e+00 8.093667749999999828e+00 8.093291289999999805e+00 8.092917549999999238e+00 8.092546510000000026e+00 8.092178179999999443e+00 8.091812539999999387e+00 8.091449609999999737e+00 8.091089359999999786e+00 8.090731800000000362e+00 8.090376920000000638e+00 8.090024720000000613e+00 8.089675200000000288e+00 8.089328350000000611e+00 8.088984160000000756e+00 8.088642639999999773e+00 8.088303769999999560e+00 8.087967559999999168e+00 8.087633990000000495e+00 8.087303070000000815e+00 8.086974789999999302e+00 8.086649140000000457e+00 8.086326120000000728e+00 8.086005719999999286e+00 8.085687939999999685e+00 8.085372780000000148e+00 8.085060229999999848e+00 8.084750279999999734e+00 8.084442929999999805e+00
9.585321329999999307e+00 9.584437140000000355e+00 9.583557600000000676e+00 9.582682659999999686e+00 9.581812299999999283e+00 9.580946499999999588e+00 9.580085220000000845e+00 9.579228419999999744e+00 9.578376099999999838e+00 9.577528199999999714e+00 9.576684719999999373e+00 9.575845610000000008e+00 9.575010860000000790e+00 9.574180430000000186e+00 9.573354289999999267e+00 9.572532430000000758e+00 9.571714809999999574e+00 9.570901409999999387e+00 9.570092210000000321e+00 9.569287170000000842e+00 9.568486280000000122e+00 9.567689500000000180e+00 9.566896820000000190e+00 9.566108209999999445e+00 9.565323649999999844e+00 9.564543110000000681e+00 9.563766570000000300e+00 9.562994019999999651e+00 9.562225420000000753e+00 9.561460759999999226e+00 9.560700009999999693e+00 9.559943159999999551e+00 9.559190179999999870e+00 9.558441059999999823e+00 9.557695770000000479e+00 9.556954299999999236e+00 9.556216629999999768e+00 9.555482740000000419e+00 9.554752609999999535e+00 9.554026220000000791e+00 9.553303559999999806e+00 9.552584610000000254e+00 9.551869359999999531e+00 9.551157789999999537e+00 9.550449880000000391e+00 9.549745610000000440e+00 9.549044979999999683e+00 9.548347980000000845e+00 9.547654570000000618e+00 9.546964759999999828e+00
5.407170960000000193e+00 5.406880959999999625e+00 5.406592830000000127e+00 5.406306550000000044e+00 5.406022140000000142e+00 5.405739579999999656e+00 5.405458880000000299e+00 5.405180030000000357e+00 5.404903029999999831e+00 5.404627890000000434e+00 5.404354589999999625e+00 5.404083149999999947e+00 5.403813549999999744e+00 5.403545789999999904e+00 5.403279880000000368e+00 5.403015800000000368e+00 5.402753569999999783e+00 5.402493169999999623e+00 5.402234609999999826e+00 5.401977890000000393e+00 5.401722989999999669e+00 5.401469920000000258e+00 5.401218680000000383e+00 5.400969260000000105e+00 5.400721670000000252e+00 5.400475890000000057e+00 5.400231940000000286e+00 5.399989800000000173e+00 5.399749469999999718e+00 5.399510949999999809e+00 5.399274229999999619e+00 5.399039329999999914e+00 5.398806219999999989e+00 5.398574909999999782e+00 5.398345400000000183e+00 5.398117680000000362e+00 5.397891760000000261e+00 5.397667619999999999e+00 5.397445259999999578e+00 5.397224679999999886e+00 5.397005880000000033e+00 5.396788860000000021e+00 5.396573609999999910e+00 5.396360129999999700e+00 5.396148410000000339e+00 5.395938450000000053e+00 5.395730249999999728e+00 5.395523800000000314e+00 5.395319109999999974e+00 5.395116159999999716e+00
6.851393780000000433e+00 6.850764200000000415e+00 6.850137919999999880e+00 6.849514909999999901e+00 6.848895159999999649e+00 6.848278630000000256e+00 6.847665310000000005e+00 6.847055179999999908e+00 6.846448220000000084e+00 6.845844409999999769e+00 6.845243720000000032e+00 6.844646140000000045e+00 6.844051649999999931e+00 6.843460229999999811e+00 6.842871859999999806e+00 6.842286510000000099e+00 6.841704179999999802e+00 6.841124839999999985e+00 6.840548479999999820e+00 6.839975070000000379e+00 6.839404599999999945e+00 6.838837050000000417e+00 6.838272410000000079e+00 6.837710650000000001e+00 6.837151770000000184e+00 6.836595739999999921e+00 6.836042550000000162e+00 6.835492180000000140e+00 6.834944629999999854e+00 6.834399860000000437e+00 6.833857870000000112e+00 6.833318649999999828e+00 6.832782179999999705e+00 6.832248439999999867e+00 6.831717420000000374e+00 6.831189110000000397e+00 6.830663499999999999e+00 6.830140570000000189e+00 6.829620310000000138e+00 6.829102709999999909e+00 6.828587759999999562e+00 6.828075440000000107e+00 6.827565739999999828e+00 6.827058659999999612e+00 6.826554179999999583e+00 6.826052299999999740e+00 6.825552990000000264e+00 6.825056260000000208e+00 6.824562079999999753e+00 6.824070469999999666e+00
2.711683509999999853e+00 2.711540840000000063e+00 2.711399109999999890e+00 2.711258320000000221e+00 2.711118470000000169e+00 2.710979560000000177e+00 2.710841589999999801e+00 2.710704559999999930e+00 2.710568460000000179e+00 2.710433300000000045e+00 2.710299079999999972e+00 2.710165790000000019e+00 2.710033430000000187e+00 2.709902009999999972e+00 2.709771519999999878e+00 2.709641959999999905e+00 2.709513330000000053e+00 2.709385639999999817e+00 2.709258870000000208e+00 2.709133029999999831e+00 2.709008120000000019e+00 2.708884129999999946e+00 2.708761069999999993e+00 2.708638929999999778e+00 2.708517720000000129e+00 2.708397430000000217e+00 2.708278050000000103e+00 2.708159600000000111e+00 2.708042069999999857e+00 2.707925449999999845e+00 2.707809750000000015e+00 2.707694969999999923e+00 2.707581090000000135e+00 2.707468130000000084e+00 2.707356079999999832e+00 2.707244939999999822e+00 2.707134710000000055e+00 2.707025380000000148e+00 2.706916960000000039e+00 2.706809439999999789e+00 2.706702819999999843e+00 2.706597100000000200e+00 2.706492279999999973e+00 2.706388350000000109e+00 2.706285320000000105e+00 2.706183189999999961e+00 2.706081939999999797e+00 2.705981589999999937e+00 2.705882120000000057e+00 2.705783540000000098e+00
4.117264119999999750e+00 4.116888409999999610e+00 4.116514679999999871e+00 4.116142899999999827e+00 4.115773070000000367e+00 4.115405179999999774e+00 4.115039200000000008e+00 4.114675130000000181e+00 4.114312960000000352e+00 4.113952669999999756e+00 4.113594250000000230e+00 4.113237699999999997e+00 4.112882990000000127e+00 4.112530109999999794e+00 4.112179059999999886e+00 4.111829819999999636e+00 4.111482389999999931e+00 4.111136740000000067e+00 4.110792879999999982e+00 4.110450779999999860e+00 4.110110449999999638e+00 4.109771860000000387e+00 4.109435010000000332e+00 4.109099890000000421e+00 4.108766479999999888e+00 4.108434789999999559e+00 4.108104789999999618e+00 4.107776480000000063e+00 4.107449860000000008e+00 4.107124899999999634e+00 4.106801609999999769e+00 4.106479969999999646e+00 4.106159980000000154e+00 4.105841629999999576e+00 4.105524899999999811e+00 4.105209799999999909e+00 4.104896309999999993e+00 4.104584430000000062e+00 4.104274150000000176e+00 4.103965460000000398e+00 4.103658349999999899e+00 4.103352830000000395e+00 4.103048870000000292e+00 4.102746480000000417e+00 4.102445649999999944e+00 4.102146379999999759e+00 4.101848649999999985e+00 4.101552459999999733e+00 4.101257809999999893e+00 4.100964689999999635e+00
1.582452289999999873e-02 1.582934009999999864e-02 1.583417690000000003e-02 1.583903329999999943e-02 1.584390960000000084e-02 1.584880580000000080e-02 1.585372200000000065e-02 1.585865850000000091e-02 1.586361520000000025e-02 1.586859239999999921e-02 1.587359010000000126e-02 1.587860859999999999e-02 1.588364780000000101e-02 1.588870790000000005e-02 1.589378899999999845e-02 1.589889129999999887e-02 1.590401489999999918e-02 1.590915979999999938e-02 1.591432619999999867e-02 1.591951419999999839e-02 1.592472389999999988e-02 1.592995549999999885e-02 1.593520890000000093e-02 1.594048429999999836e-02 1.594578190000000076e-02 1.595110170000000119e-02 1.595644389999999885e-02 1.596180839999999934e-02 1.596719549999999974e-02 1.597260530000000137e-02 1.597803769999999943e-02 1.598349300000000139e-02 1.598897120000000033e-02 1.599447240000000103e-02 1.599999670000000138e-02 1.600554419999999922e-02 1.601111499999999938e-02 1.601670909999999837e-02 1.602232669999999887e-02 1.602796789999999874e-02 1.603363260000000012e-02 1.603932110000000008e-02 1.604503339999999861e-02 1.605076960000000053e-02 1.605652969999999888e-02 1.606231389999999981e-02 1.606812219999999986e-02 1.607395480000000168e-02 1.607981160000000048e-02 1.608569279999999893e-02
1.383214319999999997e+00 1.383092130000000086e+00 1.382970620000000039e+00 1.382849760000000039e+00 1.382729560000000024e+00 1.382610010000000056e+00 1.382491109999999912e+00 1.382372850000000097e+00 1.382255229999999946e+00 1.382138249999999902e+00 1.382021900000000025e+00 1.381906169999999934e+00 1.381791070000000010e+00 1.381676590000000093e+00 1.381562720000000022e+00 1.381449460000000018e+00 1.381336810000000082e+00 1.381224760000000051e+00 1.381113320000000089e+00 1.381002470000000093e+00 1.380892220000000004e+00 1.380782549999999942e+00 1.380673470000000069e+00 1.380564979999999942e+00 1.380457059999999903e+00 1.380349719999999891e+00 1.380242959999999908e+00 1.380136760000000073e+00 1.380031140000000045e+00 1.379926070000000005e+00 1.379821570000000053e+00 1.379717630000000028e+00 1.379614239999999992e+00 1.379511410000000105e+00 1.379409120000000044e+00 1.379307389999999911e+00 1.379206200000000049e+00 1.379105550000000013e+00 1.379005440000000027e+00 1.378905870000000089e+00 1.378806839999999978e+00 1.378708339999999977e+00 1.378610370000000085e+00 1.378512930000000081e+00 1.378416019999999964e+00 1.378319639999999957e+00 1.378223779999999898e+00 1.378128440000000010e+00 1.378033620000000070e+00 1.377939309999999917e+00
-2.679883729999999797e+00 -2.679731369999999835e+00 -2.679579910000000176e+00 -2.679429349999999932e+00 -2.679279699999999931e+00 -2.679130949999999789e+00 -2.678983090000000011e+00 -2.678836140000000032e+00 -2.678690079999999973e+00 -2.678544930000000157e+00 -2.678400659999999878e+00 -2.678257299999999841e+00 -2.678114830000000168e+00 -2.677973249999999972e+00 -2.677832560000000139e+00 -2.677692770000000166e+00 -2.677553860000000174e+00 -2.677415850000000042e+00 -2.677278719999999890e+00 -2.677142490000000041e+00 -2.677007129999999790e+00 -2.676872669999999843e+00 -2.676739079999999937e+00 -2.676606379999999952e+00 -2.676474559999999947e+00 -2.676343619999999923e+00 -2.676213559999999880e+00 -2.676084369999999879e+00 -2.675956059999999859e+00 -2.675828629999999819e+00 -2.675702059999999882e+00 -2.675576369999999926e+00 -2.675451550000000012e+00 -2.675327600000000139e+00 -2.675204509999999924e+00 -2.675082290000000196e+00 -2.674960930000000126e+00 -2.674840430000000158e+00 -2.674720799999999787e+00 -2.674602020000000024e+00 -2.674484099999999920e+00 -2.674367029999999978e+00 -2.674250820000000139e+00 -2.674135460000000020e+00 -2.674020940000000124e+00 -2.673907279999999886e+00 -2.673794459999999873e+00 -2.673682490000000023e+00 -2.673571350000000013e+00 -2.673461060000000167e+00
-1.351335619999999960e+00 -1.351204489999999980e+00 -1.351074000000000108e+00 -1.350944139999999960e+00 -1.350814919999999919e+00 -1.350686309999999946e+00 -1.350558329999999918e+00 -1.350430969999999897e+00 -1.350304210000000005e+00 -1.350178069999999897e+00 -1.350052529999999917e+00 -1.349927590000000066e+00 -1.349803249999999899e+00 -1.349679499999999921e+00 -1.349556350000000071e+00 -1.349433770000000088e+00 -1.349311780000000072e+00 -1.349190370000000083e+00 -1.349069529999999961e+00 -1.348949259999999928e+00 -1.348829559999999983e+00 -1.348710419999999965e+00 -1.348591840000000097e+00 -1.348473819999999934e+00 -1.348356349999999981e+00 -1.348239439999999956e+00 -1.348123069999999979e+00 -1.348007240000000051e+00 -1.347891959999999889e+00 -1.347777210000000059e+00 -1.347663000000000055e+00 -1.347549330000000101e+00 -1.347436180000000094e+00 -1.347323559999999976e+00 -1.347211460000000027e+00 -1.347099889999999967e+00 -1.346988829999999915e+00 -1.346878290000000034e+00 -1.346768270000000101e+00 -1.346658750000000015e+00 -1.346549750000000101e+00 -1.346441250000000034e+00 -1.346333259999999976e+00 -1.346225769999999988e+00 -1.346118780000000070e+00 -1.346012290000000000e+00 -1.345906290000000061e+00 -1.345800789999999969e+00 -1.345695789999999947e+00 -1.345591269999999895e+00
-5.375450240000000157e+00 -5.375150549999999861e+00 -5.374852689999999988e+00 -5.374556649999999713e+00 -5.374262429999999924e+00 -5.373970029999999731e+00 -5.373679440000000085e+00 -5.373390670000000036e+00 -5.373103709999999644e+00 -5.372818559999999799e+00 -5.372535219999999612e+00 -5.372253680000000031e+00 -5.371973960000000048e+00 -5.371696029999999844e+00 -5.371419910000000186e+00 -5.371145580000000308e+00 -5.370873060000000088e+00 -5.370602319999999708e+00 -5.370333389999999874e+00 -5.370066239999999880e+00 -5.369800879999999665e+00 -5.369537300000000180e+00 -5.369275509999999585e+00 -5.369015499999999719e+00 -5.368757269999999693e+00 -5.368500820000000395e+00 -5.368246130000000171e+00 -5.367993219999999788e+00 -5.367742080000000193e+00 -5.367492699999999672e+00 -5.367245089999999941e+00 -5.366999230000000232e+00 -5.366755129999999596e+00 -5.366512789999999811e+00 -5.366272200000000048e+00 -5.366033350000000368e+00 -5.365796249999999823e+00 -5.365560880000000310e+00 -5.365327259999999931e+00 -5.365095369999999697e+00 -5.364865209999999607e+00 -5.364636779999999661e+00 -5.364410079999999859e+00 -5.364185090000000322e+00 -5.363961830000000042e+00 -5.363740270000000088e+00 -5.363520430000000339e+00 -5.363302290000000028e+00 -5.363085859999999983e+00 -5.362871130000000264e+00
-4.085616960000000297e+00 -4.085232330000000189e+00 -4.084849649999999777e+00 -4.084468900000000069e+00 -4.084090070000000239e+00 -4.083713140000000408e+00 -4.083338109999999688e+00 -4.082964959999999977e+00 -4.082593679999999559e+00 -4.082224260000000271e+00 -4.081856679999999571e+00 -4.081490930000000183e+00 -4.081127010000000332e+00 -4.080764900000000139e+00 -4.080404579999999726e+00 -4.080046049999999980e+00 -4.079689290000000135e+00 -4.079334300000000191e+00 -4.078981060000000269e+00 -4.078629570000000371e+00 -4.078279809999999728e+00 -4.077931770000000178e+00 -4.077585440000000006e+00 -4.077240810000000160e+00 -4.076897879999999752e+00 -4.076556619999999853e+00 -4.076217040000000402e+00 -4.075879119999999745e+00 -4.075542859999999656e+00 -4.075208240000000259e+00 -4.074875259999999777e+00 -4.074543910000000047e+00 -4.074214170000000301e+00 -4.073886049999999592e+00 -4.073559529999999818e+00 -4.073234600000000150e+00 -4.072911259999999700e+00 -4.072589500000000307e+00 -4.072269320000000192e+00 -4.071950700000000367e+00 -4.071633639999999943e+00 -4.071318119999999929e+00 -4.071004160000000205e+00 -4.070691730000000064e+00 -4.070380840000000333e+00 -4.070071470000000247e+00 -4.069763619999999804e+00 -4.069457289999999894e+00 -4.069152459999999749e+00 -4.068849140000000197e+00
-8.070679609999999116e+00 -8.070233070000000453e+00 -8.069789269999999348e+00 -8.069348189999999477e+00 -8.068909850000000716e+00 -8.068474229999999636e+00 -8.068041329999999789e+00 -8.067611149999999398e+00 -8.067183699999999291e+00 -8.066758950000000539e+00 -8.066336919999999466e+00 -8.065917589999999748e+00 -8.065500970000000436e+00 -8.065087050000000701e+00 -8.064675830000000545e+00 -8.064267309999999966e+00 -8.063861479999999915e+00 -8.063458340000000391e+00 -8.063057880000000566e+00 -8.062660109999999491e+00 -8.062265010000000842e+00 -8.061872590000000116e+00 -8.061482840000000039e+00 -8.061095760000000610e+00 -8.060711339999999225e+00 -8.060329590000000266e+00 -8.059950479999999473e+00 -8.059574030000000278e+00 -8.059200230000000076e+00 -8.058829069999999817e+00 -8.058460549999999500e+00 -8.058094669999999127e+00 -8.057731419999999645e+00 -8.057370790000000227e+00 -8.057012780000000873e+00 -8.056657389999999808e+00 -8.056304609999999755e+00 -8.055954440000000716e+00 -8.055606879999999137e+00 -8.055261910000000469e+00 -8.054919529999999384e+00 -8.054579739999999433e+00 -8.054242540000000616e+00 -8.053907909999999504e+00 -8.053575860000000475e+00 -8.053246370000000098e+00 -8.052919449999999202e+00 -8.052595079999999683e+00 -8.052273270000000593e+00 -8.051954009999999329e+00
-6.819727490000000003e+00 -6.819088999999999956e+00 -6.818453769999999636e+00 -6.817821789999999993e+00 -6.817193030000000320e+00 -6.816567479999999790e+00 -6.815945100000000423e+00 -6.815325890000000442e+00 -6.814709810000000090e+00 -6.814096860000000255e+00 -6.813487000000000293e+00 -6.812880230000000203e+00 -6.812276510000000229e+00 -6.811675840000000370e+00 -6.811078179999999982e+00 -6.810483529999999952e+00 -6.809891859999999575e+00 -6.809303159999999799e+00 -6.808717409999999859e+00 -6.808134579999999936e+00 -6.807554660000000091e+00 -6.806977640000000385e+00 -6.806403500000000051e+00 -6.805832220000000099e+00 -6.805263779999999763e+00 -6.804698169999999990e+00 -6.804135370000000016e+00 -6.803575369999999900e+00 -6.803018139999999825e+00 -6.802463689999999730e+00 -6.801911979999999858e+00 -6.801363010000000209e+00 -6.800816760000000016e+00 -6.800273220000000229e+00 -6.799732370000000081e+00 -6.799194209999999572e+00 -6.798658709999999772e+00 -6.798125869999999793e+00 -6.797595679999999696e+00 -6.797068109999999663e+00 -6.796543159999999695e+00 -6.796020819999999851e+00 -6.795501080000000194e+00 -6.794983919999999955e+00 -6.794469340000000024e+00 -6.793957319999999633e+00 -6.793447849999999733e+00 -6.792940930000000321e+00 -6.792436549999999684e+00 -6.791934689999999719e+00
-1.076559130000000053e+01 -1.076499839999999963e+01 -1.076440919999999934e+01 -1.076382360000000027e+01 -1.076324160000000063e+01 -1.076266320000000043e+01 -1.076208850000000083e+01 -1.076151740000000068e+01 -1.076094989999999996e+01 -1.076038600000000045e+01 -1.075982570000000038e+01 -1.075926899999999975e+01 -1.075871590000000033e+01 -1.075816640000000035e+01 -1.075762049999999981e+01 -1.075707809999999931e+01 -1.075653939999999942e+01 -1.075600419999999957e+01 -1.075547259999999916e+01 -1.075494450000000057e+01 -1.075441999999999965e+01 -1.075389909999999993e+01 -1.075338170000000027e+01 -1.075286780000000064e+01 -1.075235750000000046e+01 -1.075185070000000032e+01 -1.075134740000000022e+01 -1.075084769999999956e+01 -1.075035139999999956e+01 -1.074985870000000077e+01 -1.074936950000000024e+01 -1.074888379999999977e+01 -1.074840159999999933e+01 -1.074792279999999955e+01 -1.074744759999999921e+01 -1.074697579999999952e+01 -1.074650749999999988e+01 -1.074604259999999911e+01 -1.074558120000000017e+01 -1.074512320000000010e+01 -1.074466870000000007e+01 -1.074421770000000009e+01 -1.074376999999999960e+01 -1.074332579999999915e+01 -1.074288499999999935e+01 -1.074244760000000021e+01 -1.074201359999999994e+01 -1.074158300000000033e+01 -1.074115579999999959e+01 -1.074073199999999950e+01
-9.553473329999999208e+00 -9.552580409999999134e+00 -9.551692100000000352e+00 -9.550808379999999431e+00 -9.549929199999999341e+00 -9.549054549999999253e+00 -9.548184380000000360e+00 -9.547318680000000057e+00 -9.546457419999999416e+00 -9.545600560000000456e+00 -9.544748079999999746e+00 -9.543899950000000132e+00 -9.543056139999999132e+00 -9.542216619999999594e+00 -9.541381380000000689e+00 -9.540550380000000885e+00 -9.539723589999999476e+00 -9.538900990000000135e+00 -9.538082559999999432e+00 -9.537268259999999387e+00 -9.536458079999999171e+00 -9.535651989999999856e+00 -9.534849960000000735e+00 -9.534051979999999205e+00 -9.533258019999999888e+00 -9.532468050000000304e+00 -9.531682050000000572e+00 -9.530900009999999867e+00 -9.530121890000000207e+00 -9.529347680000000764e+00 -9.528577359999999885e+00 -9.527810900000000416e+00 -9.527048289999999753e+00 -9.526289509999999794e+00 -9.525534529999999833e+00 -9.524783349999999871e+00 -9.524035930000000150e+00 -9.523292259999999843e+00 -9.522552320000000847e+00 -9.521816100000000560e+00 -9.521083580000000879e+00 -9.520354740000000149e+00 -9.519629569999999319e+00 -9.518908039999999460e+00 -9.518190150000000571e+00 -9.517475879999999222e+00 -9.516765219999999914e+00 -9.516058140000000165e+00 -9.515354639999999975e+00 -9.514654710000000293e+00
-1.345984020000000037e+01 -1.345910160000000033e+01 -1.345836760000000076e+01 -1.345763810000000049e+01 -1.345691309999999952e+01 -1.345619259999999962e+01 -1.345547660000000079e+01 -1.345476520000000065e+01 -1.345405820000000041e+01 -1.345335569999999947e+01 -1.345265769999999961e+01 -1.345196420000000082e+01 -1.345127510000000015e+01 -1.345059050000000056e+01 -1.344991040000000027e+01 -1.344923469999999988e+01 -1.344856339999999939e+01 -1.344789659999999998e+01 -1.344723429999999986e+01 -1.344657630000000026e+01 -1.344592279999999995e+01 -1.344527369999999955e+01 -1.344462900000000083e+01 -1.344398860000000084e+01 -1.344335270000000016e+01 -1.344272119999999937e+01 -1.344209400000000088e+01 -1.344147120000000051e+01 -1.344085280000000004e+01 -1.344023870000000009e+01 -1.343962900000000005e+01 -1.343902369999999991e+01 -1.343842260000000088e+01 -1.343782589999999999e+01 -1.343723349999999961e+01 -1.343664539999999974e+01 -1.343606160000000038e+01 -1.343548219999999915e+01 -1.343490700000000082e+01 -1.343433609999999945e+01 -1.343376939999999919e+01 -1.343320710000000062e+01 -1.343264899999999962e+01 -1.343209509999999973e+01 -1.343154550000000036e+01 -1.343100010000000033e+01 -1.343045900000000081e+01 -1.342992210000000064e+01 -1.342938930000000042e+01 -1.342886080000000071e+01
-1.228692120000000010e+01 -1.228577280000000016e+01 -1.228463029999999989e+01 -1.228349380000000046e+01 -1.228236320000000070e+01 -1.228123850000000061e+01 -1.228011960000000080e+01 -1.227900649999999949e+01 -1.227789920000000023e+01 -1.227679760000000009e+01 -1.227570159999999966e+01 -1.227461130000000011e+01 -1.227352669999999968e+01 -1.227244759999999957e+01 -1.227137409999999917e+01 -1.227030599999999971e+01 -1.226924349999999997e+01 -1.226818639999999938e+01 -1.226713469999999973e+01 -1.226608839999999923e+01 -1.226504740000000027e+01 -1.226401180000000046e+01 -1.226298139999999925e+01 -1.226195629999999959e+01 -1.226093649999999968e+01 -1.225992180000000076e+01 -1.225891219999999926e+01 -1.225790779999999991e+01 -1.225690859999999915e+01 -1.225591439999999999e+01 -1.225492520000000063e+01 -1.225394110000000047e+01 -1.225296200000000013e+01 -1.225198780000000021e+01 -1.225101860000000009e+01 -1.225005430000000040e+01 -1.224909489999999934e+01 -1.224814040000000048e+01 -1.224719070000000087e+01 -1.224624589999999991e+01 -1.224530589999999997e+01 -1.224437059999999988e+01 -1.224344010000000083e+01 -1.224251429999999985e+01 -1.224159329999999990e+01 -1.224067699999999981e+01 -1.223976530000000018e+01 -1.223885830000000041e+01 -1.223795589999999933e+01 -1.223705819999999989e+01
-1.615339320000000001e+01 -1.615250950000000074e+01 -1.615163109999999946e+01 -1.615075819999999851e+01 -1.614989070000000027e+01 -1.614902860000000118e+01 -1.614817190000000124e+01 -1.614732049999999930e+01 -1.614647450000000006e+01 -1.614563389999999998e+01 -1.614479860000000144e+01 -1.614396869999999851e+01 -1.614314410000000066e+01 -1.614232480000000081e+01 -1.614151090000000011e+01 -1.614070219999999978e+01 -1.613989889999999860e+01 -1.613910080000000136e+01 -1.613830799999999854e+01 -1.613752050000000082e+01 -1.613673830000000109e+01 -1.613596130000000173e+01 -1.613518960000000035e+01 -1.613442309999999935e+01 -1.613366189999999989e+01 -1.613290579999999963e+01 -1.613215500000000091e+01 -1.613140939999999901e+01 -1.613066900000000103e+01 -1.612993379999999988e+01 -1.612920370000000148e+01 -1.612847890000000106e+01 -1.612775919999999985e+01 -1.612704460000000140e+01 -1.612633519999999976e+01 -1.612563090000000088e+01 -1.612493179999999882e+01 -1.612423779999999951e+01 -1.612354879999999824e+01 -1.612286500000000089e+01 -1.612218629999999919e+01 -1.612151270000000025e+01 -1.612084409999999934e+01 -1.612018060000000119e+01 -1.611952219999999869e+01 -1.611886880000000133e+01 -1.611822049999999962e+01 -1.611757719999999949e+01 -1.611693890000000096e+01 -1.611630560000000045e+01
-1.501984840000000077e+01 -1.501844310000000071e+01 -1.501704520000000009e+01 -1.501565459999999952e+01 -1.501427140000000016e+01 -1.501289530000000028e+01 -1.501152650000000044e+01 -1.501016489999999948e+01 -1.500881030000000038e+01 -1.500746290000000016e+01 -1.500612250000000003e+01 -1.500478900000000060e+01 -1.500346249999999948e+01 -1.500214300000000023e+01 -1.500083019999999934e+01 -1.499952429999999914e+01 -1.499822520000000026e+01 -1.499693279999999973e+01 -1.499564709999999934e+01 -1.499436810000000087e+01 -1.499309560000000019e+01 -1.499182979999999965e+01 -1.499057050000000046e+01 -1.498931770000000085e+01 -1.498807129999999965e+01 -1.498683139999999980e+01 -1.498559790000000014e+01 -1.498437069999999949e+01 -1.498314990000000080e+01 -1.498193529999999996e+01 -1.498072699999999990e+01 -1.497952489999999948e+01 -1.497832900000000045e+01 -1.497713919999999987e+01 -1.497595560000000070e+01 -1.497477809999999998e+01 -1.497360660000000010e+01 -1.497244109999999928e+01 -1.497128159999999930e+01 -1.497012810000000016e+01 -1.496898060000000008e+01 -1.496783890000000028e+01 -1.496670319999999954e+01 -1.496557330000000086e+01 -1.496444920000000067e+01 -1.496333090000000077e+01 -1.496221839999999936e+01 -1.496111170000000001e+01 -1.496001069999999977e+01 -1.495891540000000042e+01
-1.884615799999999908e+01 -1.884512940000000114e+01 -1.884410719999999984e+01 -1.884309119999999993e+01 -1.884208149999999904e+01 -1.884107810000000072e+01 -1.884008090000000024e+01 -1.883908999999999878e+01 -1.883810529999999872e+01 -1.883712690000000123e+01 -1.883615460000000041e+01 -1.883518859999999862e+01 -1.883422870000000060e+01 -1.883327500000000043e+01 -1.883232750000000166e+01 -1.883138620000000074e+01 -1.883045100000000005e+01 -1.882952189999999959e+01 -1.882859900000000053e+01 -1.882768220000000170e+01 -1.882677149999999955e+01 -1.882586680000000001e+01 -1.882496829999999832e+01 -1.882407579999999925e+01 -1.882318940000000040e+01 -1.882230909999999824e+01 -1.882143479999999869e+01 -1.882056650000000175e+01 -1.881970430000000150e+01 -1.881884810000000030e+01 -1.881799780000000055e+01 -1.881715360000000103e+01 -1.881631529999999941e+01 -1.881548300000000040e+01 -1.881465670000000046e+01 -1.881383639999999957e+01 -1.881302189999999896e+01 -1.881221340000000097e+01 -1.881141089999999849e+01 -1.881061419999999984e+01 -1.880982339999999908e+01 -1.880903860000000094e+01 -1.880825959999999952e+01 -1.880748649999999955e+01 -1.880671930000000103e+01 -1.880595789999999923e+01 -1.880520230000000126e+01 -1.880445269999999880e+01 -1.880370879999999900e+01 -1.880297080000000065e+01
-1.775219780000000114e+01 -1.775053379999999947e+01 -1.774887860000000117e+01 -1.774723210000000151e+01 -1.774559440000000166e+01 -1.774396540000000044e+01 -1.774234489999999909e+01 -1.774073309999999992e+01 -1.773912980000000061e+01 -1.773753489999999999e+01 -1.773594840000000161e+01 -1.773437039999999953e+01 -1.773280060000000091e+01 -1.773123909999999981e+01 -1.772968579999999861e+01 -1.772814059999999969e+01 -1.772660360000000068e+01 -1.772507470000000040e+01 -1.772355370000000008e+01 -1.772204079999999848e+01 -1.772053580000000039e+01 -1.771903860000000108e+01 -1.771754930000000172e+01 -1.771606780000000114e+01 -1.771459400000000173e+01 -1.771312789999999993e+01 -1.771166949999999929e+01 -1.771021860000000103e+01 -1.770877540000000039e+01 -1.770733969999999857e+01 -1.770591149999999914e+01 -1.770449070000000091e+01 -1.770307730000000035e+01 -1.770167130000000100e+01 -1.770027269999999930e+01 -1.769888130000000004e+01 -1.769749720000000082e+01 -1.769612030000000047e+01 -1.769475050000000138e+01 -1.769338799999999878e+01 -1.769203249999999983e+01 -1.769068409999999858e+01 -1.768934279999999859e+01 -1.768800840000000107e+01 -1.768668110000000127e+01 -1.768536070000000038e+01 -1.768404719999999841e+01 -1.768274059999999892e+01 -1.768144080000000073e+01 -1.768014790000000147e+01
-2.153807880000000097e+01 -2.153690539999999842e+01 -2.153573910000000069e+01 -2.153457999999999828e+01 -2.153342800000000068e+01 -2.153228319999999840e+01 -2.153114559999999855e+01 -2.153001499999999879e+01 -2.152889150000000029e+01 -2.152777509999999950e+01 -2.152666579999999996e+01 -2.152556360000000168e+01 -2.152446839999999995e+01 -2.152338019999999830e+01 -2.152229900000000029e+01 -2.152122489999999999e+01 -2.152015769999999861e+01 -2.151909750000000088e+01 -2.151804429999999968e+01 -2.151699800000000096e+01 -2.151595860000000116e+01 -2.151492620000000144e+01 -2.151390070000000065e+01 -2.151288209999999879e+01 -2.151187039999999939e+01 -2.151086559999999892e+01 -2.150986759999999975e+01 -2.150887649999999951e+01 -2.150789220000000057e+01 -2.150691469999999939e+01 -2.150594410000000067e+01 -2.150498029999999972e+01 -2.150402319999999889e+01 -2.150307300000000055e+01 -2.150212949999999879e+01 -2.150119279999999833e+01 -2.150026280000000156e+01 -2.149933959999999900e+01 -2.149842310000000012e+01 -2.149751330000000138e+01 -2.149661030000000039e+01 -2.149571389999999838e+01 -2.149482420000000005e+01 -2.149394119999999830e+01 -2.149306490000000025e+01 -2.149219520000000117e+01 -2.149133219999999866e+01 -2.149047589999999985e+01 -2.148962609999999884e+01 -2.148878300000000152e+01
-2.048380979999999951e+01 -2.048188469999999839e+01 -2.047996990000000039e+01 -2.047806530000000080e+01 -2.047617100000000079e+01 -2.047428680000000156e+01 -2.047241259999999841e+01 -2.047054849999999959e+01 -2.046869429999999923e+01 -2.046685000000000088e+01 -2.046501560000000097e+01 -2.046319090000000074e+01 -2.046137590000000017e+01 -2.045957059999999927e+01 -2.045777490000000043e+01 -2.045598880000000008e+01 -2.045421209999999945e+01 -2.045244489999999971e+01 -2.045068709999999967e+01 -2.044893860000000174e+01 -2.044719939999999880e+01 -2.044546940000000035e+01 -2.044374850000000166e+01 -2.044203680000000034e+01 -2.044033419999999879e+01 -2.043864050000000177e+01 -2.043695579999999978e+01 -2.043528009999999995e+01 -2.043361319999999992e+01 -2.043195509999999970e+01 -2.043030570000000168e+01 -2.042866509999999991e+01 -2.042703320000000033e+01 -2.042540989999999823e+01 -2.042379509999999954e+01 -2.042218889999999831e+01 -2.042059120000000050e+01 -2.041900199999999899e+01 -2.041742109999999855e+01 -2.041584860000000035e+01 -2.041428439999999966e+01 -2.041272850000000005e+01 -2.041118090000000151e+01 -2.040964140000000171e+01 -2.040811009999999825e+01 -2.040658690000000064e+01 -2.040507180000000176e+01 -2.040356470000000044e+01 -2.040206570000000141e+01 -2.040057459999999878e+01
-2.422936590000000123e+01 -2.422804670000000016e+01 -2.422673569999999899e+01 -2.422543260000000132e+01 -2.422413759999999883e+01 -2.422285060000000101e+01 -2.422157160000000076e+01 -2.422030060000000162e+01 -2.421903749999999889e+01 -2.421778240000000082e+01 -2.421653530000000032e+01 -2.421529599999999860e+01 -2.421406460000000038e+01 -2.421284109999999856e+01 -2.421162550000000024e+01 -2.421041770000000071e+01 -2.420921780000000112e+01 -2.420802559999999914e+01 -2.420684130000000067e+01 -2.420566469999999981e+01 -2.420449599999999890e+01 -2.420333490000000154e+01 -2.420218170000000057e+01 -2.420103609999999961e+01 -2.419989830000000097e+01 -2.419876809999999878e+01 -2.419764569999999893e+01 -2.419653089999999906e+01 -2.419542380000000037e+01 -2.419432430000000167e+01 -2.419323239999999942e+01 -2.419214819999999833e+01 -2.419107160000000079e+01 -2.419000259999999969e+01 -2.418894119999999859e+01 -2.418788729999999987e+01 -2.418684100000000115e+01 -2.418580229999999887e+01 -2.418477100000000135e+01 -2.418374740000000145e+01 -2.418273119999999921e+01 -2.418172260000000051e+01 -2.418072139999999948e+01 -2.417972779999999844e+01 -2.417874159999999861e+01 -2.417776290000000117e+01 -2.417679169999999900e+01 -2.417582790000000159e+01 -2.417487159999999946e+01 -2.417392279999999971e+01
-2.321460629999999981e+01 -2.321241729999999848e+01 -2.321024020000000121e+01 -2.320807479999999856e+01 -2.320592100000000002e+01 -2.320377889999999965e+01 -2.320164839999999984e+01 -2.319952929999999824e+01 -2.319742169999999959e+01 -2.319532540000000154e+01 -2.319324040000000053e+01 -2.319116659999999897e+01 -2.318910400000000038e+01 -2.318705239999999890e+01 -2.318501200000000040e+01 -2.318298240000000021e+01 -2.318096380000000067e+01 -2.317895610000000062e+01 -2.317695910000000126e+01 -2.317497279999999904e+01 -2.317299720000000107e+01 -2.317103219999999908e+01 -2.316907780000000017e+01 -2.316713379999999844e+01 -2.316520020000000102e+01 -2.316327700000000078e+01 -2.316136420000000129e+01 -2.315946149999999903e+01 -2.315756909999999991e+01 -2.315568680000000157e+01 -2.315381449999999930e+01 -2.315195239999999899e+01 -2.315010009999999951e+01 -2.314825779999999966e+01 -2.314642539999999826e+01 -2.314460280000000125e+01 -2.314278990000000036e+01 -2.314098669999999913e+01 -2.313919329999999874e+01 -2.313740939999999924e+01 -2.313563509999999823e+01 -2.313387030000000166e+01 -2.313211499999999887e+01 -2.313036909999999935e+01 -2.312863249999999837e+01 -2.312690539999999828e+01 -2.312518740000000150e+01 -2.312347880000000089e+01 -2.312177930000000003e+01 -2.312008900000000011e+01
-2.691943780000000075e+01 -2.691797190000000128e+01 -2.691651500000000041e+01 -2.691506710000000169e+01 -2.691362799999999922e+01 -2.691219789999999890e+01 -2.691077669999999955e+01 -2.690936430000000001e+01 -2.690796080000000146e+01 -2.690656609999999915e+01 -2.690518020000000021e+01 -2.690380310000000108e+01 -2.690243480000000176e+01 -2.690107520000000108e+01 -2.689972429999999903e+01 -2.689838209999999918e+01 -2.689704860000000153e+01 -2.689572379999999896e+01 -2.689440769999999858e+01 -2.689310019999999923e+01 -2.689180130000000091e+01 -2.689051100000000005e+01 -2.688922919999999905e+01 -2.688795610000000025e+01 -2.688669150000000130e+01 -2.688543549999999982e+01 -2.688418790000000058e+01 -2.688294889999999882e+01 -2.688171840000000046e+01 -2.688049639999999840e+01 -2.687928279999999859e+01 -2.687807769999999863e+01 -2.687688100000000091e+01 -2.687569279999999949e+01 -2.687451300000000032e+01 -2.687334159999999983e+01 -2.687217860000000158e+01 -2.687102390000000085e+01 -2.686987769999999998e+01 -2.686873980000000017e+01 -2.686761029999999906e+01 -2.686648909999999901e+01 -2.686537630000000121e+01 -2.686427180000000092e+01 -2.686317560000000171e+01 -2.686208770000000001e+01 -2.686100820000000056e+01 -2.685993690000000100e+01 -2.685887400000000014e+01 -2.685781940000000034e+01
-2.594482169999999854e+01 -2.594236520000000112e+01 -2.593992210000000043e+01 -2.593749229999999883e+01 -2.593507560000000112e+01 -2.593267219999999895e+01 -2.593028169999999832e+01 -2.592790430000000157e+01 -2.592553970000000163e+01 -2.592318810000000084e+01 -2.592084910000000164e+01 -2.591852289999999925e+01 -2.591620939999999962e+01 -2.591390840000000040e+01 -2.591161990000000159e+01 -2.590934379999999848e+01 -2.590708000000000055e+01 -2.590482859999999832e+01 -2.590258940000000010e+01 -2.590036230000000117e+01 -2.589814730000000154e+01 -2.589594430000000003e+01 -2.589375330000000019e+01 -2.589157420000000087e+01 -2.588940679999999972e+01 -2.588725129999999908e+01 -2.588510739999999899e+01 -2.588297509999999946e+01 -2.588085440000000048e+01 -2.587874520000000089e+01 -2.587664739999999952e+01 -2.587456110000000109e+01 -2.587248599999999854e+01 -2.587042220000000015e+01 -2.586836950000000002e+01 -2.586632799999999932e+01 -2.586429760000000044e+01 -2.586227819999999866e+01 -2.586026980000000108e+01 -2.585827229999999943e+01 -2.585628559999999965e+01 -2.585430970000000173e+01 -2.585234450000000095e+01 -2.585039009999999848e+01 -2.584844620000000148e+01 -2.584651300000000163e+01 -2.584459030000000013e+01 -2.584267799999999937e+01 -2.584077620000000053e+01 -2.583888479999999888e+01
-2.960813710000000043e+01 -2.960652320000000159e+01 -2.960491920000000121e+01 -2.960332500000000167e+01 -2.960174070000000057e+01 -2.960016620000000032e+01 -2.959860150000000090e+01 -2.959704659999999876e+01 -2.959550139999999985e+01 -2.959396600000000177e+01 -2.959244019999999864e+01 -2.959092419999999990e+01 -2.958941779999999966e+01 -2.958792100000000147e+01 -2.958643389999999940e+01 -2.958495630000000176e+01 -2.958348829999999907e+01 -2.958202989999999843e+01 -2.958058099999999868e+01 -2.957914159999999981e+01 -2.957771169999999827e+01 -2.957629130000000117e+01 -2.957488040000000140e+01 -2.957347890000000135e+01 -2.957208680000000101e+01 -2.957070420000000155e+01 -2.956933090000000064e+01 -2.956796699999999944e+01 -2.956661250000000152e+01 -2.956526729999999858e+01 -2.956393149999999892e+01 -2.956260500000000135e+01 -2.956128779999999878e+01 -2.955997999999999948e+01 -2.955868140000000110e+01 -2.955739210000000128e+01 -2.955611199999999883e+01 -2.955484119999999848e+01 -2.955357970000000023e+01 -2.955232739999999936e+01 -2.955108429999999942e+01 -2.954985050000000157e+01 -2.954862590000000111e+01 -2.954741050000000158e+01 -2.954620429999999942e+01 -2.954500730000000175e+01 -2.954381959999999907e+01 -2.954264099999999971e+01 -2.954147160000000127e+01 -2.954031140000000022e+01
-2.867399699999999996e+01 -2.867126929999999874e+01 -2.866855659999999872e+01 -2.866585870000000114e+01 -2.866317559999999887e+01 -2.866050710000000024e+01 -2.865785320000000169e+01 -2.865521379999999851e+01 -2.865258880000000019e+01 -2.864997819999999962e+01 -2.864738189999999918e+01 -2.864479980000000126e+01 -2.864223180000000113e+01 -2.863967789999999880e+01 -2.863713789999999904e+01 -2.863461189999999945e+01 -2.863209960000000009e+01 -2.862960119999999975e+01 -2.862711639999999846e+01 -2.862464519999999979e+01 -2.862218760000000017e+01 -2.861974340000000083e+01 -2.861731260000000177e+01 -2.861489509999999825e+01 -2.861249090000000095e+01 -2.861009980000000041e+01 -2.860772180000000020e+01 -2.860535690000000031e+01 -2.860300489999999840e+01 -2.860066589999999920e+01 -2.859833959999999919e+01 -2.859602609999999956e+01 -2.859372529999999912e+01 -2.859143710000000027e+01 -2.858916139999999828e+01 -2.858689830000000143e+01 -2.858464760000000027e+01 -2.858240920000000074e+01 -2.858018309999999929e+01 -2.857796919999999830e+01 -2.857576759999999894e+01 -2.857357800000000125e+01 -2.857140049999999931e+01 -2.856923490000000143e+01 -2.856708130000000168e+01 -2.856493950000000126e+01 -2.856280960000000135e+01 -2.856069139999999962e+01 -2.855858489999999961e+01 -2.855649000000000015e+01
