-7.844447090000000067e+00 -7.609590260000000050e+00 -7.374791560000000246e+00 -7.140050350000000101e+00 -6.905365999999999893e+00 -6.670737879999999898e+00 -6.436165360000000391e+00 -6.201647809999999872e+00 -5.967184600000000394e+00 -5.732775110000000396e+00 -5.498418730000000032e+00 -5.264114840000000406e+00 -5.029862819999999957e+00 -4.795662069999999666e+00 -4.561511979999999689e+00 -4.327411950000000118e+00 -4.093361370000000221e+00 -3.859359640000000091e+00 -3.625406180000000145e+00 -3.391500390000000031e+00 -3.157641679999999784e+00 -2.923829459999999880e+00 -2.690063170000000170e+00 -2.456342199999999920e+00 -2.222665999999999809e+00 -1.989033980000000090e+00 -1.755445589999999889e+00 -1.521900250000000065e+00 -1.288397390000000087e+00 -1.054936480000000065e+00 -8.215169329999999492e-01 -5.881382160000000470e-01 -3.547997729999999850e-01 -1.215010609999999935e-01 1.117584630000000023e-01 3.449793389999999960e-01 5.781621000000000121e-01 8.113072799999999640e-01 1.044415410000000044e+00 1.277487009999999978e+00 1.510522600000000049e+00 1.743522699999999981e+00 1.976487840000000107e+00 2.209418509999999891e+00 2.442315230000000170e+00 2.675178499999999904e+00 2.908008829999999989e+00 3.140806700000000173e+00 3.373572629999999961e+00 3.606307090000000048e+00
-2.899245060000000151e+01 -2.874981209999999976e+01 -2.850729630000000014e+01 -2.826490229999999926e+01 -2.802262899999999846e+01 -2.778047559999999905e+01 -2.753844110000000001e+01 -2.729652460000000147e+01 -2.705472520000000003e+01 -2.681304199999999938e+01 -2.657147420000000082e+01 -2.633002079999999978e+01 -2.608868109999999874e+01 -2.584745410000000021e+01 -2.560633909999999958e+01 -2.536533520000000053e+01 -2.512444160000000082e+01 -2.488365750000000176e+01 -2.464298210000000111e+01 -2.440241460000000018e+01 -2.416195430000000144e+01 -2.392160020000000031e+01 -2.368135180000000162e+01 -2.344120810000000077e+01 -2.320116840000000025e+01 -2.296123210000000014e+01 -2.272139819999999943e+01 -2.248166610000000176e+01 -2.224203509999999895e+01 -2.200250429999999824e+01 -2.176307309999999973e+01 -2.152374060000000000e+01 -2.128450630000000032e+01 -2.104536930000000083e+01 -2.080632890000000046e+01 -2.056738440000000168e+01 -2.032853509999999986e+01 -2.008978019999999987e+01 -1.985111909999999824e+01 -1.961255089999999868e+01 -1.937407509999999888e+01 -1.913569090000000017e+01 -1.889739760000000146e+01 -1.865919440000000051e+01 -1.842108070000000097e+01 -1.818305580000000177e+01 -1.794511890000000065e+01 -1.770726930000000010e+01 -1.746950650000000138e+01 -1.723182949999999991e+01
-8.005023579999999583e+00 -7.770331419999999767e+00 -7.535696930000000293e+00 -7.301119479999999662e+00 -7.066598429999999986e+00 -6.832133139999999827e+00 -6.597722990000000287e+00 -6.363367329999999988e+00 -6.129065559999999913e+00 -5.894817029999999569e+00 -5.660621139999999940e+00 -5.426477249999999586e+00 -5.192384770000000316e+00 -4.958343069999999742e+00 -4.724351539999999794e+00 -4.490409589999999618e+00 -4.256516610000000256e+00 -4.022672000000000025e+00 -3.788875159999999909e+00 -3.555125509999999878e+00 -3.321422450000000026e+00 -3.087765399999999882e+00 -2.854153779999999863e+00 -2.620587009999999939e+00 -2.387064500000000145e+00 -2.153585699999999825e+00 -1.920150030000000063e+00 -1.686756920000000104e+00 -1.453405819999999959e+00 -1.220096169999999924e+00 -9.868274070000000453e-01 -7.535989859999999707e-01 -5.204103580000000173e-01 -2.872609799999999991e-01 -5.415031010000000145e-02 1.789221880000000098e-01 4.119570490000000196e-01 6.449548019999999937e-01 8.779159739999999879e-01 1.110841090000000086e+00 1.343730660000000077e+00 1.576585219999999898e+00 1.809405259999999904e+00 2.042191299999999821e+00 2.274943850000000101e+00 2.507663400000000209e+00 2.740350470000000094e+00 2.973005530000000007e+00 3.205629080000000020e+00 3.438221620000000200e+00
-2.915035320000000141e+01 -2.890788690000000116e+01 -2.866554280000000077e+01 -2.842331989999999919e+01 -2.818121730000000014e+01 -2.793923410000000018e+01 -2.769736939999999947e+01 -2.745562239999999932e+01 -2.721399219999999985e+01 -2.697247780000000006e+01 -2.673107860000000002e+01 -2.648979359999999872e+01 -2.624862189999999984e+01 -2.600756289999999993e+01 -2.576661560000000151e+01 -2.552577929999999995e+01 -2.528505320000000012e+01 -2.504443649999999977e+01 -2.480392829999999904e+01 -2.456352800000000158e+01 -2.432323470000000043e+01 -2.408304760000000044e+01 -2.384296610000000172e+01 -2.360298930000000084e+01 -2.336311660000000145e+01 -2.312334699999999899e+01 -2.288367999999999824e+01 -2.264411460000000176e+01 -2.240465030000000013e+01 -2.216528630000000177e+01 -2.192602180000000089e+01 -2.168685609999999997e+01 -2.144778840000000031e+01 -2.120881809999999845e+01 -2.096994439999999926e+01 -2.073116660000000167e+01 -2.049248389999999986e+01 -2.025389570000000106e+01 -2.001540109999999828e+01 -1.977699959999999990e+01 -1.953869029999999896e+01 -1.930047259999999909e+01 -1.906234579999999923e+01 -1.882430910000000068e+01 -1.858636170000000121e+01 -1.834850309999999851e+01 -1.811073250000000101e+01 -1.787304909999999936e+01 -1.763545239999999836e+01 -1.739794140000000056e+01
-8.151797650000000672e+00 -7.917254940000000296e+00 -7.682769460000000272e+00 -7.448340560000000110e+00 -7.213967610000000086e+00 -6.979649959999999709e+00 -6.745386990000000083e+00 -6.511178049999999828e+00 -6.277022520000000050e+00 -6.042919770000000135e+00 -5.808869180000000298e+00 -5.574870129999999868e+00 -5.340921999999999947e+00 -5.107024189999999741e+00 -4.873176070000000415e+00 -4.639377050000000224e+00 -4.405626520000000212e+00 -4.171923879999999585e+00 -3.938268540000000151e+00 -3.704659899999999784e+00 -3.471097379999999788e+00 -3.237580379999999813e+00 -3.004108330000000215e+00 -2.770680650000000078e+00 -2.537296770000000201e+00 -2.303956110000000113e+00 -2.070658100000000168e+00 -1.837402189999999935e+00 -1.604187809999999992e+00 -1.371014399999999966e+00 -1.137881420000000032e+00 -9.047883089999999573e-01 -6.717345260000000540e-01 -4.387195269999999980e-01 -2.057427759999999883e-01 2.719626340000000017e-02 2.600981210000000154e-01 4.929633250000000078e-01 7.257923990000000325e-01 9.585858630000000380e-01 1.191344229999999893e+00 1.424068019999999990e+00 1.656757739999999979e+00 1.889413889999999929e+00 2.122036979999999851e+00 2.354627509999999813e+00 2.587185970000000168e+00 2.819712840000000220e+00 3.052208629999999978e+00 3.284673810000000138e+00
-2.929256570000000082e+01 -2.905025480000000115e+01 -2.880806570000000022e+01 -2.856599740000000054e+01 -2.832404909999999987e+01 -2.808221999999999952e+01 -2.784050900000000084e+01 -2.759891550000000038e+01 -2.735743850000000066e+01 -2.711607719999999944e+01 -2.687483080000000157e+01 -2.663369850000000127e+01 -2.639267939999999868e+01 -2.615177279999999982e+01 -2.591097780000000128e+01 -2.567029369999999844e+01 -2.542971969999999970e+01 -2.518925499999999928e+01 -2.494889879999999849e+01 -2.470865029999999862e+01 -2.446850889999999978e+01 -2.422847360000000094e+01 -2.398854389999999981e+01 -2.374871879999999891e+01 -2.350899769999999833e+01 -2.326937990000000056e+01 -2.302986449999999863e+01 -2.279045079999999857e+01 -2.255113809999999930e+01 -2.231192569999999975e+01 -2.207281280000000123e+01 -2.183379860000000150e+01 -2.159488250000000065e+01 -2.135606369999999998e+01 -2.111734149999999843e+01 -2.087871519999999848e+01 -2.064018390000000025e+01 -2.040174710000000147e+01 -2.016340389999999871e+01 -1.992515369999999919e+01 -1.968699570000000065e+01 -1.944892929999999964e+01 -1.921095349999999868e+01 -1.897306790000000021e+01 -1.873527160000000080e+01 -1.849756389999999939e+01 -1.825994409999999846e+01 -1.802241150000000047e+01 -1.778496529999999964e+01 -1.754760489999999962e+01
-8.283416020000000657e+00 -8.049006609999999284e+00 -7.814653999999999989e+00 -7.580357550000000444e+00 -7.346116610000000158e+00 -7.111930530000000417e+00 -6.877798679999999720e+00 -6.643720430000000121e+00 -6.409695150000000119e+00 -6.175722209999999990e+00 -5.941800980000000010e+00 -5.707930840000000394e+00 -5.474111180000000410e+00 -5.240341380000000271e+00 -5.006620840000000072e+00 -4.772948940000000029e+00 -4.539325080000000234e+00 -4.305748669999999834e+00 -4.072219109999999809e+00 -3.838735810000000193e+00 -3.605298170000000191e+00 -3.371905610000000220e+00 -3.138557560000000191e+00 -2.905253440000000076e+00 -2.671992669999999848e+00 -2.438774679999999861e+00 -2.205598900000000029e+00 -1.972464790000000079e+00 -1.739371769999999984e+00 -1.506319289999999977e+00 -1.273306800000000072e+00 -1.040333759999999996e+00 -8.073996199999999845e-01 -5.745038430000000140e-01 -3.416458920000000066e-01 -1.088252360000000057e-01 1.239586530000000020e-01 3.567062979999999772e-01 5.894182220000000472e-01 8.220949400000000518e-01 1.054736969999999996e+00 1.287344810000000006e+00 1.519918969999999980e+00 1.752459959999999928e+00 1.984968279999999918e+00 2.217444410000000143e+00 2.449888849999999785e+00 2.682302079999999922e+00 2.914684600000000181e+00 3.147036879999999925e+00
-2.941875999999999891e+01 -2.917658899999999988e+01 -2.893453939999999847e+01 -2.869261029999999835e+01 -2.845080099999999845e+01 -2.820911050000000131e+01 -2.796753800000000112e+01 -2.772608269999999919e+01 -2.748474369999999922e+01 -2.724352019999999897e+01 -2.700241150000000090e+01 -2.676141660000000044e+01 -2.652053490000000124e+01 -2.627976549999999989e+01 -2.603910760000000124e+01 -2.579856050000000067e+01 -2.555812329999999832e+01 -2.531779540000000139e+01 -2.507757589999999936e+01 -2.483746409999999827e+01 -2.459745919999999941e+01 -2.435756040000000056e+01 -2.411776700000000062e+01 -2.387807829999999853e+01 -2.363849360000000033e+01 -2.339901190000000142e+01 -2.315963269999999952e+01 -2.292035509999999832e+01 -2.268117850000000146e+01 -2.244210209999999961e+01 -2.220312510000000117e+01 -2.196424680000000151e+01 -2.172546660000000074e+01 -2.148678350000000137e+01 -2.124819700000000111e+01 -2.100970630000000128e+01 -2.077131059999999962e+01 -2.053300919999999863e+01 -2.029480149999999838e+01 -2.005668659999999903e+01 -1.981866379999999950e+01 -1.958073239999999871e+01 -1.934289169999999913e+01 -1.910514099999999971e+01 -1.886747950000000174e+01 -1.862990650000000059e+01 -1.839242120000000114e+01 -1.815502299999999991e+01 -1.791771119999999939e+01 -1.768048489999999973e+01
-8.399742390000000114e+00 -8.165450119999999146e+00 -7.931214259999999960e+00 -7.697034140000000413e+00 -7.462909129999999891e+00 -7.228838579999999681e+00 -6.994821850000000119e+00 -6.760858309999999705e+00 -6.526947319999999664e+00 -6.293088270000000151e+00 -6.059280509999999786e+00 -5.825523440000000441e+00 -5.591816429999999727e+00 -5.358158869999999574e+00 -5.124550160000000076e+00 -4.890989679999999673e+00 -4.657476830000000234e+00 -4.424011010000000077e+00 -4.190591640000000062e+00 -3.957218109999999900e+00 -3.723889849999999946e+00 -3.490606259999999850e+00 -3.257366769999999967e+00 -3.024170810000000209e+00 -2.791017800000000104e+00 -2.557907170000000008e+00 -2.324838360000000215e+00 -2.091810810000000131e+00 -1.858823969999999992e+00 -1.625877280000000091e+00 -1.392970199999999936e+00 -1.160102179999999983e+00 -9.272726759999999624e-01 -6.944811589999999590e-01 -4.617270940000000046e-01 -2.290099509999999894e-01 3.670792029999999859e-03 2.363156580000000118e-01 4.689251629999999782e-01 7.014998199999999962e-01 9.340401390000000470e-01 1.166546630000000029e+00 1.399019779999999935e+00 1.631460099999999969e+00 1.863868089999999977e+00 2.096244229999999931e+00 2.328589000000000020e+00 2.560902899999999871e+00 2.793186410000000119e+00 3.025439990000000190e+00
-2.952957849999999951e+01 -2.928752959999999916e+01 -2.904560180000000003e+01 -2.880379440000000102e+01 -2.856210649999999873e+01 -2.832053730000000158e+01 -2.807908580000000143e+01 -2.783775149999999954e+01 -2.759653330000000082e+01 -2.735543050000000065e+01 -2.711444230000000033e+01 -2.687356790000000117e+01 -2.663280659999999855e+01 -2.639215739999999855e+01 -2.615161979999999886e+01 -2.591119279999999847e+01 -2.567087569999999985e+01 -2.543066779999999838e+01 -2.519056820000000130e+01 -2.495057630000000159e+01 -2.471069119999999941e+01 -2.447091229999999840e+01 -2.423123869999999869e+01 -2.399166969999999921e+01 -2.375220459999999889e+01 -2.351284259999999904e+01 -2.327358299999999858e+01 -2.303442499999999882e+01 -2.279536789999999868e+01 -2.255641100000000066e+01 -2.231755340000000132e+01 -2.207879450000000077e+01 -2.184013350000000031e+01 -2.160156980000000004e+01 -2.136310239999999894e+01 -2.112473079999999825e+01 -2.088645419999999930e+01 -2.064827190000000101e+01 -2.041018299999999996e+01 -2.017218689999999981e+01 -1.993428289999999947e+01 -1.969647020000000026e+01 -1.945874799999999993e+01 -1.922111569999999858e+01 -1.898357259999999869e+01 -1.874611780000000039e+01 -1.850875059999999905e+01 -1.827147039999999834e+01 -1.803427629999999837e+01 -1.779716780000000043e+01
-8.500651120000000560e+00 -8.266459899999999195e+00 -8.032324700000000206e+00 -7.798244900000000257e+00 -7.564219819999999928e+00 -7.330248840000000321e+00 -7.096331319999999998e+00 -6.862466610000000244e+00 -6.628654079999999560e+00 -6.394893109999999936e+00 -6.161183079999999812e+00 -5.927523360000000352e+00 -5.693913329999999995e+00 -5.460352379999999783e+00 -5.226839899999999872e+00 -4.993375290000000355e+00 -4.759957950000000437e+00 -4.526587280000000213e+00 -4.293262679999999776e+00 -4.059983560000000047e+00 -3.826749340000000110e+00 -3.593559449999999877e+00 -3.360413289999999886e+00 -3.127310299999999987e+00 -2.894249910000000092e+00 -2.661231550000000112e+00 -2.428254659999999898e+00 -2.195318690000000128e+00 -1.962423070000000047e+00 -1.729567269999999990e+00 -1.496750739999999968e+00 -1.263972929999999995e+00 -1.031233300000000019e+00 -7.985313330000000098e-01 -5.658664899999999998e-01 -3.332382469999999874e-01 -1.006460829999999973e-01 1.319105200000000033e-01 3.644320750000000220e-01 5.969190920000000400e-01 8.293720759999999581e-01 1.061791530000000039e+00 1.294177949999999910e+00 1.526531829999999923e+00 1.758853659999999985e+00 1.991143939999999946e+00 2.223403129999999894e+00 2.455631719999999962e+00 2.687830200000000058e+00 2.919999020000000112e+00
-2.962492740000000069e+01 -2.938298299999999941e+01 -2.914115950000000055e+01 -2.889945630000000065e+01 -2.865787239999999869e+01 -2.841640710000000070e+01 -2.817505949999999970e+01 -2.793382880000000057e+01 -2.769271420000000106e+01 -2.745171500000000009e+01 -2.721083020000000019e+01 -2.697005929999999907e+01 -2.672940120000000164e+01 -2.648885539999999850e+01 -2.624842089999999928e+01 -2.600809710000000052e+01 -2.576788309999999882e+01 -2.552777830000000137e+01 -2.528778180000000120e+01 -2.504789290000000079e+01 -2.480811080000000146e+01 -2.456843489999999974e+01 -2.432886420000000172e+01 -2.408939810000000037e+01 -2.385003590000000173e+01 -2.361077669999999884e+01 -2.337161989999999889e+01 -2.313256459999999848e+01 -2.289361020000000124e+01 -2.265475590000000139e+01 -2.241600100000000140e+01 -2.217734469999999902e+01 -2.193878630000000030e+01 -2.170032499999999942e+01 -2.146196009999999887e+01 -2.122369079999999997e+01 -2.098551649999999924e+01 -2.074743630000000039e+01 -2.050944959999999995e+01 -2.027155559999999923e+01 -2.003375360000000072e+01 -1.979604270000000099e+01 -1.955842240000000132e+01 -1.932089179999999828e+01 -1.908345010000000030e+01 -1.884609680000000154e+01 -1.860883099999999857e+01 -1.837165200000000098e+01 -1.813455910000000060e+01 -1.789755140000000111e+01
-8.586041800000000279e+00 -8.351935709999999347e+00 -8.117885319999999183e+00 -7.883889980000000186e+00 -7.649949059999999967e+00 -7.416061909999999813e+00 -7.182227880000000120e+00 -6.948446350000000216e+00 -6.714716680000000437e+00 -6.481038230000000233e+00 -6.247410399999999697e+00 -6.013832550000000055e+00 -5.780304069999999683e+00 -5.546824349999999626e+00 -5.313392780000000037e+00 -5.080008760000000123e+00 -4.846671680000000038e+00 -4.613380959999999753e+00 -4.380135990000000312e+00 -4.146936189999999911e+00 -3.913780969999999915e+00 -3.680669770000000174e+00 -3.447601989999999894e+00 -3.214577080000000198e+00 -2.981594449999999785e+00 -2.748653560000000162e+00 -2.515753839999999908e+00 -2.282894730000000205e+00 -2.050075689999999895e+00 -1.817296170000000100e+00 -1.584555619999999942e+00 -1.351853509999999980e+00 -1.119189310000000104e+00 -8.865624789999999589e-01 -6.539724970000000415e-01 -4.214188409999999885e-01 -1.889009919999999898e-01 4.358156280000000105e-02 2.760293340000000151e-01 5.084428269999999861e-01 7.408225449999999990e-01 9.731689850000000419e-01 1.205482640000000050e+00 1.437764009999999981e+00 1.670013570000000058e+00 1.902231800000000028e+00 2.134419199999999961e+00 2.366576219999999786e+00 2.598703350000000079e+00 2.830801049999999819e+00
-2.970470070000000007e+01 -2.946284319999999823e+01 -2.922110659999999882e+01 -2.897949020000000075e+01 -2.873799299999999945e+01 -2.849661419999999978e+01 -2.825535310000000067e+01 -2.801420889999999986e+01 -2.777318070000000105e+01 -2.753226769999999846e+01 -2.729146929999999927e+01 -2.705078449999999890e+01 -2.681021270000000101e+01 -2.656975290000000101e+01 -2.632940460000000016e+01 -2.608916689999999861e+01 -2.584903900000000121e+01 -2.560902019999999979e+01 -2.536910969999999921e+01 -2.512930679999999839e+01 -2.488961069999999864e+01 -2.465002069999999890e+01 -2.441053589999999929e+01 -2.417115569999999991e+01 -2.393187929999999852e+01 -2.369270600000000115e+01 -2.345363499999999846e+01 -2.321466549999999884e+01 -2.297579680000000124e+01 -2.273702829999999864e+01 -2.249835900000000066e+01 -2.225978830000000031e+01 -2.202131539999999887e+01 -2.178293970000000002e+01 -2.154466019999999915e+01 -2.130647640000000109e+01 -2.106838739999999888e+01 -2.083039249999999853e+01 -2.059249099999999899e+01 -2.035468210000000155e+01 -2.011696510000000160e+01 -1.987933930000000160e+01 -1.964180380000000170e+01 -1.940435799999999844e+01 -1.916700099999999907e+01 -1.892973230000000129e+01 -1.869255090000000052e+01 -1.845545630000000159e+01 -1.821844760000000107e+01 -1.798152400000000029e+01
-8.655814870000000383e+00 -8.421778099999999156e+00 -8.187796770000000279e+00 -7.953870219999999769e+00 -7.719997799999999799e+00 -7.486178879999999758e+00 -7.252412819999999982e+00 -7.018698969999999981e+00 -6.785036700000000032e+00 -6.551425400000000288e+00 -6.317864430000000198e+00 -6.084353169999999977e+00 -5.850891019999999720e+00 -5.617477349999999703e+00 -5.384111569999999958e+00 -5.150793059999999812e+00 -4.917521230000000187e+00 -4.684295490000000228e+00 -4.451115240000000028e+00 -4.217979899999999560e+00 -3.984888880000000189e+00 -3.751841619999999988e+00 -3.518837529999999880e+00 -3.285876040000000220e+00 -3.052956589999999970e+00 -2.820078629999999809e+00 -2.587241580000000152e+00 -2.354444909999999780e+00 -2.121688059999999876e+00 -1.888970489999999947e+00 -1.656291659999999943e+00 -1.423651030000000040e+00 -1.191048069999999903e+00 -9.584822560000000324e-01 -7.259530640000000368e-01 -4.934599740000000234e-01 -2.610024710000000137e-01 -2.858004420000000156e-02 2.038078130000000043e-01 4.361616039999999805e-01 6.684818280000000001e-01 9.007689789999999697e-01 1.133023550000000101e+00 1.365246020000000060e+00 1.597436889999999998e+00 1.829596620000000007e+00 2.061725700000000217e+00 2.293824600000000213e+00 2.525893780000000088e+00 2.757933700000000155e+00
-2.976881069999999951e+01 -2.952702259999999868e+01 -2.928535540000000026e+01 -2.904380829999999847e+01 -2.880238029999999938e+01 -2.856107079999999954e+01 -2.831987889999999908e+01 -2.807880370000000170e+01 -2.783784460000000038e+01 -2.759700069999999883e+01 -2.735627119999999834e+01 -2.711565540000000141e+01 -2.687515249999999867e+01 -2.663476179999999971e+01 -2.639448229999999995e+01 -2.615431350000000066e+01 -2.591425449999999842e+01 -2.567430450000000164e+01 -2.543446289999999976e+01 -2.519472880000000004e+01 -2.495510140000000021e+01 -2.471558020000000155e+01 -2.447616419999999948e+01 -2.423685270000000003e+01 -2.399764499999999856e+01 -2.375854040000000111e+01 -2.351953800000000072e+01 -2.328063720000000103e+01 -2.304183709999999863e+01 -2.280313710000000071e+01 -2.256453640000000149e+01 -2.232603419999999872e+01 -2.208762979999999843e+01 -2.184932239999999837e+01 -2.161111139999999864e+01 -2.137299580000000176e+01 -2.113497509999999835e+01 -2.089704839999999919e+01 -2.065921510000000083e+01 -2.042147419999999869e+01 -2.018382520000000113e+01 -1.994626729999999881e+01 -1.970879970000000014e+01 -1.947142159999999933e+01 -1.923413229999999885e+01 -1.899693119999999880e+01 -1.875981730000000169e+01 -1.852279000000000053e+01 -1.828584860000000134e+01 -1.804899229999999832e+01
-8.709907369999999815e+00 -8.475924349999999663e+00 -8.241996549999999644e+00 -8.008123319999999268e+00 -7.774303999999999881e+00 -7.540537959999999984e+00 -7.306824559999999913e+00 -7.073163150000000066e+00 -6.839553109999999769e+00 -6.605993810000000188e+00 -6.372484629999999761e+00 -6.139024949999999592e+00 -5.905614149999999896e+00 -5.672251629999999878e+00 -5.438936769999999754e+00 -5.205668990000000385e+00 -4.972447670000000208e+00 -4.739272220000000146e+00 -4.506142070000000110e+00 -4.273056610000000255e+00 -4.040015269999999603e+00 -3.807017479999999843e+00 -3.574062669999999997e+00 -3.341150260000000038e+00 -3.108279689999999817e+00 -2.875450400000000073e+00 -2.642661850000000090e+00 -2.409913469999999780e+00 -2.177204720000000204e+00 -1.944535069999999921e+00 -1.711903970000000053e+00 -1.479310890000000045e+00 -1.246755300000000011e+00 -1.014236670000000062e+00 -7.817544939999999665e-01 -5.493082440000000011e-01 -3.168974099999999905e-01 -8.452148399999999395e-02 1.478200389999999864e-01 3.801276579999999794e-01 6.124018700000000148e-01 8.446431680000000553e-01 1.076852039999999899e+00 1.309028969999999958e+00 1.541174440000000034e+00 1.773288919999999935e+00 2.005372889999999853e+00 2.237426820000000038e+00 2.469451170000000140e+00 2.701446409999999965e+00
-2.981718070000000154e+01 -2.957544460000000086e+01 -2.933382930000000144e+01 -2.909233400000000103e+01 -2.885095790000000093e+01 -2.860970010000000130e+01 -2.836855990000000105e+01 -2.812753640000000033e+01 -2.788662899999999922e+01 -2.764583680000000143e+01 -2.740515900000000116e+01 -2.716459479999999971e+01 -2.692414349999999956e+01 -2.668380429999999848e+01 -2.644357649999999893e+01 -2.620345920000000106e+01 -2.596345170000000024e+01 -2.572355329999999896e+01 -2.548376319999999851e+01 -2.524408060000000020e+01 -2.500450479999999942e+01 -2.476503500000000102e+01 -2.452567050000000037e+01 -2.428641049999999879e+01 -2.404725429999999875e+01 -2.380820100000000039e+01 -2.356925010000000142e+01 -2.333040060000000082e+01 -2.309165189999999868e+01 -2.285300319999999985e+01 -2.261445379999999972e+01 -2.237600289999999958e+01 -2.213764970000000076e+01 -2.189939349999999862e+01 -2.166123359999999920e+01 -2.142316920000000025e+01 -2.118519960000000069e+01 -2.094732390000000066e+01 -2.070954150000000027e+01 -2.047185160000000081e+01 -2.023425350000000122e+01 -1.999674630000000164e+01 -1.975932939999999860e+01 -1.952200200000000052e+01 -1.928476339999999922e+01 -1.904761269999999840e+01 -1.881054930000000169e+01 -1.857357239999999976e+01 -1.833668129999999863e+01 -1.809987509999999844e+01
-8.748274119999999598e+00 -8.514329480000000672e+00 -8.280439890000000247e+00 -8.046604710000000438e+00 -7.812823289999999865e+00 -7.579094979999999815e+00 -7.345419149999999675e+00 -7.111795149999999843e+00 -6.878222369999999586e+00 -6.644700160000000189e+00 -6.411227919999999969e+00 -6.177805020000000091e+00 -5.944430849999999822e+00 -5.711104800000000203e+00 -5.477826259999999614e+00 -5.244594629999999924e+00 -5.011409320000000278e+00 -4.778269729999999882e+00 -4.545175279999999596e+00 -4.312125380000000341e+00 -4.079119450000000313e+00 -3.846156919999999868e+00 -3.613237219999999805e+00 -3.380359780000000036e+00 -3.147524039999999967e+00 -2.914729439999999894e+00 -2.681975430000000049e+00 -2.449261459999999779e+00 -2.216586990000000146e+00 -1.983951470000000050e+00 -1.751354379999999988e+00 -1.518795169999999972e+00 -1.286273320000000053e+00 -1.053788310000000061e+00 -8.213396219999999914e-01 -5.889267379999999497e-01 -3.565491470000000107e-01 -1.242063439999999963e-01 1.081021729999999959e-01 3.403769030000000084e-01 5.726183400000000034e-01 8.048269740000000283e-01 1.037003289999999911e+00 1.269147779999999948e+00 1.501260899999999898e+00 1.733343150000000055e+00 1.965394990000000064e+00 2.197416880000000017e+00 2.429409300000000105e+00 2.661372689999999874e+00
-2.984974610000000084e+01 -2.960804440000000071e+01 -2.936646349999999828e+01 -2.912500250000000079e+01 -2.888366070000000008e+01 -2.864243719999999982e+01 -2.840133129999999895e+01 -2.816034210000000115e+01 -2.791946889999999826e+01 -2.767871089999999867e+01 -2.743806730000000016e+01 -2.719753730000000047e+01 -2.695712019999999853e+01 -2.671681519999999921e+01 -2.647662160000000142e+01 -2.623653850000000176e+01 -2.599656519999999915e+01 -2.575670089999999846e+01 -2.551694489999999860e+01 -2.527729649999999850e+01 -2.503775479999999831e+01 -2.479831920000000167e+01 -2.455898880000000162e+01 -2.431976290000000063e+01 -2.408064070000000001e+01 -2.384162159999999986e+01 -2.360270470000000032e+01 -2.336388930000000030e+01 -2.312517460000000113e+01 -2.288655999999999935e+01 -2.264804450000000102e+01 -2.240962760000000031e+01 -2.217130840000000092e+01 -2.193308610000000058e+01 -2.169496009999999941e+01 -2.145692959999999871e+01 -2.121899379999999979e+01 -2.098115190000000041e+01 -2.074340330000000066e+01 -2.050574710000000067e+01 -2.026818270000000055e+01 -2.003070920000000044e+01 -1.979332589999999925e+01 -1.955603209999999947e+01 -1.931882690000000125e+01 -1.908170979999999872e+01 -1.884467980000000153e+01 -1.860773620000000150e+01 -1.837087839999999872e+01 -1.813410550000000043e+01
-8.770866399999999174e+00 -8.536944869999999241e+00 -8.303078290000000194e+00 -8.069266029999999645e+00 -7.835507419999999890e+00 -7.601801830000000315e+00 -7.368148620000000371e+00 -7.134547150000000393e+00 -6.900996789999999770e+00 -6.667496919999999605e+00 -6.434046910000000175e+00 -6.200646159999999796e+00 -5.967294029999999694e+00 -5.733989929999999902e+00 -5.500733249999999686e+00 -5.267523390000000028e+00 -5.034359750000000133e+00 -4.801241749999999975e+00 -4.568168779999999707e+00 -4.335140280000000068e+00 -4.102155670000000143e+00 -3.869214359999999964e+00 -3.636315789999999826e+00 -3.403459400000000024e+00 -3.170644620000000025e+00 -2.937870900000000063e+00 -2.705137679999999989e+00 -2.472444419999999976e+00 -2.239790569999999814e+00 -2.007175600000000060e+00 -1.774598969999999998e+00 -1.542060149999999963e+00 -1.309558610000000067e+00 -1.077093840000000080e+00 -8.446653039999999502e-01 -6.122725020000000518e-01 -3.799149219999999882e-01 -1.475920569999999987e-01 8.469659240000000644e-02 3.169515239999999845e-01 5.491732310000000394e-01 7.813622019999999502e-01 1.013518920000000101e+00 1.245643870000000097e+00 1.477737529999999966e+00 1.709800369999999958e+00 1.941832860000000105e+00 2.173835459999999831e+00 2.405808649999999993e+00 2.637752869999999916e+00
-2.986646340000000066e+01 -2.962477850000000146e+01 -2.938321439999999996e+01 -2.914177019999999985e+01 -2.890044509999999889e+01 -2.865923839999999956e+01 -2.841814919999999844e+01 -2.817717680000000158e+01 -2.793632039999999961e+01 -2.769557909999999978e+01 -2.745495220000000103e+01 -2.721443899999999871e+01 -2.697403860000000009e+01 -2.673375040000000169e+01 -2.649357339999999894e+01 -2.625350699999999904e+01 -2.601355050000000091e+01 -2.577370289999999997e+01 -2.553396370000000104e+01 -2.529433189999999954e+01 -2.505480700000000027e+01 -2.481538799999999867e+01 -2.457607429999999837e+01 -2.433686510000000069e+01 -2.409775959999999984e+01 -2.385875719999999944e+01 -2.361985689999999849e+01 -2.338105819999999824e+01 -2.314236019999999883e+01 -2.290376210000000157e+01 -2.266526329999999945e+01 -2.242686300000000088e+01 -2.218856040000000007e+01 -2.195035479999999950e+01 -2.171224529999999930e+01 -2.147423140000000075e+01 -2.123631209999999925e+01 -2.099848679999999845e+01 -2.076075469999999967e+01 -2.052311500000000066e+01 -2.028556710000000152e+01 -2.004811000000000121e+01 -1.981074320000000100e+01 -1.957346580000000102e+01 -1.933627699999999905e+01 -1.909917619999999872e+01 -1.886216260000000133e+01 -1.862523540000000111e+01 -1.838839379999999935e+01 -1.815163719999999969e+01
-8.777692990000000250e+00 -8.543779439999999781e+00 -8.309920809999999491e+00 -8.076116450000000668e+00 -7.842365720000000096e+00 -7.608667969999999947e+00 -7.375022569999999611e+00 -7.141428880000000312e+00 -6.907886259999999723e+00 -6.674394099999999774e+00 -6.440951769999999854e+00 -6.207558650000000178e+00 -5.974214130000000011e+00 -5.740917610000000337e+00 -5.507668469999999594e+00 -5.274466109999999652e+00 -5.041309949999999596e+00 -4.808199390000000406e+00 -4.575133840000000340e+00 -4.342112730000000198e+00 -4.109135460000000073e+00 -3.876201469999999816e+00 -3.643310200000000165e+00 -3.410461059999999822e+00 -3.177653509999999848e+00 -2.944886990000000093e+00 -2.712160939999999965e+00 -2.479474820000000079e+00 -2.246828090000000167e+00 -2.014220200000000016e+00 -1.781650629999999902e+00 -1.549118839999999997e+00 -1.316624299999999970e+00 -1.084166500000000033e+00 -8.517449200000000165e-01 -6.193590420000000263e-01 -3.870083599999999957e-01 -1.546923699999999957e-01 7.758943079999999770e-02 3.098375369999999962e-01 5.420524429999999949e-01 7.742346359999999761e-01 1.006384600000000074e+00 1.238502819999999893e+00 1.470589759999999968e+00 1.702645909999999985e+00 1.934671730000000034e+00 2.166667690000000146e+00 2.398634250000000190e+00 2.630571859999999873e+00
-2.986729779999999934e+01 -2.962561219999999906e+01 -2.938404740000000004e+01 -2.914260260000000002e+01 -2.890127689999999916e+01 -2.866006949999999875e+01 -2.841897970000000129e+01 -2.817800659999999979e+01 -2.793714939999999913e+01 -2.769640749999999940e+01 -2.745577989999999957e+01 -2.721526599999999974e+01 -2.697486490000000003e+01 -2.673457589999999939e+01 -2.649439819999999912e+01 -2.625433110000000170e+01 -2.601437380000000132e+01 -2.577452560000000048e+01 -2.553478559999999931e+01 -2.529515310000000028e+01 -2.505562739999999877e+01 -2.481620769999999965e+01 -2.457689320000000066e+01 -2.433768320000000074e+01 -2.409857699999999880e+01 -2.385957379999999972e+01 -2.362067280000000125e+01 -2.338187329999999875e+01 -2.314317450000000065e+01 -2.290457569999999876e+01 -2.266607610000000150e+01 -2.242767500000000069e+01 -2.218937169999999881e+01 -2.195116519999999838e+01 -2.171305500000000066e+01 -2.147504029999999986e+01 -2.123712019999999967e+01 -2.099929410000000018e+01 -2.076156130000000033e+01 -2.052392079999999908e+01 -2.028637210000000124e+01 -2.004891419999999869e+01 -1.981154659999999978e+01 -1.957426840000000112e+01 -1.933707890000000162e+01 -1.909997729999999905e+01 -1.886296289999999942e+01 -1.862603490000000050e+01 -1.838919250000000005e+01 -1.815243510000000171e+01
-8.768752279999999288e+00 -8.534831589999999579e+00 -8.300965839999999929e+00 -8.067154410000000553e+00 -7.833396630000000194e+00 -7.599691860000000077e+00 -7.366039459999999650e+00 -7.132438810000000018e+00 -6.898889259999999801e+00 -6.665390200000000043e+00 -6.431940990000000191e+00 -6.198541030000000340e+00 -5.965189699999999817e+00 -5.731886399999999604e+00 -5.498630499999999977e+00 -5.265421429999999958e+00 -5.032258569999999764e+00 -4.799141340000000255e+00 -4.566069149999999688e+00 -4.333041419999999810e+00 -4.100057569999999707e+00 -3.867117030000000177e+00 -3.634219219999999861e+00 -3.401363589999999881e+00 -3.168549560000000209e+00 -2.935776590000000130e+00 -2.703044119999999939e+00 -2.470351609999999809e+00 -2.237698500000000035e+00 -2.005084269999999780e+00 -1.772508369999999944e+00 -1.539970290000000075e+00 -1.307469479999999962e+00 -1.075005430000000040e+00 -8.425776230000000533e-01 -6.101855430000000524e-01 -3.778286809999999996e-01 -1.455065319999999940e-01 8.678140439999999789e-02 3.190356260000000166e-01 5.512566249999999446e-01 7.834448920000000038e-01 1.015600910000000079e+00 1.247725160000000111e+00 1.479818120000000015e+00 1.711880269999999982e+00 1.943912070000000103e+00 2.175913979999999803e+00 2.407886480000000162e+00 2.639830020000000221e+00
-2.985224679999999964e+01 -2.961054280000000105e+01 -2.936895960000000017e+01 -2.912749639999999829e+01 -2.888615229999999912e+01 -2.864492650000000040e+01 -2.840381830000000107e+01 -2.816282689999999889e+01 -2.792195140000000109e+01 -2.768119109999999949e+01 -2.744054519999999897e+01 -2.720001299999999844e+01 -2.695959360000000160e+01 -2.671928640000000144e+01 -2.647909040000000047e+01 -2.623900509999999997e+01 -2.599902949999999890e+01 -2.575916300000000092e+01 -2.551940480000000022e+01 -2.527975410000000167e+01 -2.504021009999999947e+01 -2.480077220000000082e+01 -2.456143959999999993e+01 -2.432221140000000048e+01 -2.408308699999999902e+01 -2.384406560000000042e+01 -2.360514650000000003e+01 -2.336632880000000156e+01 -2.312761190000000155e+01 -2.288899500000000131e+01 -2.265047729999999859e+01 -2.241205820000000060e+01 -2.217373669999999919e+01 -2.193551220000000157e+01 -2.169738399999999956e+01 -2.145935130000000157e+01 -2.122141320000000064e+01 -2.098356920000000159e+01 -2.074581829999999982e+01 -2.050816000000000017e+01 -2.027059330000000159e+01 -2.003311760000000064e+01 -1.979573219999999978e+01 -1.955843619999999916e+01 -1.932122890000000126e+01 -1.908410950000000028e+01 -1.884707739999999987e+01 -1.861013170000000017e+01 -1.837327170000000010e+01 -1.813649660000000097e+01
-8.744070510000000240e+00 -8.510127530000000107e+00 -8.276239589999999424e+00 -8.042406050000000306e+00 -7.808626259999999597e+00 -7.574899580000000299e+00 -7.341225360000000144e+00 -7.107602980000000237e+00 -6.874031800000000025e+00 -6.640511189999999786e+00 -6.407040539999999673e+00 -6.173619219999999963e+00 -5.940246619999999922e+00 -5.706922139999999644e+00 -5.473645160000000232e+00 -5.240415089999999942e+00 -5.007231319999999819e+00 -4.774093279999999773e+00 -4.541000359999999958e+00 -4.307951990000000286e+00 -4.074947579999999903e+00 -3.841986569999999990e+00 -3.609068370000000137e+00 -3.376192440000000072e+00 -3.143358189999999830e+00 -2.910565089999999966e+00 -2.677812560000000008e+00 -2.445100070000000070e+00 -2.212427069999999940e+00 -1.979793020000000014e+00 -1.747197389999999961e+00 -1.514639639999999954e+00 -1.282119240000000104e+00 -1.049635679999999960e+00 -8.171884280000000222e-01 -5.847769769999999756e-01 -3.524008160000000056e-01 -1.200594370000000050e-01 1.122476619999999981e-01 3.445209790000000050e-01 5.767610079999999639e-01 8.089682400000000051e-01 1.041143160000000067e+00 1.273286249999999953e+00 1.505397990000000075e+00 1.737478859999999958e+00 1.969529319999999917e+00 2.201549840000000202e+00 2.433540890000000179e+00 2.665502920000000220e+00
-2.982129829999999870e+01 -2.957955850000000098e+01 -2.933793939999999978e+01 -2.909644030000000114e+01 -2.885506039999999928e+01 -2.861379889999999904e+01 -2.837265490000000057e+01 -2.813162769999999924e+01 -2.789071649999999991e+01 -2.764992050000000035e+01 -2.740923899999999946e+01 -2.716867099999999979e+01 -2.692821599999999904e+01 -2.668787310000000090e+01 -2.644764149999999958e+01 -2.620752039999999994e+01 -2.596750919999999851e+01 -2.572760710000000017e+01 -2.548781320000000150e+01 -2.524812689999999904e+01 -2.500854740000000120e+01 -2.476907389999999864e+01 -2.452970559999999978e+01 -2.429044190000000114e+01 -2.405128189999999933e+01 -2.381222500000000153e+01 -2.357327030000000079e+01 -2.333441709999999958e+01 -2.309566470000000038e+01 -2.285701230000000095e+01 -2.261845920000000021e+01 -2.238000459999999947e+01 -2.214164770000000004e+01 -2.190338789999999847e+01 -2.166522429999999844e+01 -2.142715619999999888e+01 -2.118918289999999871e+01 -2.095130359999999925e+01 -2.071351759999999942e+01 -2.047582399999999936e+01 -2.023822230000000033e+01 -2.000071150000000131e+01 -1.976329099999999883e+01 -1.952596000000000132e+01 -1.928871780000000058e+01 -1.905156350000000032e+01 -1.881449659999999824e+01 -1.857751610000000042e+01 -1.834062139999999985e+01 -1.810381170000000139e+01
-8.703685710000000242e+00 -8.469705169999999228e+00 -8.235779839999999297e+00 -8.001909069999999957e+00 -7.768092189999999952e+00 -7.534328580000000386e+00 -7.300617599999999818e+00 -7.066958600000000423e+00 -6.833350949999999813e+00 -6.599794039999999917e+00 -6.366287240000000125e+00 -6.132829919999999824e+00 -5.899421470000000056e+00 -5.666061290000000028e+00 -5.432748769999999894e+00 -5.199483299999999808e+00 -4.966264289999999804e+00 -4.733091149999999914e+00 -4.499963280000000232e+00 -4.266880099999999842e+00 -4.033841029999999606e+00 -3.800845499999999877e+00 -3.567892940000000124e+00 -3.334982759999999935e+00 -3.102114429999999867e+00 -2.869287359999999953e+00 -2.636501019999999862e+00 -2.403754839999999948e+00 -2.171048289999999881e+00 -1.938380819999999893e+00 -1.705751900000000099e+00 -1.473160990000000004e+00 -1.240607550000000003e+00 -1.008091080000000028e+00 -7.756110429999999445e-01 -5.431669260000000499e-01 -3.107582170000000032e-01 -7.838440829999999970e-02 1.539550050000000059e-01 3.862605239999999940e-01 6.185326439999999648e-01 8.507718560000000485e-01 1.082978650000000043e+00 1.315153510000000026e+00 1.547296919999999965e+00 1.779409349999999890e+00 2.011491270000000053e+00 2.243543170000000142e+00 2.475565490000000146e+00 2.707558699999999874e+00
-2.977447400000000144e+01 -2.953268080000000140e+01 -2.929100839999999906e+01 -2.904945599999999928e+01 -2.880802279999999982e+01 -2.856670809999999960e+01 -2.832551090000000116e+01 -2.808443060000000102e+01 -2.784346620000000172e+01 -2.760261709999999979e+01 -2.736188250000000011e+01 -2.712126149999999924e+01 -2.688075339999999969e+01 -2.664035739999999919e+01 -2.640007280000000023e+01 -2.615989880000000056e+01 -2.591983460000000150e+01 -2.567987940000000080e+01 -2.544003259999999855e+01 -2.520029329999999845e+01 -2.496066079999999943e+01 -2.472113440000000040e+01 -2.448171320000000151e+01 -2.424239659999999930e+01 -2.400318379999999863e+01 -2.376407389999999964e+01 -2.352506640000000004e+01 -2.328616039999999998e+01 -2.304735519999999838e+01 -2.280865010000000126e+01 -2.257004420000000167e+01 -2.233153689999999969e+01 -2.209312740000000019e+01 -2.185481490000000093e+01 -2.161659870000000083e+01 -2.137847809999999882e+01 -2.114045229999999975e+01 -2.090252050000000139e+01 -2.066468210000000028e+01 -2.042693620000000010e+01 -2.018928220000000096e+01 -1.995171919999999943e+01 -1.971424650000000156e+01 -1.947686350000000033e+01 -1.923956919999999826e+01 -1.900236299999999900e+01 -1.876524420000000148e+01 -1.852821199999999990e+01 -1.829126559999999913e+01 -1.805440430000000163e+01
-8.647653549999999356e+00 -8.413620039999999634e+00 -8.179641959999999656e+00 -7.945718639999999944e+00 -7.711849439999999944e+00 -7.478033719999999995e+00 -7.244270840000000433e+00 -7.010560159999999819e+00 -6.776901050000000204e+00 -6.543292880000000089e+00 -6.309735039999999628e+00 -6.076226890000000047e+00 -5.842767829999999663e+00 -5.609357239999999578e+00 -5.375994529999999827e+00 -5.142679069999999797e+00 -4.909410280000000348e+00 -4.676187559999999799e+00 -4.443010329999999897e+00 -4.209877989999999848e+00 -3.976789960000000068e+00 -3.743745660000000086e+00 -3.510744530000000196e+00 -3.277785999999999866e+00 -3.044869489999999956e+00 -2.811994439999999873e+00 -2.579160309999999789e+00 -2.346366540000000001e+00 -2.113612579999999852e+00 -1.880897880000000022e+00 -1.648221919999999896e+00 -1.415584139999999991e+00 -1.182984030000000075e+00 -9.504210469999999633e-01 -7.178946760000000094e-01 -4.854043960000000157e-01 -2.529496929999999755e-01 -2.053005559999999952e-02 2.118550230000000034e-01 4.442060460000000210e-01 6.765235109999999663e-01 9.088079140000000500e-01 1.141059749999999928e+00 1.373279490000000047e+00 1.605467640000000085e+00 1.837624670000000071e+00 2.069751049999999815e+00 2.301847249999999789e+00 2.533913759999999904e+00 2.765951020000000149e+00
-2.971181290000000175e+01 -2.946994869999999977e+01 -2.922820550000000139e+01 -2.898658239999999964e+01 -2.874507859999999937e+01 -2.850369320000000073e+01 -2.826242549999999909e+01 -2.802127460000000170e+01 -2.778023980000000037e+01 -2.753932029999999997e+01 -2.729851520000000065e+01 -2.705782389999999893e+01 -2.681724540000000090e+01 -2.657677909999999954e+01 -2.633642419999999973e+01 -2.609617989999999921e+01 -2.585604539999999929e+01 -2.561601999999999890e+01 -2.537610289999999935e+01 -2.513629339999999956e+01 -2.489659070000000085e+01 -2.465699409999999858e+01 -2.441750280000000117e+01 -2.417811599999999927e+01 -2.393883299999999892e+01 -2.369965309999999903e+01 -2.346057550000000091e+01 -2.322159949999999995e+01 -2.298272430000000099e+01 -2.274394909999999825e+01 -2.250527329999999893e+01 -2.226669610000000077e+01 -2.202821670000000154e+01 -2.178983440000000016e+01 -2.155154840000000149e+01 -2.131335809999999853e+01 -2.107526259999999851e+01 -2.083726120000000037e+01 -2.059935330000000064e+01 -2.036153789999999830e+01 -2.012381440000000055e+01 -1.988618209999999920e+01 -1.964864019999999911e+01 -1.941118799999999922e+01 -1.917382459999999966e+01 -1.893654950000000170e+01 -1.869936179999999837e+01 -1.846226079999999925e+01 -1.822524569999999855e+01 -1.798831589999999991e+01
-8.576040739999999829e+00 -8.341938629999999577e+00 -8.107892209999999267e+00 -7.873900830000000184e+00 -7.639963840000000062e+00 -7.406080600000000125e+00 -7.172250469999999822e+00 -6.938472810000000379e+00 -6.704747000000000234e+00 -6.471072399999999725e+00 -6.237448380000000014e+00 -6.003874340000000309e+00 -5.770349649999999997e+00 -5.536873710000000059e+00 -5.303445889999999885e+00 -5.070065610000000333e+00 -4.836732249999999844e+00 -4.603445230000000166e+00 -4.370203960000000443e+00 -4.137007829999999942e+00 -3.903856279999999845e+00 -3.670748720000000187e+00 -3.437684579999999990e+00 -3.204663280000000114e+00 -2.971684259999999966e+00 -2.738746949999999902e+00 -2.505850810000000095e+00 -2.272995260000000073e+00 -2.040179769999999948e+00 -1.807403780000000015e+00 -1.574666759999999943e+00 -1.341968159999999965e+00 -1.109307449999999973e+00 -8.766841020000000206e-01 -6.440975899999999976e-01 -4.115473920000000119e-01 -1.790329890000000035e-01 5.344613210000000170e-02 2.858904809999999741e-01 5.183005649999999909e-01 7.506768849999999604e-01 9.830199389999999537e-01 1.215330220000000017e+00 1.447608220000000001e+00 1.679854430000000010e+00 1.912069330000000011e+00 2.144253389999999815e+00 2.376407100000000217e+00 2.608530920000000197e+00 2.840625320000000009e+00
-2.963336130000000068e+01 -2.939140889999999828e+01 -2.914957739999999831e+01 -2.890786620000000084e+01 -2.866627439999999893e+01 -2.842480109999999982e+01 -2.818344559999999888e+01 -2.794220689999999863e+01 -2.770108439999999916e+01 -2.746007720000000063e+01 -2.721918459999999840e+01 -2.697840569999999971e+01 -2.673773969999999878e+01 -2.649718590000000162e+01 -2.625674349999999890e+01 -2.601641180000000020e+01 -2.577618989999999854e+01 -2.553607720000000114e+01 -2.529607280000000102e+01 -2.505617600000000067e+01 -2.481638600000000139e+01 -2.457670209999999855e+01 -2.433712350000000058e+01 -2.409764949999999928e+01 -2.385827929999999952e+01 -2.361901230000000140e+01 -2.337984750000000034e+01 -2.314078440000000114e+01 -2.290182210000000040e+01 -2.266295990000000060e+01 -2.242419710000000066e+01 -2.218553289999999834e+01 -2.194696659999999966e+01 -2.170849739999999883e+01 -2.147012469999999951e+01 -2.123184759999999827e+01 -2.099366540000000114e+01 -2.075557739999999995e+01 -2.051758290000000073e+01 -2.027968110000000124e+01 -2.004187119999999922e+01 -1.980415259999999833e+01 -1.956652449999999988e+01 -1.932898610000000161e+01 -1.909153680000000008e+01 -1.885417569999999898e+01 -1.861690219999999840e+01 -1.837971549999999965e+01 -1.814261490000000165e+01 -1.790559959999999862e+01
-8.488929380000000080e+00 -8.254742809999999764e+00 -8.020612240000000170e+00 -7.786537039999999799e+00 -7.552516549999999995e+00 -7.318550130000000209e+00 -7.084637139999999889e+00 -6.850776950000000198e+00 -6.616968929999999638e+00 -6.383212440000000321e+00 -6.149506869999999736e+00 -5.915851579999999998e+00 -5.682245980000000252e+00 -5.448689429999999945e+00 -5.215181339999999999e+00 -4.981721099999999680e+00 -4.748308109999999971e+00 -4.514941760000000137e+00 -4.281621480000000091e+00 -4.048346659999999986e+00 -3.815116730000000178e+00 -3.581931089999999873e+00 -3.348789190000000193e+00 -3.115690429999999900e+00 -2.882634260000000115e+00 -2.649620099999999923e+00 -2.416647400000000001e+00 -2.183715600000000201e+00 -1.950824150000000090e+00 -1.717972489999999963e+00 -1.485160089999999933e+00 -1.252386390000000072e+00 -1.019650869999999987e+00 -7.869529950000000440e-01 -5.542922289999999697e-01 -3.216680499999999832e-01 -8.907993679999999526e-02 1.434726269999999915e-01 3.759901560000000198e-01 6.084731589999999857e-01 8.409221409999999564e-01 1.073337599999999892e+00 1.305720049999999910e+00 1.538069960000000069e+00 1.770387839999999935e+00 2.002674170000000142e+00 2.234929430000000217e+00 2.467154110000000067e+00 2.699348670000000006e+00 2.931513589999999780e+00
-2.953918150000000153e+01 -2.929712329999999909e+01 -2.905518629999999902e+01 -2.881336969999999909e+01 -2.857167249999999825e+01 -2.833009410000000017e+01 -2.808863350000000025e+01 -2.784728989999999982e+01 -2.760606250000000017e+01 -2.736495060000000024e+01 -2.712395319999999899e+01 -2.688306970000000007e+01 -2.664229920000000007e+01 -2.640164090000000030e+01 -2.616109399999999852e+01 -2.592065789999999836e+01 -2.568033169999999998e+01 -2.544011460000000113e+01 -2.520000590000000074e+01 -2.496000480000000010e+01 -2.472011060000000171e+01 -2.448032249999999976e+01 -2.424063980000000029e+01 -2.400106170000000105e+01 -2.376158739999999980e+01 -2.352221630000000019e+01 -2.328294749999999880e+01 -2.304378039999999928e+01 -2.280471419999999938e+01 -2.256574810000000042e+01 -2.232688140000000132e+01 -2.208811340000000101e+01 -2.184944330000000079e+01 -2.161087039999999959e+01 -2.137239399999999989e+01 -2.113401329999999945e+01 -2.089572760000000073e+01 -2.065753619999999913e+01 -2.041943819999999832e+01 -2.018143309999999957e+01 -1.994351999999999947e+01 -1.970569830000000167e+01 -1.946796709999999919e+01 -1.923032579999999925e+01 -1.899277370000000076e+01 -1.875530990000000031e+01 -1.851793380000000155e+01 -1.828064459999999869e+01 -1.804344169999999892e+01 -1.780632419999999883e+01
-8.386440029999999268e+00 -8.152152940000000569e+00 -7.917922220000000344e+00 -7.683747239999999756e+00 -7.449627330000000214e+00 -7.215561860000000216e+00 -6.981550190000000100e+00 -6.747591690000000142e+00 -6.513685719999999790e+00 -6.279831660000000149e+00 -6.046028879999999717e+00 -5.812276770000000425e+00 -5.578574699999999886e+00 -5.344922060000000030e+00 -5.111318250000000063e+00 -4.877762650000000200e+00 -4.644254669999999585e+00 -4.410793710000000090e+00 -4.177379170000000030e+00 -3.944010459999999885e+00 -3.710686990000000129e+00 -3.477408189999999788e+00 -3.244173469999999782e+00 -3.010982269999999961e+00 -2.777833999999999914e+00 -2.544728089999999998e+00 -2.311663999999999941e+00 -2.078641150000000160e+00 -1.845658999999999939e+00 -1.612716980000000078e+00 -1.379814560000000023e+00 -1.146951190000000009e+00 -9.141263200000000477e-01 -6.813394259999999703e-01 -4.485899729999999752e-01 -2.158774310000000085e-01 1.679872370000000045e-02 2.494390119999999877e-01 4.820439499999999988e-01 7.146140509999999724e-01 9.471498250000000008e-01 1.179651779999999928e+00 1.412120409999999993e+00 1.644556219999999902e+00 1.876959700000000009e+00 2.109331340000000221e+00 2.341671630000000004e+00 2.573981059999999932e+00 2.806260099999999813e+00 3.038509219999999900e+00
-2.942937450000000155e+01 -2.918719300000000061e+01 -2.894513299999999845e+01 -2.870319350000000114e+01 -2.846137369999999933e+01 -2.821967280000000144e+01 -2.797809000000000168e+01 -2.773662429999999901e+01 -2.749527489999999830e+01 -2.725404109999999847e+01 -2.701292199999999966e+01 -2.677191679999999963e+01 -2.653102480000000085e+01 -2.629024499999999875e+01 -2.604957680000000053e+01 -2.580901940000000039e+01 -2.556857189999999846e+01 -2.532823360000000079e+01 -2.508800379999999919e+01 -2.484788160000000090e+01 -2.460786639999999892e+01 -2.436795730000000049e+01 -2.412815360000000098e+01 -2.388845450000000170e+01 -2.364885939999999920e+01 -2.340936740000000071e+01 -2.316997789999999924e+01 -2.293068999999999846e+01 -2.269150300000000087e+01 -2.245241619999999827e+01 -2.221342890000000025e+01 -2.197454030000000103e+01 -2.173574969999999951e+01 -2.149705630000000056e+01 -2.125845939999999956e+01 -2.101995829999999899e+01 -2.078155230000000131e+01 -2.054324060000000074e+01 -2.030502260000000092e+01 -2.006689730000000083e+01 -1.982886429999999933e+01 -1.959092259999999897e+01 -1.935307159999999982e+01 -1.911531060000000082e+01 -1.887763879999999972e+01 -1.864005549999999900e+01 -1.840256009999999876e+01 -1.816515169999999912e+01 -1.792782959999999903e+01 -1.769059310000000096e+01
-8.268637650000000505e+00 -8.034233719999999579e+00 -7.799886579999999903e+00 -7.565595570000000158e+00 -7.331360039999999856e+00 -7.097179360000000159e+00 -6.863052899999999568e+00 -6.628980000000000317e+00 -6.394960059999999835e+00 -6.160992440000000236e+00 -5.927076510000000020e+00 -5.693211660000000229e+00 -5.459397270000000191e+00 -5.225632730000000059e+00 -4.991917420000000050e+00 -4.758250740000000256e+00 -4.524632099999999824e+00 -4.291060879999999855e+00 -4.057536500000000323e+00 -3.824058369999999929e+00 -3.590625890000000098e+00 -3.357238479999999914e+00 -3.123895559999999794e+00 -2.890596560000000093e+00 -2.657340899999999895e+00 -2.424128019999999939e+00 -2.190957340000000197e+00 -1.957828310000000016e+00 -1.724740359999999972e+00 -1.491692950000000017e+00 -1.258685520000000002e+00 -1.025717540000000039e+00 -7.927884400000000387e-01 -5.598977000000000537e-01 -3.270447790000000077e-01 -9.422914790000000429e-02 1.385497230000000135e-01 3.712923570000000173e-01 6.039992739999999749e-01 8.366709909999999750e-01 1.069308020000000026e+00 1.301910869999999942e+00 1.534480049999999984e+00 1.767016060000000000e+00 1.999519400000000058e+00 2.231990559999999846e+00 2.464430029999999938e+00 2.696838300000000022e+00 2.929215859999999783e+00 3.161563179999999917e+00
-2.930403779999999969e+01 -2.906171540000000064e+01 -2.881951469999999915e+01 -2.857743490000000008e+01 -2.833547510000000003e+01 -2.809363439999999912e+01 -2.785191199999999867e+01 -2.761030699999999882e+01 -2.736881860000000088e+01 -2.712744580000000028e+01 -2.688618800000000064e+01 -2.664504420000000096e+01 -2.640401370000000014e+01 -2.616309569999999951e+01 -2.592228929999999920e+01 -2.568159370000000052e+01 -2.544100819999999885e+01 -2.520053210000000021e+01 -2.496016440000000003e+01 -2.471990449999999839e+01 -2.447975160000000017e+01 -2.423970489999999955e+01 -2.399976360000000142e+01 -2.375992709999999875e+01 -2.352019449999999878e+01 -2.328056510000000046e+01 -2.304103819999999914e+01 -2.280161299999999969e+01 -2.256228880000000103e+01 -2.232306480000000093e+01 -2.208394029999999830e+01 -2.184491459999999918e+01 -2.160598690000000133e+01 -2.136715660000000128e+01 -2.112842279999999917e+01 -2.088978480000000104e+01 -2.065124199999999988e+01 -2.041279349999999937e+01 -2.017443880000000078e+01 -1.993617689999999953e+01 -1.969800730000000044e+01 -1.945992920000000126e+01 -1.922194190000000091e+01 -1.898404469999999833e+01 -1.874623670000000075e+01 -1.850851749999999996e+01 -1.827088609999999846e+01 -1.803334189999999992e+01 -1.779588409999999854e+01 -1.755851219999999913e+01
-8.135687759999999713e+00 -7.901150580000000367e+00 -7.666670609999999719e+00 -7.432247209999999882e+00 -7.197879730000000364e+00 -6.963567529999999728e+00 -6.729309989999999964e+00 -6.495106469999999632e+00 -6.260956339999999898e+00 -6.026858980000000088e+00 -5.792813759999999590e+00 -5.558820080000000274e+00 -5.324877299999999813e+00 -5.090984820000000077e+00 -4.857142030000000332e+00 -4.623348329999999784e+00 -4.389603110000000363e+00 -4.155905770000000388e+00 -3.922255729999999829e+00 -3.688652380000000175e+00 -3.455095140000000065e+00 -3.221583419999999975e+00 -2.988116649999999819e+00 -2.754694240000000072e+00 -2.521315620000000202e+00 -2.287980220000000120e+00 -2.054687480000000122e+00 -1.821436829999999896e+00 -1.588227709999999959e+00 -1.355059559999999941e+00 -1.121931830000000074e+00 -8.888439830000000041e-01 -6.557954599999999967e-01 -4.227857239999999739e-01 -1.898142369999999968e-01 4.311953599999999998e-02 2.760161250000000011e-01 5.088760570000000483e-01 7.416998559999999907e-01 9.744880420000000543e-01 1.207241130000000107e+00 1.439959629999999935e+00 1.672644060000000099e+00 1.905294920000000003e+00 2.137912710000000160e+00 2.370497929999999975e+00 2.603051080000000184e+00 2.835572640000000089e+00 3.068063110000000204e+00 3.300522959999999895e+00
-2.916250919999999880e+01 -2.892003079999999926e+01 -2.867767449999999840e+01 -2.843543950000000109e+01 -2.819332490000000035e+01 -2.795132969999999872e+01 -2.770945299999999989e+01 -2.746769400000000161e+01 -2.722605180000000047e+01 -2.698452550000000016e+01 -2.674311420000000084e+01 -2.650181720000000141e+01 -2.626063359999999847e+01 -2.601956249999999926e+01 -2.577860319999999916e+01 -2.553775479999999831e+01 -2.529701659999999919e+01 -2.505638769999999838e+01 -2.481586739999999836e+01 -2.457545490000000044e+01 -2.433514939999999882e+01 -2.409495009999999837e+01 -2.385485630000000157e+01 -2.361486710000000144e+01 -2.337498199999999926e+01 -2.313520000000000110e+01 -2.289552049999999994e+01 -2.265594270000000066e+01 -2.241646589999999861e+01 -2.217708929999999867e+01 -2.193781219999999976e+01 -2.169863379999999964e+01 -2.145955349999999839e+01 -2.122057039999999972e+01 -2.098168390000000016e+01 -2.074289329999999865e+01 -2.050419780000000003e+01 -2.026559669999999969e+01 -2.002708919999999893e+01 -1.978867479999999901e+01 -1.955035249999999891e+01 -1.931212179999999989e+01 -1.907398189999999971e+01 -1.883593219999999846e+01 -1.859797179999999983e+01 -1.836010010000000037e+01 -1.812231630000000138e+01 -1.788461979999999940e+01 -1.764700990000000047e+01 -1.740948579999999879e+01
-7.987720359999999964e+00 -7.753033470000000094e+00 -7.518404239999999739e+00 -7.283832030000000124e+00 -7.049316199999999810e+00 -6.814856129999999901e+00 -6.580451169999999905e+00 -6.346100700000000039e+00 -6.111804089999999690e+00 -5.877560719999999961e+00 -5.643369980000000119e+00 -5.409231240000000440e+00 -5.175143890000000191e+00 -4.941107330000000353e+00 -4.707120940000000253e+00 -4.473184110000000047e+00 -4.239296259999999705e+00 -4.005456780000000272e+00 -3.771665070000000064e+00 -3.537920549999999942e+00 -3.304222629999999938e+00 -3.070570720000000087e+00 -2.836964239999999915e+00 -2.603402619999999779e+00 -2.369885270000000155e+00 -2.136411639999999945e+00 -1.902981140000000071e+00 -1.669593220000000100e+00 -1.436247320000000105e+00 -1.202942869999999997e+00 -9.696793299999999505e-01 -7.364561410000000086e-01 -5.032727599999999857e-01 -2.701286410000000027e-01 -3.702324559999999737e-02 1.960439629999999878e-01 4.290735190000000143e-01 6.620659500000000142e-01 8.950217830000000152e-01 1.127941539999999909e+00 1.360825739999999895e+00 1.593674899999999894e+00 1.826489540000000078e+00 2.059270150000000132e+00 2.292017249999999784e+00 2.524731340000000213e+00 2.757412910000000217e+00 2.990062459999999867e+00 3.222680490000000120e+00 3.455267479999999836e+00
-2.900545460000000020e+01 -2.876280290000000051e+01 -2.852027400000000057e+01 -2.827786689999999936e+01 -2.803558070000000058e+01 -2.779341439999999963e+01 -2.755136710000000022e+01 -2.730943780000000132e+01 -2.706762570000000068e+01 -2.682592980000000082e+01 -2.658434919999999835e+01 -2.634288310000000166e+01 -2.610153060000000025e+01 -2.586029089999999897e+01 -2.561916310000000152e+01 -2.537814639999999855e+01 -2.513723999999999847e+01 -2.489644300000000143e+01 -2.465575469999999925e+01 -2.441517419999999916e+01 -2.417470080000000010e+01 -2.393433359999999865e+01 -2.369407190000000085e+01 -2.345391499999999851e+01 -2.321386199999999889e+01 -2.297391220000000089e+01 -2.273406489999999991e+01 -2.249431919999999963e+01 -2.225467450000000014e+01 -2.201512999999999920e+01 -2.177568490000000168e+01 -2.153633860000000055e+01 -2.129709019999999953e+01 -2.105793909999999869e+01 -2.081888460000000052e+01 -2.057992580000000160e+01 -2.034106219999999965e+01 -2.010229289999999835e+01 -1.986361720000000020e+01 -1.962503450000000171e+01 -1.938654400000000066e+01 -1.914814510000000070e+01 -1.890983689999999839e+01 -1.867161880000000096e+01 -1.843349020000000138e+01 -1.819545019999999980e+01 -1.795749819999999985e+01 -1.771963350000000048e+01 -1.748185529999999943e+01 -1.724416310000000152e+01
-5.872957389999999833e+00 -5.638674990000000165e+00 -5.404444909999999602e+00 -5.170266540000000077e+00 -4.936139279999999907e+00 -4.702062510000000195e+00 -4.468035620000000208e+00 -4.234058010000000039e+00 -4.000129079999999782e+00 -3.766248229999999975e+00 -3.532414870000000207e+00 -3.298628420000000006e+00 -3.064888279999999909e+00 -2.831193859999999951e+00 -2.597544599999999981e+00 -2.363939910000000033e+00 -2.130379220000000018e+00 -1.896861960000000069e+00 -1.663387570000000037e+00 -1.429955469999999895e+00 -1.196565120000000038e+00 -9.632159559999999843e-01 -7.299074250000000541e-01 -4.966389780000000087e-01 -2.634100719999999951e-01 -3.022016300000000127e-02 2.029312859999999885e-01 4.360448100000000049e-01 6.691209399999999974e-01 9.021602039999999656e-01 1.135163130000000020e+00 1.368130230000000003e+00 1.601062030000000025e+00 1.833959029999999935e+00 2.066821759999999841e+00 2.299650719999999815e+00 2.532446409999999926e+00 2.765209319999999860e+00 2.997939970000000010e+00 3.230638830000000183e+00 3.463306409999999946e+00 3.695943179999999995e+00 3.928549630000000015e+00 4.161126239999999754e+00 4.393673490000000292e+00 4.626191839999999722e+00 4.858681769999999567e+00 5.091143749999999635e+00 5.323578239999999795e+00 5.555985689999999977e+00
-3.091667920000000080e+01 -3.067288519999999963e+01 -3.042922319999999914e+01 -3.018569219999999831e+01 -2.994229100000000088e+01 -2.969901850000000110e+01 -2.945587349999999915e+01 -2.921285509999999874e+01 -2.896996210000000005e+01 -2.872719349999999849e+01 -2.848454830000000015e+01 -2.824202550000000045e+01 -2.799962419999999952e+01 -2.775734329999999872e+01 -2.751518199999999936e+01 -2.727313919999999925e+01 -2.703121409999999969e+01 -2.678940580000000082e+01 -2.654771330000000162e+01 -2.630613579999999985e+01 -2.606467250000000035e+01 -2.582332239999999857e+01 -2.558208469999999934e+01 -2.534095870000000161e+01 -2.509994329999999962e+01 -2.485903800000000174e+01 -2.461824169999999867e+01 -2.437755369999999999e+01 -2.413697330000000107e+01 -2.389649959999999851e+01 -2.365613189999999832e+01 -2.341586930000000066e+01 -2.317571119999999851e+01 -2.293565669999999912e+01 -2.269570500000000024e+01 -2.245585549999999841e+01 -2.221610730000000089e+01 -2.197645980000000066e+01 -2.173691210000000140e+01 -2.149746359999999967e+01 -2.125811350000000033e+01 -2.101886100000000113e+01 -2.077970549999999861e+01 -2.054064620000000119e+01 -2.030168229999999951e+01 -2.006281329999999841e+01 -1.982403820000000039e+01 -1.958535649999999961e+01 -1.934676749999999856e+01 -1.910827030000000093e+01
-6.024641589999999880e+00 -5.790510649999999870e+00 -5.556431569999999986e+00 -5.322403750000000322e+00 -5.088426560000000265e+00 -4.854499399999999909e+00 -4.620621660000000297e+00 -4.386792729999999807e+00 -4.153012010000000309e+00 -3.919278919999999999e+00 -3.685592849999999920e+00 -3.451953210000000105e+00 -3.218359420000000082e+00 -2.984810889999999883e+00 -2.751307049999999865e+00 -2.517847320000000000e+00 -2.284431119999999815e+00 -2.051057899999999989e+00 -1.817727069999999889e+00 -1.584438089999999910e+00 -1.351190389999999963e+00 -1.117983409999999900e+00 -8.848166189999999709e-01 -6.516894549999999731e-01 -4.186013780000000239e-01 -1.855518479999999915e-01 4.745967069999999788e-02 2.804337120000000017e-01 5.133708040000000139e-01 7.462714729999999630e-01 9.791362399999999910e-01 1.211965619999999966e+00 1.444760140000000082e+00 1.677520300000000075e+00 1.910246609999999956e+00 2.142939569999999794e+00 2.375599690000000042e+00 2.608227460000000164e+00 2.840823369999999848e+00 3.073387920000000051e+00 3.305921590000000077e+00 3.538424870000000055e+00 3.770898240000000179e+00 4.003342159999999872e+00 4.235757119999999709e+00 4.468143579999999560e+00 4.700502010000000119e+00 4.932832880000000308e+00 5.165136640000000057e+00 5.397413750000000121e+00
-3.108185200000000137e+01 -3.083824819999999889e+01 -3.059477539999999962e+01 -3.035143240000000020e+01 -3.010821819999999960e+01 -2.986513180000000034e+01 -2.962217210000000023e+01 -2.937933809999999824e+01 -2.913662869999999927e+01 -2.889404310000000109e+01 -2.865158010000000033e+01 -2.840923899999999946e+01 -2.816701869999999985e+01 -2.792491839999999925e+01 -2.768293699999999902e+01 -2.744107380000000163e+01 -2.719932779999999894e+01 -2.695769819999999939e+01 -2.671618409999999955e+01 -2.647478470000000073e+01 -2.623349909999999952e+01 -2.599232650000000078e+01 -2.575126600000000110e+01 -2.551031689999999941e+01 -2.526947829999999939e+01 -2.502874949999999998e+01 -2.478812960000000132e+01 -2.454761789999999877e+01 -2.430721349999999958e+01 -2.406691580000000030e+01 -2.382672390000000107e+01 -2.358663699999999963e+01 -2.334665449999999964e+01 -2.310677550000000124e+01 -2.286699929999999981e+01 -2.262732520000000136e+01 -2.238775240000000011e+01 -2.214828010000000091e+01 -2.190890759999999915e+01 -2.166963429999999846e+01 -2.143045929999999899e+01 -2.119138189999999966e+01 -2.095240139999999940e+01 -2.071351699999999951e+01 -2.047472810000000010e+01 -2.023603389999999891e+01 -1.999743369999999842e+01 -1.975892680000000112e+01 -1.952051249999999882e+01 -1.928218989999999877e+01
-6.161413620000000257e+00 -5.927418389999999704e+00 -5.693474590000000113e+00 -5.459581609999999863e+00 -5.225738830000000057e+00 -4.991945649999999901e+00 -4.758201439999999671e+00 -4.524505620000000228e+00 -4.290857579999999949e+00 -4.057256719999999817e+00 -3.823702449999999864e+00 -3.590194180000000124e+00 -3.356731330000000124e+00 -3.123313309999999898e+00 -2.889939539999999862e+00 -2.656609449999999928e+00 -2.423322470000000006e+00 -2.190078030000000009e+00 -1.956875570000000009e+00 -1.723714519999999917e+00 -1.490594339999999907e+00 -1.257514459999999890e+00 -1.024474340000000039e+00 -7.914734300000000333e-01 -5.585111950000000158e-01 -3.255870949999999930e-01 -9.270059469999999968e-02 1.401488349999999994e-01 3.729617219999999955e-01 6.057385880000000222e-01 8.384799530000000001e-01 1.071186329999999964e+00 1.303858240000000057e+00 1.536496180000000100e+00 1.769100649999999941e+00 2.001672169999999973e+00 2.234211230000000104e+00 2.466718310000000081e+00 2.699193919999999913e+00 2.931638539999999793e+00 3.164052639999999972e+00 3.396436720000000076e+00 3.628791249999999913e+00 3.861116689999999796e+00 4.093413530000000300e+00 4.325682220000000022e+00 4.557923230000000103e+00 4.790137009999999584e+00 5.022324030000000050e+00 5.254484729999999715e+00
-3.123108870000000081e+01 -3.098765769999999975e+01 -3.074435670000000087e+01 -3.050118480000000076e+01 -3.025814079999999962e+01 -3.001522389999999874e+01 -2.977243310000000065e+01 -2.952976719999999844e+01 -2.928722540000000052e+01 -2.904480679999999992e+01 -2.880251030000000156e+01 -2.856033520000000081e+01 -2.831828039999999902e+01 -2.807634510000000105e+01 -2.783452850000000112e+01 -2.759282960000000173e+01 -2.735124749999999949e+01 -2.710978160000000159e+01 -2.686843079999999873e+01 -2.662719440000000048e+01 -2.638607160000000107e+01 -2.614506150000000062e+01 -2.590416340000000162e+01 -2.566337640000000064e+01 -2.542269980000000018e+01 -2.518213270000000037e+01 -2.494167440000000013e+01 -2.470132410000000078e+01 -2.446108110000000124e+01 -2.422094450000000165e+01 -2.398091369999999856e+01 -2.374098779999999920e+01 -2.350116609999999895e+01 -2.326144779999999912e+01 -2.302183219999999864e+01 -2.278231859999999998e+01 -2.254290629999999851e+01 -2.230359440000000149e+01 -2.206438220000000072e+01 -2.182526899999999870e+01 -2.158625410000000144e+01 -2.134733680000000078e+01 -2.110851620000000040e+01 -2.086979180000000156e+01 -2.063116259999999968e+01 -2.039262820000000076e+01 -2.015418760000000020e+01 -1.991584020000000166e+01 -1.967758530000000050e+01 -1.943942210000000159e+01
-6.284616800000000225e+00 -6.050742409999999794e+00 -5.816919030000000213e+00 -5.583146029999999982e+00 -5.349422810000000084e+00 -5.115748739999999906e+00 -4.882123240000000308e+00 -4.648545679999999791e+00 -4.415015470000000164e+00 -4.181532019999999683e+00 -3.948094740000000158e+00 -3.714703019999999967e+00 -3.481356299999999848e+00 -3.248053989999999835e+00 -3.014795509999999901e+00 -2.781580280000000016e+00 -2.548407749999999972e+00 -2.315277340000000184e+00 -2.082188490000000058e+00 -1.849140639999999891e+00 -1.616133250000000077e+00 -1.383165750000000083e+00 -1.150237610000000021e+00 -9.173482779999999615e-01 -6.844972190000000456e-01 -4.516838970000000009e-01 -2.189077819999999952e-01 1.383165369999999998e-02 2.465349330000000116e-01 4.792025770000000184e-01 7.118350989999999712e-01 9.444330130000000434e-01 1.176996829999999994e+00 1.409527039999999953e+00 1.642024170000000005e+00 1.874488689999999957e+00 2.106921110000000041e+00 2.339321920000000166e+00 2.571691589999999916e+00 2.804030619999999807e+00 3.036339490000000030e+00 3.268618660000000009e+00 3.500868609999999936e+00 3.733089810000000064e+00 3.965282730000000200e+00 4.197447819999999830e+00 4.429585539999999710e+00 4.661696359999999650e+00 4.893780709999999701e+00 5.125839049999999730e+00
-3.136517639999999929e+01 -3.112189839999999919e+01 -3.087874970000000019e+01 -3.063572960000000123e+01 -3.039283680000000132e+01 -3.015007050000000177e+01 -2.990742970000000156e+01 -2.966491339999999965e+01 -2.942252080000000092e+01 -2.918025090000000077e+01 -2.893810279999999935e+01 -2.869607560000000035e+01 -2.845416850000000153e+01 -2.821238059999999948e+01 -2.797071100000000143e+01 -2.772915890000000161e+01 -2.748772340000000014e+01 -2.724640379999999951e+01 -2.700519919999999985e+01 -2.676410870000000131e+01 -2.652313159999999925e+01 -2.628226719999999972e+01 -2.604151450000000168e+01 -2.580087280000000050e+01 -2.556034139999999866e+01 -2.531991939999999985e+01 -2.507960609999999946e+01 -2.483940069999999878e+01 -2.459930239999999912e+01 -2.435931060000000059e+01 -2.411942439999999976e+01 -2.387964300000000151e+01 -2.363996579999999881e+01 -2.340039200000000008e+01 -2.316092079999999953e+01 -2.292155149999999963e+01 -2.268228330000000170e+01 -2.244311559999999872e+01 -2.220404750000000149e+01 -2.196507839999999945e+01 -2.172620750000000100e+01 -2.148743410000000154e+01 -2.124875739999999880e+01 -2.101017679999999999e+01 -2.077169140000000169e+01 -2.053330049999999929e+01 -2.029500349999999997e+01 -2.005679960000000150e+01 -1.981868809999999925e+01 -1.958066820000000163e+01
-6.392600060000000362e+00 -6.158830789999999666e+00 -5.925112129999999588e+00 -5.691443460000000343e+00 -5.457824180000000247e+00 -5.224253670000000405e+00 -4.990731310000000143e+00 -4.757256520000000322e+00 -4.523828690000000208e+00 -4.290447229999999834e+00 -4.057111540000000183e+00 -3.823821039999999893e+00 -3.590575149999999827e+00 -3.357373280000000015e+00 -3.124214859999999927e+00 -2.891099329999999856e+00 -2.658026099999999836e+00 -2.424994630000000040e+00 -2.192004339999999996e+00 -1.959054690000000098e+00 -1.726145119999999977e+00 -1.493275080000000088e+00 -1.260444040000000099e+00 -1.027651450000000022e+00 -7.948967789999999978e-01 -5.621794909999999756e-01 -3.294990609999999820e-01 -9.685496379999999905e-02 1.357533190000000112e-01 3.683263039999999933e-01 6.008645040000000215e-01 8.333684260000000510e-01 1.065838569999999930e+00 1.298275449999999998e+00 1.530679550000000111e+00 1.763051369999999896e+00 1.995391399999999926e+00 2.227700120000000172e+00 2.459978009999999937e+00 2.692225559999999795e+00 2.924443239999999999e+00 3.156631509999999974e+00 3.388790859999999849e+00 3.620921730000000061e+00 3.853024599999999911e+00 4.085099910000000278e+00 4.317148129999999639e+00 4.549169710000000144e+00 4.781165080000000067e+00 5.013134700000000166e+00
-3.148401970000000105e+01 -3.124087570000000014e+01 -3.099786070000000038e+01 -3.075497359999999958e+01 -3.051221350000000143e+01 -3.026957940000000136e+01 -3.002707039999999949e+01 -2.978468570000000071e+01 -2.954242430000000041e+01 -2.930028520000000114e+01 -2.905826779999999943e+01 -2.881637089999999901e+01 -2.857459389999999999e+01 -2.833293589999999895e+01 -2.809139599999999959e+01 -2.784997339999999966e+01 -2.760866730000000047e+01 -2.736747679999999860e+01 -2.712640120000000010e+01 -2.688543969999999916e+01 -2.664459150000000065e+01 -2.640385570000000115e+01 -2.616323159999999959e+01 -2.592271840000000083e+01 -2.568231540000000024e+01 -2.544202179999999913e+01 -2.520183679999999882e+01 -2.496175960000000060e+01 -2.472178949999999986e+01 -2.448192570000000146e+01 -2.424216759999999837e+01 -2.400251420000000024e+01 -2.376296500000000123e+01 -2.352351900000000029e+01 -2.328417569999999870e+01 -2.304493420000000015e+01 -2.280579380000000000e+01 -2.256675380000000075e+01 -2.232781340000000014e+01 -2.208897190000000066e+01 -2.185022850000000005e+01 -2.161158259999999842e+01 -2.137303329999999946e+01 -2.113457999999999970e+01 -2.089622190000000046e+01 -2.065795830000000066e+01 -2.041978849999999923e+01 -2.018171159999999986e+01 -1.994372710000000026e+01 -1.970583410000000057e+01
-6.485138820000000415e+00 -6.251459020000000422e+00 -6.017829489999999559e+00 -5.784249609999999819e+00 -5.550718759999999641e+00 -5.317236330000000066e+00 -5.083801720000000302e+00 -4.850414319999999613e+00 -4.617073549999999749e+00 -4.383778790000000036e+00 -4.150529480000000326e+00 -3.917325009999999885e+00 -3.684164809999999957e+00 -3.451048300000000069e+00 -3.217974910000000133e+00 -2.984944070000000060e+00 -2.751955220000000146e+00 -2.519007779999999919e+00 -2.286101209999999995e+00 -2.053234960000000164e+00 -1.820408470000000056e+00 -1.587621200000000066e+00 -1.354872609999999922e+00 -1.122162160000000020e+00 -8.894893189999999450e-01 -6.568535629999999736e-01 -4.242543650000000222e-01 -1.916912030000000045e-01 4.083643709999999760e-02 2.733290689999999801e-01 5.057872020000000468e-01 7.382113399999999936e-01 9.706019830000000015e-01 1.202959630000000057e+00 1.435284769999999988e+00 1.667577899999999946e+00 1.899839499999999903e+00 2.132070049999999828e+00 2.364270030000000133e+00 2.596439919999999901e+00 2.828580179999999888e+00 3.060691289999999842e+00 3.292773700000000137e+00 3.524827880000000135e+00 3.756854280000000212e+00 3.988853359999999793e+00 4.220825569999999693e+00 4.452771339999999967e+00 4.684691139999999976e+00 4.916585389999999833e+00
-3.158743929999999978e+01 -3.134441079999999857e+01 -3.110151099999999857e+01 -3.085873869999999997e+01 -3.061609310000000050e+01 -3.037357319999999916e+01 -3.013117820000000080e+01 -2.988890719999999845e+01 -2.964675920000000175e+01 -2.940473340000000135e+01 -2.916282899999999856e+01 -2.892104499999999945e+01 -2.867938069999999939e+01 -2.843783519999999854e+01 -2.819640770000000174e+01 -2.795509739999999965e+01 -2.771390350000000069e+01 -2.747282519999999906e+01 -2.723186159999999845e+01 -2.699101190000000017e+01 -2.675027550000000076e+01 -2.650965150000000037e+01 -2.626913920000000147e+01 -2.602873770000000064e+01 -2.578844630000000038e+01 -2.554826419999999843e+01 -2.530819070000000082e+01 -2.506822500000000176e+01 -2.482836640000000017e+01 -2.458861410000000092e+01 -2.434896730000000176e+01 -2.410942530000000161e+01 -2.386998729999999824e+01 -2.363065269999999884e+01 -2.339142060000000001e+01 -2.315229030000000066e+01 -2.291326109999999971e+01 -2.267433229999999966e+01 -2.243550300000000064e+01 -2.219677250000000157e+01 -2.195814019999999900e+01 -2.171960520000000017e+01 -2.148116690000000162e+01 -2.124282450000000111e+01 -2.100457719999999995e+01 -2.076642430000000061e+01 -2.052836509999999848e+01 -2.029039879999999840e+01 -2.005252480000000048e+01 -1.981474220000000130e+01
-6.562150390000000222e+00 -6.328544650000000438e+00 -6.094988879999999831e+00 -5.861482460000000394e+00 -5.628024769999999677e+00 -5.394615210000000438e+00 -5.161253170000000168e+00 -4.927938059999999787e+00 -4.694669270000000338e+00 -4.461446210000000079e+00 -4.228268299999999869e+00 -3.995134939999999801e+00 -3.762045580000000111e+00 -3.528999620000000004e+00 -3.295996489999999834e+00 -3.063035639999999837e+00 -2.830116489999999985e+00 -2.597238490000000066e+00 -2.364401079999999933e+00 -2.131603709999999818e+00 -1.898845850000000057e+00 -1.666126929999999895e+00 -1.433446439999999988e+00 -1.200803829999999905e+00 -9.681985690000000089e-01 -7.356301410000000152e-01 -5.030980200000000346e-01 -2.706016889999999786e-01 -3.814063580000000286e-02 1.942856500000000042e-01 4.266776729999999795e-01 6.590359350000000171e-01 8.913609340000000492e-01 1.123653159999999929e+00 1.355913109999999921e+00 1.588141259999999999e+00 1.820338100000000070e+00 2.052504110000000104e+00 2.284639750000000191e+00 2.516745509999999797e+00 2.748821840000000183e+00 2.980869209999999825e+00 3.212888089999999863e+00 3.444878919999999844e+00 3.676842160000000082e+00 3.908778269999999999e+00 4.140687670000000153e+00 4.372570829999999908e+00 4.604428180000000204e+00 4.836260140000000263e+00
-3.167537839999999960e+01 -3.143244740000000093e+01 -3.118964460000000116e+01 -3.094696929999999924e+01 -3.070442029999999889e+01 -3.046199689999999904e+01 -3.021969809999999868e+01 -2.997752309999999909e+01 -2.973547100000000043e+01 -2.949354100000000045e+01 -2.925173219999999930e+01 -2.901004370000000065e+01 -2.876847479999999990e+01 -2.852702460000000073e+01 -2.828569230000000090e+01 -2.804447710000000171e+01 -2.780337820000000093e+01 -2.756239469999999869e+01 -2.732152609999999981e+01 -2.708077129999999855e+01 -2.684012969999999854e+01 -2.659960039999999992e+01 -2.635918279999999925e+01 -2.611887589999999904e+01 -2.587867920000000055e+01 -2.563859169999999921e+01 -2.539861279999999866e+01 -2.515874170000000021e+01 -2.491897760000000162e+01 -2.467931979999999825e+01 -2.443976749999999853e+01 -2.420031990000000022e+01 -2.396097639999999984e+01 -2.372173619999999872e+01 -2.348259850000000171e+01 -2.324356249999999946e+01 -2.300462770000000035e+01 -2.276579309999999978e+01 -2.252705800000000025e+01 -2.228842170000000067e+01 -2.204988360000000114e+01 -2.181144270000000063e+01 -2.157309839999999923e+01 -2.133484989999999826e+01 -2.109669660000000135e+01 -2.085863750000000039e+01 -2.062067210000000017e+01 -2.038279959999999846e+01 -2.014501909999999896e+01 -1.990733009999999936e+01
-6.623557889999999837e+00 -6.390011030000000147e+00 -6.156513880000000327e+00 -5.923065829999999643e+00 -5.689666279999999965e+00 -5.456314609999999732e+00 -5.223010219999999926e+00 -4.989752519999999691e+00 -4.756540900000000072e+00 -4.523374780000000150e+00 -4.290253560000000022e+00 -4.057176680000000424e+00 -3.824143550000000058e+00 -3.591153589999999785e+00 -3.358206239999999898e+00 -3.125300939999999805e+00 -2.892437119999999862e+00 -2.659614219999999918e+00 -2.426831690000000208e+00 -2.194088999999999956e+00 -1.961385579999999962e+00 -1.728720899999999894e+00 -1.496094440000000025e+00 -1.263505649999999925e+00 -1.030954010000000087e+00 -7.984389899999999596e-01 -5.659600820000000310e-01 -3.335167680000000190e-01 -1.011085369999999983e-01 1.312651179999999862e-01 3.636046989999999757e-01 5.959107049999999850e-01 8.281836289999999767e-01 1.060423960000000054e+00 1.292632189999999959e+00 1.524808799999999964e+00 1.756954260000000101e+00 1.989069060000000055e+00 2.221153660000000141e+00 2.453208539999999882e+00 2.685234149999999875e+00 2.917230949999999989e+00 3.149199410000000032e+00 3.381139969999999995e+00 3.613053090000000189e+00 3.844939210000000163e+00 4.076798769999999905e+00 4.308632219999999791e+00 4.540439990000000314e+00 4.772222519999999690e+00
-3.174770290000000017e+01 -3.150485129999999856e+01 -3.126212779999999825e+01 -3.101953149999999937e+01 -3.077706140000000090e+01 -3.053471680000000177e+01 -3.029249659999999977e+01 -3.005040010000000095e+01 -2.980842639999999832e+01 -2.956657459999999915e+01 -2.932484399999999880e+01 -2.908323359999999980e+01 -2.884174270000000107e+01 -2.860037050000000036e+01 -2.835911610000000138e+01 -2.811797869999999833e+01 -2.787695760000000078e+01 -2.763605189999999823e+01 -2.739526100000000142e+01 -2.715458389999999866e+01 -2.691401989999999955e+01 -2.667356829999999945e+01 -2.643322829999999968e+01 -2.619299910000000153e+01 -2.595287989999999922e+01 -2.571286999999999878e+01 -2.547296860000000152e+01 -2.523317499999999924e+01 -2.499348840000000038e+01 -2.475390810000000030e+01 -2.451443330000000032e+01 -2.427506320000000173e+01 -2.403579709999999992e+01 -2.379663430000000091e+01 -2.355757399999999890e+01 -2.331861539999999877e+01 -2.307975790000000060e+01 -2.284100060000000099e+01 -2.260234279999999885e+01 -2.236378380000000021e+01 -2.212532279999999929e+01 -2.188695909999999856e+01 -2.164869189999999932e+01 -2.141052050000000051e+01 -2.117244420000000105e+01 -2.093446210000000107e+01 -2.069657360000000068e+01 -2.045877780000000001e+01 -2.022107420000000033e+01 -1.998346180000000061e+01
-6.669295039999999730e+00 -6.435792059999999815e+00 -6.202338609999999974e+00 -5.968934080000000364e+00 -5.735577860000000250e+00 -5.502269329999999847e+00 -5.269007910000000017e+00 -5.035792980000000085e+00 -4.802623960000000025e+00 -4.569500259999999869e+00 -4.336421289999999651e+00 -4.103386460000000291e+00 -3.870395219999999803e+00 -3.637446979999999996e+00 -3.404541169999999894e+00 -3.171677240000000175e+00 -2.938854609999999923e+00 -2.706072750000000138e+00 -2.473331089999999843e+00 -2.240629100000000040e+00 -2.007966230000000074e+00 -1.775341939999999896e+00 -1.542755689999999902e+00 -1.310206970000000082e+00 -1.077695250000000105e+00 -8.452199950000000017e-01 -6.127807020000000104e-01 -3.803768559999999854e-01 -1.480079470000000008e-01 8.432652799999999782e-02 3.166270689999999832e-01 5.488941720000000135e-01 7.811283300000000374e-01 1.013330030000000104e+00 1.245499759999999956e+00 1.477637990000000068e+00 1.709745209999999904e+00 1.941821880000000000e+00 2.173868479999999881e+00 2.405885469999999859e+00 2.637873309999999805e+00 2.869832460000000030e+00 3.101763370000000020e+00 3.333666500000000088e+00 3.565542289999999781e+00 3.797391179999999977e+00 4.029213620000000162e+00 4.261010050000000327e+00 4.492780889999999694e+00 4.724526570000000092e+00
-3.180432860000000161e+01 -3.156153869999999984e+01 -3.131887659999999940e+01 -3.107634159999999923e+01 -3.083393279999999947e+01 -3.059164919999999910e+01 -3.034949010000000058e+01 -3.010745449999999934e+01 -2.986554170000000141e+01 -2.962375069999999866e+01 -2.938208080000000066e+01 -2.914053110000000046e+01 -2.889910090000000054e+01 -2.865778919999999985e+01 -2.841659539999999851e+01 -2.817551860000000019e+01 -2.793455799999999911e+01 -2.769371280000000013e+01 -2.745298229999999862e+01 -2.721236569999999944e+01 -2.697186220000000034e+01 -2.673147099999999909e+01 -2.649119140000000172e+01 -2.625102250000000126e+01 -2.601096370000000135e+01 -2.577101419999999976e+01 -2.553117320000000134e+01 -2.529144000000000148e+01 -2.505181380000000146e+01 -2.481229379999999907e+01 -2.457287930000000031e+01 -2.433356949999999941e+01 -2.409436380000000000e+01 -2.385526129999999867e+01 -2.361626120000000029e+01 -2.337736290000000139e+01 -2.313856559999999973e+01 -2.289986850000000018e+01 -2.266127090000000166e+01 -2.242277209999999954e+01 -2.218437120000000107e+01 -2.194606759999999923e+01 -2.170786049999999889e+01 -2.146974910000000136e+01 -2.123173269999999846e+01 -2.099381049999999860e+01 -2.075598189999999832e+01 -2.051824590000000015e+01 -2.028060199999999824e+01 -2.004304929999999985e+01
-6.699342960000000069e+00 -6.465869099999999925e+00 -6.232444639999999758e+00 -5.999068969999999723e+00 -5.765741479999999974e+00 -5.532461569999999718e+00 -5.299228639999999935e+00 -5.066042079999999892e+00 -4.832901299999999623e+00 -4.599805719999999987e+00 -4.366754750000000129e+00 -4.133747810000000023e+00 -3.900784330000000022e+00 -3.667863740000000039e+00 -3.434985460000000046e+00 -3.202148939999999833e+00 -2.969353620000000138e+00 -2.736598949999999864e+00 -2.503884380000000132e+00 -2.271209349999999905e+00 -2.038573340000000123e+00 -1.805975799999999909e+00 -1.573416209999999982e+00 -1.340894030000000070e+00 -1.108408749999999943e+00 -8.759598339999999927e-01 -6.435467809999999567e-01 -4.111690769999999939e-01 -1.788262130000000116e-01 5.348231120000000033e-02 2.857569959999999853e-01 5.179983339999999492e-01 7.502068170000000258e-01 9.823829309999999593e-01 1.214527160000000050e+00 1.446639980000000048e+00 1.678721860000000010e+00 1.910773290000000069e+00 2.142794719999999931e+00 2.374786620000000070e+00 2.606749440000000195e+00 2.838683650000000114e+00 3.070589700000000200e+00 3.302468039999999938e+00 3.534319099999999825e+00 3.766143340000000173e+00 3.997941190000000145e+00 4.229713089999999731e+00 4.461459470000000316e+00 4.693180749999999790e+00
-3.184519930000000087e+01 -3.160245310000000174e+01 -3.135983480000000156e+01 -3.111734339999999932e+01 -3.087497809999999987e+01 -3.063273810000000097e+01 -3.039062240000000159e+01 -3.014863019999999949e+01 -2.990676069999999953e+01 -2.966501309999999947e+01 -2.942338639999999828e+01 -2.918187999999999960e+01 -2.894049300000000002e+01 -2.869922449999999969e+01 -2.845807389999999870e+01 -2.821704019999999957e+01 -2.797612270000000123e+01 -2.773532069999999905e+01 -2.749463330000000028e+01 -2.725405980000000028e+01 -2.701359940000000037e+01 -2.677325139999999948e+01 -2.653301480000000012e+01 -2.629288910000000001e+01 -2.605287339999999929e+01 -2.581296700000000044e+01 -2.557316910000000121e+01 -2.533347889999999936e+01 -2.509389579999999853e+01 -2.485441889999999887e+01 -2.461504740000000169e+01 -2.437578069999999997e+01 -2.413661799999999857e+01 -2.389755849999999882e+01 -2.365860149999999962e+01 -2.341974629999999991e+01 -2.318099189999999865e+01 -2.294233780000000067e+01 -2.270378320000000016e+01 -2.246532729999999844e+01 -2.222696940000000154e+01 -2.198870859999999894e+01 -2.175054439999999900e+01 -2.151247580000000070e+01 -2.127450220000000058e+01 -2.103662279999999996e+01 -2.079883690000000129e+01 -2.056114360000000119e+01 -2.032354240000000090e+01 -2.008603229999999940e+01
-6.713683070000000086e+00 -6.480223689999999870e+00 -6.246813659999999935e+00 -6.013452349999999669e+00 -5.780139160000000054e+00 -5.546873480000000356e+00 -5.313654709999999781e+00 -5.080482260000000139e+00 -4.847355519999999807e+00 -4.614273919999999585e+00 -4.381236870000000394e+00 -4.148243790000000430e+00 -3.915294110000000050e+00 -3.682387250000000112e+00 -3.449522650000000024e+00 -3.216699760000000019e+00 -2.983918000000000070e+00 -2.751176829999999907e+00 -2.518475700000000206e+00 -2.285814069999999809e+00 -2.053191389999999839e+00 -1.820607129999999962e+00 -1.588060770000000010e+00 -1.355551759999999994e+00 -1.123079600000000067e+00 -8.906437579999999521e-01 -6.582437239999999745e-01 -4.258789889999999856e-01 -1.935490450000000029e-01 3.874660790000000049e-02 2.710084680000000024e-01 5.032370299999999741e-01 7.354327819999999516e-01 9.675962089999999849e-01 1.199727790000000072e+00 1.431828019999999979e+00 1.663897350000000053e+00 1.895936260000000040e+00 2.127945210000000031e+00 2.359924669999999836e+00 2.591875110000000149e+00 2.823796960000000134e+00 3.055690690000000043e+00 3.287556739999999866e+00 3.519395550000000039e+00 3.751207579999999986e+00 3.982993249999999819e+00 4.214752999999999972e+00 4.446487259999999608e+00 4.678196459999999668e+00
-3.187026110000000045e+01 -3.162754100000000079e+01 -3.138494869999999892e+01 -3.114248329999999854e+01 -3.090014400000000094e+01 -3.065792980000000156e+01 -3.041583999999999932e+01 -3.017387370000000146e+01 -2.993203000000000102e+01 -2.969030820000000048e+01 -2.944870739999999998e+01 -2.920722669999999965e+01 -2.896586549999999960e+01 -2.872462279999999879e+01 -2.848349789999999970e+01 -2.824249000000000009e+01 -2.800159830000000127e+01 -2.776082200000000100e+01 -2.752016030000000057e+01 -2.727961260000000010e+01 -2.703917789999999854e+01 -2.679885549999999839e+01 -2.655864479999999972e+01 -2.631854480000000152e+01 -2.607855479999999915e+01 -2.583867409999999865e+01 -2.559890190000000132e+01 -2.535923749999999899e+01 -2.511968010000000007e+01 -2.488022889999999876e+01 -2.464088320000000110e+01 -2.440164220000000128e+01 -2.416250519999999824e+01 -2.392347140000000039e+01 -2.368454009999999954e+01 -2.344571050000000056e+01 -2.320698189999999883e+01 -2.296835349999999920e+01 -2.272982449999999943e+01 -2.249139419999999845e+01 -2.225306189999999873e+01 -2.201482680000000158e+01 -2.177668819999999883e+01 -2.153864520000000127e+01 -2.130069719999999833e+01 -2.106284330000000082e+01 -2.082508290000000173e+01 -2.058741519999999880e+01 -2.034983940000000047e+01 -2.011235470000000092e+01
-6.712295659999999664e+00 -6.478836199999999934e+00 -6.245426069999999719e+00 -6.012064670000000000e+00 -5.778751390000000043e+00 -5.545485620000000004e+00 -5.312266759999999977e+00 -5.079094200000000114e+00 -4.845967370000000329e+00 -4.612885669999999827e+00 -4.379848520000000356e+00 -4.146855340000000112e+00 -3.913905559999999895e+00 -3.680998590000000181e+00 -3.448133889999999813e+00 -3.215310880000000093e+00 -2.982529019999999864e+00 -2.749787739999999925e+00 -2.517086490000000065e+00 -2.284424749999999893e+00 -2.051801960000000147e+00 -1.819217579999999890e+00 -1.586671100000000001e+00 -1.354161979999999987e+00 -1.121689689999999962e+00 -8.892537280000000210e-01 -6.568535699999999977e-01 -4.244887090000000196e-01 -1.921586389999999922e-01 4.013714260000000172e-02 2.723991330000000155e-01 5.046278260000000015e-01 7.368237100000000206e-01 9.689872729999999823e-01 1.201118990000000109e+00 1.433219349999999892e+00 1.665288820000000003e+00 1.897327870000000027e+00 2.129336970000000218e+00 2.361316579999999998e+00 2.593267149999999965e+00 2.825189159999999866e+00 3.057083029999999813e+00 3.288949230000000057e+00 3.520788200000000145e+00 3.752600380000000069e+00 3.984386209999999817e+00 4.216146120000000330e+00 4.447880539999999883e+00 4.679589899999999858e+00
-3.187948370000000153e+01 -3.163677189999999939e+01 -3.139418789999999859e+01 -3.115173079999999928e+01 -3.090939970000000159e+01 -3.066719379999999973e+01 -3.042511229999999856e+01 -3.018315430000000177e+01 -2.994131889999999885e+01 -2.969960530000000176e+01 -2.945801270000000116e+01 -2.921654029999999835e+01 -2.897518730000000176e+01 -2.873395289999999846e+01 -2.849283630000000045e+01 -2.825183660000000074e+01 -2.801095319999999944e+01 -2.777018520000000024e+01 -2.752953180000000089e+01 -2.728899230000000031e+01 -2.704856589999999983e+01 -2.680825189999999836e+01 -2.656804939999999959e+01 -2.632795769999999891e+01 -2.608797600000000116e+01 -2.584810360000000173e+01 -2.560833979999999954e+01 -2.536868369999999828e+01 -2.512913449999999926e+01 -2.488969170000000020e+01 -2.465035430000000005e+01 -2.441112160000000131e+01 -2.417199300000000051e+01 -2.393296750000000017e+01 -2.369404460000000157e+01 -2.345522330000000011e+01 -2.321650299999999945e+01 -2.297788290000000089e+01 -2.273936229999999981e+01 -2.250094040000000106e+01 -2.226261639999999886e+01 -2.202438970000000040e+01 -2.178625930000000110e+01 -2.154822469999999868e+01 -2.131028500000000037e+01 -2.107243950000000154e+01 -2.083468739999999997e+01 -2.059702800000000167e+01 -2.035946050000000085e+01 -2.012198409999999882e+01
-6.695201220000000397e+00 -6.461727090000000118e+00 -6.228302369999999755e+00 -5.994926429999999584e+00 -5.761598669999999700e+00 -5.528318480000000257e+00 -5.295085259999999572e+00 -5.061898410000000403e+00 -4.828757340000000120e+00 -4.595661459999999643e+00 -4.362610189999999832e+00 -4.129602939999999833e+00 -3.896639149999999940e+00 -3.663718240000000126e+00 -3.430839639999999857e+00 -3.198002789999999873e+00 -2.965207139999999963e+00 -2.732452129999999979e+00 -2.499737220000000093e+00 -2.267061850000000156e+00 -2.034425489999999836e+00 -1.801827590000000034e+00 -1.569267640000000075e+00 -1.336745099999999908e+00 -1.104259450000000031e+00 -8.718101649999999703e-01 -6.393967350000000494e-01 -4.070186479999999829e-01 -1.746753990000000090e-01 5.763351709999999656e-02 2.899085969999999901e-01 5.221503360000000482e-01 7.543592239999999949e-01 9.865357479999999901e-01 1.218680390000000058e+00 1.450793629999999945e+00 1.682875939999999959e+00 1.914927789999999908e+00 2.146949660000000204e+00 2.378941999999999890e+00 2.610905269999999945e+00 2.842839929999999793e+00 3.074746429999999808e+00 3.306625219999999921e+00 3.538476750000000060e+00 3.770301460000000215e+00 4.002099779999999996e+00 4.233872159999999774e+00 4.465619030000000045e+00 4.697340800000000094e+00
-3.187283550000000076e+01 -3.163011429999999891e+01 -3.138752089999999839e+01 -3.114505450000000053e+01 -3.090271410000000074e+01 -3.066049890000000033e+01 -3.041840810000000062e+01 -3.017644080000000173e+01 -2.993459610000000026e+01 -2.969287329999999869e+01 -2.945127150000000071e+01 -2.920978990000000053e+01 -2.896842769999999945e+01 -2.872718400000000116e+01 -2.848605819999999866e+01 -2.824504939999999920e+01 -2.800415680000000052e+01 -2.776337960000000038e+01 -2.752271710000000127e+01 -2.728216850000000093e+01 -2.704173289999999952e+01 -2.680140970000000067e+01 -2.656119809999999859e+01 -2.632109730000000170e+01 -2.608110650000000064e+01 -2.584122509999999906e+01 -2.560145209999999949e+01 -2.536178689999999847e+01 -2.512222870000000086e+01 -2.488277679999999847e+01 -2.464343029999999857e+01 -2.440418860000000123e+01 -2.416505090000000067e+01 -2.392601640000000174e+01 -2.368708439999999982e+01 -2.344825409999999977e+01 -2.320952480000000051e+01 -2.297089569999999981e+01 -2.273236610000000013e+01 -2.249393519999999924e+01 -2.225560229999999962e+01 -2.201736650000000139e+01 -2.177922720000000112e+01 -2.154118370000000127e+01 -2.130323500000000081e+01 -2.106538060000000101e+01 -2.082761959999999846e+01 -2.058995129999999918e+01 -2.035237499999999855e+01 -2.011488980000000026e+01
-6.662423869999999582e+00 -6.428920429999999797e+00 -6.195466500000000210e+00 -5.962061489999999964e+00 -5.728704780000000163e+00 -5.495395760000000074e+00 -5.262133829999999790e+00 -5.028918390000000294e+00 -4.795748849999999841e+00 -4.562624620000000242e+00 -4.329545119999999692e+00 -4.096509760000000000e+00 -3.863517970000000190e+00 -3.630569180000000173e+00 -3.397662809999999922e+00 -3.164798310000000114e+00 -2.931975110000000218e+00 -2.699192669999999961e+00 -2.466450430000000082e+00 -2.233747839999999929e+00 -2.001084360000000117e+00 -1.768459470000000033e+00 -1.535872609999999971e+00 -1.303323269999999923e+00 -1.070810910000000060e+00 -8.383350280000000376e-01 -6.058950939999999674e-01 -3.734905989999999787e-01 -1.411210350000000058e-01 9.121410250000000497e-02 3.235153130000000266e-01 5.557830929999999503e-01 7.880179349999999472e-01 1.020220329999999898e+00 1.252390749999999997e+00 1.484529690000000013e+00 1.716637619999999975e+00 1.948715020000000075e+00 2.180762339999999799e+00 2.412780070000000165e+00 2.644768650000000054e+00 2.876728550000000162e+00 3.108660219999999974e+00 3.340564119999999804e+00 3.572440680000000146e+00 3.804290359999999982e+00 4.036113590000000251e+00 4.267910819999999994e+00 4.499682459999999828e+00 4.731428969999999623e+00
-3.185031229999999880e+01 -3.160756399999999999e+01 -3.136494349999999898e+01 -3.112245009999999823e+01 -3.088008280000000028e+01 -3.063784070000000170e+01 -3.039572300000000027e+01 -3.015372879999999967e+01 -2.991185739999999882e+01 -2.967010780000000025e+01 -2.942847920000000173e+01 -2.918697089999999861e+01 -2.894558200000000170e+01 -2.870431170000000165e+01 -2.846315930000000094e+01 -2.822212379999999854e+01 -2.798120460000000165e+01 -2.774040090000000092e+01 -2.749971180000000004e+01 -2.725913660000000149e+01 -2.701867449999999948e+01 -2.677832480000000004e+01 -2.653808659999999975e+01 -2.629795929999999871e+01 -2.605794200000000060e+01 -2.581803400000000082e+01 -2.557823459999999827e+01 -2.533854290000000020e+01 -2.509895819999999844e+01 -2.485947979999999902e+01 -2.462010689999999968e+01 -2.438083879999999937e+01 -2.414167469999999938e+01 -2.390261380000000102e+01 -2.366365539999999967e+01 -2.342479880000000136e+01 -2.318604309999999913e+01 -2.294738770000000017e+01 -2.270883179999999868e+01 -2.247037459999999953e+01 -2.223201540000000165e+01 -2.199375339999999923e+01 -2.175558789999999831e+01 -2.151751810000000020e+01 -2.127954330000000027e+01 -2.104166280000000100e+01 -2.080387569999999897e+01 -2.056618130000000022e+01 -2.032857890000000012e+01 -2.009106780000000114e+01
-6.614015509999999765e+00 -6.380467920000000071e+00 -6.146970050000000185e+00 -5.913521259999999558e+00 -5.680120959999999997e+00 -5.446768529999999942e+00 -5.213463370000000374e+00 -4.980204890000000439e+00 -4.746992490000000231e+00 -4.513825569999999843e+00 -4.280703550000000135e+00 -4.047625860000000131e+00 -3.814591899999999924e+00 -3.581601109999999810e+00 -3.348652920000000144e+00 -3.115746769999999888e+00 -2.882882089999999842e+00 -2.650058329999999795e+00 -2.417274930000000044e+00 -2.184531349999999872e+00 -1.951827039999999958e+00 -1.719161460000000030e+00 -1.486534089999999919e+00 -1.253944380000000081e+00 -1.021391809999999900e+00 -7.888758630000000105e-01 -5.563960110000000236e-01 -3.239517450000000132e-01 -9.154255190000000486e-02 1.408320730000000021e-01 3.731726340000000031e-01 6.054796270000000202e-01 8.377535489999999863e-01 1.069994890000000032e+00 1.302204130000000015e+00 1.534381769999999978e+00 1.766528270000000012e+00 1.998644110000000085e+00 2.230729760000000006e+00 2.462785699999999967e+00 2.694812380000000118e+00 2.926810269999999825e+00 3.158779819999999905e+00 3.390721489999999783e+00 3.622635729999999832e+00 3.854522970000000104e+00 4.086383670000000023e+00 4.318218270000000025e+00 4.550027199999999716e+00 4.781810890000000036e+00
-3.181192259999999905e+01 -3.156912940000000134e+01 -3.132646420000000020e+01 -3.108392609999999934e+01 -3.084151419999999888e+01 -3.059922759999999897e+01 -3.035706550000000092e+01 -3.011502700000000132e+01 -2.987311120000000031e+01 -2.963131740000000036e+01 -2.938964460000000045e+01 -2.914809209999999950e+01 -2.890665909999999883e+01 -2.866534469999999857e+01 -2.842414820000000120e+01 -2.818306869999999975e+01 -2.794210550000000026e+01 -2.770125780000000049e+01 -2.746052470000000056e+01 -2.721990549999999942e+01 -2.697939949999999953e+01 -2.673900589999999866e+01 -2.649872390000000166e+01 -2.625855260000000158e+01 -2.601849149999999966e+01 -2.577853969999999961e+01 -2.553869639999999919e+01 -2.529896090000000086e+01 -2.505933239999999884e+01 -2.481981019999999916e+01 -2.458039360000000073e+01 -2.434108170000000015e+01 -2.410187379999999990e+01 -2.386276919999999890e+01 -2.362376709999999846e+01 -2.338486680000000106e+01 -2.314606750000000090e+01 -2.290736839999999930e+01 -2.266876889999999989e+01 -2.243026820000000043e+01 -2.219186540000000107e+01 -2.195355999999999952e+01 -2.171535099999999829e+01 -2.147723780000000104e+01 -2.123921969999999959e+01 -2.100129580000000118e+01 -2.076346540000000118e+01 -2.052572779999999852e+01 -2.028808220000000162e+01 -2.005052789999999874e+01
-6.550014240000000321e+00 -6.316407469999999691e+00 -6.082850650000000137e+00 -5.849343170000000036e+00 -5.615884409999999605e+00 -5.382473769999999824e+00 -5.149110639999999961e+00 -4.915794430000000048e+00 -4.682524520000000301e+00 -4.449300349999999682e+00 -4.216121300000000183e+00 -3.982986809999999878e+00 -3.749896300000000071e+00 -3.516849179999999908e+00 -3.283844880000000188e+00 -3.050882849999999813e+00 -2.817962510000000087e+00 -2.585083309999999912e+00 -2.352244699999999966e+00 -2.119446120000000100e+00 -1.886687030000000043e+00 -1.653966880000000028e+00 -1.421285139999999947e+00 -1.188641279999999911e+00 -9.560347620000000379e-01 -7.234650630000000193e-01 -4.909316619999999909e-01 -2.584340419999999749e-01 -2.597168979999999947e-02 2.064559049999999951e-01 4.388492460000000261e-01 6.712088370000000026e-01 9.035351729999999693e-01 1.135828749999999943e+00 1.368090049999999946e+00 1.600319580000000075e+00 1.832517790000000035e+00 2.064685190000000059e+00 2.296822230000000076e+00 2.528929399999999994e+00 2.761007150000000188e+00 2.993055959999999960e+00 3.225076280000000128e+00 3.457068570000000118e+00 3.689033279999999859e+00 3.920970860000000169e+00 4.152881759999999645e+00 4.384766420000000053e+00 4.616625280000000053e+00 4.848458779999999635e+00
-3.173702139999999972e+01 -3.151484430000000003e+01 -3.127211670000000154e+01 -3.102951630000000094e+01 -3.078704219999999836e+01 -3.054469359999999867e+01 -3.030246950000000083e+01 -3.006036909999999907e+01 -2.981839160000000177e+01 -2.957653600000000083e+01 -2.933480169999999987e+01 -2.909318760000000026e+01 -2.885169309999999854e+01 -2.861031720000000078e+01 -2.836905929999999998e+01 -2.812791849999999982e+01 -2.788689390000000046e+01 -2.764598489999999842e+01 -2.740519060000000096e+01 -2.716451019999999872e+01 -2.692394300000000129e+01 -2.668348810000000171e+01 -2.644314490000000006e+01 -2.620291260000000122e+01 -2.596279030000000176e+01 -2.572277730000000062e+01 -2.548287300000000144e+01 -2.524307639999999964e+01 -2.500338689999999886e+01 -2.476380370000000042e+01 -2.452432599999999852e+01 -2.428495309999999918e+01 -2.404568430000000134e+01 -2.380651870000000159e+01 -2.356745570000000001e+01 -2.332849450000000147e+01 -2.308963440000000134e+01 -2.285087449999999976e+01 -2.261221420000000037e+01 -2.237365270000000095e+01 -2.213518919999999923e+01 -2.189682309999999887e+01 -2.165855350000000001e+01 -2.142037979999999919e+01 -2.118230110000000010e+01 -2.094431679999999929e+01 -2.070642600000000044e+01 -2.046862810000000010e+01 -2.023092219999999841e+01 -1.999330769999999902e+01
-6.470499389999999629e+00 -6.236818139999999566e+00 -6.003187139999999644e+00 -5.769605780000000017e+00 -5.536073430000000073e+00 -5.302589499999999845e+00 -5.069153380000000375e+00 -4.835764460000000042e+00 -4.602422149999999768e+00 -4.369125859999999584e+00 -4.135874989999999585e+00 -3.902668970000000126e+00 -3.669507199999999969e+00 -3.436389109999999913e+00 -3.203314139999999810e+00 -2.970281700000000136e+00 -2.737291239999999792e+00 -2.504342199999999963e+00 -2.271434010000000114e+00 -2.038566129999999976e+00 -1.805738000000000065e+00 -1.572949080000000111e+00 -1.340198840000000002e+00 -1.107486729999999975e+00 -8.748122240000000271e-01 -6.421747909999999671e-01 -4.095739070000000148e-01 -1.770090520000000001e-01 5.552029099999999939e-02 2.880146339999999916e-01 5.204744869999999857e-01 7.529003539999999939e-01 9.852927350000000306e-01 1.217652130000000055e+00 1.449979029999999947e+00 1.682273920000000089e+00 1.914537289999999947e+00 2.146769630000000095e+00 2.378971410000000120e+00 2.611143100000000050e+00 2.843285180000000079e+00 3.075398110000000074e+00 3.307482359999999844e+00 3.539538380000000206e+00 3.771566640000000081e+00 4.003567590000000287e+00 4.235541679999999864e+00 4.467489350000000137e+00 4.699411050000000145e+00 4.931307219999999880e+00
-3.166698710000000005e+01 -3.142406190000000166e+01 -3.120194409999999863e+01 -3.095926379999999867e+01 -3.071670990000000145e+01 -3.047428160000000119e+01 -3.023197800000000157e+01 -2.998979830000000035e+01 -2.974774150000000006e+01 -2.950580689999999962e+01 -2.926399350000000155e+01 -2.902230050000000006e+01 -2.878072710000000001e+01 -2.853927249999999916e+01 -2.829793589999999881e+01 -2.805671639999999911e+01 -2.781561329999999899e+01 -2.757462569999999857e+01 -2.733375290000000035e+01 -2.709299400000000091e+01 -2.685234840000000034e+01 -2.661181519999999878e+01 -2.637139360000000110e+01 -2.613108300000000028e+01 -2.589088239999999885e+01 -2.565079120000000046e+01 -2.541080859999999930e+01 -2.517093380000000025e+01 -2.493116609999999866e+01 -2.469150469999999942e+01 -2.445194890000000143e+01 -2.421249780000000129e+01 -2.397315090000000026e+01 -2.373390729999999849e+01 -2.349476629999999844e+01 -2.325572700000000026e+01 -2.301678890000000166e+01 -2.277795109999999923e+01 -2.253921289999999900e+01 -2.230057349999999872e+01 -2.206203229999999849e+01 -2.182358839999999844e+01 -2.158524110000000107e+01 -2.134698970000000173e+01 -2.110883340000000175e+01 -2.087077160000000120e+01 -2.063280340000000024e+01 -2.039492800000000017e+01 -2.015714489999999870e+01 -1.991945319999999953e+01
-6.375567870000000248e+00 -6.141796580000000283e+00 -5.908075890000000108e+00 -5.674405179999999937e+00 -5.440783849999999866e+00 -5.207211270000000169e+00 -4.973686849999999993e+00 -4.740209980000000378e+00 -4.506780069999999583e+00 -4.273396510000000426e+00 -4.040058730000000153e+00 -3.806766119999999809e+00 -3.573518110000000192e+00 -3.340314129999999881e+00 -3.107153579999999859e+00 -2.874035909999999916e+00 -2.640960549999999962e+00 -2.407926929999999910e+00 -2.174934499999999993e+00 -1.941982689999999900e+00 -1.709070960000000028e+00 -1.476198759999999943e+00 -1.243365550000000042e+00 -1.010570779999999891e+00 -7.778139269999999605e-01 -5.450944519999999516e-01 -3.124118289999999742e-01 -7.976553490000000413e-02 1.528449510000000067e-01 3.854201460000000190e-01 6.179605599999999921e-01 8.504667030000000461e-01 1.082939080000000054e+00 1.315378189999999892e+00 1.547784529999999936e+00 1.780158590000000096e+00 2.012500870000000219e+00 2.244811850000000053e+00 2.477092009999999789e+00 2.709341840000000001e+00 2.941561800000000115e+00 3.173752359999999939e+00 3.405914000000000108e+00 3.638047180000000047e+00 3.870152360000000069e+00 4.102229999999999599e+00 4.334280559999999838e+00 4.566304470000000393e+00 4.798302200000000184e+00 5.030274180000000150e+00
-3.158123060000000137e+01 -3.133820719999999937e+01 -3.109531240000000096e+01 -3.087323190000000039e+01 -3.063058050000000065e+01 -3.038805500000000137e+01 -3.014565440000000152e+01 -2.990337780000000123e+01 -2.966122439999999827e+01 -2.941919319999999871e+01 -2.917728350000000148e+01 -2.893549429999999845e+01 -2.869382480000000157e+01 -2.845227420000000151e+01 -2.821084159999999841e+01 -2.796952629999999829e+01 -2.772832749999999891e+01 -2.748724419999999924e+01 -2.724627579999999938e+01 -2.700542150000000063e+01 -2.676468039999999959e+01 -2.652405170000000112e+01 -2.628353480000000175e+01 -2.604312870000000046e+01 -2.580283280000000090e+01 -2.556264630000000082e+01 -2.532256849999999915e+01 -2.508259839999999841e+01 -2.484273549999999986e+01 -2.460297900000000126e+01 -2.436332799999999921e+01 -2.412378190000000089e+01 -2.388433990000000051e+01 -2.364500119999999939e+01 -2.340576509999999999e+01 -2.316663090000000125e+01 -2.292759780000000092e+01 -2.268866510000000147e+01 -2.244983200000000068e+01 -2.221109780000000100e+01 -2.197246180000000138e+01 -2.173392319999999955e+01 -2.149548120000000040e+01 -2.125713520000000045e+01 -2.101888440000000102e+01 -2.078072810000000104e+01 -2.054266540000000063e+01 -2.030469580000000107e+01 -2.006681839999999895e+01 -1.982903250000000028e+01
-6.265733019999999875e+00 -6.031856030000000146e+00 -5.798030040000000440e+00 -5.564254420000000145e+00 -5.330528570000000244e+00 -5.096851860000000123e+00 -4.863223689999999877e+00 -4.629643459999999600e+00 -4.396110580000000212e+00 -4.162624430000000153e+00 -3.929184450000000162e+00 -3.695790020000000009e+00 -3.462440579999999990e+00 -3.229135540000000137e+00 -2.995874319999999980e+00 -2.762656349999999872e+00 -2.529481070000000109e+00 -2.296347900000000219e+00 -2.063256289999999993e+00 -1.830205670000000007e+00 -1.597195499999999990e+00 -1.364225229999999955e+00 -1.131294299999999975e+00 -8.984021720000000544e-01 -6.655483150000000014e-01 -4.327321909999999883e-01 -1.999532689999999890e-01 3.278897929999999988e-02 2.654950759999999965e-01 4.981655400000000178e-01 7.308008879999999818e-01 9.634016319999999522e-01 1.195968279999999995e+00 1.428501339999999953e+00 1.661001299999999903e+00 1.893468670000000076e+00 2.125903940000000159e+00 2.358307599999999837e+00 2.590680139999999909e+00 2.823022040000000121e+00 3.055333769999999838e+00 3.287615820000000078e+00 3.519868649999999821e+00 3.752092730000000209e+00 3.984288540000000101e+00 4.216456520000000374e+00 4.448597150000000333e+00 4.680710870000000412e+00 4.912798129999999652e+00 5.144859389999999699e+00
-3.147983639999999994e+01 -3.123669659999999837e+01 -3.099368580000000151e+01 -3.075080300000000122e+01 -3.052873939999999919e+01 -3.028609880000000132e+01 -3.004358350000000044e+01 -2.980119240000000147e+01 -2.955892469999999861e+01 -2.931677960000000027e+01 -2.907475600000000071e+01 -2.883285319999999885e+01 -2.859107029999999838e+01 -2.834940639999999945e+01 -2.810786069999999981e+01 -2.786643240000000077e+01 -2.762512070000000008e+01 -2.738392460000000028e+01 -2.714284350000000146e+01 -2.690187660000000136e+01 -2.666102300000000014e+01 -2.642028189999999910e+01 -2.617965249999999955e+01 -2.593913420000000158e+01 -2.569872600000000062e+01 -2.545842730000000032e+01 -2.521823729999999841e+01 -2.497815509999999861e+01 -2.473818019999999862e+01 -2.449831149999999980e+01 -2.425854860000000102e+01 -2.401889050000000125e+01 -2.377933649999999943e+01 -2.353988599999999920e+01 -2.330053799999999953e+01 -2.306129200000000168e+01 -2.282214709999999869e+01 -2.258310270000000131e+01 -2.234415789999999902e+01 -2.210531209999999902e+01 -2.186656440000000146e+01 -2.162791419999999931e+01 -2.138936079999999862e+01 -2.115090340000000069e+01 -2.091254119999999972e+01 -2.067427350000000175e+01 -2.043609969999999976e+01 -2.019801890000000100e+01 -1.996003049999999845e+01 -1.972213359999999938e+01
-6.141680580000000056e+00 -5.907682300000000275e+00 -5.673735419999999863e+00 -5.439839319999999923e+00 -5.205993409999999599e+00 -4.972197050000000118e+00 -4.738449659999999675e+00 -4.504750620000000261e+00 -4.271099340000000133e+00 -4.037495220000000273e+00 -3.803937669999999827e+00 -3.570426100000000158e+00 -3.336959919999999968e+00 -3.103538550000000118e+00 -2.870161430000000014e+00 -2.636827960000000193e+00 -2.403537580000000062e+00 -2.170289729999999917e+00 -1.937083829999999951e+00 -1.703919339999999893e+00 -1.470795700000000039e+00 -1.237712350000000017e+00 -1.004668740000000060e+00 -7.716643399999999486e-01 -5.386985970000000012e-01 -3.057709780000000266e-01 -7.288094900000000043e-02 1.599720199999999926e-01 3.927884540000000091e-01 6.255688759999999959e-01 8.583138040000000135e-01 1.091023749999999959e+00 1.323699240000000055e+00 1.556340760000000101e+00 1.788948830000000045e+00 2.021523939999999797e+00 2.254066589999999870e+00 2.486577280000000112e+00 2.719056500000000209e+00 2.951504729999999910e+00 3.183922449999999849e+00 3.416310140000000217e+00 3.648668279999999875e+00 3.880997349999999901e+00 4.113297799999999782e+00 4.345570109999999708e+00 4.577814739999999993e+00 4.810032149999999618e+00 5.042222790000000288e+00 5.274387120000000095e+00
-3.136290830000000085e+01 -3.111963379999999901e+01 -3.087648880000000062e+01 -3.063347230000000110e+01 -3.039058319999999824e+01 -3.016851150000000104e+01 -2.992586359999999956e+01 -2.968334030000000112e+01 -2.944094079999999991e+01 -2.919866400000000084e+01 -2.895650919999999928e+01 -2.871447540000000131e+01 -2.847256169999999997e+01 -2.823076730000000012e+01 -2.798909129999999834e+01 -2.774753289999999950e+01 -2.750609120000000019e+01 -2.726476530000000054e+01 -2.702355460000000065e+01 -2.678245809999999949e+01 -2.654147509999999954e+01 -2.630060470000000095e+01 -2.605984610000000146e+01 -2.581919870000000117e+01 -2.557866149999999905e+01 -2.533823380000000114e+01 -2.509791489999999925e+01 -2.485770390000000063e+01 -2.461760010000000065e+01 -2.437760279999999824e+01 -2.413771110000000064e+01 -2.389792440000000084e+01 -2.365824179999999899e+01 -2.341866269999999872e+01 -2.317918630000000135e+01 -2.293981180000000109e+01 -2.270053850000000040e+01 -2.246136570000000177e+01 -2.222229259999999940e+01 -2.198331849999999932e+01 -2.174444259999999929e+01 -2.150566419999999823e+01 -2.126698269999999980e+01 -2.102839720000000057e+01 -2.078990699999999947e+01 -2.055151139999999899e+01 -2.031320970000000159e+01 -2.007500110000000149e+01 -1.983688499999999877e+01 -1.959886050000000068e+01
-6.002539620000000298e+00 -5.768403779999999870e+00 -5.534319799999999567e+00 -5.300287070000000433e+00 -5.066304970000000019e+00 -4.832372880000000315e+00 -4.598490209999999578e+00 -4.364656359999999680e+00 -4.130870719999999885e+00 -3.897132689999999844e+00 -3.663441689999999973e+00 -3.429797129999999861e+00 -3.196198429999999924e+00 -2.962644989999999812e+00 -2.729136239999999880e+00 -2.495671610000000040e+00 -2.262250530000000204e+00 -2.028872419999999899e+00 -1.795536730000000025e+00 -1.562242890000000051e+00 -1.328990340000000048e+00 -1.095778539999999968e+00 -8.626069339999999919e-01 -6.294749729999999932e-01 -3.963821140000000076e-01 -1.633278200000000124e-01 6.968844470000000457e-02 3.026672129999999905e-01 5.356090119999999954e-01 7.685143679999999478e-01 1.001383799999999935e+00 1.234217829999999960e+00 1.467016969999999976e+00 1.699781729999999991e+00 1.932512610000000075e+00 2.165210130000000177e+00 2.397874770000000044e+00 2.630507049999999847e+00 2.863107439999999837e+00 3.095676450000000024e+00 3.328214550000000216e+00 3.560722230000000099e+00 3.793199969999999865e+00 4.025648239999999767e+00 4.258067519999999995e+00 4.490458280000000357e+00 4.722820979999999835e+00 4.955156080000000074e+00 5.187464059999999932e+00 5.419745350000000350e+00
-3.123053870000000032e+01 -3.098711050000000000e+01 -3.074381239999999949e+01 -3.050064349999999891e+01 -3.025760259999999846e+01 -3.001468879999999828e+01 -2.979259409999999875e+01 -2.954992060000000009e+01 -2.930737119999999862e+01 -2.906494509999999920e+01 -2.882264130000000080e+01 -2.858045890000000000e+01 -2.833839700000000050e+01 -2.809645469999999889e+01 -2.785463109999999887e+01 -2.761292530000000056e+01 -2.737133650000000173e+01 -2.712986379999999897e+01 -2.688850640000000070e+01 -2.664726350000000110e+01 -2.640613420000000033e+01 -2.616511769999999970e+01 -2.592421320000000051e+01 -2.568341990000000052e+01 -2.544273709999999866e+01 -2.520216380000000100e+01 -2.496169940000000054e+01 -2.472134309999999857e+01 -2.448109399999999880e+01 -2.424095150000000132e+01 -2.400091469999999916e+01 -2.376098299999999952e+01 -2.352115540000000138e+01 -2.328143139999999889e+01 -2.304181009999999930e+01 -2.280229080000000152e+01 -2.256287280000000095e+01 -2.232355529999999888e+01 -2.208433750000000018e+01 -2.184521880000000138e+01 -2.160619840000000025e+01 -2.136727559999999926e+01 -2.112844970000000089e+01 -2.088971980000000173e+01 -2.065108539999999948e+01 -2.041254560000000140e+01 -2.017409980000000047e+01 -1.993574710000000039e+01 -1.969748699999999886e+01 -1.945931870000000075e+01
-5.848401970000000283e+00 -5.614112239999999865e+00 -5.379874860000000147e+00 -5.145689199999999630e+00 -4.911554660000000183e+00 -4.677470630000000185e+00 -4.443436509999999728e+00 -4.209451689999999857e+00 -3.975515580000000160e+00 -3.741627579999999842e+00 -3.507787110000000208e+00 -3.273993570000000020e+00 -3.040246370000000198e+00 -2.806544950000000149e+00 -2.572888709999999968e+00 -2.339277089999999948e+00 -2.105709510000000062e+00 -1.872185409999999939e+00 -1.638704209999999994e+00 -1.405265369999999958e+00 -1.171868319999999963e+00 -9.385124990000000000e-01 -7.051973679999999911e-01 -4.719223750000000051e-01 -2.386869749999999957e-01 -5.490629300000000011e-03 2.276671999999999862e-01 4.607870479999999769e-01 6.938694429999999747e-01 9.269149129999999515e-01 1.159923980000000077e+00 1.392897169999999907e+00 1.625834989999999980e+00 1.858737960000000022e+00 2.091606580000000104e+00 2.324441370000000173e+00 2.557242829999999856e+00 2.790011450000000170e+00 3.022747729999999855e+00 3.255452169999999867e+00 3.488125259999999894e+00 3.720767470000000188e+00 3.953379299999999930e+00 4.185961220000000260e+00 4.418513700000000100e+00 4.651037230000000022e+00 4.883532279999999837e+00 5.115999290000000421e+00 5.348438749999999686e+00 5.580851110000000226e+00
-3.108273820000000143e+01 -3.083913719999999969e+01 -3.059566720000000117e+01 -3.035232720000000128e+01 -3.010911619999999900e+01 -2.986603290000000044e+01 -2.962307639999999864e+01 -2.940093269999999848e+01 -2.915821569999999952e+01 -2.891562250000000134e+01 -2.867315220000000053e+01 -2.843080390000000079e+01 -2.818857639999999876e+01 -2.794646910000000162e+01 -2.770448079999999891e+01 -2.746261069999999904e+01 -2.722085799999999978e+01 -2.697922170000000008e+01 -2.673770109999999889e+01 -2.649629510000000110e+01 -2.625500299999999854e+01 -2.601382389999999845e+01 -2.577275709999999975e+01 -2.553180169999999904e+01 -2.529095680000000002e+01 -2.505022179999999921e+01 -2.480959569999999914e+01 -2.456907779999999875e+01 -2.432866729999999933e+01 -2.408836339999999865e+01 -2.384816539999999918e+01 -2.360807249999999868e+01 -2.336808389999999847e+01 -2.312819890000000100e+01 -2.288841670000000050e+01 -2.264873659999999944e+01 -2.240915779999999913e+01 -2.216967950000000087e+01 -2.193030110000000121e+01 -2.169102180000000146e+01 -2.145184079999999938e+01 -2.121275749999999860e+01 -2.097377099999999928e+01 -2.073488079999999911e+01 -2.049608590000000063e+01 -2.025738580000000155e+01 -2.001877980000000079e+01 -1.978026690000000087e+01 -1.954184670000000068e+01 -1.930351830000000035e+01
