4.013551385599999776e+03 4.013221392200000082e+03 4.012895193800000015e+03 4.012572750799999994e+03 4.012254030199999761e+03 4.011938979200000176e+03 4.011627558199999839e+03 4.011319734199999857e+03 4.011015460999999959e+03 4.010714699000000110e+03 4.010417421799999829e+03 4.010123576599999978e+03 4.009833143599999858e+03 4.009546076600000106e+03 4.009262342600000011e+03 4.008981915200000003e+03 4.008704754800000046e+03 4.008430828399999882e+03 4.008160116199999720e+03 4.007892578599999979e+03 4.007628182599999946e+03 4.007366915000000063e+03 4.007108736199999839e+03 4.006853619800000160e+03 4.006601539399999638e+03 4.006352481800000078e+03 4.006106407400000080e+03 4.005863296399999854e+03 4.005623129000000063e+03 4.005385885400000006e+03 4.005151532599999882e+03 4.004920063999999911e+03 4.004691446599999836e+03 4.004465660599999865e+03 4.004242699399999765e+03 4.004022530000000188e+03 4.003805145799999991e+03 4.003590520400000059e+03 4.003378640599999926e+03 4.003169493200000034e+03 4.002963051799999903e+03 4.002759309799999755e+03 4.002558254000000034e+03 4.002359857999999804e+03 4.002164121800000430e+03 4.001971025599999848e+03 4.001780556200000319e+03 4.001592700400000012e+03 4.001407451600000059e+03 4.001224796599999991e+03
3.956464203800000178e+03 3.955917822800000067e+03 3.955376939599999787e+03 3.954841514599999755e+03 3.954311528000000180e+03 3.953786953400000129e+03 3.953267770999999811e+03 3.952753960999999890e+03 3.952245490400000108e+03 3.951742332799999986e+03 3.951244474999999966e+03 3.950751884000000246e+03 3.950264533399999891e+03 3.949782403400000021e+03 3.949305454400000144e+03 3.948833666600000015e+03 3.948367006999999830e+03 3.947905436000000009e+03 3.947448940400000083e+03 3.946997467400000005e+03 3.946550997199999983e+03 3.946109483600000203e+03 3.945672893599999952e+03 3.945241187600000103e+03 3.944814325999999710e+03 3.944392269200000101e+03 3.943974984200000108e+03 3.943562418200000138e+03 3.943154531600000155e+03 3.942751284800000121e+03 3.942352631599999768e+03 3.941958525799999734e+03 3.941568921199999750e+03 3.941183778200000233e+03 3.940803050600000006e+03 3.940426685600000383e+03 3.940054637000000184e+03 3.939686865200000284e+03 3.939323317399999723e+03 3.938963953999999831e+03 3.938608715600000323e+03 3.938257569200000034e+03 3.937910461999999825e+03 3.937567354400000113e+03 3.937228186999999707e+03 3.936892926800000168e+03 3.936561521000000084e+03 3.936233936599999652e+03 3.935910114199999953e+03 3.935590027400000054e+03
3.834973080199999913e+03 3.834674911999999949e+03 3.834380142799999703e+03 3.834088746200000060e+03 3.833800669400000061e+03 3.833515886000000137e+03 3.833234356399999797e+03 3.832956040999999914e+03 3.832680906800000230e+03 3.832408927399999811e+03 3.832140056600000207e+03 3.831874268000000029e+03 3.831611535199999707e+03 3.831351818600000115e+03 3.831095091799999864e+03 3.830841328399999838e+03 3.830590495399999782e+03 3.830342566399999669e+03 3.830097521600000164e+03 3.829855321400000321e+03 3.829615952600000128e+03 3.829379388800000015e+03 3.829145603599999959e+03 3.828914570599999934e+03 3.828686276599999928e+03 3.828460688600000140e+03 3.828237799999999879e+03 3.828017577800000254e+03 3.827800008799999887e+03 3.827585073199999897e+03 3.827372751200000039e+03 3.827163029599999845e+03 3.826955882000000202e+03 3.826751295199999731e+03 3.826549256000000241e+03 3.826349751199999901e+03 3.826152754400000049e+03 3.825958258999999998e+03 3.825766251799999736e+03 3.825576712999999927e+03 3.825389629399999649e+03 3.825204987799999799e+03 3.825022781599999689e+03 3.824842990999999984e+03 3.824665602799999760e+03 3.824490610400000151e+03 3.824318000600000232e+03 3.824147766799999772e+03 3.823979889199999889e+03 3.823814361199999894e+03
3.774662795000000187e+03 3.774170652799999971e+03 3.773683506800000032e+03 3.773201317400000335e+03 3.772724078000000191e+03 3.772251762200000030e+03 3.771784350199999608e+03 3.771321815599999809e+03 3.770864145200000166e+03 3.770411312600000201e+03 3.769963291399999889e+03 3.769520061799999894e+03 3.769081597400000192e+03 3.768647871799999848e+03 3.768218858600000203e+03 3.767794524799999635e+03 3.767374837399999706e+03 3.766959783199999947e+03 3.766549309399999856e+03 3.766143396200000097e+03 3.765742003999999724e+03 3.765345106400000077e+03 3.764952650600000197e+03 3.764564610200000061e+03 3.764180945600000086e+03 3.763801623800000016e+03 3.763426591999999800e+03 3.763055817200000092e+03 3.762689259799999945e+03 3.762326867000000220e+03 3.761968612399999984e+03 3.761614443200000096e+03 3.761264319799999612e+03 3.760918196000000080e+03 3.760576025600000321e+03 3.760237775600000077e+03 3.759903393200000210e+03 3.759572832199999993e+03 3.759246052999999847e+03 3.758923015999999734e+03 3.758603668400000061e+03 3.758287970599999881e+03 3.757975883000000067e+03 3.757667359400000350e+03 3.757362360199999785e+03 3.757060845799999697e+03 3.756762763400000040e+03 3.756468080000000100e+03 3.756176762600000075e+03 3.755888758399999915e+03
3.656374671200000193e+03 3.656107720999999856e+03 3.655843780400000014e+03 3.655582822999999735e+03 3.655324815799999669e+03 3.655069712600000003e+03 3.654817500199999813e+03 3.654568132399999740e+03 3.654321582800000215e+03 3.654077824999999848e+03 3.653836825999999746e+03 3.653598559399999885e+03 3.653362998800000241e+03 3.653130117800000335e+03 3.652899883399999908e+03 3.652672282399999858e+03 3.652447281799999928e+03 3.652224861799999871e+03 3.652005002599999898e+03 3.651787677799999983e+03 3.651572867599999881e+03 3.651360552199999802e+03 3.651150705200000175e+03 3.650943319999999858e+03 3.650738370199999736e+03 3.650535842600000251e+03 3.650335717400000249e+03 3.650137974799999938e+03 3.649942594999999983e+03 3.649749577999999929e+03 3.649558897400000205e+03 3.649370533400000113e+03 3.649184486000000106e+03 3.649000728799999706e+03 3.648819255200000043e+03 3.648640051999999741e+03 3.648463106000000153e+03 3.648288397400000122e+03 3.648115919599999870e+03 3.647945665999999619e+03 3.647777616800000033e+03 3.647611772000000201e+03 3.647448105200000100e+03 3.647286616399999730e+03 3.647127285800000209e+03 3.646970113399999718e+03 3.646815086000000065e+03 3.646662196999999651e+03 3.646511426600000050e+03 3.646362774799999897e+03
3.592835025800000039e+03 3.592396581200000128e+03 3.591962624599999799e+03 3.591533129599999938e+03 3.591108083000000079e+03 3.590687464999999975e+03 3.590271262400000069e+03 3.589859442199999648e+03 3.589451997799999845e+03 3.589048902800000178e+03 3.588650130799999715e+03 3.588255662000000029e+03 3.587865469999999732e+03 3.587479534999999942e+03 3.587097823999999946e+03 3.586720310599999721e+03 3.586346968400000151e+03 3.585977764399999614e+03 3.585612672199999906e+03 3.585251652200000080e+03 3.584894671399999879e+03 3.584541703400000188e+03 3.584192715199999839e+03 3.583847654000000148e+03 3.583506500000000415e+03 3.583169213600000148e+03 3.582835748599999988e+03 3.582506072000000131e+03 3.582180137599999853e+03 3.581857919000000038e+03 3.581539363400000184e+03 3.581224437800000032e+03 3.580913096000000223e+03 3.580605305000000044e+03 3.580301018600000134e+03 3.580000197200000002e+03 3.579702794599999834e+03 3.579408777800000280e+03 3.579118100599999707e+03 3.578830729999999676e+03 3.578546619800000371e+03 3.578265730399999939e+03 3.577988022200000160e+03 3.577713462199999867e+03 3.577442004200000156e+03 3.577173615199999858e+03 3.576908262200000081e+03 3.576645899000000099e+03 3.576386492599999656e+03 3.576130009999999857e+03
3.477713621599999897e+03 3.477477348200000051e+03 3.477243708199999674e+03 3.477012681799999882e+03 3.476784222799999952e+03 3.476558317999999872e+03 3.476334934399999838e+03 3.476114045600000281e+03 3.475895625199999813e+03 3.475679646800000228e+03 3.475466084000000137e+03 3.475254910399999972e+03 3.475046112799999719e+03 3.474839658200000031e+03 3.474635533399999986e+03 3.474433718600000248e+03 3.474234180800000104e+03 3.474036913399999776e+03 3.473841896599999927e+03 3.473649104000000079e+03 3.473458528999999999e+03 3.473270145200000115e+03 3.473083939399999963e+03 3.472899905000000217e+03 3.472718015599999944e+03 3.472538258000000042e+03 3.472360625600000276e+03 3.472185092000000168e+03 3.472011663799999951e+03 3.471840307999999823e+03 3.471671031200000016e+03 3.471503807000000052e+03 3.471338628800000151e+03 3.471175483400000303e+03 3.471014364200000273e+03 3.470855258000000049e+03 3.470698158199999853e+03 3.470543051599999671e+03 3.470389924999999948e+03 3.470238778400000228e+03 3.470089592000000266e+03 3.469942365800000061e+03 3.469797080000000278e+03 3.469653734600000007e+03 3.469512316400000145e+03 3.469372818800000005e+03 3.469235228599999573e+03 3.469099545799999760e+03 3.468965763799999877e+03 3.468833862800000134e+03
3.411006022399999893e+03 3.410620747400000255e+03 3.410239445600000181e+03 3.409862103800000114e+03 3.409488702199999807e+03 3.409119227600000158e+03 3.408753660200000013e+03 3.408391986800000268e+03 3.408034180999999990e+03 3.407680222999999842e+03 3.407330092999999579e+03 3.406983771199999865e+03 3.406641231200000220e+03 3.406302453199999945e+03 3.405967404200000146e+03 3.405636070999999902e+03 3.405308407399999851e+03 3.404984400199999982e+03 3.404664016400000037e+03 3.404347222999999758e+03 3.404033986999999797e+03 3.403724275399999897e+03 3.403418061800000032e+03 3.403115313199999946e+03 3.402815983399999823e+03 3.402520052599999872e+03 3.402227474599999823e+03 3.401938216399999874e+03 3.401652238399999987e+03 3.401369514199999685e+03 3.401089990999999827e+03 3.400813648999999714e+03 3.400540435400000206e+03 3.400270323799999915e+03 3.400003268000000389e+03 3.399739241600000241e+03 3.399478198400000110e+03 3.399220105399999738e+03 3.398964922999999999e+03 3.398712618200000179e+03 3.398463151400000243e+03 3.398216489599999932e+03 3.397972593200000119e+03 3.397731435799999872e+03 3.397492977800000062e+03 3.397257192799999757e+03 3.397024034600000050e+03 3.396793476800000008e+03 3.396565493000000060e+03 3.396340050199999951e+03
3.298993805600000087e+03 3.298787779999999657e+03 3.298584024799999952e+03 3.298382513600000038e+03 3.298183219999999892e+03 3.297986130799999955e+03 3.297791206400000192e+03 3.297598440199999914e+03 3.297407792599999993e+03 3.297219256999999743e+03 3.297032807000000048e+03 3.296848422799999753e+03 3.296666084600000431e+03 3.296485779200000252e+03 3.296307480200000100e+03 3.296131174399999963e+03 3.295956848599999830e+03 3.295784482999999909e+03 3.295614064399999734e+03 3.295445579600000201e+03 3.295279008800000156e+03 3.295114345400000275e+03 3.294951576200000090e+03 3.294790688000000046e+03 3.294631667599999673e+03 3.294474508400000104e+03 3.294319190600000184e+03 3.294165707600000133e+03 3.294014052800000172e+03 3.293864212999999836e+03 3.293716175000000021e+03 3.293569938800000273e+03 3.293425491199999669e+03 3.293282825600000251e+03 3.293141928799999732e+03 3.293002794200000153e+03 3.292865415199999916e+03 3.292729785200000151e+03 3.292595890999999938e+03 3.292463732600000185e+03 3.292333290200000192e+03 3.292204570400000193e+03 3.292077566599999955e+03 3.291952259000000140e+03 3.291828641000000061e+03 3.291706719199999952e+03 3.291586473800000022e+03 3.291467904799999815e+03 3.291351005600000008e+03 3.291235763000000134e+03
3.229151529799999935e+03 3.228818922800000109e+03 3.228489780799999608e+03 3.228164077399999769e+03 3.227841812599999685e+03 3.227522953400000006e+03 3.227207499799999823e+03 3.226895425400000022e+03 3.226586717000000135e+03 3.226281354799999917e+03 3.225979312399999799e+03 3.225680583200000001e+03 3.225385127600000033e+03 3.225092939000000115e+03 3.224803990999999769e+03 3.224518250600000101e+03 3.224235691400000178e+03 3.223956300199999987e+03 3.223680037399999947e+03 3.223406883200000266e+03 3.223136804599999778e+03 3.222869768600000043e+03 3.222605755399999907e+03 3.222344718800000010e+03 3.222086639000000105e+03 3.221831482999999935e+03 3.221579217800000151e+03 3.221329810400000042e+03 3.221083221200000025e+03 3.220839423800000077e+03 3.220598385199999939e+03 3.220360072399999808e+03 3.220124445800000103e+03 3.219891478999999890e+03 3.219661138999999821e+03 3.219433379600000080e+03 3.219208187600000201e+03 3.218985516799999914e+03 3.218765334200000325e+03 3.218547620000000279e+03 3.218332327999999961e+03 3.218119431799999802e+03 3.217908911600000010e+03 3.217700721199999862e+03 3.217494834199999787e+03 3.217291230799999994e+03 3.217089877999999771e+03 3.216890742800000226e+03 3.216693798799999968e+03 3.216499026200000117e+03
3.120219994999999926e+03 3.120043887199999972e+03 3.119869700000000194e+03 3.119697406999999657e+03 3.119526995000000170e+03 3.119358437599999888e+03 3.119191714999999931e+03 3.119026813999999831e+03 3.118863708200000019e+03 3.118702384400000028e+03 3.118542829400000301e+03 3.118385016799999903e+03 3.118228946600000199e+03 3.118074585800000023e+03 3.117921941000000061e+03 3.117770979199999601e+03 3.117621700400000009e+03 3.117474084800000128e+03 3.117328125800000180e+03 3.117183810200000153e+03 3.117041124800000034e+03 3.116900063000000046e+03 3.116760611600000175e+03 3.116622763999999734e+03 3.116486507000000074e+03 3.116351840599999832e+03 3.116218745000000126e+03 3.116087226800000280e+03 3.115957259599999816e+03 3.115828856600000108e+03 3.115701991400000225e+03 3.115576670600000398e+03 3.115452881000000161e+03 3.115330622599999970e+03 3.115209882199999811e+03 3.115090653199999906e+03 3.114972935599999801e+03 3.114856716199999937e+03 3.114741995000000315e+03 3.114628765399999793e+03 3.114517014199999721e+03 3.114406748000000334e+03 3.114297953600000255e+03 3.114190624400000161e+03 3.114084760400000050e+03 3.113980348399999912e+03 3.113877388400000200e+03 3.113775873800000227e+03 3.113675791399999980e+03 3.113577147799999693e+03
3.047284008800000265e+03 3.047003601200000048e+03 3.046726137200000267e+03 3.046451597000000220e+03 3.046179960800000117e+03 3.045911228599999959e+03 3.045645380599999953e+03 3.045382403600000089e+03 3.045122271199999886e+03 3.044864976800000022e+03 3.044610507200000029e+03 3.044358829400000104e+03 3.044109930200000235e+03 3.043863789799999722e+03 3.043620388400000138e+03 3.043379706200000328e+03 3.043141710200000034e+03 3.042906387200000154e+03 3.042673704199999975e+03 3.042443647999999939e+03 3.042216179000000011e+03 3.041991277399999944e+03 3.041768916799999715e+03 3.041549064199999975e+03 3.041331699800000024e+03 3.041116797200000292e+03 3.040904316799999833e+03 3.040694238799999766e+03 3.040486530199999834e+03 3.040281164600000011e+03 3.040078109000000040e+03 3.039877336999999898e+03 3.039678822200000013e+03 3.039482531600000129e+03 3.039288438800000222e+03 3.039096510800000033e+03 3.038906721199999993e+03 3.038719050199999856e+03 3.038533458200000041e+03 3.038349918800000069e+03 3.038168412200000148e+03 3.037988905400000021e+03 3.037811372000000119e+03 3.037635792199999742e+03 3.037462139600000228e+03 3.037290387799999735e+03 3.037120510400000057e+03 3.036952487600000040e+03 3.036786293000000114e+03 3.036621906800000033e+03
2.941398512599999776e+03 2.941252098200000091e+03 2.941107267800000045e+03 2.940963988399999835e+03 2.940822259999999915e+03 2.940682056200000261e+03 2.940543357200000173e+03 2.940406163000000106e+03 2.940270447200000035e+03 2.940136196599999948e+03 2.940003404600000067e+03 2.939872051399999691e+03 2.939742130399999951e+03 2.939613628399999925e+03 2.939486532200000056e+03 2.939360835200000110e+03 2.939236524200000076e+03 2.939113592599999720e+03 2.938992027199999939e+03 2.938871821400000044e+03 2.938752968599999804e+03 2.938635455600000114e+03 2.938519288999999844e+03 2.938404442399999880e+03 2.938290922399999999e+03 2.938178722399999970e+03 2.938067829200000233e+03 2.937958242799999880e+03 2.937849956600000041e+03 2.937742964000000029e+03 2.937637258400000064e+03 2.937532839800000147e+03 2.937429694999999811e+03 2.937327830600000198e+03 2.937227226800000153e+03 2.937127896800000144e+03 2.937029827400000158e+03 2.936933011999999962e+03 2.936837443999999778e+03 2.936743129999999837e+03 2.936650056800000129e+03 2.936558217799999966e+03 2.936467619600000035e+03 2.936378249000000324e+03 2.936290105999999923e+03 2.936203183999999965e+03 2.936117476400000214e+03 2.936032976599999984e+03 2.935949691199999961e+03 2.935867607000000135e+03
2.865403010600000016e+03 2.865174379999999928e+03 2.864948151800000232e+03 2.864724326000000019e+03 2.864502889399999731e+03 2.864283828800000265e+03 2.864067130999999790e+03 2.863852789399999892e+03 2.863640777600000092e+03 2.863431088999999702e+03 2.863223703800000294e+03 2.863018615399999817e+03 2.862815797400000065e+03 2.862615229999999883e+03 2.862416906599999948e+03 2.862220800799999779e+03 2.862026892800000041e+03 2.861835156199999801e+03 2.861645584400000189e+03 2.861458144400000037e+03 2.861272823000000244e+03 2.861089587200000096e+03 2.860908423800000037e+03 2.860729306400000041e+03 2.860552201999999852e+03 2.860377104000000145e+03 2.860203979400000208e+03 2.860032801800000016e+03 2.859863544800000000e+03 2.859696195200000147e+03 2.859530720000000201e+03 2.859367099399999915e+03 2.859205300399999942e+03 2.859045309799999814e+03 2.858887094599999728e+03 2.858730634999999893e+03 2.858575911200000064e+03 2.858422896799999762e+03 2.858271558800000093e+03 2.858121890599999915e+03 2.857973865800000112e+03 2.857827457999999751e+03 2.857682640800000172e+03 2.857539407600000231e+03 2.857397725400000127e+03 2.857257580999999846e+03 2.857118954600000052e+03 2.856981826400000045e+03 2.856846169999999802e+03 2.856711985400000231e+03
2.762537634799999978e+03 2.762420762000000195e+03 2.762305136599999969e+03 2.762190745400000196e+03 2.762077575199999956e+03 2.761965612800000144e+03 2.761854851600000075e+03 2.761745265200000176e+03 2.761636860200000228e+03 2.761529616799999985e+03 2.761423521799999889e+03 2.761318575199999941e+03 2.761214757199999895e+03 2.761112067800000204e+03 2.761010493799999949e+03 2.760910028599999805e+03 2.760810665599999993e+03 2.760712398199999825e+03 2.760615219799999977e+03 2.760519123800000216e+03 2.760424103599999853e+03 2.760330152600000019e+03 2.760237270800000260e+03 2.760145445000000109e+03 2.760054681800000253e+03 2.759964961399999993e+03 2.759876290400000016e+03 2.759788662200000090e+03 2.759702076800000214e+03 2.759616527600000154e+03 2.759532001399999899e+03 2.759448511399999916e+03 2.759366044399999737e+03 2.759284593800000039e+03 2.759204166200000145e+03 2.759124754999999823e+03 2.759046353599999748e+03 2.758968955400000141e+03 2.758892573600000105e+03 2.758817188399999850e+03 2.758742799799999830e+03 2.758669407800000045e+03 2.758597012400000040e+03 2.758525607000000036e+03 2.758455184999999801e+03 2.758385753000000022e+03 2.758317291200000000e+03 2.758249812799999745e+03 2.758183297999999922e+03 2.758117760000000089e+03
2.683511795599999914e+03 2.683334560520000196e+03 2.683159203140000045e+03 2.682985714880000160e+03 2.682814085840000189e+03 2.682644307439999920e+03 2.682476368460000231e+03 2.682310259660000156e+03 2.682145968499999981e+03 2.681983483760000126e+03 2.681822792240000126e+03 2.681663881399999809e+03 2.681506736719999935e+03 2.681351345000000038e+03 2.681197690399999829e+03 2.681045757740000226e+03 2.680895531180000035e+03 2.680746994220000033e+03 2.680600130360000094e+03 2.680454921779999950e+03 2.680311350660000244e+03 2.680169399180000255e+03 2.680029049519999717e+03 2.679890283199999885e+03 2.679753079760000219e+03 2.679617422039999838e+03 2.679483290239999860e+03 2.679350664560000041e+03 2.679219525859999976e+03 2.679089855660000012e+03 2.678961633500000062e+03 2.678834840900000017e+03 2.678709457400000247e+03 2.678585465840000325e+03 2.678462845099999868e+03 2.678341578019999815e+03 2.678221645460000218e+03 2.678103029599999900e+03 2.677985711960000117e+03 2.677869674059999852e+03 2.677754900060000182e+03 2.677641372139999930e+03 2.677529073799999878e+03 2.677417987880000055e+03 2.677308099859999857e+03 2.677199393899999905e+03 2.677091854819999753e+03 2.676985467439999866e+03 2.676880218559999776e+03 2.676776094320000084e+03
2.583643713439999829e+03 2.583556292480000138e+03 2.583469798160000209e+03 2.583384220580000147e+03 2.583299549840000054e+03 2.583215777360000175e+03 2.583132893899999999e+03 2.583050890880000225e+03 2.582969761039999867e+03 2.582889495800000077e+03 2.582810088560000167e+03 2.582731532719999905e+03 2.582653821020000123e+03 2.582576947519999976e+03 2.582500906940000277e+03 2.582425693340000180e+03 2.582351301440000043e+03 2.582277727279999908e+03 2.582204964919999838e+03 2.582133010399999876e+03 2.582061860419999903e+03 2.581991511019999962e+03 2.581921958240000095e+03 2.581853198119999888e+03 2.581785228679999818e+03 2.581718046619999768e+03 2.581651647980000234e+03 2.581586031439999715e+03 2.581521194359999754e+03 2.581457132779999938e+03 2.581393846039999971e+03 2.581331330840000192e+03 2.581269585199999710e+03 2.581208606480000071e+03 2.581148393360000227e+03 2.581088943859999745e+03 2.581030254680000326e+03 2.580972325159999855e+03 2.580915151340000193e+03 2.580858733219999976e+03 2.580803066840000156e+03 2.580748151539999981e+03 2.580693983359999947e+03 2.580640561639999760e+03 2.580587883080000211e+03 2.580535945040000115e+03 2.580484746199999790e+03 2.580434282600000188e+03 2.580384552259999964e+03 2.580335552540000208e+03
2.501613572719999866e+03 2.501487433520000195e+03 2.501362635439999849e+03 2.501239172539999799e+03 2.501117038880000109e+03 2.500996226539999952e+03 2.500876728260000164e+03 2.500758536780000213e+03 2.500641642860000047e+03 2.500526038580000204e+03 2.500411714039999879e+03 2.500298659340000086e+03 2.500186865239999861e+03 2.500076320520000081e+03 2.499967014620000100e+03 2.499858936319999884e+03 2.499752073080000173e+03 2.499646413680000023e+03 2.499541945580000174e+03 2.499438656240000000e+03 2.499336532459999944e+03 2.499235561699999835e+03 2.499135729439999977e+03 2.499037023140000201e+03 2.498939428279999902e+03 2.498842931659999977e+03 2.498747519420000117e+03 2.498653177040000173e+03 2.498559891320000133e+03 2.498467647080000006e+03 2.498376431119999779e+03 2.498286229580000054e+03 2.498197028600000067e+03 2.498108813660000123e+03 2.498021571559999757e+03 2.497935289099999864e+03 2.497849952420000136e+03 2.497765548979999949e+03 2.497682064919999902e+03 2.497599489019999965e+03 2.497517807419999826e+03 2.497437008899999910e+03 2.497357080920000044e+03 2.497278012260000196e+03 2.497199791699999878e+03 2.497122408019999966e+03 2.497045850659999815e+03 2.496970109719999982e+03 2.496895174639999823e+03 2.496821035519999896e+03
2.404720780460000242e+03 2.404662773059999836e+03 2.404605378799999926e+03 2.404548591740000120e+03 2.404492404619999888e+03 2.404436812160000045e+03 2.404381808420000198e+03 2.404327387459999954e+03 2.404273544659999970e+03 2.404220274740000150e+03 2.404167573740000080e+03 2.404115436380000119e+03 2.404063858699999855e+03 2.404012837400000080e+03 2.403962367860000086e+03 2.403912447440000051e+03 2.403863071520000176e+03 2.403814238779999869e+03 2.403765945260000080e+03 2.403718188320000081e+03 2.403670965320000050e+03 2.403624274939999850e+03 2.403578113219999977e+03 2.403532479500000136e+03 2.403487371799999892e+03 2.403442786820000038e+03 2.403398724560000119e+03 2.403355181720000019e+03 2.403312158300000192e+03 2.403269651659999909e+03 2.403227661140000237e+03 2.403186184099999991e+03 2.403145220540000082e+03 2.403104769139999917e+03 2.403064827260000129e+03 2.403025394239999969e+03 2.402986469420000049e+03 2.402948050819999935e+03 2.402910137779999786e+03 2.402872727660000237e+03 2.402835820459999923e+03 2.402799413539999932e+03 2.402763506899999811e+03 2.402728097899999739e+03 2.402693185220000032e+03 2.402658767540000099e+03 2.402624843539999802e+03 2.402591410580000229e+03 2.402558468000000175e+03 2.402526013159999820e+03
2.319702071300000171e+03 2.319626808200000141e+03 2.319552348979999806e+03 2.319478690339999957e+03 2.319405828320000182e+03 2.319333758300000227e+03 2.319262475659999836e+03 2.319191975780000121e+03 2.319122253380000075e+03 2.319053303839999899e+03 2.318985120559999814e+03 2.318917697599999883e+03 2.318851029680000011e+03 2.318785110199999963e+03 2.318719931900000120e+03 2.318655488179999793e+03 2.318591771779999817e+03 2.318528776099999959e+03 2.318466492560000006e+03 2.318404913899999883e+03 2.318344032859999970e+03 2.318283840199999759e+03 2.318224328660000083e+03 2.318165490320000117e+03 2.318107315940000262e+03 2.318049797600000147e+03 2.317992927379999855e+03 2.317936696040000243e+03 2.317881095000000187e+03 2.317826117000000067e+03 2.317771752139999990e+03 2.317717992500000037e+03 2.317664830159999838e+03 2.317612256540000089e+03 2.317560263060000125e+03 2.317508841800000027e+03 2.317457985500000177e+03 2.317407684920000065e+03 2.317357933459999913e+03 2.317308723199999804e+03 2.317260046219999822e+03 2.317211895920000188e+03 2.317164264380000077e+03 2.317117145660000006e+03 2.317070531840000058e+03 2.317024417640000138e+03 2.316978795800000171e+03 2.316933660380000219e+03 2.316889006100000188e+03 2.316844826359999843e+03
2.225790884479999932e+03 2.225762243780000063e+03 2.225733908659999997e+03 2.225705874499999936e+03 2.225678139319999900e+03 2.225650699159999931e+03 2.225623552040000050e+03 2.225596695319999981e+03 2.225570125700000062e+03 2.225543841199999861e+03 2.225517839180000010e+03 2.225492118319999918e+03 2.225466675980000218e+03 2.225441510180000023e+03 2.225416618939999807e+03 2.225392001600000185e+03 2.225367655519999971e+03 2.225343579379999937e+03 2.225319771859999946e+03 2.225296232300000156e+03 2.225272958720000133e+03 2.225249949800000195e+03 2.225227205539999886e+03 2.225204723960000138e+03 2.225182504400000198e+03 2.225160545539999930e+03 2.225138847379999788e+03 2.225117409259999931e+03 2.225096229199999925e+03 2.225075307199999770e+03 2.225054642600000079e+03 2.225034234740000102e+03 2.225014082959999996e+03 2.224994185940000079e+03 2.224974544340000193e+03 2.224955156179999904e+03 2.224936022119999961e+03 2.224917140179999933e+03 2.224898511020000115e+03 2.224880133319999914e+03 2.224862005760000102e+03 2.224844129000000066e+03 2.224826501059999828e+03 2.224809121939999841e+03 2.224791990979999809e+03 2.224775106860000051e+03 2.224758468259999972e+03 2.224742075839999870e+03 2.224725927620000220e+03 2.224710022939999817e+03
2.137787282419999883e+03 2.137762760780000008e+03 2.137738505119999900e+03 2.137714512800000193e+03 2.137690783819999979e+03 2.137667316860000028e+03 2.137644109280000066e+03 2.137621160419999796e+03 2.137598468300000150e+03 2.137576031600000078e+03 2.137553848340000059e+03 2.137531915879999815e+03 2.137510233559999961e+03 2.137488798739999766e+03 2.137467608779999864e+03 2.137446661699999822e+03 2.137425954859999820e+03 2.137405486940000173e+03 2.137385253980000016e+03 2.137365254660000119e+03 2.137345485679999911e+03 2.137325944400000026e+03 2.137306628840000030e+03 2.137287535699999808e+03 2.137268662339999992e+03 2.137250006119999853e+03 2.137231564400000025e+03 2.137213333879999936e+03 2.137195311919999767e+03 2.137177495880000151e+03 2.137159883119999904e+03 2.137142470339999818e+03 2.137125255559999914e+03 2.137108234819999780e+03 2.137091406800000186e+03 2.137074768200000108e+03 2.137058316380000178e+03 2.137042048700000123e+03 2.137025962520000121e+03 2.137010055860000193e+03 2.136994325419999768e+03 2.136978769880000073e+03 2.136963385940000080e+03 2.136948171619999812e+03 2.136933124279999902e+03 2.136918243260000054e+03 2.136903524599999855e+03 2.136888967639999919e+03 2.136874569739999970e+03 2.136860328920000029e+03
2.046844024770799933e+03 2.046844764182000063e+03 2.046845502504200113e+03 2.046846239737400083e+03 2.046846975894799925e+03 2.046847710969799891e+03 2.046848444955800005e+03 2.046849177859400015e+03 2.046849909660799995e+03 2.046850640346799992e+03 2.046851369910800031e+03 2.046852098332999958e+03 2.046852825587000098e+03 2.046853551646400092e+03 2.046854276491400014e+03 2.046855000088999986e+03 2.046855722406199902e+03 2.046856443403399908e+03 2.046857163040999922e+03 2.046857881286000065e+03 2.046858598085600079e+03 2.046859313393599905e+03 2.046860027157199966e+03 2.046860739336799952e+03 2.046861449873000083e+03 2.046862158699799920e+03 2.046862865771000088e+03 2.046863571020599920e+03 2.046864274395800066e+03 2.046864975817399909e+03 2.046865675232600097e+03 2.046866372575399964e+03 2.046867067773200006e+03 2.046867760760000010e+03 2.046868451469799993e+03 2.046869139823400019e+03 2.046869825761400080e+03 2.046870509211199987e+03 2.046871190093600035e+03 2.046871868342600010e+03 2.046872543878999977e+03 2.046873216643399928e+03 2.046873886556599928e+03 2.046874553552599991e+03 2.046875217552199956e+03 2.046875878482800090e+03 2.046876536284999929e+03 2.046877190886199969e+03 2.046877842207200047e+03 2.046878490188599926e+03
1.955857246219999979e+03 1.955883426439999994e+03 1.955909332100000029e+03 1.955934963859999925e+03 1.955960323699999890e+03 1.955985413599999902e+03 1.956010234880000098e+03 1.956034789520000004e+03 1.956059080159999894e+03 1.956083107460000065e+03 1.956106874060000109e+03 1.956130382600000075e+03 1.956153635059999942e+03 1.956176634079999985e+03 1.956199380980000115e+03 1.956221879059999992e+03 1.956244131619999962e+03 1.956266139320000093e+03 1.956287906779999958e+03 1.956309435319999920e+03 1.956330728240000099e+03 1.956351788180000085e+03 1.956372618439999997e+03 1.956393221660000108e+03 1.956413601140000083e+03 1.956433758859999898e+03 1.956453698119999899e+03 1.956473421559999906e+03 1.956492933140000105e+03 1.956512235500000088e+03 1.956531330620000062e+03 1.956550222459999986e+03 1.956568913000000066e+03 1.956587406200000032e+03 1.956605703380000023e+03 1.956623809160000064e+03 1.956641724860000068e+03 1.956659453779999922e+03 1.956676998559999902e+03 1.956694361840000056e+03 1.956711546259999977e+03 1.956728554459999941e+03 1.956745387760000085e+03 1.956762050119999913e+03 1.956778542199999947e+03 1.956794867959999920e+03 1.956811028059999899e+03 1.956827025800000001e+03 1.956842862499999910e+03 1.956858540140000059e+03
1.867905541280000079e+03 1.867935636619999968e+03 1.867965423740000006e+03 1.867994907920000060e+03 1.868024091140000110e+03 1.868052976700000045e+03 1.868081567239999913e+03 1.868109866060000058e+03 1.868137874479999937e+03 1.868165596459999961e+03 1.868193033320000040e+03 1.868220187039999928e+03 1.868247060260000126e+03 1.868273654300000089e+03 1.868299971140000025e+03 1.868326012759999912e+03 1.868351780479999888e+03 1.868377275620000091e+03 1.868402499499999976e+03 1.868427454099999977e+03 1.868452139420000094e+03 1.868476556780000010e+03 1.868500708159999931e+03 1.868524592900000016e+03 1.868548213640000085e+03 1.868571569720000070e+03 1.868594662460000109e+03 1.868617492520000042e+03 1.868640061220000007e+03 1.868662367899999936e+03 1.868684413879999966e+03 1.868706200480000007e+03 1.868727726379999922e+03 1.868748993559999917e+03 1.868770002680000061e+03 1.868790753080000059e+03 1.868811246080000046e+03 1.868831482340000093e+03 1.868851461859999972e+03 1.868871185299999979e+03 1.868890653319999956e+03 1.868909866579999971e+03 1.868928825739999866e+03 1.868947531459999936e+03 1.868965983739999956e+03 1.868984184559999903e+03 1.869002133259999937e+03 1.869019831159999967e+03 1.869037278920000062e+03 1.869054477860000134e+03
1.773956654600000093e+03 1.774033584860000019e+03 1.774109701339999901e+03 1.774185009320000063e+03 1.774259511440000097e+03 1.774333214300000009e+03 1.774406121200000143e+03 1.774478238079999983e+03 1.774549569560000009e+03 1.774620122240000001e+03 1.774689900739999985e+03 1.774758912320000036e+03 1.774827162920000092e+03 1.774894659139999931e+03 1.774961408240000083e+03 1.775027416819999871e+03 1.775092692140000054e+03 1.775157242119999864e+03 1.775221074020000060e+03 1.775284196419999944e+03 1.775346616580000045e+03 1.775408343080000122e+03 1.775469383840000091e+03 1.775529747439999937e+03 1.775589442460000100e+03 1.775648477480000111e+03 1.775706860419999884e+03 1.775764600519999931e+03 1.775821706360000007e+03 1.775878186519999872e+03 1.775934049579999964e+03 1.775989303459999974e+03 1.776043957399999954e+03 1.776098019980000117e+03 1.776151498460000084e+03 1.776204402079999909e+03 1.776256738759999962e+03 1.776308515760000091e+03 1.776359741660000054e+03 1.776410424379999995e+03 1.776460571179999988e+03 1.776510189319999881e+03 1.776559285400000135e+03 1.776607868000000053e+03 1.776655942399999958e+03 1.776703515860000152e+03 1.776750594979999960e+03 1.776797185700000000e+03 1.776843293959999983e+03 1.776888926359999914e+03
1.688970045199999959e+03 1.689029514500000005e+03 1.689088368019999962e+03 1.689146612360000063e+03 1.689204254120000087e+03 1.689261299239999971e+03 1.689317753660000108e+03 1.689373622000000069e+03 1.689428910200000018e+03 1.689483622879999984e+03 1.689537765320000062e+03 1.689591340819999914e+03 1.689644354660000090e+03 1.689696809479999956e+03 1.689748709899999994e+03 1.689800059220000094e+03 1.689850860739999916e+03 1.689901117099999965e+03 1.689950831600000129e+03 1.690000006219999932e+03 1.690048643600000105e+03 1.690096747040000082e+03 1.690144317199999932e+03 1.690191357379999999e+03 1.690237868239999898e+03 1.690283852419999903e+03 1.690329311239999925e+03 1.690374246679999942e+03 1.690418660060000093e+03 1.690462552039999991e+03 1.690505925259999913e+03 1.690548779720000084e+03 1.690591117400000030e+03 1.690632939619999888e+03 1.690674247039999955e+03 1.690715041639999981e+03 1.690755323419999968e+03 1.690795095019999962e+03 1.690834356439999965e+03 1.690873109000000113e+03 1.690911354679999931e+03 1.690949094800000012e+03 1.690986330019999968e+03 1.691023061659999939e+03 1.691059291699999903e+03 1.691095020799999929e+03 1.691130251600000065e+03 1.691164984760000152e+03 1.691199222259999942e+03 1.691232966080000097e+03
1.592045488459999888e+03 1.592173314619999928e+03 1.592299789099999998e+03 1.592424918500000103e+03 1.592548710739999933e+03 1.592671172419999948e+03 1.592792310799999996e+03 1.592912135779999971e+03 1.593030654619999950e+03 1.593147876559999986e+03 1.593263811499999974e+03 1.593378468679999969e+03 1.593491859320000003e+03 1.593603993980000041e+03 1.593714883220000047e+03 1.593824538920000123e+03 1.593932972959999915e+03 1.594040197880000051e+03 1.594146226220000017e+03 1.594251069859999916e+03 1.594354743319999898e+03 1.594457258480000064e+03 1.594558629860000110e+03 1.594658871319999889e+03 1.594757995400000027e+03 1.594856017280000060e+03 1.594952950820000069e+03 1.595048809880000135e+03 1.595143608979999954e+03 1.595237361980000060e+03 1.595330082740000080e+03 1.595421785779999936e+03 1.595512484960000165e+03 1.595602194139999938e+03 1.595690927180000017e+03 1.595778697279999960e+03 1.595865518300000076e+03 1.595951403439999922e+03 1.596036365899999964e+03 1.596120418219999920e+03 1.596203572280000117e+03 1.596285841939999955e+03 1.596367237760000080e+03 1.596447771619999912e+03 1.596527455400000008e+03 1.596606300319999946e+03 1.596684316280000075e+03 1.596761513840000134e+03 1.596837903560000086e+03 1.596913495340000054e+03
1.510048916660000032e+03 1.510137784999999894e+03 1.510225723399999879e+03 1.510312742420000177e+03 1.510398852620000071e+03 1.510484061919999931e+03 1.510568379560000039e+03 1.510651814119999926e+03 1.510734373519999963e+03 1.510816065019999996e+03 1.510896896539999943e+03 1.510976874680000037e+03 1.511056006040000057e+03 1.511134295900000097e+03 1.511211750859999938e+03 1.511288376200000130e+03 1.511364177200000086e+03 1.511439158480000060e+03 1.511513324000000011e+03 1.511586679040000035e+03 1.511659227560000090e+03 1.511730972199999997e+03 1.511801917580000008e+03 1.511872066339999947e+03 1.511941421779999928e+03 1.512009987200000069e+03 1.512077765240000190e+03 1.512144758540000112e+03 1.512210969080000041e+03 1.512276400160000094e+03 1.512341053099999954e+03 1.512404931199999965e+03 1.512468035780000037e+03 1.512530368819999921e+03 1.512591932960000122e+03 1.512652730179999935e+03 1.512712762460000022e+03 1.512772031120000065e+03 1.512830538799999886e+03 1.512888287480000145e+03 1.512945279139999911e+03 1.513001516419999916e+03 1.513057000639999842e+03 1.513111734439999964e+03 1.513165719800000034e+03 1.513218959360000099e+03 1.513271455099999912e+03 1.513323210319999816e+03 1.513374227000000019e+03 1.513424507119999816e+03
1.410138225560000137e+03 1.410317179940000187e+03 1.410494246719999865e+03 1.410669435799999974e+03 1.410842755759999818e+03 1.411014217160000044e+03 1.411183829900000092e+03 1.411351605199999995e+03 1.411517554279999786e+03 1.411681689680000090e+03 1.411844024600000012e+03 1.412004572240000016e+03 1.412163345800000116e+03 1.412320361119999916e+03 1.412475632059999953e+03 1.412629174459999831e+03 1.412781005479999976e+03 1.412931140299999925e+03 1.413079596739999943e+03 1.413226391960000001e+03 1.413371544439999980e+03 1.413515071339999849e+03 1.413656992459999856e+03 1.413797324959999969e+03 1.413936089300000049e+03 1.414073303300000134e+03 1.414208986760000016e+03 1.414343159479999940e+03 1.414475840600000083e+03 1.414607049920000009e+03 1.414736805919999824e+03 1.414865129719999914e+03 1.414992038480000019e+03 1.415117553319999843e+03 1.415241692059999878e+03 1.415364474500000142e+03 1.415485919120000062e+03 1.415606043080000063e+03 1.415724866179999935e+03 1.415842404919999808e+03 1.415958677780000016e+03 1.416073701260000007e+03 1.416187492519999978e+03 1.416300067399999989e+03 1.416411442399999942e+03 1.416521632700000055e+03 1.416630654139999933e+03 1.416738519919999817e+03 1.416845245219999924e+03 1.416950843900000109e+03
1.331149830800000018e+03 1.331268148999999994e+03 1.331385213199999953e+03 1.331501043199999913e+03 1.331615652200000113e+03 1.331729046800000106e+03 1.331841246800000135e+03 1.331952252199999975e+03 1.332062089399999877e+03 1.332170758400000068e+03 1.332278272399999878e+03 1.332384637999999995e+03 1.332489868399999978e+03 1.332593970200000058e+03 1.332696950000000015e+03 1.332798820999999862e+03 1.332899583200000052e+03 1.332999249800000143e+03 1.333097827399999915e+03 1.333195315999999821e+03 1.333291728799999873e+03 1.333387065800000073e+03 1.333481333599999971e+03 1.333574538800000028e+03 1.333666687999999795e+03 1.333757774599999948e+03 1.333847818400000051e+03 1.333936812800000098e+03 1.334024764400000095e+03 1.334111679800000047e+03 1.334197552399999950e+03 1.334282402000000047e+03 1.334366215400000101e+03 1.334449012399999901e+03 1.334530779799999891e+03 1.334611530799999855e+03 1.334691265400000020e+03 1.334769983599999932e+03 1.334847698600000058e+03 1.334924403800000164e+03 1.335000105799999801e+03 1.335074804600000107e+03 1.335148506799999950e+03 1.335221212400000013e+03 1.335292928000000074e+03 1.335363660200000140e+03 1.335433402399999977e+03 1.335502161200000046e+03 1.335569949799999904e+03 1.335636761600000000e+03
1.228228407800000014e+03 1.228458807200000138e+03 1.228686791000000085e+03 1.228912359200000083e+03 1.229135538199999928e+03 1.229356328000000076e+03 1.229574755000000096e+03 1.229790812600000208e+03 1.230004533799999990e+03 1.230215925200000129e+03 1.230425000000000182e+03 1.230631784600000174e+03 1.230836285599999883e+03 1.231038522800000010e+03 1.231238515999999890e+03 1.231436291600000004e+03 1.231631856200000129e+03 1.231825242800000069e+03 1.232016458000000057e+03 1.232205541399999902e+03 1.232392499600000065e+03 1.232577358999999888e+03 1.232760152599999856e+03 1.232940893599999981e+03 1.233119601800000055e+03 1.233296316800000113e+03 1.233471045199999935e+03 1.233643820000000005e+03 1.233814667600000121e+03 1.233983614400000079e+03 1.234150673600000118e+03 1.234315878200000043e+03 1.234479254599999877e+03 1.234640816000000086e+03 1.234800601999999799e+03 1.234958619200000157e+03 1.235114907199999834e+03 1.235269485799999984e+03 1.235422368199999937e+03 1.235573587399999951e+03 1.235723156600000038e+03 1.235871108800000002e+03 1.236017457200000081e+03 1.236162228199999845e+03 1.236305441599999995e+03 1.236447110600000087e+03 1.236587268199999926e+03 1.236725914399999965e+03 1.236863088800000014e+03 1.236998791399999845e+03
1.152278003599999920e+03 1.152425870000000032e+03 1.152572152400000050e+03 1.152716870599999993e+03 1.152860044399999879e+03 1.153001686999999947e+03 1.153141818199999989e+03 1.153280444600000010e+03 1.153417592600000035e+03 1.153553262200000063e+03 1.153687479799999892e+03 1.153820251999999982e+03 1.153951585400000113e+03 1.154081506399999853e+03 1.154210008399999879e+03 1.154337111199999981e+03 1.154462828000000172e+03 1.154587158799999997e+03 1.154710116799999923e+03 1.154831715199999962e+03 1.154951960599999893e+03 1.155070853000000170e+03 1.155188405599999896e+03 1.155304624999999987e+03 1.155419517799999994e+03 1.155533090599999923e+03 1.155645350000000008e+03 1.155756296000000020e+03 1.155865941800000201e+03 1.155974287399999866e+03 1.156081345999999940e+03 1.156187110999999959e+03 1.156291595600000164e+03 1.156394799800000101e+03 1.156496730200000002e+03 1.156597386800000095e+03 1.156696782800000165e+03 1.156794918199999984e+03 1.156891793000000007e+03 1.156987420400000019e+03 1.157081800399999793e+03 1.157174933000000010e+03 1.157266824799999995e+03 1.157357482399999981e+03 1.157446912399999974e+03 1.157535114799999974e+03 1.157622096199999987e+03 1.157707856600000014e+03 1.157792402600000059e+03 1.157875747399999909e+03
1.046334321799999998e+03 1.046616544400000066e+03 1.046895816799999920e+03 1.047172158800000034e+03 1.047445583600000191e+03 1.047716097799999943e+03 1.047983721200000218e+03 1.048248466999999891e+03 1.048510354999999890e+03 1.048769405000000006e+03 1.049025623600000017e+03 1.049279043800000181e+03 1.049529672200000050e+03 1.049777535199999875e+03 1.050022659199999907e+03 1.050265057399999932e+03 1.050504762799999980e+03 1.050741788599999836e+03 1.050976161199999979e+03 1.051207913599999983e+03 1.051437065600000096e+03 1.051663650200000120e+03 1.051887680599999840e+03 1.052109196399999973e+03 1.052328223999999864e+03 1.052544789799999990e+03 1.052758920199999920e+03 1.052970641599999908e+03 1.053179993599999989e+03 1.053386996000000181e+03 1.053591675200000054e+03 1.053794077399999878e+03 1.053994209200000114e+03 1.054192116799999894e+03 1.054387826600000153e+03 1.054581358399999999e+03 1.054772745199999918e+03 1.054962019999999939e+03 1.055149202600000081e+03 1.055334326000000146e+03 1.055517423199999939e+03 1.055698507399999926e+03 1.055877611599999909e+03 1.056054762199999914e+03 1.056229979000000185e+03 1.056403295000000071e+03 1.056574730000000045e+03 1.056744310399999904e+03 1.056912049399999887e+03 1.057077980000000025e+03
9.734395922000001065e+02 9.736171652000000449e+02 9.737928110000000288e+02 9.739665560000000823e+02 9.741384199999999964e+02 9.743084294000000227e+02 9.744765973999999460e+02 9.746429372000000058e+02 9.748074818000000050e+02 9.749702378000001772e+02 9.751312249999998585e+02 9.752904565999999704e+02 9.754479524000000765e+02 9.756037255999999616e+02 9.757577893999998651e+02 9.759101569999997992e+02 9.760608416000000034e+02 9.762098564000000351e+02 9.763572146000001339e+02 9.765029228000000785e+02 9.766469941999998809e+02 9.767894420000000082e+02 9.769302728000000116e+02 9.770694932000001245e+02 9.772071164000001318e+02 9.773431556000000455e+02 9.774776108000000931e+02 9.776104885999998260e+02 9.777418021999999382e+02 9.778715581999999813e+02 9.779997631999999612e+02 9.781264238000001114e+02 9.782515399999999772e+02 9.783751316000000315e+02 9.784971986000000470e+02 9.786177410000000236e+02 9.787367719999999736e+02 9.788542982000001302e+02 9.789703196000000389e+02 9.790848493999999391e+02 9.791978876000000582e+02 9.793094407999999476e+02 9.794195156000000679e+02 9.795281119999999646e+02 9.796352497999998832e+02 9.797409224000000449e+02 9.798451364000000012e+02 9.799479049999999916e+02 9.800492216000000099e+02 9.801491059999998470e+02
8.644576465999998618e+02 8.647921214000000418e+02 8.651231311999999889e+02 8.654506825999999364e+02 8.657748019999999087e+02 8.660954894000001332e+02 8.664127711999999519e+02 8.667266672000000653e+02 8.670371906000000308e+02 8.673443612000000940e+02 8.676481922000000395e+02 8.679487166000001253e+02 8.682459542000001420e+02 8.685399182000001019e+02 8.688306416000000354e+02 8.691181441999999606e+02 8.694024523999999019e+02 8.696835992000001170e+02 8.699616043999999420e+02 8.702364944000000833e+02 8.705083087999998952e+02 8.707770674000000781e+02 8.710428031999999803e+02 8.713055492000000868e+02 8.715653317999999672e+02 8.718221905999998853e+02 8.720761519999998654e+02 8.723272556000001714e+02 8.725755211999999119e+02 8.728209950000000390e+02 8.730637100000001283e+02 8.733036925999999767e+02 8.735409757999998419e+02 8.737755991999999878e+02 8.740075891999999840e+02 8.742369920000001002e+02 8.744638274000001275e+02 8.746881284000000960e+02 8.749099346000000423e+02 8.751292789999999968e+02 8.753461879999999837e+02 8.755606946000000335e+02 8.757728251999999429e+02 8.759826193999999759e+02 8.761901036000001568e+02 8.763952976000000490e+02 8.765982410000001437e+02 8.767989602000000104e+02 8.769974815999999009e+02 8.771938250000000608e+02
7.946458430000000135e+02 7.948533469999999852e+02 7.950585739999999078e+02 7.952615504000000328e+02 7.954623025999999300e+02 7.956608569999998508e+02 7.958572334000000410e+02 7.960514516000000640e+02 7.962435379999999441e+02 7.964335123999999269e+02 7.966214012000000366e+02 7.968072110000000521e+02 7.969909748000000036e+02 7.971727057999999033e+02 7.973524171999999908e+02 7.975301354000000629e+02 7.977058669999998983e+02 7.978796317999999701e+02 7.980514496000000690e+02 7.982213204000001951e+02 7.983892772000001514e+02 7.985553199999999379e+02 7.987194620000000214e+02 7.988817229999999654e+02 7.990421096000000034e+02 7.992006283999999141e+02 7.993572991999999431e+02 7.995121286000000964e+02 7.996651297999999315e+02 7.998163094000001365e+02 7.999656739999998081e+02 8.001132367999998678e+02 8.002590043999998670e+02 8.004029834000000392e+02 8.005451935999999478e+02 8.006856284000000414e+02 8.008243075999998837e+02 8.009612311999999292e+02 8.010964057999999568e+02 8.012298445999999785e+02 8.013615542000000005e+02 8.014915411999998014e+02 8.016198122000000694e+02 8.017463737999999012e+02 8.018712325999999848e+02 8.019943952000000991e+02 8.021158748000000287e+02 8.022356714000000011e+02 8.023537916000000223e+02 8.024702485999998771e+02
6.825766351999998278e+02 6.829638440000001083e+02 6.833470729999999094e+02 6.837263353999999254e+02 6.841016509999999471e+02 6.844730329999999867e+02 6.848404946000000564e+02 6.852040621999999530e+02 6.855637556000001496e+02 6.859195945999999822e+02 6.862715923999999177e+02 6.866197819999999865e+02 6.869641831999999795e+02 6.873048158000001422e+02 6.876417062000000442e+02 6.879748873999999432e+02 6.883043858000000910e+02 6.886302212000000509e+02 6.889524332000000868e+02 6.892710415999999896e+02 6.895860926000000291e+02 6.898976059999999961e+02 6.902056147999999212e+02 6.905101652000000740e+02 6.908112770000000182e+02 6.911089898000000176e+02 6.914033431999998811e+02 6.916943702000000940e+02 6.919821104000000105e+02 6.922665901999998823e+02 6.925478623999999854e+02 6.928259533999998894e+02 6.931009027999998580e+02 6.933727435999999216e+02 6.936415220000001227e+02 6.939072710000000370e+02 6.941700236000001496e+02 6.944298260000000482e+02 6.946867045999999846e+02 6.949407056000000011e+02 6.951918620000001283e+02 6.954402001999999356e+02 6.956857663999999204e+02 6.959285935999998856e+02 6.961687148000000889e+02 6.964061630000001060e+02 6.966409711999999672e+02 6.968731657999999243e+02 6.971027864000000136e+02 6.973298660000000382e+02
6.159036661999998614e+02 6.161414575999999670e+02 6.163766024000001380e+02 6.166091335999999501e+02 6.168390776000001097e+02 6.170664740000001984e+02 6.172913426000000072e+02 6.175137098000000151e+02 6.177336020000000190e+02 6.179510456000000431e+02 6.181660669999998845e+02 6.183786860000000161e+02 6.185889356000000134e+02 6.187968224000001101e+02 6.190023794000001089e+02 6.192056264000000283e+02 6.194065765999998803e+02 6.196052563999999165e+02 6.198016789999999219e+02 6.199958708000001479e+02 6.201878383999999187e+02 6.203776081999999406e+02 6.205651867999999922e+02 6.207506005999998706e+02 6.209338496000000305e+02 6.211149668000000474e+02 6.212939456000001428e+02 6.214708189999998922e+02 6.216455869999999777e+02 6.218182693999999628e+02 6.219888727999998537e+02 6.221574104000001171e+02 6.223238953999998557e+02 6.224883343999999852e+02 6.226507472000000689e+02 6.228111404000001130e+02 6.229695140000001174e+02 6.231258944000001065e+02 6.232802815999998529e+02 6.234326822000000448e+02 6.235831160000000182e+02 6.237315830000000005e+02 6.238780964000000040e+02 6.240226628000000346e+02 6.241652954000001046e+02 6.243060007999999925e+02 6.244447790000001532e+02 6.245816497999999228e+02 6.247166131999999834e+02 6.248496824000001197e+02
5.007030158000000029e+02 5.011434601999999359e+02 5.015794100000000526e+02 5.020108915999999226e+02 5.024379248000000189e+02 5.028605227999998988e+02 5.032787053999998079e+02 5.036924989999999980e+02 5.041019168000000263e+02 5.045069852000001447e+02 5.049077174000001378e+02 5.053041530000000421e+02 5.056962985999998637e+02 5.060841938000000937e+02 5.064678518000000622e+02 5.068473122000000330e+02 5.072226013999998031e+02 5.075937391999998454e+02 5.079607717999999750e+02 5.083237189999999828e+02 5.086826203999999052e+02 5.090375090000000000e+02 5.093884112000000641e+02 5.097353797999999188e+02 5.100784346000000369e+02 5.104176218000000063e+02 5.107529744000000846e+02 5.110845386000000872e+02 5.114123474000000442e+02 5.117364403999999922e+02 5.120568571999999676e+02 5.123736440000000130e+02 5.126868337999999312e+02 5.129964661999999862e+02 5.133025939999999991e+02 5.136052435999999943e+02 5.139044678000000204e+02 5.142002995999998802e+02 5.144927785999998378e+02 5.147819509999999354e+02 5.150678497999999763e+02 5.153505212000000029e+02 5.156300048000000515e+02 5.159063335999999254e+02 5.161795538000001216e+02 5.164496917999999823e+02 5.167167938000000049e+02 5.169808927999999923e+02 5.172420217999999750e+02 5.175002270000002227e+02
4.371799297999998544e+02 4.374484442000000399e+02 4.377139292000001660e+02 4.379764310000000478e+02 4.382359825999999430e+02 4.384926038000000972e+02 4.387463408000000982e+02 4.389972199999999702e+02 4.392452677999999651e+02 4.394905238000001191e+02 4.397330077999999958e+02 4.399727528000000802e+02 4.402097785999999360e+02 4.404441248000000542e+02 4.406758045999999922e+02 4.409048510000000078e+02 4.411312838000001193e+02 4.413551228000001174e+02 4.415764010000000326e+02 4.417951315999998769e+02 4.420113410000001295e+02 4.422250490000001264e+02 4.424362688000001071e+02 4.426450268000000960e+02 4.428513362000001052e+02 4.430552233999999316e+02 4.432566950000000361e+02 4.434557708000002094e+02 4.436524706000000151e+02 4.438468076000001474e+02 4.440388015999999425e+02 4.442284592000000885e+02 4.444158001999999215e+02 4.446008311999999023e+02 4.447835785999998279e+02 4.449640423999999257e+02 4.451422423999999864e+02 4.453181918000000223e+02 4.454919038000000455e+02 4.456633784000000560e+02 4.458326420000000780e+02 4.459996945999998843e+02 4.461645493999999417e+02 4.463272261999998136e+02 4.464877184000001762e+02 4.466460524000001442e+02 4.468022281999999450e+02 4.469562590000000455e+02 4.471081513999999970e+02 4.472579186000000391e+02
3.188702834000000621e+02 3.193644188000000668e+02 3.198535844000000452e+02 3.203377801999999974e+02 3.208170457999999599e+02 3.212913943999999447e+02 3.217608458000001974e+02 3.222254198000000542e+02 3.226851427999999942e+02 3.231400346000000354e+02 3.235901149999999689e+02 3.240354104000000461e+02 3.244759472000000642e+02 3.249117452000000412e+02 3.253428440000000137e+02 3.257692567999999937e+02 3.261910166000000117e+02 3.266081564000000981e+02 3.270207092000000557e+02 3.274287080000001424e+02 3.278321791999999277e+02 3.282311623999999028e+02 3.286256971999998768e+02 3.290158100000001014e+02 3.294015469999999368e+02 3.297829412000000957e+02 3.301600387999999384e+02 3.305328727999999501e+02 3.309014827999999397e+02 3.312659149999999499e+02 3.316262156000000232e+02 3.319824175999999625e+02 3.323345672000000377e+02 3.326827106000000640e+02 3.330268873999998505e+02 3.333671438000001217e+02 3.337035194000000047e+02 3.340360603999999967e+02 3.343648129999999128e+02 3.346898167999997895e+02 3.350111179999998967e+02 3.353287562000000435e+02 3.356427710000000388e+02 3.359532152000001588e+02 3.362601283999999850e+02 3.365635436000000027e+02 3.368635070000000269e+02 3.371600648000001001e+02 3.374532500000000255e+02 3.377431022000000667e+02
2.585208601999997882e+02 2.588206652000001213e+02 2.591170514000000367e+02 2.594100650000000314e+02 2.596997390000001360e+02 2.599861129999999321e+02 2.602692200000001321e+02 2.605490996000000905e+02 2.608257847999998376e+02 2.610993152000000919e+02 2.613697105999999621e+02 2.616370172000001730e+02 2.619012614000000667e+02 2.621624696000001222e+02 2.624206813999999213e+02 2.626759165999999368e+02 2.629282081999999718e+02 2.631775892000000567e+02 2.634240727999999763e+02 2.636676919999999882e+02 2.639084732000001168e+02 2.641464428000001590e+02 2.643816206000001330e+02 2.646140264000000570e+02 2.648436865999999554e+02 2.650706210000000738e+02 2.652948559999999816e+02 2.655164048000001458e+02 2.657352938000001359e+02 2.659515361999999641e+02 2.661651517999998759e+02 2.663761537999998836e+02 2.665845686000000114e+02 2.667904160000000502e+02 2.669936959999999999e+02 2.671944349999998849e+02 2.673926527999999507e+02 2.675883493999999700e+02 2.677815577999999732e+02 2.679722780000001876e+02 2.681605297999999493e+02 2.683463197999999466e+02 2.685296677999999702e+02 2.687105870000000323e+02 2.688890839999999116e+02 2.690651654000000690e+02 2.692388576000000739e+02 2.694101606000001539e+02 2.695790875999998661e+02 2.697456451999998990e+02
1.370273012000000108e+02 1.375755434000000150e+02 1.381183207999999922e+02 1.386556729999999789e+02 1.391876263999999992e+02 1.397141876000000593e+02 1.402353961999999683e+02 1.407512653999999657e+02 1.412618215999998483e+02 1.417670911999998680e+02 1.422670873999998093e+02 1.427618497999999363e+02 1.432513849999998001e+02 1.437357325999998920e+02 1.442149124000000029e+02 1.446889507999999296e+02 1.451578807999999299e+02 1.456217354000000341e+02 1.460805344000000332e+02 1.465343173999999635e+02 1.469831108000000768e+02 1.474269607999999607e+02 1.478658938000000944e+02 1.482999493999998322e+02 1.487291605999998865e+02 1.491535736000000725e+02 1.495732213999999658e+02 1.499881436000000576e+02 1.503983863999999357e+02 1.508039894000000913e+02 1.512049988000001122e+02 1.516014542000000347e+02 1.519933951999998953e+02 1.523808745999999701e+02 1.527639320000000680e+02 1.531426136000000042e+02 1.535169721999998274e+02 1.538870408000000225e+02 1.542528721999999561e+02 1.546145059999998921e+02 1.549720016000001124e+02 1.553253919999999653e+02 1.556747299999999541e+02 1.560200551999998879e+02 1.563614138000000366e+02 1.566988519999999880e+02 1.570324226000000181e+02 1.573621519999999236e+02 1.576880995999999868e+02 1.580102984000000106e+02
3.921243409400000019e+03 3.920946778999999879e+03 3.920653540999999677e+03 3.920363662400000067e+03 3.920077103599999646e+03 3.919793831599999976e+03 3.919513813399999890e+03 3.919237009399999806e+03 3.918963386599999922e+03 3.918692918599999757e+03 3.918425572399999965e+03 3.918161314999999831e+03 3.917900113400000009e+03 3.917641954400000031e+03 3.917386791799999628e+03 3.917134605799999918e+03 3.916885376600000200e+03 3.916639071200000217e+03 3.916395663199999944e+03 3.916155132799999592e+03 3.915917453600000044e+03 3.915682605800000147e+03 3.915450569600000108e+03 3.915221318599999904e+03 3.914994832999999744e+03 3.914771093000000292e+03 3.914550078799999937e+03 3.914331770599999800e+03 3.914116155199999866e+03 3.913903212799999892e+03 3.913692923599999631e+03 3.913485267799999747e+03 3.913280238800000006e+03 3.913077810200000386e+03 3.912877968800000417e+03 3.912680707999999868e+03 3.912486007999999856e+03 3.912293848999999682e+03 3.912104231000000254e+03 3.911917127600000185e+03 3.911732532199999696e+03 3.911550431599999683e+03 3.911370812600000136e+03 3.911193668599999910e+03 3.911018979800000125e+03 3.910846746199999870e+03 3.910676954600000045e+03 3.910509591799999725e+03 3.910344651200000044e+03 3.910182119600000078e+03
4.050579299600000013e+03 4.049978257400000075e+03 4.049383122199999889e+03 4.048793867600000340e+03 4.048210447399999794e+03 4.047632828599999812e+03 4.047060984799999915e+03 4.046494883000000300e+03 4.045934490200000255e+03 4.045379793199999767e+03 4.044830745799999931e+03 4.044287341400000059e+03 4.043749540400000114e+03 4.043217322999999851e+03 4.042690662800000155e+03 4.042169539999999870e+03 4.041653914999999870e+03 4.041143774600000143e+03 4.040639079200000197e+03 4.040139802400000008e+03 4.039645911200000228e+03 4.039157385800000156e+03 4.038674186600000212e+03 4.038196273999999903e+03 4.037723621600000115e+03 4.037256196400000135e+03 4.036793945600000370e+03 4.036336849400000119e+03 4.035884861600000022e+03 4.035437942600000042e+03 4.034996046199999910e+03 4.034559139400000277e+03 4.034127169399999730e+03 4.033700096599999597e+03 4.033277881400000297e+03 4.032860477600000195e+03 4.032447832400000152e+03 4.032039906199999677e+03 4.031636646200000087e+03 4.031238006200000200e+03 4.030843946599999981e+03 4.030454414599999836e+03 4.030069357399999717e+03 4.029688728799999808e+03 4.029312489199999618e+03 4.028940579199999775e+03 4.028572959199999787e+03 4.028209576400000060e+03 4.027850384600000325e+03 4.027495337600000312e+03
3.742939789399999881e+03 3.742672746799999913e+03 3.742408740200000011e+03 3.742147716800000126e+03 3.741889663400000245e+03 3.741634540400000333e+03 3.741382321399999910e+03 3.741132973400000083e+03 3.740886463400000139e+03 3.740642771599999833e+03 3.740401871600000050e+03 3.740163730400000077e+03 3.739928328199999669e+03 3.739695638600000166e+03 3.739465635200000179e+03 3.739238298199999917e+03 3.739013601200000267e+03 3.738791530999999850e+03 3.738572054600000229e+03 3.738355158800000027e+03 3.738140830399999686e+03 3.737929036399999859e+03 3.737719763600000078e+03 3.737512998799999878e+03 3.737308722199999920e+03 3.737106913999999961e+03 3.736907560999999987e+03 3.736710643399999753e+03 3.736516154599999936e+03 3.736324068200000056e+03 3.736134377599999880e+03 3.735947063000000071e+03 3.735762117799999942e+03 3.735579522199999701e+03 3.735399269600000025e+03 3.735221340200000213e+03 3.735045720799999799e+03 3.734872411400000146e+03 3.734701385599999867e+03 3.734532643399999870e+03 3.734366164999999910e+03 3.734201943799999754e+03 3.734039973200000077e+03 3.733880233400000179e+03 3.733722724399999606e+03 3.733567433000000165e+03 3.733414346000000023e+03 3.733263456800000313e+03 3.733114758799999890e+03 3.732968245400000342e+03
3.868499694199999794e+03 3.867955603399999745e+03 3.867416898200000105e+03 3.866883532400000149e+03 3.866355486200000087e+03 3.865832726599999660e+03 3.865315240400000221e+03 3.864802988000000369e+03 3.864295949600000313e+03 3.863794112000000041e+03 3.863297448799999984e+03 3.862805933600000117e+03 3.862319539999999961e+03 3.861838254799999959e+03 3.861362051600000086e+03 3.860890897400000085e+03 3.860424778999999944e+03 3.859963663399999859e+03 3.859507517600000028e+03 3.859056321799999751e+03 3.858610042999999678e+03 3.858168654799999786e+03 3.857732117600000038e+03 3.857300404999999955e+03 3.856873477399999956e+03 3.856451301799999783e+03 3.856033838599999854e+03 3.855621061400000144e+03 3.855212917400000151e+03 3.854809373600000072e+03 3.854410390400000324e+03 3.854015928199999962e+03 3.853625940799999626e+03 3.853240388600000188e+03 3.852859225399999559e+03 3.852482411599999978e+03 3.852109900999999809e+03 3.851741647400000147e+03 3.851377604600000268e+03 3.851017726399999901e+03 3.850661979800000154e+03 3.850310305400000289e+03 3.849962657000000036e+03 3.849619001600000047e+03 3.849279286399999819e+03 3.848943458600000213e+03 3.848611485200000061e+03 3.848283320000000003e+03 3.847958910199999991e+03 3.847638222800000221e+03
3.564587573599999814e+03 3.564349597399999766e+03 3.564114294200000131e+03 3.563881631000000198e+03 3.563651587999999720e+03 3.563424125600000025e+03 3.563199230600000192e+03 3.562976869999999963e+03 3.562757024000000001e+03 3.562539666200000283e+03 3.562324770199999875e+03 3.562112316200000350e+03 3.561902291000000332e+03 3.561694661600000018e+03 3.561489414800000304e+03 3.561286524199999803e+03 3.561085983199999646e+03 3.560887772000000041e+03 3.560691857599999821e+03 3.560498239999999896e+03 3.560306899400000020e+03 3.560117815999999948e+03 3.559930976599999667e+03 3.559746368000000075e+03 3.559563976999999795e+03 3.559383783799999946e+03 3.559205781800000295e+03 3.559029951200000141e+03 3.558856285400000161e+03 3.558684771199999886e+03 3.558515395399999761e+03 3.558348151400000006e+03 3.558183019399999921e+03 3.558019992800000182e+03 3.557859058400000322e+03 3.557700209599999653e+03 3.557543439799999760e+03 3.557388729199999943e+03 3.557236071199999969e+03 3.557085459200000059e+03 3.556936880000000201e+03 3.556790327000000161e+03 3.556645786999999928e+03 3.556503259999999955e+03 3.556362726199999997e+03 3.556224185600000055e+03 3.556087625000000116e+03 3.555953037799999947e+03 3.555820417400000224e+03 3.555689757199999804e+03
3.686430615799999941e+03 3.685942915399999947e+03 3.685460059399999864e+03 3.684982028000000355e+03 3.684508794800000032e+03 3.684040333399999781e+03 3.683576637199999823e+03 3.683117673200000354e+03 3.682663434799999777e+03 3.682213889000000108e+03 3.681769022599999971e+03 3.681328809200000251e+03 3.680893235600000025e+03 3.680462275400000181e+03 3.680035908800000016e+03 3.679614109399999961e+03 3.679196857400000226e+03 3.678784119800000099e+03 3.678375876799999787e+03 3.677972101999999722e+03 3.677572755799999868e+03 3.677177818399999978e+03 3.676787256800000250e+03 3.676401031399999738e+03 3.676019122400000015e+03 3.675641483599999901e+03 3.675268082000000049e+03 3.674898884600000201e+03 3.674533851799999866e+03 3.674172950600000149e+03 3.673816134800000327e+03 3.673463371400000142e+03 3.673114614199999778e+03 3.672769823599999654e+03 3.672428960000000188e+03 3.672091983799999980e+03 3.671758855399999902e+03 3.671429521999999906e+03 3.671103950599999735e+03 3.670782095000000027e+03 3.670463909000000058e+03 3.670149359600000025e+03 3.669838393999999880e+03 3.669530979199999820e+03 3.669227062400000250e+03 3.668926610600000004e+03 3.668629584199999954e+03 3.668335930400000052e+03 3.668045616200000040e+03 3.667758601999999883e+03
3.386228282600000057e+03 3.386018976800000019e+03 3.385811987600000066e+03 3.385607295199999953e+03 3.385404873200000111e+03 3.385204708399999618e+03 3.385006774399999813e+03 3.384811044799999763e+03 3.384617499799999678e+03 3.384426126199999999e+03 3.384236904200000026e+03 3.384049807399999736e+03 3.383864822600000025e+03 3.383681936599999972e+03 3.383501136200000019e+03 3.383322395000000142e+03 3.383145699799999875e+03 3.382971043999999893e+03 3.382798407799999950e+03 3.382627778000000035e+03 3.382459141399999680e+03 3.382292491400000017e+03 3.382127808199999890e+03 3.381965085199999976e+03 3.381804309199999807e+03 3.381645467000000281e+03 3.381488551999999800e+03 3.381333557599999949e+03 3.381180464000000029e+03 3.381029264599999806e+03 3.380879959400000189e+03 3.380732522000000245e+03 3.380586959000000206e+03 3.380443257200000062e+03 3.380301403399999799e+03 3.380161397599999873e+03 3.380023220000000038e+03 3.379886877199999617e+03 3.379752342799999951e+03 3.379619623399999909e+03 3.379488705800000389e+03 3.379359583399999792e+03 3.379232249599999705e+03 3.379106691200000114e+03 3.378982908200000111e+03 3.378860887400000138e+03 3.378740622199999962e+03 3.378622112600000037e+03 3.378505338799999663e+03 3.378390300800000205e+03
3.504336503600000015e+03 3.503904645800000253e+03 3.503477117600000383e+03 3.503053886000000148e+03 3.502634937800000444e+03 3.502220253200000116e+03 3.501809812399999828e+03 3.501403608800000256e+03 3.501001616000000013e+03 3.500603820799999994e+03 3.500210203399999955e+03 3.499820744000000104e+03 3.499435422800000197e+03 3.499054219999999987e+03 3.498677109199999904e+03 3.498304077199999938e+03 3.497935097600000063e+03 3.497570143999999800e+03 3.497209196599999814e+03 3.496852215800000067e+03 3.496499188400000094e+03 3.496150074799999857e+03 3.495804855200000020e+03 3.495463490000000093e+03 3.495125946199999817e+03 3.494792197400000077e+03 3.494462210599999707e+03 3.494135946200000035e+03 3.493813371199999892e+03 3.493494445999999698e+03 3.493179144200000337e+03 3.492867419600000176e+03 3.492559232600000087e+03 3.492254550200000267e+03 3.491953339400000004e+03 3.491655547399999705e+03 3.491361141200000020e+03 3.491070087799999783e+03 3.490782341000000088e+03 3.490497867799999767e+03 3.490216615400000137e+03 3.489938564000000042e+03 3.489663654199999655e+03 3.489391866200000095e+03 3.489123147199999948e+03 3.488857470799999646e+03 3.488594790799999828e+03 3.488335074200000236e+03 3.488078281399999923e+03 3.487824379399999998e+03
3.207812099599999783e+03 3.207631134199999906e+03 3.207452155400000265e+03 3.207275143400000161e+03 3.207100071800000023e+03 3.206926927399999840e+03 3.206755690400000276e+03 3.206586341000000175e+03 3.206418865999999980e+03 3.206253245599999900e+03 3.206089473199999702e+03 3.205927522400000271e+03 3.205767386599999554e+03 3.205609052599999814e+03 3.205452500600000349e+03 3.205297724000000017e+03 3.205144716199999948e+03 3.204993450799999664e+03 3.204843934399999853e+03 3.204696140600000035e+03 3.204550069400000211e+03 3.204405707599999914e+03 3.204263048599999820e+03 3.204122085799999695e+03 3.203982799399999749e+03 3.203845189399999981e+03 3.203709249200000158e+03 3.203574972200000047e+03 3.203442338599999857e+03 3.203311354999999821e+03 3.203182008199999927e+03 3.203054291599999942e+03 3.202928198599999632e+03 3.202803722599999674e+03 3.202680850400000054e+03 3.202559588600000097e+03 3.202439924000000246e+03 3.202321843400000034e+03 3.202205353399999694e+03 3.202090434199999891e+03 3.201977085800000168e+03 3.201865308200000072e+03 3.201755081600000267e+03 3.201646412600000076e+03 3.201539281399999709e+03 3.201433694599999853e+03 3.201329638999999588e+03 3.201227108000000044e+03 3.201126101599999856e+03 3.201026600000000144e+03
3.322238814199999979e+03 3.321862317199999779e+03 3.321489615200000117e+03 3.321120688400000290e+03 3.320755516999999600e+03 3.320394094400000085e+03 3.320036407399999916e+03 3.319682429599999978e+03 3.319332154400000036e+03 3.318985561999999845e+03 3.318642645800000082e+03 3.318303372800000034e+03 3.317967736399999922e+03 3.317635710200000176e+03 3.317307280999999875e+03 3.316982422400000360e+03 3.316661121199999798e+03 3.316343337799999972e+03 3.316029065599999740e+03 3.315718271599999753e+03 3.315410929399999986e+03 3.315107012600000417e+03 3.314806494800000110e+03 3.314509349599999950e+03 3.314215537399999903e+03 3.313925038399999721e+03 3.313637819600000057e+03 3.313353841399999965e+03 3.313073077400000329e+03 3.312795494599999984e+03 3.312521053399999801e+03 3.312249727399999756e+03 3.311981477000000268e+03 3.311716269200000170e+03 3.311454071000000113e+03 3.311194842799999606e+03 3.310938551600000210e+03 3.310685157799999615e+03 3.310434635000000071e+03 3.310186936999999944e+03 3.309942037400000117e+03 3.309699896600000102e+03 3.309460474999999860e+03 3.309223746200000278e+03 3.308989677200000187e+03 3.308758228400000007e+03 3.308529366799999934e+03 3.308303059400000166e+03 3.308079279800000222e+03 3.307857988400000067e+03
3.029344687400000112e+03 3.029191851200000201e+03 3.029040671599999769e+03 3.028891135400000167e+03 3.028743222799999785e+03 3.028596920599999976e+03 3.028452215599999818e+03 3.028309087999999974e+03 3.028167531199999758e+03 3.028027525399999831e+03 3.027889070600000196e+03 3.027752140399999917e+03 3.027616734799999904e+03 3.027482840600000145e+03 3.027350451199999952e+03 3.027219546799999989e+03 3.027090127399999801e+03 3.026962179799999831e+03 3.026835704000000078e+03 3.026710680199999842e+03 3.026587108400000034e+03 3.026464975400000185e+03 3.026344281199999841e+03 3.026225019200000133e+03 3.026107176200000140e+03 3.025990752199999861e+03 3.025875740599999972e+03 3.025762128200000006e+03 3.025649921600000198e+03 3.025539107600000079e+03 3.025429679599999872e+03 3.025321637600000031e+03 3.025214974999999868e+03 3.025109685200000058e+03 3.025005761599999914e+03 3.024903197600000112e+03 3.024801999799999976e+03 3.024702148399999714e+03 3.024603650000000016e+03 3.024506491399999959e+03 3.024410672599999998e+03 3.024316186999999900e+03 3.024223021400000107e+03 3.024131189000000177e+03 3.024040663400000085e+03 3.023951457799999844e+03 3.023863552400000117e+03 3.023776953800000229e+03 3.023691642199999933e+03 3.023607630800000152e+03
3.140111735000000408e+03 3.139790117000000009e+03 3.139471766000000116e+03 3.139156662200000028e+03 3.138844792400000188e+03 3.138536149999999907e+03 3.138230708600000071e+03 3.137928474800000004e+03 3.137629415600000357e+03 3.137333531000000221e+03 3.137040801199999805e+03 3.136751206400000228e+03 3.136464740000000347e+03 3.136181368999999904e+03 3.135901093399999809e+03 3.135623880199999803e+03 3.135349716200000330e+03 3.135078575000000001e+03 3.134810443399999713e+03 3.134545288399999663e+03 3.134283090200000061e+03 3.134023828999999751e+03 3.133767471799999839e+03 3.133513992199999848e+03 3.133263370399999985e+03 3.133015580000000227e+03 3.132770581400000083e+03 3.132528354799999761e+03 3.132288860599999680e+03 3.132052085600000282e+03 3.131817983599999934e+03 3.131586534799999754e+03 3.131357699600000160e+03 3.131131458199999997e+03 3.130907764399999905e+03 3.130686598400000094e+03 3.130467927200000304e+03 3.130251717799999824e+03 3.130037937199999760e+03 3.129826552399999855e+03 3.129617543600000317e+03 3.129410864599999968e+03 3.129206495599999926e+03 3.129004403599999932e+03 3.128804562199999964e+03 3.128606938400000217e+03 3.128411499199999980e+03 3.128218224799999916e+03 3.128027082200000223e+03 3.127838045000000420e+03
2.850830514199999925e+03 2.850705668600000081e+03 2.850582169400000112e+03 2.850459990199999993e+03 2.850339130999999725e+03 2.850219571999999971e+03 2.850101313199999822e+03 2.849984328200000164e+03 2.849868617000000086e+03 2.849754166400000031e+03 2.849640969799999766e+03 2.849529020599999967e+03 2.849418305600000167e+03 2.849308818200000132e+03 2.849200551800000085e+03 2.849093493200000012e+03 2.848987648999999692e+03 2.848882999399999790e+03 2.848779551000000083e+03 2.848677284000000327e+03 2.848576205000000300e+03 2.848476307400000223e+03 2.848377578000000085e+03 2.848280016799999885e+03 2.848183623800000078e+03 2.848088385799999742e+03 2.847994302799999787e+03 2.847901374799999758e+03 2.847809595199999876e+03 2.847718957399999908e+03 2.847629454800000076e+03 2.847541094000000157e+03 2.847453861800000141e+03 2.847367758200000026e+03 2.847282783199999812e+03 2.847198923599999944e+03 2.847116186000000198e+03 2.847034557200000108e+03 2.846954037200000130e+03 2.846874625999999807e+03 2.846796317000000272e+03 2.846719103599999926e+03 2.846642985800000133e+03 2.846567957000000206e+03 2.846494010599999910e+03 2.846421153199999935e+03 2.846349365000000034e+03 2.846278652599999987e+03 2.846209009400000014e+03 2.846140422200000103e+03
2.957986945999999989e+03 2.957719791200000145e+03 2.957455355600000075e+03 2.957193639199999780e+03 2.956934622199999922e+03 2.956678297999999813e+03 2.956424660000000131e+03 2.956173688400000174e+03 2.955925376600000163e+03 2.955679711400000087e+03 2.955436679599999934e+03 2.955196268000000146e+03 2.954958463400000255e+03 2.954723246000000017e+03 2.954490602599999875e+03 2.954260519999999815e+03 2.954032971800000269e+03 2.953807944799999859e+03 2.953585419200000160e+03 2.953365381800000250e+03 2.953147799599999871e+03 2.952932652800000142e+03 2.952719928200000140e+03 2.952509592800000064e+03 2.952301626800000122e+03 2.952096010400000068e+03 2.951892710600000100e+03 2.951691707599999972e+03 2.951492981599999894e+03 2.951296492999999828e+03 2.951102221999999983e+03 2.950910148800000115e+03 2.950720240399999966e+03 2.950532470399999966e+03 2.950346812400000090e+03 2.950163233400000081e+03 2.949981720199999927e+03 2.949802239799999825e+03 2.949624759199999971e+03 2.949449258600000121e+03 2.949275711600000250e+03 2.949104091799999878e+03 2.948934372799999892e+03 2.948766528199999811e+03 2.948600531600000068e+03 2.948436363199999960e+03 2.948273996599999919e+03 2.948113405399999920e+03 2.947954576399999951e+03 2.947797476599999754e+03
2.672278142839999873e+03 2.672181218539999918e+03 2.672085327799999959e+03 2.671990459399999963e+03 2.671896604759999718e+03 2.671803755959999762e+03 2.671711903760000041e+03 2.671621040900000025e+03 2.671531160120000095e+03 2.671442253499999879e+03 2.671354315099999894e+03 2.671267338319999908e+03 2.671181317219999983e+03 2.671096246520000022e+03 2.671012120280000090e+03 2.670928933879999931e+03 2.670846682700000201e+03 2.670765362780000032e+03 2.670684968839999783e+03 2.670605497579999792e+03 2.670526945040000101e+03 2.670449307920000138e+03 2.670372582259999945e+03 2.670296765420000156e+03 2.670221854100000201e+03 2.670147845659999803e+03 2.670074736139999914e+03 2.670002524219999941e+03 2.669931205939999927e+03 2.669860779319999892e+03 2.669791241060000175e+03 2.669722589179999886e+03 2.669654821040000115e+03 2.669587934000000132e+03 2.669521925420000116e+03 2.669456792659999792e+03 2.669392532419999952e+03 2.669329143380000005e+03 2.669266621579999992e+03 2.669204964380000092e+03 2.669144169140000031e+03 2.669084233219999987e+03 2.669025153319999845e+03 2.668966925480000100e+03 2.668909547719999864e+03 2.668853016080000089e+03 2.668797327920000043e+03 2.668742479280000225e+03 2.668688466200000221e+03 2.668635286040000210e+03
2.775844310599999972e+03 2.775631229600000097e+03 2.775420333199999732e+03 2.775211608200000228e+03 2.775005047999999988e+03 2.774800652599999921e+03 2.774598402200000237e+03 2.774398290199999792e+03 2.774200316599999951e+03 2.774004455000000235e+03 2.773810705400000188e+03 2.773619061200000033e+03 2.773429495999999745e+03 2.773242003199999999e+03 2.773056569599999875e+03 2.772873182000000270e+03 2.772691827200000262e+03 2.772512485400000060e+03 2.772335143400000106e+03 2.772159781400000156e+03 2.771986386200000197e+03 2.771814937999999984e+03 2.771645416999999725e+03 2.771477803400000084e+03 2.771312077399999907e+03 2.771148219199999858e+03 2.770986215599999923e+03 2.770826033600000301e+03 2.770667660000000069e+03 2.770511074999999892e+03 2.770356252200000199e+03 2.770203171799999836e+03 2.770051807400000143e+03 2.769902152399999977e+03 2.769754167199999756e+03 2.769607832000000144e+03 2.769463140199999998e+03 2.769320052200000191e+03 2.769178554799999802e+03 2.769038628199999948e+03 2.768900246000000152e+03 2.768763388399999712e+03 2.768628042199999982e+03 2.768494174399999793e+03 2.768361771800000042e+03 2.768230814600000031e+03 2.768101289600000200e+03 2.767973163799999838e+03 2.767846424000000297e+03 2.767721063599999979e+03
2.493699798499999815e+03 2.493630753920000188e+03 2.493562441940000099e+03 2.493494855299999927e+03 2.493427988060000189e+03 2.493361834280000039e+03 2.493296388019999995e+03 2.493231644659999802e+03 2.493167597600000136e+03 2.493104244199999812e+03 2.493041577859999961e+03 2.492979595939999854e+03 2.492918293820000144e+03 2.492857667539999966e+03 2.492797713800000110e+03 2.492738429300000007e+03 2.492679811399999835e+03 2.492621856799999932e+03 2.492564562200000182e+03 2.492507926279999992e+03 2.492451945740000156e+03 2.492396617939999942e+03 2.492341942219999964e+03 2.492287914620000265e+03 2.492234534480000093e+03 2.492181799819999924e+03 2.492129708659999778e+03 2.492078258359999836e+03 2.492027448259999801e+03 2.491977277039999990e+03 2.491927741399999832e+03 2.491878840679999939e+03 2.491830573560000175e+03 2.491782937400000264e+03 2.491735930880000069e+03 2.491689552679999906e+03 2.491643800819999797e+03 2.491598673319999762e+03 2.491554168199999822e+03 2.491510284139999840e+03 2.491467018499999995e+03 2.491424369299999853e+03 2.491382334559999890e+03 2.491340912300000127e+03 2.491300099879999834e+03 2.491259895319999941e+03 2.491220296640000015e+03 2.491181300539999938e+03 2.491142904379999891e+03 2.491105106840000190e+03
2.593682663900000080e+03 2.593523333959999945e+03 2.593365643459999774e+03 2.593209587119999924e+03 2.593055159000000003e+03 2.592902351180000096e+03 2.592751158380000106e+03 2.592601573339999959e+03 2.592453587479999896e+03 2.592307194199999685e+03 2.592162384260000181e+03 2.592019148419999965e+03 2.591877478100000189e+03 2.591737362740000208e+03 2.591598791780000283e+03 2.591461753999999928e+03 2.591326238180000018e+03 2.591192232440000225e+03 2.591059722920000240e+03 2.590928698400000030e+03 2.590799143700000059e+03 2.590671045619999859e+03 2.590544388979999894e+03 2.590419160580000153e+03 2.590295343920000050e+03 2.590172923820000051e+03 2.590051885100000163e+03 2.589932211259999804e+03 2.589813886460000049e+03 2.589696893540000019e+03 2.589581217320000178e+03 2.589466840640000100e+03 2.589353746339999816e+03 2.589241917920000105e+03 2.589131338879999930e+03 2.589021992720000071e+03 2.588913862280000103e+03 2.588806931059999897e+03 2.588701183220000075e+03 2.588596602260000054e+03 2.588493171680000160e+03 2.588390876299999945e+03 2.588289699620000192e+03 2.588189626459999999e+03 2.588090642300000127e+03 2.587992731960000128e+03 2.587895880919999854e+03 2.587800074660000064e+03 2.587705299979999836e+03 2.587611543019999772e+03
2.315088809899999887e+03 2.315047639100000197e+03 2.315006905220000135e+03 2.314966604960000041e+03 2.314926734359999955e+03 2.314887289459999920e+03 2.314848266959999819e+03 2.314809664219999831e+03 2.314771478600000137e+03 2.314733706800000164e+03 2.314696346180000091e+03 2.314659394759999941e+03 2.314622849899999892e+03 2.314586709619999965e+03 2.314550971940000181e+03 2.314515634880000107e+03 2.314480697120000059e+03 2.314446156019999762e+03 2.314412010919999830e+03 2.314378260500000124e+03 2.314344902779999757e+03 2.314311937100000250e+03 2.314279361479999807e+03 2.314247175919999790e+03 2.314215377779999926e+03 2.314183967720000055e+03 2.314152943099999902e+03 2.314122304579999764e+03 2.314092049519999819e+03 2.314062178579999909e+03 2.314032689780000055e+03 2.314003582459999961e+03 2.313974855299999945e+03 2.313946508300000005e+03 2.313918539480000163e+03 2.313890948839999965e+03 2.313863734399999885e+03 2.313836895500000082e+03 2.313810430819999965e+03 2.313784339700000146e+03 2.313758620820000033e+03 2.313733272859999943e+03 2.313708295160000034e+03 2.313683685080000032e+03 2.313659442619999936e+03 2.313635565139999926e+03 2.313612052640000002e+03 2.313588902479999888e+03 2.313566114000000198e+03 2.313543684559999747e+03
2.411511691400000018e+03 2.411405863699999827e+03 2.411301129620000211e+03 2.411197485199999846e+03 2.411094927139999982e+03 2.410993450160000066e+03 2.410893049639999845e+03 2.410793721619999815e+03 2.410695460160000039e+03 2.410598260639999808e+03 2.410502116459999797e+03 2.410407022339999912e+03 2.410312971020000077e+03 2.410219955900000059e+03 2.410127970380000079e+03 2.410037005879999924e+03 2.409947054480000133e+03 2.409858108920000177e+03 2.409770159960000001e+03 2.409683198360000006e+03 2.409597215539999979e+03 2.409512201600000026e+03 2.409428146639999795e+03 2.409345040759999847e+03 2.409262874059999831e+03 2.409181635320000169e+03 2.409101313980000214e+03 2.409021899479999774e+03 2.408943381260000024e+03 2.408865747440000177e+03 2.408788987460000044e+03 2.408713090100000045e+03 2.408638043479999851e+03 2.408563837040000180e+03 2.408490458899999794e+03 2.408417897840000023e+03 2.408346143300000222e+03 2.408275184059999901e+03 2.408205008240000097e+03 2.408135605940000005e+03 2.408066965940000046e+03 2.407999077020000186e+03 2.407931929939999918e+03 2.407865513480000118e+03 2.407799818399999822e+03 2.407734833479999907e+03 2.407670550140000159e+03 2.407606958479999776e+03 2.407544049919999907e+03 2.407481815220000044e+03
2.136476023459999851e+03 2.136462751519999983e+03 2.136449624119999953e+03 2.136436641260000215e+03 2.136423800300000039e+03 2.136411100580000038e+03 2.136398541439999917e+03 2.136386121559999992e+03 2.136373839620000126e+03 2.136361694960000023e+03 2.136349686919999840e+03 2.136337814179999896e+03 2.136326076740000190e+03 2.136314473280000129e+03 2.136303003139999873e+03 2.136291666319999877e+03 2.136280460840000160e+03 2.136269388019999951e+03 2.136258445880000181e+03 2.136247634419999940e+03 2.136236952979999842e+03 2.136226401559999886e+03 2.136215978839999934e+03 2.136205685479999829e+03 2.136195520820000183e+03 2.136185484199999792e+03 2.136175575620000018e+03 2.136165793759999815e+03 2.136156139279999934e+03 2.136146612179999920e+03 2.136137210479999794e+03 2.136127935500000149e+03 2.136118785919999937e+03 2.136109761740000067e+03 2.136100862299999790e+03 2.136092087600000013e+03 2.136083437639999829e+03 2.136074911100000008e+03 2.136066507980000097e+03 2.136058227619999798e+03 2.136050070020000021e+03 2.136042034520000016e+03 2.136034121120000236e+03 2.136026328500000091e+03 2.136018656660000033e+03 2.136011104940000223e+03 2.136003673340000205e+03 2.135996360539999841e+03 2.135989166540000042e+03 2.135982090020000214e+03
2.229318323779999901e+03 2.229265834639999866e+03 2.229213889999999992e+03 2.229162487879999844e+03 2.229111627620000036e+03 2.229061305260000154e+03 2.229011520139999902e+03 2.228962268960000074e+03 2.228913549740000235e+03 2.228865359840000110e+03 2.228817695960000037e+03 2.228770556120000037e+03 2.228723935040000015e+03 2.228677831399999832e+03 2.228632240580000143e+03 2.228587159279999923e+03 2.228542582879999827e+03 2.228498507419999896e+03 2.228454928940000173e+03 2.228411842819999947e+03 2.228369244439999875e+03 2.228327128519999860e+03 2.228285491099999945e+03 2.228244326240000191e+03 2.228203629319999891e+03 2.228163394400000016e+03 2.228123617520000153e+03 2.228084291420000227e+03 2.228045412139999826e+03 2.228006973080000080e+03 2.227968969619999825e+03 2.227931395160000193e+03 2.227894244420000177e+03 2.227857512120000138e+03 2.227821192320000137e+03 2.227785279079999782e+03 2.227749767119999888e+03 2.227714651159999903e+03 2.227679924600000049e+03 2.227645583479999914e+03 2.227611621860000014e+03 2.227578033799999957e+03 2.227544814679999945e+03 2.227511959219999881e+03 2.227479462799999965e+03 2.227447319479999805e+03 2.227415525299999899e+03 2.227384075639999992e+03 2.227352965219999987e+03 2.227322190740000224e+03
1.957852686259999928e+03 1.957867301300000008e+03 1.957881770479999886e+03 1.957896094460000086e+03 1.957910275219999903e+03 1.957924313420000090e+03 1.957938210380000100e+03 1.957951967420000074e+03 1.957965584540000009e+03 1.957979063060000044e+03 1.957992404300000089e+03 1.958005607600000076e+03 1.958018675600000051e+03 1.958031607639999947e+03 1.958044404380000060e+03 1.958057066480000003e+03 1.958069595259999915e+03 1.958081990059999953e+03 1.958094252200000028e+03 1.958106381020000072e+03 1.958118377839999994e+03 1.958130242660000022e+03 1.958141976139999997e+03 1.958153577620000078e+03 1.958165048419999948e+03 1.958176388540000062e+03 1.958187597979999964e+03 1.958198676739999883e+03 1.958209626139999955e+03 1.958220444860000043e+03 1.958231134220000058e+03 1.958241694219999999e+03 1.958252124860000094e+03 1.958262426140000116e+03 1.958272599379999974e+03 1.958282643259999986e+03 1.958292559100000062e+03 1.958302346899999975e+03 1.958312007320000021e+03 1.958321539699999903e+03 1.958330944699999918e+03 1.958340223639999977e+03 1.958349375199999940e+03 1.958358400699999947e+03 1.958367300139999998e+03 1.958376074840000001e+03 1.958384723480000048e+03 1.958393248039999889e+03 1.958401647859999912e+03 1.958409924260000025e+03
2.047158618238999907e+03 2.047159368546799897e+03 2.047160114755999984e+03 2.047160857057999920e+03 2.047161595650800109e+03 2.047162330712599896e+03 2.047163062408400037e+03 2.047163790903199924e+03 2.047164516348799907e+03 2.047165238890399905e+03 2.047165958666600091e+03 2.047166675796200025e+03 2.047167390417800107e+03 2.047168102636999947e+03 2.047168812566000042e+03 2.047169520310400003e+03 2.047170225975799895e+03 2.047170929654600059e+03 2.047171631432599952e+03 2.047172331395599940e+03 2.047173029642600113e+03 2.047173726233000025e+03 2.047174421252600041e+03 2.047175114780600097e+03 2.047175806876399974e+03 2.047176497619200063e+03 2.047177187068399917e+03 2.047177875289999974e+03 2.047178562343400017e+03 2.047179248294600029e+03 2.047179933196400043e+03 2.047180617108200067e+03 2.047181300082799908e+03 2.047181982179600027e+03 2.047182663451400003e+03 2.047183343937799918e+03 2.047184023704799984e+03 2.047184702785400077e+03 2.047185381238999980e+03 2.047186059105200002e+03 2.047186736430199971e+03 2.047187413260199946e+03 2.047188089628200032e+03 2.047188765580400059e+03 2.047189441149799904e+03 2.047190116382600081e+03 2.047190791305200037e+03 2.047191465957200080e+03 2.047192140371600090e+03 2.047192814568199992e+03
1.779232120399999985e+03 1.779274618460000056e+03 1.779316678939999974e+03 1.779358305140000084e+03 1.779399500360000047e+03 1.779440269220000118e+03 1.779480613700000049e+03 1.779520537099999956e+03 1.779560042719999956e+03 1.779599133199999869e+03 1.779637811179999972e+03 1.779676079300000083e+03 1.779713938880000114e+03 1.779751391900000044e+03 1.779788441659999989e+03 1.779825088820000019e+03 1.779861336019999953e+03 1.779897183260000020e+03 1.779932633840000108e+03 1.779967687759999990e+03 1.780002347000000100e+03 1.780036612220000052e+03 1.780070484739999984e+03 1.780103965880000032e+03 1.780137056300000040e+03 1.780169757319999917e+03 1.780202068940000117e+03 1.780233993139999939e+03 1.780265530579999904e+03 1.780296681920000083e+03 1.780327447160000020e+03 1.780357828279999922e+03 1.780387825940000084e+03 1.780417440799999895e+03 1.780446672860000035e+03 1.780475524760000098e+03 1.780503995840000016e+03 1.780532087419999925e+03 1.780559801480000033e+03 1.780587137360000042e+03 1.780614097039999933e+03 1.780640681840000070e+03 1.780666892419999840e+03 1.780692730759999904e+03 1.780718196860000035e+03 1.780743292039999915e+03 1.780768018940000047e+03 1.780792377559999977e+03 1.780816370539999980e+03 1.780839997880000055e+03
1.864981019900000092e+03 1.865035020439999926e+03 1.865088465920000090e+03 1.865141360300000088e+03 1.865193705560000126e+03 1.865245504340000025e+03 1.865296758619999991e+03 1.865347471040000073e+03 1.865397644899999932e+03 1.865447283499999912e+03 1.865496388819999993e+03 1.865544965479999973e+03 1.865593016779999971e+03 1.865640545360000033e+03 1.865687556500000028e+03 1.865734052840000004e+03 1.865780039660000057e+03 1.865825520919999917e+03 1.865870501240000067e+03 1.865914985240000078e+03 1.865958977539999978e+03 1.866002482760000021e+03 1.866045507499999985e+03 1.866088055059999988e+03 1.866130132040000035e+03 1.866171743719999995e+03 1.866212894719999895e+03 1.866253591639999968e+03 1.866293839760000083e+03 1.866333645019999949e+03 1.866373012699999890e+03 1.866411948080000002e+03 1.866450458419999904e+03 1.866488547680000011e+03 1.866526223119999941e+03 1.866563490020000017e+03 1.866600353660000110e+03 1.866636820639999996e+03 1.866672895579999931e+03 1.866708583760000010e+03 1.866743892440000081e+03 1.866778824920000034e+03 1.866813387800000100e+03 1.866847586359999923e+03 1.866881424559999914e+03 1.866914909000000080e+03 1.866948042980000082e+03 1.866980832440000086e+03 1.867013281340000049e+03 1.867045394960000067e+03
1.600617556579999928e+03 1.600687946239999974e+03 1.600757602639999959e+03 1.600826532380000117e+03 1.600894740740000088e+03 1.600962234319999880e+03 1.601029019059999882e+03 1.601095099579999896e+03 1.601160481160000018e+03 1.601225168420000045e+03 1.601289165980000007e+03 1.601352478459999929e+03 1.601415108500000088e+03 1.601477060720000054e+03 1.601538338419999945e+03 1.601598944240000037e+03 1.601658882140000060e+03 1.601718154099999992e+03 1.601776763419999952e+03 1.601834712079999917e+03 1.601892002719999937e+03 1.601948636659999920e+03 1.602004617199999984e+03 1.602059945660000039e+03 1.602114624020000065e+03 1.602168654260000039e+03 1.602222037699999873e+03 1.602274776320000001e+03 1.602326870780000036e+03 1.602378324379999867e+03 1.602429137119999950e+03 1.602479311640000105e+03 1.602528848599999947e+03 1.602577749980000135e+03 1.602626017099999899e+03 1.602673652599999969e+03 1.602720656479999889e+03 1.602767031379999935e+03 1.602812779280000086e+03 1.602857901500000025e+03 1.602902400019999959e+03 1.602946276820000094e+03 1.602989533879999954e+03 1.603032172520000131e+03 1.603074196040000061e+03 1.603115605760000108e+03 1.603156404320000092e+03 1.603196593699999994e+03 1.603236177199999929e+03 1.603275156140000036e+03
1.682803518680000025e+03 1.682910859759999994e+03 1.683017098639999858e+03 1.683122238619999962e+03 1.683226284320000104e+03 1.683329241679999996e+03 1.683431114660000048e+03 1.683531907880000063e+03 1.683631627940000044e+03 1.683730280119999861e+03 1.683827871019999975e+03 1.683924405920000027e+03 1.684019892739999932e+03 1.684114337420000084e+03 1.684207747879999943e+03 1.684300132699999949e+03 1.684391499139999951e+03 1.684481856440000001e+03 1.684571212520000017e+03 1.684659576620000053e+03 1.684746958640000003e+03 1.684833368479999990e+03 1.684918815380000069e+03 1.685003310560000045e+03 1.685086863259999973e+03 1.685169484700000112e+03 1.685251185439999972e+03 1.685331976700000041e+03 1.685411869699999897e+03 1.685490874999999960e+03 1.685569004479999876e+03 1.685646270019999974e+03 1.685722681520000151e+03 1.685798251520000122e+03 1.685872990580000078e+03 1.685946910579999894e+03 1.686020023399999900e+03 1.686092338939999991e+03 1.686163869080000040e+03 1.686234624380000014e+03 1.686304616720000013e+03 1.686373855999999932e+03 1.686442352779999965e+03 1.686510116960000005e+03 1.686577159760000086e+03 1.686643491079999876e+03 1.686709120160000111e+03 1.686774056239999936e+03 1.686838309220000156e+03 1.686901887680000073e+03
1.422026653099999976e+03 1.422124925780000012e+03 1.422222163580000142e+03 1.422318376400000034e+03 1.422413574140000037e+03 1.422507764060000000e+03 1.422600955399999975e+03 1.422693155420000039e+03 1.422784371380000039e+03 1.422874611199999890e+03 1.422963880159999917e+03 1.423052185519999966e+03 1.423139532560000134e+03 1.423225927219999903e+03 1.423311374119999982e+03 1.423395878540000012e+03 1.423479445760000090e+03 1.423562079079999876e+03 1.423643782460000011e+03 1.423724561179999910e+03 1.423804417220000005e+03 1.423883355200000096e+03 1.423961378420000074e+03 1.424038489519999985e+03 1.424114691140000104e+03 1.424189986580000095e+03 1.424264379140000074e+03 1.424337870800000019e+03 1.424410464199999979e+03 1.424482161980000001e+03 1.424552966779999906e+03 1.424622880580000128e+03 1.424691906680000102e+03 1.424760047060000034e+03 1.424827304359999971e+03 1.424893681219999962e+03 1.424959179619999986e+03 1.425023802199999864e+03 1.425087552259999939e+03 1.425150431779999963e+03 1.425212444060000053e+03 1.425273591740000029e+03 1.425333878120000008e+03 1.425393305179999970e+03 1.425451876220000031e+03 1.425509595200000149e+03 1.425566464760000144e+03 1.425622488200000134e+03 1.425677669480000077e+03 1.425732010579999951e+03
1.500621623840000211e+03 1.500782481679999819e+03 1.500941690839999865e+03 1.501099257920000127e+03 1.501255189519999931e+03 1.501409492239999963e+03 1.501562173339999845e+03 1.501713240080000105e+03 1.501862700379999978e+03 1.502010562160000063e+03 1.502156834659999959e+03 1.502301527119999946e+03 1.502444648780000080e+03 1.502586210859999937e+03 1.502726222600000028e+03 1.502864696540000068e+03 1.503001644559999932e+03 1.503137077880000106e+03 1.503271010359999991e+03 1.503403455199999826e+03 1.503534425600000077e+03 1.503663935420000143e+03 1.503792000500000086e+03 1.503918634699999984e+03 1.504043853199999830e+03 1.504167671839999912e+03 1.504290107119999902e+03 1.504411174220000021e+03 1.504530889639999941e+03 1.504649270540000089e+03 1.504766332100000000e+03 1.504882092800000009e+03 1.504996567820000109e+03 1.505109774980000111e+03 1.505221730780000144e+03 1.505332451719999881e+03 1.505441955620000044e+03 1.505550257660000170e+03 1.505657375000000002e+03 1.505763324139999895e+03 1.505868121579999979e+03 1.505971782500000018e+03 1.506074322739999843e+03 1.506175758140000198e+03 1.506276103879999937e+03 1.506375374480000119e+03 1.506473584459999984e+03 1.506570748999999978e+03 1.506666880640000045e+03 1.506761993900000107e+03
1.243453730000000178e+03 1.243579935199999909e+03 1.243704793999999993e+03 1.243828326199999992e+03 1.243950538399999914e+03 1.244071443799999997e+03 1.244191055600000027e+03 1.244309380400000009e+03 1.244426437999999962e+03 1.244542221799999879e+03 1.244656751600000007e+03 1.244770040599999902e+03 1.244882082200000013e+03 1.244992896199999905e+03 1.245102489200000036e+03 1.245210861199999954e+03 1.245318025399999897e+03 1.245423981800000092e+03 1.245528743599999871e+03 1.245632310800000141e+03 1.245734690000000001e+03 1.245835887799999909e+03 1.245935904200000095e+03 1.246034752399999888e+03 1.246132432399999971e+03 1.246228950799999893e+03 1.246324301000000105e+03 1.246418502800000169e+03 1.246511549599999853e+03 1.246603447999999844e+03 1.246694197999999915e+03 1.246783812800000078e+03 1.246872285800000100e+03 1.246959623599999986e+03 1.247045832799999971e+03 1.247130920000000060e+03 1.247214878599999793e+03 1.247297721800000090e+03 1.247379449600000044e+03 1.247460062000000107e+03 1.247539565600000060e+03 1.247617967000000135e+03 1.247695266199999878e+03 1.247771469799999977e+03 1.247846584399999983e+03 1.247920603399999891e+03 1.247993546599999945e+03 1.248065400800000134e+03 1.248136185800000021e+03 1.248205895000000055e+03
1.318447866799999929e+03 1.318662498799999867e+03 1.318874939600000062e+03 1.319085189200000059e+03 1.319293274000000110e+03 1.319499187399999983e+03 1.319702942599999915e+03 1.319904552800000147e+03 1.320104024600000002e+03 1.320301371199999949e+03 1.320496599199999991e+03 1.320689721799999916e+03 1.320880758799999967e+03 1.321069716800000151e+03 1.321256609000000026e+03 1.321441448600000058e+03 1.321624255400000038e+03 1.321805042599999979e+03 1.321983823399999892e+03 1.322160624199999802e+03 1.322335451599999942e+03 1.322508331999999882e+03 1.322679278600000089e+03 1.322848317800000132e+03 1.323015462800000023e+03 1.323180733400000008e+03 1.323344149399999878e+03 1.323505737199999885e+03 1.323665516600000046e+03 1.323823507399999926e+03 1.323979736000000003e+03 1.324134215600000061e+03 1.324286972599999899e+03 1.324438026799999989e+03 1.324587404599999900e+03 1.324735119200000099e+03 1.324881210199999941e+03 1.325025677600000108e+03 1.325168560999999954e+03 1.325309866999999940e+03 1.325449628599999869e+03 1.325587865599999986e+03 1.325724591200000077e+03 1.325859831799999938e+03 1.325993607200000042e+03 1.326125937199999953e+03 1.326256835000000137e+03 1.326386333599999944e+03 1.326514432999999826e+03 1.326641166200000043e+03
1.064913103999999976e+03 1.065067313000000013e+03 1.065219852199999877e+03 1.065370754600000055e+03 1.065520033400000102e+03 1.065667688600000020e+03 1.065813753200000065e+03 1.065958227200000010e+03 1.066101130399999874e+03 1.066242469400000118e+03 1.066382270600000084e+03 1.066520527399999992e+03 1.066657259600000089e+03 1.066792480399999931e+03 1.066926189799999975e+03 1.067058407600000010e+03 1.067189140399999815e+03 1.067318394800000078e+03 1.067446177400000124e+03 1.067572494800000186e+03 1.067697360199999821e+03 1.067820773599999939e+03 1.067942748200000096e+03 1.068063290600000073e+03 1.068182400799999868e+03 1.068300085399999944e+03 1.068416357600000083e+03 1.068531217400000060e+03 1.068644678000000113e+03 1.068756732800000009e+03 1.068867388399999982e+03 1.068976658000000043e+03 1.069084541599999966e+03 1.069191052399999990e+03 1.069296177199999875e+03 1.069399942399999873e+03 1.069502334799999971e+03 1.069603367599999956e+03 1.069703047399999832e+03 1.069801380800000061e+03 1.069898361199999954e+03 1.069994008399999984e+03 1.070088315800000146e+03 1.070181289999999990e+03 1.070272944199999984e+03 1.070363278399999899e+03 1.070452292599999964e+03 1.070539999999999964e+03 1.070626400600000125e+03 1.070711507600000004e+03
1.136275102399999923e+03 1.136543828000000076e+03 1.136809827799999994e+03 1.137073101800000131e+03 1.137333669800000052e+03 1.137591531799999984e+03 1.137846714199999951e+03 1.138099216999999953e+03 1.138349053400000003e+03 1.138596243200000117e+03 1.138840792999999849e+03 1.139082715999999891e+03 1.139322032000000036e+03 1.139558754200000067e+03 1.139792895799999997e+03 1.140024476600000071e+03 1.140253516400000080e+03 1.140480028400000037e+03 1.140704038999999966e+03 1.140925561399999879e+03 1.141144622000000027e+03 1.141361240599999974e+03 1.141575436999999965e+03 1.141787244199999805e+03 1.141996668799999952e+03 1.142203750399999990e+03 1.142408508799999936e+03 1.142610970400000042e+03 1.142811154999999872e+03 1.143009089000000131e+03 1.143204805400000168e+03 1.143398330600000008e+03 1.143589684399999896e+03 1.143778893199999857e+03 1.143965989999999920e+03 1.144151001199999882e+03 1.144333953199999996e+03 1.144514865800000052e+03 1.144693778599999860e+03 1.144870704800000112e+03 1.145045677399999931e+03 1.145218722799999796e+03 1.145389860799999951e+03 1.145559124399999973e+03 1.145726540000000114e+03 1.145892120800000157e+03 1.146055899800000134e+03 1.146217903400000068e+03 1.146378144799999973e+03 1.146536657000000105e+03
8.864143879999999172e+02 8.865967261999999209e+02 8.867770843999999215e+02 8.869554625999999189e+02 8.871319004000001769e+02 8.873064044000000195e+02 8.874789943999999196e+02 8.876496902000001228e+02 8.878185115999999653e+02 8.879854651999999078e+02 8.881505773999999747e+02 8.883138481999999385e+02 8.884753040000000510e+02 8.886349579999998696e+02 8.887928168000000824e+02 8.889488936000000194e+02 8.891032081999999264e+02 8.892557605999998032e+02 8.894065640000001167e+02 8.895556315999999697e+02 8.897029766000000564e+02 8.898486055999999280e+02 8.899925252000000455e+02 8.901347419999999602e+02 8.902752757999999176e+02 8.904141199999999117e+02 8.905512943999999607e+02 8.906867990000000646e+02 8.908206470000000081e+02 8.909528450000000248e+02 8.910833930000001146e+02 8.912123108000000684e+02 8.913395917999998801e+02 8.914652492000000166e+02 8.915892896000000292e+02 8.917117195999999240e+02 8.918325392000001557e+02 8.919517681999998331e+02 8.920694000000000869e+02 8.921854478000000199e+02 8.922999115999998594e+02 8.924128046000000722e+02 8.925241333999999824e+02 8.926338980000000447e+02 8.927421116000000438e+02 8.928487741999999798e+02 8.929538924000000861e+02 8.930574728000001414e+02 8.931595285999999305e+02 8.932600597999999081e+02
9.541064762000000883e+02 9.544296781999998984e+02 9.547496131999998852e+02 9.550663010000000668e+02 9.553797481999999945e+02 9.556899679999999080e+02 9.559969802000000527e+02 9.563007913999999801e+02 9.566014147999999295e+02 9.568988636000001407e+02 9.571931641999999556e+02 9.574843165999998291e+02 9.577723538000000190e+02 9.580572758000000704e+02 9.583391090000000077e+02 9.586178797999998551e+02 9.588935948000000735e+02 9.591662869999997838e+02 9.594359696000001350e+02 9.597026690000000144e+02 9.599664050000001225e+02 9.602272106000000349e+02 9.604851055999997698e+02 9.607401230000000396e+02 9.609922759999999471e+02 9.612416041999999834e+02 9.614881339999999454e+02 9.617318852000000788e+02 9.619729039999999713e+02 9.622112035999998625e+02 9.624468236000000161e+02 9.626797904000000017e+02 9.629101369999998496e+02 9.631378898000000390e+02 9.633630883999999241e+02 9.635857657999999901e+02 9.638059418000000278e+02 9.640236494000000675e+02 9.642389281999999184e+02 9.644518112000000656e+02 9.646623116000000664e+02 9.648704821999999695e+02 9.650763362000000143e+02 9.652799132000000100e+02 9.654812395999999808e+02 9.656803417999999510e+02 9.658772593999999572e+02 9.660720056000000113e+02 9.662646199999999226e+02 9.664551289999999426e+02
7.079690660000001117e+02 7.081797776000000795e+02 7.083881659999999556e+02 7.085942443999999796e+02 7.087980457999999544e+02 7.089995900000001257e+02 7.091988968000000568e+02 7.093959859999999935e+02 7.095908840000001874e+02 7.097836039999999684e+02 7.099741657999998097e+02 7.101625957999999628e+02 7.103489005999999790e+02 7.105331066000001101e+02 7.107152203999999074e+02 7.108952684000000772e+02 7.110732506000001649e+02 7.112492000000002008e+02 7.114231165999999575e+02 7.115950136000001294e+02 7.117649108000000524e+02 7.119328213999999662e+02 7.120987453999998706e+02 7.122627092000000175e+02 7.124247128000001794e+02 7.125847759999999198e+02 7.127429053999999269e+02 7.128991076000002067e+02 7.130533958000000894e+02 7.132057766000000356e+02 7.133562632000000576e+02 7.135048622000001615e+02 7.136515801999998985e+02 7.137964303999999629e+02 7.139394194000001335e+02 7.140805604000001949e+02 7.142198533999999199e+02 7.143573049999999967e+02 7.144929349999999886e+02 7.146267367999998896e+02 7.147587302000001728e+02 7.148889217999999346e+02 7.150173115999998572e+02 7.151439061999999467e+02 7.152687188000002152e+02 7.153917560000002140e+02 7.155130309999999554e+02 7.156325306000001092e+02 7.157502812000000176e+02 7.158662828000001355e+02
7.719382591999999477e+02 7.723163533999997981e+02 7.726906592000000273e+02 7.730611897999999655e+02 7.734279584000000796e+02 7.737909847999999329e+02 7.741502821999999924e+02 7.745058572000000368e+02 7.748577362000000903e+02 7.752059323999999378e+02 7.755504590000000462e+02 7.758913357999999789e+02 7.762285826000002089e+02 7.765622126000000662e+02 7.768922522000000299e+02 7.772187146000001121e+02 7.775416261999998824e+02 7.778610068000000410e+02 7.781768893999999364e+02 7.784892871999998079e+02 7.787982331999999133e+02 7.791037472000000434e+02 7.794058688000000075e+02 7.797046178000000509e+02 7.800000206000001981e+02 7.802921168000000307e+02 7.805809328000000278e+02 7.808665015999999923e+02 7.811488561999999547e+02 7.814280296000001726e+02 7.817040481999999884e+02 7.819769582000001265e+02 7.822467859999999291e+02 7.825135712000001149e+02 7.827773468000000321e+02 7.830381457999999384e+02 7.832960012000000916e+02 7.835509592000000794e+02 7.838030461999999261e+02 7.840523018000001230e+02 7.842987590000000182e+02 7.845424507999998696e+02 7.847834101999999348e+02 7.850216834000000290e+02 7.852572968000001765e+02 7.854902833999999530e+02 7.857206761999998434e+02 7.859485082000001057e+02 7.861738124000000880e+02 7.863966217999998207e+02
5.296027196000000004e+02 5.298421411999997872e+02 5.300788832000000639e+02 5.303129786000001786e+02 5.305444472000001497e+02 5.307733285999997861e+02 5.309996294000000034e+02 5.312233891999999287e+02 5.314446344000000408e+02 5.316633782000001247e+02 5.318796469999999772e+02 5.320934606000000713e+02 5.323048520000002100e+02 5.325138277999999445e+02 5.327204077999999754e+02 5.329246250000001055e+02 5.331264859999998862e+02 5.333260105999997904e+02 5.335232252000000699e+02 5.337181298000000425e+02 5.339107507999999598e+02 5.341011080000000675e+02 5.342892079999999169e+02 5.344750639999999748e+02 5.346586957999998049e+02 5.348401166000001012e+02 5.350193395999999666e+02 5.351963713999998618e+02 5.353712318000000323e+02 5.355439339999998083e+02 5.357144845999998779e+02 5.358828902000000198e+02 5.360491706000000249e+02 5.362133389999999054e+02 5.363753954000001158e+02 5.365353530000002138e+02 5.366932315999999901e+02 5.368490311999998994e+02 5.370027584000001752e+02 5.371544329999999263e+02 5.373040615999998408e+02 5.374516441999999188e+02 5.375972006000001784e+02 5.377407307999999375e+02 5.378822479999998905e+02 5.380217588000000433e+02 5.381592697999999473e+02 5.382947942000000694e+02 5.384283319999999549e+02 5.385598898000000645e+02
5.897714677999999822e+02 5.902049030000000585e+02 5.906340218000000277e+02 5.910588506000001416e+02 5.914794092000001910e+02 5.918957041999999547e+02 5.923077685999999176e+02 5.927156024000000798e+02 5.931192320000000109e+02 5.935186772000001838e+02 5.939139512000001559e+02 5.943050738000001729e+02 5.946920648000000256e+02 5.950749439999999595e+02 5.954537245999999868e+02 5.958284395999999106e+02 5.961991087999999763e+02 5.965657519999999749e+02 5.969284022000001642e+02 5.972870792000001074e+02 5.976418094000000565e+02 5.979926192000000356e+02 5.983395481999998538e+02 5.986826227999999901e+02 5.990218694000000141e+02 5.993573209999999563e+02 5.996890172000000803e+02 6.000169843999999557e+02 6.003412622000000738e+02 6.006618836000000101e+02 6.009788948000000346e+02 6.012923156000001654e+02 6.016021987999999965e+02 6.019085708000000068e+02 6.022114778000000115e+02 6.025109528000000410e+02 6.028070353999999043e+02 6.030997718000000987e+02 6.033891949999999724e+02 6.036753380000000107e+02 6.039582536000000346e+02 6.042379682000000685e+02 6.045145279999999275e+02 6.047879725999998755e+02 6.050583283999999367e+02 6.053256481999999323e+02 6.055899583999998868e+02 6.058513051999998424e+02 6.061097216000000572e+02 6.063652340000001004e+02
3.512948822000000746e+02 3.515634362000000692e+02 3.518289608000000044e+02 3.520914691999998922e+02 3.523510076000000026e+02 3.526075957999998991e+02 3.528612733999998454e+02 3.531120602000000872e+02 3.533599957999999788e+02 3.536050999999999931e+02 3.538473991999999271e+02 3.540869264000000385e+02 3.543237013999998908e+02 3.545577506000001904e+02 3.547890938000000460e+02 3.550177573999999368e+02 3.552437677999998868e+02 3.554671448000001419e+02 3.556879015999998046e+02 3.559060646000000361e+02 3.561216535999999451e+02 3.563346817999999985e+02 3.565451821999999993e+02 3.567531547999999475e+02 3.569586259999998674e+02 3.571616156000000046e+02 3.573621301999999105e+02 3.575601962000000640e+02 3.577558202000000165e+02 3.579490154000000075e+02 3.581398082000000613e+02 3.583281985999999506e+02 3.585142129999999270e+02 3.586978513999999905e+02 3.588791402000001654e+02 3.590580793999999969e+02 3.592346887999999581e+02 3.594089684000000489e+02 3.595809446000000662e+02 3.597506240000000162e+02 3.599180132000001322e+02 3.600831187999999656e+02 3.602459605999999894e+02 3.604065385999999762e+02 3.605648725999999442e+02 3.607209625999998934e+02 3.608748152000000573e+02 3.610264435999999932e+02 3.611758543999999347e+02 3.613230542000001151e+02
4.076222653999998329e+02 4.081115101999998842e+02 4.085959172000000308e+02 4.090755260000000817e+02 4.095503432000000430e+02 4.100204018000001724e+02 4.104857150000000274e+02 4.109463092000000870e+02 4.114021909999999025e+02 4.118533933999999590e+02 4.122999362000000474e+02 4.127418259999999464e+02 4.131790957999999137e+02 4.136117588000001888e+02 4.140398414000001139e+02 4.144633633999999347e+02 4.148823511999999027e+02 4.152968312000000424e+02 4.157068232000001444e+02 4.161123602000000119e+02 4.165134619999998904e+02 4.169101682000000437e+02 4.173025052000000414e+02 4.176905060000001413e+02 4.180741969999999128e+02 4.184536112000000685e+02 4.188287947999999687e+02 4.191997741999998652e+02 4.195665956000000278e+02 4.199292788000000201e+02 4.202878766000001178e+02 4.206424285999999029e+02 4.209929611999998542e+02 4.213395272000000205e+02 4.216821661999999833e+02 4.220209178000000065e+02 4.223558150000001206e+02 4.226869105999999192e+02 4.230142441999998937e+02 4.233378487999998470e+02 4.236577837999998337e+02 4.239740756000001056e+02 4.242867770000000291e+02 4.245959276000000955e+02 4.249015603999998802e+02 4.252037282000001142e+02 4.255024705999999242e+02 4.257978206000000228e+02 4.260898310000000038e+02 4.263785281999998915e+02
1.730477318000000650e+02 1.733459792000001016e+02 1.736408143999999538e+02 1.739322704000001067e+02 1.742203867999999147e+02 1.745051966000000903e+02 1.747867393999999877e+02 1.750650416000000860e+02 1.753401427999999669e+02 1.756120694000001095e+02 1.758808543999998619e+02 1.761465307999999368e+02 1.764091183999998975e+02 1.766686634000000140e+02 1.769251724000000650e+02 1.771786916000000929e+02 1.774292341999998825e+02 1.776768331999999191e+02 1.779215083999999933e+02 1.781632861999999022e+02 1.784021864000001187e+02 1.786382353999999850e+02 1.788714595999999801e+02 1.791018721999998888e+02 1.793294929999999567e+02 1.795543484000002081e+02 1.797764581999999791e+02 1.799958289999999579e+02 1.802124938000001748e+02 1.804264591999999539e+02 1.806377449999999953e+02 1.808463776000000962e+02 1.810523570000000291e+02 1.812557096000000456e+02 1.814564419999999245e+02 1.816545739999999114e+02 1.818501188000000184e+02 1.820430896000000303e+02 1.822334929999999531e+02 1.824213487999998051e+02 1.826066701999998259e+02 1.827894572000000153e+02 1.829697362000001704e+02 1.831475006000000576e+02 1.833227701999999226e+02 1.834955515999999989e+02 1.836658580000000711e+02 1.838336893999999120e+02 1.839990523999999823e+02 1.841619602000000668e+02
2.254727132000000438e+02 2.260181900000000041e+02 2.265583208000000468e+02 2.270931451999999808e+02 2.276226764000000458e+02 2.281469474000000446e+02 2.286659779999999955e+02 2.291798011999999289e+02 2.296884367999998631e+02 2.301919045999998161e+02 2.306902244000000337e+02 2.311834160000000793e+02 2.316715057999999772e+02 2.321545201999999790e+02 2.326324724000000970e+02 2.331053953999999067e+02 2.335733023999998750e+02 2.340362264000000323e+02 2.344941938000001755e+02 2.349472310000001016e+02 2.353953578000000562e+02 2.358386203999998543e+02 2.362770319999999629e+02 2.367106387999999697e+02 2.371394671999998991e+02 2.375635502000000088e+02 2.379829273999998804e+02 2.383976317999999992e+02 2.388077030000001741e+02 2.392131739999999809e+02 2.396140909999999167e+02 2.400104870000000119e+02 2.404024082000000817e+02 2.407898941999999352e+02 2.411729912000000695e+02 2.415517388000000665e+02 2.419261831999999686e+02 2.422963574000000335e+02 2.426623208000000886e+02 2.430241063999999369e+02 2.433817670000000817e+02 2.437353421999998773e+02 2.440848782000000483e+02 2.444304211999999552e+02 2.447720174000000952e+02 2.451097064000000501e+02 2.454435343999998622e+02 2.457735542000000351e+02 2.460997987999999168e+02 2.464223144000000048e+02
