2.132105958860000101e+03 2.165869155800000044e+03 2.199611626100000194e+03 2.233333745299999919e+03 2.267035881679999875e+03 2.300718397579999873e+03 2.334381650719999925e+03 2.368025992220000262e+03 2.401651767259999815e+03 2.435259317059999830e+03 2.468848975580000115e+03 2.502421072820000063e+03 2.535975933499999883e+03 2.569513875740000003e+03 2.603035213699999986e+03 2.636540257579999889e+03 2.670029310320000150e+03 2.703502671559999726e+03 2.736960634999999911e+03 2.770403495000000021e+03 2.803831537999999910e+03 2.837245034600000054e+03 2.870644275200000266e+03 2.904029530400000112e+03 2.937401064199999837e+03 2.970759153800000149e+03 3.004104043399999682e+03 3.037436010200000055e+03 3.070755298399999901e+03 3.104062158799999906e+03 3.137356848800000080e+03 3.170639605999999731e+03 3.203910674599999766e+03 3.237170292199999949e+03 3.270418696400000044e+03 3.303656131400000049e+03 3.336882814999999937e+03 3.370098978199999692e+03 3.403304852000000210e+03 3.436500660800000333e+03 3.469686622400000033e+03 3.502862961199999972e+03 3.536029894999999669e+03 3.569187641600000006e+03 3.602336405600000035e+03 3.635476411399999961e+03 3.668607870199999979e+03 3.701730986600000051e+03 3.734845971799999916e+03 3.767953030399999989e+03
4.741592150000001311e+02 5.094362678000002234e+02 5.446691269999998894e+02 5.798583800000001247e+02 6.150046142000001055e+02 6.501084038000001328e+02 6.851703097999998135e+02 7.201909064000001308e+02 7.551707480000000032e+02 7.901103890000001684e+02 8.250103771999999935e+02 8.598712669999999889e+02 8.946935995999999705e+02 9.294779161999999815e+02 9.642247514000000592e+02 9.989346530000000257e+02 1.033608142399999906e+03 1.068245760799999971e+03 1.102848029600000018e+03 1.137415470200000073e+03 1.171948623799999950e+03 1.206447991999999886e+03 1.240914096200000131e+03 1.275347457800000029e+03 1.309748584999999821e+03 1.344117979399999967e+03 1.378456149199999800e+03 1.412763595339999938e+03 1.447040810839999949e+03 1.481288289379999924e+03 1.515506518700000015e+03 1.549695981920000122e+03 1.583857157540000117e+03 1.617990519440000071e+03 1.652096536880000031e+03 1.686175674500000014e+03 1.720228389679999964e+03 1.754255137820000073e+03 1.788256365080000023e+03 1.822232515639999974e+03 1.856184025099999872e+03 1.890111326420000069e+03 1.924014843980000023e+03 1.957894998199999918e+03 1.991752202504000024e+03 2.025586865629999920e+03 2.059399389583999891e+03 2.093190170630000011e+03 2.126959598960000221e+03 2.160708060079999996e+03
2.126020278380000036e+03 2.159761662320000141e+03 2.193482533460000013e+03 2.227183264039999813e+03 2.260864219040000080e+03 2.294525758820000192e+03 2.328168237140000201e+03 2.361792001820000223e+03 2.395397394739999982e+03 2.428984753820000151e+03 2.462554410379999808e+03 2.496106689140000071e+03 2.529641912179999963e+03 2.563160393659999954e+03 2.596662445099999786e+03 2.630148371419999876e+03 2.663618472919999931e+03 2.697073046599999998e+03 2.730512382200000047e+03 2.763936768800000209e+03 2.797346483599999829e+03 2.830741817000000083e+03 2.864123026400000072e+03 2.897490395599999829e+03 2.930844188600000052e+03 2.964184662799999842e+03 2.997512075600000117e+03 3.030826691000000210e+03 3.064128759799999898e+03 3.097418519599999854e+03 3.130696227800000088e+03 3.163962128600000142e+03 3.197216453000000001e+03 3.230459438599999885e+03 3.263691323000000011e+03 3.296912343799999690e+03 3.330122712200000024e+03 3.363322672399999647e+03 3.396512442199999896e+03 3.429692246000000068e+03 3.462862294999999904e+03 3.496022813600000063e+03 3.529174019600000065e+03 3.562316130799999883e+03 3.595449345199999698e+03 3.628573880599999939e+03 3.661689954800000123e+03 3.694797759199999746e+03 3.727897518199999922e+03 3.760989423200000147e+03
4.680347384000001512e+02 5.032843550000000050e+02 5.384898638000001938e+02 5.736518654000001334e+02 6.087709274000001187e+02 6.438476306000000022e+02 6.788825360000000728e+02 7.138762111999999433e+02 7.488292171999999027e+02 7.837421150000000125e+02 8.186154458000000886e+02 8.534497772000001987e+02 8.882456437999999252e+02 9.230036000000000058e+02 9.577241936000000351e+02 9.924079592000000503e+02 1.027055437999999867e+03 1.061667171199999984e+03 1.096243686799999978e+03 1.130785519399999885e+03 1.165293196999999964e+03 1.199767254200000025e+03 1.234208199199999854e+03 1.268616566599999942e+03 1.302992858000000069e+03 1.337337601400000040e+03 1.371651291800000081e+03 1.405934438719999889e+03 1.440187545079999836e+03 1.474411105220000081e+03 1.508605610179999985e+03 1.542771546380000018e+03 1.576909395619999941e+03 1.611019633760000033e+03 1.645102733360000002e+03 1.679159158400000024e+03 1.713189370220000001e+03 1.747193822899999986e+03 1.781172965900000008e+03 1.815127240759999950e+03 1.849057085720000032e+03 1.882962931100000105e+03 1.916845202599999993e+03 1.950704318000000058e+03 1.984540690196000014e+03 2.018354726210000081e+03 2.052146826127399891e+03 2.085917384186000163e+03 2.119666788380000071e+03 2.153395421119999810e+03
2.120402943139999934e+03 2.154124791079999795e+03 2.187826324220000060e+03 2.221507911499999864e+03 2.255169914600000084e+03 2.288812690579999980e+03 2.322436588579999807e+03 2.356041953120000016e+03 2.389629123440000058e+03 2.423198432180000054e+03 2.456750207359999877e+03 2.490284769740000229e+03 2.523802437440000176e+03 2.557303521320000073e+03 2.590788327620000018e+03 2.624257158620000155e+03 2.657710311320000073e+03 2.691148076779999883e+03 2.724570745399999851e+03 2.757978592399999798e+03 2.791371912800000246e+03 2.824750963999999840e+03 2.858116023200000200e+03 2.891467360999999983e+03 2.924805241399999886e+03 2.958129915200000141e+03 2.991441646400000081e+03 3.024740679200000159e+03 3.058027277600000161e+03 3.091301672600000074e+03 3.124564115000000129e+03 3.157814842400000089e+03 3.191054092400000172e+03 3.224282102600000144e+03 3.257499103999999988e+03 3.290705320999999913e+03 3.323900984599999902e+03 3.357086319199999707e+03 3.390261549199999990e+03 3.423426892399999815e+03 3.456582573199999842e+03 3.489728796200000033e+03 3.522865779200000361e+03 3.555993739999999889e+03 3.589112889799999721e+03 3.622223433199999818e+03 3.655325574800000140e+03 3.688419525799999974e+03 3.721505497399999967e+03 3.754583681000000070e+03
4.625136535999999978e+02 4.977383882000001449e+02 5.329191008000000238e+02 5.680563722000001690e+02 6.031507897999999841e+02 6.382029145999999855e+02 6.732133274000000256e+02 7.081825825999999324e+02 7.431112544000000071e+02 7.779998972000000776e+02 8.128490719999999783e+02 8.476593265999999858e+02 8.824312285999999403e+02 9.171653257999998914e+02 9.518621594000001096e+02 9.865222903999999744e+02 1.021146246799999972e+03 1.055734589600000163e+03 1.090287846799999897e+03 1.124806559599999900e+03 1.159291269199999988e+03 1.193742490399999951e+03 1.228160770999999841e+03 1.262546619199999895e+03 1.296900569599999926e+03 1.331223130399999945e+03 1.365514816400000200e+03 1.399776133159999972e+03 1.434007590860000164e+03 1.468209685820000004e+03 1.502382912380000107e+03 1.536527758940000012e+03 1.570644709279999915e+03 1.604734242559999984e+03 1.638796830020000016e+03 1.672832939599999918e+03 1.706843031979999978e+03 1.740827561240000023e+03 1.774786976840000079e+03 1.808721720980000100e+03 1.842632230579999941e+03 1.876518935300000066e+03 1.910382258860000093e+03 1.944222619039999927e+03 1.978040425700000014e+03 2.011836084673999949e+03 2.045609993235799948e+03 2.079362543365999954e+03 2.113094120497999938e+03 2.146805103979999785e+03
2.115361690879999969e+03 2.149066229659999863e+03 2.182750631840000096e+03 2.216415261080000164e+03 2.250060476420000214e+03 2.283686630300000161e+03 2.317294069879999824e+03 2.350883135059999859e+03 2.384454160459999912e+03 2.418007476079999833e+03 2.451543404000000010e+03 2.485062264319999940e+03 2.518564368559999821e+03 2.552050024279999889e+03 2.585519535739999810e+03 2.618973199940000086e+03 2.652411309260000053e+03 2.685834154099999978e+03 2.719242017600000054e+03 2.752635179599999901e+03 2.786013914000000113e+03 2.819378498000000036e+03 2.852729188999999678e+03 2.886066264199999750e+03 2.919389974400000028e+03 2.952700577000000067e+03 2.985998329399999875e+03 3.019283475799999906e+03 3.052556273600000168e+03 3.085816953800000192e+03 3.119065767199999755e+03 3.152302951399999984e+03 3.185528730800000176e+03 3.218743349599999874e+03 3.251947038799999973e+03 3.285140016199999991e+03 3.318322512800000368e+03 3.351494759600000179e+03 3.384656961199999841e+03 3.417809355200000027e+03 3.450952146200000243e+03 3.484085545400000228e+03 3.517209783799999968e+03 3.550325052799999867e+03 3.583431576800000130e+03 3.616529560400000264e+03 3.649619208199999775e+03 3.682700724799999989e+03 3.715774314799999956e+03 3.748840182799999639e+03
4.576208294000000478e+02 4.928232493999998951e+02 5.279817266000000018e+02 5.630968483999999989e+02 5.981691823999999542e+02 6.331993159999999534e+02 6.681878036000000520e+02 7.031352259999998751e+02 7.380421507999999449e+02 7.729091323999998622e+02 8.077367317999999159e+02 8.425255232000001797e+02 8.772760544000000209e+02 9.119888864000001831e+02 9.466645736000000397e+02 9.813036638000000949e+02 1.015906711399999949e+03 1.050474264200000107e+03 1.085006870000000163e+03 1.119505063399999926e+03 1.153969385599999896e+03 1.188400377800000115e+03 1.222798567999999932e+03 1.257164484200000061e+03 1.291498654399999850e+03 1.325801600000000008e+03 1.360073829200000091e+03 1.394315861420000147e+03 1.428528201560000070e+03 1.462711349239999890e+03 1.496865802100000110e+03 1.530992050520000021e+03 1.565090578939999887e+03 1.599161867179999945e+03 1.633206388459999971e+03 1.667224609399999963e+03 1.701216991340000050e+03 1.735183989019999899e+03 1.769126050580000083e+03 1.803043618220000099e+03 1.836937126880000051e+03 1.870807005560000107e+03 1.904653675999999905e+03 1.938477554000000055e+03 1.972279048099999955e+03 2.006058560899999975e+03 2.039816488202000073e+03 2.073553219009999793e+03 2.107269136058000186e+03 2.140964615479999793e+03
2.110905646627999886e+03 2.144595059660000061e+03 2.178264491060000182e+03 2.211914301979999891e+03 2.245544847499999833e+03 2.279156476759999805e+03 2.312749532299999828e+03 2.346324350719999984e+03 2.379881263339999805e+03 2.413420594879999953e+03 2.446942666099999769e+03 2.480447791160000179e+03 2.513936278279999897e+03 2.547408433699999932e+03 2.580864554419999877e+03 2.614304936120000093e+03 2.647729867879999802e+03 2.681139635479999924e+03 2.714534521399999903e+03 2.747914793599999939e+03 2.781280737199999749e+03 2.814632616200000029e+03 2.847970694600000115e+03 2.881295229800000016e+03 2.914606485799999973e+03 2.947904706799999985e+03 2.981190156800000295e+03 3.014463079999999991e+03 3.047723720599999979e+03 3.080972316200000023e+03 3.114209111000000121e+03 3.147434336000000258e+03 3.180648228799999742e+03 3.213851027000000158e+03 3.247042948400000114e+03 3.280224224000000049e+03 3.313395084800000404e+03 3.346555742000000009e+03 3.379706419999999980e+03 3.412847336599999835e+03 3.445978716200000235e+03 3.479100763399999778e+03 3.512213695999999800e+03 3.545317718600000262e+03 3.578413048999999774e+03 3.611499891800000114e+03 3.644578451599999880e+03 3.677648933000000397e+03 3.710711540600000262e+03 3.743766478999999890e+03
4.533059540000001562e+02 4.884888181999999688e+02 5.236278056000001015e+02 5.587235035999999582e+02 5.937764864000000671e+02 6.287873216000000411e+02 6.637565965999999662e+02 6.986848789999999099e+02 7.335727297999999337e+02 7.684207298000001174e+02 8.032294333999998344e+02 8.379994148000000678e+02 8.727312349999999697e+02 9.074254484000000502e+02 9.420826225999999224e+02 9.767033120000000963e+02 1.011288070999999945e+03 1.045837453999999980e+03 1.080352002199999788e+03 1.114832276600000114e+03 1.149278805200000079e+03 1.183692142399999966e+03 1.218072809600000028e+03 1.252421348000000080e+03 1.286738285599999926e+03 1.321024150400000053e+03 1.355279444000000012e+03 1.389504699019999862e+03 1.423700414420000016e+03 1.457867094440000074e+03 1.492005238700000064e+03 1.526115337579999959e+03 1.560197877500000004e+03 1.594253338279999980e+03 1.628282193139999890e+03 1.662284910020000098e+03 1.696261948280000070e+03 1.730213763319999998e+03 1.764140802619999931e+03 1.798043505740000001e+03 1.831922306960000014e+03 1.865777633960000003e+03 1.899609907159999921e+03 1.933419539060000034e+03 1.967206937539999899e+03 2.000972501239999929e+03 2.034716624312000022e+03 2.068439692855999965e+03 2.102142086635999931e+03 2.135824179079999794e+03
2.107043038736000199e+03 2.140719459139999799e+03 2.174376031100000091e+03 2.208013113259999955e+03 2.241631057399999918e+03 2.275230207380000138e+03 2.308810903760000201e+03 2.342373479179999777e+03 2.375918261660000098e+03 2.409445571960000052e+03 2.442955727540000225e+03 2.476449037939999926e+03 2.509925810719999845e+03 2.543386344860000008e+03 2.576830938019999849e+03 2.610259879279999950e+03 2.643673457060000146e+03 2.677071952520000195e+03 2.710455642200000057e+03 2.743824806600000102e+03 2.777179708399999981e+03 2.810520611599999938e+03 2.843847786799999994e+03 2.877161484799999926e+03 2.910461969599999975e+03 2.943749485400000140e+03 2.977024282999999741e+03 3.010286613199999920e+03 3.043536720199999763e+03 3.076774835000000166e+03 3.110001201799999762e+03 3.143216051599999901e+03 3.176419621999999890e+03 3.209612143999999716e+03 3.242793842000000041e+03 3.275964940400000160e+03 3.309125670200000059e+03 3.342276242599999932e+03 3.375416881999999987e+03 3.408547812799999974e+03 3.441669246200000089e+03 3.474781386800000291e+03 3.507884465600000112e+03 3.540978680600000189e+03 3.574064242999999806e+03 3.607141357399999833e+03 3.640210241599999790e+03 3.673271093600000313e+03 3.706324111400000220e+03 3.739369506199999705e+03
4.495757659999999305e+02 4.847418662000000040e+02 5.198641423999999915e+02 5.549431819999999789e+02 5.899795592000000397e+02 6.249738614000000325e+02 6.599266628000000310e+02 6.948385309999998753e+02 7.297100402000000940e+02 7.645417711999998573e+02 7.993342916000001424e+02 8.340881690000001072e+02 8.688039644000000408e+02 9.034822520000000168e+02 9.381235861999998633e+02 9.727285411999998814e+02 1.007297664799999893e+03 1.041831517999999960e+03 1.076330655199999910e+03 1.110795624200000020e+03 1.145226972800000112e+03 1.179625242200000002e+03 1.213990980199999967e+03 1.248324708200000032e+03 1.282626967400000012e+03 1.316898285799999940e+03 1.351139171599999827e+03 1.385350152800000160e+03 1.419531734299999925e+03 1.453684420340000088e+03 1.487808710539999993e+03 1.521905097260000048e+03 1.555974066920000041e+03 1.590016099339999982e+03 1.624031668399999944e+03 1.658021240719999923e+03 1.691985276979999981e+03 1.725924229279999963e+03 1.759838544440000078e+03 1.793728662680000070e+03 1.827595014980000087e+03 1.861438028360000089e+03 1.895258119939999915e+03 1.929055701559999989e+03 1.962831177799999978e+03 1.996584946244000093e+03 2.030317397084000049e+03 2.064028914242000155e+03 2.097719874842000081e+03 2.131390648879999844e+03
2.103780063019999943e+03 2.137445570719999978e+03 2.171091342440000062e+03 2.204717733259999932e+03 2.238325091659999998e+03 2.271913758860000144e+03 2.305484071459999996e+03 2.339036358800000016e+03 2.372570945599999959e+03 2.406088149979999798e+03 2.439588285440000163e+03 2.473071660200000224e+03 2.506538575219999984e+03 2.539989330139999765e+03 2.573424216679999972e+03 2.606843523259999984e+03 2.640247533679999833e+03 2.673636527780000051e+03 2.707010780780000005e+03 2.740370564599999852e+03 2.773716140600000017e+03 2.807047783999999865e+03 2.840365745600000082e+03 2.873670289400000001e+03 2.906961659600000075e+03 2.940240113599999859e+03 2.973505902200000037e+03 3.006759256399999686e+03 3.040000433600000179e+03 3.073229664800000137e+03 3.106447187599999779e+03 3.139653233000000000e+03 3.172848038600000109e+03 3.206031828799999857e+03 3.239204834600000140e+03 3.272367280399999800e+03 3.305519384000000173e+03 3.338661376399999881e+03 3.371793475399999807e+03 3.404915892200000144e+03 3.438028851199999735e+03 3.471132556999999906e+03 3.504227227399999720e+03 3.537313073600000280e+03 3.570390300199999729e+03 3.603459125000000313e+03 3.636519745999999941e+03 3.669572374400000172e+03 3.702617208200000277e+03 3.735654451999999765e+03
4.464383569999999963e+02 4.815904981999999563e+02 5.166988615999998729e+02 5.517640346000000591e+02 5.867865980000001400e+02 6.217671326000001955e+02 6.567062191999998504e+02 6.916044319999998606e+02 7.264623584000000847e+02 7.612805593999999019e+02 7.960596158000000742e+02 8.308001017999999931e+02 8.655025849999999537e+02 9.001676330000000235e+02 9.347958200000000488e+02 9.693877135999998700e+02 1.003943861599999991e+03 1.038464831600000025e+03 1.072951184600000033e+03 1.107403475000000071e+03 1.141822243999999955e+03 1.176208039399999961e+03 1.210561408999999912e+03 1.244882887400000072e+03 1.279173002600000018e+03 1.313432295800000020e+03 1.347661275200000091e+03 1.381860462199999802e+03 1.416030367639999895e+03 1.450171500379999998e+03 1.484284358060000159e+03 1.518369433040000104e+03 1.552427213059999985e+03 1.586458176619999904e+03 1.620462797599999931e+03 1.654441541959999995e+03 1.688394869720000088e+03 1.722323232980000057e+03 1.756227076579999903e+03 1.790106838100000004e+03 1.823962949839999965e+03 1.857795834860000014e+03 1.891605908960000079e+03 1.925393582659999993e+03 1.959159257900000057e+03 1.992903329689999964e+03 2.026626186241999903e+03 2.060328208970000105e+03 2.094009772291999980e+03 2.127671243960000083e+03
2.101122928232000049e+03 2.134779552200000126e+03 2.168416531400000167e+03 2.202034218140000121e+03 2.235632956939999985e+03 2.269213087699999960e+03 2.302774942399999873e+03 2.336318849060000048e+03 2.369845129100000122e+03 2.403354097999999794e+03 2.436846065960000033e+03 2.470321337899999889e+03 2.503780213460000141e+03 2.537222988980000082e+03 2.570649954200000138e+03 2.604061394240000027e+03 2.637457590919999802e+03 2.670838822100000016e+03 2.704205359699999917e+03 2.737557472999999845e+03 2.770895432599999822e+03 2.804219485999999961e+03 2.837529910400000063e+03 2.870826950000000124e+03 2.904110855599999923e+03 2.937381878000000142e+03 2.970640268000000106e+03 3.003886263200000030e+03 3.037120107799999914e+03 3.070342039399999976e+03 3.103552289000000201e+03 3.136751100800000131e+03 3.169938692599999740e+03 3.203115302000000156e+03 3.236281153400000221e+03 3.269436471199999687e+03 3.302581479800000125e+03 3.335716403599999921e+03 3.368841453799999726e+03 3.401956854799999746e+03 3.435062817800000175e+03 3.468159560600000077e+03 3.501247294400000101e+03 3.534326230399999986e+03 3.567396579799999927e+03 3.600458547199999884e+03 3.633512343800000053e+03 3.666558174199999939e+03 3.699596242999999959e+03 3.732626748199999838e+03
4.439004127999999127e+02 4.790414263999998639e+02 5.141387018000000353e+02 5.491928198000000521e+02 5.842043744000000061e+02 6.191739398000001984e+02 6.541020968000000266e+02 6.889894328000000314e+02 7.238365285999998378e+02 7.586439517999999680e+02 7.934122898000000532e+02 8.281421168000001671e+02 8.628340069999999287e+02 8.974885279999998602e+02 9.321062540000000354e+02 9.666877526000000671e+02 1.001233591400000023e+03 1.035744324799999958e+03 1.070220526999999947e+03 1.104662739200000033e+03 1.139071515799999815e+03 1.173447417800000039e+03 1.207790973200000053e+03 1.242102736400000140e+03 1.276383228799999870e+03 1.310632984999999962e+03 1.344852526399999988e+03 1.379042374399999972e+03 1.413203039179999905e+03 1.447335028280000188e+03 1.481438840000000027e+03 1.515514968019999969e+03 1.549563899419999871e+03 1.583586112700000058e+03 1.617582081739999921e+03 1.651552271840000003e+03 1.685497141040000088e+03 1.719417141440000023e+03 1.753312716559999899e+03 1.787184303980000095e+03 1.821032332700000097e+03 1.854857225120000066e+03 1.888659395720000020e+03 1.922439253040000040e+03 1.956197196379999923e+03 1.989933619297999940e+03 2.023648908092000056e+03 2.057343441865999921e+03 2.091017592793999938e+03 2.124671726120000130e+03
2.099075226026000109e+03 2.132724947119999797e+03 2.166355094000000008e+03 2.199966016400000171e+03 2.233558056859999851e+03 2.267131552639999882e+03 2.300686833740000111e+03 2.334224224879999838e+03 2.367744046159999925e+03 2.401246609759999956e+03 2.434732223900000008e+03 2.468201192179999907e+03 2.501653812259999995e+03 2.535090376520000063e+03 2.568511173379999946e+03 2.601916486639999675e+03 2.635306596139999783e+03 2.668681777100000090e+03 2.702042300119999709e+03 2.735388435800000025e+03 2.768720442199999979e+03 2.802038582000000133e+03 2.835343119199999819e+03 2.868634291399999711e+03 2.901912369199999830e+03 2.935177583599999707e+03 2.968430191999999806e+03 3.001670431999999892e+03 3.034898541200000182e+03 3.068114757199999985e+03 3.101319317599999977e+03 3.134512453400000140e+03 3.167694402199999786e+03 3.200865381800000250e+03 3.234025623200000155e+03 3.267175350800000160e+03 3.300314789000000019e+03 3.333444162200000392e+03 3.366563681600000109e+03 3.399673565000000053e+03 3.432774043399999755e+03 3.465865314800000306e+03 3.498947596999999860e+03 3.532021101199999976e+03 3.565086038600000393e+03 3.598142620399999942e+03 3.631191051199999947e+03 3.664231542200000149e+03 3.697264284800000041e+03 3.730289496800000052e+03
4.419678404000001137e+02 4.771005775999999514e+02 5.121895964000000276e+02 5.472354973999999856e+02 5.822388547999998991e+02 6.172002560000000813e+02 6.521202883999999358e+02 6.869995327999999972e+02 7.218385700000001179e+02 7.566379808000001503e+02 7.913983525999999529e+02 8.261202529999998205e+02 8.608042693999998392e+02 8.954509628000000703e+02 9.300609139999999115e+02 9.646346972000001188e+02 9.991728734000000713e+02 1.033676010200000064e+03 1.068144668599999932e+03 1.102579409599999963e+03 1.136980781000000206e+03 1.171349337200000036e+03 1.205685619399999950e+03 1.239990175399999998e+03 1.274263533199999983e+03 1.308506227399999943e+03 1.342718779399999903e+03 1.376901710600000115e+03 1.411055533159999868e+03 1.445180753959999947e+03 1.479277871960000084e+03 1.513347381499999983e+03 1.547389767679999977e+03 1.581405510320000076e+03 1.615395081979999986e+03 1.649358948619999865e+03 1.683297566960000040e+03 1.717211387779999995e+03 1.751100854600000048e+03 1.784966403679999985e+03 1.818808462039999995e+03 1.852627452080000012e+03 1.886423785640000006e+03 1.920197870599999987e+03 1.953950104940000074e+03 1.987680880568000021e+03 2.021390581670000074e+03 2.055079585831999793e+03 2.088748263511999994e+03 2.122396978039999794e+03
2.097639461102000041e+03 2.131284219260000100e+03 2.164909453759999906e+03 2.198515513280000050e+03 2.232102737719999823e+03 2.265671462360000078e+03 2.299222016539999913e+03 2.332754723000000013e+03 2.366269898540000213e+03 2.399767855340000096e+03 2.433248900300000059e+03 2.466713333719999810e+03 2.500161451280000165e+03 2.533593546019999849e+03 2.567009903719999784e+03 2.600410806200000025e+03 2.633796532639999896e+03 2.667167356280000149e+03 2.700523547060000055e+03 2.733865373600000112e+03 2.767193089999999756e+03 2.800506972799999858e+03 2.833807259600000179e+03 2.867094207799999822e+03 2.900368074800000159e+03 2.933629104799999823e+03 2.966877542000000176e+03 3.000113624000000073e+03 3.033337588400000186e+03 3.066549679400000059e+03 3.099750127999999677e+03 3.132939171800000167e+03 3.166117035199999918e+03 3.199283942600000046e+03 3.232440131600000313e+03 3.265585813400000006e+03 3.298721225600000253e+03 3.331846579400000337e+03 3.364962099200000011e+03 3.398067996200000380e+03 3.431164494799999829e+03 3.464251806199999919e+03 3.497330141599999934e+03 3.530399718799999846e+03 3.563460742400000072e+03 3.596513423599999896e+03 3.629557966999999735e+03 3.662594583799999782e+03 3.695623472000000220e+03 3.728644849399999657e+03
4.406456162000001768e+02 4.757729348000000300e+02 5.108565547999999126e+02 5.458970701999999164e+02 5.808950551999998879e+02 6.158511169999999311e+02 6.507658231999998861e+02 6.856397612000000663e+02 7.204735250000001088e+02 7.552676888000000872e+02 7.900228400000000875e+02 8.247395461999999497e+02 8.594184013999999934e+02 8.940599731999998312e+02 9.286648357999999917e+02 9.632335633999998663e+02 9.977667235999999775e+02 1.032264883999999938e+03 1.066728605600000037e+03 1.101158449399999881e+03 1.135554969799999981e+03 1.169918721199999936e+03 1.204250244800000019e+03 1.238550081800000044e+03 1.272818773400000055e+03 1.307056847599999855e+03 1.341264832400000159e+03 1.375443242599999849e+03 1.409592593660000148e+03 1.443713391140000113e+03 1.477806135320000067e+03 1.511871319880000101e+03 1.545909431240000004e+03 1.579920947900000101e+03 1.613906343079999942e+03 1.647866080759999932e+03 1.681800618320000012e+03 1.715710405880000053e+03 1.749595886959999916e+03 1.783457494519999955e+03 1.817295658219999950e+03 1.851110797159999947e+03 1.884903323179999916e+03 1.918673642839999957e+03 1.952422153459999890e+03 1.986149244901999964e+03 2.019855301220000001e+03 2.053540698369799884e+03 2.087205805627999780e+03 2.120850985460000174e+03
2.096818204820000119e+03 2.130459909619999962e+03 2.164082122639999852e+03 2.197685190379999767e+03 2.231269452739999906e+03 2.264835243020000235e+03 2.298382889900000009e+03 2.331912715460000072e+03 2.365425034519999826e+03 2.398920158599999922e+03 2.432398392619999868e+03 2.465860037540000121e+03 2.499305387719999999e+03 2.532734733559999768e+03 2.566148361499999737e+03 2.599546552040000279e+03 2.632929583699999966e+03 2.666297727740000028e+03 2.699651255419999870e+03 2.732990431400000034e+03 2.766315514400000211e+03 2.799626770400000169e+03 2.832924450200000138e+03 2.866208804599999894e+03 2.899480084400000123e+03 2.932738533799999914e+03 2.965984403599999951e+03 2.999217931399999998e+03 3.032439354799999819e+03 3.065648911400000088e+03 3.098846832199999881e+03 3.132033354799999870e+03 3.165208703600000263e+03 3.198373116199999913e+03 3.231526810399999704e+03 3.264670010599999841e+03 3.297802941199999623e+03 3.330925833199999943e+03 3.364038891199999853e+03 3.397142339600000014e+03 3.430236396199999945e+03 3.463321272199999839e+03 3.496397185400000126e+03 3.529464340399999855e+03 3.562522961600000144e+03 3.595573240400000032e+03 3.628615401199999724e+03 3.661649635400000079e+03 3.694676160799999707e+03 3.727695175400000153e+03
4.399370731999999862e+02 4.750618441999999959e+02 5.101429232000000411e+02 5.451808975999999802e+02 5.801763547999998991e+02 6.151298887999998897e+02 6.500420870000000377e+02 6.849135235999999622e+02 7.197447926000002099e+02 7.545364748000001782e+02 7.892891509999999471e+02 8.240034086000000570e+02 8.586798218000001270e+02 8.933189648000000034e+02 9.279214183999999932e+02 9.624877502000001641e+02 9.970185343999999077e+02 1.031514338599999974e+03 1.065975723799999969e+03 1.100403244399999949e+03 1.134797467999999981e+03 1.169158942399999887e+03 1.203488208799999938e+03 1.237785814999999957e+03 1.272052289000000201e+03 1.306288178600000037e+03 1.340493992000000162e+03 1.374670257199999924e+03 1.408817487679999886e+03 1.442936187679999875e+03 1.477026858799999900e+03 1.511089992740000071e+03 1.545126077240000086e+03 1.579135590800000045e+03 1.613119005320000042e+03 1.647076785440000094e+03 1.681009388540000145e+03 1.714917264079999995e+03 1.748800854919999892e+03 1.782660594680000031e+03 1.816496911700000055e+03 1.850310224419999940e+03 1.884100945339999953e+03 1.917869479039999987e+03 1.951616223499999933e+03 1.985341568053999936e+03 2.019045895435999910e+03 2.052729581469799996e+03 2.086392994706000081e+03 2.120036496619999980e+03
2.096610792362000211e+03 2.130251333119999799e+03 2.163872394439999880e+03 2.197474322359999860e+03 2.231057457439999780e+03 2.264622132319999764e+03 2.298168674359999841e+03 2.331697404980000101e+03 2.365208639659999790e+03 2.398702689920000012e+03 2.432179859360000137e+03 2.465640448279999873e+03 2.499084751039999901e+03 2.532513058040000033e+03 2.565925655060000281e+03 2.599322822600000109e+03 2.632704837199999929e+03 2.666071972759999881e+03 2.699424497240000164e+03 2.732762678600000072e+03 2.766086771600000247e+03 2.799397044199999982e+03 2.832693740600000183e+03 2.865977124800000183e+03 2.899247434400000202e+03 2.932504920200000015e+03 2.965749832999999853e+03 2.998982403799999702e+03 3.032202876800000013e+03 3.065411489600000095e+03 3.098608466599999701e+03 3.131794052000000192e+03 3.164968470199999956e+03 3.198131952199999887e+03 3.231284722400000192e+03 3.264427005200000167e+03 3.297559018400000241e+03 3.330680992999999944e+03 3.363793146799999704e+03 3.396895690999999715e+03 3.429988843399999951e+03 3.463072821799999929e+03 3.496147844000000077e+03 3.529214114599999903e+03 3.562271844800000054e+03 3.595321245799999815e+03 3.628362528799999836e+03 3.661395891799999845e+03 3.694421552599999814e+03 3.727439702599999691e+03
4.398448777999999493e+02 4.749699656000000232e+02 5.100513613999999052e+02 5.450896526000001359e+02 5.800854265999998916e+02 6.150392642000001615e+02 6.499517594000001282e+02 6.848234996000001047e+02 7.196550655999999435e+02 7.544470381999999518e+02 7.892000113999999940e+02 8.239145462000001316e+02 8.585912432000000081e+02 8.932306633999999121e+02 9.278333876000001510e+02 9.623999899999998888e+02 9.969310448000001088e+02 1.031427106399999957e+03 1.065888755599999968e+03 1.100316533599999957e+03 1.134711007999999993e+03 1.169072733200000130e+03 1.203402243799999951e+03 1.237700094199999967e+03 1.271966805799999975e+03 1.306202926399999797e+03 1.340408977399999912e+03 1.374585473600000114e+03 1.408732927819999986e+03 1.442851850240000203e+03 1.476942739820000043e+03 1.511006090240000049e+03 1.545042387920000010e+03 1.579052111360000026e+03 1.613035732459999963e+03 1.646993716519999907e+03 1.680926520920000030e+03 1.714834594460000062e+03 1.748718380000000025e+03 1.782578312480000022e+03 1.816414818920000016e+03 1.850228318420000051e+03 1.884019223479999937e+03 1.917787939339999866e+03 1.951534862660000044e+03 1.985260383697999941e+03 2.018964885253999910e+03 2.052648742953800138e+03 2.086312325546000011e+03 2.119955994439999813e+03
2.097016901053999845e+03 2.130658161079999900e+03 2.164279936519999865e+03 2.197882573280000088e+03 2.231466411259999859e+03 2.265031784419999894e+03 2.298579020119999768e+03 2.332108439780000026e+03 2.365620359540000209e+03 2.399115090260000215e+03 2.432592936860000009e+03 2.466054199639999752e+03 2.499499173619999965e+03 2.532928148540000166e+03 2.566341410840000208e+03 2.599739241020000009e+03 2.633121916940000119e+03 2.666489711180000086e+03 2.699842893019999792e+03 2.733181725800000095e+03 2.766506478799999968e+03 2.799817398199999843e+03 2.833114754600000197e+03 2.866398785599999883e+03 2.899669748600000275e+03 2.932927887800000008e+03 2.966173447399999986e+03 2.999406664999999975e+03 3.032627784799999972e+03 3.065837044400000195e+03 3.099034674800000175e+03 3.132220906999999897e+03 3.165395972000000256e+03 3.198560100799999873e+03 3.231713517799999863e+03 3.264856447399999979e+03 3.297989107399999739e+03 3.331111728800000037e+03 3.364224522800000159e+03 3.397327713799999856e+03 3.430421513000000232e+03 3.463506138199999896e+03 3.496581800599999951e+03 3.529648711400000138e+03 3.562707081800000196e+03 3.595757129600000098e+03 3.628799046199999793e+03 3.661833055999999942e+03 3.694859350400000039e+03 3.727878134000000045e+03
4.403691818000002058e+02 4.754974706000000424e+02 5.105820410000001175e+02 5.456234870000000683e+02 5.806224025999999867e+02 6.155793685999999525e+02 6.504949724000000515e+02 6.853697947999999087e+02 7.202044298000000708e+02 7.549994516000001568e+02 7.897554410000000189e+02 8.244729853999999705e+02 8.591526589999998578e+02 8.937950425999999879e+02 9.284007037999999739e+02 9.629702167999998892e+02 9.975041558000000350e+02 1.032003081800000018e+03 1.066467555799999900e+03 1.100898145399999976e+03 1.135295404999999846e+03 1.169659875800000009e+03 1.203992112200000065e+03 1.238292662000000064e+03 1.272562046600000031e+03 1.306800807200000008e+03 1.341009465200000022e+03 1.375188541999999870e+03 1.409338554380000005e+03 1.443460001960000000e+03 1.477553387659999999e+03 1.511619205160000092e+03 1.545657941540000138e+03 1.579670074639999939e+03 1.613656077679999953e+03 1.647616415299999971e+03 1.681551545540000006e+03 1.715461917860000085e+03 1.749347975120000001e+03 1.783210152919999928e+03 1.817048878280000054e+03 1.850864571619999879e+03 1.884657645439999897e+03 1.918428505639999912e+03 1.952177548879999904e+03 1.985905167200000051e+03 2.019611743202000071e+03 2.053297653481999987e+03 2.086963267309999992e+03 2.120608946960000139e+03
2.098034990258000107e+03 2.131678859000000102e+03 2.165303218340000058e+03 2.198908415240000068e+03 2.232494791579999855e+03 2.266062680659999842e+03 2.299612411160000192e+03 2.333144307139999910e+03 2.366658684080000057e+03 2.400155854159999762e+03 2.433636123620000035e+03 2.467099792760000128e+03 2.500547157920000245e+03 2.533978510160000042e+03 2.567394135919999826e+03 2.600794317679999949e+03 2.634179333300000053e+03 2.667549456019999980e+03 2.700904955779999909e+03 2.734246101199999885e+03 2.767573151000000053e+03 2.800886360599999989e+03 2.834185993999999937e+03 2.867472302000000127e+03 2.900745535399999881e+03 2.934005938400000105e+03 2.967253748600000108e+03 3.000489223399999901e+03 3.033712587200000144e+03 3.066924084199999925e+03 3.100123951999999917e+03 3.133312408400000095e+03 3.166489704200000233e+03 3.199656050600000071e+03 3.232811678600000050e+03 3.265956819200000155e+03 3.299091690199999903e+03 3.332216509400000177e+03 3.365331501200000275e+03 3.398436883399999715e+03 3.431532867199999600e+03 3.464619670399999904e+03 3.497697510800000146e+03 3.530766593000000285e+03 3.563827128200000061e+03 3.596879327599999669e+03 3.629923395799999980e+03 3.662959550600000057e+03 3.695987976800000069e+03 3.729008892199999991e+03
4.415109026000000085e+02 4.766452435999999580e+02 5.117358530000001338e+02 5.467833049999999275e+02 5.817881936000001133e+02 6.167511062000000948e+02 6.516726301999999578e+02 6.865533398000000034e+02 7.213938223999998627e+02 7.561946654000000763e+02 7.909564364000000296e+02 8.256797228000000359e+02 8.603650987999999415e+02 8.950131452000000536e+02 9.296244229999999789e+02 9.641995130000000245e+02 9.987389828000000307e+02 1.033243393400000059e+03 1.067713305799999944e+03 1.102149280999999974e+03 1.136551873399999977e+03 1.170921630800000003e+03 1.205259101000000101e+03 1.239564831799999865e+03 1.273839344600000004e+03 1.308083180600000105e+03 1.342296854600000188e+03 1.376480901200000062e+03 1.410635816720000093e+03 1.444762118600000122e+03 1.478860303160000058e+03 1.512930864739999834e+03 1.546974289759999920e+03 1.580991058040000098e+03 1.614981641480000008e+03 1.648946506040000031e+03 1.682886109759999954e+03 1.716800903419999941e+03 1.750691330539999853e+03 1.784557826720000094e+03 1.818400820300000078e+03 1.852220733019999898e+03 1.886017978699999958e+03 1.919792963240000063e+03 1.953546085940000012e+03 1.987277737981999962e+03 2.020988304673999892e+03 2.054678163470000072e+03 2.088347684960000151e+03 2.121997232539999914e+03
2.099662659092000013e+03 2.133311044279999805e+03 2.166939876439999807e+03 2.200549504579999848e+03 2.234140270580000106e+03 2.267712511700000050e+03 2.301266557280000143e+03 2.334802731379999841e+03 2.368321353440000166e+03 2.401822736300000088e+03 2.435307187519999843e+03 2.468775009380000029e+03 2.502226499540000077e+03 2.535661950379999780e+03 2.569081649660000039e+03 2.602485881179999978e+03 2.635874924120000287e+03 2.669249053700000331e+03 2.702608540520000133e+03 2.735953653200000190e+03 2.769284649799999897e+03 2.802601799600000049e+03 2.835905353399999967e+03 2.869195561999999882e+03 2.902472682800000257e+03 2.935736960000000181e+03 2.968988637800000106e+03 3.002227960400000029e+03 3.035455165400000169e+03 3.068670490399999835e+03 3.101874173000000155e+03 3.135066444200000205e+03 3.168247528400000192e+03 3.201417669800000112e+03 3.234577073000000382e+03 3.267725982199999635e+03 3.300864608599999883e+03 3.333993176599999970e+03 3.367111903999999868e+03 3.400221015199999783e+03 3.433320714800000133e+03 3.466411227200000212e+03 3.499492763600000217e+03 3.532565528600000107e+03 3.565629739999999856e+03 3.598685602399999880e+03 3.631733320399999684e+03 3.664773105199999918e+03 3.697805161399999633e+03 3.730829686999999922e+03
4.432682647999999972e+02 4.784115223999999671e+02 5.135110087999998996e+02 5.485673048000001017e+02 5.835809977999999774e+02 6.185526751999998396e+02 6.534829177999999956e+02 6.883722998000000644e+02 7.232214152000001377e+02 7.580308316000000559e+02 7.928011364000001322e+02 8.275328971999999794e+02 8.622266948000001321e+02 8.968830967999999757e+02 9.315026774000000387e+02 9.660860041999999339e+02 1.000633644799999956e+03 1.035146160199999940e+03 1.069624111399999947e+03 1.104068059400000038e+03 1.138478545400000030e+03 1.172856130399999984e+03 1.207201348999999936e+03 1.241514742399999932e+03 1.275796851799999786e+03 1.310048205199999984e+03 1.344269317400000091e+03 1.378460722999999916e+03 1.412622916999999916e+03 1.446756417499999998e+03 1.480861720819999846e+03 1.514939320640000005e+03 1.548989704040000106e+03 1.583013350839999930e+03 1.617010733600000094e+03 1.650982319599999983e+03 1.684928566219999993e+03 1.718849926220000043e+03 1.752746843780000063e+03 1.786619755819999909e+03 1.820469092000000046e+03 1.854295275380000021e+03 1.888098719780000010e+03 1.921879834399999936e+03 1.955639019199999893e+03 1.989376668134000056e+03 2.023093167038000047e+03 2.056788895543999843e+03 2.090464226023999800e+03 2.124119524579999961e+03
2.101896526112000174e+03 2.135551366759999837e+03 2.169186590360000082e+03 2.202802549219999946e+03 2.236399586540000200e+03 2.269978042220000134e+03 2.303538247580000188e+03 2.337080529979999937e+03 2.370605210180000086e+03 2.404112602340000194e+03 2.437603017320000163e+03 2.471076759380000112e+03 2.504534128159999909e+03 2.537975417359999938e+03 2.571400918039999851e+03 2.604810915320000277e+03 2.638205689039999925e+03 2.671585517059999802e+03 2.704950671959999909e+03 2.738301425000000108e+03 2.771638031599999977e+03 2.804960764999999810e+03 2.838269876000000295e+03 2.871565628599999854e+03 2.904848260400000072e+03 2.938118028800000047e+03 2.971375184600000011e+03 3.004619958799999949e+03 3.037852595599999859e+03 3.071073339200000191e+03 3.104282414000000244e+03 3.137480064200000015e+03 3.170666520800000399e+03 3.203842001600000003e+03 3.237006737600000179e+03 3.270160959800000001e+03 3.303304885999999897e+03 3.336438740599999619e+03 3.369562734799999816e+03 3.402677093000000241e+03 3.435782026400000177e+03 3.468877759400000286e+03 3.501964490000000296e+03 3.535042442599999958e+03 3.568111815199999910e+03 3.601172819000000345e+03 3.634225671799999873e+03 3.667270564999999806e+03 3.700307703200000105e+03 3.733337297600000056e+03
4.456379815999998755e+02 4.807930069999999887e+02 5.159042084000000159e+02 5.509721731999998156e+02 5.859974953999999343e+02 6.209807425999999850e+02 6.559225087999998323e+02 6.908233549999999923e+02 7.256838751999998749e+02 7.605046370000000024e+02 7.952862212000000000e+02 8.300291953999999350e+02 8.647341338000001087e+02 8.994016039999999066e+02 9.340321736000000783e+02 9.686264168000000154e+02 1.003184888000000001e+03 1.037708148199999869e+03 1.072196758399999908e+03 1.106651266399999940e+03 1.141072233200000028e+03 1.175460199999999986e+03 1.209815701400000080e+03 1.244139285199999904e+03 1.278431485999999950e+03 1.312692825200000016e+03 1.346923824200000126e+03 1.381125011000000086e+03 1.415296889180000107e+03 1.449439966280000135e+03 1.483554741920000197e+03 1.517641709779999928e+03 1.551701356280000027e+03 1.585734163220000028e+03 1.619740602500000023e+03 1.653721142059999920e+03 1.687676240600000028e+03 1.721606351540000105e+03 1.755511919719999923e+03 1.789393384040000001e+03 1.823251176140000098e+03 1.857085719079999990e+03 1.890897430640000039e+03 1.924686720019999939e+03 1.958453989820000061e+03 1.992199636040000087e+03 2.025924046760000010e+03 2.059627603790000194e+03 2.093310681811999984e+03 2.126973649040000055e+03
2.104732626565999908e+03 2.138395900760000131e+03 2.172039474679999785e+03 2.205663702020000073e+03 2.239268929939999907e+03 2.272855499660000078e+03 2.306423746460000075e+03 2.339973999679999906e+03 2.373506582720000097e+03 2.407021813039999870e+03 2.440520004139999855e+03 2.474001462260000153e+03 2.507466490339999837e+03 2.540915384060000179e+03 2.574348437120000199e+03 2.607765935960000206e+03 2.641168165040000076e+03 2.674555402219999905e+03 2.707927923379999811e+03 2.741285997800000132e+03 2.774629897400000118e+03 2.807959877600000254e+03 2.841276202399999875e+03 2.874579129199999898e+03 2.907868908800000099e+03 2.941145792000000256e+03 2.974410022999999910e+03 3.007661852600000202e+03 3.040901518399999986e+03 3.074129257999999936e+03 3.107345309000000270e+03 3.140549909000000298e+03 3.173743282399999771e+03 3.206925660200000038e+03 3.240097273399999722e+03 3.273258346399999937e+03 3.306409096999999747e+03 3.339549749599999814e+03 3.372680522000000110e+03 3.405801638599999933e+03 3.438913303999999698e+03 3.472015736000000288e+03 3.505109152399999857e+03 3.538193757800000185e+03 3.571269769999999880e+03 3.604337380400000256e+03 3.637396813400000156e+03 3.670448260399999981e+03 3.703491932599999927e+03 3.736528027999999722e+03
4.486167596000000231e+02 4.837863643999999113e+02 5.189121056000001317e+02 5.539945507999998426e+02 5.890342874000000393e+02 6.240318961999998919e+02 6.589879580000001624e+02 6.939030404000000090e+02 7.287777175999999599e+02 7.636125703999998677e+02 7.984081663999998000e+02 8.331650732000000517e+02 8.678838650000000143e+02 9.025650962000001982e+02 9.372093476000000010e+02 9.718171669999999267e+02 1.006389122000000043e+03 1.040925760399999945e+03 1.075427649799999926e+03 1.109895331400000032e+03 1.144329359600000089e+03 1.178730275599999914e+03 1.213098613999999998e+03 1.247434916000000158e+03 1.281739709599999969e+03 1.316013529400000152e+03 1.350256883600000037e+03 1.384470300200000111e+03 1.418654282779999903e+03 1.452809340199999951e+03 1.486935970099999849e+03 1.521034665499999846e+03 1.555105913480000027e+03 1.589150194520000014e+03 1.623167982500000107e+03 1.657159744040000078e+03 1.691125941140000123e+03 1.725067025900000090e+03 1.758983446460000096e+03 1.792875641719999976e+03 1.826744044640000084e+03 1.860589081580000084e+03 1.894411170979999952e+03 1.928210724680000112e+03 1.961988147260000005e+03 1.995743837029999895e+03 2.029478184710000050e+03 2.063191574552000020e+03 2.096884383944000092e+03 2.130556983739999851e+03
2.108166019694000170e+03 2.141839755680000053e+03 2.175493685660000210e+03 2.209128166099999817e+03 2.242743548779999855e+03 2.276340176900000188e+03 2.309918389699999807e+03 2.343478519159999905e+03 2.377020891319999919e+03 2.410545827599999939e+03 2.444053644139999960e+03 2.477544650480000200e+03 2.511019151540000166e+03 2.544477448279999862e+03 2.577919834399999672e+03 2.611346601620000001e+03 2.644758035719999953e+03 2.678154417859999739e+03 2.711536022600000251e+03 2.744903127800000220e+03 2.778256003399999827e+03 2.811594913400000223e+03 2.844920115200000055e+03 2.878231872800000019e+03 2.911530436999999893e+03 2.944816058599999906e+03 2.978088995000000068e+03 3.011349483800000144e+03 3.044597769200000130e+03 3.077834088800000245e+03 3.111058686800000032e+03 3.144271794199999931e+03 3.177473641999999927e+03 3.210664461200000005e+03 3.243844476199999917e+03 3.277013918000000103e+03 3.310173010999999860e+03 3.343321966399999837e+03 3.376461015200000020e+03 3.409590368600000147e+03 3.442710244400000192e+03 3.475820853799999895e+03 3.508922414600000138e+03 3.542015131399999973e+03 3.575099215399999594e+03 3.608174877800000104e+03 3.641242316599999867e+03 3.674301742999999988e+03 3.707353355000000192e+03 3.740397357199999988e+03
4.521998467999999320e+02 4.873868491999999151e+02 5.225299087999999301e+02 5.576296129999998357e+02 5.926865492000001723e+02 6.277012783999998646e+02 6.626743879999999081e+02 6.976064456000001428e+02 7.324980253999999604e+02 7.673496949999998833e+02 8.021620219999999790e+02 8.369355739999998605e+02 8.716709054000000378e+02 9.063685970000001362e+02 9.410291899999999714e+02 9.756532520000000659e+02 1.010241337400000020e+03 1.044794000599999890e+03 1.079311789400000180e+03 1.113795251600000029e+03 1.148244928399999935e+03 1.182661367600000176e+03 1.217045103800000106e+03 1.251396664999999985e+03 1.285716585799999848e+03 1.320005394199999955e+03 1.354263591800000086e+03 1.388491713200000049e+03 1.422690256039999895e+03 1.456859727860000021e+03 1.491000625640000180e+03 1.525113442400000167e+03 1.559198663899999929e+03 1.593256771939999908e+03 1.627288239740000108e+03 1.661293534580000141e+03 1.695273118459999978e+03 1.729227445460000126e+03 1.763156963720000022e+03 1.797062114780000002e+03 1.830943332260000034e+03 1.864801043839999920e+03 1.898635671259999981e+03 1.932447627680000096e+03 1.966237320319999981e+03 2.000005149931999995e+03 2.033751509678000048e+03 2.067476786581999932e+03 2.101181361001999903e+03 2.134865606299999854e+03
2.112189029432000098e+03 2.145875309179999931e+03 2.179541655739999896e+03 2.213188429339999857e+03 2.246815983739999865e+03 2.280424666760000036e+03 2.314014820280000094e+03 2.347586780239999825e+03 2.381140876639999988e+03 2.414677433540000038e+03 2.448196770380000089e+03 2.481699200659999860e+03 2.515185031940000044e+03 2.548654569140000149e+03 2.582108109259999765e+03 2.615545947319999868e+03 2.648968370419999701e+03 2.682375664340000185e+03 2.715768107599999894e+03 2.749145977399999992e+03 2.782509551600000123e+03 2.815859087599999839e+03 2.849194856000000073e+03 2.882517114199999924e+03 2.915826119599999856e+03 2.949122129600000335e+03 2.982405394999999771e+03 3.015676153399999748e+03 3.048934662200000275e+03 3.082181158999999752e+03 3.115415874799999983e+03 3.148639053799999601e+03 3.181850926999999956e+03 3.215051725400000123e+03 3.248241673399999854e+03 3.281421002000000044e+03 3.314589942200000223e+03 3.347748698599999898e+03 3.380897508799999741e+03 3.414036577400000169e+03 3.447166122200000245e+03 3.480286367599999721e+03 3.513397511600000144e+03 3.546499778600000354e+03 3.579593366600000081e+03 3.612678486799999973e+03 3.645755350399999770e+03 3.678824155399999654e+03 3.711885106400000041e+03 3.744938401399999748e+03
4.563788215999998101e+02 4.915860001999999440e+02 5.267491634000000431e+02 5.618688985999999659e+02 5.969457866000000195e+02 6.319804016000000502e+02 6.669733111999998982e+02 7.019250896000000921e+02 7.368362978000000112e+02 7.717075165999999626e+02 8.065392937999999958e+02 8.413321969999999510e+02 8.760867872000001171e+02 9.108036188000000948e+02 9.454832527999999456e+02 9.801262369999999464e+02 1.014733125799999925e+03 1.049304460400000153e+03 1.083840801800000008e+03 1.118342677999999978e+03 1.152810636800000111e+03 1.187245212799999990e+03 1.221646947199999886e+03 1.256016354800000045e+03 1.290353970199999821e+03 1.324660314799999924e+03 1.358935903399999916e+03 1.393181243539999969e+03 1.427396850019999874e+03 1.461583222459999888e+03 1.495740857180000148e+03 1.529870245220000015e+03 1.563971872340000118e+03 1.598046218360000012e+03 1.632093757159999996e+03 1.666114957340000046e+03 1.700110278919999928e+03 1.734080177959999901e+03 1.768025103919999992e+03 1.801945498340000086e+03 1.835841796820000127e+03 1.869714429019999898e+03 1.903563818000000083e+03 1.937390379559999928e+03 1.971194522900000038e+03 2.004976650554000116e+03 2.038737159380000094e+03 2.072476438711999890e+03 2.106194871877999958e+03 2.139892835539999851e+03
2.116798497679999855e+03 2.150499459919999936e+03 2.184180337700000109e+03 2.217841496659999848e+03 2.251483292540000093e+03 2.285106077779999850e+03 2.318710196900000028e+03 2.352295990460000212e+03 2.385863790440000230e+03 2.419413926839999931e+03 2.452946721079999861e+03 2.486462491279999995e+03 2.519961548299999777e+03 2.553444200359999741e+03 2.586910747760000049e+03 2.620361488819999977e+03 2.653796715919999770e+03 2.687216716160000033e+03 2.720621774000000187e+03 2.754012163999999757e+03 2.787388166000000183e+03 2.820750057199999901e+03 2.854098088400000051e+03 2.887432530199999746e+03 2.920753653199999917e+03 2.954061694999999872e+03 2.987356919599999856e+03 3.020639571199999864e+03 3.053909907199999907e+03 3.087168158599999970e+03 3.120414563000000271e+03 3.153649371200000132e+03 3.186872814199999993e+03 3.220085116400000061e+03 3.253286515400000098e+03 3.286477235600000313e+03 3.319657501400000001e+03 3.352827537199999824e+03 3.385987567399999989e+03 3.419137803200000235e+03 3.452278462400000080e+03 3.485409762799999953e+03 3.518531915600000048e+03 3.551645132000000103e+03 3.584749623200000315e+03 3.617845600399999967e+03 3.650933261600000151e+03 3.684012811399999919e+03 3.717084460999999919e+03 3.750148408399999880e+03
4.611465625999999247e+02 4.963766762000000199e+02 5.315626886000000013e+02 5.667051938000001883e+02 6.018047593999999663e+02 6.368619728000001032e+02 6.718773949999999786e+02 7.068515936000001147e+02 7.417851362000001245e+02 7.766785838000000695e+02 8.115325040000000172e+02 8.463474380000000110e+02 8.811239600000001246e+02 9.158626045999999405e+02 9.505639327999999750e+02 9.852284924000000501e+02 1.019856831199999988e+03 1.054449483800000053e+03 1.089007004600000073e+03 1.123529921599999852e+03 1.158018775999999889e+03 1.192474095799999986e+03 1.226896415600000182e+03 1.261286250200000040e+03 1.295644134200000053e+03 1.329970575800000006e+03 1.364266096399999924e+03 1.398531198260000110e+03 1.432766388920000054e+03 1.466972167339999942e+03 1.501149029180000070e+03 1.535297463500000049e+03 1.569417954739999914e+03 1.603510982060000060e+03 1.637577017359999900e+03 1.671616529240000091e+03 1.705629979039999853e+03 1.739617821499999991e+03 1.773580506739999919e+03 1.807518477619999885e+03 1.841432171059999973e+03 1.875322017380000034e+03 1.909188441620000049e+03 1.943031860900000083e+03 1.976852687719999949e+03 2.010651325604000021e+03 2.044428174445999957e+03 2.078183626286000163e+03 2.111918067025999790e+03 2.145631876760000068e+03
2.121982245260000127e+03 2.155700090299999829e+03 2.189397677959999783e+03 2.223075377180000032e+03 2.256733546999999817e+03 2.290372543819999919e+03 2.323992716119999841e+03 2.357594407099999898e+03 2.391177953360000174e+03 2.424743688200000179e+03 2.458291936999999962e+03 2.491823021839999910e+03 2.525337257539999882e+03 2.558834954299999936e+03 2.592316419020000012e+03 2.625781952000000274e+03 2.659231848259999879e+03 2.692666400179999982e+03 2.726085894199999984e+03 2.759490612800000235e+03 2.792880837799999881e+03 2.826256833200000074e+03 2.859618876200000159e+03 2.892967237400000158e+03 2.926302167599999848e+03 2.959623937400000159e+03 2.992932791000000179e+03 3.026228992400000152e+03 3.059512785800000074e+03 3.092784408800000165e+03 3.126044112200000200e+03 3.159292133599999943e+03 3.192528710600000068e+03 3.225754074200000105e+03 3.258968455400000039e+03 3.292172091800000089e+03 3.325365201200000229e+03 3.358548008000000209e+03 3.391720743200000015e+03 3.424883611400000063e+03 3.458036843599999884e+03 3.491180651000000125e+03 3.524315244800000073e+03 3.557440842799999700e+03 3.590557649599999877e+03 3.623665882999999667e+03 3.656765734399999928e+03 3.689857428199999958e+03 3.722941155800000161e+03 3.756017121800000041e+03
4.665563251999999466e+02 5.018119081999998343e+02 5.370233173999999963e+02 5.721911335999998300e+02 6.073159442000001036e+02 6.423983167999999750e+02 6.774388255999999728e+02 7.124380315999999311e+02 7.473965024000001449e+02 7.823147989999999936e+02 8.171934691999999814e+02 8.520330608000001575e+02 8.868341413999999077e+02 9.215972389999999450e+02 9.563229145999998764e+02 9.910117027999999664e+02 1.025664144800000031e+03 1.060280775199999880e+03 1.094862135200000012e+03 1.129408746199999996e+03 1.163921155999999883e+03 1.198399872800000139e+03 1.232845431199999894e+03 1.267258346000000074e+03 1.301639132000000018e+03 1.335988310599999977e+03 1.370306376800000180e+03 1.404593853320000107e+03 1.438851229220000050e+03 1.473079002800000126e+03 1.507277665759999991e+03 1.541447705840000026e+03 1.575589604180000151e+03 1.609703838619999942e+03 1.643790879079999968e+03 1.677851192839999840e+03 1.711885240579999845e+03 1.745893477040000107e+03 1.779876351020000129e+03 1.813834306040000001e+03 1.847767779679999876e+03 1.881677204240000037e+03 1.915563003440000102e+03 1.949425598360000095e+03 1.983265400971999952e+03 2.017082819023999946e+03 2.050878253268000208e+03 2.084652098581999780e+03 2.118404743640000106e+03 2.152136571439999898e+03
2.127732953300000190e+03 2.161469930419999855e+03 2.195186455460000161e+03 2.228882898679999926e+03 2.262559625060000144e+03 2.296216991660000076e+03 2.329855352239999775e+03 2.363475052639999831e+03 2.397076434739999968e+03 2.430659833820000131e+03 2.464225579880000168e+03 2.497773997639999834e+03 2.531305407199999991e+03 2.564820122719999745e+03 2.598318453740000223e+03 2.631800703859999885e+03 2.665267174040000100e+03 2.698718158640000183e+03 2.732153947400000106e+03 2.765574829399999999e+03 2.798981085800000074e+03 2.832372987199999898e+03 2.865750810800000181e+03 2.899114833799999815e+03 2.932465313600000172e+03 2.965802514199999678e+03 2.999126686399999926e+03 3.032438100800000029e+03 3.065736995000000206e+03 3.099023626400000012e+03 3.132298232600000119e+03 3.165561064399999850e+03 3.198812352799999644e+03 3.232052335399999720e+03 3.265281249800000296e+03 3.298499320400000215e+03 3.331706784799999696e+03 3.364903860800000075e+03 3.398090779399999974e+03 3.431267751800000042e+03 3.464435008999999809e+03 3.497592762199999925e+03 3.530741229199999907e+03 3.563880621199999950e+03 3.597011156000000028e+03 3.630133038200000101e+03 3.663246472400000130e+03 3.696351682999999866e+03 3.729448854799999935e+03 3.762538212200000089e+03
4.725546097999999802e+02 5.078382493999999951e+02 5.430776227999999719e+02 5.782733173999999963e+02 6.134259271999999328e+02 6.485360264000000825e+02 6.836041826000000583e+02 7.186309567999999217e+02 7.536169231999999738e+02 7.885626296000000366e+02 8.234686238000001595e+02 8.583354601999999431e+02 8.931636865999998918e+02 9.279538376000000426e+02 9.627064543999999842e+02 9.974220781999999872e+02 1.032101236999999855e+03 1.066744465400000081e+03 1.101352291400000013e+03 1.135925236399999903e+03 1.170463821800000005e+03 1.204968575599999895e+03 1.239440012600000045e+03 1.273878641000000016e+03 1.308284968999999819e+03 1.342659517999999935e+03 1.377002776400000130e+03 1.411315249100000074e+03 1.445597432420000132e+03 1.479849818059999961e+03 1.514072891780000191e+03 1.548267138019999948e+03 1.582433034619999944e+03 1.616571054799999956e+03 1.650681667820000030e+03 1.684765337660000114e+03 1.718822523020000062e+03 1.752853676660000019e+03 1.786859248040000011e+03 1.820839678040000081e+03 1.854795404899999994e+03 1.888726860259999967e+03 1.922634469820000049e+03 1.956518653339999901e+03 1.990379824838000104e+03 2.024218393447999915e+03 2.058034761572000207e+03 2.091829326002000016e+03 2.125602477259999887e+03 2.159354601380000076e+03
2.287337956880000092e+03 2.320996618399999988e+03 2.354636372240000128e+03 2.388257563579999896e+03 2.421860532319999948e+03 2.455445611760000247e+03 2.489013131239999893e+03 2.522563414159999866e+03 2.556096778640000139e+03 2.589613536859999840e+03 2.623113998360000096e+03 2.656598465420000139e+03 2.690067236359999697e+03 2.723520606199999747e+03 2.756958859399999710e+03 2.790382289000000128e+03 2.823791172199999892e+03 2.857185786200000166e+03 2.890566394999999829e+03 2.923933282400000280e+03 2.957286699199999930e+03 2.990626916000000165e+03 3.023954183599999851e+03 3.057268759399999908e+03 3.090570894200000112e+03 3.123860838800000238e+03 3.157138830800000051e+03 3.190405120999999781e+03 3.223659933800000090e+03 3.256903519999999844e+03 3.290136104000000159e+03 3.323357923399999891e+03 3.356569202599999699e+03 3.389770166000000245e+03 3.422961038000000372e+03 3.456142042999999830e+03 3.489313398799999959e+03 3.522475323200000275e+03 3.555628034000000298e+03 3.588771742400000221e+03 3.621906659600000239e+03 3.655033003399999870e+03 3.688150978399999985e+03 3.721260795799999869e+03 3.754362660199999937e+03 3.787456782799999928e+03 3.820543354999999792e+03 3.853622601199999735e+03 3.886694706199999928e+03 3.919759887799999888e+03
3.160643725999998424e+02 3.515662213999999040e+02 3.870209330000000136e+02 4.224291607999998632e+02 4.577915318000000298e+02 4.931086663999999473e+02 5.283811783999999534e+02 5.636096683999999186e+02 5.987947237999999288e+02 6.339369254000000637e+02 6.690368539999999484e+02 7.040950706000000991e+02 7.391121427999999014e+02 7.740886250000000928e+02 8.090250782000000527e+02 8.439220436000000518e+02 8.787800755999999183e+02 9.135997153999999227e+02 9.483814976000001025e+02 9.831259634000000460e+02 1.017833647400000018e+03 1.052505077600000050e+03 1.087140788599999951e+03 1.121741301799999974e+03 1.156307138599999917e+03 1.190838827000000038e+03 1.225336875200000122e+03 1.259801804599999969e+03 1.294234123400000044e+03 1.328634339799999907e+03 1.363002955400000019e+03 1.397340477080000028e+03 1.431647397199999887e+03 1.465924210099999982e+03 1.500171405499999992e+03 1.534389467179999883e+03 1.568578875619999963e+03 1.602740107339999895e+03 1.636873632920000091e+03 1.670979918320000024e+03 1.705059424880000051e+03 1.739112608659999978e+03 1.773139921100000038e+03 1.807141807040000003e+03 1.841118706700000075e+03 1.875071055019999903e+03 1.908999280999999883e+03 1.942903807700000016e+03 1.976785052899999982e+03 2.010643428571999948e+03
2.281597219459999906e+03 2.315236497440000221e+03 2.348857048580000082e+03 2.382459214760000123e+03 2.416043332579999969e+03 2.449609732699999768e+03 2.483158740500000022e+03 2.516690675419999934e+03 2.550205852940000113e+03 2.583704582600000322e+03 2.617187169320000066e+03 2.650653912079999827e+03 2.684105107219999809e+03 2.717541045800000120e+03 2.750962007000000085e+03 2.784368283199999951e+03 2.817760145000000193e+03 2.851137869600000158e+03 2.884501727599999867e+03 2.917851976399999785e+03 2.951188886599999933e+03 2.984512709000000086e+03 3.017823707600000034e+03 3.051122126600000229e+03 3.084408216799999991e+03 3.117682222399999773e+03 3.150944387600000027e+03 3.184194956600000296e+03 3.217434153799999876e+03 3.250662216799999896e+03 3.283879383200000120e+03 3.317085877399999845e+03 3.350281923800000186e+03 3.383467746799999986e+03 3.416643570799999907e+03 3.449809620200000154e+03 3.482966099600000234e+03 3.516113233400000354e+03 3.549251239400000031e+03 3.582380322200000137e+03 3.615500692999999956e+03 3.648612569599999915e+03 3.681716150000000198e+03 3.714811638799999855e+03 3.747899253800000224e+03 3.780979186399999890e+03 3.814051641199999722e+03 3.847116822799999682e+03 3.880174935799999730e+03 3.913226171600000271e+03
3.097417310000000725e+02 3.452136752000001252e+02 3.806386670000001686e+02 4.160173400000001038e+02 4.513502948000000288e+02 4.866381650000000718e+02 5.218815314000000853e+02 5.570809879999999339e+02 5.922371287999999367e+02 6.273505214000001615e+02 6.624217399999999998e+02 6.974513587999999800e+02 7.324399256000001515e+02 7.673880146000001332e+02 8.022961735999999746e+02 8.371649569999999585e+02 8.719949125999999069e+02 9.067865881999998692e+02 9.415405316000001221e+02 9.762572774000000209e+02 1.010937366800000063e+03 1.045581341000000066e+03 1.080189727999999832e+03 1.114763062399999853e+03 1.149301872200000162e+03 1.183806685400000106e+03 1.218278023400000166e+03 1.252716407599999911e+03 1.287122352800000044e+03 1.321496373800000129e+03 1.355838972200000171e+03 1.390150663460000033e+03 1.424431944559999920e+03 1.458683312480000041e+03 1.492905260900000030e+03 1.527098276899999973e+03 1.561262845579999976e+03 1.595399443459999929e+03 1.629508545740000045e+03 1.663590620360000003e+03 1.697646129320000000e+03 1.731675530660000049e+03 1.765679276479999999e+03 1.799657812939999985e+03 1.833611580259999982e+03 1.867541012720000026e+03 1.901446539320000056e+03 1.935328583120000076e+03 1.969187560580000081e+03 2.003023882286000116e+03
2.276413247479999882e+03 2.310035268439999982e+03 2.343638722279999911e+03 2.377223949560000165e+03 2.410791281599999820e+03 2.444341047079999953e+03 2.477873567419999745e+03 2.511389158760000100e+03 2.544888133280000147e+03 2.578370796559999690e+03 2.611837450879999778e+03 2.645288391919999867e+03 2.678723912059999748e+03 2.712144298400000025e+03 2.745549835400000120e+03 2.778940799599999991e+03 2.812317468199999894e+03 2.845680105200000071e+03 2.879028987799999868e+03 2.912364366799999971e+03 2.945686512799999946e+03 2.978995676600000024e+03 3.012292108999999982e+03 3.045576067400000284e+03 3.078847782800000004e+03 3.112107512599999609e+03 3.145355487799999992e+03 3.178591952599999786e+03 3.211817138000000341e+03 3.245031274999999823e+03 3.278234594600000037e+03 3.311427321199999824e+03 3.344609685800000079e+03 3.377781906199999867e+03 3.410944200200000068e+03 3.444096792199999982e+03 3.477239900000000034e+03 3.510373728200000187e+03 3.543498501199999737e+03 3.576614423600000009e+03 3.609721700000000055e+03 3.642820548200000303e+03 3.675911166200000025e+03 3.708993765199999871e+03 3.742068543200000022e+03 3.775135704799999985e+03 3.808195447999999942e+03 3.841247984000000088e+03 3.874293497600000137e+03 3.907332193400000051e+03
3.040402747999999065e+02 3.394849148000000696e+02 3.748827475999999024e+02 4.102344001999999819e+02 4.455404731999999512e+02 4.808015737999999146e+02 5.160182959999999639e+02 5.511912140000001727e+02 5.863209217999999510e+02 6.214079936000000544e+02 6.564529837999998563e+02 6.914564798000001247e+02 7.264190360000000055e+02 7.613412068000000090e+02 7.962235597999999754e+02 8.310666493999999602e+02 8.658710234000000128e+02 9.006372361999999612e+02 9.353658355999998548e+02 9.700573627999999644e+02 1.004712372200000118e+03 1.039331398400000126e+03 1.073914976000000024e+03 1.108463652800000091e+03 1.142977950200000123e+03 1.177458409399999937e+03 1.211905551800000012e+03 1.246319905400000152e+03 1.280701985000000150e+03 1.315052311999999802e+03 1.349371407800000043e+03 1.383659767399999964e+03 1.417917900320000172e+03 1.452146310799999810e+03 1.486345491200000197e+03 1.520515933220000079e+03 1.554658122620000086e+03 1.588772539880000068e+03 1.622859658880000097e+03 1.656919950859999972e+03 1.690953878479999958e+03 1.724961900440000136e+03 1.758944468180000058e+03 1.792902029180000000e+03 1.826835022340000023e+03 1.860743881939999937e+03 1.894629036320000068e+03 1.928490907220000054e+03 1.962329908460000070e+03 1.996146450890000096e+03
2.271679912940000122e+03 2.305286827160000030e+03 2.338875318800000059e+03 2.372445723140000155e+03 2.405998368860000028e+03 2.439533580679999886e+03 2.473051675400000022e+03 2.506552967839999837e+03 2.540037764239999888e+03 2.573506367540000156e+03 2.606959076059999916e+03 2.640396182839999710e+03 2.673817976299999827e+03 2.707224740900000143e+03 2.740616757799999959e+03 2.773994297600000209e+03 2.807357634200000120e+03 2.840707038200000170e+03 2.874042773600000146e+03 2.907365091200000279e+03 2.940674261600000136e+03 2.973970529000000170e+03 3.007254150799999934e+03 3.040525364600000103e+03 3.073784421199999997e+03 3.107031558200000291e+03 3.140267013200000292e+03 3.173491030400000000e+03 3.206703834199999619e+03 3.239905655600000046e+03 3.273096725599999900e+03 3.306277268599999843e+03 3.339447509000000082e+03 3.372607671199999913e+03 3.405757966399999987e+03 3.438898625599999832e+03 3.472029846800000087e+03 3.505151854400000047e+03 3.538264866200000142e+03 3.571369080200000099e+03 3.604464707600000111e+03 3.637551959599999918e+03 3.670631040799999937e+03 3.703702155800000128e+03 3.736765502600000218e+03 3.769821292399999948e+03 3.802869716600000174e+03 3.835910973200000171e+03 3.868945266800000354e+03 3.901972795399999995e+03
2.988988945999999487e+02 3.343190881999998965e+02 3.696925934000000780e+02 4.050200239999999212e+02 4.403019805999999789e+02 4.755390571999998883e+02 5.107318477999999686e+02 5.458809398000000783e+02 5.809868941999998242e+02 6.160503049999999803e+02 6.510717331999999260e+02 6.860517463999999563e+02 7.209909122000001389e+02 7.558897982000000866e+02 7.907489587999998548e+02 8.255689549999999599e+02 8.603503478000000086e+02 8.950936915999998291e+02 9.297995342000001529e+02 9.644684299999998984e+02 9.991009202000000187e+02 1.033697565800000120e+03 1.068258901400000013e+03 1.102785468199999968e+03 1.137277800800000023e+03 1.171736446999999998e+03 1.206161928200000148e+03 1.240554779000000053e+03 1.274915520799999967e+03 1.309244674999999916e+03 1.343542762999999923e+03 1.377810286399999995e+03 1.412047765280000021e+03 1.446255695300000070e+03 1.480434576079999943e+03 1.514584901299999956e+03 1.548707157379999899e+03 1.582801826780000056e+03 1.616869385360000024e+03 1.650910303699999986e+03 1.684925045779999891e+03 1.718914069639999980e+03 1.752877828039999940e+03 1.786816765820000001e+03 1.820731323199999906e+03 1.854621933140000010e+03 1.888489020680000067e+03 1.922333007559999942e+03 1.956154306939999969e+03 1.989953324851999923e+03
2.267526309859999856e+03 2.301120173239999986e+03 2.334695736140000008e+03 2.368253331200000048e+03 2.401793283800000154e+03 2.435315913379999984e+03 2.468821535420000146e+03 2.502310458800000106e+03 2.535782988439999826e+03 2.569239423320000242e+03 2.602680057800000213e+03 2.636105182280000008e+03 2.669515081879999798e+03 2.702910037099999954e+03 2.736290325800000119e+03 2.769656216599999880e+03 2.803007990000000063e+03 2.836345896799999991e+03 2.869670200999999906e+03 2.902981173199999830e+03 2.936279050999999981e+03 2.969564098400000148e+03 3.002836553000000094e+03 3.036096672199999830e+03 3.069344686999999794e+03 3.102580841599999985e+03 3.135805373600000166e+03 3.169018520600000102e+03 3.202220506999999998e+03 3.235411563800000295e+03 3.268591922000000068e+03 3.301761805999999979e+03 3.334921433600000000e+03 3.368071035800000118e+03 3.401210817199999838e+03 3.434341008800000054e+03 3.467461815200000274e+03 3.500573460800000248e+03 3.533676143599999705e+03 3.566770081399999981e+03 3.599855485400000362e+03 3.632932560199999898e+03 3.666001503800000137e+03 3.699062534000000142e+03 3.732115842199999861e+03 3.765161632999999711e+03 3.798200104399999873e+03 3.831231461000000309e+03 3.864255900799999836e+03 3.897273615199999767e+03
2.943238010000000031e+02 3.297223862000000736e+02 3.650743754000000081e+02 4.003803823999999167e+02 4.356409946000001128e+02 4.708568126000000120e+02 5.060284237999999277e+02 5.411564023999999336e+02 5.762413291999998819e+02 6.112837916000000860e+02 6.462843439999999191e+02 6.812435737999999219e+02 7.161620353999999224e+02 7.510403096000000005e+02 7.858789442000002055e+02 8.206785199999999350e+02 8.554395847999999205e+02 8.901627062000000024e+02 9.248484319999997751e+02 9.594973297999999886e+02 9.941099474000000100e+02 1.028686832599999889e+03 1.063228533200000129e+03 1.097735603600000104e+03 1.132208584999999857e+03 1.166648005399999874e+03 1.201054412599999978e+03 1.235428334599999971e+03 1.269770299400000113e+03 1.304080834999999979e+03 1.338360456200000044e+03 1.372609677800000100e+03 1.406829015260000006e+03 1.441018970840000065e+03 1.475180043500000011e+03 1.509312728899999911e+03 1.543417514779999919e+03 1.577494883600000094e+03 1.611545313200000010e+03 1.645569273500000008e+03 1.679567229140000109e+03 1.713539636839999957e+03 1.747486950019999995e+03 1.781409611540000014e+03 1.815308060959999921e+03 1.849182729260000087e+03 1.883034040819999973e+03 1.916862415399999918e+03 1.950668262859999913e+03 1.984451989165999976e+03
2.263967991800000163e+03 2.297550807439999971e+03 2.331115424900000107e+03 2.364662172859999828e+03 2.398191372740000133e+03 2.431703342660000089e+03 2.465198393480000050e+03 2.498676831440000115e+03 2.532138958160000129e+03 2.565585068659999706e+03 2.599015455979999842e+03 2.632430405900000096e+03 2.665830201560000205e+03 2.699215121480000107e+03 2.732585442200000216e+03 2.765941426399999727e+03 2.799283346000000165e+03 2.832611464999999953e+03 2.865926040800000010e+03 2.899227324200000112e+03 2.932515579200000047e+03 2.965791043400000035e+03 2.999053974200000084e+03 3.032304609199999959e+03 3.065543185999999878e+03 3.098769948799999838e+03 3.131985128600000280e+03 3.165188969599999837e+03 3.198381689599999845e+03 3.231563519600000291e+03 3.264734690600000249e+03 3.297895426999999927e+03 3.331045953199999985e+03 3.364186480399999709e+03 3.397317232999999760e+03 3.430438428800000111e+03 3.463550285600000279e+03 3.496653008000000227e+03 3.529746813799999927e+03 3.562831907599999795e+03 3.595908507199999804e+03 3.628976817199999914e+03 3.662037035600000308e+03 3.695089373599999817e+03 3.728134029199999986e+03 3.761171213600000101e+03 3.794201111600000331e+03 3.827223934399999962e+03 3.860239880000000085e+03 3.893249139800000194e+03
2.903287616000000071e+02 3.257085763999998562e+02 3.610418678000000909e+02 3.963292496000001393e+02 4.315713026000000809e+02 4.667686274000000139e+02 5.019218047999997907e+02 5.370314221999999518e+02 5.720980537999998887e+02 6.071222804000001361e+02 6.421046762000000854e+02 6.770458153999998103e+02 7.119462721999998394e+02 7.468066076000000066e+02 7.816274023999999372e+02 8.164092110000001412e+02 8.511526076000000103e+02 8.858581531999998333e+02 9.205264153999999053e+02 9.551579420000000482e+02 9.897533005999998750e+02 1.024313039000000117e+03 1.058837718199999927e+03 1.093327879400000029e+03 1.127784077000000025e+03 1.162206852199999958e+03 1.196596739600000092e+03 1.230954280399999789e+03 1.265280002599999989e+03 1.299574434199999814e+03 1.333838096599999972e+03 1.368071511200000032e+03 1.402275186200000007e+03 1.436449628480000001e+03 1.470595340299999862e+03 1.504712815999999975e+03 1.538802545959999861e+03 1.572865013300000101e+03 1.606900694540000131e+03 1.640910060260000137e+03 1.674893573779999997e+03 1.708851693800000021e+03 1.742784869119999939e+03 1.776693545240000049e+03 1.810578157760000067e+03 1.844439137000000073e+03 1.878276906020000069e+03 1.912091881939999894e+03 1.945884472640000013e+03 1.979655080719999887e+03
2.261009765539999989e+03 2.294583488360000047e+03 2.328139094839999871e+03 2.361676911019999807e+03 2.395197256339999967e+03 2.428700444300000072e+03 2.462186783780000042e+03 2.495656577719999859e+03 2.529110125100000005e+03 2.562547718960000111e+03 2.595969648379999853e+03 2.629376198480000312e+03 2.662767648439999903e+03 2.696144274799999948e+03 2.729506350800000291e+03 2.762854137799999990e+03 2.796187906399999974e+03 2.829507920600000034e+03 2.862814431199999945e+03 2.896107695599999715e+03 2.929387964600000032e+03 2.962655482399999983e+03 2.995910499800000252e+03 3.029153254400000151e+03 3.062383990400000130e+03 3.095602945399999953e+03 3.128810350400000061e+03 3.162006436399999984e+03 3.195191440999999941e+03 3.228365588599999683e+03 3.261529103599999871e+03 3.294682210400000258e+03 3.327825133399999686e+03 3.360958090400000401e+03 3.394081299200000103e+03 3.427194984199999908e+03 3.460299350000000231e+03 3.493394620999999916e+03 3.526481001799999831e+03 3.559558703599999717e+03 3.592627937600000223e+03 3.625688901800000167e+03 3.658741820600000210e+03 3.691786878800000068e+03 3.724824294199999713e+03 3.757854264800000237e+03 3.790876988600000004e+03 3.823892663600000105e+03 3.856901494400000047e+03 3.889903672399999778e+03
2.869175779999998213e+02 3.222814670000000206e+02 3.575989051999999901e+02 3.928704734000000371e+02 4.280967787999998109e+02 4.632784088000000793e+02 4.984159442000000126e+02 5.335099723999999242e+02 5.685610808000001271e+02 6.035698370000000068e+02 6.385368283999998766e+02 6.734626292000000376e+02 7.083478135999998813e+02 7.431929557999999361e+02 7.779986233999998149e+02 8.127653840000000400e+02 8.474938250000000153e+02 8.821844942000000174e+02 9.168379657999998926e+02 9.514548073999999360e+02 9.860355667999999696e+02 1.020580818200000067e+03 1.055091116000000056e+03 1.089567001399999981e+03 1.124009035399999902e+03 1.158417759200000091e+03 1.192793713999999909e+03 1.227137440999999853e+03 1.261449481399999968e+03 1.295730349999999817e+03 1.329980574800000113e+03 1.364200683800000206e+03 1.398391182560000061e+03 1.432552579939999987e+03 1.466685379519999969e+03 1.500790076300000010e+03 1.534867160000000013e+03 1.568917114399999946e+03 1.602940416020000157e+03 1.636937535439999920e+03 1.670908935319999955e+03 1.704855072379999910e+03 1.738776396080000040e+03 1.772673348620000070e+03 1.806546366260000013e+03 1.840395877339999970e+03 1.874222302279999894e+03 1.908026055560000032e+03 1.941807543740000028e+03 1.975567168759999959e+03
2.258655905239999811e+03 2.292222445280000102e+03 2.325770933660000082e+03 2.359301691799999844e+03 2.392815037159999974e+03 2.426311281920000056e+03 2.459790731000000051e+03 2.493253686680000101e+03 2.526700443979999818e+03 2.560131295279999904e+03 2.593546526359999916e+03 2.626946420360000047e+03 2.660331254480000098e+03 2.693701303280000047e+03 2.727056840000000193e+03 2.760398119399999814e+03 2.793725420000000213e+03 2.827038992599999801e+03 2.860339094599999953e+03 2.893625976799999989e+03 2.926899890000000141e+03 2.960161078399999951e+03 2.993409799399999883e+03 3.026646277400000145e+03 3.059870756600000277e+03 3.093083481200000278e+03 3.126284675599999900e+03 3.159474583999999595e+03 3.192653417600000012e+03 3.225821420600000238e+03 3.258978817400000025e+03 3.292125819200000024e+03 3.325262663599999996e+03 3.358389561799999683e+03 3.391506731599999966e+03 3.424614397400000144e+03 3.457712770399999954e+03 3.490802061800000047e+03 3.523882489399999940e+03 3.556954257800000050e+03 3.590017578200000116e+03 3.623072661799999878e+03 3.656119713200000206e+03 3.689158937000000151e+03 3.722190531199999896e+03 3.755214713600000323e+03 3.788231668999999783e+03 3.821241608599999836e+03 3.854244723799999974e+03 3.887241212599999926e+03
2.841006782000001749e+02 3.194515058000001773e+02 3.547559221999999863e+02 3.900145214000001488e+02 4.252279040000000805e+02 4.603966442000000825e+02 4.955213426000000254e+02 5.306025799999999890e+02 5.656409438000000591e+02 6.006370081999998547e+02 6.355913605999999163e+02 6.705045751999998629e+02 7.053772328000000016e+02 7.402099009999999453e+02 7.750031672000000071e+02 8.097576056000000335e+02 8.444737771999998586e+02 8.791522628000000168e+02 9.137936233999998876e+02 9.483984331999999995e+02 9.829672531999999592e+02 1.017500651000000062e+03 1.051999174399999902e+03 1.086463391000000001e+03 1.120893848599999956e+03 1.155291095000000041e+03 1.189655671400000074e+03 1.223988132200000109e+03 1.258288992199999939e+03 1.292558799200000067e+03 1.326798074600000064e+03 1.361007333200000176e+03 1.395187098379999952e+03 1.429337871080000014e+03 1.463460157519999939e+03 1.497554453360000025e+03 1.531621248319999950e+03 1.565661026180000135e+03 1.599674263460000020e+03 1.633661429419999877e+03 1.667622986060000130e+03 1.701559390760000042e+03 1.735471089679999977e+03 1.769358526340000026e+03 1.803222133040000017e+03 1.837062336800000139e+03 1.870879558040000120e+03 1.904674208599999929e+03 1.938446693719999985e+03 1.972197410719999880e+03
2.256909858739999891e+03 2.290471089080000183e+03 2.324014313300000140e+03 2.357539851500000168e+03 2.391048018500000126e+03 2.424539124500000071e+03 2.458013473760000124e+03 2.491471365920000153e+03 2.524913094020000244e+03 2.558338949120000052e+03 2.591749215020000065e+03 2.625144173539999883e+03 2.658524100560000079e+03 2.691889268660000198e+03 2.725239945799999987e+03 2.758576400599999943e+03 2.791898889799999779e+03 2.825207670799999960e+03 2.858503007600000274e+03 2.891785144399999808e+03 2.925054325399999925e+03 2.958310808000000179e+03 2.991554829799999879e+03 3.024786628400000154e+03 3.058006448000000091e+03 3.091214526199999909e+03 3.124411087399999815e+03 3.157596375799999805e+03 3.190770609199999853e+03 3.223934018599999945e+03 3.257086835000000065e+03 3.290229282799999964e+03 3.323361573199999839e+03 3.356483937200000128e+03 3.389596592599999894e+03 3.422699750599999788e+03 3.455793628999999783e+03 3.488878445600000305e+03 3.521954404999999952e+03 3.555021724999999606e+03 3.588080616799999916e+03 3.621131291600000168e+03 3.654173940800000310e+03 3.687208782200000314e+03 3.720236020399999688e+03 3.753255853399999978e+03 3.786268485800000235e+03 3.819274115600000187e+03 3.852272940800000015e+03 3.885265166000000136e+03
2.818843982000000778e+02 3.172250419999998030e+02 3.525193076000000474e+02 3.877677823999999873e+02 4.229710735999999542e+02 4.581297620000000279e+02 4.932444481999998516e+02 5.283156997999999476e+02 5.633441239999999652e+02 5.983302883999999722e+02 6.332747737999998208e+02 6.681781742000000577e+02 7.030410638000000745e+02 7.378640168000001722e+02 7.726476139999999759e+02 8.073924361999997927e+02 8.420990575999999237e+02 8.767680523999999878e+02 9.113999881999998252e+02 9.459954325999999583e+02 9.805549598000000060e+02 1.015079130800000030e+03 1.049568506600000092e+03 1.084023641600000019e+03 1.118445103399999880e+03 1.152833426600000166e+03 1.187189172200000030e+03 1.221512874799999963e+03 1.255805069000000003e+03 1.290066289399999960e+03 1.324297063999999864e+03 1.358497914199999968e+03 1.392669356780000044e+03 1.426811896639999986e+03 1.460926038679999920e+03 1.495012279880000051e+03 1.529071109299999989e+03 1.563103010719999929e+03 1.597108459999999923e+03 1.631087926400000015e+03 1.665041871919999949e+03 1.698970750640000006e+03 1.732875010700000075e+03 1.766755092320000131e+03 1.800611427800000001e+03 1.834444442839999965e+03 1.868254555219999929e+03 1.902042175459999953e+03 1.935807707480000090e+03 1.969551547940000091e+03
2.255772346759999891e+03 2.289330108139999993e+03 2.322869892440000058e+03 2.356392019099999743e+03 2.389896800959999837e+03 2.423384546899999805e+03 2.456855560519999926e+03 2.490310138820000248e+03 2.523748575499999788e+03 2.557171158980000200e+03 2.590578173719999995e+03 2.623969898240000020e+03 2.657346609079999780e+03 2.690708577500000047e+03 2.724056070800000271e+03 2.757389350999999806e+03 2.790708685399999922e+03 2.824014324799999940e+03 2.857306526599999870e+03 2.890585541599999942e+03 2.923851620599999933e+03 2.957105001200000061e+03 2.990345934200000102e+03 3.023574657199999820e+03 3.056791407799999888e+03 3.089996423600000071e+03 3.123189935600000354e+03 3.156372174799999812e+03 3.189543372199999794e+03 3.222703758799999832e+03 3.255853552399999899e+03 3.288992983999999979e+03 3.322122271400000045e+03 3.355241638999999850e+03 3.388351304599999821e+03 3.421451485999999932e+03 3.454542394399999921e+03 3.487624254199999996e+03 3.520697263399999883e+03 3.553761646400000245e+03 3.586817601199999899e+03 3.619865352199999961e+03 3.652905090799999925e+03 3.685937034800000220e+03 3.718961382200000116e+03 3.751978337600000032e+03 3.784988105599999926e+03 3.817990884199999982e+03 3.850986871399999927e+03 3.883976265199999943e+03
2.802731269999999313e+02 3.156064645999999811e+02 3.508934437999998863e+02 3.861346717999999782e+02 4.213307293999998819e+02 4.564822106000001440e+02 4.915897160000001804e+02 5.266538198000000648e+02 5.616751094000001103e+02 5.966541788000001816e+02 6.315916021999998975e+02 6.664879736000000321e+02 7.013438605999999709e+02 7.361598572000000331e+02 7.709365375999998378e+02 8.056744826000001467e+02 8.403742663999998967e+02 8.750364632000000711e+02 9.096616537999998400e+02 9.442504057999999532e+02 9.788032802000000174e+02 1.013320857800000113e+03 1.047803692999999839e+03 1.082252353399999947e+03 1.116667380200000025e+03 1.151049340999999913e+03 1.185398777000000109e+03 1.219716229399999975e+03 1.254002232800000002e+03 1.288257335000000012e+03 1.322482050800000025e+03 1.356676901599999837e+03 1.390842410780000137e+03 1.424979082580000068e+03 1.459087421900000209e+03 1.493167925060000016e+03 1.527221081780000077e+03 1.561247374519999994e+03 1.595247279799999887e+03 1.629221266219999961e+03 1.663169794460000048e+03 1.697093318599999975e+03 1.730992286780000086e+03 1.764867136580000079e+03 1.798718300300000010e+03 1.832546202320000020e+03 1.866351259759999948e+03 1.900133881819999942e+03 1.933894470440000077e+03 1.967633420959999967e+03
2.255244036560000040e+03 2.288800148599999829e+03 2.322338296099999752e+03 2.355858798499999921e+03 2.389361968639999759e+03 2.422848114739999801e+03 2.456317539080000188e+03 2.489770538660000057e+03 2.523207405860000108e+03 2.556628429100000176e+03 2.590033892179999839e+03 2.623424073619999945e+03 2.656799247980000018e+03 2.690159687180000219e+03 2.723505657199999860e+03 2.756837426000000050e+03 2.790155248999999912e+03 2.823459383599999910e+03 2.856750087200000053e+03 2.890027603999999883e+03 2.923292191399999865e+03 2.956544087000000218e+03 2.989783535000000029e+03 3.023010779600000205e+03 3.056226051799999823e+03 3.089429595800000243e+03 3.122621635999999853e+03 3.155802410000000236e+03 3.188972148800000014e+03 3.222131076800000301e+03 3.255279418399999940e+03 3.288417398000000048e+03 3.321545233400000143e+03 3.354663155600000209e+03 3.387771382400000221e+03 3.420870124999999916e+03 3.453959594599999946e+03 3.487040022199999839e+03 3.520111605799999779e+03 3.553174563200000193e+03 3.586229105600000366e+03 3.619275444199999583e+03 3.652313777000000300e+03 3.685344315199999983e+03 3.718367263399999956e+03 3.751382826200000181e+03 3.784391208199999710e+03 3.817392600799999855e+03 3.850387215200000355e+03 3.883375242799999796e+03
2.792712073999998665e+02 3.146001295999999456e+02 3.498827197999999044e+02 3.851195587999998224e+02 4.203112538000000313e+02 4.554583856000001560e+02 4.905615482000000611e+02 5.256213355999998385e+02 5.606383286000000226e+02 5.956131146000000172e+02 6.305462810000001355e+02 6.654384086000000025e+02 7.002900781999999253e+02 7.351018771999999899e+02 7.698743863999998212e+02 8.046081800000001749e+02 8.393038454000000002e+02 8.739619502000000466e+02 9.085830817999999454e+02 9.431677945999999793e+02 9.777166760000000068e+02 1.012230280400000083e+03 1.046709182000000055e+03 1.081153935199999978e+03 1.115565101000000141e+03 1.149943227199999910e+03 1.184288861600000018e+03 1.218602558600000066e+03 1.252884846200000084e+03 1.287136258999999882e+03 1.321357331599999952e+03 1.355548585400000093e+03 1.389710525299999972e+03 1.423843671380000160e+03 1.457948523920000071e+03 1.492025579900000139e+03 1.526075328379999974e+03 1.560098252479999928e+03 1.594094827399999986e+03 1.628065522399999963e+03 1.662010797500000081e+03 1.695931106779999936e+03 1.729826896399999896e+03 1.763698604599999953e+03 1.797546663020000096e+03 1.831371495379999942e+03 1.865173517480000100e+03 1.898953137859999970e+03 1.932710757800000010e+03 1.966446772640000063e+03
2.255325586819999899e+03 2.288881858579999971e+03 2.322420164480000039e+03 2.355940823299999920e+03 2.389444147879999946e+03 2.422930446440000196e+03 2.456400020600000062e+03 2.489853168680000181e+03 2.523290183059999890e+03 2.556711351500000092e+03 2.590116957799999909e+03 2.623507280480000190e+03 2.656882594759999847e+03 2.690243172559999948e+03 2.723589279199999964e+03 2.756921179999999822e+03 2.790239134999999806e+03 2.823543401599999925e+03 2.856834237199999734e+03 2.890111886000000140e+03 2.923376598800000011e+03 2.956628619799999797e+03 2.989868193199999951e+03 3.023095563200000015e+03 3.056310960799999975e+03 3.089514623600000050e+03 3.122706782600000224e+03 3.155887681999999586e+03 3.189057533000000149e+03 3.222216573200000312e+03 3.255365033600000061e+03 3.288503125400000044e+03 3.321631079599999794e+03 3.354749114000000191e+03 3.387857452999999623e+03 3.420956301199999871e+03 3.454045889600000010e+03 3.487126422800000000e+03 3.520198112000000037e+03 3.553261181599999873e+03 3.586315829600000143e+03 3.619362267200000133e+03 3.652400705600000038e+03 3.685431349399999817e+03 3.718454403199999888e+03 3.751470064999999977e+03 3.784478546000000279e+03 3.817480044199999611e+03 3.850474757599999975e+03 3.883462884200000190e+03
2.788809230000001662e+02 3.142083337999999912e+02 3.494894125999999233e+02 3.847247534000000542e+02 4.199149502000000211e+02 4.550605970000001435e+02 4.901622745999998187e+02 5.252205836000000545e+02 5.602361048000000210e+02 5.952094256000000314e+02 6.301411267999999382e+02 6.650318023999998331e+02 6.998820332000000235e+02 7.346924000000001342e+02 7.694634770000000117e+02 8.041958581999999751e+02 8.388901111999998648e+02 8.735468167999999878e+02 9.081665557999999692e+02 9.427498958000001039e+02 9.772974044000000049e+02 1.011809655799999973e+03 1.046287211000000070e+03 1.080730630999999903e+03 1.115140470199999982e+03 1.149517289599999913e+03 1.183861630399999967e+03 1.218174046999999973e+03 1.252455060799999956e+03 1.286705219599999964e+03 1.320925044799999796e+03 1.355115064399999937e+03 1.389275791880000043e+03 1.423407734119999986e+03 1.457511396019999893e+03 1.491587275220000038e+03 1.525635860119999961e+03 1.559657633840000017e+03 1.593653072240000029e+03 1.627622643259999904e+03 1.661566808240000000e+03 1.695486019279999937e+03 1.729380723859999989e+03 1.763251359559999855e+03 1.797098357359999909e+03 1.830922141640000063e+03 1.864723126880000109e+03 1.898501721619999898e+03 1.932258328460000030e+03 1.965993339440000000e+03
2.256015488120000100e+03 2.289573731299999963e+03 2.323113990800000010e+03 2.356636586059999900e+03 2.390141831899999943e+03 2.423630035220000082e+03 2.457101500939999823e+03 2.490556526060000124e+03 2.523995403620000161e+03 2.557418422700000065e+03 2.590825867759999710e+03 2.624218017979999786e+03 2.657595149239999955e+03 2.690957532800000081e+03 2.724305438599999889e+03 2.757639127999999801e+03 2.790958858399999826e+03 2.824264893800000209e+03 2.857557491600000048e+03 2.890836895999999797e+03 2.924103351199999906e+03 2.957357114599999932e+03 2.990598423800000091e+03 3.023827516400000150e+03 3.057044636600000103e+03 3.090250015399999938e+03 3.123443883799999639e+03 3.156626486000000114e+03 3.189798033199999736e+03 3.222958769599999869e+03 3.256108913000000030e+03 3.289248687799999971e+03 3.322378318399999898e+03 3.355498029200000019e+03 3.388608024799999839e+03 3.421708536199999799e+03 3.454799774600000092e+03 3.487881957800000237e+03 3.520955296999999973e+03 3.554019996799999717e+03 3.587076274999999896e+03 3.620124342799999795e+03 3.653164398200000051e+03 3.686196652399999948e+03 3.719221309999999903e+03 3.752238569000000098e+03 3.785248647200000050e+03 3.818251722799999698e+03 3.851248013599999922e+03 3.884237710999999763e+03
2.791050788000000011e+02 3.144338755999999648e+02 3.497163338000000294e+02 3.849530474000000595e+02 4.201446169999999256e+02 4.552916233999999349e+02 4.903946737999999641e+02 5.254543357999998534e+02 5.604712165999999343e+02 5.954458837999998195e+02 6.303789314000000559e+02 6.652709468000000470e+02 7.001225108000001001e+02 7.349341976000000614e+02 7.697065946000000167e+02 8.044402826000000459e+02 8.391358424000000014e+02 8.737938415999999506e+02 9.084148609999999735e+02 9.429994747999999163e+02 9.775482572000000800e+02 1.012061762600000066e+03 1.046540558600000168e+03 1.080985212799999999e+03 1.115396279600000071e+03 1.149774306799999977e+03 1.184119848800000000e+03 1.218433446800000183e+03 1.252715642000000116e+03 1.286966962399999829e+03 1.321187942600000042e+03 1.355379097400000092e+03 1.389540950179999982e+03 1.423674005179999995e+03 1.457778767299999799e+03 1.491855733520000058e+03 1.525905392900000152e+03 1.559928228559999980e+03 1.593924716360000048e+03 1.627895324240000036e+03 1.661840512219999937e+03 1.695760735699999941e+03 1.729656439520000049e+03 1.763528063239999938e+03 1.797376037179999912e+03 1.831200785060000044e+03 1.865002723340000102e+03 1.898782260559999941e+03 1.932539798000000019e+03 1.966275729680000040e+03
2.257312374260000070e+03 2.290874407819999760e+03 2.324418424699999832e+03 2.357944745660000081e+03 2.391453686179999750e+03 2.424945556459999807e+03 2.458420659440000236e+03 2.491879296080000131e+03 2.525321760079999876e+03 2.558748341179999898e+03 2.592159325820000049e+03 2.625554993180000110e+03 2.658935621120000178e+03 2.692301482220000253e+03 2.725652848400000039e+03 2.758989976400000160e+03 2.792313132199999927e+03 2.825622579800000040e+03 2.858918569999999818e+03 2.892201347000000169e+03 2.925471174799999972e+03 2.958728290999999899e+03 2.991972939799999949e+03 3.025205358799999885e+03 3.058425792199999705e+03 3.091634477599999627e+03 3.124831646000000092e+03 3.158017521799999940e+03 3.191192349200000081e+03 3.224356346000000030e+03 3.257509743200000230e+03 3.290652758600000197e+03 3.323785623199999918e+03 3.356908548200000041e+03 3.390021757999999863e+03 3.423125476999999591e+03 3.456219903199999862e+03 3.489305260999999973e+03 3.522381768199999897e+03 3.555449629400000049e+03 3.588509049199999936e+03 3.621560252000000219e+03 3.654603429199999937e+03 3.687638792000000194e+03 3.720666545000000042e+03 3.753686892799999896e+03 3.786700033399999938e+03 3.819706164799999897e+03 3.852705498199999965e+03 3.885698218399999860e+03
2.799439916000001176e+02 3.152770652000001519e+02 3.505637870000000476e+02 3.858047509999998965e+02 4.210005578000000241e+02 4.561517881999998281e+02 4.912590428000000884e+02 5.263229089999999815e+02 5.613439610000000357e+02 5.963227927999998883e+02 6.312599852000000737e+02 6.661561255999999958e+02 7.010117881999999554e+02 7.358275604000000385e+02 7.706040229999998701e+02 8.053417435999999725e+02 8.400413095999999769e+02 8.747032951999999568e+02 9.093282746000002135e+02 9.439168153999999049e+02 9.784694918000000143e+02 1.012986864799999921e+03 1.047469495400000142e+03 1.081917951200000061e+03 1.116332786599999963e+03 1.150714542799999890e+03 1.185063787399999910e+03 1.219381041799999821e+03 1.253666860400000132e+03 1.287921771199999966e+03 1.322146295600000030e+03 1.356340961599999900e+03 1.390506284659999892e+03 1.424642772319999949e+03 1.458750928819999899e+03 1.492831251139999949e+03 1.526884227680000095e+03 1.560910341560000006e+03 1.594910069300000032e+03 1.628883878839999852e+03 1.662832231520000050e+03 1.696755582080000067e+03 1.730654376019999972e+03 1.764529053559999966e+03 1.798380045679999967e+03 1.832207776759999888e+03 1.866012663920000023e+03 1.899795117019999907e+03 1.933555537340000001e+03 1.967294319560000076e+03
2.259212477300000046e+03 2.292780151219999880e+03 2.326329758299999867e+03 2.359861621279999781e+03 2.393376058280000052e+03 2.426873380160000124e+03 2.460353893160000098e+03 2.493817899560000114e+03 2.527265695040000082e+03 2.560697571319999952e+03 2.594113816160000169e+03 2.627514710720000039e+03 2.660900534180000250e+03 2.694271561099999872e+03 2.727628063399999974e+03 2.760970299800000248e+03 2.794298544199999924e+03 2.827613047400000141e+03 2.860914073400000234e+03 2.894201866400000199e+03 2.927476683800000046e+03 2.960738776400000006e+03 2.993988375200000064e+03 3.027225730999999996e+03 3.060451074800000242e+03 3.093664657400000124e+03 3.126866703200000302e+03 3.160057449799999631e+03 3.193237121600000137e+03 3.226405949599999985e+03 3.259564158199999838e+03 3.292711971800000356e+03 3.325849621400000160e+03 3.358977311600000121e+03 3.392095273400000224e+03 3.425203717999999753e+03 3.458302869799999826e+03 3.491392926800000168e+03 3.524474119999999857e+03 3.557546640800000205e+03 3.590610713600000054e+03 3.623666542999999820e+03 3.656714333599999918e+03 3.689754289999999855e+03 3.722786616800000047e+03 3.755811518599999999e+03 3.788829193399999895e+03 3.821839845800000148e+03 3.854843667199999800e+03 3.887840862200000174e+03
2.813967836000001626e+02 3.167370181999999659e+02 3.520308812000000671e+02 3.872789666000001034e+02 4.224818683999999394e+02 4.576401805999998942e+02 4.927544839999998203e+02 5.278253726000000370e+02 5.628534271999999419e+02 5.978392286000000695e+02 6.327833642000000509e+02 6.676864147999999659e+02 7.025489545999998882e+02 7.373715710000001309e+02 7.721548315999998522e+02 8.068993237999998200e+02 8.416056151999998747e+02 8.762742800000000898e+02 9.109058923999998569e+02 9.455010200000001532e+02 9.800602304000001368e+02 1.014584084600000097e+03 1.049073150199999873e+03 1.083527988199999982e+03 1.117949139800000012e+03 1.152337166000000025e+03 1.186692614600000070e+03 1.221016020199999957e+03 1.255307923999999957e+03 1.289568854000000101e+03 1.323799344800000199e+03 1.357999904599999809e+03 1.392171064699999988e+03 1.426313324060000014e+03 1.460427187580000009e+03 1.494513152239999954e+03 1.528571707099999912e+03 1.562603335940000079e+03 1.596608514620000051e+03 1.630587711740000032e+03 1.664541389299999992e+03 1.698470002699999895e+03 1.732373998759999949e+03 1.766253817040000058e+03 1.800109891159999961e+03 1.833942646160000095e+03 1.867752499819999912e+03 1.901539862659999926e+03 1.935305137939999895e+03 1.969048722980000093e+03
2.261714393419999851e+03 2.295289579459999914e+03 2.328846630680000089e+03 2.362385873780000111e+03 2.395907626879999953e+03 2.429412205460000223e+03 2.462899917740000092e+03 2.496371067980000134e+03 2.529825954500000080e+03 2.563264871659999699e+03 2.596688108540000030e+03 2.630095949600000040e+03 2.663488675999999941e+03 2.696866562960000010e+03 2.730229882399999951e+03 2.763578903600000103e+03 2.796913893200000075e+03 2.830235108599999876e+03 2.863542813799999749e+03 2.896837253000000146e+03 2.930118690199999946e+03 2.963387356400000044e+03 2.996643515599999773e+03 3.029887405399999807e+03 3.063119256800000130e+03 3.096339313999999831e+03 3.129547814600000038e+03 3.162744982999999593e+03 3.195931063400000312e+03 3.229106273599999895e+03 3.262270838000000367e+03 3.295424994200000128e+03 3.328568946800000049e+03 3.361702933399999893e+03 3.394827158600000075e+03 3.427941846800000349e+03 3.461047215800000231e+03 3.494143476799999917e+03 3.527230834400000276e+03 3.560309513000000152e+03 3.593379710600000180e+03 3.626441638400000102e+03 3.659495500999999877e+03 3.692541503000000375e+03 3.725579855599999973e+03 3.758610750199999984e+03 3.791634398000000147e+03 3.824650990399999955e+03 3.857660725400000047e+03 3.890663800999999694e+03
2.834614417999998750e+02 3.188117084000000432e+02 3.541155770000000302e+02 3.893736349999999220e+02 4.245864764000000378e+02 4.597546952000000147e+02 4.948788721999999325e+02 5.299596013999998831e+02 5.649974635999999464e+02 5.999930329999999685e+02 6.349468904000000293e+02 6.698596231999999873e+02 7.047317989999999099e+02 7.395640052000001106e+02 7.743568027999999686e+02 8.091107792000000245e+02 8.438264954000001126e+02 8.785045322000000851e+02 9.131454506000000038e+02 9.477498247999999421e+02 9.823182091999999557e+02 1.016851171400000112e+03 1.051349272400000018e+03 1.085813066599999956e+03 1.120243108399999983e+03 1.154639939000000140e+03 1.189004106200000024e+03 1.223336157799999910e+03 1.257636621799999830e+03 1.291906026200000042e+03 1.326144905600000129e+03 1.360353774799999883e+03 1.394533149259999846e+03 1.428683536519999961e+03 1.462805440159999989e+03 1.496899355839999998e+03 1.530965773939999963e+03 1.565005176919999940e+03 1.599018042619999960e+03 1.633004838979999931e+03 1.666966028660000120e+03 1.700902068379999946e+03 1.734813405620000140e+03 1.768700481260000061e+03 1.802563729579999972e+03 1.836403577600000062e+03 1.870220444419999922e+03 1.904014741879999974e+03 1.937786875219999956e+03 1.971537243080000053e+03
2.264813004319999891e+03 2.298397621099999924e+03 2.331964017260000219e+03 2.365512520159999895e+03 2.399043452540000089e+03 2.432557133180000164e+03 2.466053872280000178e+03 2.499533977399999912e+03 2.532997750160000123e+03 2.566445487559999947e+03 2.599877480659999947e+03 2.633294017220000114e+03 2.666695380379999733e+03 2.700081848660000105e+03 2.733453698599999825e+03 2.766811194200000045e+03 2.800154611999999815e+03 2.833484209400000054e+03 2.866800243800000317e+03 2.900102979199999936e+03 2.933392659799999819e+03 2.966669536399999743e+03 2.999933866399999715e+03 3.033185880799999723e+03 3.066425830399999995e+03 3.099653952800000297e+03 3.132870472399999926e+03 3.166075640000000021e+03 3.199269673400000102e+03 3.232452810200000386e+03 3.265625274799999715e+03 3.298787284999999883e+03 3.331939071799999965e+03 3.365080852999999934e+03 3.398212852999999996e+03 3.431335276400000112e+03 3.464448354199999812e+03 3.497552284400000190e+03 3.530647284800000307e+03 3.563733573200000137e+03 3.596811347599999863e+03 3.629880825799999911e+03 3.662942205800000011e+03 3.695995685599999888e+03 3.729041482999999971e+03 3.762079795999999988e+03 3.795110822600000120e+03 3.828134754199999861e+03 3.861151802000000316e+03 3.894162157400000069e+03
2.861342636000001676e+02 3.214974265999999261e+02 3.568141453999999158e+02 3.920850140000000010e+02 4.273106330000000526e+02 4.624915766000001440e+02 4.976284519999999247e+02 5.327218267999999171e+02 5.677722817999999734e+02 6.027804044000001795e+02 6.377467688000001544e+02 6.726719492000001992e+02 7.075565263999999388e+02 7.424010613999998895e+02 7.772061350000001312e+02 8.119723148000000492e+02 8.467001683999999386e+02 8.813902699999998731e+02 9.160431805999999142e+02 9.506594546000001174e+02 9.852396728000001076e+02 1.019784376399999928e+03 1.054294126400000096e+03 1.088769477199999983e+03 1.123210983200000101e+03 1.157619179000000031e+03 1.191994619000000057e+03 1.226337831199999982e+03 1.260649356800000078e+03 1.294929723799999920e+03 1.329179446999999982e+03 1.363399061000000074e+03 1.397589062779999949e+03 1.431749970440000197e+03 1.465882283599999937e+03 1.499986497259999851e+03 1.534063101140000072e+03 1.568112579019999885e+03 1.602135407419999865e+03 1.636132055600000058e+03 1.670102987539999958e+03 1.704048659959999895e+03 1.737969520999999986e+03 1.771866013520000024e+03 1.805738573119999955e+03 1.839587628140000106e+03 1.873413598999999977e+03 1.907216900180000039e+03 1.940997939560000077e+03 1.974757115780000049e+03
2.268502269019999858e+03 2.302098285980000128e+03 2.335675974740000129e+03 2.369235665960000006e+03 2.402777687660000083e+03 2.436302359280000019e+03 2.469809996299999966e+03 2.503300908919999983e+03 2.536775402060000033e+03 2.570233776019999823e+03 2.603676324500000192e+03 2.637103339219999725e+03 2.670515105960000255e+03 2.703911905219999881e+03 2.737294014199999765e+03 2.770661706800000047e+03 2.804015255600000273e+03 2.837354924600000231e+03 2.870680964600000152e+03 2.903993652799999836e+03 2.937293233400000190e+03 2.970579957200000081e+03 3.003854075000000194e+03 3.037115831000000071e+03 3.070365469399999711e+03 3.103603234400000019e+03 3.136829357000000073e+03 3.170044074800000089e+03 3.203247618800000055e+03 3.236440219999999954e+03 3.269622102799999993e+03 3.302793498199999704e+03 3.335954623999999967e+03 3.369105704599999626e+03 3.402246957800000018e+03 3.435378601400000207e+03 3.468500846599999932e+03 3.501613917800000308e+03 3.534718013000000155e+03 3.567813356599999679e+03 3.600900146599999971e+03 3.633978594199999861e+03 3.667048904000000221e+03 3.700111280600000100e+03 3.733165928599999916e+03 3.766213045999999849e+03 3.799252837400000317e+03 3.832285500799999681e+03 3.865311234199999944e+03 3.898330229000000145e+03
2.894105299999998806e+02 3.247894273999997949e+02 3.601218344000001252e+02 3.954083318000000418e+02 4.306495334000001094e+02 4.658460133999999471e+02 5.009983657999998741e+02 5.361071713999999702e+02 5.711730043999998543e+02 6.061964456000000609e+02 6.411780757999999878e+02 6.761184560000001511e+02 7.110181669999999485e+02 7.458777697999998963e+02 7.806978385999998409e+02 8.154789410000000771e+02 8.502216379999999845e+02 8.849264906000000792e+02 9.195940663999999742e+02 9.542249263999999584e+02 9.888196184000000812e+02 1.023378703399999949e+03 1.057902729200000067e+03 1.092392250200000035e+03 1.126847814199999902e+03 1.161269962400000168e+03 1.195659222799999952e+03 1.230016149799999994e+03 1.264341258200000084e+03 1.298635089200000039e+03 1.332898150999999871e+03 1.367130965000000060e+03 1.401334048639999992e+03 1.435507902859999831e+03 1.469653030579999950e+03 1.503769926799999894e+03 1.537859079920000113e+03 1.571920973060000051e+03 1.605956083399999898e+03 1.639964881520000063e+03 1.673947830080000131e+03 1.707905387119999887e+03 1.741838002100000040e+03 1.775746119859999908e+03 1.809630175999999892e+03 1.843490600840000070e+03 1.877327817439999990e+03 1.911142242259999875e+03 1.944934283179999966e+03 1.978704343460000018e+03
2.272744687639999938e+03 2.306354135600000063e+03 2.339945127320000211e+03 2.373517996759999733e+03 2.407073074580000139e+03 2.440610685499999818e+03 2.474131147640000108e+03 2.507634774500000276e+03 2.541121874299999945e+03 2.574592751300000145e+03 2.608047703160000310e+03 2.641487023579999914e+03 2.674911001639999995e+03 2.708319921799999975e+03 2.741714067200000045e+03 2.775093705799999952e+03 2.808459121400000186e+03 2.841810571400000299e+03 2.875148326399999860e+03 2.908472650400000020e+03 2.941783787599999869e+03 2.975082008599999881e+03 3.008367550999999821e+03 3.041640665599999920e+03 3.074901603199999954e+03 3.108150594799999908e+03 3.141387884599999779e+03 3.174613716800000020e+03 3.207828309200000149e+03 3.241031906000000163e+03 3.274224725000000035e+03 3.307407003799999984e+03 3.340578953600000204e+03 3.373740805399999772e+03 3.406892777000000024e+03 3.440035086200000023e+03 3.473167950799999744e+03 3.506291581999999835e+03 3.539406191000000035e+03 3.572511989000000085e+03 3.605609193799999957e+03 3.638697996800000055e+03 3.671778615799999898e+03 3.704851255399999900e+03 3.737916107000000011e+03 3.770973388399999749e+03 3.804023290999999972e+03 3.837066019400000187e+03 3.870101764999999887e+03 3.903130732399999943e+03
2.932834628000000521e+02 3.286809392000000116e+02 3.640318459999998595e+02 3.993367838000001484e+02 4.345963598000000729e+02 4.698111613999999463e+02 5.049817693999998482e+02 5.401087646000000859e+02 5.751927344000000630e+02 6.102342530000000806e+02 6.452338813999999729e+02 6.801922004000000470e+02 7.151097709999999097e+02 7.499871674000000894e+02 7.848249439999999595e+02 8.196236618000000362e+02 8.543838950000001660e+02 8.891061914000001707e+02 9.237911120000001119e+02 9.584392112000000452e+02 9.930510368000000199e+02 1.027627143199999864e+03 1.062168084800000088e+03 1.096674396200000047e+03 1.131146618600000011e+03 1.165585299800000030e+03 1.199990974400000141e+03 1.234364170400000148e+03 1.268705415800000083e+03 1.303015238599999975e+03 1.337294153599999845e+03 1.371542675599999939e+03 1.405761317420000069e+03 1.439950581319999856e+03 1.474110968240000147e+03 1.508242971199999829e+03 1.542347078600000032e+03 1.576423773559999972e+03 1.610473531939999930e+03 1.644496824320000087e+03 1.678494114679999939e+03 1.712465859740000042e+03 1.746412512259999858e+03 1.780334515759999931e+03 1.814232309139999870e+03 1.848106322719999980e+03 1.881956982200000084e+03 1.915784704700000020e+03 1.949589902720000055e+03 1.983372979717999897e+03
2.277489311480000197e+03 2.311114295180000227e+03 2.344720670839999912e+03 2.378308778359999906e+03 2.411878951040000175e+03 2.445431516239999837e+03 2.478966797359999873e+03 2.512485110540000278e+03 2.545986767960000179e+03 2.579472076519999973e+03 2.612941337180000119e+03 2.646394847600000048e+03 2.679832900819999850e+03 2.713255784599999970e+03 2.746663776800000051e+03 2.780057169799999883e+03 2.813436220999999932e+03 2.846801214199999777e+03 2.880152419999999893e+03 2.913490082599999823e+03 2.946814485800000057e+03 2.980125867199999902e+03 3.013424484199999824e+03 3.046710594199999832e+03 3.079984434800000145e+03 3.113246256800000083e+03 3.146496291200000087e+03 3.179734788799999933e+03 3.212961973999999827e+03 3.246178077800000210e+03 3.279383337799999936e+03 3.312577984999999899e+03 3.345762230600000294e+03 3.378936312199999975e+03 3.412100441000000046e+03 3.445254841400000259e+03 3.478399724599999900e+03 3.511535308399999849e+03 3.544661810599999626e+03 3.577779442400000335e+03 3.610888401799999883e+03 3.643988913199999843e+03 3.677081167999999707e+03 3.710165390600000137e+03 3.743241765799999939e+03 3.776310511399999996e+03 3.809371818800000256e+03 3.842425899200000003e+03 3.875472944000000098e+03 3.908513157800000045e+03
2.977455776000001606e+02 3.331644380000000183e+02 3.685366496000001462e+02 4.038628196000001935e+02 4.391435420000000249e+02 4.743794173999999657e+02 5.095710265999998683e+02 5.447189635999998245e+02 5.798237959999999021e+02 6.148861045999999533e+02 6.499064570000000458e+02 6.848854208000000199e+02 7.198235636000001705e+02 7.547214397999998710e+02 7.895796169999998710e+02 8.243986496000002262e+02 8.591790920000000824e+02 8.939215052000001833e+02 9.286264304000001175e+02 9.632944285999999465e+02 9.979260475999999471e+02 1.032521822000000157e+03 1.067082299600000169e+03 1.101608028200000035e+03 1.136099535800000012e+03 1.170557363599999917e+03 1.204982039600000007e+03 1.239374085200000081e+03 1.273734041599999955e+03 1.308062410399999862e+03 1.342359719600000062e+03 1.376626477400000113e+03 1.410863193980000005e+03 1.445070366980000017e+03 1.479248495360000106e+03 1.513398071479999999e+03 1.547519583080000075e+03 1.581613510639999959e+03 1.615680330019999928e+03 1.649720511139999871e+03 1.683734517979999964e+03 1.717722808579999992e+03 1.751685834379999960e+03 1.785624040879999939e+03 1.819537867640000059e+03 1.853427745640000012e+03 1.887294103220000125e+03 1.921137358819999918e+03 1.954957926260000022e+03 1.988756212232000053e+03
2.282804866999999831e+03 2.316447501740000007e+03 2.350071355519999997e+03 2.383676770219999980e+03 2.417264083760000176e+03 2.450833626799999820e+03 2.484385725380000167e+03 2.517920700260000103e+03 2.551438867580000078e+03 2.584940536220000013e+03 2.618426013079999848e+03 2.651895597140000064e+03 2.685349586060000092e+03 2.718788267599999926e+03 2.752211934800000108e+03 2.785620864200000142e+03 2.819015333000000282e+03 2.852395625000000109e+03 2.885761997600000086e+03 2.919114721400000235e+03 2.952454067000000123e+03 2.985780285199999980e+03 3.019093633399999817e+03 3.052394362399999864e+03 3.085682722999999896e+03 3.118958959399999912e+03 3.152223315799999909e+03 3.185476036400000339e+03 3.218717352200000278e+03 3.251947494199999710e+03 3.285166706599999998e+03 3.318375207199999750e+03 3.351573226999999861e+03 3.384760996999999861e+03 3.417938728399999945e+03 3.451106652200000099e+03 3.484264979600000061e+03 3.517413935000000038e+03 3.550553729600000224e+03 3.583684568000000127e+03 3.616806674599999951e+03 3.649920254000000114e+03 3.683025517399999899e+03 3.716122669400000177e+03 3.749211914600000000e+03 3.782293464200000017e+03 3.815367522800000188e+03 3.848434281800000008e+03 3.881493958999999904e+03 3.914546745800000281e+03
3.027909937999997965e+02 3.382340564000000995e+02 3.736303514000001087e+02 4.089804991999999402e+02 4.442851070000001528e+02 4.795447753999999350e+02 5.147600984000000608e+02 5.499316633999999340e+02 5.850600380000000769e+02 6.201458096000001206e+02 6.551895391999998992e+02 6.901918010000001686e+02 7.251531494000000748e+02 7.600741453999999067e+02 7.949553499999999531e+02 8.297973176000000421e+02 8.646005959999999959e+02 8.993657329999998638e+02 9.340932830000001559e+02 9.687837806000000000e+02 1.003437780199999906e+03 1.038055816399999912e+03 1.072638423800000055e+03 1.107186143599999923e+03 1.141699503800000002e+03 1.176179032399999869e+03 1.210625264000000016e+03 1.245038720000000012e+03 1.279419915200000105e+03 1.313769370999999865e+03 1.348087588999999980e+03 1.382375090600000021e+03 1.416632376080000085e+03 1.450859941759999856e+03 1.485058284619999995e+03 1.519227893720000111e+03 1.553369254160000082e+03 1.587482846419999987e+03 1.621569143720000056e+03 1.655628616640000018e+03 1.689661726520000002e+03 1.723668932719999930e+03 1.757650686019999966e+03 1.791607431919999954e+03 1.825539609980000023e+03 1.859447655140000052e+03 1.893331993100000091e+03 1.927193046260000074e+03 1.961031229100000019e+03 1.994846950886000059e+03
2.288686111160000110e+03 2.322348556460000054e+03 2.355992022800000086e+03 2.389616856680000183e+03 2.423223398000000088e+03 2.456811981379999906e+03 2.490382936819999941e+03 2.523936589039999944e+03 2.557473256159999892e+03 2.590993252340000254e+03 2.624496887119999883e+03 2.657984464760000265e+03 2.691456283579999763e+03 2.724912638599999809e+03 2.758353822199999740e+03 2.791780116200000066e+03 2.825191804399999910e+03 2.858589170600000216e+03 2.891972478800000317e+03 2.925341999600000236e+03 2.958698003599999993e+03 2.992040748200000053e+03 3.025370490799999970e+03 3.058687495399999989e+03 3.091992006200000105e+03 3.125284280599999875e+03 3.158564549599999737e+03 3.191833070600000156e+03 3.225090067999999974e+03 3.258335799200000110e+03 3.291570482000000084e+03 3.324794347400000333e+03 3.358007639600000402e+03 3.391210576399999809e+03 3.424403382200000124e+03 3.457586281400000189e+03 3.490759498399999757e+03 3.523923244399999930e+03 3.557077743800000007e+03 3.590223214399999961e+03 3.623359867399999985e+03 3.656487914000000274e+03 3.689607565400000112e+03 3.722719032799999695e+03 3.755822527399999672e+03 3.788918253800000002e+03 3.822006423199999972e+03 3.855087246799999775e+03 3.888160915999999816e+03 3.921227648600000066e+03
3.084184243999998216e+02 3.438884611999999379e+02 3.793115918000000875e+02 4.146884497999999439e+02 4.500196489999998448e+02 4.853058032000001276e+02 5.205475064000002021e+02 5.557453525999999329e+02 5.908999291999998604e+02 6.260118037999998251e+02 6.610815505999999004e+02 6.961097437999999329e+02 7.310969311999999718e+02 7.660436803999998574e+02 8.009505391999998665e+02 8.358180620000000545e+02 8.706467966000000160e+02 9.054372908000000280e+02 9.401900791999999001e+02 9.749057030000001305e+02 1.009584703400000080e+03 1.044227621600000020e+03 1.078834972399999970e+03 1.113407303599999977e+03 1.147945130000000063e+03 1.182448979600000030e+03 1.216919373799999903e+03 1.251356833999999935e+03 1.285761868399999912e+03 1.320134985199999846e+03 1.354476705799999991e+03 1.388787527840000166e+03 1.423067947640000057e+03 1.457318462839999938e+03 1.491539565799999991e+03 1.525731742940000004e+03 1.559895476059999964e+03 1.594031242999999904e+03 1.628139516319999984e+03 1.662220761980000134e+03 1.696275443300000006e+03 1.730304016340000089e+03 1.764306932539999934e+03 1.798284636079999927e+03 1.832237567839999883e+03 1.866166160779999927e+03 1.900070843900000000e+03 1.933952038939999966e+03 1.967810162360000049e+03 2.001645623425999929e+03
