2.861300719999999842e+01 2.861006340000000137e+01 2.860713409999999968e+01 2.860421940000000163e+01 2.860131930000000011e+01 2.859843370000000107e+01 2.859556249999999977e+01 2.859270569999999978e+01 2.858986319999999992e+01 2.858703500000000020e+01 2.858422099999999944e+01 2.858142120000000119e+01 2.857863550000000075e+01 2.857586380000000048e+01 2.857310610000000040e+01 2.857036240000000049e+01 2.856763249999999843e+01 2.856491649999999893e+01 2.856221430000000083e+01 2.855952569999999824e+01 2.855685079999999942e+01 2.855418949999999967e+01 2.855154170000000136e+01 2.854890729999999976e+01 2.854628639999999962e+01 2.854367889999999974e+01 2.854108460000000136e+01 2.853850350000000091e+01 2.853593559999999840e+01 2.853338079999999977e+01 2.853083910000000145e+01 2.852831030000000112e+01 2.852579449999999994e+01 2.852329149999999913e+01 2.852080129999999869e+01 2.851832380000000100e+01 2.851585910000000013e+01 2.851340689999999967e+01 2.851096730000000079e+01 2.850854019999999878e+01 2.850612549999999956e+01 2.850372309999999842e+01 2.850133310000000009e+01 2.849895539999999983e+01 2.849658979999999886e+01 2.849423630000000074e+01 2.849189489999999836e+01 2.848956550000000121e+01 2.848724809999999863e+01 2.848494249999999894e+01
2.773041780000000145e+01 2.772618010000000055e+01 2.772196140000000142e+01 2.771776159999999933e+01 2.771358049999999906e+01 2.770941789999999827e+01 2.770527350000000055e+01 2.770114739999999998e+01 2.769703919999999897e+01 2.769294890000000109e+01 2.768887630000000044e+01 2.768482129999999941e+01 2.768078369999999921e+01 2.767676349999999985e+01 2.767276049999999898e+01 2.766994940000000014e+01 2.766597880000000131e+01 2.766202519999999865e+01 2.765808840000000046e+01 2.765416839999999965e+01 2.765026500000000098e+01 2.764637820000000090e+01 2.764250789999999824e+01 2.763865410000000011e+01 2.763481660000000062e+01 2.763099539999999976e+01 2.762719050000000109e+01 2.762340179999999989e+01 2.761962919999999855e+01 2.761587280000000177e+01 2.761213229999999896e+01 2.760840789999999956e+01 2.760469949999999884e+01 2.760100690000000156e+01 2.759733029999999943e+01 2.759366939999999957e+01 2.759002440000000078e+01 2.758639519999999834e+01 2.758278170000000173e+01 2.757918400000000148e+01 2.757560189999999878e+01 2.757203549999999836e+01 2.756848469999999907e+01 2.756494959999999850e+01 2.756143000000000143e+01 2.755792590000000075e+01 2.755443740000000119e+01 2.755096440000000158e+01 2.754750689999999835e+01 2.754406480000000101e+01
2.589314080000000118e+01 2.589049079999999847e+01 2.588785400000000081e+01 2.588523049999999870e+01 2.588262010000000046e+01 2.588002270000000138e+01 2.587743850000000023e+01 2.587486720000000062e+01 2.587230879999999900e+01 2.586976329999999891e+01 2.586723070000000035e+01 2.586471080000000100e+01 2.586220360000000085e+01 2.585970909999999989e+01 2.585722720000000052e+01 2.585475789999999918e+01 2.585230109999999826e+01 2.584985670000000013e+01 2.584742470000000125e+01 2.584500510000000162e+01 2.584259769999999889e+01 2.584020250000000019e+01 2.583781949999999838e+01 2.583544859999999943e+01 2.583308979999999977e+01 2.583074290000000062e+01 2.582840799999999959e+01 2.582608490000000145e+01 2.582377370000000028e+01 2.582147420000000082e+01 2.581918650000000071e+01 2.581691029999999998e+01 2.581464580000000097e+01 2.581239270000000019e+01 2.581015119999999996e+01 2.580792100000000033e+01 2.580570219999999892e+01 2.580349470000000167e+01 2.580129850000000147e+01 2.579911339999999953e+01 2.579693950000000058e+01 2.579477659999999872e+01 2.579262470000000107e+01 2.579048380000000051e+01 2.578835369999999827e+01 2.578623449999999906e+01 2.578412610000000171e+01 2.578202849999999913e+01 2.577994149999999962e+01 2.577786509999999964e+01
2.496056859999999844e+01 2.495676560000000066e+01 2.495297940000000025e+01 2.494920979999999844e+01 2.494545659999999998e+01 2.494171980000000133e+01 2.493799920000000014e+01 2.493429460000000120e+01 2.493060600000000093e+01 2.492693320000000057e+01 2.492327620000000010e+01 2.491963480000000075e+01 2.491600899999999896e+01 2.491239859999999950e+01 2.490988600000000019e+01 2.490630480000000091e+01 2.490273889999999923e+01 2.489918809999999993e+01 2.489565239999999946e+01 2.489213170000000019e+01 2.488862590000000097e+01 2.488513509999999940e+01 2.488165910000000025e+01 2.487819800000000114e+01 2.487475149999999857e+01 2.487131979999999842e+01 2.486790279999999953e+01 2.486450040000000072e+01 2.486111250000000084e+01 2.485773920000000103e+01 2.485438050000000132e+01 2.485103619999999935e+01 2.484770629999999869e+01 2.484439090000000050e+01 2.484108990000000006e+01 2.483780319999999975e+01 2.483453090000000074e+01 2.483127289999999832e+01 2.482802919999999958e+01 2.482479980000000097e+01 2.482158460000000133e+01 2.481838360000000065e+01 2.481519679999999894e+01 2.481202419999999975e+01 2.480886579999999952e+01 2.480572150000000065e+01 2.480259129999999956e+01 2.479947519999999983e+01 2.479637320000000145e+01 2.479328519999999969e+01
2.317194639999999950e+01 2.316958710000000110e+01 2.316723959999999849e+01 2.316490389999999877e+01 2.316257999999999839e+01 2.316026769999999857e+01 2.315796699999999930e+01 2.315567790000000059e+01 2.315340039999999888e+01 2.315113429999999894e+01 2.314887960000000078e+01 2.314663639999999845e+01 2.314440439999999910e+01 2.314218370000000036e+01 2.313997420000000105e+01 2.313777590000000117e+01 2.313558869999999956e+01 2.313341249999999860e+01 2.313124739999999946e+01 2.312909319999999980e+01 2.312694989999999962e+01 2.312481749999999892e+01 2.312269579999999891e+01 2.312058490000000077e+01 2.311848469999999978e+01 2.311639509999999831e+01 2.311431599999999875e+01 2.311224749999999872e+01 2.311018950000000061e+01 2.310814179999999851e+01 2.310610459999999833e+01 2.310407760000000010e+01 2.310206090000000145e+01 2.310005440000000121e+01 2.309805800000000175e+01 2.309607169999999954e+01 2.309409540000000050e+01 2.309212919999999869e+01 2.309017289999999889e+01 2.308822639999999993e+01 2.308628979999999942e+01 2.308436289999999858e+01 2.308244579999999857e+01 2.308053830000000062e+01 2.307864049999999878e+01 2.307675220000000138e+01 2.307487340000000131e+01 2.307300409999999857e+01 2.307114419999999910e+01 2.306929369999999935e+01
2.219038779999999988e+01 2.218701610000000102e+01 2.218365899999999868e+01 2.218031639999999882e+01 2.217698830000000143e+01 2.217367450000000062e+01 2.217037499999999994e+01 2.216708949999999945e+01 2.216381810000000030e+01 2.216056070000000133e+01 2.215731710000000021e+01 2.215408740000000165e+01 2.215087129999999860e+01 2.214865999999999957e+01 2.214546999999999954e+01 2.214229350000000096e+01 2.213913050000000027e+01 2.213598089999999985e+01 2.213284469999999970e+01 2.212972189999999983e+01 2.212661239999999907e+01 2.212351609999999980e+01 2.212043299999999846e+01 2.211736319999999978e+01 2.211430640000000025e+01 2.211126279999999866e+01 2.210823230000000095e+01 2.210521479999999883e+01 2.210221029999999942e+01 2.209921879999999916e+01 2.209624030000000161e+01 2.209327469999999849e+01 2.209032210000000163e+01 2.208738230000000158e+01 2.208445550000000068e+01 2.208154139999999899e+01 2.207864030000000000e+01 2.207575190000000021e+01 2.207287630000000078e+01 2.207001350000000173e+01 2.206716339999999832e+01 2.206432609999999883e+01 2.206150149999999854e+01 2.205868960000000101e+01 2.205589039999999912e+01 2.205310389999999998e+01 2.205032999999999888e+01 2.204756869999999935e+01 2.204482000000000141e+01 2.204208390000000151e+01
2.045001780000000124e+01 2.044794549999999944e+01 2.044588359999999838e+01 2.044383210000000162e+01 2.044179090000000087e+01 2.043975989999999854e+01 2.043773919999999933e+01 2.043572860000000091e+01 2.043372809999999973e+01 2.043173769999999934e+01 2.042975729999999857e+01 2.042778690000000097e+01 2.042582639999999827e+01 2.042387580000000114e+01 2.042193500000000128e+01 2.042000390000000110e+01 2.041808269999999936e+01 2.041617099999999851e+01 2.041426909999999850e+01 2.041237669999999937e+01 2.041049380000000113e+01 2.040862040000000022e+01 2.040675650000000019e+01 2.040490189999999870e+01 2.040305670000000049e+01 2.040122069999999965e+01 2.039939400000000091e+01 2.039757649999999956e+01 2.039576810000000151e+01 2.039396879999999967e+01 2.039217849999999999e+01 2.039039719999999889e+01 2.038862489999999994e+01 2.038686140000000080e+01 2.038510679999999908e+01 2.038336100000000073e+01 2.038162390000000102e+01 2.037989549999999994e+01 2.037817580000000106e+01 2.037646469999999965e+01 2.037476210000000165e+01 2.037306810000000112e+01 2.037138249999999928e+01 2.036970529999999968e+01 2.036803649999999877e+01 2.036637599999999892e+01 2.036472380000000015e+01 2.036307980000000128e+01 2.036144399999999877e+01 2.035981629999999853e+01
1.941958920000000077e+01 1.941664589999999890e+01 1.941371519999999862e+01 1.941079720000000108e+01 1.940789159999999924e+01 1.940499850000000137e+01 1.940211770000000158e+01 1.939924919999999986e+01 1.939639289999999860e+01 1.939354870000000020e+01 1.939071660000000108e+01 1.938789660000000126e+01 1.938598689999999891e+01 1.938318960000000146e+01 1.938040420000000097e+01 1.937763070000000099e+01 1.937486889999999917e+01 1.937211879999999908e+01 1.936938049999999834e+01 1.936665389999999931e+01 1.936393890000000084e+01 1.936123549999999938e+01 1.935854369999999847e+01 1.935586350000000166e+01 1.935319469999999953e+01 1.935053750000000150e+01 1.934789179999999931e+01 1.934525749999999888e+01 1.934263470000000140e+01 1.934002329999999859e+01 1.933742319999999992e+01 1.933483460000000065e+01 1.933225729999999842e+01 1.932969130000000035e+01 1.932713670000000050e+01 1.932459330000000008e+01 1.932206130000000144e+01 1.931954049999999867e+01 1.931703100000000006e+01 1.931453270000000089e+01 1.931204569999999876e+01 1.930956979999999845e+01 1.930710519999999875e+01 1.930465170000000086e+01 1.930220939999999885e+01 1.929977819999999866e+01 1.929735820000000146e+01 1.929494929999999897e+01 1.929255140000000068e+01 1.929016469999999828e+01
1.772740590000000083e+01 1.772561719999999852e+01 1.772383740000000074e+01 1.772206669999999917e+01 1.772030469999999980e+01 1.771855169999999902e+01 1.771680740000000043e+01 1.771507190000000165e+01 1.771334510000000151e+01 1.771162700000000001e+01 1.770991739999999837e+01 1.770821649999999892e+01 1.770652409999999932e+01 1.770484019999999958e+01 1.770316479999999970e+01 1.770149779999999851e+01 1.769983909999999838e+01 1.769818869999999933e+01 1.769654660000000135e+01 1.769491280000000089e+01 1.769328709999999916e+01 1.769166960000000088e+01 1.769006020000000134e+01 1.768845879999999937e+01 1.768686539999999852e+01 1.768527999999999878e+01 1.768370249999999899e+01 1.768213289999999915e+01 1.768057110000000165e+01 1.767901709999999937e+01 1.767747079999999826e+01 1.767593219999999832e+01 1.767440129999999954e+01 1.767287800000000075e+01 1.767136229999999841e+01 1.766985409999999845e+01 1.766835340000000087e+01 1.766686010000000095e+01 1.766537419999999869e+01 1.766389570000000120e+01 1.766242450000000019e+01 1.766096059999999923e+01 1.765950390000000070e+01 1.765805440000000104e+01 1.765661210000000025e+01 1.765517679999999956e+01 1.765374870000000129e+01 1.765232759999999956e+01 1.765091340000000031e+01 1.764950629999999876e+01
1.664863430000000122e+01 1.664611670000000032e+01 1.664360990000000129e+01 1.664111379999999940e+01 1.663862840000000176e+01 1.663615349999999893e+01 1.663368919999999918e+01 1.663123530000000017e+01 1.662879189999999952e+01 1.662635879999999844e+01 1.662393610000000166e+01 1.662232579999999871e+01 1.661992259999999888e+01 1.661752960000000101e+01 1.661514680000000155e+01 1.661277409999999932e+01 1.661041150000000144e+01 1.660805889999999962e+01 1.660571649999999977e+01 1.660338399999999837e+01 1.660106150000000014e+01 1.659874900000000153e+01 1.659644649999999899e+01 1.659415389999999846e+01 1.659187119999999993e+01 1.658959829999999869e+01 1.658733540000000062e+01 1.658508229999999983e+01 1.658283899999999988e+01 1.658060550000000077e+01 1.657838190000000012e+01 1.657616799999999913e+01 1.657396400000000014e+01 1.657176959999999966e+01 1.656958510000000118e+01 1.656741020000000120e+01 1.656524509999999850e+01 1.656308969999999903e+01 1.656094399999999922e+01 1.655880790000000147e+01 1.655668160000000100e+01 1.655456480000000141e+01 1.655245779999999911e+01 1.655036030000000125e+01 1.654827249999999950e+01 1.654619419999999863e+01 1.654412549999999982e+01 1.654206639999999950e+01 1.654001690000000124e+01 1.653797690000000031e+01
1.500422189999999922e+01 1.500271380000000043e+01 1.500121309999999930e+01 1.499971999999999994e+01 1.499823439999999941e+01 1.499675620000000009e+01 1.499528540000000021e+01 1.499382190000000037e+01 1.499236579999999996e+01 1.499091699999999960e+01 1.498947539999999989e+01 1.498804100000000084e+01 1.498661380000000065e+01 1.498519379999999934e+01 1.498378079999999990e+01 1.498237489999999994e+01 1.498097600000000007e+01 1.497958410000000029e+01 1.497819909999999943e+01 1.497682099999999927e+01 1.497544979999999981e+01 1.497408539999999988e+01 1.497272779999999948e+01 1.497137689999999921e+01 1.497003280000000025e+01 1.496869530000000026e+01 1.496736439999999924e+01 1.496604020000000013e+01 1.496472250000000059e+01 1.496341130000000064e+01 1.496210660000000026e+01 1.496080830000000006e+01 1.495951640000000005e+01 1.495823099999999961e+01 1.495695180000000057e+01 1.495567890000000055e+01 1.495441229999999955e+01 1.495315189999999994e+01 1.495189769999999996e+01 1.495064960000000021e+01 1.494940770000000008e+01 1.494817180000000079e+01 1.494694199999999995e+01 1.494571819999999995e+01 1.494450029999999963e+01 1.494328840000000014e+01 1.494208240000000032e+01 1.494088230000000017e+01 1.493968800000000030e+01 1.493849950000000071e+01
1.387740980000000057e+01 1.387531549999999925e+01 1.387323020000000007e+01 1.387115380000000009e+01 1.386908619999999992e+01 1.386702730000000017e+01 1.386497720000000022e+01 1.386293580000000070e+01 1.386090309999999981e+01 1.385922940000000025e+01 1.385756489999999985e+01 1.385555710000000040e+01 1.385355790000000020e+01 1.385156710000000047e+01 1.384958489999999998e+01 1.384761100000000056e+01 1.384564559999999922e+01 1.384368860000000012e+01 1.384173999999999971e+01 1.383979970000000037e+01 1.383786779999999972e+01 1.383594420000000014e+01 1.383402889999999985e+01 1.383212200000000003e+01 1.383022320000000072e+01 1.382833280000000009e+01 1.382645059999999937e+01 1.382457660000000033e+01 1.382271090000000058e+01 1.382085340000000073e+01 1.381900410000000079e+01 1.381716289999999958e+01 1.381532999999999944e+01 1.381350519999999982e+01 1.381168860000000009e+01 1.380988010000000088e+01 1.380807970000000040e+01 1.380628749999999982e+01 1.380450339999999976e+01 1.380272730000000081e+01 1.380095939999999999e+01 1.379919950000000028e+01 1.379744769999999932e+01 1.379570400000000063e+01 1.379396829999999952e+01 1.379224059999999952e+01 1.379052100000000003e+01 1.378880930000000049e+01 1.378710569999999969e+01 1.378541000000000061e+01
1.228040329999999969e+01 1.227917300000000012e+01 1.227794890000000017e+01 1.227673079999999928e+01 1.227551880000000040e+01 1.227431289999999997e+01 1.227311300000000038e+01 1.227191909999999986e+01 1.227073120000000017e+01 1.226954920000000016e+01 1.226837300000000042e+01 1.226720279999999974e+01 1.226603829999999995e+01 1.226487969999999983e+01 1.226372680000000059e+01 1.226257960000000047e+01 1.226143820000000062e+01 1.226030240000000049e+01 1.225917220000000007e+01 1.225804759999999938e+01 1.225692860000000017e+01 1.225581520000000069e+01 1.225470720000000036e+01 1.225360470000000035e+01 1.225250770000000067e+01 1.225141600000000075e+01 1.225032979999999938e+01 1.224924880000000016e+01 1.224817320000000009e+01 1.224710289999999979e+01 1.224603779999999986e+01 1.224497790000000030e+01 1.224392319999999934e+01 1.224287359999999936e+01 1.224182919999999974e+01 1.224078989999999934e+01 1.223975560000000051e+01 1.223872639999999912e+01 1.223770219999999931e+01 1.223668289999999992e+01 1.223566860000000034e+01 1.223465930000000057e+01 1.223365480000000005e+01 1.223265510000000056e+01 1.223166029999999971e+01 1.223067029999999988e+01 1.222968509999999931e+01 1.222870460000000037e+01 1.222772890000000068e+01 1.222675779999999968e+01
1.110597789999999918e+01 1.110430490000000070e+01 1.110263909999999932e+01 1.110098039999999919e+01 1.109932869999999916e+01 1.109768399999999922e+01 1.109604629999999936e+01 1.109441550000000021e+01 1.109308979999999956e+01 1.109177150000000012e+01 1.109016070000000020e+01 1.108855679999999921e+01 1.108695969999999953e+01 1.108536950000000054e+01 1.108378599999999992e+01 1.108220930000000060e+01 1.108063929999999964e+01 1.107907600000000059e+01 1.107751949999999930e+01 1.107596969999999992e+01 1.107442649999999951e+01 1.107289010000000040e+01 1.107136030000000027e+01 1.106983710000000087e+01 1.106832059999999984e+01 1.106681069999999956e+01 1.106530749999999941e+01 1.106381080000000061e+01 1.106232080000000018e+01 1.106083729999999932e+01 1.105936039999999920e+01 1.105789009999999983e+01 1.105642639999999943e+01 1.105496920000000038e+01 1.105351860000000030e+01 1.105207449999999980e+01 1.105063690000000065e+01 1.104920579999999930e+01 1.104778130000000047e+01 1.104636329999999944e+01 1.104495170000000037e+01 1.104354670000000027e+01 1.104214810000000035e+01 1.104075600000000001e+01 1.103937029999999986e+01 1.103799109999999928e+01 1.103661830000000066e+01 1.103525190000000045e+01 1.103389199999999981e+01 1.103253839999999997e+01
9.556146220000000469e+00 9.555191640000000319e+00 9.554241819999999663e+00 9.553296740000000398e+00 9.552356359999999214e+00 9.551420679999999663e+00 9.550489649999999386e+00 9.549563250000000281e+00 9.548641469999999742e+00 9.547724260000000740e+00 9.546811619999999721e+00 9.545903499999999653e+00 9.544999889999999709e+00 9.544100759999999184e+00 9.543206079999999147e+00 9.542315829999999721e+00 9.541429980000000199e+00 9.540548499999999876e+00 9.539671379999999701e+00 9.538798579999999916e+00 9.537930080000000643e+00 9.537065849999999401e+00 9.536205869999999862e+00 9.535350109999999546e+00 9.534498539999999522e+00 9.533651150000000740e+00 9.532807899999999890e+00 9.531968779999999697e+00 9.531133739999999577e+00 9.530302779999999530e+00 9.529475870000000626e+00 9.528652980000000383e+00 9.527834079999999872e+00 9.527019160000000042e+00 9.526208190000000187e+00 9.525401150000000428e+00 9.524597999999999232e+00 9.523798740000000151e+00 9.523003329999999877e+00 9.522211750000000308e+00 9.521423979999999787e+00 9.520640000000000214e+00 9.519859789999999933e+00 9.519083320000000015e+00 9.518310570000000581e+00 9.517541519999999977e+00 9.516776150000000101e+00 9.516014439999999297e+00 9.515256360000000413e+00 9.514501900000000845e+00
8.334356729999999658e+00 8.333103460000000240e+00 8.331855519999999515e+00 8.330612889999999382e+00 8.329375519999999256e+00 8.328143409999999136e+00 8.326916530000000094e+00 8.326183849999999609e+00 8.324966859999999969e+00 8.323755039999999994e+00 8.322548369999999807e+00 8.321346840000000356e+00 8.320150429999999986e+00 8.318959129999999647e+00 8.317772919999999459e+00 8.316591790000000373e+00 8.315415729999999783e+00 8.314244719999999589e+00 8.313078759999999789e+00 8.311917839999999558e+00 8.310761949999999842e+00 8.309611070000000765e+00 8.308465209999999601e+00 8.307324339999999196e+00 8.306188470000000379e+00 8.305057579999999717e+00 8.303931670000000764e+00 8.302810739999999967e+00 8.301694769999999224e+00 8.300583749999999483e+00 8.299477689999999797e+00 8.298376579999999336e+00 8.297280400000000000e+00 8.296189150000000012e+00 8.295102829999999372e+00 8.294021430000000805e+00 8.292944939999999932e+00 8.291873360000000304e+00 8.290806670000000267e+00 8.289744880000000649e+00 8.288687969999999794e+00 8.287635939999999479e+00 8.286588780000000654e+00 8.285546480000000713e+00 8.284509030000000607e+00 8.283476430000000335e+00 8.282448670000000845e+00 8.281425739999999536e+00 8.280407629999999131e+00 8.279394330000000579e+00
6.831517299999999793e+00 6.830836790000000214e+00 6.830159669999999572e+00 6.829485919999999766e+00 6.828815520000000028e+00 6.828148460000000419e+00 6.827484720000000173e+00 6.826824270000000361e+00 6.826167090000000215e+00 6.825513179999999736e+00 6.824862509999999993e+00 6.824215070000000161e+00 6.823570819999999593e+00 6.822929760000000066e+00 6.822291869999999925e+00 6.821657120000000241e+00 6.821025500000000186e+00 6.820396989999999882e+00 6.819771570000000338e+00 6.819149219999999900e+00 6.818529930000000405e+00 6.817913670000000259e+00 6.817300430000000411e+00 6.816690190000000094e+00 6.816082920000000378e+00 6.815478620000000376e+00 6.814877260000000270e+00 6.814278830000000120e+00 6.813683300000000109e+00 6.813090660000000298e+00 6.812500899999999859e+00 6.811913979999999924e+00 6.811329910000000432e+00 6.810748649999999849e+00 6.810170199999999952e+00 6.809594530000000034e+00 6.809021630000000158e+00 6.808451479999999556e+00 6.807884060000000126e+00 6.807319360000000152e+00 6.806757369999999696e+00 6.806198059999999828e+00 6.805641419999999719e+00 6.805087440000000321e+00 6.804536090000000037e+00 6.803987369999999757e+00 6.803441249999999663e+00 6.802897729999999754e+00 6.802356790000000153e+00 6.801818410000000092e+00
5.562571840000000378e+00 5.561736950000000235e+00 5.560905619999999772e+00 5.560077810000000120e+00 5.559253530000000332e+00 5.558432749999999700e+00 5.557993180000000422e+00 5.557179020000000413e+00 5.556368329999999744e+00 5.555561090000000313e+00 5.554757279999999575e+00 5.553956910000000136e+00 5.553159960000000339e+00 5.552366420000000247e+00 5.551576289999999858e+00 5.550789550000000183e+00 5.550006200000000334e+00 5.549226220000000431e+00 5.548449630000000354e+00 5.547676390000000346e+00 5.546906520000000285e+00 5.546140010000000231e+00 5.545376840000000307e+00 5.544617019999999563e+00 5.543860539999999837e+00 5.543107390000000301e+00 5.542357580000000006e+00 5.541611080000000022e+00 5.540867910000000229e+00 5.540128059999999799e+00 5.539391519999999680e+00 5.538658279999999934e+00 5.537928349999999611e+00 5.537201719999999661e+00 5.536478380000000143e+00 5.535758330000000171e+00 5.535041569999999744e+00 5.534328089999999811e+00 5.533617890000000372e+00 5.532910949999999772e+00 5.532207289999999666e+00 5.531506880000000237e+00 5.530809739999999586e+00 5.530115839999999672e+00 5.529425190000000434e+00 5.528737780000000157e+00 5.528053599999999790e+00 5.527372660000000160e+00 5.526694929999999673e+00 5.526020420000000044e+00
4.106679849999999909e+00 4.106272170000000443e+00 4.105866530000000125e+00 4.105462900000000026e+00 4.105061280000000146e+00 4.104661659999999657e+00 4.104264030000000396e+00 4.103868369999999821e+00 4.103474669999999769e+00 4.103082930000000239e+00 4.102693119999999638e+00 4.102305249999999681e+00 4.101919289999999663e+00 4.101535239999999582e+00 4.101153090000000390e+00 4.100772809999999602e+00 4.100394409999999823e+00 4.100017870000000286e+00 4.099643180000000164e+00 4.099270330000000406e+00 4.098899300000000245e+00 4.098530089999999682e+00 4.098162689999999664e+00 4.097797080000000314e+00 4.097433249999999916e+00 4.097071190000000307e+00 4.096710889999999772e+00 4.096352340000000147e+00 4.095995529999999718e+00 4.095640450000000321e+00 4.095287080000000302e+00 4.094935419999999660e+00 4.094585450000000293e+00 4.094237180000000365e+00 4.093890570000000118e+00 4.093545630000000379e+00 4.093202350000000322e+00 4.092860710000000068e+00 4.092520699999999678e+00 4.092182320000000040e+00 4.091845560000000326e+00 4.091510399999999770e+00 4.091176830000000209e+00 4.090844849999999866e+00 4.090514449999999691e+00 4.090185619999999744e+00 4.089858350000000087e+00 4.089532619999999952e+00 4.089208440000000166e+00 4.088885789999999965e+00
2.790791959999999960e+00 2.790374700000000097e+00 2.789959220000000073e+00 2.789545509999999950e+00 2.789133559999999790e+00 2.788723370000000035e+00 2.788579390000000213e+00 2.788172509999999882e+00 2.787767370000000078e+00 2.787363959999999974e+00 2.786962270000000075e+00 2.786562309999999876e+00 2.786164059999999942e+00 2.785767519999999831e+00 2.785372699999999924e+00 2.784979569999999960e+00 2.784588149999999818e+00 2.784198420000000063e+00 2.783810390000000190e+00 2.783424049999999816e+00 2.783039389999999891e+00 2.782656419999999908e+00 2.782275129999999930e+00 2.781895519999999955e+00 2.781517589999999984e+00 2.781141330000000078e+00 2.780766739999999793e+00 2.780393820000000016e+00 2.780022569999999860e+00 2.779652990000000212e+00 2.779285069999999802e+00 2.778918800000000022e+00 2.778554199999999863e+00 2.778191259999999829e+00 2.777829969999999982e+00 2.777470329999999876e+00 2.777112339999999957e+00 2.776755999999999780e+00 2.776401299999999850e+00 2.776048250000000106e+00 2.775696840000000165e+00 2.775347060000000088e+00 2.774998919999999814e+00 2.774652409999999847e+00 2.774307540000000127e+00 2.773964279999999949e+00 2.773622660000000018e+00 2.773282650000000071e+00 2.772944260000000050e+00 2.772607489999999952e+00
1.381523309999999949e+00 1.381387920000000102e+00 1.381253209999999898e+00 1.381119180000000002e+00 1.380985829999999970e+00 1.380853139999999923e+00 1.380721120000000024e+00 1.380589770000000049e+00 1.380459069999999899e+00 1.380329029999999957e+00 1.380199629999999900e+00 1.380070890000000050e+00 1.379942790000000086e+00 1.379815330000000007e+00 1.379688500000000095e+00 1.379562310000000069e+00 1.379436740000000050e+00 1.379311799999999977e+00 1.379187479999999910e+00 1.379063769999999911e+00 1.378940679999999919e+00 1.378818190000000055e+00 1.378696310000000036e+00 1.378575040000000085e+00 1.378454360000000101e+00 1.378334270000000084e+00 1.378214779999999973e+00 1.378095869999999890e+00 1.377977540000000056e+00 1.377859799999999968e+00 1.377742629999999968e+00 1.377626030000000057e+00 1.377510000000000012e+00 1.377394529999999895e+00 1.377279630000000088e+00 1.377165289999999986e+00 1.377051500000000095e+00 1.376938259999999969e+00 1.376825570000000054e+00 1.376713419999999966e+00 1.376601820000000087e+00 1.376490760000000035e+00 1.376380230000000093e+00 1.376270230000000039e+00 1.376160760000000094e+00 1.376051810000000097e+00 1.375943389999999988e+00 1.375835490000000050e+00 1.375728110000000060e+00 1.375621240000000078e+00
1.895848129999999979e-02 1.895837490000000167e-02 1.895828169999999938e-02 1.895820180000000119e-02 1.895813489999999962e-02 1.910817050000000045e-02 1.910810370000000022e-02 1.910804990000000009e-02 1.910800890000000085e-02 1.910798069999999904e-02 1.910796500000000106e-02 1.910796199999999917e-02 1.910797139999999977e-02 1.910799319999999940e-02 1.910802740000000152e-02 1.910807380000000000e-02 1.910813249999999963e-02 1.910820319999999989e-02 1.910828609999999997e-02 1.910838089999999934e-02 1.910848769999999933e-02 1.910860639999999860e-02 1.910873700000000064e-02 1.910887940000000063e-02 1.910903359999999856e-02 1.910919950000000006e-02 1.910937700000000031e-02 1.910956629999999851e-02 1.910976710000000106e-02 1.910997949999999890e-02 1.911020340000000109e-02 1.911043889999999856e-02 1.911068579999999906e-02 1.911094420000000044e-02 1.911121400000000137e-02 1.911149519999999838e-02 1.911178779999999841e-02 1.911209159999999879e-02 1.911240679999999872e-02 1.911273330000000034e-02 1.911307110000000017e-02 1.911342010000000036e-02 1.911378030000000089e-02 1.911415169999999830e-02 1.911453420000000167e-02 1.911492799999999978e-02 1.911533279999999904e-02 1.911574870000000079e-02 1.911617579999999941e-02 1.911661389999999919e-02
-1.343551029999999979e+00 -1.343414480000000077e+00 -1.343278600000000100e+00 -1.343143380000000109e+00 -1.343008809999999942e+00 -1.342874909999999922e+00 -1.342741650000000009e+00 -1.342609039999999920e+00 -1.342477080000000100e+00 -1.342345750000000004e+00 -1.342215060000000015e+00 -1.342084999999999972e+00 -1.341955570000000098e+00 -1.341826769999999946e+00 -1.341698580000000085e+00 -1.341571010000000008e+00 -1.341444059999999938e+00 -1.341317709999999996e+00 -1.341191969999999900e+00 -1.341066829999999932e+00 -1.340942290000000092e+00 -1.340818339999999997e+00 -1.340694990000000031e+00 -1.340572220000000092e+00 -1.340450029999999959e+00 -1.340328420000000076e+00 -1.340207389999999998e+00 -1.340086930000000009e+00 -1.339967040000000109e+00 -1.339847720000000075e+00 -1.339728950000000030e+00 -1.339610750000000072e+00 -1.339493100000000103e+00 -1.339375999999999900e+00 -1.339259439999999968e+00 -1.339143439999999963e+00 -1.339027970000000067e+00 -1.338913039999999999e+00 -1.338798640000000040e+00 -1.338684779999999908e+00 -1.338571439999999946e+00 -1.338458619999999932e+00 -1.338346330000000028e+00 -1.338234560000000073e+00 -1.338123299999999904e+00 -1.338012549999999967e+00 -1.337902310000000039e+00 -1.337792579999999898e+00 -1.337683350000000049e+00 -1.337574629999999987e+00
-2.752690090000000200e+00 -2.752273259999999944e+00 -2.751858190000000093e+00 -2.751444859999999881e+00 -2.750997980000000176e+00 -2.750587970000000215e+00 -2.750179680000000015e+00 -2.749773100000000081e+00 -2.749368220000000029e+00 -2.748965039999999860e+00 -2.748563560000000017e+00 -2.748163770000000117e+00 -2.747765670000000160e+00 -2.747369250000000207e+00 -2.746974499999999875e+00 -2.746581429999999990e+00 -2.746190030000000171e+00 -2.745800299999999972e+00 -2.745412229999999898e+00 -2.745025819999999950e+00 -2.744641070000000127e+00 -2.744257970000000046e+00 -2.743876530000000091e+00 -2.743496739999999878e+00 -2.743118589999999912e+00 -2.742742100000000072e+00 -2.742367240000000095e+00 -2.741994029999999860e+00 -2.741622459999999872e+00 -2.741252530000000132e+00 -2.740884229999999810e+00 -2.740517559999999797e+00 -2.740152530000000031e+00 -2.739789120000000189e+00 -2.739427350000000150e+00 -2.739067200000000035e+00 -2.738708669999999845e+00 -2.738351760000000024e+00 -2.737996470000000127e+00 -2.737642800000000154e+00 -2.737290740000000167e+00 -2.736940300000000104e+00 -2.736591460000000087e+00 -2.736244230000000055e+00 -2.735898610000000009e+00 -2.735554580000000069e+00 -2.735212160000000114e+00 -2.734871329999999823e+00 -2.734532090000000082e+00 -2.734194440000000004e+00
-4.068700680000000069e+00 -4.068291819999999781e+00 -4.067884969999999711e+00 -4.067480129999999861e+00 -4.067077280000000350e+00 -4.066676420000000292e+00 -4.066277519999999868e+00 -4.065880589999999906e+00 -4.065485599999999700e+00 -4.065092540000000199e+00 -4.064701419999999565e+00 -4.064312199999999820e+00 -4.063924890000000012e+00 -4.063539470000000264e+00 -4.063155929999999749e+00 -4.062774260000000304e+00 -4.062394440000000273e+00 -4.062016469999999657e+00 -4.061640340000000293e+00 -4.061266019999999699e+00 -4.060893519999999590e+00 -4.060522820000000088e+00 -4.060153910000000366e+00 -4.059786779999999595e+00 -4.059421409999999675e+00 -4.059057799999999716e+00 -4.058695939999999780e+00 -4.058335809999999988e+00 -4.057977410000000340e+00 -4.057620720000000070e+00 -4.057265730000000126e+00 -4.056912429999999681e+00 -4.056560809999999684e+00 -4.056210870000000135e+00 -4.055862590000000267e+00 -4.055515950000000203e+00 -4.055170959999999880e+00 -4.054827590000000370e+00 -4.054485849999999836e+00 -4.054145720000000175e+00 -4.053807189999999672e+00 -4.053470250000000163e+00 -4.053134889999999935e+00 -4.052801099999999934e+00 -4.052468870000000223e+00 -4.052138199999999912e+00 -4.051809079999999952e+00 -4.051481489999999575e+00 -4.051155429999999669e+00 -4.050830880000000356e+00
-5.524651399999999768e+00 -5.523816899999999919e+00 -5.522985929999999932e+00 -5.522237819999999964e+00 -5.521413550000000114e+00 -5.520592749999999604e+00 -5.519775410000000271e+00 -5.518961509999999571e+00 -5.518151060000000108e+00 -5.517344020000000349e+00 -5.516540400000000233e+00 -5.515740179999999881e+00 -5.514943350000000244e+00 -5.514149899999999604e+00 -5.513359839999999679e+00 -5.512573129999999821e+00 -5.511789789999999911e+00 -5.511009800000000070e+00 -5.510233160000000296e+00 -5.509459849999999825e+00 -5.508689880000000372e+00 -5.507923240000000220e+00 -5.507159920000000319e+00 -5.506399919999999781e+00 -5.505643240000000382e+00 -5.504889859999999580e+00 -5.504139780000000037e+00 -5.503393009999999919e+00 -5.502649530000000233e+00 -5.501909340000000093e+00 -5.501172429999999558e+00 -5.500438810000000345e+00 -5.499708469999999849e+00 -5.498981399999999908e+00 -5.498257589999999695e+00 -5.497537059999999975e+00 -5.496819780000000044e+00 -5.496105759999999840e+00 -5.495395000000000252e+00 -5.494687479999999624e+00 -5.493983199999999734e+00 -5.493282159999999692e+00 -5.492584349999999560e+00 -5.491889770000000226e+00 -5.491198400000000035e+00 -5.490510259999999754e+00 -5.489825330000000392e+00 -5.489143600000000234e+00 -5.488465060000000229e+00 -5.487789720000000315e+00
-6.793591939999999774e+00 -6.792910130000000102e+00 -6.792231700000000316e+00 -6.791556619999999711e+00 -6.790884880000000123e+00 -6.790216459999999898e+00 -6.789551340000000046e+00 -6.788889489999999860e+00 -6.788230910000000229e+00 -6.787575580000000386e+00 -6.786923459999999686e+00 -6.786274559999999845e+00 -6.785628840000000217e+00 -6.784986289999999975e+00 -6.784346890000000130e+00 -6.783710619999999913e+00 -6.783077460000000336e+00 -6.782447399999999682e+00 -6.781820409999999910e+00 -6.781196480000000193e+00 -6.780575589999999764e+00 -6.779957709999999693e+00 -6.779342839999999981e+00 -6.778730949999999922e+00 -6.778122019999999637e+00 -6.777516040000000075e+00 -6.776912989999999581e+00 -6.776312840000000115e+00 -6.775715589999999899e+00 -6.775121210000000005e+00 -6.774529689999999604e+00 -6.773941009999999707e+00 -6.773355150000000435e+00 -6.772772090000000134e+00 -6.772191819999999751e+00 -6.771614320000000298e+00 -6.771039570000000118e+00 -6.770467560000000162e+00 -6.769898269999999663e+00 -6.769331679999999629e+00 -6.768767780000000123e+00 -6.768206550000000377e+00 -6.767647979999999563e+00 -6.767092039999999642e+00 -6.766538729999999724e+00 -6.765988029999999931e+00 -6.765439920000000384e+00 -6.764894390000000257e+00 -6.764351429999999610e+00 -6.763811010000000401e+00
-8.296320599999999601e+00 -8.295067819999999870e+00 -8.294013010000000463e+00 -8.292770329999999745e+00 -8.291532910000000811e+00 -8.290300710000000350e+00 -8.289073710000000261e+00 -8.287851879999999838e+00 -8.286635220000000857e+00 -8.285423700000000835e+00 -8.284217310000000722e+00 -8.283016019999999813e+00 -8.281819829999999882e+00 -8.280628710000000225e+00 -8.279442660000000842e+00 -8.278261660000000077e+00 -8.277085709999999708e+00 -8.275914780000000803e+00 -8.274748869999999812e+00 -8.273587969999999459e+00 -8.272432070000000692e+00 -8.271281169999999960e+00 -8.270135240000000110e+00 -8.268994299999999242e+00 -8.267858309999999378e+00 -8.266727290000000394e+00 -8.265601220000000637e+00 -8.264480100000000107e+00 -8.263363919999999752e+00 -8.262252659999999693e+00 -8.261146339999999810e+00 -8.260044929999999397e+00 -8.258948439999999280e+00 -8.257856849999999582e+00 -8.256770169999999354e+00 -8.255688369999999665e+00 -8.254611470000000395e+00 -8.253539449999999889e+00 -8.252472300000000871e+00 -8.251410010000000739e+00 -8.250352590000000319e+00 -8.249300019999999733e+00 -8.248252300000000758e+00 -8.247209409999999963e+00 -8.246171349999999123e+00 -8.245138120000000015e+00 -8.244109699999999208e+00 -8.243086079999999427e+00 -8.242067260000000672e+00 -8.241053230000000340e+00
-9.518166159999999820e+00 -9.517210249999999760e+00 -9.516259079999999315e+00 -9.515312630000000382e+00 -9.514370879999999531e+00 -9.513433790000000556e+00 -9.512501350000000855e+00 -9.511573520000000670e+00 -9.510650289999999174e+00 -9.509731620000000163e+00 -9.508817490000000205e+00 -9.507907879999999423e+00 -9.507002760000000663e+00 -9.506102099999999666e+00 -9.505205869999999280e+00 -9.504314060000000453e+00 -9.503426629999999875e+00 -9.502543570000000273e+00 -9.501664829999999284e+00 -9.500790410000000463e+00 -9.499920259999999672e+00 -9.499054380000000464e+00 -9.498192720000000477e+00 -9.497335270000000662e+00 -9.496482000000000312e+00 -9.495632889999999549e+00 -9.494787900000000391e+00 -9.493947020000000236e+00 -9.493110220000000155e+00 -9.492277480000000267e+00 -9.491448760000000817e+00 -9.490624049999999201e+00 -9.489803330000000869e+00 -9.488986560000000736e+00 -9.488173720000000699e+00 -9.487364799999999931e+00 -9.486559760000000452e+00 -9.485758580000000606e+00 -9.484961249999999566e+00 -9.484167729999999352e+00 -9.483378009999999136e+00 -9.482592059999999989e+00 -9.481809849999999429e+00 -9.481031379999999231e+00 -9.480256609999999640e+00 -9.479485529999999827e+00 -9.478718110000000863e+00 -9.477954329999999317e+00 -9.477194179999999690e+00 -9.476437620000000450e+00
-1.106780350000000013e+01 -1.106613119999999917e+01 -1.106476930000000003e+01 -1.106311059999999991e+01 -1.106145880000000048e+01 -1.105981399999999937e+01 -1.105817620000000012e+01 -1.105654520000000041e+01 -1.105492120000000078e+01 -1.105330400000000068e+01 -1.105169369999999951e+01 -1.105009019999999964e+01 -1.104849349999999930e+01 -1.104690350000000088e+01 -1.104532030000000020e+01 -1.104374390000000083e+01 -1.104217419999999983e+01 -1.104061109999999957e+01 -1.103905480000000061e+01 -1.103750510000000062e+01 -1.103596210000000077e+01 -1.103442569999999989e+01 -1.103289599999999915e+01 -1.103137289999999915e+01 -1.102985639999999989e+01 -1.102834660000000078e+01 -1.102684329999999946e+01 -1.102534660000000066e+01 -1.102385639999999967e+01 -1.102237290000000058e+01 -1.102089589999999930e+01 -1.101942539999999937e+01 -1.101796150000000019e+01 -1.101650410000000058e+01 -1.101505320000000054e+01 -1.101360889999999948e+01 -1.101217100000000038e+01 -1.101073960000000085e+01 -1.100931480000000029e+01 -1.100789639999999991e+01 -1.100648439999999972e+01 -1.100507900000000028e+01 -1.100367999999999924e+01 -1.100228740000000016e+01 -1.100090119999999949e+01 -1.099952150000000017e+01 -1.099814819999999926e+01 -1.099678130000000031e+01 -1.099542070000000038e+01 -1.099406650000000063e+01
-1.224231439999999971e+01 -1.224108269999999976e+01 -1.223985719999999944e+01 -1.223863769999999995e+01 -1.223742440000000009e+01 -1.223621709999999929e+01 -1.223501579999999933e+01 -1.223382040000000082e+01 -1.223263099999999959e+01 -1.223144749999999981e+01 -1.223026989999999969e+01 -1.222909809999999986e+01 -1.222793210000000030e+01 -1.222677200000000042e+01 -1.222561750000000025e+01 -1.222446880000000036e+01 -1.222332570000000018e+01 -1.222218829999999912e+01 -1.222105649999999955e+01 -1.221993029999999969e+01 -1.221880969999999955e+01 -1.221769459999999974e+01 -1.221658490000000086e+01 -1.221548070000000052e+01 -1.221438189999999935e+01 -1.221328860000000027e+01 -1.221220049999999979e+01 -1.221111780000000024e+01 -1.221004040000000046e+01 -1.220896830000000044e+01 -1.220790140000000079e+01 -1.220683960000000035e+01 -1.220578309999999966e+01 -1.220473169999999996e+01 -1.220368539999999946e+01 -1.220264419999999994e+01 -1.220160800000000023e+01 -1.220057680000000033e+01 -1.219955069999999964e+01 -1.219852949999999936e+01 -1.219751319999999950e+01 -1.219650180000000006e+01 -1.219549529999999926e+01 -1.219449359999999949e+01 -1.219349680000000014e+01 -1.219250470000000064e+01 -1.219151740000000039e+01 -1.219053480000000000e+01 -1.218955700000000064e+01 -1.218858379999999997e+01
-1.383892619999999951e+01 -1.383724519999999991e+01 -1.383515970000000017e+01 -1.383308309999999963e+01 -1.383101519999999951e+01 -1.382895620000000036e+01 -1.382690580000000047e+01 -1.382486409999999921e+01 -1.382283110000000015e+01 -1.382080659999999916e+01 -1.381879080000000037e+01 -1.381678340000000027e+01 -1.381478459999999941e+01 -1.381279420000000080e+01 -1.381081230000000026e+01 -1.380883889999999958e+01 -1.380687379999999997e+01 -1.380491710000000083e+01 -1.380296869999999920e+01 -1.380102869999999982e+01 -1.379909709999999912e+01 -1.379717370000000010e+01 -1.379525860000000037e+01 -1.379335179999999994e+01 -1.379145319999999941e+01 -1.378956289999999996e+01 -1.378768080000000040e+01 -1.378580690000000075e+01 -1.378394119999999923e+01 -1.378208369999999938e+01 -1.378023439999999944e+01 -1.377839329999999940e+01 -1.377656029999999987e+01 -1.377473550000000024e+01 -1.377291879999999935e+01 -1.377111020000000075e+01 -1.376930970000000087e+01 -1.376751729999999974e+01 -1.376573310000000028e+01 -1.376395690000000016e+01 -1.376218869999999939e+01 -1.376042859999999912e+01 -1.375867659999999937e+01 -1.375693260000000073e+01 -1.375519659999999966e+01 -1.375346859999999971e+01 -1.375174860000000088e+01 -1.375003659999999961e+01 -1.374833259999999946e+01 -1.374663649999999926e+01
-1.496590109999999996e+01 -1.496439160000000079e+01 -1.496288960000000046e+01 -1.496139520000000012e+01 -1.495990819999999921e+01 -1.495842859999999952e+01 -1.495695639999999926e+01 -1.495549160000000022e+01 -1.495403409999999944e+01 -1.495258379999999931e+01 -1.495114079999999923e+01 -1.494970490000000041e+01 -1.494827629999999985e+01 -1.494685469999999938e+01 -1.494544020000000017e+01 -1.494403280000000045e+01 -1.494263229999999965e+01 -1.494123890000000010e+01 -1.493985230000000008e+01 -1.493847260000000077e+01 -1.493709980000000037e+01 -1.493573379999999950e+01 -1.493437450000000055e+01 -1.493302199999999935e+01 -1.493167620000000007e+01 -1.493033699999999975e+01 -1.492900440000000017e+01 -1.492767839999999957e+01 -1.492635899999999971e+01 -1.492504600000000003e+01 -1.492373949999999994e+01 -1.492243949999999941e+01 -1.492114579999999968e+01 -1.491985840000000074e+01 -1.491857740000000021e+01 -1.491730270000000047e+01 -1.491603420000000035e+01 -1.491477189999999986e+01 -1.491351569999999960e+01 -1.491226570000000073e+01 -1.491102180000000033e+01 -1.490978400000000015e+01 -1.490855209999999964e+01 -1.490732629999999936e+01 -1.490610640000000053e+01 -1.490489250000000077e+01 -1.490368439999999950e+01 -1.490248219999999968e+01 -1.490128580000000014e+01 -1.490009520000000087e+01
-1.660989100000000107e+01 -1.660789109999999980e+01 -1.660538400000000081e+01 -1.660288770000000014e+01 -1.660040199999999899e+01 -1.659792690000000093e+01 -1.659546220000000005e+01 -1.659300809999999871e+01 -1.659056430000000049e+01 -1.658813079999999829e+01 -1.658570770000000039e+01 -1.658329480000000089e+01 -1.658089220000000097e+01 -1.657849969999999828e+01 -1.657611740000000111e+01 -1.657374520000000118e+01 -1.657138309999999848e+01 -1.656903099999999895e+01 -1.656668900000000022e+01 -1.656435689999999994e+01 -1.656203490000000045e+01 -1.655972269999999824e+01 -1.655742049999999921e+01 -1.655512819999999863e+01 -1.655284580000000005e+01 -1.655057329999999993e+01 -1.654831060000000065e+01 -1.654605769999999865e+01 -1.654381469999999865e+01 -1.654158149999999949e+01 -1.653935800000000000e+01 -1.653714430000000135e+01 -1.653494039999999998e+01 -1.653274619999999828e+01 -1.653056169999999980e+01 -1.652838690000000099e+01 -1.652622189999999947e+01 -1.652406649999999999e+01 -1.652192080000000018e+01 -1.651978480000000005e+01 -1.651765839999999841e+01 -1.651554159999999882e+01 -1.651343449999999891e+01 -1.651133700000000104e+01 -1.650924900000000051e+01 -1.650717059999999847e+01 -1.650510179999999849e+01 -1.650304260000000056e+01 -1.650099279999999879e+01 -1.649895259999999908e+01
-1.768882380000000154e+01 -1.768703400000000059e+01 -1.768525310000000061e+01 -1.768348110000000162e+01 -1.768171800000000005e+01 -1.767996369999999828e+01 -1.767821819999999988e+01 -1.767648140000000012e+01 -1.767475340000000017e+01 -1.767303390000000007e+01 -1.767132309999999862e+01 -1.766962090000000174e+01 -1.766792720000000116e+01 -1.766624189999999928e+01 -1.766456510000000080e+01 -1.766289670000000100e+01 -1.766123669999999990e+01 -1.765958489999999870e+01 -1.765794139999999857e+01 -1.765630609999999834e+01 -1.765467890000000040e+01 -1.765305989999999881e+01 -1.765144899999999950e+01 -1.764984610000000131e+01 -1.764825120000000069e+01 -1.764666420000000002e+01 -1.764508509999999930e+01 -1.764351389999999853e+01 -1.764195050000000009e+01 -1.764039490000000043e+01 -1.763884699999999839e+01 -1.763730669999999989e+01 -1.763577409999999901e+01 -1.763424910000000168e+01 -1.763273170000000079e+01 -1.763122170000000111e+01 -1.762971930000000143e+01 -1.762822419999999823e+01 -1.762673649999999981e+01 -1.762525619999999904e+01 -1.762378319999999832e+01 -1.762231740000000002e+01 -1.762085880000000060e+01 -1.761940740000000005e+01 -1.761796310000000076e+01 -1.761652600000000035e+01 -1.761509590000000003e+01 -1.761367279999999980e+01 -1.761225659999999849e+01 -1.761084740000000082e+01
-1.938127640000000085e+01 -1.937833290000000019e+01 -1.937540219999999991e+01 -1.937248400000000004e+01 -1.936957819999999941e+01 -1.936668489999999920e+01 -1.936380390000000062e+01 -1.936093520000000012e+01 -1.935807870000000008e+01 -1.935523420000000172e+01 -1.935240190000000027e+01 -1.934958149999999932e+01 -1.934677310000000006e+01 -1.934397660000000130e+01 -1.934119199999999950e+01 -1.933841909999999942e+01 -1.933565809999999985e+01 -1.933290870000000083e+01 -1.933017110000000116e+01 -1.932744509999999849e+01 -1.932473069999999993e+01 -1.932202789999999837e+01 -1.931933670000000092e+01 -1.931665699999999930e+01 -1.931398880000000062e+01 -1.931133210000000133e+01 -1.930868680000000026e+01 -1.930605299999999858e+01 -1.930343059999999866e+01 -1.930081960000000052e+01 -1.929821989999999943e+01 -1.929563160000000011e+01 -1.929305469999999900e+01 -1.929048900000000089e+01 -1.928793470000000099e+01 -1.928539160000000052e+01 -1.928285989999999828e+01 -1.928033930000000140e+01 -1.927783000000000158e+01 -1.927533190000000118e+01 -1.927284500000000023e+01 -1.927036939999999987e+01 -1.926790480000000017e+01 -1.926545150000000106e+01 -1.926300919999999905e+01 -1.926057810000000003e+01 -1.925815809999999928e+01 -1.925574920000000034e+01 -1.925335129999999850e+01 -1.925096449999999848e+01
-2.041108559999999983e+01 -2.040901230000000055e+01 -2.040694949999999963e+01 -2.040489690000000067e+01 -2.040285469999999890e+01 -2.040082269999999909e+01 -2.039880080000000007e+01 -2.039678920000000062e+01 -2.039478760000000079e+01 -2.039279610000000176e+01 -2.039081459999999879e+01 -2.038884300000000138e+01 -2.038688140000000004e+01 -2.038492959999999954e+01 -2.038298759999999987e+01 -2.038105540000000104e+01 -2.037913289999999833e+01 -2.037722009999999884e+01 -2.037531680000000023e+01 -2.037342320000000129e+01 -2.037153899999999851e+01 -2.036966430000000017e+01 -2.036779909999999916e+01 -2.036594309999999908e+01 -2.036409649999999871e+01 -2.036225920000000045e+01 -2.036043109999999956e+01 -2.035861209999999843e+01 -2.035680229999999824e+01 -2.035500150000000019e+01 -2.035320979999999835e+01 -2.035142700000000104e+01 -2.034965310000000116e+01 -2.034788809999999870e+01 -2.034613189999999960e+01 -2.034438450000000032e+01 -2.034264590000000084e+01 -2.034091589999999883e+01 -2.033919450000000140e+01 -2.033748170000000144e+01 -2.033577740000000134e+01 -2.033408160000000109e+01 -2.033239430000000070e+01 -2.033071530000000138e+01 -2.032904470000000074e+01 -2.032738240000000118e+01 -2.032572839999999914e+01 -2.032408249999999938e+01 -2.032244479999999953e+01 -2.032081529999999958e+01
-2.215157089999999940e+01 -2.214819860000000062e+01 -2.214484089999999838e+01 -2.214149769999999862e+01 -2.213816900000000132e+01 -2.213485449999999943e+01 -2.213155430000000123e+01 -2.212826829999999845e+01 -2.212499619999999823e+01 -2.212173810000000174e+01 -2.211849390000000071e+01 -2.211526350000000107e+01 -2.211204680000000167e+01 -2.210884379999999894e+01 -2.210565430000000120e+01 -2.210247839999999897e+01 -2.209931600000000174e+01 -2.209616700000000122e+01 -2.209303140000000099e+01 -2.208990909999999985e+01 -2.208680019999999899e+01 -2.208370439999999846e+01 -2.208062190000000058e+01 -2.207755249999999947e+01 -2.207449629999999985e+01 -2.207145320000000055e+01 -2.206842310000000040e+01 -2.206540610000000058e+01 -2.206240209999999990e+01 -2.205941109999999838e+01 -2.205643299999999840e+01 -2.205346790000000112e+01 -2.205051569999999828e+01 -2.204757640000000052e+01 -2.204464989999999958e+01 -2.204173630000000017e+01 -2.203883550000000113e+01 -2.203594749999999891e+01 -2.203307230000000061e+01 -2.203020989999999912e+01 -2.202736020000000039e+01 -2.202452320000000086e+01 -2.202169890000000052e+01 -2.201888740000000055e+01 -2.201608849999999862e+01 -2.201330219999999827e+01 -2.201052860000000067e+01 -2.200776760000000110e+01 -2.200501919999999956e+01 -2.200228339999999960e+01
-2.313258210000000048e+01 -2.313022219999999862e+01 -2.312787420000000083e+01 -2.312553790000000120e+01 -2.312321340000000092e+01 -2.312090050000000119e+01 -2.311859919999999846e+01 -2.311630949999999984e+01 -2.311403130000000061e+01 -2.311176460000000077e+01 -2.310950929999999914e+01 -2.310726539999999929e+01 -2.310503269999999887e+01 -2.310281129999999905e+01 -2.310060109999999867e+01 -2.309840210000000127e+01 -2.309621410000000097e+01 -2.309403719999999893e+01 -2.309187130000000110e+01 -2.308971629999999919e+01 -2.308757220000000032e+01 -2.308543889999999976e+01 -2.308331640000000107e+01 -2.308120459999999952e+01 -2.307910349999999866e+01 -2.307701289999999972e+01 -2.307493300000000147e+01 -2.307286350000000041e+01 -2.307080440000000010e+01 -2.306875580000000170e+01 -2.306671749999999932e+01 -2.306468950000000007e+01 -2.306267169999999922e+01 -2.306066399999999916e+01 -2.305866650000000107e+01 -2.305667910000000020e+01 -2.305470160000000135e+01 -2.305273419999999973e+01 -2.305077659999999895e+01 -2.304882890000000017e+01 -2.304689090000000107e+01 -2.304496280000000041e+01 -2.304304429999999826e+01 -2.304113540000000171e+01 -2.303923620000000128e+01 -2.303734650000000173e+01 -2.303546619999999834e+01 -2.303359539999999939e+01 -2.303173400000000015e+01 -2.302988200000000063e+01
-2.492142229999999969e+01 -2.491761740000000103e+01 -2.491382919999999856e+01 -2.491005759999999825e+01 -2.490630249999999890e+01 -2.490256370000000175e+01 -2.489884109999999851e+01 -2.489513459999999867e+01 -2.489144410000000107e+01 -2.488776939999999982e+01 -2.488411040000000085e+01 -2.488046719999999823e+01 -2.487683940000000149e+01 -2.487322719999999876e+01 -2.486963030000000074e+01 -2.486604880000000151e+01 -2.486248249999999871e+01 -2.485893139999999946e+01 -2.485539539999999903e+01 -2.485187439999999981e+01 -2.484836839999999825e+01 -2.484487730000000028e+01 -2.484140109999999879e+01 -2.483793980000000090e+01 -2.483449320000000071e+01 -2.483106129999999823e+01 -2.482764420000000172e+01 -2.482424170000000174e+01 -2.482085379999999830e+01 -2.481748049999999850e+01 -2.481412170000000117e+01 -2.481077739999999920e+01 -2.480744770000000088e+01 -2.480413240000000030e+01 -2.480083150000000103e+01 -2.479754499999999950e+01 -2.479427280000000167e+01 -2.479101509999999919e+01 -2.478777159999999924e+01 -2.478454239999999942e+01 -2.478132749999999973e+01 -2.477812690000000018e+01 -2.477494049999999959e+01 -2.477176820000000035e+01 -2.476861020000000124e+01 -2.476546629999999993e+01 -2.476233660000000114e+01 -2.475922100000000015e+01 -2.475611950000000050e+01 -2.475303200000000103e+01
-2.585284300000000002e+01 -2.585019289999999970e+01 -2.584755600000000086e+01 -2.584493229999999997e+01 -2.584232180000000056e+01 -2.583972430000000031e+01 -2.583713990000000038e+01 -2.583456849999999960e+01 -2.583201000000000036e+01 -2.582946439999999910e+01 -2.582693150000000060e+01 -2.582441150000000007e+01 -2.582190419999999875e+01 -2.581940949999999901e+01 -2.581692740000000086e+01 -2.581445790000000073e+01 -2.581200090000000102e+01 -2.580955630000000056e+01 -2.580712400000000173e+01 -2.580470409999999859e+01 -2.580229639999999947e+01 -2.579990099999999842e+01 -2.579751759999999905e+01 -2.579514640000000014e+01 -2.579278719999999936e+01 -2.579043989999999908e+01 -2.578810460000000049e+01 -2.578578110000000123e+01 -2.578346940000000131e+01 -2.578116939999999957e+01 -2.577888109999999955e+01 -2.577660450000000125e+01 -2.577433939999999879e+01 -2.577208570000000165e+01 -2.576984360000000152e+01 -2.576761279999999843e+01 -2.576539329999999950e+01 -2.576318510000000117e+01 -2.576098809999999872e+01 -2.575880220000000165e+01 -2.575662750000000045e+01 -2.575446369999999874e+01 -2.575231099999999884e+01 -2.575016910000000081e+01 -2.574803819999999988e+01 -2.574591799999999964e+01 -2.574380860000000126e+01 -2.574170990000000003e+01 -2.573962179999999833e+01 -2.573754429999999971e+01
-2.769129189999999952e+01 -2.768704950000000053e+01 -2.768282620000000094e+01 -2.767862179999999839e+01 -2.767443600000000004e+01 -2.767026879999999878e+01 -2.766611990000000176e+01 -2.766198909999999955e+01 -2.765787639999999925e+01 -2.765378159999999852e+01 -2.764970459999999974e+01 -2.764564509999999942e+01 -2.764160319999999871e+01 -2.763757869999999883e+01 -2.763357140000000101e+01 -2.762958130000000168e+01 -2.762560829999999967e+01 -2.762165219999999977e+01 -2.761771309999999957e+01 -2.761379080000000030e+01 -2.760988520000000079e+01 -2.760599619999999987e+01 -2.760212389999999871e+01 -2.759826800000000091e+01 -2.759442870000000170e+01 -2.759060570000000112e+01 -2.758679899999999918e+01 -2.758300870000000060e+01 -2.757923449999999832e+01 -2.757547659999999823e+01 -2.757173480000000154e+01 -2.756800910000000115e+01 -2.756429939999999945e+01 -2.756060580000000115e+01 -2.755692810000000037e+01 -2.755326639999999827e+01 -2.754962049999999962e+01 -2.754599059999999966e+01 -2.754237649999999960e+01 -2.753877809999999826e+01 -2.753519560000000155e+01 -2.753162880000000001e+01 -2.752807779999999838e+01 -2.752454240000000141e+01 -2.752102269999999962e+01 -2.751751859999999894e+01 -2.751403020000000055e+01 -2.751055729999999855e+01 -2.750710000000000122e+01 -2.750365830000000145e+01
-2.857233120000000071e+01 -2.856938710000000015e+01 -2.856645770000000084e+01 -2.856354290000000162e+01 -2.856064260000000132e+01 -2.855775679999999994e+01 -2.855488550000000103e+01 -2.855202859999999987e+01 -2.854918599999999884e+01 -2.854635770000000150e+01 -2.854354359999999957e+01 -2.854074370000000016e+01 -2.853795789999999855e+01 -2.853518610000000066e+01 -2.853242840000000058e+01 -2.852968449999999834e+01 -2.852695459999999983e+01 -2.852423849999999916e+01 -2.852153609999999873e+01 -2.851884749999999968e+01 -2.851617249999999970e+01 -2.851351100000000116e+01 -2.851086310000000168e+01 -2.850822859999999892e+01 -2.850560760000000116e+01 -2.850299980000000133e+01 -2.850040539999999822e+01 -2.849782409999999899e+01 -2.849525600000000125e+01 -2.849270100000000028e+01 -2.849015899999999846e+01 -2.848762999999999934e+01 -2.848511390000000176e+01 -2.848261060000000100e+01 -2.848012010000000060e+01 -2.847764229999999941e+01 -2.847517720000000097e+01 -2.847272459999999938e+01 -2.847028459999999939e+01 -2.846785699999999864e+01 -2.846544189999999830e+01 -2.846303899999999842e+01 -2.846064850000000135e+01 -2.845827020000000118e+01 -2.845590400000000031e+01 -2.845354989999999873e+01 -2.845120790000000000e+01 -2.844887780000000177e+01 -2.844655970000000167e+01 -2.844425340000000091e+01
-3.046045120000000139e+01 -3.045576420000000084e+01 -3.045109880000000047e+01 -3.044645470000000032e+01 -3.044183179999999922e+01 -3.043722989999999839e+01 -3.043264860000000027e+01 -3.042808790000000130e+01 -3.042354740000000035e+01 -3.041902710000000098e+01 -3.041452669999999969e+01 -3.041004609999999886e+01 -3.040558509999999970e+01 -3.040114349999999988e+01 -3.039672129999999939e+01 -3.039231829999999945e+01 -3.038793430000000129e+01 -3.038356930000000133e+01 -3.037922310000000081e+01 -3.037489550000000094e+01 -3.037058659999999932e+01 -3.036629609999999957e+01 -3.036202409999999929e+01 -3.035777029999999854e+01 -3.035353479999999848e+01 -3.034931740000000033e+01 -3.034511810000000054e+01 -3.034093670000000031e+01 -3.033677330000000083e+01 -3.033262769999999975e+01 -3.032849990000000062e+01 -3.032438989999999990e+01 -3.032029749999999879e+01 -3.031622270000000086e+01 -3.031216549999999899e+01 -3.030812590000000029e+01 -3.030410360000000125e+01 -3.030009889999999828e+01 -3.029611140000000091e+01 -3.029214139999999844e+01 -3.028818860000000157e+01 -3.028425310000000081e+01 -3.028033489999999972e+01 -3.027643379999999951e+01 -3.027254990000000134e+01 -3.026868310000000051e+01 -3.026483340000000055e+01 -3.026100070000000031e+01 -3.025718510000000094e+01 -3.025338650000000129e+01
2.720275979999999905e+01 2.720008909999999958e+01 2.719743180000000038e+01 2.719478799999999907e+01 2.719215750000000043e+01 2.718954019999999971e+01 2.718693620000000166e+01 2.718434540000000155e+01 2.718176760000000058e+01 2.717920289999999994e+01 2.717665119999999845e+01 2.717411249999999967e+01 2.717158660000000125e+01 2.716907360000000082e+01 2.716657329999999959e+01 2.716408570000000111e+01 2.716161070000000066e+01 2.715914839999999941e+01 2.715669850000000096e+01 2.715426109999999937e+01 2.715183620000000175e+01 2.714942350000000104e+01 2.714702319999999958e+01 2.714463509999999857e+01 2.714225910000000042e+01 2.713989529999999917e+01 2.713754349999999960e+01 2.713520360000000053e+01 2.713287569999999960e+01 2.713055969999999917e+01 2.712825550000000163e+01 2.712596299999999871e+01 2.712368220000000107e+01 2.712141310000000161e+01 2.711915550000000152e+01 2.711690940000000083e+01 2.711467479999999952e+01 2.711245159999999998e+01 2.711023970000000105e+01 2.710803909999999917e+01 2.710584980000000144e+01 2.710367159999999842e+01 2.710150450000000077e+01 2.709934840000000023e+01 2.709720340000000149e+01 2.709506929999999869e+01 2.709294609999999892e+01 2.709083370000000102e+01 2.708873210000000142e+01 2.708664119999999897e+01
2.916121430000000103e+01 2.915657549999999887e+01 2.915195939999999908e+01 2.914736549999999937e+01 2.914279360000000096e+01 2.913824340000000035e+01 2.913371449999999996e+01 2.912920670000000101e+01 2.912471980000000116e+01 2.912025350000000046e+01 2.911580740000000134e+01 2.911138160000000141e+01 2.910697559999999839e+01 2.910258930000000177e+01 2.909822249999999855e+01 2.909387500000000060e+01 2.908954659999999848e+01 2.908523720000000168e+01 2.908094660000000076e+01 2.907667470000000165e+01 2.907242120000000085e+01 2.906818609999999836e+01 2.906396930000000012e+01 2.905977049999999906e+01 2.905681999999999832e+01 2.905265539999999902e+01 2.904850860000000168e+01 2.904437940000000040e+01 2.904026789999999991e+01 2.903617380000000026e+01 2.903209710000000143e+01 2.902803779999999989e+01 2.902399570000000040e+01 2.901997079999999940e+01 2.901596299999999928e+01 2.901197230000000005e+01 2.900799849999999935e+01 2.900404169999999837e+01 2.900010169999999832e+01 2.899617860000000036e+01 2.899227219999999861e+01 2.898838250000000016e+01 2.898450959999999910e+01 2.898065319999999900e+01 2.897681349999999867e+01 2.897299029999999931e+01 2.896918360000000092e+01 2.896539339999999996e+01 2.896161969999999997e+01 2.895786239999999978e+01
2.448743389999999920e+01 2.448504229999999993e+01 2.448266279999999995e+01 2.448029530000000165e+01 2.447793970000000030e+01 2.447559610000000063e+01 2.447326419999999914e+01 2.447094420000000170e+01 2.446863589999999888e+01 2.446633930000000134e+01 2.446405430000000081e+01 2.446178090000000083e+01 2.445951900000000023e+01 2.445726850000000141e+01 2.445502949999999842e+01 2.445280179999999959e+01 2.445058540000000136e+01 2.444838019999999901e+01 2.444618619999999964e+01 2.444400329999999855e+01 2.444183149999999927e+01 2.443967070000000064e+01 2.443752080000000149e+01 2.443538189999999943e+01 2.443325379999999925e+01 2.443113650000000092e+01 2.442902989999999974e+01 2.442693399999999926e+01 2.442484869999999830e+01 2.442277400000000043e+01 2.442070980000000091e+01 2.441865599999999858e+01 2.441661260000000055e+01 2.441457959999999972e+01 2.441255689999999845e+01 2.441054439999999914e+01 2.440854209999999824e+01 2.440654999999999930e+01 2.440456789999999998e+01 2.440259580000000028e+01 2.440063370000000020e+01 2.439868159999999975e+01 2.439673930000000013e+01 2.439480680000000135e+01 2.439288409999999985e+01 2.439097110000000157e+01 2.438906769999999824e+01 2.438717400000000168e+01 2.438528990000000007e+01 2.438341529999999935e+01
2.638659000000000177e+01 2.638241139999999874e+01 2.637825240000000093e+01 2.637411290000000008e+01 2.636999259999999978e+01 2.636589109999999891e+01 2.636180840000000103e+01 2.635774419999999907e+01 2.635369830000000135e+01 2.634967049999999844e+01 2.634566059999999865e+01 2.634166850000000082e+01 2.633769390000000143e+01 2.633373680000000050e+01 2.632979690000000161e+01 2.632587410000000006e+01 2.632196830000000176e+01 2.631807939999999846e+01 2.631420719999999847e+01 2.631035169999999823e+01 2.630651269999999897e+01 2.630268999999999835e+01 2.629888370000000108e+01 2.629624400000000151e+01 2.629246849999999824e+01 2.628870900000000077e+01 2.628496549999999843e+01 2.628123799999999832e+01 2.627752620000000050e+01 2.627383019999999902e+01 2.627015000000000100e+01 2.626648529999999937e+01 2.626283630000000002e+01 2.625920280000000062e+01 2.625558480000000117e+01 2.625198220000000049e+01 2.624839499999999859e+01 2.624482319999999902e+01 2.624126659999999944e+01 2.623772539999999864e+01 2.623419940000000139e+01 2.623068849999999941e+01 2.622719289999999859e+01 2.622371240000000014e+01 2.622024700000000053e+01 2.621679659999999856e+01 2.621336140000000015e+01 2.620994110000000177e+01 2.620653589999999866e+01 2.620314559999999915e+01
2.177108750000000015e+01 2.176897149999999925e+01 2.176686619999999905e+01 2.176477159999999955e+01 2.176268740000000079e+01 2.176061380000000156e+01 2.175855070000000069e+01 2.175649800000000056e+01 2.175445560000000000e+01 2.175242360000000019e+01 2.175040179999999879e+01 2.174839019999999934e+01 2.174638870000000068e+01 2.174439740000000043e+01 2.174241609999999980e+01 2.174044479999999879e+01 2.173848339999999979e+01 2.173653200000000041e+01 2.173459039999999831e+01 2.173265860000000060e+01 2.173073649999999901e+01 2.172882410000000064e+01 2.172692139999999839e+01 2.172502820000000057e+01 2.172314460000000125e+01 2.172127040000000164e+01 2.171940569999999937e+01 2.171755040000000037e+01 2.171570439999999991e+01 2.171386770000000155e+01 2.171204020000000057e+01 2.171022190000000052e+01 2.170841280000000140e+01 2.170661270000000087e+01 2.170482159999999894e+01 2.170303960000000032e+01 2.170126640000000151e+01 2.169950220000000130e+01 2.169774680000000089e+01 2.169600020000000029e+01 2.169426229999999833e+01 2.169253319999999974e+01 2.169081260000000100e+01 2.168910070000000090e+01 2.168739739999999827e+01 2.168570259999999905e+01 2.168401619999999852e+01 2.168233830000000140e+01 2.168066879999999941e+01 2.167900759999999849e+01
2.361121610000000004e+01 2.360749099999999956e+01 2.360378299999999996e+01 2.360009180000000129e+01 2.359641739999999999e+01 2.359275960000000083e+01 2.358911810000000031e+01 2.358549280000000081e+01 2.358188350000000000e+01 2.357829010000000025e+01 2.357471239999999923e+01 2.357115040000000050e+01 2.356760380000000055e+01 2.356407250000000175e+01 2.356055650000000057e+01 2.355705560000000176e+01 2.355356970000000061e+01 2.355009869999999950e+01 2.354664250000000081e+01 2.354320110000000099e+01 2.353977430000000126e+01 2.353636210000000162e+01 2.353403379999999956e+01 2.353064910000000154e+01 2.352727889999999888e+01 2.352392289999999875e+01 2.352058110000000113e+01 2.351725360000000009e+01 2.351394020000000040e+01 2.351064080000000089e+01 2.350735549999999918e+01 2.350408429999999882e+01 2.350082689999999985e+01 2.349758350000000107e+01 2.349435390000000012e+01 2.349113820000000175e+01 2.348793630000000121e+01 2.348474819999999852e+01 2.348157379999999961e+01 2.347841310000000092e+01 2.347526620000000008e+01 2.347213280000000069e+01 2.346901319999999913e+01 2.346590709999999902e+01 2.346281469999999914e+01 2.345973580000000069e+01 2.345667040000000014e+01 2.345361859999999865e+01 2.345058029999999860e+01 2.344755539999999883e+01
1.905330640000000031e+01 1.905146290000000064e+01 1.904962880000000069e+01 1.904780380000000051e+01 1.904598800000000125e+01 1.904418139999999937e+01 1.904238379999999964e+01 1.904059529999999967e+01 1.903881579999999829e+01 1.903704520000000144e+01 1.903528349999999847e+01 1.903353059999999886e+01 1.903178660000000022e+01 1.903005130000000023e+01 1.902832469999999887e+01 1.902660669999999854e+01 1.902489740000000040e+01 1.902319669999999974e+01 1.902150449999999893e+01 1.901982070000000036e+01 1.901814540000000164e+01 1.901647840000000045e+01 1.901481980000000149e+01 1.901316950000000006e+01 1.901152739999999852e+01 1.900989350000000044e+01 1.900826779999999872e+01 1.900665019999999927e+01 1.900504060000000095e+01 1.900343910000000136e+01 1.900184550000000172e+01 1.900025979999999848e+01 1.899868209999999991e+01 1.899711209999999895e+01 1.899555000000000149e+01 1.899399560000000164e+01 1.899244889999999941e+01 1.899090989999999834e+01 1.898937850000000083e+01 1.898785469999999975e+01 1.898633849999999867e+01 1.898482969999999881e+01 1.898332849999999894e+01 1.898183459999999911e+01 1.898034810000000050e+01 1.897886889999999838e+01 1.897739710000000102e+01 1.897593249999999898e+01 1.897447520000000054e+01 1.897302499999999981e+01
2.083570909999999898e+01 2.083243249999999946e+01 2.082917060000000120e+01 2.082592340000000064e+01 2.082269060000000138e+01 2.081947209999999870e+01 2.081626779999999854e+01 2.081307759999999973e+01 2.080990119999999877e+01 2.080673870000000036e+01 2.080358989999999864e+01 2.080045459999999835e+01 2.079733290000000068e+01 2.079422449999999856e+01 2.079112939999999909e+01 2.078804759999999874e+01 2.078497889999999870e+01 2.078192320000000137e+01 2.077888049999999964e+01 2.077585080000000062e+01 2.077283389999999841e+01 2.077081289999999925e+01 2.076782030000000034e+01 2.076484040000000064e+01 2.076187320000000014e+01 2.075891850000000005e+01 2.075597640000000155e+01 2.075304679999999991e+01 2.075012969999999868e+01 2.074722500000000025e+01 2.074433270000000107e+01 2.074145280000000113e+01 2.073858519999999928e+01 2.073572989999999905e+01 2.073288690000000045e+01 2.073005609999999876e+01 2.072723759999999871e+01 2.072443120000000150e+01 2.072163709999999881e+01 2.071885500000000135e+01 2.071608519999999842e+01 2.071332740000000072e+01 2.071058169999999876e+01 2.070784809999999965e+01 2.070512649999999866e+01 2.070241700000000051e+01 2.069971950000000049e+01 2.069703409999999977e+01 2.069436049999999838e+01 2.069169899999999984e+01
1.633482670000000070e+01 1.633325260000000156e+01 1.633168639999999883e+01 1.633012799999999842e+01 1.632857740000000035e+01 1.632703449999999989e+01 1.632549940000000177e+01 1.632397200000000126e+01 1.632245220000000074e+01 1.632094000000000023e+01 1.631943529999999853e+01 1.631793820000000039e+01 1.631644860000000108e+01 1.631496629999999826e+01 1.631349150000000137e+01 1.631202400000000097e+01 1.631056380000000061e+01 1.630911090000000030e+01 1.630766519999999886e+01 1.630622669999999985e+01 1.630479529999999855e+01 1.630337109999999967e+01 1.630195390000000089e+01 1.630054369999999864e+01 1.629914050000000003e+01 1.629774420000000035e+01 1.629635479999999959e+01 1.629497230000000130e+01 1.629359660000000076e+01 1.629222770000000153e+01 1.629086560000000006e+01 1.628951010000000110e+01 1.628816139999999990e+01 1.628681920000000005e+01 1.628548370000000034e+01 1.628415469999999843e+01 1.628283220000000142e+01 1.628151619999999866e+01 1.628020659999999964e+01 1.627890349999999842e+01 1.627760669999999976e+01 1.627631630000000129e+01 1.627503219999999828e+01 1.627375430000000023e+01 1.627248270000000119e+01 1.627121729999999999e+01 1.626995799999999903e+01 1.626870489999999947e+01 1.626745790000000014e+01 1.626621700000000104e+01
1.805983649999999940e+01 1.805700399999999917e+01 1.805418410000000051e+01 1.805137660000000110e+01 1.804858150000000094e+01 1.804579860000000124e+01 1.804302789999999845e+01 1.804026909999999972e+01 1.803752240000000029e+01 1.803478739999999902e+01 1.803206420000000065e+01 1.802935270000000045e+01 1.802665280000000081e+01 1.802396440000000055e+01 1.802128739999999851e+01 1.801862189999999941e+01 1.801596759999999975e+01 1.801332469999999830e+01 1.801069289999999867e+01 1.800807229999999848e+01 1.800635249999999843e+01 1.800375299999999967e+01 1.800116459999999918e+01 1.799858719999999934e+01 1.799602069999999898e+01 1.799346510000000166e+01 1.799092050000000143e+01 1.798838659999999834e+01 1.798586359999999829e+01 1.798335140000000010e+01 1.798085000000000022e+01 1.797835930000000104e+01 1.797587929999999901e+01 1.797341009999999883e+01 1.797095150000000174e+01 1.796850350000000063e+01 1.796606620000000021e+01 1.796363960000000048e+01 1.796122349999999912e+01 1.795881800000000084e+01 1.795642309999999853e+01 1.795403870000000168e+01 1.795166479999999964e+01 1.794930150000000069e+01 1.794694870000000009e+01 1.794460640000000140e+01 1.794227449999999990e+01 1.793995320000000149e+01 1.793764219999999909e+01 1.793534169999999861e+01
1.361571739999999942e+01 1.361440990000000006e+01 1.361310890000000029e+01 1.361181430000000070e+01 1.361052630000000008e+01 1.360924460000000025e+01 1.360796930000000060e+01 1.360670039999999936e+01 1.360543780000000069e+01 1.360418149999999926e+01 1.360293139999999923e+01 1.360168750000000060e+01 1.360044970000000042e+01 1.359921819999999926e+01 1.359799270000000071e+01 1.359677319999999945e+01 1.359555980000000019e+01 1.359435240000000000e+01 1.359315100000000065e+01 1.359195549999999919e+01 1.359076579999999979e+01 1.358958209999999944e+01 1.358840409999999999e+01 1.358723190000000081e+01 1.358606550000000013e+01 1.358490480000000034e+01 1.358374979999999965e+01 1.358260040000000046e+01 1.358145670000000038e+01 1.358031850000000063e+01 1.357918590000000059e+01 1.357805880000000087e+01 1.357693719999999971e+01 1.357582110000000064e+01 1.357471040000000073e+01 1.357360500000000059e+01 1.357250510000000077e+01 1.357141050000000071e+01 1.357032109999999925e+01 1.356923710000000050e+01 1.356815830000000034e+01 1.356708470000000055e+01 1.356601629999999936e+01 1.356495310000000032e+01 1.356389500000000048e+01 1.356284199999999984e+01 1.356179400000000079e+01 1.356075109999999917e+01 1.355971330000000030e+01 1.355868040000000008e+01
1.528395399999999960e+01 1.528156270000000028e+01 1.527918179999999992e+01 1.527681139999999971e+01 1.527445140000000023e+01 1.527210159999999917e+01 1.526976190000000067e+01 1.526743240000000057e+01 1.526511280000000070e+01 1.526280320000000046e+01 1.526050339999999927e+01 1.525821350000000010e+01 1.525593330000000059e+01 1.525366280000000074e+01 1.525140200000000057e+01 1.524915080000000067e+01 1.524690909999999988e+01 1.524467689999999997e+01 1.524245419999999918e+01 1.524103350000000034e+01 1.523882869999999912e+01 1.523663319999999999e+01 1.523444710000000057e+01 1.523227029999999971e+01 1.523010279999999916e+01 1.522794449999999955e+01 1.522579540000000087e+01 1.522365549999999956e+01 1.522152479999999919e+01 1.521940320000000035e+01 1.521729080000000067e+01 1.521518739999999958e+01 1.521309319999999943e+01 1.521100810000000081e+01 1.520893200000000078e+01 1.520686489999999935e+01 1.520480689999999946e+01 1.520275799999999933e+01 1.520071800000000017e+01 1.519868699999999961e+01 1.519666499999999942e+01 1.519465190000000021e+01 1.519264779999999959e+01 1.519065269999999934e+01 1.518866650000000007e+01 1.518668920000000000e+01 1.518472079999999913e+01 1.518276129999999924e+01 1.518081059999999916e+01 1.517886889999999944e+01
1.089609609999999940e+01 1.089505280000000020e+01 1.089401480000000078e+01 1.089298190000000055e+01 1.089195420000000070e+01 1.089093150000000065e+01 1.088991399999999921e+01 1.088890139999999995e+01 1.088789389999999990e+01 1.088689130000000027e+01 1.088589379999999984e+01 1.088490110000000044e+01 1.088391329999999968e+01 1.088293039999999934e+01 1.088195239999999941e+01 1.088097909999999935e+01 1.088001060000000031e+01 1.087904690000000052e+01 1.087808790000000059e+01 1.087713360000000051e+01 1.087618389999999913e+01 1.087523889999999938e+01 1.087429859999999948e+01 1.087336269999999949e+01 1.087243149999999936e+01 1.087150480000000030e+01 1.087058260000000054e+01 1.086966480000000068e+01 1.086875150000000012e+01 1.086784259999999946e+01 1.086693819999999988e+01 1.086603799999999964e+01 1.086514230000000047e+01 1.086425080000000065e+01 1.086336370000000073e+01 1.086248080000000016e+01 1.086160220000000010e+01 1.086072769999999998e+01 1.085985750000000039e+01 1.085899150000000013e+01 1.085812959999999983e+01 1.085727179999999947e+01 1.085641810000000085e+01 1.085556850000000040e+01 1.085472299999999990e+01 1.085388149999999996e+01 1.085304400000000058e+01 1.085221049999999998e+01 1.085138099999999994e+01 1.085055550000000046e+01
1.250770460000000028e+01 1.250575139999999941e+01 1.250380679999999955e+01 1.250187060000000017e+01 1.249994279999999947e+01 1.249802339999999923e+01 1.249611220000000067e+01 1.249420920000000024e+01 1.249231430000000032e+01 1.249042760000000030e+01 1.248854889999999962e+01 1.248667820000000006e+01 1.248481549999999984e+01 1.248296069999999958e+01 1.248111369999999987e+01 1.247927460000000011e+01 1.247744329999999913e+01 1.247561980000000048e+01 1.247449360000000063e+01 1.247268479999999968e+01 1.247088369999999991e+01 1.246909020000000012e+01 1.246730439999999973e+01 1.246552619999999933e+01 1.246375560000000071e+01 1.246199260000000031e+01 1.246023719999999990e+01 1.245848930000000010e+01 1.245674889999999913e+01 1.245501600000000053e+01 1.245329060000000077e+01 1.245157269999999983e+01 1.244986229999999949e+01 1.244815930000000037e+01 1.244646380000000008e+01 1.244477569999999922e+01 1.244309499999999957e+01 1.244142180000000053e+01 1.243975589999999976e+01 1.243809740000000019e+01 1.243644630000000006e+01 1.243480259999999937e+01 1.243316620000000050e+01 1.243153719999999929e+01 1.242991549999999989e+01 1.242830119999999994e+01 1.242669410000000063e+01 1.242509440000000076e+01 1.242350199999999916e+01 1.242191689999999937e+01
8.176041639999999333e+00 8.175260979999999122e+00 8.174484189999999373e+00 8.173711250000000206e+00 8.172942129999999139e+00 8.172176809999999847e+00 8.171415279999999726e+00 8.170657500000000795e+00 8.169903460000000450e+00 8.169153129999999763e+00 8.168406499999999681e+00 8.167663530000000449e+00 8.166924209999999462e+00 8.166188509999999567e+00 8.165456419999999937e+00 8.164727909999999866e+00 8.164002959999999476e+00 8.163281550000000664e+00 8.162563649999999171e+00 8.161849240000000449e+00 8.161138310000000118e+00 8.160430840000000074e+00 8.159726790000000562e+00 8.159026150000000754e+00 8.158328909999999823e+00 8.157635029999999787e+00 8.156944499999999820e+00 8.156257300000000043e+00 8.155573410000000578e+00 8.154892800000000719e+00 8.154215470000000465e+00 8.153541380000000061e+00 8.152870529999999505e+00 8.152202880000000818e+00 8.151538430000000446e+00 8.150877149999999460e+00 8.150219030000000586e+00 8.149564039999999565e+00 8.148912179999999950e+00 8.148263410000000206e+00 8.147617730000000336e+00 8.146975120000000459e+00 8.146335560000000697e+00 8.145699020000000345e+00 8.145065510000000231e+00 8.144434999999999647e+00 8.143807470000000492e+00 8.143182910000000163e+00 8.142561300000000557e+00 8.141942639999999898e+00
9.731390749999999201e+00 9.729873760000000260e+00 9.728363379999999339e+00 9.726859539999999527e+00 9.725362210000000118e+00 9.723871320000000651e+00 9.722386829999999591e+00 9.720908700000000735e+00 9.719436890000000773e+00 9.717971370000000775e+00 9.716512090000000157e+00 9.715059019999999990e+00 9.713612129999999567e+00 9.712171379999999132e+00 9.710736759999999634e+00 9.709308240000000367e+00 9.707885790000000625e+00 9.707052830000000299e+00 9.705641869999999116e+00 9.704236910000000549e+00 9.702837949999999267e+00 9.701444950000000844e+00 9.700057909999999950e+00 9.698676799999999432e+00 9.697301619999999289e+00 9.695932340000000593e+00 9.694568959999999791e+00 9.693211449999999729e+00 9.691859819999999459e+00 9.690514050000000879e+00 9.689174120000000556e+00 9.687840039999999320e+00 9.686511780000000016e+00 9.685189340000000868e+00 9.683872709999999273e+00 9.682561879999999732e+00 9.681256839999999642e+00 9.679957590000000778e+00 9.678664120000000537e+00 9.677376419999999868e+00 9.676094470000000669e+00 9.674818280000000215e+00 9.673547839999999454e+00 9.672283130000000284e+00 9.671024159999999981e+00 9.669770899999999614e+00 9.668523370000000838e+00 9.667281530000000345e+00 9.666045399999999788e+00 9.664814959999999289e+00
5.455594859999999713e+00 5.455075540000000167e+00 5.454558800000000041e+00 5.454044610000000404e+00 5.453532960000000429e+00 5.453023830000000238e+00 5.452517219999999831e+00 5.452013100000000279e+00 5.451511459999999865e+00 5.451012290000000426e+00 5.450515570000000309e+00 5.450021279999999635e+00 5.449529410000000240e+00 5.449039950000000410e+00 5.448552880000000265e+00 5.448068179999999927e+00 5.447585850000000285e+00 5.447105859999999744e+00 5.446628210000000081e+00 5.446152869999999702e+00 5.445679840000000382e+00 5.445209089999999641e+00 5.444740630000000081e+00 5.444274420000000170e+00 5.443810459999999907e+00 5.443348730000000302e+00 5.442889229999999579e+00 5.442431929999999696e+00 5.441976819999999826e+00 5.441523890000000030e+00 5.441073130000000369e+00 5.440624520000000075e+00 5.440178060000000038e+00 5.439733720000000439e+00 5.439291489999999563e+00 5.438851370000000074e+00 5.438413350000000257e+00 5.437977400000000294e+00 5.437543510000000246e+00 5.437111680000000113e+00 5.436681899999999956e+00 5.436254149999999896e+00 5.435828419999999994e+00 5.435404700000000311e+00 5.434982970000000080e+00 5.434563240000000128e+00 5.434145479999999750e+00 5.433729689999999835e+00 5.433315860000000441e+00 5.432903979999999855e+00
6.955087510000000250e+00 6.954005289999999562e+00 6.952927769999999619e+00 6.951854909999999776e+00 6.950786670000000278e+00 6.949723020000000417e+00 6.948663940000000316e+00 6.947609390000000218e+00 6.946559340000000304e+00 6.945513779999999748e+00 6.944472659999999742e+00 6.943435980000000285e+00 6.942403709999999784e+00 6.941375830000000136e+00 6.940352309999999747e+00 6.939333160000000333e+00 6.938793000000000433e+00 6.937782069999999912e+00 6.936775459999999782e+00 6.935773140000000225e+00 6.934775100000000414e+00 6.933781330000000409e+00 6.932791810000000332e+00 6.931806550000000122e+00 6.930825519999999962e+00 6.929848709999999912e+00 6.928876129999999911e+00 6.927907750000000142e+00 6.926943579999999656e+00 6.925983600000000351e+00 6.925027799999999623e+00 6.924076190000000075e+00 6.923128750000000053e+00 6.922185479999999558e+00 6.921246370000000425e+00 6.920311410000000052e+00 6.919380610000000154e+00 6.918453940000000024e+00 6.917531420000000431e+00 6.916613019999999779e+00 6.915698759999999723e+00 6.914788609999999558e+00 6.913882580000000111e+00 6.912980669999999606e+00 6.912082850000000001e+00 6.911189140000000286e+00 6.910299519999999696e+00 6.909413980000000066e+00 6.908532529999999561e+00 6.907655150000000077e+00
2.735129670000000068e+00 2.734870850000000075e+00 2.734613309999999853e+00 2.734357049999999845e+00 2.734102050000000173e+00 2.733848319999999887e+00 2.733595849999999938e+00 2.733344620000000003e+00 2.733094630000000080e+00 2.732845880000000172e+00 2.732598349999999954e+00 2.732352029999999932e+00 2.732106930000000045e+00 2.731863020000000031e+00 2.731620309999999829e+00 2.731378789999999945e+00 2.731138449999999995e+00 2.730899280000000040e+00 2.730661270000000140e+00 2.730424419999999852e+00 2.730188730000000064e+00 2.729954170000000069e+00 2.729720760000000190e+00 2.729488470000000166e+00 2.729257299999999997e+00 2.729027250000000127e+00 2.728798310000000171e+00 2.728570470000000192e+00 2.728343719999999806e+00 2.728118059999999900e+00 2.727893490000000032e+00 2.727669989999999878e+00 2.727447559999999882e+00 2.727226190000000106e+00 2.727005880000000104e+00 2.726786610000000000e+00 2.726568390000000175e+00 2.726351209999999803e+00 2.726135059999999832e+00 2.725919939999999819e+00 2.725705839999999824e+00 2.725492749999999909e+00 2.725280670000000072e+00 2.725069589999999931e+00 2.724859509999999929e+00 2.724650430000000068e+00 2.724442330000000023e+00 2.724235220000000179e+00 2.724029080000000214e+00 2.723823910000000126e+00
4.178730759999999655e+00 4.178082159999999767e+00 4.177436379999999616e+00 4.176793380000000333e+00 4.176153160000000142e+00 4.175515690000000113e+00 4.174880960000000307e+00 4.174248940000000019e+00 4.173619630000000136e+00 4.172992999999999952e+00 4.172369050000000357e+00 4.171747749999999755e+00 4.171129099999999923e+00 4.170513090000000034e+00 4.169899710000000148e+00 4.169652390000000430e+00 4.169043959999999771e+00 4.168438120000000247e+00 4.167834870000000080e+00 4.167234210000000161e+00 4.166636109999999782e+00 4.166040579999999771e+00 4.165447610000000189e+00 4.164857200000000148e+00 4.164269329999999769e+00 4.163683999999999941e+00 4.163101209999999774e+00 4.162520950000000219e+00 4.161943220000000387e+00 4.161368010000000339e+00 4.160795310000000136e+00 4.160225139999999655e+00 4.159657469999999968e+00 4.159092310000000126e+00 4.158529650000000188e+00 4.157969500000000096e+00 4.157411839999999970e+00 4.156856669999999809e+00 4.156303989999999615e+00 4.155753800000000275e+00 4.155206090000000074e+00 4.154660859999999900e+00 4.154118109999999753e+00 4.153577829999999693e+00 4.153040019999999721e+00 4.152504679999999837e+00 4.151971800000000101e+00 4.151441379999999626e+00 4.150913410000000248e+00 4.150387900000000130e+00
1.430899750000000012e-02 1.431012249999999951e-02 1.431125299999999947e-02 1.431238890000000041e-02 1.431353009999999926e-02 1.431467670000000081e-02 1.431582860000000026e-02 1.431698590000000069e-02 1.431814839999999943e-02 1.431931629999999914e-02 1.432048950000000022e-02 1.432166789999999960e-02 1.432285160000000036e-02 1.432404060000000076e-02 1.432523479999999946e-02 1.432643419999999994e-02 1.432763880000000045e-02 1.432884870000000060e-02 1.433006369999999946e-02 1.433128390000000009e-02 1.433250919999999942e-02 1.433373980000000013e-02 1.433497539999999994e-02 1.433621619999999978e-02 1.433746210000000007e-02 1.433871320000000039e-02 1.433996929999999982e-02 1.434123059999999929e-02 1.434249689999999959e-02 1.434376839999999993e-02 1.434504489999999938e-02 1.434632649999999926e-02 1.434761319999999958e-02 1.434890500000000034e-02 1.435020180000000020e-02 1.435150370000000050e-02 1.435281080000000084e-02 1.435412280000000068e-02 1.435544000000000056e-02 1.435676229999999914e-02 1.435808960000000030e-02 1.435942209999999976e-02 1.436075960000000006e-02 1.436210230000000039e-02 1.436345009999999943e-02 1.436480300000000064e-02 1.436616110000000016e-02 1.436752430000000011e-02 1.436889279999999970e-02 1.437026639999999973e-02
1.402547180000000004e+00 1.402331299999999947e+00 1.402116359999999951e+00 1.401902360000000014e+00 1.401689289999999977e+00 1.401477160000000000e+00 1.401265940000000043e+00 1.401055640000000047e+00 1.400846250000000071e+00 1.400637769999999893e+00 1.400430190000000019e+00 1.400223510000000005e+00 1.400017719999999910e+00 1.399812810000000018e+00 1.399859100000000023e+00 1.399655859999999974e+00 1.399453489999999967e+00 1.399251999999999940e+00 1.399051389999999895e+00 1.398851639999999952e+00 1.398652760000000050e+00 1.398454749999999969e+00 1.398257599999999989e+00 1.398061309999999891e+00 1.397865879999999894e+00 1.397671300000000061e+00 1.397477580000000108e+00 1.397284720000000036e+00 1.397092699999999965e+00 1.396901539999999997e+00 1.396711220000000031e+00 1.396521759999999945e+00 1.396333129999999922e+00 1.396145360000000002e+00 1.395958430000000083e+00 1.395772339999999945e+00 1.395587090000000030e+00 1.395402679999999895e+00 1.395219109999999985e+00 1.395036369999999915e+00 1.394854480000000008e+00 1.394673419999999942e+00 1.394493189999999938e+00 1.394313799999999937e+00 1.394135239999999998e+00 1.393957509999999900e+00 1.393780599999999925e+00 1.393604529999999952e+00 1.393429280000000103e+00 1.393254860000000095e+00
-2.706372149999999976e+00 -2.706110999999999933e+00 -2.705851130000000104e+00 -2.705592520000000167e+00 -2.705335170000000122e+00 -2.705079060000000091e+00 -2.704824209999999951e+00 -2.704570589999999886e+00 -2.704318189999999955e+00 -2.704067020000000099e+00 -2.703817059999999994e+00 -2.703568310000000086e+00 -2.703320759999999989e+00 -2.703074389999999827e+00 -2.702829209999999982e+00 -2.702585210000000071e+00 -2.702342370000000216e+00 -2.702100699999999911e+00 -2.701860180000000167e+00 -2.701620800000000155e+00 -2.701382569999999816e+00 -2.701145470000000159e+00 -2.700909489999999913e+00 -2.700674629999999965e+00 -2.700440889999999872e+00 -2.700208250000000199e+00 -2.699976700000000118e+00 -2.699746250000000014e+00 -2.699516880000000008e+00 -2.699288590000000099e+00 -2.699061369999999904e+00 -2.698835219999999868e+00 -2.698610120000000112e+00 -2.698386080000000131e+00 -2.698163080000000047e+00 -2.697941119999999859e+00 -2.697720190000000073e+00 -2.697500289999999801e+00 -2.697281419999999930e+00 -2.697063550000000198e+00 -2.696846700000000041e+00 -2.696630850000000024e+00 -2.696416000000000146e+00 -2.696202149999999964e+00 -2.695989280000000043e+00 -2.695777389999999940e+00 -2.695566480000000098e+00 -2.695356540000000134e+00 -2.695147570000000048e+00 -2.694939559999999901e+00
-1.374108979999999924e+00 -1.373892139999999928e+00 -1.373676219999999892e+00 -1.373461210000000099e+00 -1.373247110000000104e+00 -1.373033909999999969e+00 -1.372821599999999975e+00 -1.372610179999999902e+00 -1.372399640000000032e+00 -1.372189990000000082e+00 -1.371981209999999951e+00 -1.371773289999999923e+00 -1.371566250000000098e+00 -1.371223389999999931e+00 -1.371018010000000009e+00 -1.370813489999999968e+00 -1.370609830000000029e+00 -1.370407010000000092e+00 -1.370205040000000096e+00 -1.370003920000000042e+00 -1.369803639999999989e+00 -1.369604199999999938e+00 -1.369405599999999890e+00 -1.369207840000000065e+00 -1.369010920000000020e+00 -1.368814820000000099e+00 -1.368619559999999957e+00 -1.368425130000000101e+00 -1.368231530000000085e+00 -1.368038759999999909e+00 -1.367846810000000080e+00 -1.367655690000000090e+00 -1.367465390000000003e+00 -1.367275910000000039e+00 -1.367087259999999915e+00 -1.366899429999999915e+00 -1.366712410000000100e+00 -1.366526219999999903e+00 -1.366340839999999890e+00 -1.366156280000000001e+00 -1.365972540000000013e+00 -1.365789600000000048e+00 -1.365607489999999924e+00 -1.365426180000000045e+00 -1.365245690000000067e+00 -1.365066010000000052e+00 -1.364887130000000059e+00 -1.364709060000000029e+00 -1.364531799999999961e+00 -1.364355350000000078e+00
-5.426907139999999963e+00 -5.426385559999999941e+00 -5.425866530000000409e+00 -5.425350060000000418e+00 -5.424836110000000211e+00 -5.424324669999999848e+00 -5.423815740000000218e+00 -5.423309289999999727e+00 -5.422805310000000212e+00 -5.422303780000000017e+00 -5.421804700000000032e+00 -5.421308029999999611e+00 -5.420813779999999582e+00 -5.420321920000000127e+00 -5.419832450000000357e+00 -5.419345329999999628e+00 -5.418860569999999655e+00 -5.418378149999999671e+00 -5.417898049999999799e+00 -5.417420250000000159e+00 -5.416944749999999864e+00 -5.416471529999999923e+00 -5.416000569999999570e+00 -5.415531859999999753e+00 -5.415065389999999645e+00 -5.414601140000000257e+00 -5.414139099999999871e+00 -5.413679260000000326e+00 -5.413221599999999967e+00 -5.412766109999999742e+00 -5.412312779999999712e+00 -5.411861590000000000e+00 -5.411412529999999776e+00 -5.410965580000000053e+00 -5.410520749999999879e+00 -5.410078000000000387e+00 -5.409637339999999739e+00 -5.409198739999999894e+00 -5.408762199999999964e+00 -5.408327710000000010e+00 -5.407895250000000154e+00 -5.407464809999999567e+00 -5.407036380000000086e+00 -5.406609949999999998e+00 -5.406185510000000249e+00 -5.405763040000000075e+00 -5.405342550000000301e+00 -5.404924000000000284e+00 -5.404507409999999901e+00 -5.404092750000000223e+00
-4.150519710000000195e+00 -4.149870130000000046e+00 -4.149223329999999876e+00 -4.148579299999999748e+00 -4.147938019999999781e+00 -4.147299460000000160e+00 -4.146663610000000055e+00 -4.146030449999999590e+00 -4.145399969999999712e+00 -4.144772139999999716e+00 -4.144146970000000429e+00 -4.143524430000000258e+00 -4.142881440000000026e+00 -4.142263920000000432e+00 -4.141649000000000136e+00 -4.141036670000000086e+00 -4.140426920000000344e+00 -4.139819750000000020e+00 -4.139215130000000187e+00 -4.138613079999999833e+00 -4.138013570000000030e+00 -4.137416609999999828e+00 -4.136822180000000237e+00 -4.136230290000000309e+00 -4.135640920000000165e+00 -4.135054059999999865e+00 -4.134469720000000237e+00 -4.133887900000000393e+00 -4.133308569999999627e+00 -4.132731749999999593e+00 -4.132157420000000414e+00 -4.131585590000000252e+00 -4.131016250000000056e+00 -4.130449389999999887e+00 -4.129885009999999745e+00 -4.129323119999999570e+00 -4.128763700000000370e+00 -4.128206750000000369e+00 -4.127652269999999568e+00 -4.127100259999999743e+00 -4.126550710000000066e+00 -4.126003609999999711e+00 -4.125458980000000331e+00 -4.124916800000000272e+00 -4.124377070000000423e+00 -4.123839789999999894e+00 -4.123304939999999696e+00 -4.122772539999999708e+00 -4.122242579999999990e+00 -4.121715039999999775e+00
-8.147089610000000093e+00 -8.146306850000000210e+00 -8.145527949999999962e+00 -8.144752880000000417e+00 -8.143981630000000749e+00 -8.143214170000000252e+00 -8.142450480000000823e+00 -8.141690540000000809e+00 -8.140934330000000330e+00 -8.140181820000000457e+00 -8.139432989999999535e+00 -8.138687819999999462e+00 -8.137946290000000360e+00 -8.137208369999999746e+00 -8.136474050000000346e+00 -8.135743290000000627e+00 -8.135016090000000588e+00 -8.134292410000000473e+00 -8.133572239999999454e+00 -8.132855550000000378e+00 -8.132142330000000641e+00 -8.131432549999999537e+00 -8.130726190000000742e+00 -8.130023230000000822e+00 -8.129323640000000850e+00 -8.128627420000000825e+00 -8.127934540000000041e+00 -8.127244969999999569e+00 -8.126558700000000357e+00 -8.125875719999999802e+00 -8.125195980000000873e+00 -8.124519490000000843e+00 -8.123846220000000784e+00 -8.123176150000000817e+00 -8.122509259999999287e+00 -8.121845529999999869e+00 -8.121184949999999958e+00 -8.120527490000000626e+00 -8.119873150000000095e+00 -8.119221890000000386e+00 -8.118573709999999721e+00 -8.117928579999999172e+00 -8.117286500000000515e+00 -8.116647430000000440e+00 -8.116011370000000724e+00 -8.115378299999999712e+00 -8.114748210000000128e+00 -8.114121069999999492e+00 -8.113496879999999578e+00 -8.112875609999999682e+00
-6.926841930000000147e+00 -6.925758929999999758e+00 -6.924680600000000297e+00 -6.923606890000000291e+00 -6.922537779999999863e+00 -6.921473230000000143e+00 -6.920413210000000426e+00 -6.919357690000000005e+00 -6.918306649999999891e+00 -6.917260060000000266e+00 -6.916217890000000423e+00 -6.915269639999999995e+00 -6.914235879999999668e+00 -6.913206480000000376e+00 -6.912181430000000404e+00 -6.911160709999999874e+00 -6.910144299999999795e+00 -6.909132180000000290e+00 -6.908124349999999581e+00 -6.907120779999999627e+00 -6.906121470000000429e+00 -6.905126400000000331e+00 -6.904135560000000282e+00 -6.903148940000000344e+00 -6.902166539999999628e+00 -6.901188330000000093e+00 -6.900214319999999901e+00 -6.899244500000000002e+00 -6.898278849999999629e+00 -6.897317379999999609e+00 -6.896360060000000125e+00 -6.895406910000000167e+00 -6.894457899999999917e+00 -6.893513040000000203e+00 -6.892572320000000197e+00 -6.891635729999999960e+00 -6.890703260000000441e+00 -6.889774919999999803e+00 -6.888850689999999943e+00 -6.887930569999999975e+00 -6.887014559999999896e+00 -6.886102649999999770e+00 -6.885194829999999655e+00 -6.884291100000000441e+00 -6.883391460000000350e+00 -6.882495890000000394e+00 -6.881604399999999622e+00 -6.880716969999999932e+00 -6.879833600000000438e+00 -6.878954290000000249e+00
-1.086697099999999949e+01 -1.086592570000000002e+01 -1.086488559999999914e+01 -1.086385059999999925e+01 -1.086282079999999972e+01 -1.086179600000000001e+01 -1.086077629999999949e+01 -1.085976169999999996e+01 -1.085875200000000085e+01 -1.085774729999999977e+01 -1.085674750000000088e+01 -1.085575270000000003e+01 -1.085476270000000021e+01 -1.085377760000000080e+01 -1.085279740000000004e+01 -1.085182189999999913e+01 -1.085085119999999925e+01 -1.084988519999999923e+01 -1.084892400000000023e+01 -1.084796739999999993e+01 -1.084701549999999948e+01 -1.084606819999999949e+01 -1.084512559999999937e+01 -1.084418750000000031e+01 -1.084325390000000056e+01 -1.084232489999999949e+01 -1.084140030000000010e+01 -1.084048020000000001e+01 -1.083956459999999922e+01 -1.083865330000000071e+01 -1.083774649999999973e+01 -1.083684399999999926e+01 -1.083594579999999929e+01 -1.083505199999999924e+01 -1.083416240000000030e+01 -1.083327710000000010e+01 -1.083239599999999925e+01 -1.083151909999999951e+01 -1.083064650000000029e+01 -1.082977789999999985e+01 -1.082891350000000052e+01 -1.082805330000000055e+01 -1.082719709999999935e+01 -1.082634499999999989e+01 -1.082549689999999920e+01 -1.082465290000000024e+01 -1.082381280000000068e+01 -1.082297679999999929e+01 -1.082214470000000084e+01 -1.082131650000000000e+01
-9.702933570000000785e+00 -9.701415839999999235e+00 -9.699904699999999380e+00 -9.698400060000000877e+00 -9.696901900000000296e+00 -9.695410150000000726e+00 -9.693924779999999686e+00 -9.692445740000000143e+00 -9.690972999999999615e+00 -9.689506500000000244e+00 -9.688046229999999426e+00 -9.686792269999999760e+00 -9.685343789999999231e+00 -9.683901450000000466e+00 -9.682465199999999328e+00 -9.681035019999999491e+00 -9.679610889999999301e+00 -9.678192779999999829e+00 -9.676780680000000245e+00 -9.675374570000000674e+00 -9.673974409999999580e+00 -9.672580200000000517e+00 -9.671191930000000880e+00 -9.669809559999999138e+00 -9.668433099999999669e+00 -9.667062519999999992e+00 -9.665697809999999279e+00 -9.664338960000000256e+00 -9.662985960000000318e+00 -9.661638800000000415e+00 -9.660297469999999720e+00 -9.658961950000000130e+00 -9.657632239999999868e+00 -9.656308329999999884e+00 -9.654990209999999351e+00 -9.653677869999999217e+00 -9.652371300000000431e+00 -9.651070499999999441e+00 -9.649775460000000749e+00 -9.648486159999999145e+00 -9.647202610000000789e+00 -9.645924790000000471e+00 -9.644652699999999967e+00 -9.643386319999999401e+00 -9.642125659999999598e+00 -9.640870700000000681e+00 -9.639621440000000874e+00 -9.638377860000000297e+00 -9.637139969999999778e+00 -9.635907740000000388e+00
-1.358619720000000086e+01 -1.358488780000000062e+01 -1.358358489999999996e+01 -1.358228850000000065e+01 -1.358099849999999975e+01 -1.357971490000000081e+01 -1.357843779999999967e+01 -1.357716689999999993e+01 -1.357590240000000037e+01 -1.357464410000000044e+01 -1.357339209999999952e+01 -1.357214620000000060e+01 -1.357090649999999954e+01 -1.356967290000000048e+01 -1.356844549999999927e+01 -1.356722399999999951e+01 -1.356600859999999997e+01 -1.356479919999999950e+01 -1.356359570000000048e+01 -1.356239820000000051e+01 -1.356120650000000083e+01 -1.356002059999999965e+01 -1.355884059999999991e+01 -1.355766629999999928e+01 -1.355649780000000071e+01 -1.355533499999999947e+01 -1.355417789999999911e+01 -1.355302640000000025e+01 -1.355188049999999933e+01 -1.355074010000000051e+01 -1.354960540000000080e+01 -1.354847610000000024e+01 -1.354735230000000001e+01 -1.354623390000000072e+01 -1.354512099999999997e+01 -1.354401340000000076e+01 -1.354291120000000070e+01 -1.354181439999999981e+01 -1.354072279999999928e+01 -1.353963639999999913e+01 -1.353855530000000051e+01 -1.353747940000000050e+01 -1.353640870000000085e+01 -1.353534310000000040e+01 -1.353428270000000033e+01 -1.353322730000000007e+01 -1.353217700000000079e+01 -1.353113169999999954e+01 -1.353009149999999927e+01 -1.352905619999999942e+01
-1.247892329999999994e+01 -1.247696930000000037e+01 -1.247502380000000066e+01 -1.247308680000000081e+01 -1.247115819999999964e+01 -1.246923780000000015e+01 -1.246732569999999996e+01 -1.246542179999999966e+01 -1.246352599999999988e+01 -1.246163819999999944e+01 -1.246006700000000045e+01 -1.245819460000000056e+01 -1.245633010000000063e+01 -1.245447350000000064e+01 -1.245262480000000060e+01 -1.245078389999999935e+01 -1.244895080000000043e+01 -1.244712539999999912e+01 -1.244530780000000014e+01 -1.244349779999999939e+01 -1.244169559999999919e+01 -1.243990100000000076e+01 -1.243811400000000056e+01 -1.243633460000000035e+01 -1.243456280000000014e+01 -1.243279859999999992e+01 -1.243104190000000031e+01 -1.242929269999999953e+01 -1.242755110000000052e+01 -1.242581689999999917e+01 -1.242409020000000019e+01 -1.242237100000000005e+01 -1.242065919999999934e+01 -1.241895489999999924e+01 -1.241725800000000035e+01 -1.241556860000000029e+01 -1.241388650000000027e+01 -1.241221179999999968e+01 -1.241054450000000031e+01 -1.240888460000000038e+01 -1.240723209999999987e+01 -1.240558689999999942e+01 -1.240394910000000017e+01 -1.240231859999999919e+01 -1.240069540000000003e+01 -1.239907949999999914e+01 -1.239747090000000007e+01 -1.239586970000000044e+01 -1.239427569999999967e+01 -1.239268900000000073e+01
-1.630478589999999883e+01 -1.630321019999999876e+01 -1.630164239999999864e+01 -1.630008240000000086e+01 -1.629853029999999947e+01 -1.629698580000000163e+01 -1.629544909999999902e+01 -1.629392010000000113e+01 -1.629239859999999851e+01 -1.629088480000000061e+01 -1.628937850000000154e+01 -1.628787970000000129e+01 -1.628638839999999988e+01 -1.628490449999999967e+01 -1.628342789999999951e+01 -1.628195870000000056e+01 -1.628049680000000166e+01 -1.627904219999999924e+01 -1.627759479999999925e+01 -1.627615450000000052e+01 -1.627472129999999950e+01 -1.627329530000000091e+01 -1.627187629999999885e+01 -1.627046430000000043e+01 -1.626905929999999856e+01 -1.626766119999999916e+01 -1.626626999999999867e+01 -1.626488559999999950e+01 -1.626350800000000163e+01 -1.626213720000000151e+01 -1.626077319999999915e+01 -1.625941579999999931e+01 -1.625806509999999960e+01 -1.625672099999999887e+01 -1.625538350000000065e+01 -1.625405250000000024e+01 -1.625272800000000117e+01 -1.625140999999999991e+01 -1.625009839999999883e+01 -1.624879329999999911e+01 -1.624749440000000078e+01 -1.624620189999999909e+01 -1.624491569999999996e+01 -1.624363579999999985e+01 -1.624236199999999997e+01 -1.624109449999999910e+01 -1.623983309999999847e+01 -1.623857780000000162e+01 -1.623732860000000144e+01 -1.623608550000000150e+01
-1.525463309999999950e+01 -1.525224060000000037e+01 -1.524985870000000077e+01 -1.524748710000000074e+01 -1.524512589999999967e+01 -1.524277490000000057e+01 -1.524043400000000048e+01 -1.523810319999999940e+01 -1.523578239999999973e+01 -1.523347159999999967e+01 -1.523158379999999923e+01 -1.522929169999999921e+01 -1.522700940000000003e+01 -1.522473680000000051e+01 -1.522247390000000067e+01 -1.522022049999999993e+01 -1.521797669999999947e+01 -1.521574230000000050e+01 -1.521351750000000003e+01 -1.521130209999999927e+01 -1.520909600000000061e+01 -1.520689929999999990e+01 -1.520471200000000067e+01 -1.520253390000000060e+01 -1.520036510000000085e+01 -1.519820559999999965e+01 -1.519605519999999999e+01 -1.519391410000000064e+01 -1.519178209999999929e+01 -1.518965930000000064e+01 -1.518754559999999998e+01 -1.518544100000000086e+01 -1.518334549999999972e+01 -1.518125910000000012e+01 -1.517918170000000089e+01 -1.517711339999999964e+01 -1.517505410000000055e+01 -1.517300389999999943e+01 -1.517096259999999930e+01 -1.516893029999999953e+01 -1.516690700000000014e+01 -1.516489269999999934e+01 -1.516288729999999951e+01 -1.516089090000000006e+01 -1.515890339999999981e+01 -1.515692480000000053e+01 -1.515495510000000046e+01 -1.515299429999999958e+01 -1.515104230000000030e+01 -1.514909929999999960e+01
-1.902269779999999955e+01 -1.902085310000000007e+01 -1.901901769999999914e+01 -1.901719149999999914e+01 -1.901537439999999890e+01 -1.901356649999999959e+01 -1.901176759999999888e+01 -1.900997780000000148e+01 -1.900819699999999912e+01 -1.900642500000000013e+01 -1.900466199999999972e+01 -1.900290779999999913e+01 -1.900116239999999834e+01 -1.899942569999999975e+01 -1.899769780000000097e+01 -1.899597849999999966e+01 -1.899426770000000175e+01 -1.899256559999999894e+01 -1.899087189999999836e+01 -1.898918670000000120e+01 -1.898750989999999916e+01 -1.898584149999999937e+01 -1.898418140000000065e+01 -1.898252949999999828e+01 -1.898088590000000053e+01 -1.897925049999999914e+01 -1.897762320000000003e+01 -1.897600399999999965e+01 -1.897439280000000039e+01 -1.897278959999999870e+01 -1.897119440000000168e+01 -1.896960710000000105e+01 -1.896802770000000038e+01 -1.896645609999999849e+01 -1.896489220000000131e+01 -1.896333609999999936e+01 -1.896178769999999858e+01 -1.896024690000000135e+01 -1.895871380000000173e+01 -1.895718820000000093e+01 -1.895567009999999897e+01 -1.895415949999999938e+01 -1.895265639999999863e+01 -1.895116060000000147e+01 -1.894967219999999841e+01 -1.894819109999999895e+01 -1.894671740000000071e+01 -1.894525080000000017e+01 -1.894379149999999967e+01 -1.894233930000000043e+01
-1.803005429999999976e+01 -1.802722049999999854e+01 -1.802439940000000007e+01 -1.802159059999999968e+01 -1.801879419999999854e+01 -1.801601009999999903e+01 -1.801323809999999881e+01 -1.801047810000000027e+01 -1.800772999999999868e+01 -1.800550910000000115e+01 -1.800278349999999961e+01 -1.800006970000000095e+01 -1.799736740000000168e+01 -1.799467669999999941e+01 -1.799199739999999892e+01 -1.798932950000000019e+01 -1.798667289999999852e+01 -1.798402760000000100e+01 -1.798139360000000053e+01 -1.797877069999999833e+01 -1.797615890000000149e+01 -1.797355819999999937e+01 -1.797096859999999907e+01 -1.796838989999999825e+01 -1.796582220000000163e+01 -1.796326549999999855e+01 -1.796071960000000090e+01 -1.795818459999999916e+01 -1.795566039999999930e+01 -1.795314700000000130e+01 -1.795064440000000161e+01 -1.794815249999999907e+01 -1.794567130000000077e+01 -1.794320090000000079e+01 -1.794074120000000150e+01 -1.793829210000000174e+01 -1.793585360000000151e+01 -1.793342579999999842e+01 -1.793100859999999841e+01 -1.792860200000000148e+01 -1.792620589999999936e+01 -1.792382050000000149e+01 -1.792144550000000081e+01 -1.791908109999999965e+01 -1.791672720000000041e+01 -1.791438379999999952e+01 -1.791205090000000055e+01 -1.790972839999999877e+01 -1.790741639999999890e+01 -1.790511479999999978e+01
-2.173991750000000067e+01 -2.173780109999999866e+01 -2.173569529999999972e+01 -2.173360010000000031e+01 -2.173151550000000043e+01 -2.172944139999999891e+01 -2.172737770000000168e+01 -2.172532440000000165e+01 -2.172328149999999880e+01 -2.172124889999999908e+01 -2.171922650000000132e+01 -2.171721429999999842e+01 -2.171521219999999985e+01 -2.171322019999999853e+01 -2.171123830000000154e+01 -2.170926629999999946e+01 -2.170730430000000055e+01 -2.170535209999999893e+01 -2.170340970000000169e+01 -2.170147719999999936e+01 -2.169955429999999907e+01 -2.169764109999999846e+01 -2.169573760000000107e+01 -2.169384360000000100e+01 -2.169195909999999827e+01 -2.169008409999999998e+01 -2.168821840000000023e+01 -2.168636220000000137e+01 -2.168451519999999988e+01 -2.168267750000000049e+01 -2.168084899999999848e+01 -2.167902970000000096e+01 -2.167721939999999847e+01 -2.167541830000000047e+01 -2.167362609999999989e+01 -2.167184290000000146e+01 -2.167006860000000046e+01 -2.166830309999999926e+01 -2.166654649999999904e+01 -2.166479860000000102e+01 -2.166305949999999925e+01 -2.166132899999999850e+01 -2.165960709999999878e+01 -2.165789380000000008e+01 -2.165618909999999886e+01 -2.165449279999999987e+01 -2.165280500000000075e+01 -2.165112560000000030e+01 -2.164945450000000093e+01 -2.164779169999999908e+01
-2.080506550000000132e+01 -2.080178679999999858e+01 -2.079852299999999943e+01 -2.079527369999999920e+01 -2.079203890000000143e+01 -2.078881840000000025e+01 -2.078561219999999921e+01 -2.078241990000000072e+01 -2.077924159999999887e+01 -2.077669050000000084e+01 -2.077353850000000079e+01 -2.077040009999999981e+01 -2.076727520000000027e+01 -2.076416370000000100e+01 -2.076106559999999845e+01 -2.075798059999999978e+01 -2.075490890000000022e+01 -2.075185019999999980e+01 -2.074880459999999971e+01 -2.074577190000000115e+01 -2.074275210000000058e+01 -2.073974510000000038e+01 -2.073675090000000054e+01 -2.073376939999999991e+01 -2.073080059999999847e+01 -2.072784449999999978e+01 -2.072490080000000034e+01 -2.072196980000000011e+01 -2.071905119999999911e+01 -2.071614509999999854e+01 -2.071325140000000076e+01 -2.071037009999999867e+01 -2.070750119999999939e+01 -2.070464460000000173e+01 -2.070180039999999977e+01 -2.069896830000000065e+01 -2.069614860000000078e+01 -2.069334110000000138e+01 -2.069054579999999888e+01 -2.068776259999999922e+01 -2.068499170000000120e+01 -2.068223280000000130e+01 -2.067948609999999832e+01 -2.067675150000000173e+01 -2.067402900000000088e+01 -2.067131850000000171e+01 -2.066862009999999827e+01 -2.066593370000000007e+01 -2.066325940000000116e+01 -2.066059699999999921e+01
-2.445671540000000022e+01 -2.445432449999999847e+01 -2.445194559999999839e+01 -2.444957880000000117e+01 -2.444722379999999973e+01 -2.444488079999999997e+01 -2.444254959999999954e+01 -2.444023019999999846e+01 -2.443792249999999910e+01 -2.443562650000000147e+01 -2.443334199999999967e+01 -2.443106919999999960e+01 -2.442880780000000129e+01 -2.442655789999999882e+01 -2.442431930000000051e+01 -2.442209210000000041e+01 -2.441987620000000092e+01 -2.441767139999999969e+01 -2.441547789999999907e+01 -2.441329539999999909e+01 -2.441112389999999976e+01 -2.440896349999999870e+01 -2.440681400000000068e+01 -2.440467530000000096e+01 -2.440254750000000072e+01 -2.440043040000000119e+01 -2.439832399999999879e+01 -2.439622830000000064e+01 -2.439414310000000086e+01 -2.439206850000000060e+01 -2.439000430000000108e+01 -2.438795059999999992e+01 -2.438590719999999834e+01 -2.438387420000000105e+01 -2.438185139999999862e+01 -2.437983880000000170e+01 -2.437783629999999846e+01 -2.437584400000000073e+01 -2.437386169999999908e+01 -2.437188929999999942e+01 -2.436992689999999939e+01 -2.436797440000000137e+01 -2.436603170000000063e+01 -2.436409880000000072e+01 -2.436217560000000049e+01 -2.436026209999999992e+01 -2.435835820000000140e+01 -2.435646380000000022e+01 -2.435457900000000109e+01 -2.435270369999999929e+01
-2.357962750000000085e+01 -2.357589949999999845e+01 -2.357218870000000166e+01 -2.356849479999999986e+01 -2.356481760000000136e+01 -2.356115690000000029e+01 -2.355751259999999903e+01 -2.355388459999999995e+01 -2.355098190000000002e+01 -2.354738430000000093e+01 -2.354380250000000174e+01 -2.354023640000000128e+01 -2.353668569999999960e+01 -2.353315040000000025e+01 -2.352963039999999850e+01 -2.352612560000000030e+01 -2.352263579999999976e+01 -2.351916100000000043e+01 -2.351570099999999996e+01 -2.351225579999999837e+01 -2.350882539999999921e+01 -2.350540949999999896e+01 -2.350200829999999996e+01 -2.349862149999999872e+01 -2.349524909999999878e+01 -2.349189099999999897e+01 -2.348854730000000046e+01 -2.348521780000000092e+01 -2.348190250000000034e+01 -2.347860130000000112e+01 -2.347531430000000086e+01 -2.347204130000000077e+01 -2.346878230000000087e+01 -2.346553719999999998e+01 -2.346230609999999928e+01 -2.345908890000000113e+01 -2.345588559999999845e+01 -2.345269599999999954e+01 -2.344952029999999965e+01 -2.344635840000000115e+01 -2.344321019999999933e+01 -2.344007570000000129e+01 -2.343695489999999992e+01 -2.343384779999999878e+01 -2.343075430000000026e+01 -2.342767449999999840e+01 -2.342460820000000155e+01 -2.342155560000000136e+01 -2.341851640000000145e+01 -2.341549090000000177e+01
-2.717259049999999831e+01 -2.716992150000000095e+01 -2.716726590000000030e+01 -2.716462380000000110e+01 -2.716199500000000100e+01 -2.715937950000000001e+01 -2.715677720000000051e+01 -2.715418809999999894e+01 -2.715161219999999886e+01 -2.714904920000000033e+01 -2.714649929999999856e+01 -2.714396220000000071e+01 -2.714143809999999846e+01 -2.713892669999999896e+01 -2.713642809999999983e+01 -2.713394219999999990e+01 -2.713146890000000155e+01 -2.712900820000000124e+01 -2.712656000000000134e+01 -2.712412420000000068e+01 -2.712170079999999928e+01 -2.711928969999999950e+01 -2.711689090000000135e+01 -2.711450430000000011e+01 -2.711212980000000172e+01 -2.710976730000000146e+01 -2.710741690000000048e+01 -2.710507840000000002e+01 -2.710275190000000123e+01 -2.710043710000000061e+01 -2.709813409999999934e+01 -2.709584290000000095e+01 -2.709356319999999840e+01 -2.709129520000000113e+01 -2.708903869999999969e+01 -2.708679360000000003e+01 -2.708455999999999975e+01 -2.708233770000000007e+01 -2.708012659999999983e+01 -2.707792690000000135e+01 -2.707573830000000115e+01 -2.707356079999999920e+01 -2.707139430000000146e+01 -2.706923889999999844e+01 -2.706709439999999844e+01 -2.706496080000000148e+01 -2.706283799999999928e+01 -2.706072599999999895e+01 -2.705862480000000048e+01 -2.705653410000000036e+01
-2.635401570000000149e+01 -2.634983349999999902e+01 -2.634567080000000061e+01 -2.634152759999999915e+01 -2.633740350000000063e+01 -2.633329840000000033e+01 -2.632921199999999828e+01 -2.632514400000000165e+01 -2.632189239999999941e+01 -2.631785920000000090e+01 -2.631384399999999957e+01 -2.630984660000000019e+01 -2.630586680000000044e+01 -2.630190449999999913e+01 -2.629795950000000104e+01 -2.629403160000000028e+01 -2.629012080000000040e+01 -2.628622689999999906e+01 -2.628234989999999982e+01 -2.627848949999999917e+01 -2.627464570000000066e+01 -2.627081829999999840e+01 -2.626700740000000067e+01 -2.626321270000000041e+01 -2.625943429999999879e+01 -2.625567200000000057e+01 -2.625192570000000103e+01 -2.624819540000000018e+01 -2.624448110000000156e+01 -2.624078250000000168e+01 -2.623709979999999931e+01 -2.623343279999999922e+01 -2.622978140000000025e+01 -2.622614570000000001e+01 -2.622252549999999971e+01 -2.621892079999999936e+01 -2.621533170000000013e+01 -2.621175789999999850e+01 -2.620819960000000037e+01 -2.620465659999999986e+01 -2.620112890000000050e+01 -2.619761649999999875e+01 -2.619411940000000172e+01 -2.619063750000000113e+01 -2.618717069999999936e+01 -2.618371919999999875e+01 -2.618028280000000052e+01 -2.617686139999999995e+01 -2.617345519999999937e+01 -2.617006399999999999e+01
-2.988744820000000146e+01 -2.988449729999999960e+01 -2.988156120000000016e+01 -2.987864000000000075e+01 -2.987573349999999905e+01 -2.987284169999999861e+01 -2.986996449999999825e+01 -2.986710180000000037e+01 -2.986425369999999901e+01 -2.986141999999999896e+01 -2.985860070000000022e+01 -2.985579570000000160e+01 -2.985300489999999840e+01 -2.985022830000000127e+01 -2.984746579999999838e+01 -2.984471740000000040e+01 -2.984198290000000142e+01 -2.983926239999999908e+01 -2.983655570000000168e+01 -2.983386289999999974e+01 -2.983118370000000041e+01 -2.982851820000000131e+01 -2.982586639999999889e+01 -2.982322800000000029e+01 -2.982060309999999959e+01 -2.981799159999999915e+01 -2.981539349999999899e+01 -2.981280860000000033e+01 -2.981023689999999959e+01 -2.980767840000000035e+01 -2.980513290000000026e+01 -2.980260050000000049e+01 -2.980008090000000109e+01 -2.979757430000000085e+01 -2.979508050000000097e+01 -2.979259940000000029e+01 -2.979013109999999998e+01 -2.978767530000000008e+01 -2.978523210000000176e+01 -2.978280140000000031e+01 -2.978038310000000166e+01 -2.977797719999999870e+01 -2.977558369999999854e+01 -2.977320230000000123e+01 -2.977083310000000083e+01 -2.976847610000000088e+01 -2.976613109999999907e+01 -2.976379820000000009e+01 -2.976147710000000046e+01 -2.975916799999999895e+01
-2.912779570000000007e+01 -2.912315170000000109e+01 -2.911853019999999859e+01 -2.911393079999999856e+01 -2.910935320000000104e+01 -2.910479730000000131e+01 -2.910026260000000065e+01 -2.909574890000000025e+01 -2.909214130000000154e+01 -2.908766710000000089e+01 -2.908321330000000060e+01 -2.907877960000000073e+01 -2.907436570000000131e+01 -2.906997159999999880e+01 -2.906559700000000035e+01 -2.906124180000000123e+01 -2.905690570000000150e+01 -2.905258859999999999e+01 -2.904829050000000024e+01 -2.904401100000000113e+01 -2.903975009999999912e+01 -2.903550770000000014e+01 -2.903128350000000069e+01 -2.902707759999999837e+01 -2.902288980000000151e+01 -2.901871999999999829e+01 -2.901456800000000058e+01 -2.901043389999999889e+01 -2.900631740000000036e+01 -2.900221859999999907e+01 -2.899813729999999978e+01 -2.899407340000000133e+01 -2.899002700000000132e+01 -2.898599779999999981e+01 -2.898198590000000152e+01 -2.897799120000000173e+01 -2.897401359999999926e+01 -2.897005300000000005e+01 -2.896610950000000173e+01 -2.896218299999999957e+01 -2.895827339999999950e+01 -2.895438060000000036e+01 -2.895050469999999976e+01 -2.894664549999999892e+01 -2.894280309999999901e+01 -2.893897739999999885e+01 -2.893516839999999846e+01 -2.893137600000000020e+01 -2.892760020000000054e+01 -2.892384099999999947e+01
