4.013690988800000014e+03 4.013364315199999965e+03 4.013041357399999924e+03 4.012722075800000312e+03 4.012406424199999947e+03 4.012094363000000158e+03 4.011785859200000232e+03 4.011480866599999899e+03 4.011179358800000045e+03 4.010881282999999712e+03 4.010586612799999784e+03 4.010295308599999771e+03 4.010007337399999869e+03 4.009722659600000043e+03 4.009441255400000045e+03 4.009163078600000063e+03 4.008888102800000070e+03 4.008616301600000043e+03 4.008347635399999945e+03 4.008082084399999985e+03 4.007819615599999906e+03 4.007560195999999905e+03 4.007303805800000191e+03 4.007050418599999830e+03 4.006800008000000162e+03 4.006552547600000253e+03 4.006308017600000312e+03 4.006066391599999861e+03 4.005827643200000239e+03 4.005591752599999836e+03 4.005358699999999772e+03 4.005128465599999799e+03 4.004901029599999674e+03 4.004676372200000060e+03 4.004454467000000022e+03 4.004235307400000238e+03 4.004018860399999994e+03 4.003805126000000200e+03 4.003594077800000377e+03 4.003385702600000059e+03 4.003179973999999675e+03 4.002976891999999680e+03 4.002776436799999829e+03 4.002578588599999875e+03 4.002383340800000042e+03 4.002190680200000315e+03 4.002000586999999996e+03 4.001813047999999981e+03 4.001628063199999815e+03 4.001445606199999929e+03
3.956672387599999638e+03 3.956131557200000316e+03 3.955596092599999793e+03 3.955065960799999630e+03 3.954541135399999803e+03 3.954021603199999845e+03 3.953507331199999953e+03 3.952998299599999882e+03 3.952494488600000295e+03 3.951995871799999804e+03 3.951502422800000204e+03 3.951014121799999884e+03 3.950530948999999964e+03 3.950052864799999952e+03 3.949579849400000057e+03 3.949111876400000256e+03 3.948648919399999613e+03 3.948190945399999691e+03 3.947737921400000232e+03 3.947289814400000068e+03 3.946846604599999864e+03 3.946408239200000025e+03 3.945974698400000307e+03 3.945545942599999762e+03 3.945121925600000395e+03 3.944702620999999908e+03 3.944287982599999850e+03 3.943877977399999963e+03 3.943472559199999978e+03 3.943071681800000079e+03 3.942675318800000241e+03 3.942283410799999729e+03 3.941895931400000336e+03 3.941512821199999962e+03 3.941134047200000168e+03 3.940759556599999996e+03 3.940389309799999864e+03 3.940023260599999958e+03 3.939661369399999785e+03 3.939303583400000207e+03 3.938949862999999823e+03 3.938600161999999727e+03 3.938254434200000105e+03 3.937912640000000010e+03 3.937574726599999849e+03 3.937240654400000039e+03 3.936910383800000091e+03 3.936583861999999954e+03 3.936261062600000059e+03 3.935941926200000125e+03
3.835102565600000162e+03 3.834807420199999797e+03 3.834515607799999998e+03 3.834227088800000274e+03 3.833941816999999901e+03 3.833659772599999997e+03 3.833380902800000058e+03 3.833105181199999606e+03 3.832832574800000202e+03 3.832563050599999769e+03 3.832296575600000324e+03 3.832033116799999789e+03 3.831772641200000180e+03 3.831515122400000109e+03 3.831260534000000007e+03 3.831008836400000291e+03 3.830760016400000040e+03 3.830514040999999906e+03 3.830270877200000086e+03 3.830030511799999658e+03 3.829792911800000184e+03 3.829558057400000052e+03 3.829325922199999695e+03 3.829096486399999776e+03 3.828869730200000049e+03 3.828645627200000035e+03 3.828424157600000399e+03 3.828205308200000218e+03 3.827989052599999923e+03 3.827775377599999956e+03 3.827564256800000294e+03 3.827355683599999793e+03 3.827149631600000248e+03 3.826946087600000283e+03 3.826745031800000106e+03 3.826546457600000394e+03 3.826350345199999992e+03 3.826156674800000019e+03 3.825965439800000240e+03 3.825776627000000190e+03 3.825590210000000297e+03 3.825406188800000109e+03 3.825224550199999612e+03 3.825045274399999926e+03 3.824868348199999673e+03 3.824693771600000218e+03 3.824521524799999952e+03 3.824351594599999771e+03 3.824183974399999897e+03 3.824018651000000318e+03
3.774853528399999959e+03 3.774366395600000033e+03 3.773884140199999820e+03 3.773406729199999972e+03 3.772934149400000024e+03 3.772466374399999950e+03 3.772003391000000192e+03 3.771545172799999818e+03 3.771091706600000180e+03 3.770642959400000109e+03 3.770198918000000049e+03 3.769759549399999742e+03 3.769324840400000085e+03 3.768894764599999689e+03 3.768469288999999662e+03 3.768048393799999758e+03 3.767632052599999952e+03 3.767220225799999753e+03 3.766812887000000046e+03 3.766410009799999898e+03 3.766011561199999960e+03 3.765617501599999741e+03 3.765227797999999893e+03 3.764842423999999937e+03 3.764461333400000058e+03 3.764084493199999997e+03 3.763711863800000174e+03 3.763343405600000096e+03 3.762979078999999729e+03 3.762618851000000177e+03 3.762262675400000262e+03 3.761910512599999947e+03 3.761562316399999872e+03 3.761218053800000234e+03 3.760877671999999620e+03 3.760541138000000046e+03 3.760208412199999657e+03 3.759879441799999768e+03 3.759554187200000342e+03 3.759232615400000213e+03 3.758914673600000242e+03 3.758600322199999937e+03 3.758289521599999716e+03 3.757982225599999765e+03 3.757678401199999826e+03 3.757378008799999861e+03 3.757080995600000279e+03 3.756787335200000143e+03 3.756496981400000095e+03 3.756209901199999877e+03
3.656494243400000414e+03 3.656230032200000096e+03 3.655968771199999992e+03 3.655710420800000065e+03 3.655454954599999837e+03 3.655202339599999959e+03 3.654952542800000174e+03 3.654705537800000002e+03 3.654461284999999862e+03 3.654219764599999962e+03 3.653980943600000046e+03 3.653744795600000089e+03 3.653511294199999611e+03 3.653280412999999953e+03 3.653052132199999960e+03 3.652826425399999607e+03 3.652603259600000001e+03 3.652382621599999766e+03 3.652164491600000019e+03 3.651948843199999828e+03 3.651735650000000078e+03 3.651524905400000080e+03 3.651316576400000031e+03 3.651110656400000153e+03 3.650907118999999966e+03 3.650705950999999914e+03 3.650507132599999750e+03 3.650310650600000372e+03 3.650116485200000170e+03 3.649924623200000042e+03 3.649735051399999975e+03 3.649547750000000178e+03 3.649362712399999964e+03 3.649179918799999996e+03 3.648999356000000262e+03 3.648821017400000073e+03 3.648644883199999640e+03 3.648470940199999859e+03 3.648299188400000276e+03 3.648129601399999956e+03 3.647962179199999809e+03 3.647796902000000046e+03 3.647633769799999754e+03 3.647472762800000055e+03 3.647313867800000025e+03 3.647157091400000354e+03 3.647002407200000107e+03 3.646849808599999960e+03 3.646699289000000135e+03 3.646550841799999944e+03
3.593008427599999777e+03 3.592574457800000346e+03 3.592144870400000400e+03 3.591719645600000149e+03 3.591298757000000023e+03 3.590882197999999789e+03 3.590469942200000332e+03 3.590061976400000276e+03 3.589658280800000284e+03 3.589258829000000333e+03 3.588863607799999954e+03 3.588472590800000035e+03 3.588085751599999639e+03 3.587703070399999888e+03 3.587324520799999846e+03 3.586950082999999722e+03 3.586579717399999936e+03 3.586213397600000008e+03 3.585851103800000146e+03 3.585492803000000094e+03 3.585138455600000270e+03 3.584788035200000195e+03 3.584441502199999832e+03 3.584098836799999845e+03 3.583759986199999730e+03 3.583424930600000152e+03 3.583093623800000387e+03 3.582766032800000175e+03 3.582442117999999937e+03 3.582121846400000322e+03 3.581805171799999698e+03 3.581492061199999625e+03 3.581182468400000289e+03 3.580876366999999846e+03 3.580573704200000066e+03 3.580274453600000015e+03 3.579978562400000101e+03 3.579686004199999843e+03 3.579396732799999882e+03 3.579110708600000180e+03 3.578827892000000247e+03 3.578548249999999825e+03 3.578271736400000009e+03 3.577998324799999864e+03 3.577727969000000030e+03 3.577460635999999795e+03 3.577196286200000031e+03 3.576934886600000027e+03 3.576676397600000200e+03 3.576420792800000072e+03
3.477823438999999780e+03 3.477589620800000375e+03 3.477358383199999935e+03 3.477129699799999798e+03 3.476903530999999930e+03 3.476679857000000084e+03 3.476458651400000235e+03 3.476239881200000127e+03 3.476023533200000202e+03 3.475809567799999968e+03 3.475597971799999868e+03 3.475388712200000100e+03 3.475181775799999741e+03 3.474977136200000132e+03 3.474774773600000117e+03 3.474574668199999905e+03 3.474376800199999707e+03 3.474181149799999730e+03 3.473987697200000184e+03 3.473796429200000148e+03 3.473607325999999830e+03 3.473420367799999894e+03 3.473235541400000329e+03 3.473052833600000213e+03 3.472872231199999987e+03 3.472693720999999641e+03 3.472517276600000059e+03 3.472342897999999877e+03 3.472170571999999993e+03 3.472000278800000160e+03 3.471832011800000146e+03 3.471665751200000159e+03 3.471501503599999978e+03 3.471339235999999801e+03 3.471178955000000315e+03 3.471020640799999910e+03 3.470864286800000173e+03 3.470709886399999959e+03 3.470557426399999713e+03 3.470406893599999876e+03 3.470258281399999760e+03 3.470111583200000041e+03 3.469966792399999576e+03 3.469823895800000173e+03 3.469682880200000000e+03 3.469543752200000199e+03 3.469406485399999838e+03 3.469271086400000058e+03 3.469137535400000161e+03 3.469005832400000145e+03
3.411162270799999988e+03 3.410780942599999889e+03 3.410403501799999958e+03 3.410029921999999715e+03 3.409660190000000057e+03 3.409294292600000063e+03 3.408932209999999941e+03 3.408573929000000135e+03 3.408219429799999943e+03 3.407868685999999798e+03 3.407521690999999919e+03 3.407178411800000049e+03 3.406838828599999943e+03 3.406502928200000042e+03 3.406170670999999857e+03 3.405842043800000283e+03 3.405517020199999934e+03 3.405195560600000135e+03 3.404877651799999967e+03 3.404563260799999625e+03 3.404252354600000217e+03 3.403944906799999899e+03 3.403640877799999998e+03 3.403340247799999815e+03 3.403042970599999990e+03 3.402749026399999821e+03 3.402458368999999948e+03 3.402170971999999892e+03 3.401886802400000306e+03 3.401605814000000009e+03 3.401327980400000342e+03 3.401053261999999904e+03 3.400781625799999802e+03 3.400513038799999777e+03 3.400247454800000014e+03 3.399984847400000035e+03 3.399725177000000258e+03 3.399468404000000191e+03 3.399214501999999811e+03 3.398963424800000212e+03 3.398715152599999783e+03 3.398469632600000295e+03 3.398226845000000139e+03 3.397986750199999733e+03 3.397749315199999728e+03 3.397514506999999867e+03 3.397282292599999892e+03 3.397052638999999999e+03 3.396825526399999944e+03 3.396600908599999912e+03
3.299093987000000197e+03 3.298890139399999953e+03 3.298688509399999930e+03 3.298489077199999883e+03 3.298291816399999789e+03 3.298096707199999855e+03 3.297903723200000059e+03 3.297712837999999920e+03 3.297524038399999881e+03 3.297337304599999698e+03 3.297152603600000020e+03 3.296969928800000162e+03 3.296789253800000097e+03 3.296610565400000269e+03 3.296433843799999977e+03 3.296259075799999664e+03 3.296086234999999760e+03 3.295915321399999812e+03 3.295746308599999793e+03 3.295579189999999926e+03 3.295413945799999965e+03 3.295250562799999898e+03 3.295089034399999946e+03 3.294929347400000097e+03 3.294771488599999884e+03 3.294615438199999971e+03 3.294461202800000137e+03 3.294308755999999903e+03 3.294158097800000178e+03 3.294009215000000040e+03 3.293862094399999933e+03 3.293716736000000310e+03 3.293573126600000251e+03 3.293431259599999976e+03 3.293291121799999928e+03 3.293152706599999874e+03 3.293016007400000035e+03 3.292881017599999723e+03 3.292747723999999835e+03 3.292616133200000149e+03 3.292486218799999733e+03 3.292357987399999729e+03 3.292231432399999903e+03 3.292106534000000011e+03 3.291983298799999829e+03 3.291861713599999803e+03 3.291741771799999697e+03 3.291623466799999733e+03 3.291506792000000132e+03 3.291391740799999752e+03
3.229290789799999857e+03 3.228961614800000007e+03 3.228635812399999850e+03 3.228313382600000295e+03 3.227994298999999955e+03 3.227678548400000182e+03 3.227366117600000052e+03 3.227056993400000010e+03 3.226751156000000265e+03 3.226448585600000115e+03 3.226149269000000004e+03 3.225853179800000362e+03 3.225560298200000034e+03 3.225270610999999917e+03 3.224984091799999987e+03 3.224700707599999987e+03 3.224420451800000137e+03 3.224143284799999947e+03 3.223869186800000080e+03 3.223598124799999823e+03 3.223330085600000075e+03 3.223065023000000110e+03 3.222802923799999917e+03 3.222543748399999913e+03 3.222287470400000075e+03 3.222034056800000144e+03 3.221783487799999875e+03 3.221535717200000363e+03 3.221290718600000218e+03 3.221048465599999872e+03 3.220808918599999743e+03 3.220572051199999805e+03 3.220337823800000024e+03 3.220106216600000153e+03 3.219877183399999922e+03 3.219650704399999995e+03 3.219426739999999882e+03 3.219205257200000233e+03 3.218986229600000115e+03 3.218769630800000414e+03 3.218555414599999949e+03 3.218343567800000073e+03 3.218134044200000062e+03 3.217926830599999903e+03 3.217721887400000014e+03 3.217519181599999683e+03 3.217318699999999808e+03 3.217120402999999897e+03 3.216924277399999937e+03 3.216730277000000115e+03
3.120310632800000349e+03 3.120136425800000325e+03 3.119964093200000207e+03 3.119793621799999983e+03 3.119624978599999849e+03 3.119458157000000028e+03 3.119293123999999807e+03 3.119129879600000095e+03 3.118968390799999725e+03 3.118808644400000048e+03 3.118650627199999690e+03 3.118494319399999767e+03 3.118339707799999815e+03 3.118186779200000274e+03 3.118035513799999990e+03 3.117885911599999872e+03 3.117737946199999897e+03 3.117591610999999830e+03 3.117446892799999659e+03 3.117303785000000062e+03 3.117162274399999660e+03 3.117022347799999807e+03 3.116883998600000268e+03 3.116747213599999668e+03 3.116611986200000047e+03 3.116478316400000040e+03 3.116346177800000078e+03 3.116215583600000173e+03 3.116086507400000301e+03 3.115958955799999785e+03 3.115832908999999745e+03 3.115708373599999959e+03 3.115585336399999960e+03 3.115463790799999970e+03 3.115343730200000209e+03 3.115225147999999990e+03 3.115108044200000222e+03 3.114992405599999984e+03 3.114878232199999729e+03 3.114765510799999902e+03 3.114654241400000046e+03 3.114544417400000384e+03 3.114436038800000006e+03 3.114329085800000030e+03 3.114223565000000235e+03 3.114119469799999933e+03 3.114016793599999801e+03 3.113915523200000280e+03 3.113815665199999785e+03 3.113717206400000123e+03
3.047406491599999754e+03 3.047129001199999948e+03 3.046854375200000050e+03 3.046582607000000280e+03 3.046313689999999951e+03 3.046047597799999949e+03 3.045784323800000038e+03 3.045523854799999754e+03 3.045266164399999980e+03 3.045011252600000262e+03 3.044759099599999900e+03 3.044509678999999778e+03 3.044262971000000107e+03 3.044018969000000197e+03 3.043777646600000026e+03 3.043538977400000022e+03 3.043302941599999940e+03 3.043069526000000224e+03 3.042838697600000160e+03 3.042610436599999957e+03 3.042384716600000047e+03 3.042161511199999950e+03 3.041940800599999875e+03 3.041722551800000019e+03 3.041506745000000137e+03 3.041293347199999971e+03 3.041082331999999951e+03 3.040873679600000287e+03 3.040667350400000032e+03 3.040463324599999851e+03 3.040261575800000173e+03 3.040062064400000054e+03 3.039864777199999935e+03 3.039669674599999780e+03 3.039476736800000253e+03 3.039285930799999733e+03 3.039097236800000246e+03 3.038910615199999938e+03 3.038726046199999928e+03 3.038543503400000191e+03 3.038362960399999793e+03 3.038184384199999840e+03 3.038007761599999867e+03 3.037833059600000070e+03 3.037660251799999969e+03 3.037489318400000229e+03 3.037320239600000150e+03 3.037152982399999928e+03 3.036987533600000006e+03 3.036823866799999905e+03
2.941479679399999895e+03 2.941334882000000107e+03 2.941191635600000154e+03 2.941049907200000234e+03 2.940909696799999892e+03 2.940770971400000235e+03 2.940633730999999898e+03 2.940497949200000221e+03 2.940363619400000061e+03 2.940230728399999862e+03 2.940099256399999831e+03 2.939969196799999736e+03 2.939840536400000019e+03 2.939713262000000213e+03 2.939587367000000086e+03 2.939462838200000078e+03 2.939339662399999725e+03 2.939217839599999934e+03 2.939097350000000006e+03 2.938978193599999940e+03 2.938860357200000180e+03 2.938743834200000038e+03 2.938628624599999966e+03 2.938514708599999722e+03 2.938402086199999758e+03 2.938290750799999842e+03 2.938180702399999973e+03 2.938071921199999906e+03 2.937964413799999875e+03 2.937858173600000100e+03 2.937753187400000115e+03 2.937649455199999920e+03 2.937546976999999970e+03 2.937445746200000031e+03 2.937345749600000090e+03 2.937246993799999927e+03 2.937149465599999985e+03 2.937053165000000263e+03 2.936958091999999851e+03 2.936864233400000103e+03 2.936771595799999886e+03 2.936680166000000099e+03 2.936589937400000053e+03 2.936500916599999982e+03 2.936413090400000328e+03 2.936326458800000182e+03 2.936241015200000220e+03 2.936156759599999987e+03 2.936073678799999925e+03 2.935991779400000269e+03
2.865508907599999930e+03 2.865282679400000234e+03 2.865058800799999972e+03 2.864837271800000053e+03 2.864618072600000232e+03 2.864401196599999821e+03 2.864186630600000171e+03 2.863974361399999907e+03 2.863764375799999925e+03 2.863556660600000214e+03 2.863351196000000073e+03 2.863147975400000178e+03 2.862946979000000283e+03 2.862748193599999922e+03 2.862551592799999980e+03 2.862357163399999990e+03 2.862164892199999940e+03 2.861974752799999806e+03 2.861786725400000250e+03 2.861600790200000120e+03 2.861416933999999856e+03 2.861235123800000110e+03 2.861055346399999962e+03 2.860877568800000063e+03 2.860701784400000179e+03 2.860527960200000052e+03 2.860356069800000114e+03 2.860186099999999897e+03 2.860018017800000052e+03 2.859851810000000114e+03 2.859687443599999824e+03 2.859524898799999846e+03 2.859364155799999935e+03 2.859205181599999833e+03 2.859047962999999982e+03 2.858892473599999903e+03 2.858738693600000261e+03 2.858586589999999887e+03 2.858436149600000135e+03 2.858287346000000070e+03 2.858140166000000136e+03 2.857994576600000073e+03 2.857850558000000092e+03 2.857708096999999725e+03 2.857567173800000091e+03 2.857427761999999802e+03 2.857289841799999977e+03 2.857153400000000147e+03 2.857018416800000068e+03 2.856884879000000183e+03
2.762609390000000076e+03 2.762493856999999934e+03 2.762379544999999780e+03 2.762266434199999821e+03 2.762154524600000059e+03 2.762043789800000013e+03 2.761934229800000139e+03 2.761825824800000191e+03 2.761718574800000169e+03 2.761612453400000049e+03 2.761507467200000065e+03 2.761403596399999969e+03 2.761300834399999985e+03 2.761199174599999878e+03 2.761098610399999870e+03 2.760999128599999949e+03 2.760900722599999881e+03 2.760803385799999887e+03 2.760707118199999968e+03 2.760611906600000111e+03 2.760517750999999862e+03 2.760424638200000118e+03 2.760332561600000190e+03 2.760241527799999858e+03 2.760151523600000019e+03 2.760062549000000217e+03 2.759974597399999766e+03 2.759887662199999795e+03 2.759801743399999850e+03 2.759716840999999931e+03 2.759632941800000026e+03 2.759550045799999680e+03 2.759468146400000023e+03 2.759387250199999926e+03 2.759307350600000063e+03 2.759228441000000203e+03 2.759150514800000110e+03 2.759073578600000019e+03 2.758997625800000151e+03 2.758922649799999817e+03 2.758848650599999928e+03 2.758775628200000028e+03 2.758703569400000106e+03 2.758632480799999939e+03 2.758562355799999750e+03 2.758493194399999993e+03 2.758424983400000201e+03 2.758357735999999932e+03 2.758291432399999849e+03 2.758226072599999952e+03
2.683601297539999905e+03 2.683425963919999958e+03 2.683252465099999881e+03 2.683080792499999916e+03 2.682910936880000008e+03 2.682742890319999788e+03 2.682576642259999971e+03 2.682412183460000051e+03 2.682249502040000152e+03 2.682088586779999787e+03 2.681929426460000286e+03 2.681772008540000115e+03 2.681616319820000172e+03 2.681462346440000147e+03 2.681310074540000187e+03 2.681159488939999846e+03 2.681010575780000181e+03 2.680863317899999856e+03 2.680717700780000087e+03 2.680573706600000151e+03 2.680431318859999919e+03 2.680290521060000174e+03 2.680151295380000192e+03 2.680013623339999867e+03 2.679877487780000138e+03 2.679742870219999986e+03 2.679609752180000214e+03 2.679478115179999804e+03 2.679347940740000013e+03 2.679219210379999822e+03 2.679091904959999738e+03 2.678966006659999948e+03 2.678841496340000049e+03 2.678718355519999932e+03 2.678596565719999944e+03 2.678476109119999819e+03 2.678356967900000200e+03 2.678239123580000069e+03 2.678122559659999752e+03 2.678007257660000050e+03 2.677893201079999926e+03 2.677780373420000160e+03 2.677668758840000010e+03 2.677558340179999959e+03 2.677449102260000018e+03 2.677341029899999739e+03 2.677234109240000180e+03 2.677128324440000142e+03 2.677023662300000069e+03 2.676920108960000107e+03
2.583706103239999720e+03 2.583619735639999817e+03 2.583534274879999884e+03 2.583449711060000027e+03 2.583366034939999736e+03 2.583283237939999708e+03 2.583201311480000186e+03 2.583120246319999751e+03 2.583040035200000148e+03 2.582960670859999937e+03 2.582882146039999952e+03 2.582804453480000120e+03 2.582727587899999889e+03 2.582651542040000095e+03 2.582576310620000186e+03 2.582501888360000066e+03 2.582428269980000096e+03 2.582355450199999723e+03 2.582283425720000196e+03 2.582212190600000213e+03 2.582141742199999953e+03 2.582072075900000073e+03 2.582003188399999999e+03 2.581935076400000071e+03 2.581867736600000171e+03 2.581801165700000183e+03 2.581735361059999832e+03 2.581670320039999751e+03 2.581606039340000279e+03 2.581542518299999756e+03 2.581479752299999745e+03 2.581417740679999952e+03 2.581356480800000099e+03 2.581295970019999913e+03 2.581236206359999869e+03 2.581177188499999829e+03 2.581118913140000132e+03 2.581061379620000025e+03 2.581004584639999848e+03 2.580948526879999918e+03 2.580893204359999800e+03 2.580838614440000129e+03 2.580784755799999857e+03 2.580731625139999778e+03 2.580679220479999913e+03 2.580627539840000281e+03 2.580576581239999996e+03 2.580526341379999849e+03 2.580476818279999861e+03 2.580428009299999758e+03
2.501686863079999966e+03 2.501562126379999881e+03 2.501438700440000048e+03 2.501316580640000211e+03 2.501195759719999842e+03 2.501076231739999912e+03 2.500957989439999892e+03 2.500841024899999866e+03 2.500725330199999917e+03 2.500610897420000128e+03 2.500497717319999992e+03 2.500385781320000206e+03 2.500275079519999963e+03 2.500165601359999982e+03 2.500057336939999914e+03 2.499950275700000020e+03 2.499844406419999814e+03 2.499739717219999875e+03 2.499636196880000170e+03 2.499533833519999916e+03 2.499432613280000169e+03 2.499332525599999826e+03 2.499233556619999945e+03 2.499135693140000058e+03 2.499038923279999835e+03 2.498943232520000038e+03 2.498848607660000198e+03 2.498755036160000145e+03 2.498662503499999730e+03 2.498570997140000145e+03 2.498480502559999877e+03 2.498391007220000120e+03 2.498302497260000109e+03 2.498214959479999834e+03 2.498128380019999895e+03 2.498042746999999963e+03 2.497958046560000184e+03 2.497874266159999934e+03 2.497791393259999950e+03 2.497709415320000062e+03 2.497628319800000099e+03 2.497548096139999871e+03 2.497468731800000114e+03 2.497390214900000046e+03 2.497312534879999930e+03 2.497235681180000029e+03 2.497159642579999854e+03 2.497084409179999966e+03 2.497009971739999855e+03 2.496936319699999785e+03
2.404773818059999940e+03 2.404716578239999762e+03 2.404659938360000069e+03 2.404603892480000013e+03 2.404548435319999953e+03 2.404493559619999814e+03 2.404439260760000252e+03 2.404385532799999964e+03 2.404332370459999765e+03 2.404279769780000152e+03 2.404227725480000117e+03 2.404176232939999863e+03 2.404125288860000182e+03 2.404074888619999911e+03 2.404025028919999841e+03 2.403975705800000014e+03 2.403926916620000156e+03 2.403878658080000150e+03 2.403830926879999879e+03 2.403783721039999818e+03 2.403737037259999852e+03 2.403690874219999841e+03 2.403645228620000125e+03 2.403600098479999815e+03 2.403555481819999841e+03 2.403511377320000065e+03 2.403467783000000054e+03 2.403424696219999987e+03 2.403382116979999864e+03 2.403340042639999865e+03 2.403298472540000148e+03 2.403257404039999983e+03 2.403216837139999825e+03 2.403176769860000149e+03 2.403137200879999909e+03 2.403098128879999877e+03 2.403059552539999913e+03 2.403021471200000178e+03 2.402983882880000237e+03 2.402946786259999953e+03 2.402910180679999939e+03 2.402874064159999762e+03 2.402838435380000192e+03 2.402803293020000183e+03 2.402768636419999893e+03 2.402734462280000116e+03 2.402700770599999942e+03 2.402667559399999845e+03 2.402634826699999849e+03 2.402602571179999813e+03
2.319759275479999815e+03 2.319684918559999915e+03 2.319611348360000193e+03 2.319538561580000078e+03 2.319466554919999908e+03 2.319395324420000179e+03 2.319324864799999887e+03 2.319255171440000140e+03 2.319186241039999913e+03 2.319118066340000041e+03 2.319050644039999952e+03 2.318983966880000025e+03 2.318918029580000166e+03 2.318852826860000278e+03 2.318788350799999989e+03 2.318724595459999819e+03 2.318661554899999828e+03 2.318599220539999806e+03 2.318537587100000110e+03 2.318476645339999777e+03 2.318416389320000235e+03 2.318356809800000065e+03 2.318297900839999784e+03 2.318239653200000248e+03 2.318182059620000018e+03 2.318125111520000246e+03 2.318068800980000105e+03 2.318013120080000135e+03 2.317958060899999964e+03 2.317903614199999993e+03 2.317849773379999988e+03 2.317796529199999895e+03 2.317743873739999799e+03 2.317691799080000237e+03 2.317640297299999929e+03 2.317589359820000027e+03 2.317538980039999842e+03 2.317489150039999913e+03 2.317439861240000027e+03 2.317391107039999952e+03 2.317342880180000066e+03 2.317295173399999840e+03 2.317247979440000108e+03 2.317201291700000183e+03 2.317155102919999990e+03 2.317109407819999888e+03 2.317064199139999801e+03 2.317019471600000088e+03 2.316975218600000062e+03 2.316931434860000081e+03
2.225834661620000134e+03 2.225806500740000047e+03 2.225778639499999827e+03 2.225751073280000128e+03 2.225723800100000062e+03 2.225696817319999809e+03 2.225670121640000161e+03 2.225643709760000093e+03 2.225617580359999920e+03 2.225591730799999823e+03 2.225566158439999981e+03 2.225540861299999960e+03 2.225515837400000237e+03 2.225491084759999922e+03 2.225466601399999945e+03 2.225442386000000170e+03 2.225418436580000161e+03 2.225394751820000238e+03 2.225371330399999806e+03 2.225348171000000093e+03 2.225325272300000051e+03 2.225302632979999998e+03 2.225280251719999796e+03 2.225258128519999900e+03 2.225236261399999876e+03 2.225214649699999882e+03 2.225193292760000077e+03 2.225172189920000164e+03 2.225151339860000007e+03 2.225130741920000219e+03 2.225110396099999889e+03 2.225090300419999949e+03 2.225070455539999784e+03 2.225050859479999872e+03 2.225031512900000052e+03 2.225012414480000189e+03 2.224993564219999826e+03 2.224974960139999894e+03 2.224956602899999780e+03 2.224938491179999801e+03 2.224920624320000115e+03 2.224903001659999973e+03 2.224885623199999827e+03 2.224868486960000155e+03 2.224851593599999887e+03 2.224834941139999955e+03 2.224818529579999904e+03 2.224802357600000050e+03 2.224786424540000098e+03 2.224770729079999910e+03
2.137828539019999880e+03 2.137804428559999906e+03 2.137780579459999899e+03 2.137756991060000018e+03 2.137733661379999830e+03 2.137710589759999948e+03 2.137687774879999779e+03 2.137665214099999957e+03 2.137642907420000029e+03 2.137620852200000172e+03 2.137599046459999954e+03 2.137577488880000146e+03 2.137556176820000019e+03 2.137535108959999889e+03 2.137514283319999777e+03 2.137493697259999863e+03 2.137473348800000167e+03 2.137453235299999960e+03 2.137433354119999876e+03 2.137413703940000232e+03 2.137394280800000161e+03 2.137375083379999978e+03 2.137356109039999865e+03 2.137337354480000158e+03 2.137318817060000129e+03 2.137300494799999797e+03 2.137282384399999955e+03 2.137264483219999875e+03 2.137246789280000030e+03 2.137229299279999850e+03 2.137212009920000128e+03 2.137194919879999816e+03 2.137178025860000162e+03 2.137161324560000139e+03 2.137144814000000224e+03 2.137128491540000141e+03 2.137112354540000069e+03 2.137096400360000189e+03 2.137080627020000065e+03 2.137065031220000037e+03 2.137049610980000125e+03 2.137034363660000054e+03 2.137019287940000140e+03 2.137004379859999972e+03 2.136989638760000162e+03 2.136975061999999980e+03 2.136960647599999902e+03 2.136946392920000108e+03 2.136932296640000004e+03 2.136918356780000067e+03
2.046878527102400085e+03 2.046879456184399942e+03 2.046880385299399904e+03 2.046881314453999948e+03 2.046882243634999895e+03 2.046883172829200021e+03 2.046884102029999895e+03 2.046885031204400093e+03 2.046885960339199983e+03 2.046886889407999888e+03 2.046887818364599980e+03 2.046888747182599900e+03 2.046889675822400022e+03 2.046890604244400038e+03 2.046891532389199938e+03 2.046892460210599893e+03 2.046893387662400073e+03 2.046894314672000064e+03 2.046895241186600060e+03 2.046896167140200077e+03 2.046897092466799904e+03 2.046898017087200060e+03 2.046898940935400105e+03 2.046899863938800081e+03 2.046900786005000100e+03 2.046901707061399975e+03 2.046902627022200022e+03 2.046903545801600103e+03 2.046904463313800079e+03 2.046905379473000039e+03 2.046906294180199893e+03 2.046907207342999982e+03 2.046908118875599939e+03 2.046909028685600106e+03 2.046909936667399961e+03 2.046910842728600073e+03 2.046911746783400076e+03 2.046912648719599929e+03 2.046913548451399947e+03 2.046914445879800041e+03 2.046915340905799894e+03 2.046916233437000074e+03 2.046917123367800059e+03 2.046918010612399939e+03 2.046918895078400055e+03 2.046919776660199886e+03 2.046920655271999976e+03 2.046921530814800008e+03 2.046922403209400045e+03 2.046923272343600047e+03
1.955882679979999921e+03 1.955908776380000063e+03 1.955934608119999893e+03 1.955960174540000025e+03 1.955985478939999894e+03 1.956010521980000021e+03 1.956035305639999933e+03 1.956059831239999994e+03 1.956084100759999956e+03 1.956108115519999956e+03 1.956131878160000042e+03 1.956155389999999898e+03 1.956178654340000094e+03 1.956201671840000017e+03 1.956224445800000012e+03 1.956246977539999989e+03 1.956269270360000064e+03 1.956291326239999989e+03 1.956313147820000040e+03 1.956334737740000037e+03 1.956356098640000027e+03 1.956377232499999991e+03 1.956398143280000113e+03 1.956418832300000076e+03 1.956439303520000067e+03 1.956459558259999994e+03 1.956479601139999886e+03 1.956499433480000107e+03 1.956519058580000092e+03 1.956538479739999957e+03 1.956557698939999909e+03 1.956576720139999907e+03 1.956595544660000087e+03 1.956614175799999884e+03 1.956632616860000098e+03 1.956650869820000025e+03 1.956668937980000010e+03 1.956686823320000030e+03 1.956704528479999908e+03 1.956722056759999987e+03 1.956739410140000018e+03 1.956756590599999981e+03 1.956773601439999993e+03 1.956790444640000032e+03 1.956807122180000079e+03 1.956823636040000110e+03 1.956839989520000017e+03 1.956856183280000096e+03 1.956872219959999939e+03 1.956888101539999980e+03
1.867930856899999981e+03 1.867960850599999958e+03 1.867990545979999979e+03 1.868019945020000023e+03 1.868049051680000048e+03 1.868077868600000102e+03 1.868106397759999936e+03 1.868134642460000123e+03 1.868162605340000027e+03 1.868190288380000084e+03 1.868217694219999885e+03 1.868244824180000023e+03 1.868271680900000092e+03 1.868298266360000071e+03 1.868324581880000096e+03 1.868350628780000079e+03 1.868376409039999999e+03 1.868401924640000061e+03 1.868427175580000039e+03 1.868452163840000139e+03 1.868476890740000044e+03 1.868501356940000051e+03 1.868525563760000068e+03 1.868549511200000097e+03 1.868573201239999889e+03 1.868596634539999968e+03 1.868619811100000106e+03 1.868642731579999918e+03 1.868665397960000064e+03 1.868687808919999952e+03 1.868709966440000017e+03 1.868731870520000030e+03 1.868753521820000060e+03 1.868774920999999949e+03 1.868796068059999925e+03 1.868816963660000056e+03 1.868837607800000114e+03 1.868858002460000080e+03 1.868878146320000042e+03 1.868898041359999979e+03 1.868917686920000051e+03 1.868937084319999940e+03 1.868956233560000101e+03 1.868975135299999920e+03 1.868993790199999921e+03 1.869012198919999946e+03 1.869030362120000063e+03 1.869048279800000046e+03 1.869065953939999872e+03 1.869083384539999997e+03
1.773966324259999965e+03 1.774042673720000039e+03 1.774118233160000045e+03 1.774193005220000032e+03 1.774266995180000094e+03 1.774340206339999895e+03 1.774412643319999916e+03 1.774484310739999955e+03 1.774555214539999952e+03 1.774625358680000090e+03 1.774694749759999922e+03 1.774763392399999930e+03 1.774831293199999891e+03 1.774898458760000040e+03 1.774964895019999858e+03 1.775030608580000035e+03 1.775095606699999962e+03 1.775159895979999874e+03 1.775223483680000072e+03 1.775286378380000087e+03 1.775348586020000084e+03 1.775410115839999889e+03 1.775470974439999964e+03 1.775531171059999906e+03 1.775590712299999950e+03 1.775649607400000150e+03 1.775707864279999967e+03 1.775765491520000069e+03 1.775822496380000075e+03 1.775878887439999971e+03 1.775934673940000039e+03 1.775989862480000056e+03 1.776044462960000146e+03 1.776098482639999929e+03 1.776151928779999935e+03 1.776204810619999989e+03 1.776257136080000009e+03 1.776308911760000001e+03 1.776360146900000018e+03 1.776410847439999998e+03 1.776461021300000084e+03 1.776510675739999897e+03 1.776559818019999966e+03 1.776608455399999912e+03 1.776656593820000126e+03 1.776704239220000090e+03 1.776751399519999950e+03 1.776798080000000027e+03 1.776844286600000032e+03 1.776890025259999902e+03
1.688986178239999845e+03 1.689045256160000008e+03 1.689103733480000074e+03 1.689161616800000047e+03 1.689218911400000025e+03 1.689275623880000012e+03 1.689331760179999947e+03 1.689387324920000083e+03 1.689442323380000062e+03 1.689496760179999910e+03 1.689550640599999952e+03 1.689603967940000075e+03 1.689656747479999922e+03 1.689708981859999994e+03 1.689760675699999865e+03 1.689811831640000037e+03 1.689862452979999944e+03 1.689912543019999930e+03 1.689962104400000044e+03 1.690011139100000037e+03 1.690059651080000094e+03 1.690107641000000058e+03 1.690155112160000044e+03 1.690202065879999964e+03 1.690248504800000092e+03 1.690294429580000042e+03 1.690339842200000021e+03 1.690384744640000008e+03 1.690429137560000072e+03 1.690473022939999964e+03 1.690516402759999892e+03 1.690559276360000013e+03 1.690601647039999989e+03 1.690643514139999979e+03 1.690684880300000032e+03 1.690725745519999919e+03 1.690766111780000074e+03 1.690805979740000112e+03 1.690845350059999873e+03 1.690884224720000020e+03 1.690922604379999939e+03 1.690960491020000063e+03 1.690997884639999938e+03 1.691034787219999998e+03 1.691071199420000085e+03 1.691107123880000017e+03 1.691142560600000024e+03 1.691177511559999857e+03 1.691211978079999881e+03 1.691245962140000074e+03
1.592039459359999910e+03 1.592166205759999912e+03 1.592291637440000159e+03 1.592415759019999996e+03 1.592538578420000022e+03 1.592660101579999946e+03 1.592780336419999912e+03 1.592899290199999996e+03 1.593016971499999954e+03 1.593133388239999931e+03 1.593248548999999912e+03 1.593362463680000019e+03 1.593475142180000148e+03 1.593586594399999967e+03 1.593696830899999895e+03 1.593805861580000055e+03 1.593913698979999936e+03 1.594020354320000024e+03 1.594125838819999899e+03 1.594230165680000027e+03 1.594333346119999987e+03 1.594435394000000088e+03 1.594536321199999975e+03 1.594636141579999958e+03 1.594734867679999979e+03 1.594832512700000052e+03 1.594929091160000098e+03 1.595024615600000061e+03 1.595119099880000022e+03 1.595212557860000061e+03 1.595305002080000122e+03 1.595396447719999969e+03 1.595486906659999931e+03 1.595576394080000000e+03 1.595664921199999981e+03 1.595752503200000092e+03 1.595839151959999981e+03 1.595924880020000046e+03 1.596009701240000140e+03 1.596093626840000070e+03 1.596176670020000074e+03 1.596258842660000028e+03 1.596340155979999963e+03 1.596420621199999914e+03 1.596500250860000051e+03 1.596579054199999973e+03 1.596657043100000010e+03 1.596734226799999988e+03 1.596810615860000098e+03 1.596886220180000009e+03
1.510055889560000196e+03 1.510144076120000136e+03 1.510231355180000037e+03 1.510317736640000021e+03 1.510403230399999984e+03 1.510487844380000070e+03 1.510571587819999877e+03 1.510654469300000073e+03 1.510736496080000052e+03 1.510817676079999956e+03 1.510898015900000019e+03 1.510977522140000019e+03 1.511056202060000032e+03 1.511134060280000085e+03 1.511211104060000025e+03 1.511287338019999879e+03 1.511362766780000129e+03 1.511437396280000030e+03 1.511511229820000153e+03 1.511584272019999844e+03 1.511656526839999970e+03 1.511727998240000034e+03 1.511798689520000153e+03 1.511868603320000148e+03 1.511937744260000045e+03 1.512006113659999983e+03 1.512073715479999919e+03 1.512140551700000060e+03 1.512206624959999999e+03 1.512271937239999943e+03 1.512336491179999939e+03 1.512400289419999808e+03 1.512463332620000074e+03 1.512525624079999943e+03 1.512587165780000078e+03 1.512647958380000091e+03 1.512708005180000100e+03 1.512767307500000015e+03 1.512825867320000043e+03 1.512883685960000093e+03 1.512940766719999829e+03 1.512997110259999999e+03 1.513052719219999972e+03 1.513107595580000179e+03 1.513161741979999988e+03 1.513215159079999921e+03 1.513267850180000096e+03 1.513319817919999878e+03 1.513371063619999859e+03 1.513421590580000156e+03
1.410116512220000004e+03 1.410293883920000098e+03 1.410469417519999979e+03 1.410643121600000086e+03 1.410815005400000018e+03 1.410985076840000147e+03 1.411153347139999823e+03 1.411319826200000080e+03 1.411484523919999901e+03 1.411647453500000211e+03 1.411808624839999993e+03 1.411968052459999853e+03 1.412125748240000121e+03 1.412281726040000194e+03 1.412436000379999996e+03 1.412588586440000199e+03 1.412739498079999976e+03 1.412888751800000136e+03 1.413036364099999901e+03 1.413182350820000011e+03 1.413326729119999982e+03 1.413469516160000012e+03 1.413610729760000140e+03 1.413750387739999951e+03 1.413888507919999938e+03 1.414025108779999982e+03 1.414160208140000123e+03 1.414293825799999922e+03 1.414425979579999876e+03 1.414556687960000090e+03 1.414685970080000061e+03 1.414813844419999896e+03 1.414940330119999999e+03 1.415065444999999954e+03 1.415189208199999939e+03 1.415311636879999924e+03 1.415432750840000153e+03 1.415552565920000006e+03 1.415671101259999887e+03 1.415788373359999923e+03 1.415904399380000086e+03 1.416019196480000119e+03 1.416132781159999922e+03 1.416245168599999943e+03 1.416356374640000013e+03 1.416466415779999807e+03 1.416575305220000018e+03 1.416683058139999957e+03 1.416789689060000001e+03 1.416895211179999933e+03
1.331147652800000060e+03 1.331265000800000053e+03 1.331381127799999831e+03 1.331496047000000090e+03 1.331609765000000152e+03 1.331722308200000043e+03 1.331833676599999990e+03 1.331943883400000004e+03 1.332052941800000099e+03 1.332160865000000058e+03 1.332267659600000115e+03 1.332373332199999822e+03 1.332477895999999873e+03 1.332581357600000047e+03 1.332683723600000121e+03 1.332785007200000109e+03 1.332885208400000010e+03 1.332984340400000065e+03 1.333082403200000044e+03 1.333179409999999962e+03 1.333275360800000044e+03 1.333370268800000076e+03 1.333464127400000052e+03 1.333556949799999984e+03 1.333648742599999878e+03 1.333739499199999955e+03 1.333829232800000000e+03 1.333917950000000019e+03 1.334005644200000006e+03 1.334092328599999973e+03 1.334178003200000148e+03 1.334262667999999849e+03 1.334346329599999990e+03 1.334428994599999896e+03 1.334510656400000016e+03 1.334591328200000135e+03 1.334671003400000018e+03 1.334749695199999906e+03 1.334827397000000019e+03 1.334904121999999916e+03 1.334979863600000044e+03 1.335054628400000183e+03 1.335128416399999878e+03 1.335201234199999817e+03 1.335273088400000006e+03 1.335343972399999984e+03 1.335413899399999991e+03 1.335482862800000021e+03 1.335550875800000085e+03 1.335617931799999951e+03
1.228190959399999883e+03 1.228419260000000122e+03 1.228645211000000018e+03 1.228868819000000030e+03 1.229090083999999933e+03 1.229309032399999978e+03 1.229525664199999937e+03 1.229739999200000057e+03 1.229952050599999893e+03 1.230161825000000135e+03 1.230369348799999898e+03 1.230574622000000090e+03 1.230777677600000061e+03 1.230978515600000037e+03 1.231177169000000049e+03 1.231373644400000103e+03 1.231567968199999996e+03 1.231760153599999967e+03 1.231950226999999813e+03 1.232138201600000002e+03 1.232324103800000103e+03 1.232507953400000133e+03 1.232689770200000112e+03 1.232869580600000063e+03 1.233047397799999999e+03 1.233223261399999956e+03 1.233397178000000167e+03 1.233569180599999981e+03 1.233739289000000099e+03 1.233907522999999856e+03 1.234073915599999964e+03 1.234238479999999981e+03 1.234401249200000166e+03 1.234562236400000074e+03 1.234721474599999965e+03 1.234878983600000083e+03 1.235034783199999993e+03 1.235188899799999945e+03 1.235341353199999958e+03 1.235492169800000056e+03 1.235641369400000031e+03 1.235788965199999893e+03 1.235934990199999902e+03 1.236079457600000069e+03 1.236222393799999963e+03 1.236363812000000053e+03 1.236503738599999906e+03 1.236642180199999984e+03 1.236779169800000091e+03 1.236914714000000004e+03
1.152266664799999944e+03 1.152413270600000033e+03 1.152558332000000064e+03 1.152701862200000051e+03 1.152843887600000016e+03 1.152984414799999968e+03 1.153123463599999923e+03 1.153261047200000121e+03 1.153397178799999892e+03 1.153531871600000159e+03 1.153665145400000029e+03 1.153797000200000184e+03 1.153927455799999962e+03 1.154056525400000055e+03 1.154184215600000016e+03 1.154310539600000084e+03 1.154435504000000037e+03 1.154559115399999882e+03 1.154681393599999865e+03 1.154802338599999985e+03 1.154921957000000020e+03 1.155040255400000206e+03 1.155157253600000104e+03 1.155272945000000163e+03 1.155387336199999936e+03 1.155500446999999895e+03 1.155612270800000033e+03 1.155722814199999902e+03 1.155832083799999964e+03 1.155940092800000002e+03 1.156046834600000011e+03 1.156152322400000003e+03 1.156256556199999977e+03 1.156359542600000168e+03 1.156461281599999893e+03 1.156561786400000074e+03 1.156661050400000022e+03 1.156759086800000205e+03 1.156855895600000167e+03 1.156951483400000143e+03 1.157045850200000132e+03 1.157139002599999912e+03 1.157230947200000173e+03 1.157321684000000005e+03 1.157411219600000095e+03 1.157499553999999989e+03 1.157586693799999921e+03 1.157672652199999902e+03 1.157757415999999921e+03 1.157841004999999996e+03
1.046281132399999933e+03 1.046560741400000097e+03 1.046837485999999899e+03 1.047111366199999793e+03 1.047382401800000025e+03 1.047650605999999925e+03 1.047915992000000188e+03 1.048178572999999915e+03 1.048438362200000029e+03 1.048695385999999871e+03 1.048949644400000125e+03 1.049201170400000137e+03 1.049449977199999921e+03 1.049696077999999943e+03 1.049939499200000000e+03 1.050180267199999889e+03 1.050418388600000071e+03 1.050653902999999900e+03 1.050886823600000071e+03 1.051117170199999919e+03 1.051344982399999935e+03 1.051570266799999899e+03 1.051793063000000075e+03 1.052013390800000025e+03 1.052231276600000001e+03 1.052446753400000034e+03 1.052659841000000142e+03 1.052870565799999895e+03 1.053078967400000010e+03 1.053285059000000047e+03 1.053488880200000040e+03 1.053690450800000008e+03 1.053889797199999975e+03 1.054086959000000206e+03 1.054281956000000037e+03 1.054474814599999945e+03 1.054665567800000190e+03 1.054854241999999886e+03 1.055040856999999960e+03 1.055225452399999995e+03 1.055408041400000002e+03 1.055588657000000012e+03 1.055767319000000043e+03 1.055944060400000126e+03 1.056118907600000057e+03 1.056291873799999848e+03 1.056462985399999980e+03 1.056632275400000026e+03 1.056799757000000000e+03 1.056965450000000146e+03
9.734190398000000641e+02 9.735950617999999395e+02 9.737692093999999088e+02 9.739415023999999903e+02 9.741119539999999688e+02 9.742805840000000899e+02 9.744474187999999231e+02 9.746124781999999414e+02 9.747757688000001508e+02 9.749373169999998936e+02 9.750971359999998640e+02 9.752552390000000742e+02 9.754116457999998602e+02 9.755663630000001376e+02 9.757194170000000213e+02 9.758708143999999720e+02 9.760205617999999959e+02 9.761686789999998837e+02 9.763151792000001024e+02 9.764600623999999698e+02 9.766033549999999650e+02 9.767450569999998606e+02 9.768851750000001175e+02 9.770237288000000717e+02 9.771607118000001719e+02 9.772961503999999877e+02 9.774300445999999738e+02 9.775624009999999089e+02 9.776932262000000264e+02 9.778225268000001051e+02 9.779503159999999298e+02 9.780765937999999551e+02 9.782013733999999658e+02 9.783246547999999621e+02 9.784464445999999498e+02 9.785667559999999412e+02 9.786855823999999302e+02 9.788029435999999350e+02 9.789188329999999496e+02 9.790332703999999922e+02 9.791462426000000505e+02 9.792577693999999155e+02 9.793678508000000420e+02 9.794764933999999812e+02 9.795837037999999666e+02 9.796894819999999982e+02 9.797938411999998607e+02 9.798967814000000089e+02 9.799983091999999942e+02 9.800984378000000561e+02
8.643886964000000717e+02 8.647200361999998677e+02 8.650479967999999644e+02 8.653725914000001467e+02 8.656938397999999779e+02 8.660117420000001403e+02 8.663263309999999819e+02 8.666376067999999577e+02 8.669456023999998706e+02 8.672503178000001753e+02 8.675517859999999928e+02 8.678500268000000233e+02 8.681450468000000456e+02 8.684368789999998626e+02 8.687255432000001747e+02 8.690110658000000967e+02 8.692934599999998682e+02 8.695727653999999802e+02 8.698489951999999903e+02 8.701221889999999348e+02 8.703923600000000533e+02 8.706595478000001549e+02 8.709237722000000304e+02 8.711850727999999435e+02 8.714434693999999126e+02 8.716989949999999681e+02 8.719516891999999189e+02 8.722015652000000046e+02 8.724486758000000464e+02 8.726930342000000564e+02 8.729346866000000773e+02 8.731736593999999059e+02 8.734099790000000212e+02 8.736436850000000049e+02 8.738748104000001149e+02 8.741033815999999206e+02 8.743294315999999071e+02 8.745529934000001049e+02 8.747741066000000956e+02 8.749927843999998913e+02 8.752090729999999894e+02 8.754229987999999594e+02 8.756345882000000529e+02 8.758438741999998456e+02 8.760508831999998165e+02 8.762556415999999899e+02 8.764581889999999476e+02 8.766585386000001563e+02 8.768567233999999644e+02 8.770527698000000782e+02
7.946160308000000896e+02 7.948217065999999704e+02 7.950251582000000781e+02 7.952264053999999760e+02 7.954254811999999220e+02 7.956224054000001615e+02 7.958172044000000369e+02 7.960098914000000150e+02 7.962004993999998987e+02 7.963890416000001551e+02 7.965755378000001201e+02 7.967600078000000394e+02 7.969424714000001586e+02 7.971229549999998198e+02 7.973014585999999326e+02 7.974780152000000726e+02 7.976526314000000184e+02 7.978253204000000096e+02 7.979961086000000705e+02 7.981649959999999737e+02 7.983320089999999709e+02 7.984971541999998408e+02 7.986604382000000442e+02 7.988218873999999232e+02 7.989814952000001540e+02 7.991392946000000848e+02 7.992952789999999368e+02 7.994494615999999496e+02 7.996018556000001354e+02 7.997524742000000515e+02 7.999013173999999253e+02 8.000484050000000025e+02 8.001937370000000556e+02 8.003373199999998633e+02 8.004791737999998986e+02 8.006192983999999342e+02 8.007577003999999761e+02 8.008943864000000303e+02 8.010293695999998818e+02 8.011626565999999912e+02 8.012942539999999099e+02 8.014241618000000926e+02 8.015523997999998755e+02 8.016789614000001620e+02 8.018038598000000547e+02 8.019271081999997932e+02 8.020486999999998261e+02 8.021686549999999443e+02 8.022869731999999203e+02 8.024036545999999817e+02
6.824917657999999392e+02 6.828753116000000318e+02 6.832549699999999575e+02 6.836307673999999679e+02 6.840027104000000691e+02 6.843708254000000579e+02 6.847351190000001679e+02 6.850956175999999687e+02 6.854523344000001543e+02 6.858052892000000611e+02 6.861545018000001619e+02 6.864999920000000202e+02 6.868417862000001151e+02 6.871799042000000100e+02 6.875143723999999565e+02 6.878452105999999731e+02 6.881724451999998564e+02 6.884961091999998644e+02 6.888162223999997877e+02 6.891328178000001117e+02 6.894459283999999570e+02 6.897555806000000302e+02 6.900618073999999069e+02 6.903646352000000661e+02 6.906641036000000895e+02 6.909602455999997801e+02 6.912530876000000717e+02 6.915426758000000973e+02 6.918290300000001025e+02 6.921121963999999025e+02 6.923922080000002097e+02 6.926690978000001451e+02 6.929429054000001997e+02 6.932136637999999493e+02 6.934814060000001064e+02 6.937461782000000312e+02 6.940080067999999756e+02 6.942669247999999698e+02 6.945229784000000564e+02 6.947761940000000322e+02 6.950266112000001613e+02 6.952742630000000190e+02 6.955191889999998693e+02 6.957614089999999578e+02 6.960009691999998722e+02 6.962379026000000977e+02 6.964722289999999703e+02 6.967039945999999873e+02 6.969332191999999395e+02 6.971599358000000848e+02
6.158644225999998980e+02 6.161001019999998789e+02 6.163331876000002012e+02 6.165637255999999979e+02 6.167917357999999695e+02 6.170172512000001461e+02 6.172402916000000914e+02 6.174608899999998357e+02 6.176790662000000793e+02 6.178948531999999432e+02 6.181082707999999002e+02 6.183193388000001960e+02 6.185280769999999393e+02 6.187345184000000700e+02 6.189386827999999241e+02 6.191405767999999625e+02 6.193402333999999883e+02 6.195376658000000134e+02 6.197328938000000562e+02 6.199259371999999075e+02 6.201168092000000343e+02 6.203055295999999998e+02 6.204921116000000438e+02 6.206765684000001784e+02 6.208589131999999609e+02 6.210391724000000977e+02 6.212173459999999068e+02 6.213934537999998611e+02 6.215675090000002001e+02 6.217395248000000265e+02 6.219095078000000285e+02 6.220774711999999909e+02 6.222434215999999196e+02 6.224073853999998391e+02 6.225693559999999707e+02 6.227293532000001051e+02 6.228873902000000271e+02 6.230434603999999581e+02 6.231975902000001497e+02 6.233497861999999259e+02 6.235000484000001961e+02 6.236483966000000692e+02 6.237948307999999997e+02 6.239393642000000000e+02 6.240820034000000760e+02 6.242227550000000065e+02 6.243616322000000309e+02 6.244986349999999220e+02 6.246337831999999253e+02 6.247670768000000407e+02
5.006021414000001641e+02 5.010383618000000752e+02 5.014702130000000579e+02 5.018977081999998973e+02 5.023208606000000600e+02 5.027396966000001157e+02 5.031542294000000766e+02 5.035644787999999608e+02 5.039704580000000078e+02 5.043722000000000207e+02 5.047697180000000117e+02 5.051630317999999988e+02 5.055521678000000065e+02 5.059371523999998317e+02 5.063179987999999412e+02 5.066947465999999167e+02 5.070674222000000100e+02 5.074360388000000057e+02 5.078006426000001738e+02 5.081612533999998504e+02 5.085179107999999815e+02 5.088706346000001304e+02 5.092194709999998850e+02 5.095644463999999516e+02 5.099055937999999060e+02 5.102429527999997845e+02 5.105765563999998449e+02 5.109064441999998962e+02 5.112326491999999689e+02 5.115552109999998720e+02 5.118741758000001028e+02 5.121895700000000033e+02 5.125014332000000650e+02 5.128098116000001028e+02 5.131147381999999197e+02 5.134162592000000132e+02 5.137144075999999586e+02 5.140092230000000200e+02 5.143007450000000063e+02 5.145890131999999539e+02 5.148740671999998995e+02 5.151559465999998793e+02 5.154346843999999237e+02 5.157103202000000692e+02 5.159828935999998976e+02 5.162524376000001212e+02 5.165189918000000944e+02 5.167825892000000749e+02 5.170432694000000993e+02 5.173010587999999643e+02
4.371311095999999452e+02 4.373972215999999662e+02 4.376603834000000006e+02 4.379206148000000667e+02 4.381779619999999795e+02 4.384324579999999969e+02 4.386841226000001370e+02 4.389329887999999755e+02 4.391790962000000036e+02 4.394224646000000121e+02 4.396631269999998040e+02 4.399011098000000857e+02 4.401364327999999659e+02 4.403691289999999299e+02 4.405992248000000018e+02 4.408267400000001999e+02 4.410517010000000937e+02 4.412741275999999289e+02 4.414940461999999570e+02 4.417114699999999630e+02 4.419264320000002044e+02 4.421389387999997780e+02 4.423490233999998509e+02 4.425566923999999744e+02 4.427619656000001669e+02 4.429648693999999978e+02 4.431654104000001553e+02 4.433636149999999816e+02 4.435594897999999375e+02 4.437530545999998139e+02 4.439443291999998564e+02 4.441333136000000650e+02 4.443200342000000092e+02 4.445045041999999285e+02 4.446867301999998290e+02 4.448667319999999563e+02 4.450445162000000892e+02 4.452200960000000123e+02 4.453934911999999713e+02 4.455647017999999662e+02 4.457337410000000091e+02 4.459006285999998909e+02 4.460653646000000663e+02 4.462279622000000927e+02 4.463884345999999823e+02 4.465467883999999685e+02 4.467030367999998361e+02 4.468571930000000521e+02 4.470092503999999280e+02 4.471592288000001645e+02
3.187532720000001518e+02 3.192426355999998577e+02 3.197271415999998680e+02 3.202068229999999858e+02 3.206816863999999896e+02 3.211517582000001312e+02 3.216170581999999740e+02 3.220776061999999911e+02 3.225334219999999732e+02 3.229845253999999386e+02 3.234309362000001329e+02 3.238726808000001256e+02 3.243097855999999410e+02 3.247422638000000461e+02 3.251701484000000164e+02 3.255934657999998763e+02 3.260122423999998773e+02 3.264264980000000378e+02 3.268362787999999455e+02 3.272416046000000733e+02 3.276425017999999909e+02 3.280390166000001955e+02 3.284311754000000292e+02 3.288190111999999772e+02 3.292025635999998485e+02 3.295818655999999010e+02 3.299569567999999435e+02 3.303278768000000127e+02 3.306946585999999115e+02 3.310573418000001311e+02 3.314159726000000319e+02 3.317705905999998777e+02 3.321212287999999262e+02 3.324679333999999926e+02 3.328107505999998921e+02 3.331497134000001097e+02 3.334848680000000058e+02 3.338162605999998505e+02 3.341439242000001286e+02 3.344679049999999734e+02 3.347882426000001033e+02 3.351049831999998787e+02 3.354181598000000122e+02 3.357278252000000975e+02 3.360340124000001651e+02 3.363367610000000241e+02 3.366361172000001716e+02 3.369321140000001833e+02 3.372247976000001017e+02 3.375141944000001786e+02
2.584622389999999541e+02 2.587593578000000889e+02 2.590531304000001001e+02 2.593436030000000301e+02 2.596308151999999154e+02 2.599148000000000138e+02 2.601955903999999009e+02 2.604732259999998405e+02 2.607477331999998569e+02 2.610191515999999865e+02 2.612875141999998050e+02 2.615528474000000188e+02 2.618151841999999760e+02 2.620745575999999346e+02 2.623309939999999187e+02 2.625845198000001801e+02 2.628351680000000670e+02 2.630829584000000523e+02 2.633279174000001603e+02 2.635700779999999668e+02 2.638094599999999446e+02 2.640460897999998906e+02 2.642799872000000505e+02 2.645111719999999877e+02 2.647396705999999540e+02 2.649655027999999675e+02 2.651886949999998251e+02 2.654092537999999877e+02 2.656272122000000309e+02 2.658425833999999668e+02 2.660553806000000350e+02 2.662656236000000263e+02 2.664733387999999650e+02 2.666785328000000845e+02 2.668812187999999423e+02 2.670814231999997901e+02 2.672791526000000886e+02 2.674744268000001739e+02 2.676672589999998308e+02 2.678576557999999750e+02 2.680456435999999485e+02 2.682312223999999787e+02 2.684144119999998566e+02 2.685952256000000489e+02 2.687736697999998796e+02 2.689497577999998157e+02 2.691235027999998692e+02 2.692949113999998190e+02 2.694639967999999044e+02 2.696307722000001377e+02
1.368938822000000073e+02 1.374367717999998604e+02 1.379743418000000474e+02 1.385066186000001380e+02 1.390336285999999291e+02 1.395553915999998935e+02 1.400719340000000557e+02 1.405832689999999729e+02 1.410894295999999031e+02 1.415904290000000856e+02 1.420862936000000900e+02 1.425770432000001620e+02 1.430627042000000984e+02 1.435432963999999174e+02 1.440188461999998708e+02 1.444893865999999889e+02 1.449549308000000565e+02 1.454155183999998826e+02 1.458711757999999463e+02 1.463219294000000446e+02 1.467678121999999803e+02 1.472088637999997900e+02 1.476451039999999466e+02 1.480765724000000318e+02 1.485033085999998548e+02 1.489253455999999005e+02 1.493427163999999721e+02 1.497554671999998845e+02 1.501636309999998957e+02 1.505672540000000481e+02 1.509663692000001447e+02 1.513610294000000067e+02 1.517512610000001132e+02 1.521371167999998306e+02 1.525186297999998715e+02 1.528958594000000630e+02 1.532688319999999749e+02 1.536376004000001103e+02 1.540022108000000571e+02 1.543626962000000731e+02 1.547191093999999794e+02 1.550714966000000459e+02 1.554198973999998543e+02 1.557643513999998959e+02 1.561049047999999857e+02 1.564416103999999450e+02 1.567744946000000255e+02 1.571036167999998270e+02 1.574290099999998347e+02 1.577507138000000850e+02
3.921374201600000106e+03 3.921080567599999995e+03 3.920790260000000217e+03 3.920503232600000047e+03 3.920219458999999915e+03 3.919938893000000007e+03 3.919661501600000065e+03 3.919387265000000298e+03 3.919116136999999981e+03 3.918848097799999778e+03 3.918583114399999886e+03 3.918321147199999814e+03 3.918062176399999771e+03 3.917806175599999733e+03 3.917553118400000130e+03 3.917302965200000017e+03 3.917055709400000069e+03 3.916811311399999795e+03 3.916569751400000314e+03 3.916331009600000016e+03 3.916095053000000007e+03 3.915861875000000055e+03 3.915631442599999900e+03 3.915403736000000208e+03 3.915178742000000057e+03 3.914956427600000097e+03 3.914736786200000097e+03 3.914519798000000264e+03 3.914305436600000121e+03 3.914093688800000109e+03 3.913884541399999762e+03 3.913677974600000198e+03 3.913473975199999586e+03 3.913272523399999955e+03 3.913073605999999927e+03 3.912877209799999946e+03 3.912683315000000221e+03 3.912491915000000063e+03 3.912302990000000136e+03 3.912116533399999753e+03 3.911932525400000031e+03 3.911750966000000062e+03 3.911571828799999821e+03 3.911395107199999984e+03 3.911220801200000096e+03 3.911048884400000134e+03 3.910879356800000096e+03 3.910712205199999971e+03 3.910547416399999747e+03 3.910384990399999879e+03
4.050806115200000022e+03 4.050211164800000006e+03 4.049621995999999854e+03 4.049038569199999984e+03 4.048460844799999904e+03 4.047888789800000268e+03 4.047322371199999907e+03 4.046761562599999706e+03 4.046206337600000097e+03 4.045656663200000366e+03 4.045112519600000269e+03 4.044573880400000235e+03 4.044040725800000018e+03 4.043513016200000038e+03 4.042990745000000061e+03 4.042473872600000050e+03 4.041962379200000214e+03 4.041456244999999853e+03 4.040955430399999841e+03 4.040459915599999931e+03 4.039969674200000100e+03 4.039484673200000088e+03 4.039004879600000095e+03 4.038530260399999861e+03 4.038060789199999817e+03 4.037596433000000161e+03 4.037137145599999712e+03 4.036682900599999812e+03 4.036233664999999746e+03 4.035789385999999922e+03 4.035350037199999861e+03 4.034915578999999980e+03 4.034485965200000010e+03 4.034061149600000135e+03 4.033641099200000099e+03 4.033225767799999630e+03 4.032815109199999824e+03 4.032409083800000190e+03 4.032007645400000001e+03 4.031610741200000120e+03 4.031218338200000289e+03 4.030830383600000005e+03 4.030446831199999906e+03 4.030067634799999723e+03 4.029692754800000330e+03 4.029322131800000079e+03 4.028955732800000078e+03 4.028593498400000044e+03 4.028235395599999720e+03 4.027881371599999966e+03
3.743061143599999923e+03 3.742796833399999741e+03 3.742535486599999786e+03 3.742277063600000020e+03 3.742021537999999964e+03 3.741768883400000050e+03 3.741519066800000019e+03 3.741272055200000068e+03 3.741027828799999952e+03 3.740786354599999868e+03 3.740547612800000024e+03 3.740311570400000164e+03 3.740078201000000263e+03 3.739847491399999853e+03 3.739619408600000042e+03 3.739393932800000130e+03 3.739171044200000324e+03 3.738950722999999925e+03 3.738732942799999819e+03 3.738517690399999992e+03 3.738304939399999967e+03 3.738094676600000184e+03 3.737886882199999945e+03 3.737681536399999914e+03 3.737478626000000077e+03 3.737278137799999968e+03 3.737080045400000017e+03 3.736884335599999758e+03 3.736691001799999867e+03 3.736500024200000098e+03 3.736311383000000205e+03 3.736125071599999956e+03 3.735941076799999792e+03 3.735759378799999922e+03 3.735579977600000348e+03 3.735402846800000134e+03 3.735227979799999957e+03 3.735055363399999806e+03 3.734884990999999900e+03 3.734716842799999995e+03 3.734550918799999636e+03 3.734387199199999941e+03 3.734225677399999768e+03 3.734066340200000013e+03 3.733909187600000223e+03 3.733754193199999918e+03 3.733601363599999786e+03 3.733450685599999815e+03 3.733302145999999993e+03 3.733155738200000087e+03
3.868708676600000217e+03 3.868170123200000035e+03 3.867636823400000139e+03 3.867108744199999819e+03 3.866585865800000192e+03 3.866068148600000313e+03 3.865555572799999936e+03 3.865048118599999725e+03 3.864545753000000332e+03 3.864048469400000158e+03 3.863556234800000311e+03 3.863069035999999869e+03 3.862586839999999938e+03 3.862109633600000052e+03 3.861637390400000186e+03 3.861170083999999861e+03 3.860707694599999741e+03 3.860250195800000256e+03 3.859797561200000018e+03 3.859349764399999913e+03 3.858906772400000136e+03 3.858468565399999989e+03 3.858035110400000121e+03 3.857606367800000044e+03 3.857182317799999964e+03 3.856762914199999614e+03 3.856348137199999655e+03 3.855937934000000041e+03 3.855532284800000070e+03 3.855131136800000149e+03 3.854734463599999799e+03 3.854342225600000347e+03 3.853954376600000160e+03 3.853570877000000110e+03 3.853191687200000160e+03 3.852816761000000042e+03 3.852446065399999952e+03 3.852079554200000075e+03 3.851717181199999686e+03 3.851358900199999880e+03 3.851004678199999944e+03 3.850654462399999829e+03 3.850308213199999955e+03 3.849965884399999595e+03 3.849627429799999845e+03 3.849292809800000214e+03 3.848961984800000209e+03 3.848634901999999784e+03 3.848311521799999809e+03 3.847991804600000251e+03
3.564699634999999944e+03 3.564464127199999893e+03 3.564231226400000196e+03 3.564000912800000151e+03 3.563773153399999956e+03 3.563547928400000274e+03 3.563325204799999938e+03 3.563104962800000067e+03 3.562887182599999960e+03 3.562671831200000270e+03 3.562458888799999841e+03 3.562248342200000025e+03 3.562040164999999888e+03 3.561834330800000316e+03 3.561630826399999933e+03 3.561429638599999635e+03 3.561230741000000307e+03 3.561034113800000341e+03 3.560839750399999957e+03 3.560647624400000041e+03 3.560457722600000125e+03 3.560270038399999976e+03 3.560084538799999791e+03 3.559901230399999804e+03 3.559720080199999757e+03 3.559541088200000104e+03 3.559364241199999924e+03 3.559189512800000102e+03 3.559016909599999963e+03 3.558846405199999936e+03 3.558677993000000242e+03 3.558511659799999961e+03 3.558347399000000223e+03 3.558185190799999873e+03 3.558025041799999599e+03 3.557866925600000286e+03 3.557710835599999882e+03 3.557556765199999973e+03 3.557404707800000324e+03 3.557254643600000236e+03 3.557106572599999708e+03 3.556960481600000094e+03 3.556816364000000249e+03 3.556674206599999707e+03 3.556534002800000053e+03 3.556395746000000145e+03 3.556259429599999748e+03 3.556125046999999995e+03 3.555992578399999729e+03 3.555862030400000094e+03
3.686621830999999929e+03 3.686139100399999734e+03 3.685661108599999807e+03 3.685187822599999890e+03 3.684719222600000194e+03 3.684255295400000250e+03 3.683796008000000256e+03 3.683341347200000200e+03 3.682891299800000070e+03 3.682445839400000295e+03 3.682004946199999722e+03 3.681568600399999923e+03 3.681136788799999977e+03 3.680709484999999859e+03 3.680286669199999778e+03 3.679868314999999711e+03 3.679454402600000321e+03 3.679044912199999999e+03 3.678639810800000305e+03 3.678239078600000084e+03 3.677842682599999989e+03 3.677450603000000228e+03 3.677062800200000311e+03 3.676679247799999757e+03 3.676299912800000129e+03 3.675924768799999583e+03 3.675553776199999902e+03 3.675186908599999697e+03 3.674824113199999829e+03 3.674465376799999831e+03 3.674110639999999876e+03 3.673759882999999718e+03 3.673413059599999997e+03 3.673070130199999767e+03 3.672731061800000134e+03 3.672395801599999686e+03 3.672064323200000217e+03 3.671736580400000094e+03 3.671412533600000188e+03 3.671092143200000010e+03 3.670775362999999743e+03 3.670462153399999806e+03 3.670152474800000164e+03 3.669846287599999869e+03 3.669543552199999795e+03 3.669244222399999671e+03 3.668948265199999696e+03 3.668655634400000054e+03 3.668366297000000031e+03 3.668080206800000269e+03
3.386331150199999684e+03 3.386124042200000076e+03 3.385919204599999830e+03 3.385716604400000051e+03 3.385516235000000052e+03 3.385318070000000262e+03 3.385122076399999969e+03 3.384928247599999850e+03 3.384736557199999879e+03 3.384546985399999812e+03 3.384359518999999636e+03 3.384174131599999782e+03 3.383990816600000016e+03 3.383809547599999860e+03 3.383630311400000210e+03 3.383453101399999923e+03 3.383277884600000107e+03 3.383104667599999630e+03 3.382933423999999832e+03 3.382764140600000246e+03 3.382596810799999730e+03 3.382431414799999857e+03 3.382267945999999938e+03 3.382106397800000195e+03 3.381946750399999928e+03 3.381788997199999812e+03 3.381633125000000291e+03 3.381479127200000221e+03 3.381326997199999823e+03 3.381176715200000217e+03 3.381028281199999583e+03 3.380881682000000183e+03 3.380736904399999730e+03 3.380593955000000278e+03 3.380452807399999983e+03 3.380313468199999988e+03 3.380175924199999827e+03 3.380040162199999941e+03 3.379906175600000097e+03 3.379773964400000295e+03 3.379643508799999836e+03 3.379514815399999861e+03 3.379387864399999671e+03 3.379262655800000175e+03 3.379139176399999997e+03 3.379017426200000045e+03 3.378897391999999854e+03 3.378779073800000333e+03 3.378662451799999872e+03 3.378547532599999613e+03
3.504509984600000280e+03 3.504082548800000041e+03 3.503659330399999817e+03 3.503240316200000052e+03 3.502825479799999812e+03 3.502414814599999772e+03 3.502008294199999909e+03 3.501605905399999756e+03 3.501207634999999755e+03 3.500813456599999881e+03 3.500423363599999902e+03 3.500037336200000027e+03 3.499655348000000231e+03 3.499277385800000047e+03 3.498903423200000361e+03 3.498533453600000030e+03 3.498167437399999926e+03 3.497805361400000038e+03 3.497447199199999886e+03 3.497092924399999902e+03 3.496742517199999838e+03 3.496395937999999660e+03 3.496053173600000264e+03 3.495714177800000016e+03 3.495378937399999813e+03 3.495047412800000075e+03 3.494719571000000087e+03 3.494395379000000048e+03 3.494074803800000154e+03 3.493757818999999927e+03 3.493444378400000005e+03 3.493134455600000365e+03 3.492828004400000282e+03 3.492524998400000186e+03 3.492225398000000041e+03 3.491929157000000032e+03 3.491636255600000368e+03 3.491346641000000091e+03 3.491060280200000307e+03 3.490777133599999615e+03 3.490497168200000033e+03 3.490220344400000158e+03 3.489946622599999955e+03 3.489675969800000075e+03 3.489408339800000249e+03 3.489143706199999997e+03 3.488882029399999738e+03 3.488623269800000344e+03 3.488367387799999960e+03 3.488114363599999706e+03
3.207905812999999853e+03 3.207726787999999942e+03 3.207549703399999999e+03 3.207374539399999776e+03 3.207201276200000393e+03 3.207029894000000240e+03 3.206860379599999760e+03 3.206692713200000071e+03 3.206526875000000018e+03 3.206362851799999589e+03 3.206200630399999682e+03 3.206040197600000283e+03 3.205881540200000018e+03 3.205724638400000003e+03 3.205569485600000007e+03 3.205416068600000017e+03 3.205264374200000020e+03 3.205114395800000239e+03 3.204966113599999971e+03 3.204819521000000350e+03 3.204674618000000009e+03 3.204531378199999835e+03 3.204389808200000061e+03 3.204249888199999987e+03 3.204111611600000288e+03 3.203974978399999600e+03 3.203839975400000185e+03 3.203706589399999757e+03 3.203574820400000135e+03 3.203444655199999943e+03 3.203316093800000090e+03 3.203189129599999887e+03 3.203063742800000000e+03 3.202939946599999985e+03 3.202817714599999817e+03 3.202697053400000186e+03 3.202577956399999948e+03 3.202460410400000001e+03 3.202344408800000110e+03 3.202229951600000277e+03 3.202117032199999812e+03 3.202005643999999847e+03 3.201895773799999915e+03 3.201787421600000016e+03 3.201680580799999916e+03 3.201575251399999615e+03 3.201471413600000233e+03 3.201369067399999949e+03 3.201268212800000128e+03 3.201168830000000071e+03
3.322394673199999943e+03 3.322022043799999665e+03 3.321653123600000072e+03 3.321287879599999997e+03 3.320926318400000127e+03 3.320568407000000207e+03 3.320214145399999779e+03 3.319863507199999731e+03 3.319516485799999828e+03 3.319173068000000058e+03 3.318833233999999720e+03 3.318496963999999934e+03 3.318164244800000233e+03 3.317835056599999916e+03 3.317509386200000336e+03 3.317187207200000103e+03 3.316868499799999881e+03 3.316553244199999881e+03 3.316241420599999856e+03 3.315932996000000003e+03 3.315627957199999855e+03 3.315326264599999831e+03 3.315027904999999919e+03 3.314732852000000094e+03 3.314441065999999864e+03 3.314152520599999661e+03 3.313867196000000149e+03 3.313585052599999926e+03 3.313306057400000100e+03 3.313030190599999969e+03 3.312757406000000174e+03 3.312487683800000013e+03 3.312220977799999673e+03 3.311957261600000038e+03 3.311696508799999719e+03 3.311438666600000033e+03 3.311183721800000058e+03 3.310931628199999977e+03 3.310682352799999990e+03 3.310435862600000291e+03 3.310192124600000170e+03 3.309951099200000044e+03 3.309712766600000123e+03 3.309477074000000357e+03 3.309244008200000280e+03 3.309013516400000299e+03 3.308785585399999945e+03 3.308560169000000315e+03 3.308337240800000018e+03 3.308116767800000162e+03
3.029429292799999985e+03 3.029278132999999798e+03 3.029128590199999962e+03 3.028980657799999790e+03 3.028834309400000166e+03 3.028689531799999713e+03 3.028546318400000018e+03 3.028404656000000159e+03 3.028264518200000111e+03 3.028125904999999875e+03 3.027988803199999893e+03 3.027853199600000153e+03 3.027719081000000187e+03 3.027586440799999764e+03 3.027455265800000234e+03 3.027325549400000000e+03 3.027197285000000193e+03 3.027070459399999891e+03 3.026945059399999991e+03 3.026821091599999818e+03 3.026698542799999814e+03 3.026577399799999966e+03 3.026457662599999821e+03 3.026339318000000276e+03 3.026222365999999965e+03 3.026106800000000021e+03 3.025992613399999755e+03 3.025879793000000063e+03 3.025768345399999816e+03 3.025658263999999690e+03 3.025549535600000127e+03 3.025442160200000217e+03 3.025336124599999948e+03 3.025231435400000009e+03 3.025128086000000167e+03 3.025026069800000187e+03 3.024925373600000057e+03 3.024826004000000012e+03 3.024727947800000038e+03 3.024631211599999915e+03 3.024535775600000306e+03 3.024441646400000081e+03 3.024348810800000138e+03 3.024257268800000020e+03 3.024167020400000183e+03 3.024078045799999927e+03 3.023990358199999719e+03 3.023903937799999767e+03 3.023818777999999838e+03 3.023734891999999945e+03
3.140249965399999837e+03 3.139931673799999771e+03 3.139616570000000138e+03 3.139304634199999782e+03 3.138995859799999835e+03 3.138690233600000283e+03 3.138387742400000207e+03 3.138088379599999826e+03 3.137792118800000026e+03 3.137498959999999897e+03 3.137208883400000104e+03 3.136921869199999946e+03 3.136637910800000100e+03 3.136356988399999864e+03 3.136079082199999903e+03 3.135804178999999749e+03 3.135532252399999834e+03 3.135263289200000145e+03 3.134997263000000203e+03 3.134734160599999996e+03 3.134473949000000175e+03 3.134216615000000274e+03 3.133962125600000036e+03 3.133710461000000123e+03 3.133461594800000057e+03 3.133215500600000269e+03 3.132972152000000278e+03 3.132731522600000062e+03 3.132493579399999817e+03 3.132258295999999973e+03 3.132025646000000052e+03 3.131795596400000250e+03 3.131568127399999867e+03 3.131343192799999997e+03 3.131120772799999941e+03 3.130900840999999673e+03 3.130683357799999612e+03 3.130468303399999968e+03 3.130255638200000249e+03 3.130045329200000197e+03 3.129837363199999800e+03 3.129631694000000152e+03 3.129428301799999645e+03 3.129227147000000059e+03 3.129028216400000019e+03 3.128831463800000165e+03 3.128636876000000029e+03 3.128444419999999809e+03 3.128254062800000156e+03 3.128065784599999915e+03
2.850906011600000056e+03 2.850782578400000148e+03 2.850660458599999856e+03 2.850539632399999846e+03 2.850420093199999883e+03 2.850301834400000189e+03 2.850184829599999830e+03 2.850069085399999949e+03 2.849954581999999846e+03 2.849841312800000196e+03 2.849729264600000079e+03 2.849618437399999948e+03 2.849508818000000247e+03 2.849400399799999832e+03 2.849293169600000056e+03 2.849187127400000008e+03 2.849082266599999912e+03 2.848978580599999987e+03 2.848876056200000221e+03 2.848774699999999939e+03 2.848674498800000038e+03 2.848575445999999829e+03 2.848477541600000222e+03 2.848380772399999842e+03 2.848285151600000063e+03 2.848190652799999953e+03 2.848097289199999977e+03 2.848005047600000125e+03 2.847913927999999942e+03 2.847823923800000102e+03 2.847735034999999698e+03 2.847647254999999859e+03 2.847560577199999898e+03 2.847475008200000048e+03 2.847390534799999841e+03 2.847307150399999955e+03 2.847224861600000168e+03 2.847143661799999791e+03 2.847063544399999955e+03 2.846984509400000206e+03 2.846906550199999856e+03 2.846829666800000268e+03 2.846753846000000067e+03 2.846679094399999940e+03 2.846605405400000109e+03 2.846532765800000107e+03 2.846461182199999712e+03 2.846390654599999834e+03 2.846321163200000228e+03 2.846252714600000218e+03
2.958107673200000136e+03 2.957843303600000127e+03 2.957581593800000064e+03 2.957322530599999936e+03 2.957066107399999964e+03 2.956812317599999915e+03 2.956561147999999775e+03 2.956312592000000222e+03 2.956066629800000101e+03 2.955823248200000307e+03 2.955582447199999933e+03 2.955344207000000097e+03 2.955108514399999876e+03 2.954875356200000169e+03 2.954644712600000275e+03 2.954416570399999728e+03 2.954190916399999878e+03 2.953967724199999793e+03 2.953746987200000149e+03 2.953528679000000011e+03 2.953312779800000044e+03 2.953099269800000002e+03 2.952888129200000094e+03 2.952679331599999841e+03 2.952472863800000141e+03 2.952268692799999826e+03 2.952066805399999794e+03 2.951867168599999786e+03 2.951669756000000234e+03 2.951474554399999761e+03 2.951281537400000161e+03 2.951090672000000268e+03 2.950901931800000057e+03 2.950715296999999737e+03 2.950530741200000193e+03 2.950348238000000038e+03 2.950167761000000155e+03 2.949989283800000067e+03 2.949812786599999981e+03 2.949638229799999863e+03 2.949465606799999932e+03 2.949294878000000153e+03 2.949126023599999826e+03 2.948959017199999835e+03 2.948793832399999701e+03 2.948630449400000089e+03 2.948468848399999843e+03 2.948308996400000069e+03 2.948150880199999847e+03 2.947994473400000061e+03
2.672344534220000241e+03 2.672248753699999725e+03 2.672153982979999910e+03 2.672060212819999833e+03 2.671967433979999896e+03 2.671875638540000182e+03 2.671784817920000023e+03 2.671694964860000255e+03 2.671606070779999754e+03 2.671518130399999791e+03 2.671431136459999834e+03 2.671345082360000106e+03 2.671259962820000055e+03 2.671175771899999745e+03 2.671092504319999989e+03 2.671010155460000078e+03 2.670928720699999758e+03 2.670848195420000138e+03 2.670768575000000055e+03 2.670689856139999847e+03 2.670612034880000010e+03 2.670535107919999973e+03 2.670459071299999778e+03 2.670383921720000217e+03 2.670309657199999947e+03 2.670236273779999919e+03 2.670163769480000155e+03 2.670092140339999787e+03 2.670021384380000200e+03 2.669951498960000208e+03 2.669882482099999834e+03 2.669814329840000028e+03 2.669747040860000197e+03 2.669680612520000068e+03 2.669615041519999977e+03 2.669550325879999946e+03 2.669486462960000154e+03 2.669423450780000167e+03 2.669361285380000027e+03 2.669299965440000051e+03 2.669239487660000123e+03 2.669179848740000125e+03 2.669121046039999783e+03 2.669063076919999730e+03 2.669005938740000147e+03 2.668949627540000165e+03 2.668894140679999964e+03 2.668839474200000041e+03 2.668785626119999961e+03 2.668732591819999925e+03
2.775947554399999717e+03 2.775736723999999867e+03 2.775528025399999933e+03 2.775321452000000136e+03 2.775116997199999787e+03 2.774914654400000018e+03 2.774714410399999906e+03 2.774516251999999895e+03 2.774320185800000218e+03 2.774126185399999940e+03 2.773934250799999973e+03 2.773744368800000302e+03 2.773556519599999774e+03 2.773370709799999986e+03 2.773186906400000225e+03 2.773005109400000038e+03 2.772825299000000086e+03 2.772647461999999905e+03 2.772471578600000157e+03 2.772297642200000155e+03 2.772125626399999874e+03 2.771955517999999756e+03 2.771787303799999790e+03 2.771620963999999731e+03 2.771456472200000007e+03 2.771293821799999932e+03 2.771132979799999703e+03 2.770973933000000216e+03 2.770816668200000095e+03 2.770661152399999992e+03 2.770507372399999895e+03 2.770355308400000013e+03 2.770204933999999867e+03 2.770056229400000120e+03 2.769909181399999852e+03 2.769763756999999714e+03 2.769619942999999694e+03 2.769477719600000000e+03 2.769337060400000155e+03 2.769197945599999912e+03 2.769060355399999935e+03 2.768924269999999979e+03 2.768789669599999797e+03 2.768656534400000055e+03 2.768524844600000051e+03 2.768394580399999995e+03 2.768265722000000096e+03 2.768138249600000108e+03 2.768012150000000020e+03 2.767887403400000039e+03
2.493757092439999724e+03 2.493688922360000106e+03 2.493621468379999897e+03 2.493554724560000068e+03 2.493488684299999932e+03 2.493423341660000006e+03 2.493358691360000194e+03 2.493294728119999945e+03 2.493231447319999916e+03 2.493168843020000168e+03 2.493106911920000130e+03 2.493045649400000002e+03 2.492985051499999827e+03 2.492925114919999942e+03 2.492865835699999934e+03 2.492807210540000142e+03 2.492749236139999994e+03 2.492691910519999965e+03 2.492635229720000098e+03 2.492579192419999799e+03 2.492523795319999863e+03 2.492469036439999854e+03 2.492414913799999795e+03 2.492361424759999863e+03 2.492308567999999923e+03 2.492256341539999994e+03 2.492204742740000256e+03 2.492153770939999959e+03 2.492103423499999735e+03 2.492053699099999903e+03 2.492004596419999871e+03 2.491956114139999954e+03 2.491908248960000037e+03 2.491861000880000120e+03 2.491814367920000223e+03 2.491768348099999912e+03 2.491722939440000118e+03 2.491678141280000091e+03 2.491633950980000009e+03 2.491590366559999893e+03 2.491547386700000061e+03 2.491505008760000237e+03 2.491463232080000125e+03 2.491422052699999767e+03 2.491381470620000073e+03 2.491341481880000174e+03 2.491302085159999933e+03 2.491263277819999985e+03 2.491225057879999895e+03 2.491187422699999843e+03
2.593768419680000079e+03 2.593610813000000235e+03 2.593454809459999979e+03 2.593300403119999828e+03 2.593147587380000004e+03 2.592996357619999799e+03 2.592846705920000204e+03 2.592698626339999919e+03 2.592552110959999936e+03 2.592407152519999727e+03 2.592263743099999829e+03 2.592121874779999871e+03 2.591981537000000117e+03 2.591842721840000195e+03 2.591705418739999914e+03 2.591569616480000150e+03 2.591435305819999940e+03 2.591302473560000180e+03 2.591171108479999930e+03 2.591041198039999927e+03 2.590912729040000158e+03 2.590785689599999841e+03 2.590660064539999894e+03 2.590535840000000007e+03 2.590413002119999874e+03 2.590291536380000252e+03 2.590171426939999947e+03 2.590052659280000171e+03 2.589935217560000183e+03 2.589819086599999991e+03 2.589704249899999922e+03 2.589590691620000143e+03 2.589478396579999753e+03 2.589367348279999987e+03 2.589257530220000262e+03 2.589148925899999995e+03 2.589041520799999944e+03 2.588935297760000140e+03 2.588830240939999840e+03 2.588726335159999962e+03 2.588623564579999766e+03 2.588521913359999871e+03 2.588421366319999834e+03 2.588321908280000116e+03 2.588223525379999955e+03 2.588126202440000270e+03 2.588029925599999842e+03 2.587934679680000045e+03 2.587840452800000094e+03 2.587747231100000135e+03
2.315136980000000221e+03 2.315096412439999767e+03 2.315056272559999798e+03 2.315016556399999899e+03 2.314977261320000252e+03 2.314938382700000147e+03 2.314899918560000060e+03 2.314861864940000032e+03 2.314824219199999789e+03 2.314786978699999963e+03 2.314750140139999985e+03 2.314713702860000012e+03 2.314677662900000087e+03 2.314642018280000229e+03 2.314606767679999848e+03 2.314571909119999873e+03 2.314537440619999870e+03 2.314503360860000157e+03 2.314469667859999845e+03 2.314436360300000160e+03 2.314403436860000056e+03 2.314370896219999850e+03 2.314338737059999858e+03 2.314306958059999943e+03 2.314275559220000105e+03 2.314244537900000068e+03 2.314213894760000130e+03 2.314183627160000015e+03 2.314153735100000176e+03 2.314124217260000023e+03 2.314095072980000168e+03 2.314066301599999861e+03 2.314037901140000031e+03 2.314009871600000224e+03 2.313982212320000144e+03 2.313954921319999812e+03 2.313927997939999841e+03 2.313901441519999935e+03 2.313875250739999956e+03 2.313849424940000063e+03 2.313823962800000118e+03 2.313798862340000142e+03 2.313774123560000135e+03 2.313749744480000118e+03 2.313725724439999794e+03 2.313702061460000095e+03 2.313678754879999815e+03 2.313655802719999883e+03 2.313633203660000163e+03 2.313610955719999765e+03
2.411579975659999945e+03 2.411475347179999972e+03 2.411371789220000210e+03 2.411269297159999951e+03 2.411167867699999988e+03 2.411067496879999908e+03 2.410968179420000070e+03 2.410869911360000060e+03 2.410772687419999784e+03 2.410676502979999896e+03 2.410581352100000004e+03 2.410487228840000171e+03 2.410394127260000005e+03 2.410302040759999727e+03 2.410210962080000172e+03 2.410120885280000039e+03 2.410031801780000023e+03 2.409943703660000210e+03 2.409856582999999773e+03 2.409770431219999864e+03 2.409685240400000112e+03 2.409600999979999870e+03 2.409517702040000131e+03 2.409435335359999954e+03 2.409353892019999876e+03 2.409273360799999864e+03 2.409193731800000023e+03 2.409114995120000003e+03 2.409037139539999771e+03 2.408960155159999886e+03 2.408884030759999860e+03 2.408808755120000114e+03 2.408734319000000141e+03 2.408660709859999770e+03 2.408587917800000014e+03 2.408515931599999931e+03 2.408444740699999784e+03 2.408374333879999995e+03 2.408304700579999917e+03 2.408235830900000110e+03 2.408167713620000086e+03 2.408100338839999949e+03 2.408033695340000122e+03 2.407967774539999937e+03 2.407902565880000111e+03 2.407838059459999840e+03 2.407774246039999980e+03 2.407711115720000180e+03 2.407648660580000069e+03 2.407586871380000048e+03
2.136515015599999970e+03 2.136502072339999813e+03 2.136489271639999970e+03 2.136476612840000143e+03 2.136464093300000059e+03 2.136451713020000170e+03 2.136439470679999886e+03 2.136427365619999819e+03 2.136415395859999990e+03 2.136403561399999944e+03 2.136391860260000158e+03 2.136380293100000017e+03 2.136368857939999998e+03 2.136357554780000100e+03 2.136346382960000028e+03 2.136335341160000098e+03 2.136324428720000014e+03 2.136313646300000073e+03 2.136302991919999840e+03 2.136292466240000067e+03 2.136282067279999865e+03 2.136271796359999826e+03 2.136261651499999971e+03 2.136251633360000142e+03 2.136241741280000042e+03 2.136231974599999830e+03 2.136222332660000120e+03 2.136212815460000002e+03 2.136203422999999930e+03 2.136194153960000222e+03 2.136185008999999809e+03 2.136175987460000215e+03 2.136167088679999779e+03 2.136158312659999865e+03 2.136149658740000177e+03 2.136141126259999965e+03 2.136132715220000136e+03 2.136124425619999784e+03 2.136116256799999974e+03 2.136108207440000115e+03 2.136100278859999889e+03 2.136092469080000228e+03 2.136084778100000221e+03 2.136077205919999869e+03 2.136069751219999944e+03 2.136062414659999831e+03 2.136055194260000007e+03 2.136048091340000155e+03 2.136041103260000000e+03 2.136034231340000133e+03
2.229369146420000106e+03 2.229317335100000037e+03 2.229266059040000073e+03 2.229215314940000098e+03 2.229165102139999817e+03 2.229115418660000159e+03 2.229066261200000099e+03 2.229017627780000112e+03 2.228969517080000060e+03 2.228921925139999985e+03 2.228874849320000067e+03 2.228828287639999871e+03 2.228782236800000192e+03 2.228736692840000160e+03 2.228691652460000114e+03 2.228647112359999937e+03 2.228603068580000127e+03 2.228559517820000110e+03 2.228516454800000247e+03 2.228473875560000124e+03 2.228431776139999783e+03 2.228390151919999880e+03 2.228348998280000160e+03 2.228308309940000072e+03 2.228268081619999975e+03 2.228228309359999912e+03 2.228188987219999945e+03 2.228150110579999819e+03 2.228111674159999893e+03 2.228073672020000231e+03 2.228036098879999827e+03 2.227998949459999949e+03 2.227962218480000047e+03 2.227925900660000025e+03 2.227889990720000242e+03 2.227854482060000009e+03 2.227819370059999983e+03 2.227784650099999908e+03 2.227750314920000164e+03 2.227716361220000181e+03 2.227682782400000178e+03 2.227649573839999903e+03 2.227616730260000168e+03 2.227584246379999968e+03 2.227552118239999800e+03 2.227520339900000181e+03 2.227488907399999789e+03 2.227457815459999892e+03 2.227427060120000078e+03 2.227396636760000092e+03
1.957882508359999974e+03 1.957897177520000014e+03 1.957911704119999968e+03 1.957926090800000111e+03 1.957940337559999989e+03 1.957954446380000036e+03 1.957968418579999934e+03 1.957982254159999911e+03 1.957995954440000105e+03 1.958009520079999902e+03 1.958022951740000053e+03 1.958036251400000083e+03 1.958049417740000081e+03 1.958062453400000095e+03 1.958075357059999988e+03 1.958088130699999965e+03 1.958100774320000028e+03 1.958113287919999948e+03 1.958125672160000022e+03 1.958137928359999933e+03 1.958150055199999997e+03 1.958162054659999967e+03 1.958173925419999932e+03 1.958185669460000099e+03 1.958197285460000103e+03 1.958208774080000012e+03 1.958220136639999964e+03 1.958231371820000049e+03 1.958242480939999950e+03 1.958253463340000053e+03 1.958264319679999971e+03 1.958275049959999933e+03 1.958285654840000007e+03 1.958296133659999896e+03 1.958306487079999897e+03 1.958316715100000010e+03 1.958326818380000077e+03 1.958336796920000097e+03 1.958346650720000071e+03 1.958356380440000066e+03 1.958365986080000084e+03 1.958375467639999897e+03 1.958384825119999959e+03 1.958394059839999954e+03 1.958403171800000109e+03 1.958412160999999969e+03 1.958421027439999989e+03 1.958429772440000079e+03 1.958438395339999943e+03 1.958446897459999946e+03
2.047191968850800095e+03 2.047192877776400110e+03 2.047193785936399991e+03 2.047194693423200079e+03 2.047195600322600058e+03 2.047196506707199887e+03 2.047197412656199958e+03 2.047198318229000051e+03 2.047199223498199899e+03 2.047200128516599989e+03 2.047201033343600102e+03 2.047201938032000044e+03 2.047202842628000099e+03 2.047203747184400072e+03 2.047204651747400021e+03 2.047205556356600027e+03 2.047206461058199920e+03 2.047207365898399985e+03 2.047208270916800075e+03 2.047209176146400068e+03 2.047210081633400023e+03 2.047210987417400020e+03 2.047211893531399937e+03 2.047212800021600060e+03 2.047213706921000039e+03 2.047214614269199956e+03 2.047215522105799892e+03 2.047216430470399928e+03 2.047217339395999943e+03 2.047218248922200019e+03 2.047219159088600009e+03 2.047220069928200019e+03 2.047220981480599903e+03 2.047221893791999946e+03 2.047222806882200075e+03 2.047223720804000095e+03 2.047224635577199933e+03 2.047225551248000102e+03 2.047226467842800048e+03 2.047227385401200081e+03 2.047228303942999901e+03 2.047229223514400019e+03 2.047230144135199907e+03 2.047231065831799924e+03 2.047231988637199947e+03 2.047232912571199904e+03 2.047233837653599949e+03 2.047234763910799984e+03 2.047235691355999961e+03 2.047236620002400059e+03
1.779252759920000017e+03 1.779295036219999929e+03 1.779336885499999880e+03 1.779378311059999987e+03 1.779419316859999981e+03 1.779459906860000046e+03 1.779500083039999936e+03 1.779539849360000062e+03 1.779579208460000018e+03 1.779618162320000010e+03 1.779656714899999997e+03 1.779694866860000047e+03 1.779732621500000050e+03 1.779769980139999916e+03 1.779806945419999920e+03 1.779843518659999972e+03 1.779879701840000052e+03 1.779915496279999843e+03 1.779950902640000095e+03 1.779985923559999947e+03 1.780020559699999922e+03 1.780054812379999930e+03 1.780088682260000041e+03 1.780122170659999938e+03 1.780155278239999916e+03 1.780188006320000113e+03 1.780220356219999985e+03 1.780252327279999918e+03 1.780283921480000117e+03 1.780315139479999971e+03 1.780345981940000001e+03 1.780376449520000051e+03 1.780406542879999961e+03 1.780436263340000096e+03 1.780465610900000001e+03 1.780494586880000043e+03 1.780523191940000061e+03 1.780551426739999897e+03 1.780579293259999986e+03 1.780606790840000031e+03 1.780633920799999942e+03 1.780660685119999926e+03 1.780687083799999982e+03 1.780713118160000022e+03 1.780738789519999955e+03 1.780764099199999919e+03 1.780789047859999982e+03 1.780813636820000056e+03 1.780837868059999892e+03 1.780861742240000012e+03
1.864996860559999959e+03 1.865050500079999892e+03 1.865103602359999968e+03 1.865156169379999938e+03 1.865208203780000076e+03 1.865259707539999908e+03 1.865310682639999868e+03 1.865361132380000072e+03 1.865411058079999975e+03 1.865460463699999991e+03 1.865509351879999940e+03 1.865557725919999939e+03 1.865605587799999967e+03 1.865652942140000050e+03 1.865699792240000079e+03 1.865746141399999942e+03 1.865791994239999894e+03 1.865837354060000052e+03 1.865882226140000057e+03 1.865926613780000025e+03 1.865970521599999984e+03 1.866013954880000028e+03 1.866056918239999959e+03 1.866099416300000030e+03 1.866141453680000041e+03 1.866183036979999997e+03 1.866224170160000085e+03 1.866264858499999946e+03 1.866305107939999971e+03 1.866344923760000029e+03 1.866384311900000057e+03 1.866423276320000014e+03 1.866461824279999973e+03 1.866499959740000122e+03 1.866537689960000080e+03 1.866575018900000032e+03 1.866611952499999916e+03 1.866648496700000123e+03 1.866684656780000068e+03 1.866720438020000074e+03 1.866755845700000009e+03 1.866790884439999900e+03 1.866825560839999980e+03 1.866859878199999912e+03 1.866893843119999929e+03 1.866927459559999988e+03 1.866960732799999960e+03 1.866993667460000097e+03 1.867026267499999904e+03 1.867058537540000088e+03
1.600628967979999970e+03 1.600698859999999968e+03 1.600768035920000102e+03 1.600836502339999925e+03 1.600904265200000054e+03 1.600971331100000043e+03 1.601037704660000145e+03 1.601103391160000001e+03 1.601168395879999935e+03 1.601232724100000041e+03 1.601296378459999914e+03 1.601359364240000104e+03 1.601421685400000115e+03 1.601483345240000062e+03 1.601544346399999995e+03 1.601604693499999939e+03 1.601664388520000102e+03 1.601723434100000077e+03 1.601781833539999980e+03 1.601839588820000017e+03 1.601896702580000010e+03 1.601953176139999869e+03 1.602009012799999937e+03 1.602064213220000056e+03 1.602118780040000047e+03 1.602172715239999889e+03 1.602226019480000105e+03 1.602278694739999992e+03 1.602330742999999984e+03 1.602382164919999923e+03 1.602432963140000084e+03 1.602483138320000080e+03 1.602532691780000050e+03 1.602581625499999973e+03 1.602629940799999986e+03 1.602677638999999999e+03 1.602724722079999992e+03 1.602771191360000103e+03 1.602817047499999944e+03 1.602862293799999861e+03 1.602906930919999922e+03 1.602950960839999880e+03 1.602994385539999939e+03 1.603037206340000012e+03 1.603079425880000144e+03 1.603121046140000090e+03 1.603162069100000053e+03 1.603202496079999946e+03 1.603242330380000112e+03 1.603281573980000076e+03
1.682801773639999965e+03 1.682908233619999919e+03 1.683013621099999909e+03 1.683117940040000121e+03 1.683221194400000059e+03 1.683323389460000044e+03 1.683424529180000036e+03 1.683524617519999993e+03 1.683623661080000147e+03 1.683721664480000072e+03 1.683818632999999863e+03 1.683914573239999982e+03 1.684009491140000137e+03 1.684103393299999880e+03 1.684196286979999968e+03 1.684288179440000022e+03 1.684379077280000047e+03 1.684468990399999939e+03 1.684557925399999931e+03 1.684645891520000077e+03 1.684732897339999909e+03 1.684818952099999933e+03 1.684904065700000046e+03 1.684988247380000075e+03 1.685071507040000142e+03 1.685153854579999916e+03 1.685235301220000110e+03 1.685315855540000030e+03 1.685395530080000071e+03 1.685474334080000062e+03 1.685552279420000104e+03 1.685629375999999866e+03 1.685705635040000061e+03 1.685781067760000042e+03 1.685855684719999999e+03 1.685929497139999967e+03 1.686002515579999908e+03 1.686074751260000085e+03 1.686146214740000005e+03 1.686216916580000088e+03 1.686286867339999844e+03 1.686356077580000147e+03 1.686424557860000050e+03 1.686492317420000063e+03 1.686559367479999992e+03 1.686625715959999980e+03 1.686691374080000060e+03 1.686756350419999990e+03 1.686820654220000051e+03 1.686884294720000071e+03
1.422028855519999979e+03 1.422126354680000077e+03 1.422222844039999927e+03 1.422318333499999881e+03 1.422412830320000012e+03 1.422506344399999989e+03 1.422598883659999956e+03 1.422690454699999918e+03 1.422781065440000020e+03 1.422870723139999882e+03 1.422959433739999895e+03 1.423047203179999997e+03 1.423134038059999966e+03 1.423219943000000058e+03 1.423304923279999912e+03 1.423388984180000080e+03 1.423472130319999906e+03 1.423554365660000030e+03 1.423635693499999888e+03 1.423716119119999803e+03 1.423795645160000049e+03 1.423874274920000062e+03 1.423952012360000026e+03 1.424028860780000059e+03 1.424104821500000071e+03 1.424179899140000089e+03 1.424254095020000022e+03 1.424327413099999831e+03 1.424399854040000037e+03 1.424471422459999985e+03 1.424542119019999973e+03 1.424611947020000116e+03 1.424680908439999939e+03 1.424749005919999945e+03 1.424816241439999885e+03 1.424882617639999808e+03 1.424948137159999987e+03 1.425012801320000108e+03 1.425076614080000127e+03 1.425139576760000182e+03 1.425201692659999935e+03 1.425262964420000117e+03 1.425323394020000023e+03 1.425382985419999841e+03 1.425441739939999934e+03 1.425499661540000034e+03 1.425556753519999802e+03 1.425613017859999900e+03 1.425668458520000058e+03 1.425723078139999870e+03
1.500602157799999986e+03 1.500761611160000029e+03 1.500919459400000051e+03 1.501075708459999987e+03 1.501230364279999776e+03 1.501383434119999947e+03 1.501534923919999983e+03 1.501684840939999958e+03 1.501833192439999948e+03 1.501979985680000027e+03 1.502125229239999953e+03 1.502268931699999939e+03 1.502411102300000039e+03 1.502551750280000078e+03 1.502690885540000181e+03 1.502828519299999925e+03 1.502964662780000026e+03 1.503099326539999993e+03 1.503232523120000224e+03 1.503364265059999980e+03 1.503494565559999955e+03 1.503623437159999867e+03 1.503750894379999863e+03 1.503876951079999799e+03 1.504001621780000050e+03 1.504124921000000086e+03 1.504246863920000123e+03 1.504367465719999927e+03 1.504486742240000012e+03 1.504604709319999984e+03 1.504721382140000060e+03 1.504836777200000142e+03 1.504950910340000064e+03 1.505063798059999954e+03 1.505175456200000099e+03 1.505285900599999877e+03 1.505395147759999873e+03 1.505503214179999986e+03 1.505610115039999982e+03 1.505715866839999990e+03 1.505820484759999999e+03 1.505923984640000072e+03 1.506026381659999970e+03 1.506127690340000072e+03 1.506227925860000141e+03 1.506327103399999942e+03 1.506425236820000009e+03 1.506522339980000197e+03 1.506618426080000063e+03 1.506713509639999984e+03
1.243446635000000015e+03 1.243571790800000144e+03 1.243695639799999981e+03 1.243818181999999979e+03 1.243939443799999935e+03 1.244059425200000078e+03 1.244178145999999970e+03 1.244295612800000072e+03 1.244411832199999935e+03 1.244526817399999800e+03 1.244640574999999899e+03 1.244753111600000011e+03 1.244864446999999927e+03 1.244974574599999869e+03 1.245083507599999848e+03 1.245191252600000098e+03 1.245297816199999943e+03 1.245403211599999850e+03 1.245507425599999806e+03 1.245610484600000063e+03 1.245712382000000161e+03 1.245813124400000106e+03 1.245912718399999903e+03 1.246011164000000008e+03 1.246108474399999977e+03 1.246204649600000039e+03 1.246299689599999965e+03 1.246393600999999990e+03 1.246486390399999891e+03 1.246578057799999897e+03 1.246668609800000013e+03 1.246758046400000012e+03 1.246846374199999900e+03 1.246933593199999905e+03 1.247019710000000032e+03 1.247104724599999827e+03 1.247188650199999984e+03 1.247271480200000042e+03 1.247353214600000001e+03 1.247433866599999874e+03 1.247513436199999887e+03 1.247591930000000048e+03 1.247669347999999900e+03 1.247745696800000132e+03 1.247820969800000057e+03 1.247895186799999919e+03 1.247968341199999941e+03 1.248040439599999900e+03 1.248111488600000030e+03 1.248181488200000103e+03
1.318410563599999932e+03 1.318623261799999909e+03 1.318833828199999971e+03 1.319042262800000117e+03 1.319248578799999905e+03 1.319452782800000023e+03 1.319654888000000028e+03 1.319854900999999927e+03 1.320052828399999953e+03 1.320248676799999885e+03 1.320442465999999968e+03 1.320634209199999987e+03 1.320823899799999936e+03 1.321011570800000072e+03 1.321197222199999942e+03 1.321380873800000018e+03 1.321562532200000078e+03 1.321742223799999920e+03 1.321919955200000004e+03 1.322095739599999888e+03 1.322269603400000051e+03 1.322441559800000050e+03 1.322611628600000131e+03 1.322779823000000079e+03 1.322946162799999911e+03 1.323110667800000101e+03 1.323273357799999985e+03 1.323434252600000036e+03 1.323593371999999817e+03 1.323750735800000029e+03 1.323906370400000014e+03 1.324060289000000012e+03 1.324212511400000039e+03 1.324363070599999901e+03 1.324511973200000057e+03 1.324659252200000083e+03 1.324804920799999991e+03 1.324949005400000033e+03 1.325091519199999993e+03 1.325232495199999903e+03 1.325371946600000001e+03 1.325509886600000073e+03 1.325646348199999920e+03 1.325781351200000017e+03 1.325914902200000142e+03 1.326047034199999871e+03 1.326177753800000119e+03 1.326307094000000006e+03 1.326435061399999995e+03 1.326561682399999881e+03
1.064896650199999840e+03 1.065049532600000020e+03 1.065200797999999850e+03 1.065350459600000022e+03 1.065498530599999867e+03 1.065645024200000080e+03 1.065789953599999990e+03 1.065933332000000064e+03 1.066075179200000093e+03 1.066215501800000084e+03 1.066354312999999820e+03 1.066491625999999997e+03 1.066627447399999937e+03 1.066761783800000103e+03 1.066894655000000057e+03 1.067026067600000033e+03 1.067156021599999804e+03 1.067284536799999842e+03 1.067411613199999920e+03 1.067537264000000050e+03 1.067661489200000005e+03 1.067784308600000031e+03 1.067905715599999894e+03 1.068025723400000061e+03 1.068144331999999849e+03 1.068261561199999960e+03 1.068377397799999926e+03 1.068491861599999993e+03 1.068604952599999933e+03 1.068716677399999980e+03 1.068827036000000135e+03 1.068936041599999953e+03 1.069043694200000118e+03 1.069150000399999954e+03 1.069254966800000147e+03 1.069358593399999791e+03 1.069460886800000026e+03 1.069561846999999943e+03 1.069661493800000017e+03 1.069759814000000006e+03 1.069856820800000150e+03 1.069952520800000002e+03 1.070046914000000015e+03 1.070140006999999969e+03 1.070231806400000096e+03 1.070322312199999942e+03 1.070411537599999974e+03 1.070499475999999959e+03 1.070586147199999914e+03 1.070671538000000055e+03
1.136219774599999937e+03 1.136486038399999870e+03 1.136749635799999851e+03 1.137010586599999897e+03 1.137268890800000008e+03 1.137524568199999976e+03 1.137777632000000040e+03 1.138028082199999972e+03 1.138275932000000012e+03 1.138521194599999944e+03 1.138763889800000015e+03 1.139004017599999997e+03 1.139241604400000142e+03 1.139476656800000001e+03 1.139709194600000046e+03 1.139939224400000057e+03 1.140166772600000058e+03 1.140391858999999840e+03 1.140614490200000091e+03 1.140834692599999926e+03 1.141052492599999823e+03 1.141267896800000017e+03 1.141480931600000076e+03 1.141691623400000026e+03 1.141899992000000111e+03 1.142106057200000123e+03 1.142309845400000086e+03 1.142511376400000017e+03 1.142710683199999949e+03 1.142907785599999897e+03 1.143102703399999882e+03 1.143295469600000160e+03 1.143486110599999847e+03 1.143674639599999864e+03 1.143861096200000020e+03 1.144045500199999879e+03 1.144227878000000146e+03 1.144408255999999938e+03 1.144586660599999959e+03 1.144763111600000002e+03 1.144937641999999869e+03 1.145110278200000039e+03 1.145281033400000069e+03 1.145449947199999997e+03 1.145617032799999834e+03 1.145782316599999831e+03 1.145945825000000013e+03 1.146107584399999951e+03 1.146267608000000109e+03 1.146425922200000059e+03
8.863885027999999693e+02 8.865692570000001069e+02 8.867480641999998170e+02 8.869249508000000333e+02 8.870999300000000858e+02 8.872730281999999988e+02 8.874442586000000119e+02 8.876136277999999038e+02 8.877811687999999322e+02 8.879468882000001031e+02 8.881108057999999801e+02 8.882729282000000239e+02 8.884332752000000255e+02 8.885918599999999969e+02 8.887486891999999443e+02 8.889037826000001132e+02 8.890571468000000550e+02 8.892087883999997757e+02 8.893587337999999818e+02 8.895069763999999850e+02 8.896535360000000310e+02 8.897984191999998984e+02 8.899416326000000481e+02 8.900831828000000314e+02 8.902230895999998666e+02 8.903613464000000022e+02 8.904979730000000018e+02 8.906329693999998653e+02 8.907663488000000598e+02 8.908981111999999030e+02 8.910282697999998618e+02 8.911568311999999423e+02 8.912837953999999172e+02 8.914091755999997986e+02 8.915329718000000412e+02 8.916551971999999751e+02 8.917758518000000549e+02 8.918949488000000656e+02 8.920124882000000071e+02 8.921284765999998854e+02 8.922429206000001614e+02 8.923558333999999377e+02 8.924672084000001178e+02 8.925770653999998103e+02 8.926853977999999188e+02 8.927922188000002279e+02 8.928975284000000556e+02 8.930013397999998688e+02 8.931036529999998947e+02 8.932044745999999122e+02
9.540329125999999178e+02 9.543531049999999141e+02 9.546701161999999385e+02 9.549839660000000094e+02 9.552946543999998994e+02 9.556022011999998540e+02 9.559066130000001067e+02 9.562079095999999936e+02 9.565060975999999755e+02 9.568011901999998372e+02 9.570932072000000517e+02 9.573821551999999429e+02 9.576680539999999837e+02 9.579509233999999651e+02 9.582307765999998992e+02 9.585076334000000315e+02 9.587815135999999256e+02 9.590524304000000484e+02 9.593204101999999693e+02 9.595854727999999341e+02 9.598476446000001943e+02 9.601069388000000799e+02 9.603633884000000762e+02 9.606170197999999800e+02 9.608678462000000309e+02 9.611159072000000378e+02 9.613612226000000192e+02 9.616038254000000052e+02 9.618437354000000141e+02 9.620809856000000764e+02 9.623156023999999888e+02 9.625476188000000093e+02 9.627770677999999407e+02 9.630039626000000226e+02 9.632283493999998427e+02 9.634502546000001075e+02 9.636697046000001592e+02 9.638867323999998007e+02 9.641013709999999719e+02 9.643136402000000089e+02 9.645235795999999482e+02 9.647312156000000414e+02 9.649365746000000854e+02 9.651396961999998894e+02 9.653405935999999201e+02 9.655393063999999868e+02 9.657358609999998862e+02 9.659302903999998762e+02 9.661226078000001962e+02 9.663128461999999672e+02
7.079335712000001877e+02 7.081424281999998129e+02 7.083490082000000712e+02 7.085533375999998498e+02 7.087554362000000765e+02 7.089553304000000935e+02 7.091530399999999190e+02 7.093485782000000199e+02 7.095419779999999719e+02 7.097332526000000144e+02 7.099224152000001595e+02 7.101094921999999769e+02 7.102944901999999274e+02 7.104774422000000413e+02 7.106583482000000913e+02 7.108372280000000956e+02 7.110140948000000662e+02 7.111889684000000216e+02 7.113618620000002011e+02 7.115327821999999287e+02 7.117017487999999048e+02 7.118687683999999081e+02 7.120338541999999507e+02 7.121970194000000447e+02 7.123582705999999689e+02 7.125176275999999689e+02 7.126750904000000446e+02 7.128306721999999809e+02 7.129843796000000111e+02 7.131362324000001536e+02 7.132862305999999535e+02 7.134343807999998717e+02 7.135806961999999203e+02 7.137251900000001115e+02 7.138678621999999905e+02 7.140087260000000242e+02 7.141477879999999914e+02 7.142850481999998919e+02 7.144205263999999715e+02 7.145542292000000089e+02 7.146861499999999978e+02 7.148163152000001901e+02 7.149447181999998975e+02 7.150713722000000416e+02 7.151962838000001739e+02 7.153194530000000668e+02 7.154408995999999661e+02 7.155606235999998717e+02 7.156786250000000109e+02 7.157949235999999473e+02
7.718462090000000444e+02 7.722207457999998041e+02 7.725915932000000339e+02 7.729587644000000637e+02 7.733222659999998996e+02 7.736821178000000145e+02 7.740383329999999660e+02 7.743909181999999873e+02 7.747399063999998816e+02 7.750852910000000975e+02 7.754271049999999832e+02 7.757653549999999996e+02 7.761000607999999374e+02 7.764312356000000364e+02 7.767589058000000932e+02 7.770830845999998928e+02 7.774037984000001416e+02 7.777210604000001695e+02 7.780349036000000069e+02 7.783453411999998934e+02 7.786523996000000807e+02 7.789561118000001443e+02 7.792564910000000964e+02 7.795535767999999734e+02 7.798473890000000210e+02 7.801379606000000422e+02 7.804253179999998338e+02 7.807094941999998809e+02 7.809905155999999806e+02 7.812684217999999419e+02 7.815432392000000164e+02 7.818149942000000010e+02 7.820837329999999383e+02 7.823494820000000800e+02 7.826122742000000017e+02 7.828721425999999610e+02 7.831291201999999885e+02 7.833832466000001205e+02 7.836345548000001600e+02 7.838830711999999039e+02 7.841288353999998435e+02 7.843718870000000152e+02 7.846122457999999824e+02 7.848499580000000151e+02 7.850850499999999101e+02 7.853175613999999314e+02 7.855475120000000970e+02 7.857749479999999949e+02 7.859998892000000978e+02 7.862223752000002150e+02
5.295573578000000907e+02 5.297946541999999681e+02 5.300293303999999353e+02 5.302614194000000225e+02 5.304909476000000268e+02 5.307179347999999663e+02 5.309424074000000928e+02 5.311643983999999818e+02 5.313839209999998729e+02 5.316010016000000178e+02 5.318156665999999859e+02 5.320279292000000169e+02 5.322378158000001349e+02 5.324453527999999096e+02 5.326505468000000292e+02 5.328534241999998358e+02 5.330539982000000236e+02 5.332522886000001563e+02 5.334483152000000246e+02 5.336420977999998740e+02 5.338336363999999321e+02 5.340229640000000018e+02 5.342100871999998617e+02 5.343950125999999727e+02 5.345777666000001318e+02 5.347583623999998963e+02 5.349367999999999483e+02 5.351131057999998575e+02 5.352872863999998572e+02 5.354593549999999595e+02 5.356293181999999433e+02 5.357971892000000480e+02 5.359629812000000584e+02 5.361267073999999866e+02 5.362883744000000661e+02 5.364479888000000756e+02 5.366055638000000272e+02 5.367611125999999331e+02 5.369146352000000206e+02 5.370661513999998533e+02 5.372156612000001132e+02 5.373631777999999031e+02 5.375087144000001445e+02 5.376522709999999279e+02 5.377938542000001689e+02 5.379334837999999763e+02 5.380711531999997987e+02 5.382068822000001092e+02 5.383406707999999981e+02 5.384725256000001536e+02
5.896606471999998575e+02 5.900899706000000151e+02 5.905150897999999415e+02 5.909360245999998824e+02 5.913527948000000833e+02 5.917654136000001017e+02 5.921738942000001771e+02 5.925782629999998790e+02 5.929785266000001229e+02 5.933747114000000238e+02 5.937668240000000424e+02 5.941548841999999695e+02 5.945389184000000569e+02 5.949189332000000832e+02 5.952949549999998453e+02 5.956670036000000437e+02 5.960350988000000143e+02 5.963992670000000089e+02 5.967595280000000457e+02 5.971159082000001490e+02 5.974684274000001096e+02 5.978171251999999640e+02 5.981620147999999517e+02 5.985031357999998818e+02 5.988405079999999998e+02 5.991741710000001149e+02 5.995041578000000300e+02 5.998304881999999907e+02 6.001532017999998061e+02 6.004723381999999674e+02 6.007879238000000441e+02 6.010999982000000728e+02 6.014085944000000836e+02 6.017137453999998797e+02 6.020154973999999584e+02 6.023138833999998951e+02 6.026089298000001691e+02 6.029006894000001466e+02 6.031891952000000856e+02 6.034744736000000103e+02 6.037565773999999692e+02 6.040355395999999928e+02 6.043113931999998840e+02 6.045841777999999067e+02 6.048539263999998639e+02 6.051206852000000254e+02 6.053844805999999608e+02 6.056453587999999399e+02 6.059033395999999811e+02 6.061584757999999056e+02
3.512393959999999424e+02 3.515055608000000120e+02 3.517687489999998434e+02 3.520290002000001550e+02 3.522863474000000679e+02 3.525408104000000549e+02 3.527924221999999190e+02 3.530412157999999181e+02 3.532872109999998429e+02 3.535304407999999512e+02 3.537709315999998125e+02 3.540087097999999060e+02 3.542437952000000223e+02 3.544762141999999585e+02 3.547059866000001875e+02 3.549331453999998303e+02 3.551576972000000296e+02 3.553796749999999065e+02 3.555990985999999339e+02 3.558159811999998965e+02 3.560303426000000400e+02 3.562422092000001612e+02 3.564515942000000450e+02 3.566585108000001583e+02 3.568629787999998371e+02 3.570650180000000091e+02 3.572646416000000045e+02 3.574618693999998413e+02 3.576567079999999805e+02 3.578491771999999855e+02 3.580392836000000898e+02 3.582270536000000902e+02 3.584124937999999929e+02 3.585956174000000374e+02 3.587764310000000023e+02 3.589549609999999120e+02 3.591312007999999878e+02 3.593051768000000266e+02 3.594768890000000283e+02 3.596463572000000113e+02 3.598135879999999815e+02 3.599785946000001786e+02 3.601413770000001477e+02 3.603019550000001345e+02 3.604603286000001390e+02 3.606165110000001732e+02 3.607705154000000221e+02 3.609223418000001402e+02 3.610720034000000851e+02 3.612195002000000841e+02
4.074924763999999868e+02 4.079770418000000518e+02 4.084569013999998788e+02 4.089320749999999407e+02 4.094025824000000284e+02 4.098684433999999328e+02 4.103296778000001268e+02 4.107863119999999526e+02 4.112383526000000984e+02 4.116858259999999063e+02 4.121287454000000707e+02 4.125671371999999337e+02 4.130010145999999622e+02 4.134303973999999471e+02 4.138553119999999126e+02 4.142757782000001043e+02 4.146918092000000797e+02 4.151034380000000965e+02 4.155106910000001790e+02 4.159135813999998845e+02 4.163121487999999317e+02 4.167064130000001114e+02 4.170964003999999932e+02 4.174821506000000682e+02 4.178636834000001272e+02 4.182410383999999794e+02 4.186142419999998765e+02 4.189833337999998548e+02 4.193483467999999448e+02 4.197093139999999494e+02 4.200662749999999050e+02 4.204192628000000695e+02 4.207683236000000306e+02 4.211134838000000400e+02 4.214547830000001341e+02 4.217922673999999006e+02 4.221259765999998308e+02 4.224559501999999611e+02 4.227822211999998672e+02 4.231048424000000523e+02 4.234238402000000860e+02 4.237392674000000170e+02 4.240511569999998756e+02 4.243595485999999255e+02 4.246644883999999820e+02 4.249660160000000815e+02 4.252641709999998056e+02 4.255589863999998670e+02 4.258505083999998533e+02 4.261387766000000283e+02
1.729817978000000949e+02 1.732773788000001787e+02 1.735696202000001449e+02 1.738585616000000300e+02 1.741442360000000917e+02 1.744266763999999057e+02 1.747059223999999631e+02 1.749820004000000608e+02 1.752549500000000080e+02 1.755247910000000502e+02 1.757915563999999904e+02 1.760552858000000924e+02 1.763159989999999198e+02 1.765737224000001788e+02 1.768284889999999905e+02 1.770803186000000551e+02 1.773292441999999483e+02 1.775752855999999156e+02 1.778184691999999814e+02 1.780588213999999425e+02 1.782963554000000386e+02 1.785310976000000664e+02 1.787630743999998231e+02 1.789923056000000088e+02 1.792188044000001810e+02 1.794425971999999092e+02 1.796636972000001151e+02 1.798821242000001348e+02 1.800979045999999926e+02 1.803110449999999219e+02 1.805215651999999409e+02 1.807294784000000618e+02 1.809348109999998542e+02 1.811375630000000001e+02 1.813377608000000691e+02 1.815354109999998400e+02 1.817305334000000130e+02 1.819231346000001395e+02 1.821132344000000103e+02 1.823008328000000802e+02 1.824859561999999187e+02 1.826686111999999866e+02 1.828487978000000567e+02 1.830265423999999257e+02 1.832018384000000424e+02 1.833747121999999763e+02 1.835451571999999487e+02 1.837131865999999718e+02 1.838788070000000516e+02 1.840420315999999730e+02
2.253235861999999088e+02 2.258638291999998273e+02 2.263988516000001709e+02 2.269286863999998332e+02 2.274533731999999873e+02 2.279729185999999572e+02 2.284873622000000069e+02 2.289967237999999270e+02 2.295010165999999572e+02 2.300002735999999004e+02 2.304945079999999962e+02 2.309837462000000414e+02 2.314680014000000483e+02 2.319473000000000411e+02 2.324216618000000381e+02 2.328911132000000634e+02 2.333556740000001355e+02 2.338153639999998177e+02 2.342702096000000438e+02 2.347202438000001621e+02 2.351654863999999634e+02 2.356059638000001542e+02 2.360417090000000826e+02 2.364727550000000065e+02 2.368991215999999440e+02 2.373208549999999377e+02 2.377379750000000058e+02 2.381505212000001848e+02 2.385585332000000562e+02 2.389620439999998780e+02 2.393610931999999138e+02 2.397557071999999607e+02 2.401459388000000672e+02 2.405318276000000424e+02 2.409134000000001379e+02 2.412907087999999476e+02 2.416637935999999627e+02 2.420326939999999922e+02 2.423974496000000727e+02 2.427581066000000192e+02 2.431147112000001016e+02 2.434672963999998956e+02 2.438159150000001318e+02 2.441606066000001647e+02 2.445014174000000367e+02 2.448383804000000055e+02 2.451715484000001197e+02 2.455009675999999672e+02 2.458266709999998056e+02 2.461487048000001323e+02
