2.846542290000000008e+01 2.846070560000000071e+01 2.845604180000000127e+01 2.845143099999999947e+01 2.844687259999999895e+01 2.844236589999999865e+01 2.843791039999999981e+01 2.843350560000000016e+01 2.842915089999999978e+01 2.842484569999999877e+01 2.842058970000000073e+01 2.841638220000000103e+01 2.841222270000000094e+01 2.840811090000000050e+01 2.840404609999999863e+01 2.840002799999999894e+01 2.839605609999999913e+01 2.839213000000000164e+01 2.838824920000000063e+01 2.838441329999999851e+01 2.838062199999999891e+01 2.837687479999999951e+01 2.837317140000000038e+01 2.836951129999999921e+01 2.836589430000000078e+01 2.836232000000000042e+01 2.835878800000000055e+01 2.835529809999999884e+01 2.835184990000000127e+01 2.834844310000000078e+01 2.834507740000000098e+01 2.834175249999999835e+01 2.833846810000000005e+01 2.833522410000000136e+01 2.833201999999999998e+01 2.832885569999999831e+01 2.832573079999999877e+01 2.832264530000000136e+01 2.831959870000000024e+01 2.831659099999999896e+01 2.831362190000000112e+01 2.831069109999999966e+01 2.830779850000000053e+01 2.830494390000000138e+01 2.830212709999999987e+01 2.829934790000000078e+01 2.829660610000000176e+01 2.829390160000000165e+01 2.829123420000000166e+01 2.828860369999999946e+01
2.757716690000000170e+01 2.756937130000000025e+01 2.756165259999999861e+01 2.755401069999999919e+01 2.754644509999999968e+01 2.753895560000000131e+01 2.753154190000000057e+01 2.752420359999999988e+01 2.751694039999999930e+01 2.750975199999999887e+01 2.750263809999999864e+01 2.749559839999999866e+01 2.748863240000000019e+01 2.748173990000000089e+01 2.747492039999999847e+01 2.746817360000000008e+01 2.746149899999999988e+01 2.745489630000000147e+01 2.744836499999999901e+01 2.744190460000000087e+01 2.743551460000000120e+01 2.742919459999999887e+01 2.742294409999999871e+01 2.741676250000000081e+01 2.741064929999999933e+01 2.740460399999999908e+01 2.739862589999999898e+01 2.739271460000000147e+01 2.738686930000000075e+01 2.738108970000000042e+01 2.737537490000000062e+01 2.736972439999999906e+01 2.736413759999999940e+01 2.735861380000000054e+01 2.735315239999999903e+01 2.734775279999999853e+01 2.734241430000000150e+01 2.733713619999999977e+01 2.733191800000000171e+01 2.732675890000000152e+01 2.732165829999999929e+01 2.731661559999999866e+01 2.731163009999999858e+01 2.730670110000000150e+01 2.730182810000000160e+01 2.729701040000000134e+01 2.729224729999999965e+01 2.728753830000000136e+01 2.728288279999999943e+01 2.727827999999999875e+01
2.575966199999999873e+01 2.575541880000000106e+01 2.575122329999999948e+01 2.574707490000000121e+01 2.574297320000000155e+01 2.573891760000000062e+01 2.573490759999999966e+01 2.573094269999999995e+01 2.572702250000000035e+01 2.572314640000000097e+01 2.571931400000000068e+01 2.571552489999999835e+01 2.571177859999999882e+01 2.570807479999999856e+01 2.570441290000000123e+01 2.570079270000000093e+01 2.569721360000000132e+01 2.569367540000000005e+01 2.569017769999999956e+01 2.568672009999999872e+01 2.568330230000000114e+01 2.567992389999999858e+01 2.567658460000000176e+01 2.567328420000000122e+01 2.567002229999999940e+01 2.566679870000000108e+01 2.566361290000000039e+01 2.566046490000000091e+01 2.565735420000000033e+01 2.565428070000000105e+01 2.565124409999999955e+01 2.564824420000000060e+01 2.564528070000000071e+01 2.564235329999999990e+01 2.563946200000000175e+01 2.563660640000000157e+01 2.563378640000000175e+01 2.563100169999999878e+01 2.562825219999999860e+01 2.562553760000000125e+01 2.562285779999999846e+01 2.562021259999999856e+01 2.561760190000000037e+01 2.561502540000000039e+01 2.561248300000000100e+01 2.560997449999999986e+01 2.560749979999999937e+01 2.560505870000000073e+01 2.560265109999999922e+01 2.560027690000000078e+01
2.482207980000000092e+01 2.481509199999999993e+01 2.480817419999999984e+01 2.480132599999999954e+01 2.479454720000000023e+01 2.478783740000000080e+01 2.478119639999999890e+01 2.477462390000000170e+01 2.476811969999999974e+01 2.476168330000000140e+01 2.475531450000000078e+01 2.474901290000000031e+01 2.474277830000000122e+01 2.473661020000000121e+01 2.473050819999999916e+01 2.472447199999999867e+01 2.471850110000000100e+01 2.471259519999999910e+01 2.470675370000000015e+01 2.470097630000000066e+01 2.469526240000000072e+01 2.468961159999999921e+01 2.468402329999999978e+01 2.467849700000000013e+01 2.467303229999999914e+01 2.466762849999999929e+01 2.466228509999999829e+01 2.465700160000000096e+01 2.465177729999999912e+01 2.464661170000000112e+01 2.464150419999999997e+01 2.463645419999999930e+01 2.463146100000000160e+01 2.462652419999999864e+01 2.462164299999999884e+01 2.461681689999999989e+01 2.461204520000000073e+01 2.460732730000000146e+01 2.460266259999999860e+01 2.459805060000000054e+01 2.459349050000000148e+01 2.458898190000000028e+01 2.458452399999999827e+01 2.458011630000000025e+01 2.457575810000000160e+01 2.457144900000000121e+01 2.456718839999999915e+01 2.456297560000000146e+01 2.455881009999999876e+01 2.455469139999999939e+01
2.305256079999999841e+01 2.304878259999999912e+01 2.304504640000000038e+01 2.304135180000000105e+01 2.303769810000000007e+01 2.303408509999999865e+01 2.303051209999999926e+01 2.302697889999999958e+01 2.302348500000000087e+01 2.302002999999999844e+01 2.301661349999999828e+01 2.301323509999999928e+01 2.300989450000000147e+01 2.300659119999999902e+01 2.300332489999999908e+01 2.300009539999999930e+01 2.299690220000000096e+01 2.299374510000000171e+01 2.299062380000000161e+01 2.298753789999999952e+01 2.298448720000000023e+01 2.298147140000000022e+01 2.297849019999999953e+01 2.297554339999999939e+01 2.297263080000000102e+01 2.296975199999999973e+01 2.296690699999999907e+01 2.296409530000000032e+01 2.296131689999999992e+01 2.295857150000000146e+01 2.295585889999999907e+01 2.295317899999999867e+01 2.295053139999999914e+01 2.294791620000000165e+01 2.294533290000000036e+01 2.294278160000000000e+01 2.294026200000000060e+01 2.293777400000000100e+01 2.293531739999999886e+01 2.293289199999999894e+01 2.293049770000000009e+01 2.292813429999999997e+01 2.292580170000000095e+01 2.292349979999999832e+01 2.292122840000000039e+01 2.291898739999999890e+01 2.291677659999999861e+01 2.291459599999999952e+01 2.291244530000000168e+01 2.291032450000000154e+01
2.206687610000000177e+01 2.206068979999999868e+01 2.205456600000000122e+01 2.204850460000000112e+01 2.204250529999999841e+01 2.203656780000000026e+01 2.203069190000000077e+01 2.202487729999999999e+01 2.201912370000000152e+01 2.201343079999999830e+01 2.200779830000000103e+01 2.200222589999999911e+01 2.199671319999999852e+01 2.199126000000000047e+01 2.198586570000000151e+01 2.198053009999999929e+01 2.197525269999999864e+01 2.197003309999999843e+01 2.196487090000000109e+01 2.195976560000000077e+01 2.195471679999999992e+01 2.194972410000000096e+01 2.194478679999999926e+01 2.193990450000000081e+01 2.193507680000000093e+01 2.193030299999999855e+01 2.192558269999999965e+01 2.192091519999999960e+01 2.191630019999999845e+01 2.191173699999999869e+01 2.190722500000000039e+01 2.190276370000000128e+01 2.189835259999999906e+01 2.189399099999999976e+01 2.188967840000000109e+01 2.188541430000000076e+01 2.188119800000000126e+01 2.187702889999999911e+01 2.187290660000000031e+01 2.186883050000000139e+01 2.186479999999999890e+01 2.186081450000000004e+01 2.185687349999999896e+01 2.185297650000000047e+01 2.184912290000000112e+01 2.184531219999999863e+01 2.184154399999999896e+01 2.183781749999999988e+01 2.183413249999999906e+01 2.183048829999999896e+01
2.034469359999999938e+01 2.034137289999999965e+01 2.033808870000000013e+01 2.033484049999999854e+01 2.033162790000000086e+01 2.032845060000000004e+01 2.032530810000000088e+01 2.032220009999999988e+01 2.031912630000000064e+01 2.031608629999999849e+01 2.031307969999999941e+01 2.031010630000000106e+01 2.030716569999999876e+01 2.030425770000000085e+01 2.030138189999999909e+01 2.029853800000000064e+01 2.029572590000000076e+01 2.029294519999999835e+01 2.029019570000000172e+01 2.028747720000000143e+01 2.028478940000000108e+01 2.028213200000000072e+01 2.027950500000000034e+01 2.027690809999999999e+01 2.027434099999999972e+01 2.027180369999999954e+01 2.026929579999999831e+01 2.026681729999999959e+01 2.026436800000000105e+01 2.026194759999999917e+01 2.025955610000000107e+01 2.025719330000000085e+01 2.025485899999999972e+01 2.025255320000000125e+01 2.025027559999999838e+01 2.024802599999999941e+01 2.024580449999999843e+01 2.024361090000000019e+01 2.024144490000000118e+01 2.023930659999999904e+01 2.023719570000000090e+01 2.023511219999999966e+01 2.023305590000000009e+01 2.023102679999999864e+01 2.022902470000000008e+01 2.022704939999999851e+01 2.022510099999999866e+01 2.022317920000000058e+01 2.022128389999999953e+01 2.021941520000000025e+01
1.931123020000000068e+01 1.930583820000000017e+01 1.930050119999999936e+01 1.929521899999999945e+01 1.928999149999999929e+01 1.928481830000000130e+01 1.927969930000000076e+01 1.927463410000000010e+01 1.926962260000000171e+01 1.926466429999999974e+01 1.925975920000000130e+01 1.925490669999999938e+01 1.925010669999999990e+01 1.924535870000000060e+01 1.924066249999999911e+01 1.923601760000000027e+01 1.923142370000000057e+01 1.922688039999999887e+01 1.922238730000000118e+01 1.921794399999999925e+01 1.921354990000000029e+01 1.920920479999999841e+01 1.920490799999999965e+01 1.920065930000000165e+01 1.919645799999999980e+01 1.919230370000000008e+01 1.918819590000000019e+01 1.918413419999999903e+01 1.918011789999999905e+01 1.917614670000000032e+01 1.917221999999999937e+01 1.916833719999999985e+01 1.916449790000000064e+01 1.916070159999999944e+01 1.915694769999999991e+01 1.915323569999999975e+01 1.914956510000000023e+01 1.914593539999999905e+01 1.914234610000000103e+01 1.913879670000000033e+01 1.913528670000000176e+01 1.913181549999999831e+01 1.912838280000000069e+01 1.912498799999999832e+01 1.912163070000000076e+01 1.911831030000000098e+01 1.911502649999999903e+01 1.911177879999999973e+01 1.910856679999999841e+01 1.910538999999999987e+01
1.763611829999999969e+01 1.763324920000000162e+01 1.763041120000000106e+01 1.762760400000000161e+01 1.762482710000000097e+01 1.762208040000000153e+01 1.761936349999999862e+01 1.761667599999999823e+01 1.761401770000000155e+01 1.761138830000000155e+01 1.760878749999999826e+01 1.760621499999999884e+01 1.760367060000000095e+01 1.760115409999999869e+01 1.759866519999999923e+01 1.759620370000000023e+01 1.759376939999999934e+01 1.759136200000000017e+01 1.758898140000000154e+01 1.758662740000000113e+01 1.758429980000000015e+01 1.758199839999999980e+01 1.757972309999999894e+01 1.757747369999999876e+01 1.757525000000000048e+01 1.757305189999999939e+01 1.757087930000000142e+01 1.756873200000000068e+01 1.756660989999999956e+01 1.756451290000000043e+01 1.756244080000000096e+01 1.756039349999999999e+01 1.755837100000000106e+01 1.755637309999999829e+01 1.755439959999999999e+01 1.755245060000000024e+01 1.755052579999999907e+01 1.754862530000000120e+01 1.754674879999999959e+01 1.754489630000000133e+01 1.754306770000000171e+01 1.754126289999999955e+01 1.753948189999999840e+01 1.753772439999999833e+01 1.753599050000000048e+01 1.753427999999999898e+01 1.753259290000000092e+01 1.753092900000000043e+01 1.752928819999999988e+01 1.752767060000000043e+01
1.655556029999999978e+01 1.655095529999999826e+01 1.654639769999999999e+01 1.654188720000000146e+01 1.653742379999999912e+01 1.653300720000000013e+01 1.652863710000000097e+01 1.652431340000000048e+01 1.652003579999999872e+01 1.651580399999999926e+01 1.651161769999999862e+01 1.650747679999999917e+01 1.650338079999999863e+01 1.649932950000000176e+01 1.649532260000000150e+01 1.649135970000000029e+01 1.648744050000000172e+01 1.648356460000000112e+01 1.647973160000000092e+01 1.647594120000000117e+01 1.647219300000000075e+01 1.646848650000000092e+01 1.646482140000000172e+01 1.646119720000000086e+01 1.645761350000000078e+01 1.645406990000000036e+01 1.645056590000000085e+01 1.644710099999999997e+01 1.644367490000000132e+01 1.644028709999999904e+01 1.643693719999999914e+01 1.643362460000000169e+01 1.643034889999999848e+01 1.642710960000000142e+01 1.642390639999999991e+01 1.642073870000000113e+01 1.641760610000000042e+01 1.641450820000000022e+01 1.641144440000000060e+01 1.640841449999999924e+01 1.640541789999999978e+01 1.640245420000000109e+01 1.639952290000000090e+01 1.639662380000000041e+01 1.639375629999999973e+01 1.639092009999999888e+01 1.638811480000000032e+01 1.638533999999999935e+01 1.638259529999999842e+01 1.637988040000000112e+01
1.492695580000000000e+01 1.492453399999999952e+01 1.492213809999999974e+01 1.491976799999999947e+01 1.491742319999999999e+01 1.491510350000000074e+01 1.491280869999999936e+01 1.491053849999999947e+01 1.490829259999999934e+01 1.490607089999999957e+01 1.490387319999999960e+01 1.490169910000000009e+01 1.489954849999999986e+01 1.489742129999999953e+01 1.489531719999999915e+01 1.489323599999999992e+01 1.489117770000000007e+01 1.488914190000000026e+01 1.488712860000000049e+01 1.488513769999999958e+01 1.488316889999999937e+01 1.488122219999999984e+01 1.487929740000000045e+01 1.487739440000000002e+01 1.487551309999999916e+01 1.487365340000000025e+01 1.487181520000000035e+01 1.486999830000000067e+01 1.486820269999999944e+01 1.486642830000000082e+01 1.486467500000000008e+01 1.486294269999999962e+01 1.486123139999999943e+01 1.485954079999999955e+01 1.485787110000000055e+01 1.485622200000000070e+01 1.485459359999999940e+01 1.485298569999999962e+01 1.485139820000000022e+01 1.484983120000000056e+01 1.484828440000000072e+01 1.484675790000000006e+01 1.484525159999999921e+01 1.484376540000000055e+01 1.484229930000000053e+01 1.484085310000000035e+01 1.483942680000000003e+01 1.483802030000000016e+01 1.483663349999999959e+01 1.483526640000000008e+01
1.379972120000000047e+01 1.379589640000000017e+01 1.379211130000000018e+01 1.378836569999999995e+01 1.378465929999999950e+01 1.378099210000000063e+01 1.377736379999999983e+01 1.377377420000000008e+01 1.377022310000000083e+01 1.376671020000000034e+01 1.376323539999999923e+01 1.375979839999999932e+01 1.375639890000000065e+01 1.375303669999999912e+01 1.374971140000000069e+01 1.374642279999999950e+01 1.374317049999999973e+01 1.373995430000000084e+01 1.373677379999999992e+01 1.373362859999999941e+01 1.373051850000000051e+01 1.372744310000000034e+01 1.372440199999999955e+01 1.372139480000000056e+01 1.371842129999999926e+01 1.371548089999999931e+01 1.371257340000000013e+01 1.370969829999999945e+01 1.370685519999999968e+01 1.370404390000000028e+01 1.370126379999999955e+01 1.369851449999999993e+01 1.369579580000000085e+01 1.369310720000000003e+01 1.369044820000000051e+01 1.368781869999999934e+01 1.368521800000000077e+01 1.368264590000000069e+01 1.368010199999999976e+01 1.367758599999999980e+01 1.367509740000000029e+01 1.367263589999999951e+01 1.367020109999999988e+01 1.366779280000000085e+01 1.366541050000000013e+01 1.366305389999999953e+01 1.366072270000000088e+01 1.365841670000000008e+01 1.365613540000000015e+01 1.365387860000000053e+01
1.221715249999999919e+01 1.221517489999999917e+01 1.221321840000000059e+01 1.221128260000000054e+01 1.220936730000000026e+01 1.220747229999999917e+01 1.220559749999999966e+01 1.220374250000000060e+01 1.220190730000000023e+01 1.220009160000000037e+01 1.219829529999999984e+01 1.219651819999999987e+01 1.219476019999999927e+01 1.219302109999999928e+01 1.219130069999999932e+01 1.218959899999999941e+01 1.218791580000000074e+01 1.218625089999999922e+01 1.218460439999999956e+01 1.218297600000000003e+01 1.218136559999999946e+01 1.217977319999999963e+01 1.217819869999999938e+01 1.217664199999999930e+01 1.217510290000000062e+01 1.217358149999999917e+01 1.217207759999999972e+01 1.217059120000000050e+01 1.216912220000000033e+01 1.216767049999999983e+01 1.216623610000000077e+01 1.216481890000000021e+01 1.216341889999999992e+01 1.216203589999999934e+01 1.216066999999999965e+01 1.215932109999999966e+01 1.215798909999999999e+01 1.215667400000000065e+01 1.215537570000000045e+01 1.215409419999999940e+01 1.215282939999999989e+01 1.215158130000000014e+01 1.215034980000000076e+01 1.214913480000000057e+01 1.214793640000000075e+01 1.214675440000000073e+01 1.214558889999999991e+01 1.214443960000000011e+01 1.214330670000000012e+01 1.214218999999999937e+01
1.104375270000000064e+01 1.104070210000000074e+01 1.103768340000000059e+01 1.103469630000000024e+01 1.103174070000000029e+01 1.102881649999999958e+01 1.102592349999999932e+01 1.102306150000000073e+01 1.102023040000000087e+01 1.101742999999999917e+01 1.101465999999999923e+01 1.101192029999999988e+01 1.100921050000000001e+01 1.100653059999999961e+01 1.100388030000000050e+01 1.100125919999999979e+01 1.099866719999999987e+01 1.099610400000000077e+01 1.099356930000000077e+01 1.099106279999999991e+01 1.098858429999999942e+01 1.098613339999999994e+01 1.098370989999999914e+01 1.098131339999999945e+01 1.097894359999999914e+01 1.097660029999999942e+01 1.097428320000000035e+01 1.097199179999999963e+01 1.096972590000000025e+01 1.096748509999999932e+01 1.096526919999999983e+01 1.096307790000000004e+01 1.096091069999999945e+01 1.095876739999999927e+01 1.095664769999999955e+01 1.095455119999999916e+01 1.095247769999999932e+01 1.095042690000000007e+01 1.094839829999999914e+01 1.094639180000000067e+01 1.094440709999999939e+01 1.094244379999999950e+01 1.094050170000000044e+01 1.093858050000000048e+01 1.093667989999999968e+01 1.093479959999999984e+01 1.093293949999999981e+01 1.093109920000000024e+01 1.092927850000000056e+01 1.092747729999999962e+01
9.506914189999999820e+00 9.505379080000000869e+00 9.503860120000000578e+00 9.502357140000000868e+00 9.500869970000000109e+00 9.499398449999999272e+00 9.497942430000000158e+00 9.496501759999999237e+00 9.495076299999999137e+00 9.493665919999999758e+00 9.492270489999999228e+00 9.490889890000000051e+00 9.489524010000000231e+00 9.488172730000000499e+00 9.486835949999999684e+00 9.485513579999999223e+00 9.484205519999999723e+00 9.482911689999999894e+00 9.481631999999999394e+00 9.480366390000000365e+00 9.479114770000000689e+00 9.477877069999999904e+00 9.476653239999999201e+00 9.475443209999999894e+00 9.474246920000000571e+00 9.473064329999999700e+00 9.471895370000000369e+00 9.470739999999999270e+00 9.469598180000000198e+00 9.468469860000000793e+00 9.467354990000000470e+00 9.466253540000000299e+00 9.465165459999999698e+00 9.464090730000000562e+00 9.463029289999999705e+00 9.461981120000000800e+00 9.460946180000000538e+00 9.459924429999999163e+00 9.458915839999999520e+00 9.457920370000000077e+00 9.456937979999999300e+00 9.455968640000000036e+00 9.455012319999999804e+00 9.454068960000000743e+00 9.453138539999999423e+00 9.452221019999999641e+00 9.451316350000000810e+00 9.450424489999999622e+00 9.449545410000000700e+00 9.448679050000000856e+00
8.287652279999999649e+00 8.285370759999999279e+00 8.283113159999999198e+00 8.280879380000000012e+00 8.278669289999999847e+00 8.276482789999999312e+00 8.274319730000000206e+00 8.272179989999999705e+00 8.270063430000000437e+00 8.267969889999999822e+00 8.265899219999999659e+00 8.263851250000000093e+00 8.261825800000000442e+00 8.259822709999999901e+00 8.257841779999999687e+00 8.255882820000000066e+00 8.253945630000000477e+00 8.252029999999999532e+00 8.250135719999999395e+00 8.248262580000000455e+00 8.246410340000000616e+00 8.244578799999999319e+00 8.242767710000000747e+00 8.240976840000000081e+00 8.239205959999999607e+00 8.237454830000000783e+00 8.235723200000000688e+00 8.234010830000000780e+00 8.232317480000000742e+00 8.230642899999999429e+00 8.228986859999999126e+00 8.227349099999999638e+00 8.225729380000000646e+00 8.224127460000000056e+00 8.222543110000000155e+00 8.220976079999999797e+00 8.219426130000000441e+00 8.217893039999999871e+00 8.216376580000000374e+00 8.214876520000000681e+00 8.213392649999999406e+00 8.211924729999999784e+00 8.210472570000000303e+00 8.209035950000000526e+00 8.207614669999999890e+00 8.206208529999999612e+00 8.204817350000000786e+00 8.203440929999999298e+00 8.202079100000000622e+00 8.200731669999999696e+00
6.796311000000000213e+00 6.795217189999999796e+00 6.794134829999999958e+00 6.793063809999999592e+00 6.792004010000000314e+00 6.790955310000000189e+00 6.789917619999999765e+00 6.788890819999999771e+00 6.787874819999999865e+00 6.786869539999999645e+00 6.785874869999999781e+00 6.784890749999999748e+00 6.783917090000000094e+00 6.782953810000000416e+00 6.782000860000000131e+00 6.781058159999999724e+00 6.780125649999999560e+00 6.779203279999999943e+00 6.778290990000000349e+00 6.777388720000000255e+00 6.776496439999999843e+00 6.775614100000000306e+00 6.774741650000000170e+00 6.773879059999999619e+00 6.773026299999999722e+00 6.772183309999999956e+00 6.771350080000000382e+00 6.770526580000000294e+00 6.769712759999999996e+00 6.768908620000000376e+00 6.768114109999999961e+00 6.767329219999999701e+00 6.766553919999999778e+00 6.765788190000000313e+00 6.765031999999999712e+00 6.764285339999999813e+00 6.763548169999999971e+00 6.762820480000000245e+00 6.762102239999999931e+00 6.761393439999999977e+00 6.760694039999999738e+00 6.760004030000000164e+00 6.759323379999999659e+00 6.758652070000000123e+00 6.757990060000000021e+00 6.757337340000000303e+00 6.756693880000000263e+00 6.756059650000000083e+00 6.755434619999999946e+00 6.754818750000000094e+00
5.531427680000000180e+00 5.529911189999999976e+00 5.528410710000000172e+00 5.526926150000000426e+00 5.525457430000000336e+00 5.524004480000000328e+00 5.522567200000000120e+00 5.521145500000000261e+00 5.519739279999999582e+00 5.518348450000000405e+00 5.516972879999999968e+00 5.515612469999999767e+00 5.514267099999999644e+00 5.512936640000000388e+00 5.511620970000000064e+00 5.510319960000000350e+00 5.509033470000000321e+00 5.507761350000000000e+00 5.506503460000000238e+00 5.505259660000000110e+00 5.504029789999999700e+00 5.502813699999999919e+00 5.501611239999999903e+00 5.500422229999999857e+00 5.499246529999999744e+00 5.498083969999999709e+00 5.496934379999999898e+00 5.495797610000000333e+00 5.494673480000000332e+00 5.493561839999999918e+00 5.492462510000000186e+00 5.491375330000000332e+00 5.490300140000000439e+00 5.489236779999999705e+00 5.488185080000000049e+00 5.487144889999999720e+00 5.486116039999999749e+00 5.485098390000000101e+00 5.484091770000000032e+00 5.483096040000000393e+00 5.482111040000000379e+00 5.481136639999999893e+00 5.480172689999999847e+00 5.479219060000000141e+00 5.478275599999999912e+00 5.477342189999999889e+00 5.476418709999999912e+00 5.475505010000000006e+00 5.474600999999999829e+00 5.473706540000000231e+00
4.085503519999999611e+00 4.084850280000000389e+00 4.084203890000000392e+00 4.083564280000000046e+00 4.082931389999999716e+00 4.082305139999999888e+00 4.081685479999999977e+00 4.081072340000000409e+00 4.080465679999999651e+00 4.079865429999999904e+00 4.079271539999999696e+00 4.078683980000000098e+00 4.078102689999999697e+00 4.077527639999999565e+00 4.076958770000000065e+00 4.076396070000000371e+00 4.075839479999999959e+00 4.075288979999999839e+00 4.074744540000000192e+00 4.074206140000000254e+00 4.073673730000000326e+00 4.073147310000000410e+00 4.072626849999999799e+00 4.072112319999999563e+00 4.071603709999999765e+00 4.071100989999999697e+00 4.070604160000000249e+00 4.070113189999999825e+00 4.069628070000000264e+00 4.069148789999999849e+00 4.068675329999999590e+00 4.068207680000000437e+00 4.067745829999999785e+00 4.067289760000000420e+00 4.066839469999999679e+00 4.066394930000000407e+00 4.065956149999999880e+00 4.065523100000000056e+00 4.065095780000000047e+00 4.064674179999999915e+00 4.064258279999999779e+00 4.063848069999999701e+00 4.063443529999999804e+00 4.063044660000000086e+00 4.062651439999999781e+00 4.062263849999999898e+00 4.061881879999999612e+00 4.061505519999999869e+00 4.061134749999999904e+00 4.060769539999999900e+00
2.775235229999999831e+00 2.774480950000000057e+00 2.773734709999999826e+00 2.772996469999999825e+00 2.772266189999999852e+00 2.771543830000000153e+00 2.770829340000000141e+00 2.770122680000000059e+00 2.769423800000000213e+00 2.768732650000000017e+00 2.768049159999999898e+00 2.767373280000000157e+00 2.766704949999999830e+00 2.766044120000000106e+00 2.765390700000000201e+00 2.764744649999999915e+00 2.764105869999999854e+00 2.763474319999999818e+00 2.762849899999999970e+00 2.762232560000000170e+00 2.761622200000000138e+00 2.761018759999999794e+00 2.760422140000000191e+00 2.759832289999999855e+00 2.759249099999999899e+00 2.758672499999999861e+00 2.758102409999999782e+00 2.757538740000000210e+00 2.756981409999999855e+00 2.756430340000000090e+00 2.755885450000000070e+00 2.755346639999999958e+00 2.754813850000000119e+00 2.754286979999999829e+00 2.753765950000000018e+00 2.753250689999999778e+00 2.752741120000000041e+00 2.752237159999999960e+00 2.751738730000000022e+00 2.751245749999999823e+00 2.750758149999999791e+00 2.750275869999999845e+00 2.749798820000000088e+00 2.749326939999999997e+00 2.748860159999999997e+00 2.748398420000000009e+00 2.747941650000000013e+00 2.747489799999999871e+00 2.747042790000000068e+00 2.746600579999999958e+00
1.374393479999999945e+00 1.374180970000000057e+00 1.373970769999999897e+00 1.373762850000000091e+00 1.373557200000000034e+00 1.373353779999999968e+00 1.373152589999999895e+00 1.372953599999999996e+00 1.372756789999999949e+00 1.372562150000000036e+00 1.372369659999999936e+00 1.372179309999999930e+00 1.371991079999999918e+00 1.371804959999999962e+00 1.371620939999999900e+00 1.371439000000000075e+00 1.371259140000000043e+00 1.371081339999999926e+00 1.370905599999999946e+00 1.370731900000000003e+00 1.370560250000000035e+00 1.370390629999999943e+00 1.370223030000000008e+00 1.370057459999999949e+00 1.369893900000000109e+00 1.369732350000000043e+00 1.369572809999999974e+00 1.369415269999999962e+00 1.369259720000000069e+00 1.369106170000000011e+00 1.368954610000000072e+00 1.368805030000000089e+00 1.368657440000000003e+00 1.368511830000000096e+00 1.368368189999999984e+00 1.368226530000000052e+00 1.368086850000000076e+00 1.367949129999999958e+00 1.367813380000000079e+00 1.367679590000000056e+00 1.367547759999999890e+00 1.367417890000000025e+00 1.367289970000000077e+00 1.367164000000000046e+00 1.367039979999999932e+00 1.366917900000000019e+00 1.366797760000000084e+00 1.366679549999999965e+00 1.366563270000000108e+00 1.366448920000000067e+00
1.900074259999999862e-02 1.900723949999999843e-02 1.901380700000000062e-02 1.902044500000000041e-02 1.902715329999999858e-02 1.903393210000000127e-02 1.904078110000000101e-02 1.904770039999999914e-02 1.905469010000000046e-02 1.906175010000000017e-02 1.906888040000000173e-02 1.907608109999999954e-02 1.908335220000000054e-02 1.909069379999999913e-02 1.909810569999999957e-02 1.910558819999999894e-02 1.911314110000000149e-02 1.912076440000000030e-02 1.912845830000000150e-02 1.913622259999999894e-02 1.914405740000000092e-02 1.915196259999999914e-02 1.915993820000000056e-02 1.916798420000000169e-02 1.917610050000000121e-02 1.918428709999999912e-02 1.919254379999999968e-02 1.920087070000000076e-02 1.920926770000000103e-02 1.921773469999999914e-02 1.922627169999999858e-02 1.923487850000000013e-02 1.924355520000000166e-02 1.925230149999999918e-02 1.926111759999999881e-02 1.927000330000000136e-02 1.927895859999999989e-02 1.928798350000000134e-02 1.929707779999999956e-02 1.930624170000000070e-02 1.931547509999999995e-02 1.932477800000000079e-02 1.933415050000000107e-02 1.934359260000000080e-02 1.935310429999999998e-02 1.936268580000000128e-02 1.937233719999999909e-02 1.938205850000000036e-02 1.939184999999999867e-02 1.940171179999999884e-02
-1.336640110000000048e+00 -1.336412270000000069e+00 -1.336186649999999920e+00 -1.335963220000000007e+00 -1.335741960000000006e+00 -1.335522850000000039e+00 -1.335305860000000067e+00 -1.335090979999999927e+00 -1.334878180000000025e+00 -1.334667440000000038e+00 -1.334458759999999966e+00 -1.334252100000000052e+00 -1.334047460000000074e+00 -1.333844809999999992e+00 -1.333644159999999967e+00 -1.333445470000000022e+00 -1.333248739999999932e+00 -1.333053950000000043e+00 -1.332861099999999910e+00 -1.332670170000000098e+00 -1.332481159999999942e+00 -1.332294040000000068e+00 -1.332108829999999910e+00 -1.331925500000000095e+00 -1.331744040000000018e+00 -1.331564460000000061e+00 -1.331386739999999902e+00 -1.331210870000000046e+00 -1.331036859999999988e+00 -1.330864679999999911e+00 -1.330694349999999915e+00 -1.330525839999999960e+00 -1.330359159999999985e+00 -1.330194300000000052e+00 -1.330031249999999998e+00 -1.329870010000000047e+00 -1.329710570000000036e+00 -1.329552929999999966e+00 -1.329397079999999898e+00 -1.329243020000000053e+00 -1.329090730000000109e+00 -1.328940220000000005e+00 -1.328791480000000025e+00 -1.328644509999999945e+00 -1.328499279999999949e+00 -1.328355809999999915e+00 -1.328214079999999964e+00 -1.328074090000000096e+00 -1.327935829999999928e+00 -1.327799289999999965e+00
-2.737052990000000019e+00 -2.736285769999999840e+00 -2.735526430000000175e+00 -2.734774929999999937e+00 -2.734031250000000135e+00 -2.733295319999999862e+00 -2.732567120000000127e+00 -2.731846589999999964e+00 -2.731133690000000058e+00 -2.730428359999999888e+00 -2.729730550000000200e+00 -2.729040190000000088e+00 -2.728357239999999795e+00 -2.727681630000000190e+00 -2.727013289999999923e+00 -2.726352159999999802e+00 -2.725698169999999809e+00 -2.725051239999999986e+00 -2.724411309999999808e+00 -2.723778289999999824e+00 -2.723152119999999954e+00 -2.722532719999999795e+00 -2.721919999999999895e+00 -2.721313889999999791e+00 -2.720714300000000030e+00 -2.720121160000000149e+00 -2.719534379999999807e+00 -2.718953869999999995e+00 -2.718379559999999806e+00 -2.717811370000000171e+00 -2.717249199999999920e+00 -2.716692989999999863e+00 -2.716142640000000164e+00 -2.715598069999999975e+00 -2.715059199999999784e+00 -2.714525960000000016e+00 -2.713998259999999885e+00 -2.713476019999999878e+00 -2.712959179999999915e+00 -2.712447640000000160e+00 -2.711941350000000028e+00 -2.711440230000000007e+00 -2.710944200000000137e+00 -2.710453189999999957e+00 -2.709967150000000213e+00 -2.709486010000000000e+00 -2.709009689999999804e+00 -2.708538139999999927e+00 -2.708071309999999787e+00 -2.707609119999999869e+00
-4.047742000000000395e+00 -4.047073339999999853e+00 -4.046411439999999970e+00 -4.045756230000000286e+00 -4.045107640000000337e+00 -4.044465609999999600e+00 -4.043830060000000337e+00 -4.043200940000000188e+00 -4.042578179999999577e+00 -4.041961739999999637e+00 -4.041351569999999782e+00 -4.040747600000000439e+00 -4.040149800000000013e+00 -4.039558119999999697e+00 -4.038972519999999733e+00 -4.038392960000000365e+00 -4.037819400000000059e+00 -4.037251819999999825e+00 -4.036690160000000027e+00 -4.036134419999999778e+00 -4.035584550000000270e+00 -4.035040529999999848e+00 -4.034502340000000409e+00 -4.033969950000000360e+00 -4.033443329999999882e+00 -4.032922479999999865e+00 -4.032407369999999602e+00 -4.031897970000000164e+00 -4.031394279999999775e+00 -4.030896270000000392e+00 -4.030403930000000301e+00 -4.029917249999999562e+00 -4.029436210000000074e+00 -4.028960790000000181e+00 -4.028490970000000004e+00 -4.028026760000000372e+00 -4.027568129999999691e+00 -4.027115059999999858e+00 -4.026667549999999984e+00 -4.026225570000000253e+00 -4.025789119999999777e+00 -4.025358179999999564e+00 -4.024932729999999736e+00 -4.024512760000000355e+00 -4.024098249999999766e+00 -4.023689179999999865e+00 -4.023285539999999827e+00 -4.022887309999999772e+00 -4.022494469999999822e+00 -4.022107000000000099e+00
-5.493424649999999687e+00 -5.491895320000000247e+00 -5.490381840000000402e+00 -5.488884129999999750e+00 -5.487402119999999606e+00 -5.485935719999999627e+00 -5.484484850000000300e+00 -5.483049409999999568e+00 -5.481629299999999816e+00 -5.480224429999999813e+00 -5.478834670000000351e+00 -5.477459930000000199e+00 -5.476100080000000148e+00 -5.474755000000000038e+00 -5.473424569999999711e+00 -5.472108630000000140e+00 -5.470807070000000216e+00 -5.469519749999999902e+00 -5.468246500000000232e+00 -5.466987200000000158e+00 -5.465741679999999825e+00 -5.464509800000000084e+00 -5.463291390000000192e+00 -5.462086300000000172e+00 -5.460894370000000109e+00 -5.459715430000000147e+00 -5.458549320000000371e+00 -5.457395879999999977e+00 -5.456254949999999937e+00 -5.455126349999999569e+00 -5.454009919999999845e+00 -5.452905499999999961e+00 -5.451812920000000062e+00 -5.450732030000000172e+00 -5.449662660000000436e+00 -5.448604640000000110e+00 -5.447557830000000045e+00 -5.446522070000000326e+00 -5.445497200000000149e+00 -5.444483080000000363e+00 -5.443479550000000167e+00 -5.442486470000000409e+00 -5.441503700000000165e+00 -5.440531100000000286e+00 -5.439568539999999786e+00 -5.438615880000000402e+00 -5.437673000000000201e+00 -5.436739769999999972e+00 -5.435816070000000444e+00 -5.434901789999999622e+00
-6.758596550000000036e+00 -6.757486980000000365e+00 -6.756388779999999983e+00 -6.755301809999999740e+00 -6.754225970000000245e+00 -6.753161139999999563e+00 -6.752107210000000137e+00 -6.751064079999999912e+00 -6.750031640000000444e+00 -6.749009810000000442e+00 -6.747998499999999567e+00 -6.746997620000000140e+00 -6.746007089999999984e+00 -6.745026840000000412e+00 -6.744056800000000074e+00 -6.743096890000000343e+00 -6.742147059999999748e+00 -6.741207239999999601e+00 -6.740277390000000146e+00 -6.739357440000000032e+00 -6.738447339999999564e+00 -6.737547059999999810e+00 -6.736656540000000248e+00 -6.735775750000000173e+00 -6.734904649999999826e+00 -6.734043190000000401e+00 -6.733191350000000241e+00 -6.732349089999999592e+00 -6.731516380000000410e+00 -6.730693190000000214e+00 -6.729879490000000075e+00 -6.729075260000000114e+00 -6.728280469999999625e+00 -6.727495089999999678e+00 -6.726719100000000395e+00 -6.725952470000000183e+00 -6.725195170000000111e+00 -6.724447190000000241e+00 -6.723708499999999866e+00 -6.722979070000000057e+00 -6.722258880000000048e+00 -6.721547900000000020e+00 -6.720846100000000156e+00 -6.720153469999999629e+00 -6.719469959999999631e+00 -6.718795560000000222e+00 -6.718130229999999870e+00 -6.717473939999999644e+00 -6.716826669999999666e+00 -6.716188370000000241e+00
-8.249533440000000439e+00 -8.247239309999999435e+00 -8.244968959999999569e+00 -8.242722269999999796e+00 -8.240499140000000722e+00 -8.238299440000000473e+00 -8.236123040000000728e+00 -8.233969800000000561e+00 -8.231839600000000701e+00 -8.229732269999999517e+00 -8.227647660000000585e+00 -8.225585600000000497e+00 -8.223545919999999398e+00 -8.221528449999999211e+00 -8.219532989999999373e+00 -8.217559350000000151e+00 -8.215607340000000036e+00 -8.213676740000000365e+00 -8.211767339999999749e+00 -8.209878930000000352e+00 -8.208011289999999960e+00 -8.206164180000000030e+00 -8.204337380000000124e+00 -8.202530660000000751e+00 -8.200743779999999816e+00 -8.198976489999999728e+00 -8.197228559999999220e+00 -8.195499749999999750e+00 -8.193789799999999346e+00 -8.192098489999999344e+00 -8.190425550000000499e+00 -8.188770760000000593e+00 -8.187133859999999430e+00 -8.185514619999999297e+00 -8.183912790000000825e+00 -8.182328130000000144e+00 -8.180760420000000366e+00 -8.179209419999999398e+00 -8.177674899999999525e+00 -8.176156629999999481e+00 -8.174654399999999654e+00 -8.173167980000000554e+00 -8.171697169999999844e+00 -8.170241759999999687e+00 -8.168801540000000472e+00 -8.167376320000000689e+00 -8.165965899999999777e+00 -8.164570100000000608e+00 -8.163188729999999893e+00 -8.161821630000000383e+00
-9.469143719999999931e+00 -9.467592690000000033e+00 -9.466057729999999282e+00 -9.464538640000000669e+00 -9.463035270000000665e+00 -9.461547449999999415e+00 -9.460075030000000496e+00 -9.458617849999999549e+00 -9.457175769999999204e+00 -9.455748670000000189e+00 -9.454336409999999802e+00 -9.452938859999999721e+00 -9.451555920000000555e+00 -9.450187469999999479e+00 -9.448833410000000654e+00 -9.447493630000000309e+00 -9.446168050000000704e+00 -9.444856570000000673e+00 -9.443559119999999751e+00 -9.442275609999999375e+00 -9.441005960000000030e+00 -9.439750110000000305e+00 -9.438507989999999737e+00 -9.437279540000000466e+00 -9.436064699999999306e+00 -9.434863410000000172e+00 -9.433675620000000706e+00 -9.432501280000000321e+00 -9.431340329999999383e+00 -9.430192740000000740e+00 -9.429058460000000252e+00 -9.427937439999999114e+00 -9.426829650000000171e+00 -9.425735039999999287e+00 -9.424653570000000258e+00 -9.423585210000000600e+00 -9.422529909999999731e+00 -9.421487649999999547e+00 -9.420458370000000414e+00 -9.419442050000000677e+00 -9.418438650000000578e+00 -9.417448110000000483e+00 -9.416470419999999564e+00 -9.415505519999999962e+00 -9.414553379999999194e+00 -9.413613950000000230e+00 -9.412687200000000587e+00 -9.411773070000000629e+00 -9.410871529999999652e+00 -9.409982519999999795e+00
-1.100549570000000088e+01 -1.100243279999999935e+01 -1.099940160000000056e+01 -1.099640199999999979e+01 -1.099343370000000064e+01 -1.099049660000000017e+01 -1.098759060000000076e+01 -1.098471540000000068e+01 -1.098187099999999994e+01 -1.097905699999999918e+01 -1.097627340000000018e+01 -1.097351989999999944e+01 -1.097079620000000055e+01 -1.096810220000000058e+01 -1.096543759999999956e+01 -1.096280220000000050e+01 -1.096019560000000048e+01 -1.095761770000000013e+01 -1.095506819999999948e+01 -1.095254669999999919e+01 -1.095005309999999987e+01 -1.094758689999999923e+01 -1.094514790000000026e+01 -1.094273590000000063e+01 -1.094035039999999981e+01 -1.093799120000000080e+01 -1.093565800000000010e+01 -1.093335040000000014e+01 -1.093106820000000035e+01 -1.092881099999999961e+01 -1.092657840000000036e+01 -1.092437020000000025e+01 -1.092218609999999934e+01 -1.092002579999999945e+01 -1.091788880000000006e+01 -1.091577490000000061e+01 -1.091368390000000055e+01 -1.091161529999999935e+01 -1.090956890000000001e+01 -1.090754440000000081e+01 -1.090554150000000000e+01 -1.090355989999999942e+01 -1.090159930000000088e+01 -1.089965950000000028e+01 -1.089774019999999943e+01 -1.089584100000000078e+01 -1.089396179999999958e+01 -1.089210229999999946e+01 -1.089026229999999984e+01 -1.088844150000000077e+01
-1.217927369999999954e+01 -1.217728020000000022e+01 -1.217530750000000062e+01 -1.217335549999999955e+01 -1.217142390000000063e+01 -1.216951249999999973e+01 -1.216762109999999986e+01 -1.216574950000000044e+01 -1.216389749999999914e+01 -1.216206490000000073e+01 -1.216025160000000049e+01 -1.215845739999999964e+01 -1.215668220000000055e+01 -1.215492569999999972e+01 -1.215318790000000071e+01 -1.215146859999999940e+01 -1.214976769999999995e+01 -1.214808500000000002e+01 -1.214642040000000023e+01 -1.214477390000000057e+01 -1.214314539999999987e+01 -1.214153459999999995e+01 -1.213994160000000022e+01 -1.213836620000000011e+01 -1.213680839999999961e+01 -1.213526799999999994e+01 -1.213374510000000051e+01 -1.213223939999999956e+01 -1.213075109999999945e+01 -1.212927990000000023e+01 -1.212782580000000010e+01 -1.212638880000000086e+01 -1.212496879999999955e+01 -1.212356570000000033e+01 -1.212217949999999966e+01 -1.212081019999999931e+01 -1.211945760000000050e+01 -1.211812169999999966e+01 -1.211680239999999920e+01 -1.211549980000000026e+01 -1.211421370000000053e+01 -1.211294419999999938e+01 -1.211169100000000043e+01 -1.211045430000000067e+01 -1.210923380000000016e+01 -1.210802969999999945e+01 -1.210684179999999976e+01 -1.210566999999999993e+01 -1.210451429999999995e+01 -1.210337460000000043e+01
-1.376115270000000024e+01 -1.375731619999999999e+01 -1.375351910000000011e+01 -1.374976129999999941e+01 -1.374604279999999967e+01 -1.374236319999999978e+01 -1.373872229999999917e+01 -1.373512009999999961e+01 -1.373155619999999999e+01 -1.372803039999999974e+01 -1.372454259999999948e+01 -1.372109230000000046e+01 -1.371767949999999914e+01 -1.371430370000000032e+01 -1.371096479999999929e+01 -1.370766240000000025e+01 -1.370439619999999969e+01 -1.370116589999999945e+01 -1.369797110000000018e+01 -1.369481159999999953e+01 -1.369168699999999994e+01 -1.368859690000000029e+01 -1.368554089999999945e+01 -1.368251880000000043e+01 -1.367953009999999914e+01 -1.367657449999999919e+01 -1.367365150000000007e+01 -1.367076080000000005e+01 -1.366790199999999977e+01 -1.366507469999999991e+01 -1.366227860000000049e+01 -1.365951309999999985e+01 -1.365677799999999920e+01 -1.365407289999999918e+01 -1.365139729999999929e+01 -1.364875089999999958e+01 -1.364613319999999952e+01 -1.364354400000000034e+01 -1.364098279999999974e+01 -1.363844929999999955e+01 -1.363594310000000043e+01 -1.363346379999999947e+01 -1.363101110000000027e+01 -1.362858459999999994e+01 -1.362618409999999969e+01 -1.362380910000000078e+01 -1.362145940000000088e+01 -1.361913460000000065e+01 -1.361683440000000012e+01 -1.361455860000000051e+01
-1.488884900000000044e+01 -1.488641110000000012e+01 -1.488399910000000048e+01 -1.488161260000000041e+01 -1.487925139999999935e+01 -1.487691519999999912e+01 -1.487460369999999976e+01 -1.487231680000000011e+01 -1.487005410000000083e+01 -1.486781539999999957e+01 -1.486560049999999933e+01 -1.486340919999999954e+01 -1.486124129999999965e+01 -1.485909660000000088e+01 -1.485697490000000087e+01 -1.485487600000000086e+01 -1.485279970000000027e+01 -1.485074589999999972e+01 -1.484871449999999982e+01 -1.484670529999999999e+01 -1.484471809999999969e+01 -1.484275279999999952e+01 -1.484080930000000009e+01 -1.483888740000000084e+01 -1.483698709999999998e+01 -1.483510829999999991e+01 -1.483325070000000068e+01 -1.483141439999999989e+01 -1.482959920000000054e+01 -1.482780510000000085e+01 -1.482603190000000026e+01 -1.482427949999999939e+01 -1.482254790000000000e+01 -1.482083689999999976e+01 -1.481914659999999984e+01 -1.481747679999999967e+01 -1.481582749999999926e+01 -1.481419849999999983e+01 -1.481258979999999958e+01 -1.481100129999999915e+01 -1.480943289999999912e+01 -1.480788470000000068e+01 -1.480635640000000031e+01 -1.480484809999999918e+01 -1.480335949999999912e+01 -1.480189080000000068e+01 -1.480044179999999976e+01 -1.479901240000000051e+01 -1.479760249999999999e+01 -1.479621219999999937e+01
-1.651672990000000141e+01 -1.651211350000000166e+01 -1.650754440000000045e+01 -1.650302230000000137e+01 -1.649854709999999969e+01 -1.649411860000000019e+01 -1.648973649999999935e+01 -1.648540059999999841e+01 -1.648111069999999856e+01 -1.647686639999999869e+01 -1.647266760000000119e+01 -1.646851399999999899e+01 -1.646440510000000046e+01 -1.646034089999999850e+01 -1.645632080000000030e+01 -1.645234459999999999e+01 -1.644841200000000114e+01 -1.644452250000000149e+01 -1.644067580000000106e+01 -1.643687149999999875e+01 -1.643310920000000053e+01 -1.642938859999999934e+01 -1.642570909999999884e+01 -1.642207039999999907e+01 -1.641847209999999890e+01 -1.641491369999999961e+01 -1.641139469999999889e+01 -1.640791480000000035e+01 -1.640447340000000054e+01 -1.640107019999999949e+01 -1.639770460000000085e+01 -1.639437630000000112e+01 -1.639108470000000040e+01 -1.638782940000000110e+01 -1.638460990000000095e+01 -1.638142579999999882e+01 -1.637827670000000069e+01 -1.637516199999999955e+01 -1.637208139999999901e+01 -1.636903440000000032e+01 -1.636602050000000119e+01 -1.636303949999999929e+01 -1.636009070000000065e+01 -1.635717380000000176e+01 -1.635428849999999912e+01 -1.635143419999999992e+01 -1.634861069999999827e+01 -1.634581749999999900e+01 -1.634305420000000098e+01 -1.634032059999999831e+01
-1.759776039999999853e+01 -1.759487530000000177e+01 -1.759202129999999897e+01 -1.758919789999999850e+01 -1.758640469999999922e+01 -1.758364159999999998e+01 -1.758090800000000087e+01 -1.757820380000000071e+01 -1.757552869999999956e+01 -1.757288229999999984e+01 -1.757026439999999923e+01 -1.756767470000000131e+01 -1.756511289999999903e+01 -1.756257889999999833e+01 -1.756007230000000163e+01 -1.755759300000000067e+01 -1.755514069999999904e+01 -1.755271520000000152e+01 -1.755031639999999982e+01 -1.754794400000000110e+01 -1.754559779999999947e+01 -1.754327770000000086e+01 -1.754098349999999940e+01 -1.753871510000000100e+01 -1.753647219999999862e+01 -1.753425479999999936e+01 -1.753206270000000089e+01 -1.752989570000000086e+01 -1.752775370000000166e+01 -1.752563669999999973e+01 -1.752354439999999869e+01 -1.752147679999999852e+01 -1.751943380000000161e+01 -1.751741510000000090e+01 -1.751542080000000112e+01 -1.751345069999999993e+01 -1.751150469999999970e+01 -1.750958269999999928e+01 -1.750768460000000104e+01 -1.750581030000000027e+01 -1.750395980000000051e+01 -1.750213279999999827e+01 -1.750032939999999826e+01 -1.749854930000000053e+01 -1.749679270000000031e+01 -1.749505920000000003e+01 -1.749334890000000087e+01 -1.749166160000000048e+01 -1.748999729999999886e+01 -1.748835589999999840e+01
-1.927221159999999855e+01 -1.926680860000000095e+01 -1.926146049999999832e+01 -1.925616709999999898e+01 -1.925092820000000060e+01 -1.924574349999999967e+01 -1.924061289999999858e+01 -1.923553589999999858e+01 -1.923051249999999968e+01 -1.922554219999999958e+01 -1.922062479999999951e+01 -1.921575999999999951e+01 -1.921094749999999962e+01 -1.920618689999999873e+01 -1.920147790000000043e+01 -1.919682010000000005e+01 -1.919221320000000119e+01 -1.918765660000000040e+01 -1.918315009999999887e+01 -1.917869320000000144e+01 -1.917428549999999987e+01 -1.916992649999999898e+01 -1.916561570000000003e+01 -1.916135279999999952e+01 -1.915713720000000109e+01 -1.915296839999999889e+01 -1.914884599999999892e+01 -1.914476949999999889e+01 -1.914073829999999887e+01 -1.913675190000000015e+01 -1.913280990000000159e+01 -1.912891159999999857e+01 -1.912505669999999824e+01 -1.912124460000000070e+01 -1.911747469999999893e+01 -1.911374659999999892e+01 -1.911005970000000076e+01 -1.910641359999999978e+01 -1.910280759999999844e+01 -1.909924140000000037e+01 -1.909571439999999853e+01 -1.909222610000000131e+01 -1.908877599999999930e+01 -1.908536369999999849e+01 -1.908198870000000014e+01 -1.907865049999999840e+01 -1.907534869999999927e+01 -1.907208280000000045e+01 -1.906885240000000081e+01 -1.906565709999999925e+01
-2.030599739999999898e+01 -2.030266080000000173e+01 -2.029936059999999998e+01 -2.029609629999999854e+01 -2.029286739999999867e+01 -2.028967370000000159e+01 -2.028651470000000145e+01 -2.028339000000000070e+01 -2.028029929999999936e+01 -2.027724230000000105e+01 -2.027421860000000109e+01 -2.027122789999999952e+01 -2.026826979999999878e+01 -2.026534410000000008e+01 -2.026245060000000109e+01 -2.025958879999999951e+01 -2.025675850000000011e+01 -2.025395960000000173e+01 -2.025119159999999852e+01 -2.024845450000000113e+01 -2.024574790000000135e+01 -2.024307160000000039e+01 -2.024042550000000062e+01 -2.023780920000000094e+01 -2.023522270000000134e+01 -2.023266569999999831e+01 -2.023013810000000134e+01 -2.022763949999999866e+01 -2.022516999999999854e+01 -2.022272930000000102e+01 -2.022031730000000138e+01 -2.021793369999999967e+01 -2.021557849999999945e+01 -2.021325159999999954e+01 -2.021095259999999882e+01 -2.020868159999999847e+01 -2.020643839999999969e+01 -2.020422290000000132e+01 -2.020203479999999985e+01 -2.019987420000000000e+01 -2.019774089999999944e+01 -2.019563469999999938e+01 -2.019355549999999866e+01 -2.019150319999999965e+01 -2.018947779999999881e+01 -2.018747899999999973e+01 -2.018550670000000125e+01 -2.018356100000000097e+01 -2.018164150000000134e+01 -2.017974829999999997e+01
-2.202724219999999988e+01 -2.202104539999999844e+01 -2.201491109999999907e+01 -2.200883909999999943e+01 -2.200282899999999842e+01 -2.199688079999999957e+01 -2.199099389999999943e+01 -2.198516830000000155e+01 -2.197940360000000126e+01 -2.197369949999999861e+01 -2.196805570000000074e+01 -2.196247190000000060e+01 -2.195694770000000062e+01 -2.195148280000000085e+01 -2.194607680000000016e+01 -2.194072919999999982e+01 -2.193543980000000104e+01 -2.193020810000000154e+01 -2.192503359999999901e+01 -2.191991589999999945e+01 -2.191485460000000174e+01 -2.190984909999999886e+01 -2.190489889999999917e+01 -2.190000369999999918e+01 -2.189516270000000020e+01 -2.189037559999999871e+01 -2.188564179999999837e+01 -2.188096080000000043e+01 -2.187633190000000027e+01 -2.187175470000000033e+01 -2.186722860000000068e+01 -2.186275300000000144e+01 -2.185832740000000030e+01 -2.185395120000000091e+01 -2.184962379999999982e+01 -2.184534460000000067e+01 -2.184111310000000117e+01 -2.183692870000000141e+01 -2.183279080000000150e+01 -2.182869900000000030e+01 -2.182465249999999912e+01 -2.182065090000000041e+01 -2.181669369999999830e+01 -2.181278019999999884e+01 -2.180890989999999974e+01 -2.180508229999999870e+01 -2.180129700000000170e+01 -2.179755330000000058e+01 -2.179385080000000130e+01 -2.179018900000000158e+01
-2.301345949999999974e+01 -2.300966610000000045e+01 -2.300591440000000176e+01 -2.300220410000000015e+01 -2.299853470000000044e+01 -2.299490559999999917e+01 -2.299131649999999993e+01 -2.298776700000000162e+01 -2.298425659999999837e+01 -2.298078479999999857e+01 -2.297735139999999987e+01 -2.297395589999999999e+01 -2.297059799999999896e+01 -2.296727720000000161e+01 -2.296399329999999850e+01 -2.296074589999999915e+01 -2.295753470000000007e+01 -2.295435930000000013e+01 -2.295121950000000055e+01 -2.294811500000000137e+01 -2.294504540000000148e+01 -2.294201049999999853e+01 -2.293901010000000085e+01 -2.293604380000000020e+01 -2.293311149999999898e+01 -2.293021290000000079e+01 -2.292734769999999855e+01 -2.292451570000000061e+01 -2.292171679999999867e+01 -2.291895069999999990e+01 -2.291621719999999840e+01 -2.291351600000000133e+01 -2.291084710000000157e+01 -2.290821030000000036e+01 -2.290560520000000011e+01 -2.290303189999999844e+01 -2.290049000000000134e+01 -2.289797950000000171e+01 -2.289550009999999958e+01 -2.289305179999999851e+01 -2.289063429999999855e+01 -2.288824749999999852e+01 -2.288589130000000083e+01 -2.288356549999999956e+01 -2.288126989999999950e+01 -2.287900450000000063e+01 -2.287676910000000063e+01 -2.287456350000000072e+01 -2.287238759999999971e+01 -2.287024140000000116e+01
-2.478197979999999845e+01 -2.477498160000000027e+01 -2.476805339999999944e+01 -2.476119489999999956e+01 -2.475440580000000068e+01 -2.474768590000000046e+01 -2.474103480000000133e+01 -2.473445230000000095e+01 -2.472793800000000175e+01 -2.472149170000000140e+01 -2.471511290000000116e+01 -2.470880139999999869e+01 -2.470255679999999998e+01 -2.469637870000000035e+01 -2.469026679999999985e+01 -2.468422049999999857e+01 -2.467823960000000127e+01 -2.467232350000000096e+01 -2.466647190000000123e+01 -2.466068419999999861e+01 -2.465495999999999910e+01 -2.464929869999999923e+01 -2.464369980000000027e+01 -2.463816290000000109e+01 -2.463268739999999823e+01 -2.462727260000000129e+01 -2.462191819999999964e+01 -2.461662340000000171e+01 -2.461138770000000164e+01 -2.460621060000000071e+01 -2.460109130000000022e+01 -2.459602939999999904e+01 -2.459102409999999850e+01 -2.458607489999999984e+01 -2.458118119999999962e+01 -2.457634240000000148e+01 -2.457155769999999961e+01 -2.456682670000000002e+01 -2.456214870000000161e+01 -2.455752299999999977e+01 -2.455294909999999931e+01 -2.454842640000000031e+01 -2.454395420000000172e+01 -2.453953190000000006e+01 -2.453515900000000016e+01 -2.453083489999999856e+01 -2.452655890000000127e+01 -2.452233060000000009e+01 -2.451814930000000103e+01 -2.451401449999999826e+01
-2.571965870000000010e+01 -2.571540089999999879e+01 -2.571119059999999834e+01 -2.570702719999999886e+01 -2.570291029999999921e+01 -2.569883929999999950e+01 -2.569481359999999981e+01 -2.569083290000000019e+01 -2.568689660000000075e+01 -2.568300419999999917e+01 -2.567915530000000146e+01 -2.567534940000000176e+01 -2.567158609999999896e+01 -2.566786499999999904e+01 -2.566418570000000088e+01 -2.566054779999999980e+01 -2.565695080000000061e+01 -2.565339439999999982e+01 -2.564987830000000102e+01 -2.564640199999999837e+01 -2.564296530000000018e+01 -2.563956779999999824e+01 -2.563620919999999970e+01 -2.563288920000000104e+01 -2.562960740000000115e+01 -2.562636360000000124e+01 -2.562315759999999898e+01 -2.561998889999999918e+01 -2.561685740000000067e+01 -2.561376279999999994e+01 -2.561070490000000177e+01 -2.560768330000000148e+01 -2.560469799999999907e+01 -2.560174849999999935e+01 -2.559883479999999878e+01 -2.559595660000000095e+01 -2.559311369999999997e+01 -2.559030579999999944e+01 -2.558753289999999936e+01 -2.558479469999999978e+01 -2.558209090000000074e+01 -2.557942149999999870e+01 -2.557678620000000080e+01 -2.557418489999999878e+01 -2.557161740000000094e+01 -2.556908359999999902e+01 -2.556658320000000018e+01 -2.556411620000000084e+01 -2.556168230000000108e+01 -2.555928139999999971e+01
-2.753690410000000099e+01 -2.752909650000000141e+01 -2.752136630000000039e+01 -2.751371310000000037e+01 -2.750613669999999900e+01 -2.749863669999999871e+01 -2.749121279999999956e+01 -2.748386460000000042e+01 -2.747659189999999896e+01 -2.746939419999999998e+01 -2.746227130000000116e+01 -2.745522270000000020e+01 -2.744824810000000070e+01 -2.744134719999999916e+01 -2.743451950000000039e+01 -2.742776459999999972e+01 -2.742108209999999957e+01 -2.741447150000000121e+01 -2.740793239999999997e+01 -2.740146419999999949e+01 -2.739506659999999982e+01 -2.738873900000000106e+01 -2.738248079999999973e+01 -2.737629150000000067e+01 -2.737017060000000157e+01 -2.736411749999999898e+01 -2.735813160000000011e+01 -2.735221230000000148e+01 -2.734635899999999964e+01 -2.734057109999999824e+01 -2.733484800000000092e+01 -2.732918899999999951e+01 -2.732359350000000120e+01 -2.731806089999999898e+01 -2.731259040000000127e+01 -2.730718149999999866e+01 -2.730183339999999959e+01 -2.729654560000000174e+01 -2.729131729999999934e+01 -2.728614789999999957e+01 -2.728103679999999898e+01 -2.727598319999999887e+01 -2.727098660000000052e+01 -2.726604620000000168e+01 -2.726116150000000005e+01 -2.725633170000000050e+01 -2.725155630000000073e+01 -2.724683459999999968e+01 -2.724216600000000099e+01 -2.723754990000000120e+01
-2.842506330000000148e+01 -2.842033239999999950e+01 -2.841565479999999866e+01 -2.841102989999999906e+01 -2.840645719999999841e+01 -2.840193599999999918e+01 -2.839746579999999909e+01 -2.839304599999999823e+01 -2.838867600000000024e+01 -2.838435550000000163e+01 -2.838008370000000014e+01 -2.837586029999999937e+01 -2.837168469999999942e+01 -2.836755640000000156e+01 -2.836347489999999993e+01 -2.835943990000000170e+01 -2.835545079999999984e+01 -2.835150720000000035e+01 -2.834760869999999855e+01 -2.834375479999999925e+01 -2.833994519999999895e+01 -2.833617950000000008e+01 -2.833245720000000034e+01 -2.832877810000000096e+01 -2.832514180000000081e+01 -2.832154780000000116e+01 -2.831799600000000083e+01 -2.831448590000000110e+01 -2.831101719999999844e+01 -2.830758960000000002e+01 -2.830420289999999994e+01 -2.830085659999999947e+01 -2.829755069999999861e+01 -2.829428469999999862e+01 -2.829105840000000072e+01 -2.828787150000000139e+01 -2.828472389999999947e+01 -2.828161520000000095e+01 -2.827854519999999994e+01 -2.827551370000000119e+01 -2.827252049999999883e+01 -2.826956530000000001e+01 -2.826664789999999883e+01 -2.826376820000000123e+01 -2.826092590000000015e+01 -2.825812090000000154e+01 -2.825535299999999950e+01 -2.825262190000000118e+01 -2.824992749999999830e+01 -2.824726970000000037e+01
-3.029127229999999926e+01 -3.028264670000000081e+01 -3.027410599999999974e+01 -3.026564979999999849e+01 -3.025727769999999950e+01 -3.024898930000000163e+01 -3.024078409999999906e+01 -3.023266190000000009e+01 -3.022462219999999888e+01 -3.021666469999999904e+01 -3.020878889999999828e+01 -3.020099460000000136e+01 -3.019328140000000005e+01 -3.018564870000000155e+01 -3.017809629999999999e+01 -3.017062359999999899e+01 -3.016323039999999978e+01 -3.015591600000000128e+01 -3.014867999999999881e+01 -3.014152199999999837e+01 -3.013444150000000121e+01 -3.012743779999999916e+01 -3.012051059999999936e+01 -3.011365920000000074e+01 -3.010688310000000101e+01 -3.010018159999999909e+01 -3.009355430000000098e+01 -3.008700049999999848e+01 -3.008051950000000119e+01 -3.007411079999999970e+01 -3.006777370000000005e+01 -3.006150759999999877e+01 -3.005531170000000074e+01 -3.004918539999999894e+01 -3.004312810000000056e+01 -3.003713899999999981e+01 -3.003121750000000034e+01 -3.002536290000000108e+01 -3.001957439999999977e+01 -3.001385140000000007e+01 -3.000819320000000090e+01 -3.000259910000000119e+01 -2.999706829999999869e+01 -2.999160030000000177e+01 -2.998619419999999991e+01 -2.998084940000000032e+01 -2.997556529999999952e+01 -2.997034109999999885e+01 -2.996517619999999837e+01 -2.996006990000000059e+01
2.706544680000000014e+01 2.706121179999999882e+01 2.705702459999999832e+01 2.705288469999999990e+01 2.704879169999999888e+01 2.704474499999999892e+01 2.704074419999999890e+01 2.703678869999999890e+01 2.703287830000000014e+01 2.702901230000000155e+01 2.702519039999999961e+01 2.702141220000000033e+01 2.701767720000000139e+01 2.701398509999999931e+01 2.701033550000000005e+01 2.700672799999999896e+01 2.700316229999999962e+01 2.699963800000000091e+01 2.699615479999999934e+01 2.699271230000000088e+01 2.698931019999999847e+01 2.698594830000000044e+01 2.698262619999999856e+01 2.697934359999999998e+01 2.697610029999999881e+01 2.697289599999999865e+01 2.696973029999999838e+01 2.696660320000000155e+01 2.696351419999999877e+01 2.696046330000000069e+01 2.695745009999999908e+01 2.695447439999999872e+01 2.695153600000000083e+01 2.694863469999999950e+01 2.694577019999999834e+01 2.694294250000000090e+01 2.694015130000000013e+01 2.693739640000000080e+01 2.693467760000000055e+01 2.693199470000000062e+01 2.692934770000000100e+01 2.692673630000000173e+01 2.692416030000000049e+01 2.692161970000000082e+01 2.691911430000000038e+01 2.691664400000000157e+01 2.691420850000000087e+01 2.691180789999999945e+01 2.690944190000000091e+01 2.690711050000000171e+01
2.900213829999999859e+01 2.899354800000000054e+01 2.898504060000000138e+01 2.897661559999999881e+01 2.896827229999999886e+01 2.896001049999999921e+01 2.895182959999999994e+01 2.894372939999999872e+01 2.893570940000000036e+01 2.892776920000000018e+01 2.891990859999999941e+01 2.891212730000000164e+01 2.890442480000000103e+01 2.889680080000000117e+01 2.888925509999999974e+01 2.888178729999999916e+01 2.887439699999999831e+01 2.886708379999999963e+01 2.885984750000000076e+01 2.885268759999999943e+01 2.884560370000000162e+01 2.883859530000000149e+01 2.883166220000000024e+01 2.882480380000000153e+01 2.881801959999999951e+01 2.881130920000000017e+01 2.880467200000000005e+01 2.879810760000000158e+01 2.879161549999999892e+01 2.878519500000000164e+01 2.877884570000000153e+01 2.877256690000000106e+01 2.876635800000000032e+01 2.876021860000000174e+01 2.875414779999999837e+01 2.874814519999999973e+01 2.874221010000000120e+01 2.873634189999999933e+01 2.873053979999999896e+01 2.872480339999999899e+01 2.871913179999999954e+01 2.871352440000000072e+01 2.870798070000000024e+01 2.870249979999999823e+01 2.869708119999999951e+01 2.869172409999999829e+01 2.868642790000000176e+01 2.868119190000000174e+01 2.867601559999999949e+01 2.867089809999999872e+01
2.436387579999999886e+01 2.436008259999999837e+01 2.435633179999999953e+01 2.435262300000000124e+01 2.434895560000000003e+01 2.434532929999999951e+01 2.434174369999999854e+01 2.433819839999999957e+01 2.433469290000000029e+01 2.433122690000000077e+01 2.432780010000000104e+01 2.432441199999999881e+01 2.432106230000000124e+01 2.431775079999999889e+01 2.431447700000000012e+01 2.431124069999999904e+01 2.430804159999999925e+01 2.430487929999999963e+01 2.430175360000000140e+01 2.429866429999999866e+01 2.429561100000000096e+01 2.429259340000000122e+01 2.428961139999999830e+01 2.428666480000000050e+01 2.428375319999999959e+01 2.428087640000000036e+01 2.427803430000000162e+01 2.427522659999999988e+01 2.427245320000000106e+01 2.426971370000000050e+01 2.426700810000000175e+01 2.426433610000000130e+01 2.426169760000000153e+01 2.425909229999999894e+01 2.425652020000000064e+01 2.425398099999999957e+01 2.425147450000000049e+01 2.424900069999999985e+01 2.424655939999999887e+01 2.424415039999999877e+01 2.424177350000000075e+01 2.423942870000000127e+01 2.423711570000000037e+01 2.423483459999999923e+01 2.423258500000000026e+01 2.423036689999999993e+01 2.422818020000000061e+01 2.422602480000000114e+01 2.422390049999999917e+01 2.422180720000000065e+01
2.624205170000000109e+01 2.623430790000000101e+01 2.622663929999999866e+01 2.621904560000000117e+01 2.621152629999999917e+01 2.620408120000000096e+01 2.619670980000000071e+01 2.618941189999999963e+01 2.618218729999999894e+01 2.617503549999999990e+01 2.616795619999999900e+01 2.616094929999999863e+01 2.615401440000000122e+01 2.614715109999999854e+01 2.614035919999999891e+01 2.613363830000000121e+01 2.612698819999999955e+01 2.612040830000000113e+01 2.611389840000000007e+01 2.610745809999999878e+01 2.610108699999999970e+01 2.609478460000000055e+01 2.608855060000000137e+01 2.608238439999999869e+01 2.607628559999999851e+01 2.607025369999999853e+01 2.606428830000000119e+01 2.605838879999999946e+01 2.605255460000000056e+01 2.604678529999999981e+01 2.604108030000000085e+01 2.603543889999999905e+01 2.602986070000000041e+01 2.602434500000000028e+01 2.601889129999999994e+01 2.601349889999999832e+01 2.600816719999999904e+01 2.600289569999999983e+01 2.599768350000000083e+01 2.599253029999999853e+01 2.598743520000000018e+01 2.598239780000000110e+01 2.597741720000000143e+01 2.597249300000000005e+01 2.596762439999999827e+01 2.596281090000000091e+01 2.595805179999999979e+01 2.595334649999999854e+01 2.594869429999999966e+01 2.594409470000000084e+01
2.166126330000000166e+01 2.165790450000000078e+01 2.165458290000000119e+01 2.165129810000000177e+01 2.164804949999999906e+01 2.164483690000000138e+01 2.164166000000000167e+01 2.163851830000000120e+01 2.163541160000000119e+01 2.163233960000000167e+01 2.162930180000000036e+01 2.162629809999999964e+01 2.162332819999999955e+01 2.162039169999999899e+01 2.161748839999999916e+01 2.161461800000000011e+01 2.161178040000000067e+01 2.160897519999999972e+01 2.160620229999999964e+01 2.160346129999999931e+01 2.160075219999999874e+01 2.159807460000000034e+01 2.159542839999999941e+01 2.159281340000000071e+01 2.159022939999999835e+01 2.158767629999999826e+01 2.158515380000000050e+01 2.158266180000000034e+01 2.158020009999999900e+01 2.157776850000000124e+01 2.157536699999999996e+01 2.157299529999999876e+01 2.157065340000000120e+01 2.156834100000000021e+01 2.156605800000000173e+01 2.156380430000000104e+01 2.156157980000000052e+01 2.155938430000000139e+01 2.155721760000000131e+01 2.155507980000000146e+01 2.155297059999999831e+01 2.155088990000000138e+01 2.154883759999999882e+01 2.154681360000000012e+01 2.154481780000000057e+01 2.154285000000000139e+01 2.154091019999999901e+01 2.153899820000000176e+01 2.153711390000000137e+01 2.153525730000000138e+01
2.348142289999999832e+01 2.347451979999999949e+01 2.346768429999999839e+01 2.346091609999999861e+01 2.345421479999999903e+01 2.344758029999999849e+01 2.344101219999999941e+01 2.343451019999999829e+01 2.342807409999999990e+01 2.342170369999999835e+01 2.341539870000000079e+01 2.340915869999999899e+01 2.340298359999999889e+01 2.339687299999999937e+01 2.339082660000000047e+01 2.338484409999999869e+01 2.337892520000000118e+01 2.337306949999999972e+01 2.336727670000000145e+01 2.336154640000000171e+01 2.335587819999999937e+01 2.335027159999999924e+01 2.334472630000000137e+01 2.333924190000000110e+01 2.333381770000000088e+01 2.332845349999999840e+01 2.332314870000000084e+01 2.331790270000000120e+01 2.331271519999999953e+01 2.330758549999999829e+01 2.330251309999999876e+01 2.329749749999999864e+01 2.329253819999999919e+01 2.328763449999999935e+01 2.328278590000000037e+01 2.327799179999999879e+01 2.327325159999999826e+01 2.326856480000000005e+01 2.326393069999999952e+01 2.325934880000000149e+01 2.325481849999999895e+01 2.325033919999999910e+01 2.324591020000000086e+01 2.324153109999999955e+01 2.323720110000000005e+01 2.323291980000000123e+01 2.322868659999999963e+01 2.322450080000000128e+01 2.322036190000000033e+01 2.321626940000000161e+01
1.895719090000000051e+01 1.895426050000000018e+01 1.895136210000000077e+01 1.894849530000000115e+01 1.894565980000000138e+01 1.894285539999999912e+01 1.894008170000000035e+01 1.893733849999999919e+01 1.893462540000000160e+01 1.893194229999999934e+01 1.892928879999999836e+01 1.892666480000000107e+01 1.892407000000000039e+01 1.892150409999999994e+01 1.891896699999999854e+01 1.891645839999999978e+01 1.891397819999999896e+01 1.891152620000000084e+01 1.890910219999999953e+01 1.890670589999999862e+01 1.890433730000000168e+01 1.890199619999999925e+01 1.889968239999999966e+01 1.889739580000000174e+01 1.889513619999999960e+01 1.889290349999999918e+01 1.889069759999999931e+01 1.888851820000000004e+01 1.888636539999999897e+01 1.888423900000000089e+01 1.888213879999999989e+01 1.888006469999999837e+01 1.887801669999999987e+01 1.887599459999999851e+01 1.887399819999999906e+01 1.887202759999999913e+01 1.887008249999999876e+01 1.886816299999999913e+01 1.886626880000000028e+01 1.886439989999999867e+01 1.886255609999999905e+01 1.886073740000000143e+01 1.885894370000000109e+01 1.885717490000000041e+01 1.885543080000000060e+01 1.885371140000000167e+01 1.885201659999999890e+01 1.885034630000000178e+01 1.884870039999999847e+01 1.884707870000000085e+01
2.072083429999999993e+01 2.071476519999999866e+01 2.070875589999999988e+01 2.070280629999999888e+01 2.069691600000000165e+01 2.069108500000000106e+01 2.068531279999999839e+01 2.067959940000000074e+01 2.067394450000000106e+01 2.066834779999999938e+01 2.066280910000000048e+01 2.065732810000000086e+01 2.065190460000000172e+01 2.064653829999999957e+01 2.064122899999999916e+01 2.063597620000000177e+01 2.063077979999999911e+01 2.062563929999999957e+01 2.062055439999999962e+01 2.061552479999999932e+01 2.061055010000000109e+01 2.060562979999999911e+01 2.060076370000000168e+01 2.059595110000000062e+01 2.059119180000000071e+01 2.058648529999999965e+01 2.058183100000000110e+01 2.057722860000000153e+01 2.057267759999999868e+01 2.056817739999999972e+01 2.056372749999999883e+01 2.055932749999999842e+01 2.055497679999999860e+01 2.055067490000000063e+01 2.054642129999999867e+01 2.054221539999999990e+01 2.053805660000000088e+01 2.053394460000000166e+01 2.052987859999999998e+01 2.052585819999999828e+01 2.052188280000000020e+01 2.051795189999999991e+01 2.051406490000000105e+01 2.051022139999999894e+01 2.050642069999999961e+01 2.050266239999999840e+01 2.049894589999999894e+01 2.049527069999999895e+01 2.049163629999999969e+01 2.048804219999999887e+01
1.625240339999999861e+01 1.624989709999999832e+01 1.624741769999999974e+01 1.624496519999999933e+01 1.624253909999999834e+01 1.624013920000000155e+01 1.623776540000000068e+01 1.623541739999999933e+01 1.623309490000000110e+01 1.623079780000000127e+01 1.622852590000000106e+01 1.622627890000000050e+01 1.622405669999999844e+01 1.622185909999999964e+01 1.621968599999999938e+01 1.621753710000000126e+01 1.621541240000000172e+01 1.621331160000000082e+01 1.621123469999999855e+01 1.620918149999999969e+01 1.620715189999999950e+01 1.620514569999999921e+01 1.620316289999999881e+01 1.620120329999999953e+01 1.619926690000000136e+01 1.619735340000000079e+01 1.619546289999999900e+01 1.619359520000000074e+01 1.619175020000000131e+01 1.618992779999999954e+01 1.618812799999999896e+01 1.618635060000000081e+01 1.618459560000000153e+01 1.618286289999999994e+01 1.618115230000000082e+01 1.617946389999999823e+01 1.617779750000000050e+01 1.617615310000000051e+01 1.617453049999999948e+01 1.617292970000000096e+01 1.617135070000000141e+01 1.616979320000000087e+01 1.616825730000000050e+01 1.616674289999999914e+01 1.616524980000000156e+01 1.616377809999999826e+01 1.616232749999999996e+01 1.616089810000000071e+01 1.615948979999999935e+01 1.615810240000000064e+01
1.796001740000000169e+01 1.795477530000000144e+01 1.794958529999999897e+01 1.794444730000000021e+01 1.793936100000000167e+01 1.793432629999999861e+01 1.792934290000000175e+01 1.792441069999999925e+01 1.791952949999999944e+01 1.791469899999999882e+01 1.790991899999999859e+01 1.790518919999999881e+01 1.790050949999999830e+01 1.789587960000000066e+01 1.789129910000000123e+01 1.788676789999999883e+01 1.788228559999999945e+01 1.787785200000000074e+01 1.787346660000000043e+01 1.786912909999999854e+01 1.786483929999999987e+01 1.786059660000000093e+01 1.785640079999999941e+01 1.785225150000000127e+01 1.784814820000000068e+01 1.784409050000000008e+01 1.784007799999999833e+01 1.783611030000000142e+01 1.783218689999999995e+01 1.782830739999999992e+01 1.782447120000000140e+01 1.782067800000000091e+01 1.781692729999999969e+01 1.781321859999999901e+01 1.780955129999999897e+01 1.780592509999999962e+01 1.780233940000000104e+01 1.779879379999999855e+01 1.779528769999999938e+01 1.779182069999999882e+01 1.778839230000000171e+01 1.778500199999999865e+01 1.778164930000000155e+01 1.777833379999999863e+01 1.777505499999999827e+01 1.777181240000000173e+01 1.776860560000000078e+01 1.776543399999999906e+01 1.776229740000000135e+01 1.775919520000000063e+01
1.354698579999999986e+01 1.354490069999999946e+01 1.354283790000000032e+01 1.354079710000000070e+01 1.353877819999999943e+01 1.353678080000000072e+01 1.353480489999999925e+01 1.353285029999999978e+01 1.353091679999999997e+01 1.352900419999999926e+01 1.352711240000000004e+01 1.352524119999999996e+01 1.352339040000000026e+01 1.352156010000000030e+01 1.351975000000000016e+01 1.351796000000000042e+01 1.351618990000000053e+01 1.351443979999999989e+01 1.351270940000000031e+01 1.351099879999999942e+01 1.350930770000000081e+01 1.350763609999999915e+01 1.350598390000000038e+01 1.350435109999999916e+01 1.350273750000000028e+01 1.350114300000000078e+01 1.349956770000000006e+01 1.349801150000000050e+01 1.349647410000000036e+01 1.349495570000000022e+01 1.349345620000000068e+01 1.349197539999999940e+01 1.349051329999999993e+01 1.348906979999999933e+01 1.348764500000000055e+01 1.348623860000000008e+01 1.348485070000000086e+01 1.348348129999999934e+01 1.348213009999999912e+01 1.348079730000000076e+01 1.347948260000000076e+01 1.347818610000000028e+01 1.347690769999999993e+01 1.347564730000000033e+01 1.347440489999999969e+01 1.347318029999999922e+01 1.347197360000000010e+01 1.347078469999999939e+01 1.346961340000000007e+01 1.346845970000000037e+01
1.519932269999999974e+01 1.519490120000000033e+01 1.519052399999999992e+01 1.518619089999999971e+01 1.518190180000000034e+01 1.517765649999999944e+01 1.517345480000000002e+01 1.516929659999999913e+01 1.516518169999999976e+01 1.516110980000000019e+01 1.515708090000000041e+01 1.515309459999999930e+01 1.514915079999999925e+01 1.514524920000000030e+01 1.514138960000000012e+01 1.513757170000000052e+01 1.513379529999999917e+01 1.513006000000000029e+01 1.512636559999999974e+01 1.512271179999999937e+01 1.511909819999999982e+01 1.511552460000000053e+01 1.511199049999999922e+01 1.510849570000000064e+01 1.510503970000000074e+01 1.510162219999999955e+01 1.509824279999999952e+01 1.509490109999999952e+01 1.509159679999999959e+01 1.508832939999999923e+01 1.508509850000000085e+01 1.508190369999999980e+01 1.507874460000000028e+01 1.507562069999999999e+01 1.507253170000000075e+01 1.506947719999999968e+01 1.506645660000000042e+01 1.506346959999999946e+01 1.506051569999999984e+01 1.505759459999999983e+01 1.505470580000000069e+01 1.505184889999999953e+01 1.504902350000000055e+01 1.504622909999999969e+01 1.504346540000000054e+01 1.504073200000000021e+01 1.503802849999999935e+01 1.503535439999999923e+01 1.503270949999999928e+01 1.503009330000000077e+01
1.084106419999999993e+01 1.083939879999999967e+01 1.083775089999999963e+01 1.083612059999999921e+01 1.083450750000000085e+01 1.083291149999999980e+01 1.083133259999999964e+01 1.082977050000000041e+01 1.082822520000000033e+01 1.082669650000000061e+01 1.082518420000000070e+01 1.082368839999999999e+01 1.082220889999999969e+01 1.082074560000000041e+01 1.081929829999999981e+01 1.081786710000000085e+01 1.081645179999999939e+01 1.081505229999999962e+01 1.081366869999999913e+01 1.081230069999999976e+01 1.081094839999999913e+01 1.080961160000000021e+01 1.080829040000000063e+01 1.080698459999999983e+01 1.080569430000000075e+01 1.080441929999999928e+01 1.080315960000000075e+01 1.080191519999999983e+01 1.080068600000000067e+01 1.079947190000000035e+01 1.079827300000000001e+01 1.079708910000000088e+01 1.079592030000000058e+01 1.079476649999999971e+01 1.079362760000000065e+01 1.079250359999999986e+01 1.079139449999999911e+01 1.079030020000000079e+01 1.078922069999999955e+01 1.078815580000000018e+01 1.078710569999999969e+01 1.078607019999999928e+01 1.078504930000000073e+01 1.078404289999999932e+01 1.078305100000000039e+01 1.078207349999999920e+01 1.078111039999999932e+01 1.078016170000000074e+01 1.077922719999999934e+01 1.077830690000000047e+01
1.243835110000000022e+01 1.243474409999999963e+01 1.243117349999999988e+01 1.242763919999999978e+01 1.242414100000000055e+01 1.242067879999999924e+01 1.241725250000000003e+01 1.241386179999999939e+01 1.241050680000000028e+01 1.240718700000000041e+01 1.240390249999999916e+01 1.240065300000000015e+01 1.239743840000000041e+01 1.239425840000000001e+01 1.239111270000000076e+01 1.238800130000000088e+01 1.238492390000000043e+01 1.238188010000000006e+01 1.237886980000000037e+01 1.237589269999999964e+01 1.237294849999999968e+01 1.237003690000000056e+01 1.236715769999999992e+01 1.236431050000000020e+01 1.236149499999999968e+01 1.235871090000000017e+01 1.235595789999999994e+01 1.235323559999999965e+01 1.235054380000000052e+01 1.234788200000000025e+01 1.234524990000000066e+01 1.234264710000000065e+01 1.234007339999999964e+01 1.233752840000000006e+01 1.233501159999999963e+01 1.233252279999999956e+01 1.233006160000000051e+01 1.232762770000000074e+01 1.232522059999999975e+01 1.232283999999999935e+01 1.232048559999999959e+01 1.231815710000000053e+01 1.231585409999999925e+01 1.231357619999999997e+01 1.231132309999999919e+01 1.230909450000000049e+01 1.230689010000000039e+01 1.230470960000000069e+01 1.230255260000000028e+01 1.230041879999999921e+01
8.134724459999999269e+00 8.133477779999999768e+00 8.132244220000000468e+00 8.131023640000000441e+00 8.129815929999999469e+00 8.128621000000000762e+00 8.127438729999999723e+00 8.126269040000000388e+00 8.125111820000000762e+00 8.123967000000000382e+00 8.122834499999999736e+00 8.121714230000000256e+00 8.120606130000000533e+00 8.119510119999999276e+00 8.118426149999999453e+00 8.117354150000000601e+00 8.116294079999999411e+00 8.115245870000000750e+00 8.114209470000000479e+00 8.113184849999999670e+00 8.112171950000000464e+00 8.111170740000000379e+00 8.110181170000000606e+00 8.109203210000000439e+00 8.108236829999999173e+00 8.107281990000000604e+00 8.106338649999999646e+00 8.105406800000000800e+00 8.104486380000000878e+00 8.103577389999999880e+00 8.102679780000000775e+00 8.101793539999999183e+00 8.100918619999999848e+00 8.100055010000000166e+00 8.099202670000000381e+00 8.098361580000000615e+00 8.097531699999999333e+00 8.096712999999999383e+00 8.095905469999999937e+00 8.095109049999999584e+00 8.094323729999999273e+00 8.093549460000000195e+00 8.092786220000000696e+00 8.092033969999999243e+00 8.091292669999999632e+00 8.090562280000000328e+00 8.089842770000000627e+00 8.089134100000000771e+00 8.088436229999999227e+00 8.087749099999999913e+00
9.677396050000000471e+00 9.674598339999999297e+00 9.671829040000000433e+00 9.669088059999999984e+00 9.666375269999999631e+00 9.663690589999999858e+00 9.661033879999999741e+00 9.658405030000000835e+00 9.655803900000000439e+00 9.653230380000000110e+00 9.650684299999999993e+00 9.648165540000000817e+00 9.645673920000000123e+00 9.643209280000000660e+00 9.640771450000000797e+00 9.638360249999999851e+00 9.635975469999999987e+00 9.633616930000000522e+00 9.631284409999999241e+00 9.628977700000000084e+00 9.626696570000000008e+00 9.624440789999999524e+00 9.622210120000000089e+00 9.620004310000000558e+00 9.617823120000000614e+00 9.615666290000000060e+00 9.613533560000000477e+00 9.611424650000000014e+00 9.609339300000000250e+00 9.607277229999999335e+00 9.605238169999999798e+00 9.603221839999999787e+00 9.601227950000000178e+00 9.599256229999999945e+00 9.597306389999999965e+00 9.595378139999999334e+00 9.593471219999999633e+00 9.591585320000000081e+00 9.589720180000000482e+00 9.587875520000000762e+00 9.586051060000000845e+00 9.584246529999999709e+00 9.582461650000000830e+00 9.580696169999999512e+00 9.578949830000000887e+00 9.577222360000000378e+00 9.575513519999999446e+00 9.573823049999999668e+00 9.572150719999999779e+00 9.570496300000000289e+00
5.428013459999999846e+00 5.427185389999999998e+00 5.426366019999999679e+00 5.425555260000000324e+00 5.424753059999999572e+00 5.423959319999999806e+00 5.423174000000000383e+00 5.422397029999999951e+00 5.421628359999999702e+00 5.420867920000000062e+00 5.420115670000000385e+00 5.419371570000000027e+00 5.418635550000000300e+00 5.417907590000000440e+00 5.417187639999999860e+00 5.416475669999999631e+00 5.415771639999999998e+00 5.415075530000000192e+00 5.414387289999999631e+00 5.413706910000000150e+00 5.413034350000000217e+00 5.412369589999999953e+00 5.411712620000000307e+00 5.411063399999999746e+00 5.410421920000000107e+00 5.409788149999999796e+00 5.409162079999999762e+00 5.408543700000000065e+00 5.407932970000000061e+00 5.407329889999999750e+00 5.406734440000000141e+00 5.406146599999999580e+00 5.405566359999999904e+00 5.404993700000000345e+00 5.404428590000000199e+00 5.403871040000000292e+00 5.403321000000000041e+00 5.402778480000000272e+00 5.402243440000000341e+00 5.401715880000000247e+00 5.401195770000000174e+00 5.400683080000000302e+00 5.400177799999999806e+00 5.399679909999999694e+00 5.399189380000000149e+00 5.398706190000000404e+00 5.398230309999999754e+00 5.397761710000000157e+00 5.397300379999999898e+00 5.396846280000000107e+00
6.916513519999999637e+00 6.914520719999999621e+00 6.912548270000000272e+00 6.910596110000000181e+00 6.908664149999999893e+00 6.906752319999999834e+00 6.904860519999999724e+00 6.902988670000000049e+00 6.901136669999999640e+00 6.899304429999999932e+00 6.897491839999999819e+00 6.895698789999999967e+00 6.893925160000000218e+00 6.892170840000000354e+00 6.890435680000000396e+00 6.888719570000000125e+00 6.887022339999999687e+00 6.885343859999999871e+00 6.883683979999999814e+00 6.882042519999999719e+00 6.880419329999999611e+00 6.878814239999999636e+00 6.877227060000000058e+00 6.875657630000000076e+00 6.874105750000000015e+00 6.872571240000000081e+00 6.871053899999999715e+00 6.869553540000000069e+00 6.868069959999999696e+00 6.866602969999999750e+00 6.865152349999999792e+00 6.863717910000000089e+00 6.862299450000000078e+00 6.860896750000000210e+00 6.859509609999999924e+00 6.858137830000000434e+00 6.856781200000000354e+00 6.855439520000000009e+00 6.854112579999999788e+00 6.852800189999999958e+00 6.851502149999999958e+00 6.850218260000000114e+00 6.848948319999999867e+00 6.847692150000000311e+00 6.846449569999999873e+00 6.845220369999999832e+00 6.844004400000000210e+00 6.842801459999999558e+00 6.841611389999999737e+00 6.840434020000000004e+00
2.721297649999999901e+00 2.720888110000000193e+00 2.720482930000000188e+00 2.720082049999999807e+00 2.719685459999999999e+00 2.719293110000000180e+00 2.718904960000000148e+00 2.718521009999999904e+00 2.718141199999999813e+00 2.717765529999999874e+00 2.717393959999999886e+00 2.717026469999999971e+00 2.716663050000000190e+00 2.716303659999999898e+00 2.715948299999999982e+00 2.715596940000000181e+00 2.715249570000000112e+00 2.714906179999999836e+00 2.714566749999999917e+00 2.714231269999999974e+00 2.713899720000000126e+00 2.713572099999999931e+00 2.713248399999999894e+00 2.712928600000000134e+00 2.712612700000000210e+00 2.712300690000000181e+00 2.711992560000000108e+00 2.711688300000000051e+00 2.711387910000000012e+00 2.711091370000000111e+00 2.710798679999999905e+00 2.710509839999999837e+00 2.710224830000000029e+00 2.709943659999999976e+00 2.709666299999999861e+00 2.709392760000000067e+00 2.709123019999999826e+00 2.708857080000000028e+00 2.708594929999999845e+00 2.708336559999999782e+00 2.708081959999999899e+00 2.707831119999999814e+00 2.707584030000000030e+00 2.707340680000000166e+00 2.707101059999999837e+00 2.706865169999999932e+00 2.706632969999999805e+00 2.706404469999999840e+00 2.706179660000000098e+00 2.705958509999999873e+00
4.155617099999999731e+00 4.154425950000000256e+00 4.153247059999999991e+00 4.152080370000000187e+00 4.150925840000000200e+00 4.149783430000000273e+00 4.148653069999999943e+00 4.147534720000000341e+00 4.146428310000000117e+00 4.145333789999999574e+00 4.144251090000000026e+00 4.143180150000000062e+00 4.142120890000000166e+00 4.141073229999999938e+00 4.140037109999999743e+00 4.139012420000000247e+00 4.137999090000000102e+00 4.136997029999999853e+00 4.136006140000000109e+00 4.135026319999999700e+00 4.134057480000000062e+00 4.133099500000000148e+00 4.132152279999999678e+00 4.131215720000000147e+00 4.130289689999999680e+00 4.129374079999999836e+00 4.128468780000000393e+00 4.127573670000000305e+00 4.126688620000000363e+00 4.125813520000000345e+00 4.124948230000000216e+00 4.124092649999999693e+00 4.123246639999999630e+00 4.122410079999999866e+00 4.121582850000000242e+00 4.120764819999999773e+00 4.119955860000000136e+00 4.119155860000000224e+00 4.118364689999999939e+00 4.117582230000000010e+00 4.116808370000000217e+00 4.116042969999999634e+00 4.115285939999999698e+00 4.114537140000000370e+00 4.113796469999999594e+00 4.113063819999999815e+00 4.112339079999999925e+00 4.111622149999999642e+00 4.110912919999999637e+00 4.110211289999999629e+00
1.422483610000000072e-02 1.423348410000000071e-02 1.424216960000000004e-02 1.425089369999999953e-02 1.425965740000000037e-02 1.426846200000000085e-02 1.427730850000000044e-02 1.428619799999999995e-02 1.429513190000000072e-02 1.430411120000000050e-02 1.431313730000000062e-02 1.432221120000000056e-02 1.433133429999999993e-02 1.434050779999999914e-02 1.434973309999999953e-02 1.435901130000000019e-02 1.436834390000000031e-02 1.437773210000000031e-02 1.438717729999999979e-02 1.439668080000000051e-02 1.440624390000000074e-02 1.441586809999999969e-02 1.442555470000000083e-02 1.443530500000000071e-02 1.444512050000000027e-02 1.445500239999999992e-02 1.446495230000000021e-02 1.447497139999999981e-02 1.448506119999999966e-02 1.449522290000000019e-02 1.450545800000000059e-02 1.451576790000000047e-02 1.452615380000000025e-02 1.453661709999999954e-02 1.454715919999999968e-02 1.455778129999999934e-02 1.456848479999999987e-02 1.457927099999999955e-02 1.459014110000000052e-02 1.460109639999999931e-02 1.461213809999999981e-02 1.462326759999999989e-02 1.463448590000000077e-02 1.464579430000000071e-02 1.465719400000000013e-02 1.466868609999999983e-02 1.468027170000000062e-02 1.469195210000000078e-02 1.470372829999999978e-02 1.471560130000000056e-02
1.394911900000000093e+00 1.394520280000000056e+00 1.394132799999999950e+00 1.393749439999999895e+00 1.393370189999999953e+00 1.392995030000000023e+00 1.392623930000000065e+00 1.392256890000000080e+00 1.391893880000000028e+00 1.391534880000000030e+00 1.391179869999999985e+00 1.390828830000000016e+00 1.390481730000000082e+00 1.390138539999999923e+00 1.389799240000000102e+00 1.389463799999999916e+00 1.389132189999999989e+00 1.388804390000000000e+00 1.388480340000000091e+00 1.388160040000000039e+00 1.387843429999999989e+00 1.387530490000000061e+00 1.387221180000000054e+00 1.386915450000000050e+00 1.386613290000000109e+00 1.386314629999999992e+00 1.386019450000000042e+00 1.385727710000000057e+00 1.385439359999999898e+00 1.385154369999999968e+00 1.384872689999999906e+00 1.384594279999999955e+00 1.384319099999999914e+00 1.384047100000000086e+00 1.383778259999999927e+00 1.383512510000000084e+00 1.383249830000000014e+00 1.382990170000000019e+00 1.382733489999999899e+00 1.382479760000000057e+00 1.382228919999999972e+00 1.381980940000000047e+00 1.381735780000000080e+00 1.381493410000000033e+00 1.381253779999999987e+00 1.381016859999999902e+00 1.380782610000000021e+00 1.380551010000000023e+00 1.380322000000000049e+00 1.380095559999999999e+00
-2.692703160000000207e+00 -2.692276109999999889e+00 -2.691853350000000145e+00 -2.691434810000000066e+00 -2.691020480000000159e+00 -2.690610309999999838e+00 -2.690204259999999792e+00 -2.689802320000000080e+00 -2.689404440000000118e+00 -2.689010600000000029e+00 -2.688620769999999993e+00 -2.688234930000000134e+00 -2.687853060000000127e+00 -2.687475130000000156e+00 -2.687101119999999899e+00 -2.686731009999999920e+00 -2.686364779999999897e+00 -2.686002429999999830e+00 -2.685643919999999962e+00 -2.685289249999999850e+00 -2.684938400000000058e+00 -2.684591360000000204e+00 -2.684248109999999965e+00 -2.683908649999999785e+00 -2.683572959999999785e+00 -2.683241020000000088e+00 -2.682912840000000188e+00 -2.682588400000000206e+00 -2.682267690000000204e+00 -2.681950699999999799e+00 -2.681637409999999999e+00 -2.681327829999999857e+00 -2.681021939999999937e+00 -2.680719719999999917e+00 -2.680421180000000181e+00 -2.680126299999999961e+00 -2.679835070000000208e+00 -2.679547480000000093e+00 -2.679263520000000121e+00 -2.678983169999999969e+00 -2.678706430000000083e+00 -2.678433290000000078e+00 -2.678163730000000076e+00 -2.677897740000000137e+00 -2.677635299999999940e+00 -2.677376399999999990e+00 -2.677121039999999841e+00 -2.676869190000000120e+00 -2.676620830000000062e+00 -2.676375960000000109e+00
-1.366251309999999997e+00 -1.365843960000000079e+00 -1.365440610000000055e+00 -1.365041249999999984e+00 -1.364645859999999988e+00 -1.364254429999999907e+00 -1.363866929999999922e+00 -1.363483360000000033e+00 -1.363103680000000040e+00 -1.362727889999999942e+00 -1.362355949999999982e+00 -1.361987850000000000e+00 -1.361623569999999894e+00 -1.361263069999999908e+00 -1.360906329999999942e+00 -1.360553319999999955e+00 -1.360204020000000069e+00 -1.359858379999999922e+00 -1.359516390000000019e+00 -1.359177999999999997e+00 -1.358843180000000039e+00 -1.358511910000000045e+00 -1.358184129999999934e+00 -1.357859809999999889e+00 -1.357538930000000033e+00 -1.357221430000000062e+00 -1.356907269999999999e+00 -1.356596429999999964e+00 -1.356288850000000101e+00 -1.355984499999999926e+00 -1.355683339999999903e+00 -1.355385309999999954e+00 -1.355090389999999978e+00 -1.354798530000000056e+00 -1.354509689999999988e+00 -1.354223820000000078e+00 -1.353940890000000064e+00 -1.353660859999999966e+00 -1.353383680000000089e+00 -1.353109310000000010e+00 -1.352837709999999971e+00 -1.352568839999999994e+00 -1.352302670000000040e+00 -1.352039159999999907e+00 -1.351778259999999898e+00 -1.351519939999999975e+00 -1.351264170000000098e+00 -1.351010899999999904e+00 -1.350760109999999958e+00 -1.350511760000000061e+00
-5.399493200000000215e+00 -5.398647780000000118e+00 -5.397810989999999975e+00 -5.396982730000000394e+00 -5.396162930000000024e+00 -5.395351530000000118e+00 -5.394548460000000212e+00 -5.393753649999999844e+00 -5.392967040000000267e+00 -5.392188580000000009e+00 -5.391418210000000322e+00 -5.390655879999999733e+00 -5.389901550000000263e+00 -5.389155170000000439e+00 -5.388416699999999615e+00 -5.387686089999999872e+00 -5.386963320000000444e+00 -5.386248349999999796e+00 -5.385541139999999949e+00 -5.384841660000000196e+00 -5.384149899999999711e+00 -5.383465809999999685e+00 -5.382789370000000240e+00 -5.382120559999999720e+00 -5.381459360000000025e+00 -5.380805739999999560e+00 -5.380159690000000161e+00 -5.379521170000000296e+00 -5.378890179999999965e+00 -5.378266690000000239e+00 -5.377650680000000349e+00 -5.377042130000000419e+00 -5.376441029999999621e+00 -5.375847349999999913e+00 -5.375261069999999641e+00 -5.374682179999999754e+00 -5.374110650000000433e+00 -5.373546469999999964e+00 -5.372989610000000305e+00 -5.372440049999999800e+00 -5.371897770000000349e+00 -5.371362750000000297e+00 -5.370834949999999886e+00 -5.370314370000000004e+00 -5.369800960000000067e+00 -5.369294710000000137e+00 -5.368795579999999568e+00 -5.368303560000000196e+00 -5.367818599999999662e+00 -5.367340689999999803e+00
-4.127180899999999930e+00 -4.125974079999999766e+00 -4.124779379999999662e+00 -4.123596749999999922e+00 -4.122426159999999840e+00 -4.121267539999999840e+00 -4.120120860000000107e+00 -4.118986050000000176e+00 -4.117863060000000353e+00 -4.116751820000000173e+00 -4.115652279999999941e+00 -4.114564370000000082e+00 -4.113488010000000195e+00 -4.112423139999999755e+00 -4.111369660000000259e+00 -4.110327500000000356e+00 -4.109296569999999704e+00 -4.108276769999999800e+00 -4.107268030000000181e+00 -4.106270219999999860e+00 -4.105283270000000151e+00 -4.104307050000000068e+00 -4.103341470000000157e+00 -4.102386410000000261e+00 -4.101441760000000158e+00 -4.100507409999999631e+00 -4.099583230000000356e+00 -4.098669120000000277e+00 -4.097764940000000244e+00 -4.096870580000000039e+00 -4.095985909999999564e+00 -4.095110810000000434e+00 -4.094245159999999828e+00 -4.093388830000000311e+00 -4.092541699999999949e+00 -4.091703640000000419e+00 -4.090874529999999787e+00 -4.090054239999999730e+00 -4.089242660000000029e+00 -4.088439659999999698e+00 -4.087645130000000293e+00 -4.086858939999999940e+00 -4.086080970000000256e+00 -4.085311120000000074e+00 -4.084549270000000121e+00 -4.083795300000000239e+00 -4.083049120000000087e+00 -4.082310610000000395e+00 -4.081579679999999932e+00 -4.080856210000000317e+00
-8.105950619999999773e+00 -8.104686980000000318e+00 -8.103436359999999894e+00 -8.102198639999999230e+00 -8.100973709999999883e+00 -8.099761459999999857e+00 -8.098561789999999760e+00 -8.097374589999999372e+00 -8.096199779999999180e+00 -8.095037259999999790e+00 -8.093886949999999914e+00 -8.092748780000000863e+00 -8.091622660000000522e+00 -8.090508529999999254e+00 -8.089406320000000150e+00 -8.088315970000000021e+00 -8.087237419999999233e+00 -8.086170609999999925e+00 -8.085115489999999738e+00 -8.084072020000000691e+00 -8.083040139999999596e+00 -8.082019819999999299e+00 -8.081011000000000166e+00 -8.080013660000000542e+00 -8.079027749999999841e+00 -8.078053230000000084e+00 -8.077090079999999617e+00 -8.076138249999999630e+00 -8.075197709999999418e+00 -8.074268430000000052e+00 -8.073350389999999877e+00 -8.072443540000000084e+00 -8.071547860000000796e+00 -8.070663310000000479e+00 -8.069789869999999254e+00 -8.068927499999999142e+00 -8.068076180000000264e+00 -8.067235860000000258e+00 -8.066406510000000196e+00 -8.065588110000000199e+00 -8.064780609999999683e+00 -8.063983979999999718e+00 -8.063198180000000548e+00 -8.062423190000000517e+00 -8.061658939999999163e+00 -8.060905419999999211e+00 -8.060162569999999249e+00 -8.059430349999999521e+00 -8.058708729999999321e+00 -8.057997650000000789e+00
-6.888044129999999932e+00 -6.886035950000000128e+00 -6.884047990000000006e+00 -6.882080160000000113e+00 -6.880132399999999926e+00 -6.878204619999999991e+00 -6.876296749999999847e+00 -6.874408680000000160e+00 -6.872540339999999581e+00 -6.870691619999999666e+00 -6.868862410000000196e+00 -6.867052610000000001e+00 -6.865262099999999812e+00 -6.863490760000000357e+00 -6.861738459999999762e+00 -6.860005069999999705e+00 -6.858290430000000271e+00 -6.856594409999999584e+00 -6.854916839999999567e+00 -6.853257580000000182e+00 -6.851616449999999858e+00 -6.849993279999999629e+00 -6.848387899999999640e+00 -6.846800130000000095e+00 -6.845229790000000314e+00 -6.843676669999999795e+00 -6.842140599999999573e+00 -6.840621379999999974e+00 -6.839118799999999609e+00 -6.837632679999999574e+00 -6.836162800000000317e+00 -6.834708960000000388e+00 -6.833270960000000116e+00 -6.831848599999999827e+00 -6.830441669999999910e+00 -6.829049959999999864e+00 -6.827673270000000016e+00 -6.826311389999999868e+00 -6.824964129999999685e+00 -6.823631269999999915e+00 -6.822312639999999817e+00 -6.821008019999999838e+00 -6.819717220000000246e+00 -6.818440050000000419e+00 -6.817176339999999612e+00 -6.815925879999999992e+00 -6.814688499999999927e+00 -6.813464029999999561e+00 -6.812252299999999927e+00 -6.811053130000000344e+00
-1.081211910000000032e+01 -1.081043670000000034e+01 -1.080877180000000060e+01 -1.080712429999999991e+01 -1.080549399999999949e+01 -1.080388070000000056e+01 -1.080228439999999956e+01 -1.080070480000000011e+01 -1.079914190000000040e+01 -1.079759540000000051e+01 -1.079606539999999981e+01 -1.079455160000000014e+01 -1.079305399999999970e+01 -1.079157249999999912e+01 -1.079010700000000078e+01 -1.078865739999999995e+01 -1.078722349999999963e+01 -1.078580539999999921e+01 -1.078440299999999930e+01 -1.078301609999999933e+01 -1.078164469999999930e+01 -1.078028879999999923e+01 -1.077894820000000031e+01 -1.077762300000000018e+01 -1.077631300000000003e+01 -1.077501829999999927e+01 -1.077373869999999911e+01 -1.077247419999999956e+01 -1.077122469999999943e+01 -1.076999029999999991e+01 -1.076877080000000042e+01 -1.076756619999999920e+01 -1.076637649999999979e+01 -1.076520170000000043e+01 -1.076404160000000054e+01 -1.076289620000000014e+01 -1.076176549999999921e+01 -1.076064940000000014e+01 -1.075954800000000056e+01 -1.075846100000000050e+01 -1.075738860000000052e+01 -1.075633060000000008e+01 -1.075528699999999915e+01 -1.075425770000000014e+01 -1.075324280000000066e+01 -1.075224200000000074e+01 -1.075125539999999980e+01 -1.075028299999999959e+01 -1.074932459999999956e+01 -1.074838019999999972e+01
-9.648712370000000149e+00 -9.645899710000000127e+00 -9.643115330000000540e+00 -9.640359130000000221e+00 -9.637631009999999776e+00 -9.634930849999999936e+00 -9.632258529999999652e+00 -9.629613949999999534e+00 -9.626996959999999603e+00 -9.624407449999999642e+00 -9.621845260000000621e+00 -9.619310240000000789e+00 -9.616802249999999219e+00 -9.614321110000000559e+00 -9.611866649999999623e+00 -9.609438680000000232e+00 -9.607037010000000876e+00 -9.604661450000000045e+00 -9.602311780000000851e+00 -9.599987790000000132e+00 -9.597689239999999344e+00 -9.595415920000000654e+00 -9.593167570000000310e+00 -9.590943960000000601e+00 -9.588744829999999553e+00 -9.586569920000000522e+00 -9.584418969999999760e+00 -9.582291720000000623e+00 -9.580187889999999484e+00 -9.578107210000000649e+00 -9.576049409999999540e+00 -9.574014189999999758e+00 -9.572001280000000278e+00 -9.570010399999999251e+00 -9.568041270000000154e+00 -9.566093589999999480e+00 -9.564167089999999760e+00 -9.562261489999999142e+00 -9.560376509999999328e+00 -9.558511870000000243e+00 -9.556667290000000037e+00 -9.554842490000000410e+00 -9.553037220000000218e+00 -9.551251210000000214e+00 -9.549484189999999373e+00 -9.547735899999999276e+00 -9.546006099999999606e+00 -9.544294539999999216e+00 -9.542600979999999566e+00 -9.540925180000000339e+00
-1.351765759999999972e+01 -1.351555600000000013e+01 -1.351347640000000006e+01 -1.351141890000000068e+01 -1.350938299999999970e+01 -1.350736859999999950e+01 -1.350537560000000070e+01 -1.350340379999999918e+01 -1.350145290000000031e+01 -1.349952290000000055e+01 -1.349761349999999993e+01 -1.349572460000000085e+01 -1.349385599999999918e+01 -1.349200770000000027e+01 -1.349017949999999999e+01 -1.348837130000000073e+01 -1.348658290000000015e+01 -1.348481430000000003e+01 -1.348306529999999981e+01 -1.348133589999999948e+01 -1.347962580000000088e+01 -1.347793519999999923e+01 -1.347626379999999990e+01 -1.347461149999999996e+01 -1.347297840000000058e+01 -1.347136429999999940e+01 -1.346976910000000061e+01 -1.346819280000000063e+01 -1.346663530000000009e+01 -1.346509649999999958e+01 -1.346357640000000089e+01 -1.346207489999999929e+01 -1.346059190000000072e+01 -1.345912739999999985e+01 -1.345768119999999968e+01 -1.345625339999999959e+01 -1.345484390000000019e+01 -1.345345260000000032e+01 -1.345207940000000058e+01 -1.345072429999999919e+01 -1.344938720000000032e+01 -1.344806810000000041e+01 -1.344676680000000069e+01 -1.344548340000000053e+01 -1.344421769999999938e+01 -1.344296959999999963e+01 -1.344173920000000066e+01 -1.344052630000000015e+01 -1.343933089999999986e+01 -1.343815290000000040e+01
-1.240933629999999965e+01 -1.240571489999999955e+01 -1.240212980000000087e+01 -1.239858090000000068e+01 -1.239506800000000020e+01 -1.239159090000000063e+01 -1.238814960000000021e+01 -1.238474390000000014e+01 -1.238137359999999987e+01 -1.237803860000000000e+01 -1.237473869999999998e+01 -1.237147369999999924e+01 -1.236824340000000078e+01 -1.236504760000000047e+01 -1.236188609999999954e+01 -1.235875869999999921e+01 -1.235566509999999951e+01 -1.235260509999999989e+01 -1.234957840000000040e+01 -1.234658480000000047e+01 -1.234362400000000015e+01 -1.234069569999999949e+01 -1.233779960000000031e+01 -1.233493540000000088e+01 -1.233210270000000008e+01 -1.232930140000000030e+01 -1.232653099999999924e+01 -1.232379120000000050e+01 -1.232108159999999941e+01 -1.231840200000000074e+01 -1.231575199999999981e+01 -1.231313109999999966e+01 -1.231053919999999913e+01 -1.230797579999999947e+01 -1.230544049999999956e+01 -1.230293310000000062e+01 -1.230045310000000036e+01 -1.229800020000000060e+01 -1.229557400000000023e+01 -1.229317430000000044e+01 -1.229080049999999957e+01 -1.228845250000000000e+01 -1.228612979999999943e+01 -1.228383209999999970e+01 -1.228155910000000084e+01 -1.227931039999999996e+01 -1.227708570000000066e+01 -1.227488480000000060e+01 -1.227270730000000043e+01 -1.227055280000000081e+01
-1.622257049999999978e+01 -1.622004799999999847e+01 -1.621755239999999887e+01 -1.621508340000000103e+01 -1.621264070000000146e+01 -1.621022430000000014e+01 -1.620783369999999834e+01 -1.620546870000000084e+01 -1.620312919999999934e+01 -1.620081490000000102e+01 -1.619852570000000114e+01 -1.619626129999999975e+01 -1.619402150000000162e+01 -1.619180610000000087e+01 -1.618961510000000104e+01 -1.618744819999999862e+01 -1.618530529999999956e+01 -1.618318620000000152e+01 -1.618109079999999977e+01 -1.617901889999999909e+01 -1.617697049999999948e+01 -1.617494530000000097e+01 -1.617294340000000119e+01 -1.617096450000000019e+01 -1.616900850000000034e+01 -1.616707530000000048e+01 -1.616516499999999823e+01 -1.616327719999999957e+01 -1.616141199999999856e+01 -1.615956919999999997e+01 -1.615774869999999908e+01 -1.615595060000000061e+01 -1.615417460000000105e+01 -1.615242059999999924e+01 -1.615068869999999990e+01 -1.614897870000000069e+01 -1.614729050000000043e+01 -1.614562409999999915e+01 -1.614397930000000159e+01 -1.614235599999999948e+01 -1.614075430000000111e+01 -1.613917400000000058e+01 -1.613761489999999910e+01 -1.613607719999999901e+01 -1.613456049999999919e+01 -1.613306499999999843e+01 -1.613159040000000033e+01 -1.613013670000000133e+01 -1.612870380000000026e+01 -1.612729170000000067e+01
-1.516975359999999995e+01 -1.516531829999999914e+01 -1.516092719999999971e+01 -1.515658020000000050e+01 -1.515227699999999977e+01 -1.514801770000000047e+01 -1.514380189999999970e+01 -1.513962940000000046e+01 -1.513550019999999918e+01 -1.513141399999999948e+01 -1.512737060000000078e+01 -1.512336980000000075e+01 -1.511941140000000061e+01 -1.511549510000000041e+01 -1.511162080000000074e+01 -1.510778799999999933e+01 -1.510399660000000033e+01 -1.510024630000000023e+01 -1.509653669999999970e+01 -1.509286759999999994e+01 -1.508923859999999983e+01 -1.508564950000000060e+01 -1.508209979999999995e+01 -1.507858919999999969e+01 -1.507511739999999989e+01 -1.507168390000000002e+01 -1.506828840000000014e+01 -1.506493049999999911e+01 -1.506160979999999938e+01 -1.505832580000000043e+01 -1.505507829999999991e+01 -1.505186669999999971e+01 -1.504869060000000047e+01 -1.504554970000000047e+01 -1.504244349999999919e+01 -1.503937160000000084e+01 -1.503633349999999957e+01 -1.503332879999999960e+01 -1.503035709999999980e+01 -1.502741800000000083e+01 -1.502451109999999979e+01 -1.502163589999999971e+01 -1.501879199999999948e+01 -1.501597899999999974e+01 -1.501319660000000056e+01 -1.501044420000000024e+01 -1.500772160000000000e+01 -1.500502829999999932e+01 -1.500236400000000003e+01 -1.499972829999999924e+01
-1.892680599999999913e+01 -1.892385970000000128e+01 -1.892094540000000080e+01 -1.891806250000000134e+01 -1.891521080000000055e+01 -1.891238999999999848e+01 -1.890959970000000112e+01 -1.890683980000000020e+01 -1.890410990000000169e+01 -1.890140979999999971e+01 -1.889873920000000140e+01 -1.889609790000000089e+01 -1.889348560000000177e+01 -1.889090210000000170e+01 -1.888834719999999834e+01 -1.888582070000000002e+01 -1.888332229999999967e+01 -1.888085200000000086e+01 -1.887840950000000007e+01 -1.887599459999999851e+01 -1.887360710000000097e+01 -1.887124700000000033e+01 -1.886891389999999902e+01 -1.886660790000000176e+01 -1.886432870000000150e+01 -1.886207629999999824e+01 -1.885985030000000151e+01 -1.885765079999999827e+01 -1.885547760000000039e+01 -1.885333059999999961e+01 -1.885120960000000068e+01 -1.884911449999999888e+01 -1.884704530000000133e+01 -1.884500170000000097e+01 -1.884298379999999895e+01 -1.884099129999999889e+01 -1.883902409999999961e+01 -1.883708220000000111e+01 -1.883516549999999867e+01 -1.883327380000000062e+01 -1.883140709999999984e+01 -1.882956509999999994e+01 -1.882774789999999854e+01 -1.882595540000000156e+01 -1.882418729999999840e+01 -1.882244370000000089e+01 -1.882072439999999958e+01 -1.881902930000000040e+01 -1.881735829999999865e+01 -1.881571140000000142e+01
-1.792997700000000094e+01 -1.792472160000000159e+01 -1.791951840000000118e+01 -1.791436720000000093e+01 -1.790926759999999973e+01 -1.790421960000000112e+01 -1.789922290000000160e+01 -1.789427729999999883e+01 -1.788938260000000113e+01 -1.788453859999999906e+01 -1.787974499999999978e+01 -1.787500169999999855e+01 -1.787030839999999898e+01 -1.786566469999999995e+01 -1.786107050000000029e+01 -1.785652539999999888e+01 -1.785202920000000049e+01 -1.784758150000000043e+01 -1.784318199999999877e+01 -1.783883030000000147e+01 -1.783452619999999911e+01 -1.783026909999999887e+01 -1.782605879999999843e+01 -1.782189479999999904e+01 -1.781777680000000075e+01 -1.781370420000000010e+01 -1.780967679999999831e+01 -1.780569390000000141e+01 -1.780175529999999995e+01 -1.779786040000000114e+01 -1.779400869999999912e+01 -1.779019979999999990e+01 -1.778643329999999878e+01 -1.778270859999999942e+01 -1.777902519999999953e+01 -1.777538270000000153e+01 -1.777178059999999959e+01 -1.776821830000000091e+01 -1.776469549999999842e+01 -1.776121159999999932e+01 -1.775776610000000133e+01 -1.775435849999999860e+01 -1.775098840000000067e+01 -1.774765530000000169e+01 -1.774435869999999937e+01 -1.774109819999999971e+01 -1.773787319999999923e+01 -1.773468340000000154e+01 -1.773152819999999963e+01 -1.772840739999999826e+01
-2.163035019999999875e+01 -2.162697640000000021e+01 -2.162363960000000063e+01 -2.162033920000000009e+01 -2.161707499999999982e+01 -2.161384659999999869e+01 -2.161065359999999913e+01 -2.160749570000000119e+01 -2.160437260000000137e+01 -2.160128389999999854e+01 -2.159822929999999985e+01 -2.159520859999999942e+01 -2.159222139999999968e+01 -2.158926749999999828e+01 -2.158634659999999883e+01 -2.158345840000000138e+01 -2.158060270000000003e+01 -2.157777919999999838e+01 -2.157498779999999883e+01 -2.157222810000000024e+01 -2.156950009999999907e+01 -2.156680340000000129e+01 -2.156413780000000102e+01 -2.156150320000000065e+01 -2.155889940000000138e+01 -2.155632620000000088e+01 -2.155378350000000154e+01 -2.155127099999999984e+01 -2.154878850000000057e+01 -2.154633600000000015e+01 -2.154391329999999982e+01 -2.154152009999999962e+01 -2.153915650000000070e+01 -2.153682209999999841e+01 -2.153451689999999985e+01 -2.153224080000000029e+01 -2.152999349999999978e+01 -2.152777499999999833e+01 -2.152558519999999831e+01 -2.152342379999999977e+01 -2.152129079999999917e+01 -2.151918600000000126e+01 -2.151710939999999894e+01 -2.151506069999999937e+01 -2.151304000000000016e+01 -2.151104690000000019e+01 -2.150908159999999825e+01 -2.150714370000000031e+01 -2.150523330000000044e+01 -2.150335009999999869e+01
-2.068990360000000095e+01 -2.068382160000000169e+01 -2.067779960000000017e+01 -2.067183729999999997e+01 -2.066593440000000115e+01 -2.066009079999999898e+01 -2.065430609999999945e+01 -2.064858029999999900e+01 -2.064291289999999890e+01 -2.063730389999999915e+01 -2.063175289999999862e+01 -2.062625960000000092e+01 -2.062082380000000015e+01 -2.061544530000000108e+01 -2.061012360000000143e+01 -2.060485860000000002e+01 -2.059964980000000168e+01 -2.059449689999999933e+01 -2.058939970000000130e+01 -2.058435760000000059e+01 -2.057937039999999840e+01 -2.057443759999999955e+01 -2.056955870000000175e+01 -2.056473349999999911e+01 -2.055996130000000122e+01 -2.055524189999999862e+01 -2.055057460000000091e+01 -2.054595910000000103e+01 -2.054139479999999907e+01 -2.053688119999999984e+01 -2.053241780000000105e+01 -2.052800410000000042e+01 -2.052363959999999921e+01 -2.051932379999999867e+01 -2.051505600000000129e+01 -2.051083579999999884e+01 -2.050666269999999969e+01 -2.050253599999999921e+01 -2.049845519999999865e+01 -2.049441979999999930e+01 -2.049042929999999885e+01 -2.048648299999999978e+01 -2.048258050000000097e+01 -2.047872119999999896e+01 -2.047490459999999857e+01 -2.047113020000000105e+01 -2.046739729999999824e+01 -2.046370560000000083e+01 -2.046005449999999826e+01 -2.045644340000000128e+01
-2.433347529999999992e+01 -2.432966860000000153e+01 -2.432590400000000130e+01 -2.432218110000000166e+01 -2.431849950000000149e+01 -2.431485860000000088e+01 -2.431125820000000104e+01 -2.430769769999999852e+01 -2.430417690000000164e+01 -2.430069530000000100e+01 -2.429725249999999903e+01 -2.429384830000000051e+01 -2.429048219999999958e+01 -2.428715389999999985e+01 -2.428386310000000137e+01 -2.428060950000000062e+01 -2.427739280000000122e+01 -2.427421269999999964e+01 -2.427106889999999950e+01 -2.426796110000000084e+01 -2.426488910000000132e+01 -2.426185249999999982e+01 -2.425885129999999990e+01 -2.425588499999999925e+01 -2.425295360000000144e+01 -2.425005660000000063e+01 -2.424719410000000153e+01 -2.424436559999999830e+01 -2.424157110000000159e+01 -2.423881030000000081e+01 -2.423608289999999954e+01 -2.423338899999999896e+01 -2.423072810000000032e+01 -2.422810020000000009e+01 -2.422550509999999946e+01 -2.422294270000000083e+01 -2.422041259999999951e+01 -2.421791479999999908e+01 -2.421544919999999834e+01 -2.421301550000000091e+01 -2.421061359999999851e+01 -2.420824340000000063e+01 -2.420590470000000138e+01 -2.420359739999999960e+01 -2.420132130000000004e+01 -2.419907630000000154e+01 -2.419686229999999938e+01 -2.419467909999999833e+01 -2.419252660000000077e+01 -2.419040469999999843e+01
-2.344951500000000166e+01 -2.344259900000000130e+01 -2.343575080000000099e+01 -2.342897010000000080e+01 -2.342225660000000076e+01 -2.341561000000000092e+01 -2.340902990000000017e+01 -2.340251620000000088e+01 -2.339606849999999838e+01 -2.338968669999999861e+01 -2.338337029999999928e+01 -2.337711910000000159e+01 -2.337093289999999968e+01 -2.336481129999999951e+01 -2.335875400000000113e+01 -2.335276059999999987e+01 -2.334683090000000050e+01 -2.334096440000000072e+01 -2.333516090000000176e+01 -2.332941980000000015e+01 -2.332374090000000066e+01 -2.331812359999999984e+01 -2.331256750000000011e+01 -2.330707220000000035e+01 -2.330163729999999944e+01 -2.329626209999999986e+01 -2.329094630000000166e+01 -2.328568930000000137e+01 -2.328049049999999909e+01 -2.327534959999999842e+01 -2.327026580000000067e+01 -2.326523870000000116e+01 -2.326026759999999882e+01 -2.325535209999999964e+01 -2.325049149999999898e+01 -2.324568530000000166e+01 -2.324093279999999950e+01 -2.323623350000000087e+01 -2.323158670000000114e+01 -2.322699190000000158e+01 -2.322244849999999872e+01 -2.321795589999999976e+01 -2.321351340000000008e+01 -2.320912059999999855e+01 -2.320477670000000003e+01 -2.320048119999999869e+01 -2.319623350000000173e+01 -2.319203309999999973e+01 -2.318787929999999875e+01 -2.318377160000000003e+01
-2.703566000000000003e+01 -2.703141330000000053e+01 -2.702721409999999835e+01 -2.702306189999999830e+01 -2.701895620000000164e+01 -2.701489640000000136e+01 -2.701088220000000106e+01 -2.700691309999999845e+01 -2.700298850000000073e+01 -2.699910810000000083e+01 -2.699527150000000120e+01 -2.699147809999999836e+01 -2.698772770000000065e+01 -2.698401979999999867e+01 -2.698035399999999839e+01 -2.697672989999999871e+01 -2.697314730000000083e+01 -2.696960569999999890e+01 -2.696610480000000010e+01 -2.696264430000000090e+01 -2.695922390000000135e+01 -2.695584320000000034e+01 -2.695250199999999907e+01 -2.694919989999999999e+01 -2.694593670000000074e+01 -2.694271219999999900e+01 -2.693952589999999958e+01 -2.693637779999999893e+01 -2.693326739999999830e+01 -2.693019470000000126e+01 -2.692715929999999958e+01 -2.692416109999999918e+01 -2.692119969999999896e+01 -2.691827500000000128e+01 -2.691538680000000028e+01 -2.691253479999999954e+01 -2.690971890000000144e+01 -2.690693890000000010e+01 -2.690419460000000029e+01 -2.690148569999999850e+01 -2.689881219999999828e+01 -2.689617379999999969e+01 -2.689357040000000154e+01 -2.689100189999999913e+01 -2.688846799999999959e+01 -2.688596860000000177e+01 -2.688350349999999978e+01 -2.688107270000000071e+01 -2.687867599999999868e+01 -2.687631329999999963e+01
-2.620911419999999836e+01 -2.620135690000000039e+01 -2.619367510000000010e+01 -2.618606850000000108e+01 -2.617853669999999866e+01 -2.617107929999999882e+01 -2.616369609999999923e+01 -2.615638660000000115e+01 -2.614915059999999869e+01 -2.614198770000000138e+01 -2.613489769999999979e+01 -2.612788019999999989e+01 -2.612093499999999935e+01 -2.611406159999999943e+01 -2.610725980000000135e+01 -2.610052920000000043e+01 -2.609386939999999910e+01 -2.608728010000000097e+01 -2.608076090000000136e+01 -2.607431139999999914e+01 -2.606793109999999913e+01 -2.606161970000000139e+01 -2.605537659999999889e+01 -2.604920140000000117e+01 -2.604309370000000001e+01 -2.603705280000000144e+01 -2.603107839999999840e+01 -2.602516980000000046e+01 -2.601932659999999942e+01 -2.601354810000000128e+01 -2.600783380000000022e+01 -2.600218309999999988e+01 -2.599659540000000035e+01 -2.599107019999999935e+01 -2.598560670000000172e+01 -2.598020440000000164e+01 -2.597486269999999919e+01 -2.596958090000000041e+01 -2.596435839999999828e+01 -2.595919449999999884e+01 -2.595408859999999862e+01 -2.594904000000000011e+01 -2.594404820000000100e+01 -2.593911250000000024e+01 -2.593423209999999912e+01 -2.592940660000000008e+01 -2.592463520000000088e+01 -2.591991730000000160e+01 -2.591525229999999880e+01 -2.591063959999999966e+01
-2.973680690000000126e+01 -2.973211170000000081e+01 -2.972746940000000038e+01 -2.972287959999999885e+01 -2.971834169999999986e+01 -2.971385509999999996e+01 -2.970941930000000042e+01 -2.970503379999999893e+01 -2.970069799999999915e+01 -2.969641139999999879e+01 -2.969217360000000028e+01 -2.968798410000000132e+01 -2.968384229999999846e+01 -2.967974789999999885e+01 -2.967570050000000137e+01 -2.967169949999999901e+01 -2.966774450000000130e+01 -2.966383520000000118e+01 -2.965997120000000109e+01 -2.965615199999999874e+01 -2.965237730000000127e+01 -2.964864680000000163e+01 -2.964496009999999870e+01 -2.964131670000000085e+01 -2.963771649999999980e+01 -2.963415910000000153e+01 -2.963064410000000137e+01 -2.962717130000000054e+01 -2.962374039999999908e+01 -2.962035110000000060e+01 -2.961700300000000041e+01 -2.961369600000000091e+01 -2.961042970000000096e+01 -2.960720399999999941e+01 -2.960401859999999985e+01 -2.960087310000000116e+01 -2.959776749999999979e+01 -2.959470140000000171e+01 -2.959167479999999983e+01 -2.958868719999999897e+01 -2.958573859999999911e+01 -2.958282880000000148e+01 -2.957995749999999902e+01 -2.957712469999999882e+01 -2.957432999999999979e+01 -2.957157339999999834e+01 -2.956885469999999927e+01 -2.956617380000000139e+01 -2.956353049999999882e+01 -2.956092459999999988e+01
-2.896826180000000051e+01 -2.895965479999999914e+01 -2.895113119999999896e+01 -2.894269069999999999e+01 -2.893433260000000118e+01 -2.892605650000000139e+01 -2.891786210000000068e+01 -2.890974879999999914e+01 -2.890171640000000153e+01 -2.889376449999999963e+01 -2.888589269999999942e+01 -2.887810070000000096e+01 -2.887038799999999839e+01 -2.886275450000000120e+01 -2.885519959999999884e+01 -2.884772309999999962e+01 -2.884032450000000125e+01 -2.883300350000000023e+01 -2.882575960000000137e+01 -2.881859250000000117e+01 -2.881150179999999850e+01 -2.880448690000000056e+01 -2.879754739999999913e+01 -2.879068279999999902e+01 -2.878389269999999911e+01 -2.877717649999999949e+01 -2.877053370000000143e+01 -2.876396379999999908e+01 -2.875746609999999848e+01 -2.875104019999999849e+01 -2.874468540000000161e+01 -2.873840110000000081e+01 -2.873218680000000091e+01 -2.872604180000000085e+01 -2.871996539999999953e+01 -2.871395700000000062e+01 -2.870801600000000064e+01 -2.870214169999999854e+01 -2.869633340000000032e+01 -2.869059049999999900e+01 -2.868491230000000058e+01 -2.867929799999999929e+01 -2.867374709999999993e+01 -2.866825880000000026e+01 -2.866283250000000038e+01 -2.865746740000000159e+01 -2.865216290000000043e+01 -2.864691829999999939e+01 -2.864173290000000094e+01 -2.863660610000000162e+01
