-8.402310220000000385e+00 -8.167622820000000061e+00 -7.932994569999999968e+00 -7.698424819999999613e+00 -7.463912930000000223e+00 -7.229458260000000358e+00 -6.995060190000000233e+00 -6.760718070000000246e+00 -6.526431289999999663e+00 -6.292199209999999709e+00 -6.058021219999999651e+00 -5.823896689999999765e+00 -5.589825000000000266e+00 -5.355805540000000420e+00 -5.121837700000000382e+00 -4.887920880000000246e+00 -4.654054450000000287e+00 -4.420237829999999590e+00 -4.186470420000000026e+00 -3.952751609999999971e+00 -3.719080819999999843e+00 -3.485457450000000179e+00 -3.251880920000000064e+00 -3.018350649999999913e+00 -2.784866050000000204e+00 -2.551426549999999960e+00 -2.318031579999999980e+00 -2.084680559999999794e+00 -1.851372929999999917e+00 -1.618108120000000039e+00 -1.384885579999999949e+00 -1.151704749999999944e+00 -9.185650690000000118e-01 -6.854659939999999674e-01 -4.524069780000000152e-01 -2.193874769999999974e-01 1.359304859999999927e-02 2.465351359999999881e-01 4.794393169999999760e-01 7.123061219999999860e-01 9.451360760000000472e-01 1.177929699999999968e+00 1.410687519999999973e+00 1.643410049999999956e+00 1.876097789999999987e+00 2.108751269999999955e+00 2.341370980000000213e+00 2.573957430000000102e+00 2.806511110000000198e+00 3.039032530000000065e+00
-2.957690150000000173e+01 -2.935496919999999932e+01 -2.911249370000000170e+01 -2.887014149999999901e+01 -2.862791169999999852e+01 -2.838580320000000157e+01 -2.814381510000000119e+01 -2.790194650000000109e+01 -2.766019650000000141e+01 -2.741856419999999872e+01 -2.717704870000000028e+01 -2.693564909999999912e+01 -2.669436449999999894e+01 -2.645319410000000104e+01 -2.621213699999999847e+01 -2.597119250000000079e+01 -2.573035959999999989e+01 -2.548963759999999823e+01 -2.524902570000000068e+01 -2.500852300000000028e+01 -2.476812879999999950e+01 -2.452784229999999965e+01 -2.428766269999999849e+01 -2.404758920000000089e+01 -2.380762100000000103e+01 -2.356775740000000141e+01 -2.332799770000000095e+01 -2.308834099999999978e+01 -2.284878670000000156e+01 -2.260933389999999932e+01 -2.236998200000000026e+01 -2.213073019999999858e+01 -2.189157769999999914e+01 -2.165252389999999849e+01 -2.141356800000000149e+01 -2.117470929999999996e+01 -2.093594699999999875e+01 -2.069728040000000036e+01 -2.045870890000000131e+01 -2.022023160000000175e+01 -1.998184799999999939e+01 -1.974355720000000147e+01 -1.950535849999999982e+01 -1.926725130000000163e+01 -1.902923489999999873e+01 -1.879130839999999836e+01 -1.855347130000000178e+01 -1.831572279999999964e+01 -1.807806220000000152e+01 -1.784048879999999926e+01
-8.556569140000000573e+00 -8.322040299999999391e+00 -8.087570169999999337e+00 -7.853158089999999980e+00 -7.618803429999999821e+00 -7.384505540000000146e+00 -7.150263780000000402e+00 -6.916077529999999918e+00 -6.681946139999999978e+00 -6.447868999999999851e+00 -6.213845469999999871e+00 -5.979874940000000194e+00 -5.745956770000000269e+00 -5.512090360000000189e+00 -5.278275090000000169e+00 -5.044510360000000304e+00 -4.810795549999999920e+00 -4.577130060000000000e+00 -4.343513289999999749e+00 -4.109944640000000149e+00 -3.876423519999999900e+00 -3.642949339999999925e+00 -3.409521509999999811e+00 -3.176139440000000036e+00 -2.942802570000000006e+00 -2.709510299999999816e+00 -2.476262070000000204e+00 -2.243057310000000193e+00 -2.009895440000000200e+00 -1.776775919999999953e+00 -1.543698170000000092e+00 -1.310661639999999961e+00 -1.077665780000000018e+00 -8.447100459999999922e-01 -6.117938840000000100e-01 -3.789167549999999940e-01 -1.460781210000000052e-01 8.672255230000000537e-02 3.194857959999999886e-01 5.522121389999999908e-01 7.849021040000000449e-01 1.017556209999999961e+00 1.250174979999999936e+00 1.482758919999999980e+00 1.715308540000000104e+00 1.947824360000000032e+00 2.180306859999999958e+00 2.412756560000000050e+00 2.645173950000000218e+00 2.877559520000000148e+00
-2.974630960000000002e+01 -2.950387449999999845e+01 -2.926156310000000005e+01 -2.901937440000000024e+01 -2.877730749999999915e+01 -2.853536160000000166e+01 -2.829353569999999962e+01 -2.805182890000000029e+01 -2.781024030000000025e+01 -2.756876910000000080e+01 -2.732741449999999972e+01 -2.708617549999999952e+01 -2.684505130000000150e+01 -2.660404109999999989e+01 -2.636314409999999953e+01 -2.612235950000000173e+01 -2.588168650000000071e+01 -2.564112420000000014e+01 -2.540067189999999897e+01 -2.516032879999999849e+01 -2.492009410000000003e+01 -2.467996700000000132e+01 -2.443994689999999892e+01 -2.420003279999999890e+01 -2.396022410000000136e+01 -2.372051989999999932e+01 -2.348091970000000117e+01 -2.324142249999999876e+01 -2.300202760000000168e+01 -2.276273439999999937e+01 -2.252354199999999906e+01 -2.228444980000000086e+01 -2.204545699999999897e+01 -2.180656279999999825e+01 -2.156776659999999879e+01 -2.132906759999999835e+01 -2.109046509999999941e+01 -2.085195829999999972e+01 -2.061354659999999939e+01 -2.037522919999999971e+01 -2.013700539999999961e+01 -1.989887440000000041e+01 -1.966083569999999980e+01 -1.942288830000000033e+01 -1.918503180000000086e+01 -1.894726520000000036e+01 -1.870958789999999894e+01 -1.847199919999999906e+01 -1.823449839999999966e+01 -1.799708469999999849e+01
-8.697022099999999867e+00 -8.462636070000000288e+00 -8.228308300000000131e+00 -7.994038159999999671e+00 -7.759824980000000316e+00 -7.525668139999999617e+00 -7.291566979999999809e+00 -7.057520880000000219e+00 -6.823529190000000355e+00 -6.589591279999999607e+00 -6.355706529999999965e+00 -6.121874309999999930e+00 -5.888093999999999717e+00 -5.654364980000000429e+00 -5.420686639999999556e+00 -5.187058359999999979e+00 -4.953479540000000014e+00 -4.719949569999999817e+00 -4.486467850000000368e+00 -4.253033779999999986e+00 -4.019646769999999592e+00 -3.786306230000000106e+00 -3.553011569999999786e+00 -3.319762209999999936e+00 -3.086557560000000144e+00 -2.853397049999999879e+00 -2.620280119999999879e+00 -2.387206180000000177e+00 -2.154174670000000180e+00 -1.921185039999999900e+00 -1.688236719999999913e+00 -1.455329169999999950e+00 -1.222461819999999921e+00 -9.896341320000000552e-01 -7.568455659999999696e-01 -5.240955790000000336e-01 -2.913836369999999731e-01 -5.870920720000000204e-02 1.739282390000000122e-01 4.065292269999999930e-01 6.390942779999999601e-01 8.716239080000000028e-01 1.104118630000000101e+00 1.336578959999999983e+00 1.569005399999999995e+00 1.801398449999999984e+00 2.033758610000000022e+00 2.266086379999999956e+00 2.498382260000000077e+00 2.730646720000000194e+00
-2.987938370000000177e+01 -2.963709629999999962e+01 -2.939493219999999951e+01 -2.915289050000000159e+01 -2.891097029999999890e+01 -2.866917069999999867e+01 -2.842749080000000106e+01 -2.818592980000000026e+01 -2.794448679999999996e+01 -2.770316100000000148e+01 -2.746195150000000140e+01 -2.722085739999999987e+01 -2.697987810000000053e+01 -2.673901269999999997e+01 -2.649826029999999832e+01 -2.625762029999999925e+01 -2.601709170000000171e+01 -2.577667380000000108e+01 -2.553636579999999867e+01 -2.529616700000000051e+01 -2.505607660000000081e+01 -2.481609369999999970e+01 -2.457621779999999845e+01 -2.433644789999999958e+01 -2.409678339999999963e+01 -2.385722349999999992e+01 -2.361776740000000174e+01 -2.337841440000000048e+01 -2.313916370000000100e+01 -2.290001469999999983e+01 -2.266096659999999829e+01 -2.242201860000000124e+01 -2.218317000000000050e+01 -2.194442000000000093e+01 -2.170576799999999906e+01 -2.146721330000000094e+01 -2.122875499999999960e+01 -2.099039240000000106e+01 -2.075212489999999832e+01 -2.051395169999999979e+01 -2.027587199999999967e+01 -2.003788520000000162e+01 -1.979999049999999983e+01 -1.956218730000000150e+01 -1.932447469999999967e+01 -1.908685200000000037e+01 -1.884931860000000015e+01 -1.861187380000000147e+01 -1.837451670000000092e+01 -1.813724669999999861e+01
-8.822407860000000213e+00 -8.588148170000000192e+00 -8.353946329999999421e+00 -8.119801710000000838e+00 -7.885713629999999696e+00 -7.651681469999999763e+00 -7.417704569999999720e+00 -7.183782289999999904e+00 -6.949914009999999642e+00 -6.716099080000000221e+00 -6.482336880000000079e+00 -6.248626780000000380e+00 -6.014968159999999564e+00 -5.781360399999999622e+00 -5.547802879999999881e+00 -5.314294989999999608e+00 -5.080836119999999845e+00 -4.847425669999999798e+00 -4.614063039999999560e+00 -4.380747630000000115e+00 -4.147478839999999778e+00 -3.914256079999999915e+00 -3.681078779999999995e+00 -3.447946340000000109e+00 -3.214858190000000171e+00 -2.981813750000000152e+00 -2.748812449999999963e+00 -2.515853719999999960e+00 -2.282937009999999933e+00 -2.050061749999999794e+00 -1.817227380000000059e+00 -1.584433360000000013e+00 -1.351679129999999951e+00 -1.118964150000000046e+00 -8.862878749999999473e-01 -6.536497780000000146e-01 -4.210493209999999764e-01 -1.884859740000000006e-01 4.404078639999999684e-02 2.765314830000000224e-01 5.089866330000000216e-01 7.414067519999999467e-01 9.737923480000000298e-01 1.206143930000000086e+00 1.438461999999999907e+00 1.670747049999999900e+00 1.902999590000000074e+00 2.135220100000000176e+00 2.367409069999999893e+00 2.599566990000000022e+00
-2.999639020000000045e+01 -2.975423509999999894e+01 -2.951220299999999952e+01 -2.927029290000000117e+01 -2.902850400000000164e+01 -2.878683549999999869e+01 -2.854528649999999956e+01 -2.830385610000000085e+01 -2.806254350000000031e+01 -2.782134789999999924e+01 -2.758026849999999897e+01 -2.733930439999999962e+01 -2.709845479999999895e+01 -2.685771899999999945e+01 -2.661709619999999887e+01 -2.637658550000000091e+01 -2.613618620000000092e+01 -2.589589760000000140e+01 -2.565571870000000132e+01 -2.541564899999999838e+01 -2.517568749999999866e+01 -2.493583359999999871e+01 -2.469608660000000100e+01 -2.445644550000000095e+01 -2.421690969999999865e+01 -2.397747850000000014e+01 -2.373815109999999962e+01 -2.349892669999999839e+01 -2.325980470000000011e+01 -2.302078420000000136e+01 -2.278186450000000107e+01 -2.254304499999999933e+01 -2.230432469999999867e+01 -2.206570310000000035e+01 -2.182717939999999857e+01 -2.158875289999999936e+01 -2.135042280000000048e+01 -2.111218829999999969e+01 -2.087404880000000063e+01 -2.063600359999999867e+01 -2.039805180000000107e+01 -2.016019280000000080e+01 -1.992242590000000035e+01 -1.968475019999999986e+01 -1.944716520000000060e+01 -1.920966999999999913e+01 -1.897226390000000151e+01 -1.873494619999999955e+01 -1.849771619999999928e+01 -1.826057319999999962e+01
-8.932591940000000008e+00 -8.698442189999999741e+00 -8.464349920000000083e+00 -8.230314469999999716e+00 -7.996335189999999926e+00 -7.762411430000000223e+00 -7.528542550000000055e+00 -7.294727909999999760e+00 -7.060966869999999673e+00 -6.827258790000000133e+00 -6.593603039999999638e+00 -6.359999010000000119e+00 -6.126446060000000138e+00 -5.892943579999999848e+00 -5.659490940000000414e+00 -5.426087540000000153e+00 -5.192732780000000048e+00 -4.959426040000000313e+00 -4.726166720000000154e+00 -4.492954229999999605e+00 -4.259787979999999585e+00 -4.026667370000000190e+00 -3.793591829999999998e+00 -3.560560759999999991e+00 -3.327573600000000020e+00 -3.094629770000000057e+00 -2.861728700000000014e+00 -2.628869830000000185e+00 -2.396052590000000038e+00 -2.163276429999999806e+00 -1.930540790000000007e+00 -1.697845119999999985e+00 -1.465188879999999916e+00 -1.232571539999999910e+00 -9.999925349999999602e-01 -7.674513509999999483e-01 -5.349474520000000455e-01 -3.024803130000000007e-01 -7.004941230000000241e-02 1.623457690000000009e-01 3.947057440000000250e-01 6.270310239999999924e-01 8.593221159999999692e-01 1.091579520000000025e+00 1.323803740000000007e+00 1.555995269999999930e+00 1.788154599999999927e+00 2.020282209999999967e+00 2.252378600000000120e+00 2.484444240000000192e+00
-3.009787269999999992e+01 -2.985583219999999827e+01 -2.961391430000000113e+01 -2.937211830000000035e+01 -2.913044329999999960e+01 -2.888888850000000019e+01 -2.864745299999999872e+01 -2.840613589999999888e+01 -2.816493660000000077e+01 -2.792385399999999862e+01 -2.768288749999999965e+01 -2.744203630000000160e+01 -2.720129950000000107e+01 -2.696067640000000054e+01 -2.672016610000000014e+01 -2.647976789999999880e+01 -2.623948109999999900e+01 -2.599930480000000088e+01 -2.575923829999999981e+01 -2.551928089999999827e+01 -2.527943169999999995e+01 -2.503969000000000023e+01 -2.480005500000000040e+01 -2.456052610000000058e+01 -2.432110240000000090e+01 -2.408178320000000028e+01 -2.384256780000000120e+01 -2.360345540000000142e+01 -2.336444519999999869e+01 -2.312553660000000022e+01 -2.288672880000000021e+01 -2.264802099999999996e+01 -2.240941249999999840e+01 -2.217090260000000157e+01 -2.193249060000000128e+01 -2.169417560000000122e+01 -2.145595700000000150e+01 -2.121783399999999986e+01 -2.097980589999999879e+01 -2.074187200000000075e+01 -2.050403149999999997e+01 -2.026628369999999890e+01 -2.002862779999999887e+01 -1.979106309999999880e+01 -1.955358890000000116e+01 -1.931620450000000133e+01 -1.907890910000000062e+01 -1.884170200000000150e+01 -1.860458249999999936e+01 -1.836754970000000142e+01
-9.027455099999999177e+00 -8.793399020000000732e+00 -8.559400079999999633e+00 -8.325457610000000841e+00 -8.091570969999999363e+00 -7.857739510000000038e+00 -7.623962589999999651e+00 -7.390239550000000435e+00 -7.156569769999999941e+00 -6.922952600000000345e+00 -6.689387420000000084e+00 -6.455873600000000323e+00 -6.222410520000000389e+00 -5.988997559999999609e+00 -5.755634109999999914e+00 -5.522319539999999805e+00 -5.289053260000000201e+00 -5.055834660000000369e+00 -4.822663140000000404e+00 -4.589538110000000337e+00 -4.356458970000000264e+00 -4.123425140000000155e+00 -3.890436039999999984e+00 -3.657491079999999783e+00 -3.424589679999999969e+00 -3.191731289999999888e+00 -2.958915329999999955e+00 -2.726141230000000082e+00 -2.493408449999999998e+00 -2.260716420000000060e+00 -2.028064590000000056e+00 -1.795452419999999938e+00 -1.562879359999999940e+00 -1.330344879999999952e+00 -1.097848429999999986e+00 -8.653895019999999771e-01 -6.329675529999999606e-01 -4.005820640000000155e-01 -1.682325179999999976e-01 6.408160089999999365e-02 2.963608030000000060e-01 5.286055960000000109e-01 7.608164830000000434e-01 9.929939620000000078e-01 1.225138529999999948e+00 1.457250670000000081e+00 1.689330889999999918e+00 1.921379649999999994e+00 2.153397449999999935e+00 2.385384750000000054e+00
-3.018372510000000020e+01 -2.994178150000000116e+01 -2.969996039999999837e+01 -2.945826100000000025e+01 -2.921668250000000100e+01 -2.897522400000000076e+01 -2.873388470000000083e+01 -2.849266379999999899e+01 -2.825156039999999891e+01 -2.801057379999999952e+01 -2.776970319999999859e+01 -2.752894769999999980e+01 -2.728830659999999853e+01 -2.704777909999999963e+01 -2.680736449999999849e+01 -2.656706180000000117e+01 -2.632687049999999829e+01 -2.608678970000000064e+01 -2.584681859999999887e+01 -2.560695649999999901e+01 -2.536720269999999999e+01 -2.512755629999999840e+01 -2.488801670000000144e+01 -2.464858299999999858e+01 -2.440925449999999941e+01 -2.417003060000000048e+01 -2.393091030000000075e+01 -2.369189310000000148e+01 -2.345297800000000166e+01 -2.321416449999999898e+01 -2.297545170000000070e+01 -2.273683889999999863e+01 -2.249832539999999881e+01 -2.225991039999999899e+01 -2.202159320000000164e+01 -2.178337300000000099e+01 -2.154524920000000066e+01 -2.130722090000000080e+01 -2.106928740000000033e+01 -2.083144800000000174e+01 -2.059370200000000040e+01 -2.035604849999999999e+01 -2.011848690000000062e+01 -1.988101650000000120e+01 -1.964363649999999950e+01 -1.940634610000000038e+01 -1.916914459999999920e+01 -1.893203129999999845e+01 -1.869500539999999944e+01 -1.845806620000000109e+01
-9.106895550000000839e+00 -8.872917109999999496e+00 -8.638995510000000877e+00 -8.405130090000000109e+00 -8.171320200000000256e+00 -7.937565199999999876e+00 -7.703864420000000379e+00 -7.470217240000000203e+00 -7.236623019999999684e+00 -7.003081110000000109e+00 -6.769590899999999856e+00 -6.536151750000000149e+00 -6.302763040000000316e+00 -6.069424149999999685e+00 -5.836134470000000185e+00 -5.602893380000000256e+00 -5.369700289999999931e+00 -5.136554580000000314e+00 -4.903455669999999600e+00 -4.670402949999999720e+00 -4.437395829999999819e+00 -4.204433739999999808e+00 -3.971516079999999782e+00 -3.738642290000000035e+00 -3.505811780000000155e+00 -3.273023989999999994e+00 -3.040278349999999907e+00 -2.807574310000000128e+00 -2.574911310000000064e+00 -2.342288780000000070e+00 -2.109706189999999815e+00 -1.877162999999999915e+00 -1.644658650000000000e+00 -1.412192619999999899e+00 -1.179764370000000007e+00 -9.473733819999999861e-01 -7.150191230000000342e-01 -4.827010769999999784e-01 -2.504187270000000076e-01 -1.817156300000000169e-02 2.140409229999999940e-01 4.462192340000000201e-01 6.783638709999999516e-01 9.104753279999999727e-01 1.142554099999999906e+00 1.374600669999999969e+00 1.606615520000000075e+00 1.838599139999999910e+00 2.070552000000000170e+00 2.302474580000000159e+00
-3.025386840000000177e+01 -3.001200419999999980e+01 -2.977026240000000001e+01 -2.952864230000000134e+01 -2.928714280000000159e+01 -2.904576330000000084e+01 -2.880450289999999924e+01 -2.856336080000000166e+01 -2.832233619999999874e+01 -2.808142829999999890e+01 -2.784063640000000106e+01 -2.759995950000000065e+01 -2.735939700000000130e+01 -2.711894799999999961e+01 -2.687861180000000161e+01 -2.663838769999999911e+01 -2.639827479999999937e+01 -2.615827240000000131e+01 -2.591837969999999913e+01 -2.567859590000000125e+01 -2.543892040000000065e+01 -2.519935239999999865e+01 -2.495989099999999894e+01 -2.472053560000000161e+01 -2.448128540000000086e+01 -2.424213960000000156e+01 -2.400309749999999909e+01 -2.376415839999999946e+01 -2.352532150000000044e+01 -2.328658599999999979e+01 -2.304795130000000114e+01 -2.280941650000000109e+01 -2.257098099999999974e+01 -2.233264390000000077e+01 -2.209440460000000073e+01 -2.185626230000000092e+01 -2.161821619999999911e+01 -2.138026560000000131e+01 -2.114240979999999936e+01 -2.090464800000000167e+01 -2.066697950000000006e+01 -2.042940349999999938e+01 -2.019191929999999857e+01 -1.995452620000000010e+01 -1.971722330000000056e+01 -1.948001010000000122e+01 -1.924288560000000103e+01 -1.900584920000000011e+01 -1.876890009999999975e+01 -1.853203770000000006e+01
-9.170829210000000842e+00 -8.936912550000000621e+00 -8.703052489999999253e+00 -8.469248379999999798e+00 -8.235499539999999286e+00 -8.001805349999999706e+00 -7.768165149999999741e+00 -7.534578289999999789e+00 -7.301044150000000066e+00 -7.067562080000000080e+00 -6.834131460000000047e+00 -6.600751660000000243e+00 -6.367422059999999995e+00 -6.134142040000000407e+00 -5.900910989999999856e+00 -5.667728290000000335e+00 -5.434593350000000100e+00 -5.201505550000000255e+00 -4.968464309999999884e+00 -4.735469039999999907e+00 -4.502519129999999592e+00 -4.269614009999999737e+00 -4.036753100000000316e+00 -3.803935819999999968e+00 -3.571161609999999875e+00 -3.338429880000000072e+00 -3.105740089999999842e+00 -2.873091669999999986e+00 -2.640484059999999911e+00 -2.407916730000000172e+00 -2.175389109999999793e+00 -1.942900669999999996e+00 -1.710450880000000007e+00 -1.478039190000000058e+00 -1.245665079999999980e+00 -1.013328020000000107e+00 -7.810275009999999574e-01 -5.487629950000000312e-01 -3.165339919999999863e-01 -8.433998349999999311e-02 1.478195350000000019e-01 3.799450650000000262e-01 6.120371009999999723e-01 8.440961380000000513e-01 1.076122660000000009e+00 1.308117159999999890e+00 1.540080120000000052e+00 1.772012010000000082e+00 2.003913299999999786e+00 2.235784470000000024e+00
-3.030823910000000154e+01 -3.006643680000000174e+01 -2.982475690000000057e+01 -2.958319850000000173e+01 -2.934176069999999825e+01 -2.910044279999999972e+01 -2.885924400000000034e+01 -2.861816340000000025e+01 -2.837720029999999838e+01 -2.813635379999999842e+01 -2.789562319999999929e+01 -2.765500769999999875e+01 -2.741450659999999928e+01 -2.717411889999999985e+01 -2.693384400000000056e+01 -2.669368109999999916e+01 -2.645362940000000052e+01 -2.621368819999999999e+01 -2.597385680000000008e+01 -2.573413419999999974e+01 -2.549451979999999907e+01 -2.525501290000000054e+01 -2.501561269999999837e+01 -2.477631840000000096e+01 -2.453712919999999897e+01 -2.429804449999999960e+01 -2.405906350000000060e+01 -2.382018539999999973e+01 -2.358140949999999947e+01 -2.334273500000000112e+01 -2.310416120000000006e+01 -2.286568730000000116e+01 -2.262731270000000094e+01 -2.238903639999999839e+01 -2.215085789999999832e+01 -2.191277630000000087e+01 -2.167479090000000141e+01 -2.143690099999999887e+01 -2.119910580000000166e+01 -2.096140450000000044e+01 -2.072379649999999884e+01 -2.048628090000000057e+01 -2.024885709999999861e+01 -2.001152420000000021e+01 -1.977428150000000073e+01 -1.953712840000000028e+01 -1.930006390000000138e+01 -1.906308750000000174e+01 -1.882619830000000150e+01 -1.858939559999999958e+01
-9.219180820000000054e+00 -8.985310319999999962e+00 -8.751496230000000764e+00 -8.517737889999999368e+00 -8.284034659999999661e+00 -8.050385880000000327e+00 -7.816790899999999986e+00 -7.583249079999999864e+00 -7.349759790000000237e+00 -7.116322389999999665e+00 -6.882936260000000139e+00 -6.649600760000000221e+00 -6.416315270000000126e+00 -6.183079180000000008e+00 -5.949891880000000022e+00 -5.716752750000000383e+00 -5.483661200000000235e+00 -5.250616609999999795e+00 -5.017618399999999923e+00 -4.784665969999999824e+00 -4.551758740000000358e+00 -4.318896129999999722e+00 -4.086077539999999786e+00 -3.853302419999999895e+00 -3.620570190000000022e+00 -3.387880280000000077e+00 -3.155232129999999913e+00 -2.922625190000000206e+00 -2.690058909999999859e+00 -2.457532730000000054e+00 -2.225046110000000077e+00 -1.992598510000000100e+00 -1.760189390000000076e+00 -1.527818230000000055e+00 -1.295484489999999989e+00 -1.063187660000000090e+00 -8.309272140000000251e-01 -5.987026370000000375e-01 -3.665134190000000070e-01 -1.343590540000000055e-01 9.776095999999999397e-02 3.298471219999999926e-01 5.618999260000000495e-01 7.939198629999999479e-01 1.025907420000000014e+00 1.257863079999999911e+00 1.489787310000000087e+00 1.721680600000000005e+00 1.953543419999999919e+00 2.185376230000000142e+00
-3.034679029999999855e+01 -3.010503239999999892e+01 -2.986339680000000030e+01 -2.962188270000000045e+01 -2.938048919999999953e+01 -2.913921549999999883e+01 -2.889806079999999966e+01 -2.865702440000000095e+01 -2.841610530000000168e+01 -2.817530289999999837e+01 -2.793461639999999946e+01 -2.769404490000000152e+01 -2.745358769999999993e+01 -2.721324410000000071e+01 -2.697301320000000047e+01 -2.673289420000000050e+01 -2.649288650000000089e+01 -2.625298919999999825e+01 -2.601320159999999859e+01 -2.577352300000000085e+01 -2.553395250000000161e+01 -2.529448950000000096e+01 -2.505513309999999905e+01 -2.481588259999999835e+01 -2.457673730000000134e+01 -2.433769639999999868e+01 -2.409875919999999994e+01 -2.385992489999999933e+01 -2.362119270000000171e+01 -2.338256189999999890e+01 -2.314403180000000049e+01 -2.290560160000000067e+01 -2.266727059999999838e+01 -2.242903799999999848e+01 -2.219090309999999988e+01 -2.195286499999999918e+01 -2.171492320000000120e+01 -2.147707670000000135e+01 -2.123932489999999973e+01 -2.100166700000000120e+01 -2.076410230000000112e+01 -2.052663009999999844e+01 -2.028924939999999921e+01 -2.005195970000000116e+01 -1.981476019999999849e+01 -1.957765009999999961e+01 -1.934062869999999990e+01 -1.910369520000000065e+01 -1.886684879999999964e+01 -1.863008890000000051e+01
-9.251890030000000209e+00 -9.018050240000000883e+00 -8.784266730000000578e+00 -8.550538850000000579e+00 -8.316865950000000396e+00 -8.083247370000000487e+00 -7.849682470000000301e+00 -7.616170610000000174e+00 -7.382711160000000383e+00 -7.149303459999999610e+00 -6.915946909999999725e+00 -6.682640870000000177e+00 -6.449384720000000293e+00 -6.216177850000000227e+00 -5.983019640000000194e+00 -5.749909480000000350e+00 -5.516846769999999900e+00 -5.283830919999999765e+00 -5.050861320000000099e+00 -4.817937380000000047e+00 -4.585058530000000410e+00 -4.352224170000000392e+00 -4.119433729999999905e+00 -3.886686629999999809e+00 -3.653982309999999956e+00 -3.421320210000000195e+00 -3.188699750000000055e+00 -2.956120390000000153e+00 -2.723581579999999835e+00 -2.491082759999999841e+00 -2.258623399999999837e+00 -2.026202950000000058e+00 -1.793820879999999951e+00 -1.561476670000000011e+00 -1.329169779999999967e+00 -1.096899690000000094e+00 -8.646658950000000177e-01 -6.324678710000000148e-01 -4.003051109999999913e-01 -1.681771109999999902e-01 6.391663000000000205e-02 2.959766090000000016e-01 5.280033179999999993e-01 7.599972459999999597e-01 9.919588780000000439e-01 1.223888689999999890e+00 1.455787170000000019e+00 1.687654790000000071e+00 1.919491999999999976e+00 2.151299289999999864e+00
-3.036949600000000160e+01 -3.012776489999999896e+01 -2.988615610000000089e+01 -2.964466870000000043e+01 -2.940330189999999888e+01 -2.916205499999999873e+01 -2.892092699999999894e+01 -2.867991719999999845e+01 -2.843902489999999972e+01 -2.819824910000000173e+01 -2.795758920000000103e+01 -2.771704430000000130e+01 -2.747661370000000147e+01 -2.723629670000000047e+01 -2.699609230000000082e+01 -2.675599989999999906e+01 -2.651601880000000122e+01 -2.627614799999999917e+01 -2.603638700000000128e+01 -2.579673490000000058e+01 -2.555719089999999838e+01 -2.531775439999999833e+01 -2.507842450000000056e+01 -2.483920050000000046e+01 -2.460008159999999933e+01 -2.436106720000000081e+01 -2.412215640000000150e+01 -2.388334850000000031e+01 -2.364464279999999974e+01 -2.340603839999999991e+01 -2.316753470000000092e+01 -2.292913090000000054e+01 -2.269082620000000006e+01 -2.245261989999999841e+01 -2.221451130000000163e+01 -2.197649949999999919e+01 -2.173858389999999829e+01 -2.150076370000000026e+01 -2.126303809999999928e+01 -2.102540640000000138e+01 -2.078786780000000078e+01 -2.055042159999999996e+01 -2.031306710000000137e+01 -2.007580340000000163e+01 -1.983862990000000082e+01 -1.960154569999999907e+01 -1.936455020000000005e+01 -1.912764260000000149e+01 -1.889082210000000117e+01 -1.865408790000000039e+01
-9.268923369999999551e+00 -9.035098969999999952e+00 -8.801330789999999737e+00 -8.567618169999999367e+00 -8.333960469999999177e+00 -8.100357040000000453e+00 -7.866807220000000100e+00 -7.633310380000000173e+00 -7.399865870000000179e+00 -7.166473080000000273e+00 -6.933131359999999965e+00 -6.699840090000000359e+00 -6.466598649999999893e+00 -6.233406419999999670e+00 -6.000262799999999785e+00 -5.767167169999999565e+00 -5.534118929999999992e+00 -5.301117480000000270e+00 -5.068162230000000434e+00 -4.835252579999999689e+00 -4.602387959999999723e+00 -4.369567769999999740e+00 -4.136791449999999593e+00 -3.904058410000000201e+00 -3.671368100000000023e+00 -3.438719939999999919e+00 -3.206113370000000184e+00 -2.973547850000000103e+00 -2.741022819999999971e+00 -2.508537739999999960e+00 -2.276092049999999922e+00 -2.043685229999999908e+00 -1.811316740000000092e+00 -1.578986049999999919e+00 -1.346692640000000107e+00 -1.114435980000000104e+00 -8.822155630000000359e-01 -6.500308710000000101e-01 -4.178813960000000161e-01 -1.857666360000000128e-01 4.631391029999999687e-02 2.783607379999999965e-01 5.103743400000000374e-01 7.423552030000000190e-01 9.743038120000000468e-01 1.206220649999999894e+00 1.438106179999999901e+00 1.669960890000000031e+00 1.901785239999999932e+00 2.133579699999999857e+00
-3.037634029999999896e+01 -3.013461849999999842e+01 -2.989301890000000128e+01 -2.965154079999999936e+01 -2.941018319999999875e+01 -2.916894549999999953e+01 -2.892782670000000067e+01 -2.868682610000000111e+01 -2.844594289999999859e+01 -2.820517630000000153e+01 -2.796452560000000176e+01 -2.772398989999999941e+01 -2.748356839999999934e+01 -2.724326050000000166e+01 -2.700306529999999938e+01 -2.676298200000000094e+01 -2.652300999999999931e+01 -2.628314840000000174e+01 -2.604339639999999889e+01 -2.580375340000000151e+01 -2.556421860000000024e+01 -2.532479109999999878e+01 -2.508547030000000078e+01 -2.484625540000000044e+01 -2.460714559999999906e+01 -2.436814030000000031e+01 -2.412923849999999959e+01 -2.389043970000000172e+01 -2.365174299999999974e+01 -2.341314769999999967e+01 -2.317465299999999928e+01 -2.293625820000000104e+01 -2.269796249999999915e+01 -2.245976519999999965e+01 -2.222166560000000146e+01 -2.198366280000000117e+01 -2.174575610000000125e+01 -2.150794489999999826e+01 -2.127022819999999825e+01 -2.103260540000000134e+01 -2.079507579999999933e+01 -2.055763849999999948e+01 -2.032029289999999833e+01 -2.008303809999999956e+01 -1.984587339999999855e+01 -1.960879810000000134e+01 -1.937181139999999857e+01 -1.913491259999999983e+01 -1.889810089999999931e+01 -1.866137549999999834e+01
-9.270241990000000598e+00 -9.036417739999999199e+00 -8.802649710000000738e+00 -8.568937249999999395e+00 -8.335279710000000009e+00 -8.101676429999999485e+00 -7.868126769999999937e+00 -7.634630089999999925e+00 -7.401185749999999786e+00 -7.167793119999999796e+00 -6.934451560000000292e+00 -6.701160459999999652e+00 -6.467919189999999929e+00 -6.234727140000000389e+00 -6.001583690000000360e+00 -5.768488229999999994e+00 -5.535440170000000215e+00 -5.302438900000000288e+00 -5.069483830000000246e+00 -4.836574370000000123e+00 -4.603709929999999950e+00 -4.370889929999999701e+00 -4.138113790000000236e+00 -3.905380940000000134e+00 -3.672690810000000194e+00 -3.440042850000000207e+00 -3.207436480000000145e+00 -2.974871149999999798e+00 -2.742346309999999843e+00 -2.509861420000000010e+00 -2.277415940000000028e+00 -2.045009320000000130e+00 -1.812641029999999986e+00 -1.580310539999999930e+00 -1.348017330000000014e+00 -1.115760880000000066e+00 -8.835406670000000018e-01 -6.513561820000000058e-01 -4.192069170000000122e-01 -1.870923680000000089e-01 4.498796640000000263e-02 2.770345810000000020e-01 5.090479679999999618e-01 7.410286149999999461e-01 9.729770060000000331e-01 1.204893619999999999e+00 1.436778939999999949e+00 1.668633419999999923e+00 1.900457550000000051e+00 2.132251790000000202e+00
-3.036733100000000007e+01 -3.012560099999999963e+01 -2.988399319999999904e+01 -2.964250690000000077e+01 -2.940114110000000025e+01 -2.915989509999999996e+01 -2.891876810000000120e+01 -2.867775930000000173e+01 -2.843686789999999931e+01 -2.819609309999999880e+01 -2.795543410000000151e+01 -2.771489010000000164e+01 -2.747446040000000167e+01 -2.723414419999999936e+01 -2.699394069999999957e+01 -2.675384920000000122e+01 -2.651386889999999852e+01 -2.627399899999999988e+01 -2.603423869999999951e+01 -2.579458740000000105e+01 -2.555504420000000110e+01 -2.531560839999999857e+01 -2.507627929999999949e+01 -2.483705610000000163e+01 -2.459793799999999919e+01 -2.435892420000000058e+01 -2.412001409999999879e+01 -2.388120689999999868e+01 -2.364250189999999918e+01 -2.340389820000000043e+01 -2.316539510000000135e+01 -2.292699190000000087e+01 -2.268868790000000146e+01 -2.245048219999999972e+01 -2.221237419999999929e+01 -2.197436300000000031e+01 -2.173644799999999933e+01 -2.149862830000000002e+01 -2.126090329999999895e+01 -2.102327220000000096e+01 -2.078573420000000027e+01 -2.054828850000000173e+01 -2.031093449999999834e+01 -2.007367139999999850e+01 -1.983649829999999881e+01 -1.959941470000000052e+01 -1.936241970000000023e+01 -1.912551249999999925e+01 -1.888869250000000122e+01 -1.865195879999999917e+01
-9.255830559999999707e+00 -9.021991200000000433e+00 -8.788208129999999230e+00 -8.554480699999999160e+00 -8.320808259999999734e+00 -8.087190140000000582e+00 -7.853625710000000204e+00 -7.620114329999999825e+00 -7.386655349999999842e+00 -7.153248139999999644e+00 -6.919892080000000334e+00 -6.686586529999999584e+00 -6.453330890000000153e+00 -6.220124519999999713e+00 -5.986966820000000133e+00 -5.753857179999999794e+00 -5.520794999999999675e+00 -5.287779669999999932e+00 -5.054810599999999710e+00 -4.821887199999999929e+00 -4.589008889999999674e+00 -4.356175079999999866e+00 -4.123385189999999589e+00 -3.890638650000000087e+00 -3.657934899999999878e+00 -3.425273359999999823e+00 -3.192653480000000155e+00 -2.960074689999999897e+00 -2.727536460000000051e+00 -2.495038230000000024e+00 -2.262579459999999987e+00 -2.030159600000000175e+00 -1.797778139999999913e+00 -1.565434530000000102e+00 -1.333128249999999904e+00 -1.100858770000000098e+00 -8.686255939999999454e-01 -6.364281920000000037e-01 -4.042660590000000109e-01 -1.721386890000000114e-01 5.995441669999999890e-02 2.920137560000000132e-01 5.240398219999999885e-01 7.560331019999999569e-01 9.879940830000000229e-01 1.219923239999999964e+00 1.451821060000000108e+00 1.683688010000000013e+00 1.915524559999999932e+00 2.147331180000000117e+00
-3.034248990000000035e+01 -3.010073380000000043e+01 -2.985910000000000153e+01 -2.961758770000000140e+01 -2.937619589999999903e+01 -2.913492400000000160e+01 -2.889377109999999860e+01 -2.865273639999999844e+01 -2.841181909999999888e+01 -2.817101840000000124e+01 -2.793033349999999970e+01 -2.768976370000000031e+01 -2.744930809999999965e+01 -2.720896610000000138e+01 -2.696873679999999851e+01 -2.672861939999999947e+01 -2.648861330000000081e+01 -2.624871759999999909e+01 -2.600893149999999920e+01 -2.576925440000000123e+01 -2.552968540000000175e+01 -2.529022390000000087e+01 -2.505086890000000110e+01 -2.481161990000000017e+01 -2.457247609999999938e+01 -2.433343659999999886e+01 -2.409450070000000110e+01 -2.385566779999999909e+01 -2.361693700000000007e+01 -2.337830759999999941e+01 -2.313977879999999843e+01 -2.290135000000000076e+01 -2.266302029999999945e+01 -2.242478889999999936e+01 -2.218665530000000174e+01 -2.194861849999999848e+01 -2.171067790000000031e+01 -2.147283260000000027e+01 -2.123508209999999963e+01 -2.099742540000000091e+01 -2.075986190000000065e+01 -2.052239069999999899e+01 -2.028501130000000074e+01 -2.004772270000000134e+01 -1.981052430000000086e+01 -1.957341530000000063e+01 -1.933639499999999956e+01 -1.909946259999999896e+01 -1.886261730000000014e+01 -1.862585839999999848e+01
-9.225696040000000764e+00 -8.991826279999999727e+00 -8.758012949999999464e+00 -8.524255370000000553e+00 -8.290552910000000608e+00 -8.056904910000000086e+00 -7.823310730000000213e+00 -7.589769719999999609e+00 -7.356281240000000388e+00 -7.122844660000000161e+00 -6.889459360000000032e+00 -6.656124700000000338e+00 -6.422840060000000406e+00 -6.189604830000000391e+00 -5.956418399999999558e+00 -5.723280149999999900e+00 -5.490189479999999733e+00 -5.257145790000000041e+00 -5.024148480000000028e+00 -4.791196959999999727e+00 -4.558290649999999999e+00 -4.325428959999999989e+00 -4.092611319999999608e+00 -3.859837140000000222e+00 -3.627105859999999904e+00 -3.394416909999999898e+00 -3.161769739999999995e+00 -2.929163780000000106e+00 -2.696598470000000081e+00 -2.464073289999999972e+00 -2.231587670000000134e+00 -1.999141070000000076e+00 -1.766732980000000008e+00 -1.534362840000000006e+00 -1.302030129999999897e+00 -1.069734339999999895e+00 -8.374749379999999466e-01 -6.052514140000000431e-01 -3.730632569999999815e-01 -1.409099600000000008e-01 9.120897990000000066e-02 3.232940599999999942e-01 5.553457750000000415e-01 7.873646149999999899e-01 1.019351069999999915e+00 1.251305609999999957e+00 1.483228729999999995e+00 1.715120900000000059e+00 1.946982589999999957e+00 2.178814259999999781e+00
-3.030185709999999943e+01 -3.006005749999999921e+01 -2.981838030000000117e+01 -2.957682450000000074e+01 -2.933538940000000039e+01 -2.909407420000000144e+01 -2.885287789999999930e+01 -2.861179990000000117e+01 -2.837083940000000126e+01 -2.812999539999999854e+01 -2.788926730000000020e+01 -2.764865430000000046e+01 -2.740815549999999945e+01 -2.716777030000000082e+01 -2.692749780000000115e+01 -2.668733720000000176e+01 -2.644728789999999918e+01 -2.620734900000000067e+01 -2.596751980000000160e+01 -2.572779949999999971e+01 -2.548818729999999988e+01 -2.524868259999999864e+01 -2.500928460000000086e+01 -2.476999239999999958e+01 -2.453080539999999843e+01 -2.429172279999999873e+01 -2.405274379999999823e+01 -2.381386780000000059e+01 -2.357509389999999883e+01 -2.333642139999999898e+01 -2.309784959999999998e+01 -2.285937769999999958e+01 -2.262100500000000025e+01 -2.238273059999999859e+01 -2.214455399999999941e+01 -2.190647429999999929e+01 -2.166849069999999955e+01 -2.143060260000000028e+01 -2.119280919999999924e+01 -2.095510970000000128e+01 -2.071750339999999824e+01 -2.047998959999999968e+01 -2.024256739999999866e+01 -2.000523619999999880e+01 -1.976799520000000143e+01 -1.953084369999999836e+01 -1.929378090000000157e+01 -1.905680600000000169e+01 -1.881991839999999883e+01 -1.858311730000000139e+01
-9.179857000000000156e+00 -8.945941409999999649e+00 -8.712082439999999650e+00 -8.478279419999999789e+00 -8.244531699999999574e+00 -8.010838630000000293e+00 -7.777199569999999618e+00 -7.543613869999999721e+00 -7.310080890000000053e+00 -7.076600009999999941e+00 -6.843170579999999781e+00 -6.609791979999999789e+00 -6.376463600000000120e+00 -6.143184810000000162e+00 -5.909955000000000069e+00 -5.676773559999999996e+00 -5.443639880000000097e+00 -5.210553370000000406e+00 -4.977513420000000188e+00 -4.744519440000000365e+00 -4.511570850000000021e+00 -4.278667060000000077e+00 -4.045807489999999618e+00 -3.812991559999999946e+00 -3.580218700000000087e+00 -3.347488349999999890e+00 -3.114799930000000217e+00 -2.882152909999999846e+00 -2.649546700000000143e+00 -2.416980779999999829e+00 -2.184454590000000085e+00 -1.951967589999999975e+00 -1.719519239999999893e+00 -1.487109009999999953e+00 -1.254736370000000045e+00 -1.022400790000000059e+00 -7.901017510000000188e-01 -5.578387420000000541e-01 -3.256112460000000208e-01 -9.341875419999999541e-02 1.387392379999999870e-01 3.708632310000000154e-01 6.029537219999999698e-01 8.350112029999999796e-01 1.067036160000000011e+00 1.299029090000000108e+00 1.530990459999999942e+00 1.762920749999999925e+00 1.994820440000000028e+00 2.226690000000000058e+00
-3.024548550000000091e+01 -3.000362489999999838e+01 -2.976188660000000041e+01 -2.952027000000000001e+01 -2.927877399999999852e+01 -2.903739789999999843e+01 -2.879614090000000104e+01 -2.855500220000000056e+01 -2.831398090000000067e+01 -2.807307630000000032e+01 -2.783228760000000079e+01 -2.759161399999999986e+01 -2.735105469999999883e+01 -2.711060880000000139e+01 -2.687027580000000171e+01 -2.663005469999999875e+01 -2.638994489999999971e+01 -2.614994550000000118e+01 -2.591005579999999853e+01 -2.567027500000000018e+01 -2.543060240000000150e+01 -2.519103720000000024e+01 -2.495157869999999889e+01 -2.471222609999999875e+01 -2.447297860000000114e+01 -2.423383559999999903e+01 -2.399479619999999969e+01 -2.375585979999999964e+01 -2.351702560000000020e+01 -2.327829270000000150e+01 -2.303966060000000127e+01 -2.280112839999999963e+01 -2.256269539999999907e+01 -2.232436080000000089e+01 -2.208612390000000048e+01 -2.184798400000000029e+01 -2.160994039999999927e+01 -2.137199220000000111e+01 -2.113413870000000117e+01 -2.089637919999999838e+01 -2.065871299999999877e+01 -2.042113930000000011e+01 -2.018365730000000013e+01 -1.994626630000000134e+01 -1.970896570000000025e+01 -1.947175449999999941e+01 -1.923463220000000007e+01 -1.899759780000000120e+01 -1.876065080000000052e+01 -1.852379039999999932e+01
-9.118350069999999974e+00 -8.884373070000000538e+00 -8.650452930000000151e+00 -8.416588989999999271e+00 -8.182780590000000132e+00 -7.949027090000000406e+00 -7.715327850000000431e+00 -7.481682209999999777e+00 -7.248089539999999609e+00 -7.014549210000000201e+00 -6.781060590000000055e+00 -6.547623040000000394e+00 -6.314235949999999598e+00 -6.080898699999999657e+00 -5.847610669999999899e+00 -5.614371249999999591e+00 -5.381179839999999714e+00 -5.148035830000000423e+00 -4.914938629999999975e+00 -4.681887630000000300e+00 -4.448882260000000421e+00 -4.215921920000000434e+00 -3.983006029999999864e+00 -3.750134019999999957e+00 -3.517305309999999796e+00 -3.284519330000000181e+00 -3.051775510000000136e+00 -2.819073309999999832e+00 -2.586412150000000132e+00 -2.353791489999999875e+00 -2.121210780000000184e+00 -1.888669469999999961e+00 -1.656167020000000045e+00 -1.423702910000000044e+00 -1.191276589999999969e+00 -9.588875340000000413e-01 -7.265352259999999784e-01 -4.942191430000000274e-01 -2.619387690000000157e-01 -2.969359319999999997e-02 2.025168930000000034e-01 4.346931920000000060e-01 6.668358049999999482e-01 8.989452270000000134e-01 1.131021950000000054e+00 1.363066459999999980e+00 1.595079249999999949e+00 1.827060780000000051e+00 2.059011550000000135e+00 2.290932020000000069e+00
-3.017343479999999900e+01 -2.993149550000000048e+01 -2.968967879999999937e+01 -2.944798370000000176e+01 -2.920640939999999830e+01 -2.896495510000000095e+01 -2.872361989999999921e+01 -2.848240309999999909e+01 -2.824130380000000073e+01 -2.800032119999999836e+01 -2.775945450000000037e+01 -2.751870299999999858e+01 -2.727806580000000025e+01 -2.703754220000000075e+01 -2.679713130000000021e+01 -2.655683249999999873e+01 -2.631664490000000001e+01 -2.607656769999999824e+01 -2.583660030000000063e+01 -2.559674190000000138e+01 -2.535699160000000063e+01 -2.511734870000000086e+01 -2.487781259999999861e+01 -2.463838240000000113e+01 -2.439905729999999906e+01 -2.415983669999999961e+01 -2.392071980000000053e+01 -2.368170590000000075e+01 -2.344279410000000041e+01 -2.320398379999999960e+01 -2.296527419999999964e+01 -2.272666449999999827e+01 -2.248815409999999915e+01 -2.224974220000000003e+01 -2.201142809999999983e+01 -2.177321089999999870e+01 -2.153509000000000029e+01 -2.129706459999999879e+01 -2.105913410000000141e+01 -2.082129750000000001e+01 -2.058355429999999942e+01 -2.034590370000000092e+01 -2.010834489999999874e+01 -1.987087719999999891e+01 -1.963349979999999917e+01 -1.939621209999999962e+01 -1.915901320000000041e+01 -1.892190250000000162e+01 -1.868487920000000102e+01 -1.844794249999999991e+01
-9.041236140000000532e+00 -8.807181959999999421e+00 -8.573184930000000037e+00 -8.339244400000000113e+00 -8.105359710000000106e+00 -7.871530230000000294e+00 -7.637755290000000308e+00 -7.404034260000000423e+00 -7.170366510000000027e+00 -6.936751390000000406e+00 -6.703188270000000060e+00 -6.469676530000000092e+00 -6.236215549999999830e+00 -6.002804700000000437e+00 -5.769443380000000232e+00 -5.536130960000000378e+00 -5.302866840000000082e+00 -5.069650420000000324e+00 -4.836481100000000311e+00 -4.603358280000000136e+00 -4.370281369999999832e+00 -4.137249780000000321e+00 -3.904262929999999798e+00 -3.671320240000000013e+00 -3.438421139999999987e+00 -3.205565050000000138e+00 -2.972751399999999933e+00 -2.739979640000000050e+00 -2.507249199999999956e+00 -2.274559529999999885e+00 -2.041910080000000072e+00 -1.809300289999999922e+00 -1.576729639999999932e+00 -1.344197569999999953e+00 -1.111703560000000035e+00 -8.792470719999999629e-01 -6.468275799999999576e-01 -4.144445609999999891e-01 -1.820974979999999965e-01 5.021412410000000021e-02 2.824908170000000052e-01 5.147330869999999781e-01 7.469414380000000131e-01 9.791163680000000147e-01 1.211258369999999918e+00 1.443367950000000066e+00 1.675445569999999940e+00 1.907491739999999991e+00 2.139506920000000090e+00 2.371491600000000144e+00
-3.008580919999999992e+01 -2.984377369999999985e+01 -2.960186089999999837e+01 -2.936006989999999917e+01 -2.911839979999999883e+01 -2.887684989999999985e+01 -2.863541920000000118e+01 -2.839410690000000059e+01 -2.815291230000000056e+01 -2.791183440000000004e+01 -2.767087259999999915e+01 -2.743002590000000041e+01 -2.718929370000000034e+01 -2.694867500000000149e+01 -2.670816920000000039e+01 -2.646777549999999835e+01 -2.622749299999999906e+01 -2.598732100000000145e+01 -2.574725880000000089e+01 -2.550730550000000108e+01 -2.526746049999999855e+01 -2.502772290000000055e+01 -2.478809199999999890e+01 -2.454856709999999964e+01 -2.430914740000000052e+01 -2.406983220000000046e+01 -2.383062059999999960e+01 -2.359151209999999921e+01 -2.335250569999999826e+01 -2.311360090000000156e+01 -2.287479679999999860e+01 -2.263609269999999896e+01 -2.239748790000000156e+01 -2.215898160000000061e+01 -2.192057300000000097e+01 -2.168226160000000036e+01 -2.144404649999999890e+01 -2.120592690000000147e+01 -2.096790220000000105e+01 -2.072997159999999894e+01 -2.049213440000000119e+01 -2.025438979999999844e+01 -2.001673720000000145e+01 -1.977917569999999969e+01 -1.954170470000000037e+01 -1.930432340000000124e+01 -1.906703110000000123e+01 -1.882982700000000165e+01 -1.859271040000000141e+01 -1.835568059999999946e+01
-8.948592180000000340e+00 -8.714444880000000282e+00 -8.480355069999999884e+00 -8.246322100000000432e+00 -8.012345319999999660e+00 -7.778424089999999680e+00 -7.544557750000000063e+00 -7.310745670000000196e+00 -7.076987210000000417e+00 -6.843281730000000174e+00 -6.609628609999999682e+00 -6.376027210000000167e+00 -6.142476910000000068e+00 -5.908977100000000426e+00 -5.675527159999999682e+00 -5.442126459999999888e+00 -5.208774420000000127e+00 -4.975470419999999727e+00 -4.742213849999999731e+00 -4.509004140000000049e+00 -4.275840670000000010e+00 -4.042722870000000412e+00 -3.809650140000000018e+00 -3.576621910000000071e+00 -3.343637600000000099e+00 -3.110696630000000074e+00 -2.877798429999999907e+00 -2.644942449999999834e+00 -2.412128120000000209e+00 -2.179354870000000055e+00 -1.946622169999999930e+00 -1.713929449999999965e+00 -1.481276180000000053e+00 -1.248661800000000044e+00 -1.016085789999999989e+00 -7.835476059999999521e-01 -5.510467209999999616e-01 -3.185826099999999883e-01 -8.615474950000000243e-02 1.462373780000000012e-01 3.785942880000000010e-01 6.109164889999999515e-01 8.432044890000000015e-01 1.075458790000000109e+00 1.307679889999999956e+00 1.539868290000000028e+00 1.772024480000000013e+00 2.004148939999999879e+00 2.236242160000000201e+00 2.468304630000000000e+00
-2.998271370000000147e+01 -2.974056429999999906e+01 -2.949853789999999876e+01 -2.925663349999999951e+01 -2.901485020000000148e+01 -2.877318719999999885e+01 -2.853164359999999888e+01 -2.829021859999999933e+01 -2.804891130000000032e+01 -2.780772100000000080e+01 -2.756664680000000089e+01 -2.732568789999999836e+01 -2.708484340000000046e+01 -2.684411270000000016e+01 -2.660349480000000000e+01 -2.636298910000000006e+01 -2.612259470000000050e+01 -2.588231090000000023e+01 -2.564213679999999940e+01 -2.540207180000000164e+01 -2.516211510000000118e+01 -2.492226580000000169e+01 -2.468252329999999972e+01 -2.444288680000000014e+01 -2.420335550000000069e+01 -2.396392870000000030e+01 -2.372460560000000029e+01 -2.348538560000000075e+01 -2.324626779999999826e+01 -2.300725149999999886e+01 -2.276833600000000146e+01 -2.252952060000000145e+01 -2.229080439999999896e+01 -2.205218680000000120e+01 -2.181366709999999998e+01 -2.157524450000000016e+01 -2.133691819999999950e+01 -2.109868760000000165e+01 -2.086055190000000081e+01 -2.062251039999999946e+01 -2.038456229999999891e+01 -2.014670699999999925e+01 -1.990894360000000063e+01 -1.967127149999999958e+01 -1.943368999999999858e+01 -1.919619820000000132e+01 -1.895879559999999842e+01 -1.872148130000000066e+01 -1.848425459999999987e+01 -1.824711489999999969e+01
-8.840490190000000581e+00 -8.606233630000000190e+00 -8.372034940000000702e+00 -8.137893480000000679e+00 -7.903808589999999690e+00 -7.669779639999999787e+00 -7.435805969999999654e+00 -7.201886939999999626e+00 -6.968021919999999980e+00 -6.734210280000000104e+00 -6.500451380000000334e+00 -6.266744599999999998e+00 -6.033089320000000200e+00 -5.799484910000000326e+00 -5.565930759999999644e+00 -5.332426250000000145e+00 -5.098970790000000086e+00 -4.865563749999999743e+00 -4.632204549999999976e+00 -4.398892580000000052e+00 -4.165627259999999943e+00 -3.932407979999999803e+00 -3.699234160000000049e+00 -3.466105220000000209e+00 -3.233020590000000194e+00 -2.999979670000000098e+00 -2.766981920000000095e+00 -2.534026750000000217e+00 -2.301113599999999870e+00 -2.068241920000000178e+00 -1.835411139999999941e+00 -1.602620719999999999e+00 -1.369870099999999979e+00 -1.137158749999999996e+00 -9.044861140000000077e-01 -6.718516650000000423e-01 -4.392548669999999933e-01 -2.066951919999999998e-01 2.582788750000000050e-02 2.583148920000000182e-01 4.907663389999999959e-01 7.231827440000000440e-01 9.555646159999999778e-01 1.187912459999999948e+00 1.420226790000000072e+00 1.652508080000000046e+00 1.884756859999999978e+00 2.116973590000000183e+00 2.349158779999999780e+00 2.581312899999999910e+00
-2.986422230000000155e+01 -2.962194119999999842e+01 -2.937978340000000088e+01 -2.913774779999999964e+01 -2.889583370000000073e+01 -2.865404020000000074e+01 -2.841236629999999863e+01 -2.817081119999999927e+01 -2.792937399999999926e+01 -2.768805400000000105e+01 -2.744685020000000009e+01 -2.720576189999999883e+01 -2.696478820000000098e+01 -2.672392830000000075e+01 -2.648318150000000060e+01 -2.624254690000000068e+01 -2.600202369999999874e+01 -2.576161109999999965e+01 -2.552130839999999878e+01 -2.528111489999999861e+01 -2.504102960000000166e+01 -2.480105190000000093e+01 -2.456118100000000126e+01 -2.432141620000000160e+01 -2.408175659999999851e+01 -2.384220159999999922e+01 -2.360275040000000146e+01 -2.336340219999999945e+01 -2.312415640000000039e+01 -2.288501210000000086e+01 -2.264596859999999978e+01 -2.240702519999999964e+01 -2.216818119999999936e+01 -2.192943580000000026e+01 -2.169078830000000124e+01 -2.145223790000000008e+01 -2.121378400000000042e+01 -2.097542580000000001e+01 -2.073716250000000016e+01 -2.049899350000000098e+01 -2.026091810000000137e+01 -2.002293540000000149e+01 -1.978504489999999905e+01 -1.954724560000000011e+01 -1.930953710000000001e+01 -1.907191840000000127e+01 -1.883438890000000043e+01 -1.859694789999999998e+01 -1.835959469999999882e+01 -1.812232849999999829e+01
-8.717100200000000854e+00 -8.482718320000000034e+00 -8.248394740000000169e+00 -8.014128780000000063e+00 -7.779919819999999930e+00 -7.545767210000000169e+00 -7.311670290000000350e+00 -7.077628449999999738e+00 -6.843641029999999681e+00 -6.609707410000000394e+00 -6.375826960000000376e+00 -6.141999059999999844e+00 -5.908223070000000021e+00 -5.674498390000000114e+00 -5.440824400000000338e+00 -5.207200480000000020e+00 -4.973626030000000142e+00 -4.740100430000000031e+00 -4.506623099999999660e+00 -4.273193430000000070e+00 -4.039810819999999580e+00 -3.806474689999999939e+00 -3.573184449999999845e+00 -3.339939509999999778e+00 -3.106739290000000153e+00 -2.873583219999999994e+00 -2.640470730000000099e+00 -2.407401239999999998e+00 -2.174374189999999984e+00 -1.941389009999999971e+00 -1.708445159999999907e+00 -1.475542069999999928e+00 -1.242679190000000045e+00 -1.009855979999999986e+00 -7.770718930000000135e-01 -5.443263900000000488e-01 -3.116189340000000141e-01 -7.894899340000000043e-02 1.536839600000000083e-01 3.862804519999999964e-01 6.188410039999999723e-01 8.513661319999999977e-01 1.083856350000000024e+00 1.316312170000000004e+00 1.548734099999999891e+00 1.781122639999999979e+00 2.013478290000000115e+00 2.245801539999999985e+00 2.478092890000000104e+00 2.710352830000000157e+00
-2.973047629999999941e+01 -2.948804529999999957e+01 -2.924573810000000051e+01 -2.900355349999999888e+01 -2.876149080000000069e+01 -2.851954900000000137e+01 -2.827772720000000106e+01 -2.803602449999999990e+01 -2.779444009999999921e+01 -2.755297300000000149e+01 -2.731162249999999858e+01 -2.707038760000000011e+01 -2.682926750000000027e+01 -2.658826150000000155e+01 -2.634736870000000053e+01 -2.610658820000000091e+01 -2.586591939999999923e+01 -2.562536130000000156e+01 -2.538491319999999973e+01 -2.514457439999999977e+01 -2.490434390000000064e+01 -2.466422120000000007e+01 -2.442420530000000056e+01 -2.418429559999999867e+01 -2.394449120000000164e+01 -2.370479140000000129e+01 -2.346519550000000010e+01 -2.322570280000000054e+01 -2.298631239999999920e+01 -2.274702359999999857e+01 -2.250783570000000111e+01 -2.226874790000000104e+01 -2.202975959999999844e+01 -2.179087000000000174e+01 -2.155207830000000158e+01 -2.131338390000000160e+01 -2.107478589999999841e+01 -2.083628369999999919e+01 -2.059787659999999931e+01 -2.035956380000000010e+01 -2.012134460000000047e+01 -1.988321829999999935e+01 -1.964518419999999921e+01 -1.940724150000000137e+01 -1.916938950000000119e+01 -1.893162759999999878e+01 -1.869395490000000137e+01 -1.845637089999999958e+01 -1.821887470000000064e+01 -1.798146570000000111e+01
-8.578493789999999564e+00 -8.343970320000000385e+00 -8.109505580000000435e+00 -7.875098920000000113e+00 -7.640749679999999877e+00 -7.406457230000000003e+00 -7.172220929999999939e+00 -6.938040149999999961e+00 -6.703914250000000408e+00 -6.469842589999999838e+00 -6.235824570000000122e+00 -6.001859539999999882e+00 -5.767946890000000160e+00 -5.534086000000000283e+00 -5.300276260000000406e+00 -5.066517059999999795e+00 -4.832807790000000381e+00 -4.599147839999999654e+00 -4.365536620000000312e+00 -4.131973519999999844e+00 -3.898457950000000061e+00 -3.664989310000000167e+00 -3.431567030000000074e+00 -3.198190519999999815e+00 -2.964859189999999867e+00 -2.731572480000000080e+00 -2.498329790000000106e+00 -2.265130570000000176e+00 -2.031974250000000204e+00 -1.798860260000000100e+00 -1.565788039999999937e+00 -1.332757039999999948e+00 -1.099766709999999925e+00 -8.668164919999999940e-01 -6.339058440000000516e-01 -4.010342230000000230e-01 -1.682010919999999965e-01 6.459408490000000114e-02 2.973518390000000067e-01 5.300726970000000371e-01 7.627571850000000042e-01 9.954058220000000512e-01 1.228019130000000070e+00 1.460597609999999991e+00 1.693141790000000091e+00 1.925652160000000057e+00 2.158129230000000121e+00 2.390573499999999907e+00 2.622985470000000152e+00 2.855365620000000160e+00
-2.958066099999999921e+01 -2.933806470000000033e+01 -2.909559259999999981e+01 -2.885324380000000133e+01 -2.861101730000000032e+01 -2.836891209999999930e+01 -2.812692729999999841e+01 -2.788506209999999896e+01 -2.764331539999999876e+01 -2.740168639999999911e+01 -2.716017420000000016e+01 -2.691877789999999848e+01 -2.667749669999999895e+01 -2.643632970000000171e+01 -2.619527619999999857e+01 -2.595433510000000155e+01 -2.571350580000000008e+01 -2.547278740000000141e+01 -2.523217909999999975e+01 -2.499168020000000112e+01 -2.475128970000000095e+01 -2.451100699999999932e+01 -2.427083130000000111e+01 -2.403076180000000051e+01 -2.379079760000000121e+01 -2.355093809999999976e+01 -2.331118259999999864e+01 -2.307153010000000037e+01 -2.283198009999999911e+01 -2.259253169999999855e+01 -2.235318420000000117e+01 -2.211393689999999879e+01 -2.187478899999999982e+01 -2.163573990000000080e+01 -2.139678860000000071e+01 -2.115793469999999843e+01 -2.091917720000000003e+01 -2.068051559999999967e+01 -2.044194900000000104e+01 -2.020347680000000068e+01 -1.996509819999999991e+01 -1.972681250000000119e+01 -1.948861899999999991e+01 -1.925051709999999972e+01 -1.901250590000000074e+01 -1.877458479999999952e+01 -1.853675300000000092e+01 -1.829900990000000149e+01 -1.806135480000000015e+01 -1.782378690000000176e+01
-8.424845200000000034e+00 -8.190164129999999432e+00 -7.955542229999999826e+00 -7.720978859999999777e+00 -7.486473369999999683e+00 -7.252025119999999880e+00 -7.017633489999999696e+00 -6.783297830000000417e+00 -6.549017530000000420e+00 -6.314791940000000103e+00 -6.080620459999999561e+00 -5.846502450000000017e+00 -5.612437299999999851e+00 -5.378424390000000166e+00 -5.144463120000000167e+00 -4.910552860000000130e+00 -4.676693030000000029e+00 -4.442883000000000138e+00 -4.209122179999999602e+00 -3.975409979999999788e+00 -3.741745799999999900e+00 -3.508129049999999971e+00 -3.274559140000000035e+00 -3.041035490000000063e+00 -2.807557520000000029e+00 -2.574124649999999903e+00 -2.340736310000000042e+00 -2.107391919999999974e+00 -1.874090910000000054e+00 -1.640832730000000073e+00 -1.407616809999999941e+00 -1.174442599999999892e+00 -9.413095329999999761e-01 -7.082170679999999496e-01 -4.751646560000000186e-01 -2.421517519999999979e-01 -9.177816030000000846e-03 2.237576890000000096e-01 4.566552970000000156e-01 6.895155370000000117e-01 9.223389370000000254e-01 1.155126019999999976e+00 1.387877309999999920e+00 1.620593310000000065e+00 1.853274550000000076e+00 2.085921529999999802e+00 2.318534749999999978e+00 2.551114730000000108e+00 2.783661959999999880e+00 3.016176929999999867e+00
-2.941531459999999853e+01 -2.917253499999999988e+01 -2.892988049999999944e+01 -2.868734999999999857e+01 -2.844494239999999863e+01 -2.820265679999999975e+01 -2.796049209999999974e+01 -2.771844749999999991e+01 -2.747652199999999922e+01 -2.723471460000000022e+01 -2.699302439999999947e+01 -2.675145050000000069e+01 -2.650999200000000044e+01 -2.626864810000000006e+01 -2.602741789999999966e+01 -2.578630049999999940e+01 -2.554529499999999942e+01 -2.530440069999999864e+01 -2.506361670000000075e+01 -2.482294219999999996e+01 -2.458237640000000113e+01 -2.434191840000000084e+01 -2.410156750000000159e+01 -2.386132290000000111e+01 -2.362118389999999835e+01 -2.338114949999999936e+01 -2.314121919999999832e+01 -2.290139200000000130e+01 -2.266166730000000129e+01 -2.242204429999999959e+01 -2.218252229999999869e+01 -2.194310039999999873e+01 -2.170377810000000096e+01 -2.146455440000000081e+01 -2.122542879999999954e+01 -2.098640040000000084e+01 -2.074746850000000009e+01 -2.050863250000000093e+01 -2.026989160000000112e+01 -2.003124499999999841e+01 -1.979269210000000001e+01 -1.955423220000000128e+01 -1.931586449999999999e+01 -1.907758839999999978e+01 -1.883940300000000079e+01 -1.860130780000000073e+01 -1.836330200000000090e+01 -1.812538490000000024e+01 -1.788755589999999884e+01 -1.764981410000000039e+01
-6.426964469999999707e+00 -6.192855370000000192e+00 -5.958799599999999863e+00 -5.724796549999999762e+00 -5.490845590000000165e+00 -5.256946120000000278e+00 -5.023097530000000255e+00 -4.789299200000000312e+00 -4.555550529999999654e+00 -4.321850930000000091e+00 -4.088199790000000000e+00 -3.854596519999999860e+00 -3.621040530000000146e+00 -3.387531239999999944e+00 -3.154068039999999851e+00 -2.920650380000000101e+00 -2.687277669999999841e+00 -2.453949329999999929e+00 -2.220664789999999833e+00 -1.987423500000000010e+00 -1.754224870000000047e+00 -1.521068370000000058e+00 -1.287953410000000076e+00 -1.054879469999999930e+00 -8.218459719999999802e-01 -5.888523869999999771e-01 -3.558981669999999875e-01 -1.229827740000000030e-01 1.098943289999999989e-01 3.427336730000000165e-01 5.755357869999999654e-01 8.083011970000000268e-01 1.041030420000000012e+00 1.273723979999999978e+00 1.506382389999999960e+00 1.739006159999999968e+00 1.971595800000000009e+00 2.204151819999999873e+00 2.436674700000000193e+00 2.669164959999999809e+00 2.901623079999999799e+00 3.134049549999999851e+00 3.366444870000000034e+00 3.598809510000000156e+00 3.831143959999999904e+00 4.063448700000000358e+00 4.295724189999999609e+00 4.527970899999999688e+00 4.760189320000000279e+00 4.992379889999999598e+00
-3.150778899999999894e+01 -3.126403339999999886e+01 -3.102041170000000037e+01 -3.077692259999999891e+01 -3.053356510000000057e+01 -3.029033790000000081e+01 -3.004723990000000100e+01 -2.980427010000000010e+01 -2.956142729999999830e+01 -2.931871050000000167e+01 -2.909660990000000069e+01 -2.885413099999999886e+01 -2.861177509999999913e+01 -2.836954120000000046e+01 -2.812742839999999944e+01 -2.788543569999999860e+01 -2.764356210000000047e+01 -2.740180679999999924e+01 -2.716016880000000100e+01 -2.691864729999999994e+01 -2.667724129999999860e+01 -2.643594999999999828e+01 -2.619477249999999913e+01 -2.595370810000000006e+01 -2.571275569999999888e+01 -2.547191460000000163e+01 -2.523118410000000011e+01 -2.499056320000000042e+01 -2.475005110000000030e+01 -2.450964719999999986e+01 -2.426935050000000160e+01 -2.402916030000000092e+01 -2.378907579999999911e+01 -2.354909620000000103e+01 -2.330922089999999969e+01 -2.306944890000000115e+01 -2.282977959999999840e+01 -2.259021219999999985e+01 -2.235074589999999972e+01 -2.211138010000000165e+01 -2.187211399999999983e+01 -2.163294670000000153e+01 -2.139387770000000089e+01 -2.115490619999999922e+01 -2.091603140000000138e+01 -2.067725259999999921e+01 -2.043856909999999871e+01 -2.019998019999999883e+01 -1.996148519999999849e+01 -1.972308329999999899e+01
-6.572749120000000111e+00 -6.338785950000000113e+00 -6.104875640000000381e+00 -5.871017590000000119e+00 -5.637211180000000432e+00 -5.403455779999999820e+00 -5.169750790000000151e+00 -4.936095589999999866e+00 -4.702489589999999886e+00 -4.468932180000000365e+00 -4.235422769999999559e+00 -4.001960750000000289e+00 -3.768545539999999860e+00 -3.535176540000000145e+00 -3.301853180000000165e+00 -3.068574879999999894e+00 -2.835341049999999807e+00 -2.602151119999999818e+00 -2.369004530000000219e+00 -2.135900700000000096e+00 -1.902839079999999905e+00 -1.669819100000000001e+00 -1.436840209999999951e+00 -1.203901850000000051e+00 -9.710034859999999712e-01 -7.381445629999999758e-01 -5.053245419999999877e-01 -2.725428859999999842e-01 -3.979906130000000070e-02 1.929074620000000018e-01 4.255772110000000108e-01 6.582107080000000332e-01 8.908084729999999896e-01 1.123371019999999998e+00 1.355898870000000089e+00 1.588392510000000035e+00 1.820852469999999945e+00 2.053279240000000172e+00 2.285673309999999958e+00 2.518035189999999979e+00 2.750365359999999981e+00 2.982664310000000096e+00 3.214932530000000011e+00 3.447170489999999976e+00 3.679378670000000184e+00 3.911557549999999939e+00 4.143707599999999935e+00 4.375829279999999599e+00 4.607923050000000131e+00 4.839989379999999564e+00
-3.166381709999999927e+01 -3.142024500000000131e+01 -3.117680550000000039e+01 -3.093349759999999904e+01 -3.069032010000000099e+01 -3.044727190000000050e+01 -3.020435200000000009e+01 -2.996155939999999873e+01 -2.971889290000000017e+01 -2.949685600000000107e+01 -2.925442819999999955e+01 -2.901212370000000007e+01 -2.876994159999999923e+01 -2.852788100000000071e+01 -2.828594079999999877e+01 -2.804412029999999945e+01 -2.780241850000000170e+01 -2.756083449999999857e+01 -2.731936749999999847e+01 -2.707801660000000155e+01 -2.683678090000000083e+01 -2.659565960000000118e+01 -2.635465190000000035e+01 -2.611375689999999850e+01 -2.587297380000000047e+01 -2.563230190000000164e+01 -2.539174029999999860e+01 -2.515128819999999976e+01 -2.491094479999999933e+01 -2.467070950000000096e+01 -2.443058119999999889e+01 -2.419055940000000149e+01 -2.395064329999999941e+01 -2.371083199999999991e+01 -2.347112489999999951e+01 -2.323152109999999837e+01 -2.299201989999999896e+01 -2.275262070000000136e+01 -2.251332259999999863e+01 -2.227412479999999917e+01 -2.203502680000000069e+01 -2.179602759999999861e+01 -2.155712670000000131e+01 -2.131832319999999825e+01 -2.107961650000000020e+01 -2.084100580000000136e+01 -2.060249040000000065e+01 -2.036406960000000055e+01 -2.012574259999999882e+01 -1.988750870000000148e+01
-6.703716319999999840e+00 -6.469882779999999833e+00 -6.236101689999999920e+00 -6.002372420000000375e+00 -5.768694359999999577e+00 -5.535066879999999578e+00 -5.301489369999999646e+00 -5.067961229999999873e+00 -4.834481839999999586e+00 -4.601050609999999708e+00 -4.367666940000000331e+00 -4.134330239999999712e+00 -3.901039899999999783e+00 -3.667795350000000010e+00 -3.434596009999999922e+00 -3.201441280000000056e+00 -2.968330589999999880e+00 -2.735263380000000133e+00 -2.502239069999999899e+00 -2.269257099999999916e+00 -2.036316900000000096e+00 -1.803417920000000008e+00 -1.570559610000000106e+00 -1.337741410000000020e+00 -1.104962779999999922e+00 -8.722231710000000193e-01 -6.395220489999999813e-01 -4.068588790000000066e-01 -1.742331269999999876e-01 5.835573229999999750e-02 2.909082239999999930e-01 5.234248689999999593e-01 7.559061830000000093e-01 9.883526780000000400e-01 1.220764860000000063e+00 1.453143250000000108e+00 1.685488330000000090e+00 1.917800610000000017e+00 2.150080580000000019e+00 2.382328729999999783e+00 2.614545549999999885e+00 2.846731520000000071e+00 3.078887130000000028e+00 3.311012850000000007e+00 3.543109160000000202e+00 3.775176510000000096e+00 4.007215389999999822e+00 4.239226249999999752e+00 4.471209560000000138e+00 4.703165760000000084e+00
-3.180389639999999929e+01 -3.156049000000000149e+01 -3.131721530000000087e+01 -3.107407119999999878e+01 -3.083105670000000131e+01 -3.058817080000000033e+01 -3.034541249999999835e+01 -3.010278070000000028e+01 -2.988080109999999934e+01 -2.963840880000000055e+01 -2.939614029999999900e+01 -2.915399449999999959e+01 -2.891197070000000124e+01 -2.867006780000000177e+01 -2.842828510000000009e+01 -2.818662159999999872e+01 -2.794507640000000137e+01 -2.770364869999999868e+01 -2.746233769999999907e+01 -2.722114240000000152e+01 -2.698006219999999900e+01 -2.673909610000000114e+01 -2.649824339999999978e+01 -2.625750319999999860e+01 -2.601687480000000008e+01 -2.577635730000000081e+01 -2.553594989999999854e+01 -2.529565200000000047e+01 -2.505546259999999847e+01 -2.481538109999999975e+01 -2.457540669999999849e+01 -2.433553859999999958e+01 -2.409577600000000075e+01 -2.385611820000000094e+01 -2.361656449999999907e+01 -2.337711410000000001e+01 -2.313776620000000150e+01 -2.289852020000000010e+01 -2.265937519999999950e+01 -2.242033059999999978e+01 -2.218138550000000109e+01 -2.194253940000000114e+01 -2.170379140000000007e+01 -2.146514080000000035e+01 -2.122658690000000092e+01 -2.098812889999999953e+01 -2.074976619999999983e+01 -2.051149799999999956e+01 -2.027332350000000005e+01 -2.003524210000000139e+01
-6.820995830000000204e+00 -6.587276369999999659e+00 -6.353608930000000043e+00 -6.119992909999999675e+00 -5.886427669999999779e+00 -5.652912599999999621e+00 -5.419447090000000244e+00 -5.186030530000000027e+00 -4.952662319999999951e+00 -4.719341840000000232e+00 -4.486068509999999954e+00 -4.252841730000000098e+00 -4.019660909999999809e+00 -3.786525460000000010e+00 -3.553434810000000166e+00 -3.320388359999999928e+00 -3.087385550000000034e+00 -2.854425809999999952e+00 -2.621508570000000038e+00 -2.388633260000000202e+00 -2.155799329999999792e+00 -1.923006219999999988e+00 -1.690253379999999916e+00 -1.457540260000000032e+00 -1.224866309999999903e+00 -9.922310069999999982e-01 -7.596338019999999691e-01 -5.270741679999999540e-01 -2.945515739999999827e-01 -6.206549659999999885e-02 1.703845850000000051e-01 4.027991870000000030e-01 6.351788229999999480e-01 8.675240029999999880e-01 1.099835230000000053e+00 1.332113010000000042e+00 1.564357839999999999e+00 1.796570210000000056e+00 2.028750609999999899e+00 2.260899530000000102e+00 2.493017459999999907e+00 2.725104870000000012e+00 2.957162240000000164e+00 3.189190040000000170e+00 3.421188739999999839e+00 3.653158809999999868e+00 3.885100710000000124e+00 4.117014900000000033e+00 4.348901829999999968e+00 4.580761960000000244e+00
-3.192864009999999908e+01 -3.168537949999999981e+01 -3.144224990000000020e+01 -3.119925029999999921e+01 -3.095637969999999939e+01 -3.071363709999999969e+01 -3.047102149999999909e+01 -3.024907389999999907e+01 -3.000669879999999878e+01 -2.976444800000000157e+01 -2.952232049999999930e+01 -2.928031550000000038e+01 -2.903843200000000024e+01 -2.879666920000000019e+01 -2.855502620000000036e+01 -2.831350210000000089e+01 -2.807209609999999955e+01 -2.783080749999999881e+01 -2.758963520000000003e+01 -2.734857849999999857e+01 -2.710763670000000047e+01 -2.686680889999999877e+01 -2.662609420000000071e+01 -2.638549199999999928e+01 -2.614500140000000172e+01 -2.590462159999999869e+01 -2.566435189999999977e+01 -2.542419140000000155e+01 -2.518413950000000057e+01 -2.494419540000000168e+01 -2.470435820000000149e+01 -2.446462730000000008e+01 -2.422500189999999876e+01 -2.398548130000000000e+01 -2.374606460000000041e+01 -2.350675120000000007e+01 -2.326754030000000029e+01 -2.302843119999999999e+01 -2.278942299999999932e+01 -2.255051519999999954e+01 -2.231170699999999840e+01 -2.207299749999999960e+01 -2.183438620000000085e+01 -2.159587219999999874e+01 -2.135745479999999930e+01 -2.111913339999999906e+01 -2.088090710000000172e+01 -2.064277519999999910e+01 -2.040473709999999841e+01 -2.016679200000000094e+01
-6.923134870000000163e+00 -6.689513469999999629e+00 -6.455943730000000436e+00 -6.222425030000000135e+00 -5.988956739999999890e+00 -5.755538249999999856e+00 -5.522168950000000187e+00 -5.288848220000000211e+00 -5.055575469999999960e+00 -4.822350089999999589e+00 -4.589171480000000081e+00 -4.356039059999999630e+00 -4.122952230000000107e+00 -3.889910410000000152e+00 -3.656913009999999797e+00 -3.423959469999999783e+00 -3.191049200000000141e+00 -2.958181639999999835e+00 -2.725356230000000046e+00 -2.492572389999999860e+00 -2.259829579999999893e+00 -2.027127249999999936e+00 -1.794464840000000061e+00 -1.561841800000000058e+00 -1.329257600000000039e+00 -1.096711709999999895e+00 -8.642035789999999995e-01 -6.317326890000000139e-01 -3.992985119999999943e-01 -1.669005279999999924e-01 6.546178179999999347e-02 2.977889289999999800e-01 5.300814249999999950e-01 7.623397729999999983e-01 9.945644759999999751e-01 1.226756029999999997e+00 1.458914940000000104e+00 1.691041680000000103e+00 1.923136739999999900e+00 2.155200610000000072e+00 2.387233769999999922e+00 2.619236690000000145e+00 2.851209840000000106e+00 3.083153699999999997e+00 3.315068720000000191e+00 3.546955370000000052e+00 3.778814109999999893e+00 4.010645379999999705e+00 4.242449650000000183e+00 4.474227360000000431e+00
-3.203789419999999666e+01 -3.179476040000000125e+01 -3.155175709999999967e+01 -3.130888330000000153e+01 -3.106613799999999870e+01 -3.082352029999999843e+01 -3.060158870000000064e+01 -3.035921270000000050e+01 -3.011696159999999978e+01 -2.987483440000000101e+01 -2.963283020000000079e+01 -2.939094820000000041e+01 -2.914918750000000003e+01 -2.890754730000000094e+01 -2.866602659999999858e+01 -2.842462480000000014e+01 -2.818334079999999986e+01 -2.794217400000000140e+01 -2.770112340000000017e+01 -2.746018829999999866e+01 -2.721936790000000173e+01 -2.697866140000000001e+01 -2.673806799999999839e+01 -2.649758699999999934e+01 -2.625721739999999826e+01 -2.601695869999999999e+01 -2.577680989999999994e+01 -2.553677040000000176e+01 -2.529683929999999847e+01 -2.505701589999999968e+01 -2.481729950000000073e+01 -2.457768940000000057e+01 -2.433818460000000172e+01 -2.409878459999999833e+01 -2.385948850000000121e+01 -2.362029559999999861e+01 -2.338120520000000013e+01 -2.314221660000000114e+01 -2.290332890000000177e+01 -2.266454149999999856e+01 -2.242585359999999994e+01 -2.218726450000000128e+01 -2.194877340000000032e+01 -2.171037959999999956e+01 -2.147208240000000146e+01 -2.123388110000000140e+01 -2.099577490000000068e+01 -2.075776300000000063e+01 -2.051984480000000133e+01 -2.028201950000000053e+01
-7.009940600000000188e+00 -6.776401479999999644e+00 -6.542913699999999722e+00 -6.309476619999999869e+00 -6.076089640000000180e+00 -5.842752130000000044e+00 -5.609463490000000441e+00 -5.376223099999999810e+00 -5.143030360000000023e+00 -4.909884680000000223e+00 -4.676785459999999617e+00 -4.443732100000000074e+00 -4.210724019999999790e+00 -3.977760630000000130e+00 -3.744841360000000119e+00 -3.511965630000000171e+00 -3.279132870000000199e+00 -3.046342510000000114e+00 -2.813593990000000211e+00 -2.580886749999999896e+00 -2.348220239999999848e+00 -2.115593909999999855e+00 -1.883007209999999931e+00 -1.650459590000000087e+00 -1.417950519999999992e+00 -1.185479469999999980e+00 -9.530459089999999689e-01 -7.206493040000000461e-01 -4.882891369999999842e-01 -2.559648910000000277e-01 -2.367605050000000030e-02 2.085778929999999864e-01 4.407974459999999817e-01 6.729831109999999672e-01 9.051353859999999862e-01 1.137254760000000031e+00 1.369341740000000085e+00 1.601396789999999903e+00 1.833420410000000000e+00 2.065413069999999962e+00 2.297375249999999980e+00 2.529307419999999862e+00 2.761210049999999860e+00 2.993083599999999844e+00 3.224928540000000066e+00 3.456745320000000010e+00 3.688534390000000052e+00 3.920296210000000059e+00 4.152031219999999578e+00 4.383739870000000316e+00
-3.213158920000000052e+01 -3.188856369999999885e+01 -3.164566830000000053e+01 -3.140290209999999860e+01 -3.116026409999999913e+01 -3.093832109999999957e+01 -3.069592600000000004e+01 -3.045365650000000102e+01 -3.021151150000000030e+01 -2.996949019999999919e+01 -2.972759179999999901e+01 -2.948581539999999990e+01 -2.924416009999999844e+01 -2.900262509999999949e+01 -2.876120949999999965e+01 -2.851991250000000022e+01 -2.827873340000000013e+01 -2.803767129999999952e+01 -2.779672529999999853e+01 -2.755589480000000080e+01 -2.731517880000000176e+01 -2.707457670000000149e+01 -2.683408760000000015e+01 -2.659371080000000021e+01 -2.635344549999999941e+01 -2.611329080000000147e+01 -2.587324620000000053e+01 -2.563331069999999912e+01 -2.539348370000000088e+01 -2.515376429999999885e+01 -2.491415190000000024e+01 -2.467464560000000162e+01 -2.443524479999999954e+01 -2.419594860000000125e+01 -2.395675639999999973e+01 -2.371766729999999868e+01 -2.347868070000000174e+01 -2.323979569999999839e+01 -2.300101180000000056e+01 -2.276232800000000012e+01 -2.252374370000000070e+01 -2.228525820000000124e+01 -2.204687059999999832e+01 -2.180858040000000031e+01 -2.157038659999999908e+01 -2.133228859999999827e+01 -2.109428570000000036e+01 -2.085637699999999839e+01 -2.061856200000000072e+01 -2.038083969999999923e+01
-7.081310509999999780e+00 -6.847838130000000412e+00 -6.614416829999999692e+00 -6.381045959999999795e+00 -6.147724909999999987e+00 -5.914453070000000423e+00 -5.681229830000000369e+00 -5.448054570000000041e+00 -5.214926710000000298e+00 -4.981845629999999581e+00 -4.748810739999999697e+00 -4.515821459999999732e+00 -4.282877189999999779e+00 -4.049977359999999749e+00 -3.817121390000000059e+00 -3.584308710000000175e+00 -3.351538740000000072e+00 -3.118810920000000042e+00 -2.886124689999999937e+00 -2.653479499999999991e+00 -2.420874790000000054e+00 -2.188310009999999917e+00 -1.955784629999999913e+00 -1.723298089999999894e+00 -1.490849869999999910e+00 -1.258439440000000076e+00 -1.026066259999999897e+00 -7.937298179999999759e-01 -5.614295900000000339e-01 -3.291650609999999810e-01 -9.693572159999999660e-02 1.352589349999999968e-01 3.674194129999999725e-01 5.995462099999999683e-01 8.316398210000000013e-01 1.063700740000000033e+00 1.295729450000000060e+00 1.527726429999999969e+00 1.759692170000000111e+00 1.991627140000000074e+00 2.223531819999999826e+00 2.455406659999999963e+00 2.687252149999999951e+00 2.919068729999999778e+00 3.150856860000000204e+00 3.382617000000000207e+00 3.614349600000000162e+00 3.846055109999999999e+00 4.077733969999999708e+00 4.309386619999999724e+00
-3.220960440000000347e+01 -3.196666910000000073e+01 -3.172386360000000138e+01 -3.148118690000000086e+01 -3.125921879999999931e+01 -3.101678649999999848e+01 -3.077448040000000162e+01 -3.053229960000000176e+01 -3.029024330000000020e+01 -3.004831049999999948e+01 -2.980650040000000089e+01 -2.956481210000000104e+01 -2.932324489999999884e+01 -2.908179780000000036e+01 -2.884047010000000100e+01 -2.859926090000000087e+01 -2.835816940000000130e+01 -2.811719480000000004e+01 -2.787633639999999957e+01 -2.763559340000000120e+01 -2.739496480000000034e+01 -2.715445009999999826e+01 -2.691404830000000103e+01 -2.667375880000000166e+01 -2.643358070000000026e+01 -2.619351329999999933e+01 -2.595355580000000018e+01 -2.571370750000000172e+01 -2.547396760000000171e+01 -2.523433539999999908e+01 -2.499481009999999870e+01 -2.475539089999999831e+01 -2.451607710000000040e+01 -2.427686789999999917e+01 -2.403776269999999826e+01 -2.379876060000000138e+01 -2.355986090000000033e+01 -2.332106290000000115e+01 -2.308236580000000160e+01 -2.284376890000000060e+01 -2.260527150000000063e+01 -2.236687269999999828e+01 -2.212857190000000074e+01 -2.189036829999999867e+01 -2.165226110000000048e+01 -2.141424969999999917e+01 -2.117633329999999958e+01 -2.093851109999999949e+01 -2.070078240000000136e+01 -2.046314650000000057e+01
-7.137166439999999668e+00 -6.903745550000000009e+00 -6.670375520000000336e+00 -6.437055710000000097e+00 -6.203785510000000336e+00 -5.970564300000000379e+00 -5.737391480000000321e+00 -5.504266440000000316e+00 -5.271188579999999568e+00 -5.038157299999999950e+00 -4.805171999999999777e+00 -4.572232109999999849e+00 -4.339337020000000322e+00 -4.106486170000000158e+00 -3.873678980000000216e+00 -3.640914879999999965e+00 -3.408193289999999820e+00 -3.175513660000000016e+00 -2.942875429999999959e+00 -2.710278039999999944e+00 -2.477720940000000205e+00 -2.245203590000000027e+00 -2.012725450000000027e+00 -1.780285969999999995e+00 -1.547884629999999984e+00 -1.315520889999999943e+00 -1.083194229999999925e+00 -8.509041339999999787e-01 -6.186500799999999911e-01 -3.864315569999999811e-01 -1.542480569999999940e-01 7.790092410000000467e-02 3.100158869999999900e-01 5.420973289999999611e-01 7.741457400000000266e-01 1.006161609999999929e+00 1.238145419999999941e+00 1.470097659999999973e+00 1.702018800000000054e+00 1.933909309999999993e+00 2.165769660000000041e+00 2.397600320000000007e+00 2.629401759999999921e+00 2.861174420000000218e+00 3.092918759999999878e+00 3.324635240000000103e+00 3.556324290000000055e+00 3.787986379999999986e+00 4.019621929999999566e+00 4.251231380000000115e+00
-3.227189369999999968e+01 -3.202903049999999752e+01 -3.178629700000000113e+01 -3.156428070000000119e+01 -3.132179299999999955e+01 -3.107943219999999940e+01 -3.083719749999999848e+01 -3.059508789999999934e+01 -3.035310259999999971e+01 -3.011124080000000092e+01 -2.986950159999999954e+01 -2.962788409999999928e+01 -2.938638750000000144e+01 -2.914501100000000022e+01 -2.890375380000000050e+01 -2.866261510000000001e+01 -2.842159410000000008e+01 -2.818068990000000085e+01 -2.793990180000000123e+01 -2.769922899999999899e+01 -2.745867080000000016e+01 -2.721822620000000015e+01 -2.697789470000000023e+01 -2.673767529999999937e+01 -2.649756740000000121e+01 -2.625757009999999880e+01 -2.601768270000000172e+01 -2.577790450000000178e+01 -2.553823470000000029e+01 -2.529867249999999856e+01 -2.505921719999999908e+01 -2.481986799999999960e+01 -2.458062419999999904e+01 -2.434148499999999871e+01 -2.410244970000000109e+01 -2.386351760000000155e+01 -2.362468780000000024e+01 -2.338595959999999963e+01 -2.314733239999999981e+01 -2.290880530000000093e+01 -2.267037759999999835e+01 -2.243204850000000050e+01 -2.219381740000000036e+01 -2.195568340000000163e+01 -2.171764590000000084e+01 -2.147970400000000168e+01 -2.124185699999999954e+01 -2.100410430000000161e+01 -2.076644500000000093e+01 -2.052887839999999997e+01
-7.177446090000000112e+00 -6.944061660000000025e+00 -6.710727930000000008e+00 -6.477444270000000337e+00 -6.244210070000000279e+00 -6.011024710000000049e+00 -5.777887579999999801e+00 -5.544798079999999629e+00 -5.311755619999999567e+00 -5.078759579999999829e+00 -4.845809380000000388e+00 -4.612904440000000328e+00 -4.380044159999999742e+00 -4.147227970000000319e+00 -3.914455300000000193e+00 -3.681725569999999781e+00 -3.449038219999999821e+00 -3.216392679999999782e+00 -2.983788409999999836e+00 -2.751224839999999894e+00 -2.518701430000000130e+00 -2.286217639999999829e+00 -2.053772910000000174e+00 -1.821366730000000045e+00 -1.588998549999999899e+00 -1.356667850000000008e+00 -1.124374109999999982e+00 -8.921168000000000431e-01 -6.598954160000000124e-01 -4.277094439999999942e-01 -1.955583780000000049e-01 3.655828519999999859e-02 2.686410430000000238e-01 5.006903910000000124e-01 7.327068180000000375e-01 9.646908119999999531e-01 1.196642849999999925e+00 1.428563419999999917e+00 1.660452990000000018e+00 1.892312030000000034e+00 2.124141020000000157e+00 2.355940400000000157e+00 2.587710650000000001e+00 2.819452210000000125e+00 3.051165549999999893e+00 3.282851110000000183e+00 3.514509330000000098e+00 3.746140660000000011e+00 3.977745539999999913e+00 4.209324399999999855e+00
-3.231840309999999761e+01 -3.207559429999999878e+01 -3.185350449999999967e+01 -3.161094310000000007e+01 -3.136850929999999948e+01 -3.112620240000000038e+01 -3.088402140000000173e+01 -3.064196540000000013e+01 -3.040003370000000160e+01 -3.015822539999999918e+01 -2.991653960000000012e+01 -2.967497540000000100e+01 -2.943353219999999837e+01 -2.919220890000000068e+01 -2.895100490000000093e+01 -2.870991940000000042e+01 -2.846895140000000168e+01 -2.822810039999999887e+01 -2.798736530000000045e+01 -2.774674560000000056e+01 -2.750624030000000175e+01 -2.726584869999999938e+01 -2.702557009999999948e+01 -2.678540369999999982e+01 -2.654534870000000168e+01 -2.630540429999999930e+01 -2.606556989999999985e+01 -2.582584449999999876e+01 -2.558622760000000085e+01 -2.534671820000000153e+01 -2.510731570000000090e+01 -2.486801940000000144e+01 -2.462882829999999856e+01 -2.438974190000000064e+01 -2.415075939999999832e+01 -2.391188000000000002e+01 -2.367310289999999995e+01 -2.343442750000000174e+01 -2.319585289999999844e+01 -2.295737839999999963e+01 -2.271900330000000068e+01 -2.248072679999999934e+01 -2.224254820000000166e+01 -2.200446679999999944e+01 -2.176648169999999993e+01 -2.152859219999999851e+01 -2.129079760000000121e+01 -2.105309719999999984e+01 -2.081549019999999928e+01 -2.057797580000000082e+01
-7.202092610000000228e+00 -6.968729780000000318e+00 -6.735417570000000076e+00 -6.502155329999999900e+00 -6.268942469999999823e+00 -6.035778350000000181e+00 -5.802662380000000120e+00 -5.569593949999999793e+00 -5.336572450000000245e+00 -5.103597299999999670e+00 -4.870667909999999878e+00 -4.637783670000000136e+00 -4.404944020000000293e+00 -4.172148380000000323e+00 -3.939396159999999814e+00 -3.706686799999999948e+00 -3.474019740000000134e+00 -3.241394420000000220e+00 -3.008810270000000120e+00 -2.776266750000000005e+00 -2.543763310000000111e+00 -2.311299399999999782e+00 -2.078874490000000019e+00 -1.846488029999999947e+00 -1.614139519999999939e+00 -1.381828400000000068e+00 -1.149554170000000042e+00 -9.173163009999999451e-01 -6.851142860000000168e-01 -4.529476130000000267e-01 -2.208157759999999914e-01 1.128172430000000045e-02 2.433453859999999969e-01 4.753757020000000111e-01 7.073731619999999998e-01 9.393382500000000412e-01 1.171271450000000103e+00 1.403173229999999938e+00 1.635044079999999900e+00 1.866884449999999918e+00 2.098694819999999961e+00 2.330475649999999899e+00 2.562227389999999883e+00 2.793950510000000165e+00 3.025645449999999848e+00 3.257312649999999810e+00 3.488952579999999859e+00 3.720565650000000169e+00 3.952152320000000163e+00 4.183713019999999894e+00
-3.234908719999999960e+01 -3.212690659999999809e+01 -3.188425300000000107e+01 -3.164172780000000174e+01 -3.139933029999999903e+01 -3.115705960000000019e+01 -3.091491479999999825e+01 -3.067289489999999930e+01 -3.043099919999999869e+01 -3.018922690000000131e+01 -2.994757699999999900e+01 -2.970604870000000020e+01 -2.946464130000000026e+01 -2.922335389999999933e+01 -2.898218569999999872e+01 -2.874113589999999974e+01 -2.850020380000000131e+01 -2.825938839999999885e+01 -2.801868909999999957e+01 -2.777810500000000005e+01 -2.753763539999999921e+01 -2.729727949999999836e+01 -2.705703659999999999e+01 -2.681690580000000068e+01 -2.657688639999999936e+01 -2.633697769999999849e+01 -2.609717879999999823e+01 -2.585748900000000106e+01 -2.561790759999999878e+01 -2.537843390000000099e+01 -2.513906689999999955e+01 -2.489980609999999928e+01 -2.466065060000000031e+01 -2.442159979999999919e+01 -2.418265269999999845e+01 -2.394380879999999934e+01 -2.370506719999999845e+01 -2.346642719999999827e+01 -2.322788810000000126e+01 -2.298944900000000047e+01 -2.275110929999999954e+01 -2.251286819999999977e+01 -2.227472489999999894e+01 -2.203667880000000068e+01 -2.179872900000000158e+01 -2.156087469999999939e+01 -2.132311539999999894e+01 -2.108545009999999920e+01 -2.084787820000000025e+01 -2.061039889999999986e+01
-7.211071109999999784e+00 -6.977715169999999745e+00 -6.744409820000000444e+00 -6.511154409999999615e+00 -6.277948349999999955e+00 -6.044791009999999964e+00 -5.811681779999999797e+00 -5.578620070000000375e+00 -5.345605270000000075e+00 -5.112636789999999820e+00 -4.879714029999999703e+00 -4.646836409999999695e+00 -4.414003339999999831e+00 -4.181214259999999960e+00 -3.948468570000000177e+00 -3.715765730000000211e+00 -3.483105150000000094e+00 -3.250486280000000061e+00 -3.017908559999999962e+00 -2.785371449999999971e+00 -2.552874389999999938e+00 -2.320416840000000036e+00 -2.087998259999999995e+00 -1.855618119999999927e+00 -1.623275889999999944e+00 -1.390971039999999936e+00 -1.158703059999999896e+00 -9.264714109999999669e-01 -6.942755959999999948e-01 -4.621151019999999998e-01 -2.299894239999999979e-01 2.101939020000000071e-03 2.341594830000000016e-01 4.661837010000000059e-01 6.981750820000000024e-01 9.301341090000000422e-01 1.162061269999999924e+00 1.393957029999999930e+00 1.625821860000000063e+00 1.857656250000000009e+00 2.089460649999999919e+00 2.321235520000000108e+00 2.552981330000000160e+00 2.784698520000000066e+00 3.016387550000000140e+00 3.248048859999999927e+00 3.479682899999999801e+00 3.711290110000000197e+00 3.942870930000000218e+00 4.174425789999999914e+00
-3.238451649999999660e+01 -3.214175219999999911e+01 -3.189911719999999917e+01 -3.165661079999999927e+01 -3.141423190000000076e+01 -3.117197979999999902e+01 -3.092985350000000011e+01 -3.068785219999999825e+01 -3.044597500000000068e+01 -3.020422110000000160e+01 -2.996258960000000116e+01 -2.972107979999999827e+01 -2.947969080000000019e+01 -2.923842180000000113e+01 -2.899727199999999883e+01 -2.875624060000000171e+01 -2.851532680000000042e+01 -2.827452969999999866e+01 -2.803384870000000006e+01 -2.779328299999999885e+01 -2.755283169999999870e+01 -2.731249409999999855e+01 -2.707226950000000087e+01 -2.683215690000000109e+01 -2.659215580000000045e+01 -2.635226540000000028e+01 -2.611248469999999955e+01 -2.587281319999999951e+01 -2.563325010000000148e+01 -2.539379459999999966e+01 -2.515444589999999891e+01 -2.491520330000000172e+01 -2.467606599999999872e+01 -2.443703329999999951e+01 -2.419810449999999946e+01 -2.395927869999999871e+01 -2.372055530000000090e+01 -2.348193350000000024e+01 -2.324341250000000159e+01 -2.300499149999999915e+01 -2.276667000000000129e+01 -2.252844689999999872e+01 -2.229032180000000096e+01 -2.205229369999999989e+01 -2.181436190000000153e+01 -2.157652579999999887e+01 -2.133878440000000154e+01 -2.110113709999999898e+01 -2.086358320000000077e+01 -2.062612179999999995e+01
-7.204362210000000211e+00 -6.970998480000000441e+00 -6.737685349999999573e+00 -6.504422210000000426e+00 -6.271208449999999601e+00 -6.038043449999999979e+00 -5.804926599999999937e+00 -5.571857289999999630e+00 -5.338834929999999979e+00 -5.105858920000000190e+00 -4.872928670000000295e+00 -4.640043590000000329e+00 -4.407203100000000262e+00 -4.174406630000000007e+00 -3.941653580000000101e+00 -3.708943409999999830e+00 -3.476275540000000053e+00 -3.243649410000000177e+00 -3.011064460000000054e+00 -2.778520139999999916e+00 -2.546015909999999938e+00 -2.313551229999999848e+00 -2.081125539999999940e+00 -1.848738320000000046e+00 -1.616389040000000055e+00 -1.384077170000000079e+00 -1.151802189999999948e+00 -9.195635779999999926e-01 -6.873608249999999531e-01 -4.551934189999999880e-01 -2.230608570000000013e-01 9.037364549999999525e-03 2.411017410000000083e-01 4.731327670000000096e-01 7.051309300000000446e-01 9.370967159999999962e-01 1.169030610000000081e+00 1.400933079999999942e+00 1.632804609999999990e+00 1.864645660000000094e+00 2.096456700000000062e+00 2.328238189999999985e+00 2.559990599999999894e+00 2.791714369999999779e+00 3.023409959999999952e+00 3.255077809999999960e+00 3.486718380000000117e+00 3.718332090000000090e+00 3.949919389999999808e+00 4.181480709999999767e+00
-3.238351699999999767e+01 -3.214075359999999648e+01 -3.189811960000000113e+01 -3.165561399999999992e+01 -3.141323609999999888e+01 -3.117098490000000055e+01 -3.092885950000000150e+01 -3.068685909999999950e+01 -3.044498279999999824e+01 -3.020322979999999902e+01 -2.996159929999999960e+01 -2.972009040000000013e+01 -2.947870229999999836e+01 -2.923743419999999915e+01 -2.899628519999999909e+01 -2.875525469999999828e+01 -2.851434180000000040e+01 -2.827354559999999850e+01 -2.803286549999999977e+01 -2.779230060000000080e+01 -2.755185020000000051e+01 -2.731151350000000022e+01 -2.707128970000000123e+01 -2.683117800000000130e+01 -2.659117780000000053e+01 -2.635128819999999905e+01 -2.611150840000000173e+01 -2.587183780000000155e+01 -2.563227549999999866e+01 -2.539282079999999908e+01 -2.515347290000000058e+01 -2.491423119999999969e+01 -2.467509469999999894e+01 -2.443606289999999959e+01 -2.419713489999999823e+01 -2.395831000000000088e+01 -2.371958740000000176e+01 -2.348096639999999979e+01 -2.324244619999999983e+01 -2.300402610000000081e+01 -2.276570530000000048e+01 -2.252748310000000131e+01 -2.228935870000000108e+01 -2.205133149999999986e+01 -2.181340050000000019e+01 -2.157556509999999861e+01 -2.133782460000000114e+01 -2.110017810000000082e+01 -2.086262490000000014e+01 -2.062516439999999918e+01
-7.181958640000000393e+00 -6.948572379999999882e+00 -6.715236820000000328e+00 -6.481951360000000051e+00 -6.248715360000000274e+00 -6.015528220000000204e+00 -5.782389329999999994e+00 -5.549298089999999739e+00 -5.316253879999999654e+00 -5.083256119999999711e+00 -4.850304210000000005e+00 -4.617397569999999618e+00 -4.384535610000000361e+00 -4.151717760000000368e+00 -3.918943430000000117e+00 -3.686212059999999902e+00 -3.453523080000000078e+00 -3.220875930000000054e+00 -2.988270050000000122e+00 -2.755704890000000074e+00 -2.523179900000000142e+00 -2.290694540000000057e+00 -2.058248260000000052e+00 -1.825840539999999956e+00 -1.593470830000000005e+00 -1.361138610000000027e+00 -1.128843360000000073e+00 -8.965845609999999466e-01 -6.643616949999999743e-01 -4.321742519999999810e-01 -2.000217260000000108e-01 3.209638509999999945e-02 2.641805799999999982e-01 4.962313540000000134e-01 7.282491960000000430e-01 9.602345930000000251e-01 1.192188030000000065e+00 1.424109980000000109e+00 1.656000920000000098e+00 1.887861320000000065e+00 2.119691659999999978e+00 2.351492379999999827e+00 2.583263960000000026e+00 2.815006850000000060e+00 3.046721499999999860e+00 3.278408359999999799e+00 3.510067869999999868e+00 3.741700479999999995e+00 3.973306630000000172e+00 4.204886759999999946e+00
-3.236668519999999916e+01 -3.212390489999999943e+01 -3.188125409999999960e+01 -3.163873179999999863e+01 -3.139633710000000022e+01 -3.115406919999999857e+01 -3.091192720000000094e+01 -3.066991009999999918e+01 -3.042801719999999932e+01 -3.018624760000000151e+01 -2.994460039999999879e+01 -2.970307490000000072e+01 -2.946167020000000036e+01 -2.922038560000000018e+01 -2.897922009999999915e+01 -2.873817299999999975e+01 -2.849724349999999973e+01 -2.825643080000000040e+01 -2.801573409999999953e+01 -2.777515269999999958e+01 -2.753468579999999832e+01 -2.729433249999999944e+01 -2.705409219999999948e+01 -2.681396399999999858e+01 -2.657394719999999921e+01 -2.633404099999999914e+01 -2.609424470000000085e+01 -2.585455759999999970e+01 -2.561497870000000177e+01 -2.537550750000000122e+01 -2.513614310000000174e+01 -2.489688479999999871e+01 -2.465773190000000170e+01 -2.441868350000000021e+01 -2.417973890000000026e+01 -2.394089749999999839e+01 -2.370215839999999830e+01 -2.346352080000000129e+01 -2.322498410000000035e+01 -2.298654750000000035e+01 -2.274821030000000022e+01 -2.250997160000000008e+01 -2.227183069999999887e+01 -2.203378700000000023e+01 -2.179583949999999959e+01 -2.155798770000000175e+01 -2.132023069999999976e+01 -2.108256779999999964e+01 -2.084499830000000031e+01 -2.060752129999999838e+01
-7.143879909999999889e+00 -6.910456299999999885e+00 -6.677083559999999807e+00 -6.443761059999999929e+00 -6.210488200000000347e+00 -5.977264349999999560e+00 -5.744088910000000325e+00 -5.510961270000000134e+00 -5.277880820000000028e+00 -5.044846979999999981e+00 -4.811859140000000146e+00 -4.578916719999999607e+00 -4.346019130000000175e+00 -4.113165799999999983e+00 -3.880356139999999954e+00 -3.647589589999999937e+00 -3.414865569999999906e+00 -3.182183530000000093e+00 -2.949542899999999968e+00 -2.716943140000000145e+00 -2.484383690000000033e+00 -2.251863999999999866e+00 -2.019383529999999816e+00 -1.786941749999999995e+00 -1.554538119999999912e+00 -1.322172109999999901e+00 -1.089843200000000012e+00 -8.575508630000000521e-01 -6.252945890000000118e-01 -3.930738630000000233e-01 -1.608881759999999939e-01 7.126297669999999418e-02 3.033800950000000163e-01 5.354636759999999995e-01 7.675142109999999462e-01 9.995321889999999598e-01 1.231518090000000010e+00 1.463472410000000057e+00 1.695395610000000053e+00 1.927288169999999967e+00 2.159150550000000113e+00 2.390983229999999793e+00 2.622786660000000047e+00 2.854561309999999796e+00 3.086307629999999858e+00 3.318026060000000221e+00 3.549717069999999808e+00 3.781381080000000061e+00 4.013018549999999962e+00 4.244629909999999562e+00
-3.233405890000000227e+01 -3.209124400000000321e+01 -3.184855860000000050e+01 -3.160600180000000137e+01 -3.136357269999999886e+01 -3.112127050000000139e+01 -3.087909409999999966e+01 -3.063704279999999969e+01 -3.039511570000000162e+01 -3.015331189999999850e+01 -2.991163059999999874e+01 -2.967007100000000008e+01 -2.942863230000000030e+01 -2.918731349999999836e+01 -2.894611400000000145e+01 -2.870503289999999907e+01 -2.846406950000000080e+01 -2.822322279999999850e+01 -2.798249219999999937e+01 -2.774187680000000000e+01 -2.750137589999999932e+01 -2.726098869999999863e+01 -2.702071450000000041e+01 -2.678055240000000126e+01 -2.654050159999999892e+01 -2.630056160000000176e+01 -2.606073140000000166e+01 -2.582101030000000108e+01 -2.558139750000000134e+01 -2.534189239999999899e+01 -2.510249410000000125e+01 -2.486320200000000114e+01 -2.462401510000000115e+01 -2.438493289999999902e+01 -2.414595449999999843e+01 -2.390707910000000069e+01 -2.366830619999999996e+01 -2.342963479999999876e+01 -2.319106430000000074e+01 -2.295259390000000010e+01 -2.271422280000000171e+01 -2.247595030000000094e+01 -2.223777570000000026e+01 -2.199969820000000098e+01 -2.176171709999999848e+01 -2.152383160000000117e+01 -2.128604089999999971e+01 -2.104834440000000129e+01 -2.081074119999999894e+01 -2.057323069999999987e+01
-7.090135100000000357e+00 -6.856659119999999774e+00 -6.623234240000000383e+00 -6.389859819999999857e+00 -6.156535260000000065e+00 -5.923259919999999568e+00 -5.690033210000000174e+00 -5.456854510000000325e+00 -5.223723230000000051e+00 -4.990638760000000396e+00 -4.757600499999999677e+00 -4.524607879999999582e+00 -4.291660300000000206e+00 -4.058757179999999742e+00 -3.825897939999999942e+00 -3.593082009999999826e+00 -3.360308830000000135e+00 -3.127577810000000014e+00 -2.894888420000000018e+00 -2.662240080000000120e+00 -2.429632240000000110e+00 -2.197064370000000100e+00 -1.964535900000000002e+00 -1.732046310000000089e+00 -1.499595060000000091e+00 -1.267181619999999898e+00 -1.034805449999999905e+00 -8.024660390000000199e-01 -5.701628640000000470e-01 -3.378954120000000061e-01 -1.056631690000000012e-01 1.265343700000000071e-01 3.586977080000000040e-01 5.908273450000000038e-01 8.229237759999999957e-01 1.054987490000000028e+00 1.287018980000000035e+00 1.519018729999999984e+00 1.750987209999999905e+00 1.982924899999999990e+00 2.214832270000000047e+00 2.446709799999999824e+00 2.678557940000000137e+00 2.910377169999999847e+00 3.142167919999999892e+00 3.373930670000000021e+00 3.605665859999999778e+00 3.837373939999999983e+00 4.069055350000000182e+00 4.300710529999999920e+00
-3.228567610000000343e+01 -3.204280860000000075e+01 -3.180007090000000147e+01 -3.155746189999999984e+01 -3.131498059999999839e+01 -3.107262629999999959e+01 -3.083039799999999886e+01 -3.058829490000000106e+01 -3.034631600000000162e+01 -3.010446049999999829e+01 -2.986272759999999948e+01 -2.962111639999999824e+01 -2.937962609999999941e+01 -2.913825590000000076e+01 -2.889700489999999888e+01 -2.865587239999999980e+01 -2.841485750000000010e+01 -2.817395949999999871e+01 -2.793317760000000050e+01 -2.769251089999999849e+01 -2.745195869999999871e+01 -2.721152019999999894e+01 -2.697119470000000163e+01 -2.673098129999999983e+01 -2.649087940000000074e+01 -2.625088810000000095e+01 -2.601100660000000175e+01 -2.577123429999999971e+01 -2.553157039999999967e+01 -2.529201409999999939e+01 -2.505256460000000018e+01 -2.481322120000000098e+01 -2.457398320000000069e+01 -2.433484980000000064e+01 -2.409582029999999975e+01 -2.385689380000000170e+01 -2.361806980000000067e+01 -2.337934729999999917e+01 -2.314072570000000084e+01 -2.290220419999999990e+01 -2.266378219999999999e+01 -2.242545870000000008e+01 -2.218723310000000026e+01 -2.194910469999999947e+01 -2.171107269999999900e+01 -2.147313630000000018e+01 -2.123529479999999836e+01 -2.099754749999999959e+01 -2.075989360000000161e+01 -2.052233239999999981e+01
-7.020803459999999774e+00 -6.787259940000000213e+00 -6.553767800000000143e+00 -6.320326389999999961e+00 -6.086935109999999760e+00 -5.853593329999999817e+00 -5.620300440000000286e+00 -5.387055840000000373e+00 -5.153858930000000171e+00 -4.920709089999999897e+00 -4.687605750000000349e+00 -4.454548289999999966e+00 -4.221536150000000376e+00 -3.988568719999999956e+00 -3.755645439999999891e+00 -3.522765730000000151e+00 -3.289929020000000204e+00 -3.057134730000000022e+00 -2.824382319999999780e+00 -2.591671209999999892e+00 -2.359000850000000149e+00 -2.126370699999999836e+00 -1.893780199999999914e+00 -1.661228809999999889e+00 -1.428716010000000036e+00 -1.196241239999999983e+00 -9.638039830000000308e-01 -7.314037110000000119e-01 -4.990399030000000069e-01 -2.667120390000000119e-01 -3.441960539999999735e-02 1.978379070000000073e-01 4.300610060000000234e-01 6.622501920000000153e-01 8.944059640000000533e-01 1.126528820000000097e+00 1.358619239999999895e+00 1.590677719999999962e+00 1.822704749999999985e+00 2.054700790000000055e+00 2.286666330000000080e+00 2.518601840000000092e+00 2.750507789999999897e+00 2.982384629999999870e+00 3.214232840000000202e+00 3.446052869999999935e+00 3.677845169999999886e+00 3.909610189999999985e+00 4.141348390000000101e+00 4.373060200000000286e+00
-3.222161080000000055e+01 -3.197867300000000057e+01 -3.173586500000000044e+01 -3.149318600000000146e+01 -3.125063490000000144e+01 -3.100821080000000052e+01 -3.076591300000000118e+01 -3.052374040000000122e+01 -3.028169219999999839e+01 -3.003976749999999996e+01 -2.979796539999999894e+01 -2.955628520000000137e+01 -2.931472600000000028e+01 -2.907328680000000176e+01 -2.883196699999999879e+01 -2.859076579999999979e+01 -2.834968220000000017e+01 -2.810871549999999885e+01 -2.786786490000000072e+01 -2.762712959999999995e+01 -2.738650880000000143e+01 -2.714600180000000051e+01 -2.690560770000000090e+01 -2.666532589999999914e+01 -2.642515540000000129e+01 -2.618509560000000036e+01 -2.594514570000000120e+01 -2.570530499999999918e+01 -2.546557260000000156e+01 -2.522594790000000131e+01 -2.498642999999999859e+01 -2.474701830000000058e+01 -2.450771190000000033e+01 -2.426851010000000031e+01 -2.402941219999999944e+01 -2.379041750000000022e+01 -2.355152509999999921e+01 -2.331273440000000008e+01 -2.307404449999999940e+01 -2.283545480000000083e+01 -2.259696449999999857e+01 -2.235857289999999864e+01 -2.212027919999999881e+01 -2.188208270000000155e+01 -2.164398260000000107e+01 -2.140597819999999984e+01 -2.116806880000000035e+01 -2.093025360000000035e+01 -2.069253189999999876e+01 -2.045490290000000044e+01
-6.935934490000000174e+00 -6.702308010000000316e+00 -6.468733219999999839e+00 -6.235209499999999849e+00 -6.001736219999999733e+00 -5.768312779999999584e+00 -5.534938559999999619e+00 -5.301612940000000052e+00 -5.068335339999999967e+00 -4.835105129999999640e+00 -4.601921729999999933e+00 -4.368784540000000050e+00 -4.135692979999999963e+00 -3.902646450000000211e+00 -3.669644390000000200e+00 -3.436686200000000024e+00 -3.203771310000000039e+00 -2.970899170000000034e+00 -2.738069199999999981e+00 -2.505280829999999792e+00 -2.272533520000000085e+00 -2.039826709999999821e+00 -1.807159849999999901e+00 -1.574532400000000054e+00 -1.341943810000000070e+00 -1.109393539999999900e+00 -8.768810759999999815e-01 -6.444058710000000190e-01 -4.119674070000000077e-01 -1.795651600000000014e-01 5.280138649999999850e-02 2.851327459999999925e-01 5.174294270000000528e-01 7.496919370000000304e-01 9.819207770000000224e-01 1.214116449999999903e+00 1.446279440000000083e+00 1.678410240000000053e+00 1.910509339999999945e+00 2.142577230000000110e+00 2.374614380000000136e+00 2.606621270000000212e+00 2.838598370000000148e+00 3.070546150000000196e+00 3.302465069999999780e+00 3.534355590000000102e+00 3.766218180000000082e+00 3.998053290000000093e+00 4.229861370000000065e+00 4.461642860000000432e+00
-3.214192750000000132e+01 -3.189890120000000096e+01 -3.165600510000000156e+01 -3.141323810000000094e+01 -3.117059929999999923e+01 -3.092808780000000013e+01 -3.068570270000000022e+01 -3.044344299999999848e+01 -3.020130789999999976e+01 -2.995929639999999949e+01 -2.971740780000000015e+01 -2.947564110000000070e+01 -2.923399540000000130e+01 -2.899247009999999847e+01 -2.875106410000000068e+01 -2.850977669999999975e+01 -2.826860710000000054e+01 -2.802755450000000081e+01 -2.778661800000000071e+01 -2.754579689999999914e+01 -2.730509029999999981e+01 -2.706449759999999927e+01 -2.682401780000000002e+01 -2.658365029999999862e+01 -2.634339419999999876e+01 -2.610324879999999936e+01 -2.586321339999999935e+01 -2.562328709999999887e+01 -2.538346920000000040e+01 -2.514375890000000169e+01 -2.490415550000000167e+01 -2.466465829999999926e+01 -2.442526649999999933e+01 -2.418597929999999963e+01 -2.394679599999999908e+01 -2.370771590000000018e+01 -2.346873820000000066e+01 -2.322986209999999829e+01 -2.299108700000000027e+01 -2.275241199999999964e+01 -2.251383650000000003e+01 -2.227535969999999921e+01 -2.203698079999999848e+01 -2.179869920000000150e+01 -2.156051409999999890e+01 -2.132242469999999912e+01 -2.108443030000000107e+01 -2.084653020000000012e+01 -2.060872369999999876e+01 -2.037100999999999829e+01
-6.835597349999999572e+00 -6.601872229999999675e+00 -6.368199169999999576e+00 -6.134577560000000318e+00 -5.901006759999999574e+00 -5.667486170000000101e+00 -5.434015170000000339e+00 -5.200593160000000381e+00 -4.967219520000000443e+00 -4.733893649999999731e+00 -4.500614960000000053e+00 -4.267382849999999728e+00 -4.034196729999999675e+00 -3.801056009999999930e+00 -3.567960110000000018e+00 -3.334908459999999852e+00 -3.101900469999999910e+00 -2.868935570000000101e+00 -2.636013199999999834e+00 -2.403132799999999847e+00 -2.170293800000000051e+00 -1.937495640000000074e+00 -1.704737790000000031e+00 -1.472019680000000053e+00 -1.239340770000000091e+00 -1.006700530000000038e+00 -7.740984159999999559e-01 -5.415338960000000146e-01 -3.090064430000000195e-01 -7.651553149999999748e-02 1.559393589999999996e-01 3.883587459999999769e-01 6.207431429999999972e-01 8.530930589999999869e-01 1.085409000000000068e+00 1.317691469999999976e+00 1.549940960000000034e+00 1.782157970000000091e+00 2.014342989999999833e+00 2.246496510000000058e+00 2.478619010000000067e+00 2.710710970000000053e+00 2.942772859999999824e+00 3.174805169999999954e+00 3.406808349999999930e+00 3.638782879999999942e+00 3.870729219999999859e+00 4.102647819999999612e+00 4.334539150000000340e+00 4.566403639999999875e+00
-3.204671619999999876e+01 -3.180358319999999850e+01 -3.156058080000000032e+01 -3.131770780000000087e+01 -3.107496340000000146e+01 -3.083234660000000105e+01 -3.058985649999999978e+01 -3.034749199999999902e+01 -3.010525240000000124e+01 -2.986313660000000070e+01 -2.962114379999999869e+01 -2.937927320000000009e+01 -2.913752380000000031e+01 -2.889589480000000066e+01 -2.865438539999999890e+01 -2.841299469999999872e+01 -2.817172180000000026e+01 -2.793056610000000006e+01 -2.768952660000000066e+01 -2.744860249999999979e+01 -2.720779309999999995e+01 -2.696709750000000128e+01 -2.672651499999999913e+01 -2.648604479999999839e+01 -2.624568599999999918e+01 -2.600543809999999922e+01 -2.576529999999999987e+01 -2.552527119999999883e+01 -2.528535079999999979e+01 -2.504553810000000169e+01 -2.480583229999999872e+01 -2.456623270000000048e+01 -2.432673850000000115e+01 -2.408734899999999968e+01 -2.384806340000000091e+01 -2.360888100000000023e+01 -2.336980099999999894e+01 -2.313082269999999951e+01 -2.289194540000000089e+01 -2.265316830000000081e+01 -2.241449070000000177e+01 -2.217591180000000151e+01 -2.193743089999999896e+01 -2.169904730000000015e+01 -2.146076030000000046e+01 -2.122256900000000002e+01 -2.098447279999999893e+01 -2.074647099999999966e+01 -2.050856279999999998e+01 -2.027074740000000119e+01
-6.720398770000000077e+00 -6.486559480000000377e+00 -6.252772669999999700e+00 -6.019037700000000157e+00 -5.785353960000000129e+00 -5.551720829999999829e+00 -5.318137690000000362e+00 -5.084603949999999983e+00 -4.851118979999999858e+00 -4.617682190000000020e+00 -4.384292979999999673e+00 -4.150950749999999800e+00 -3.917654919999999930e+00 -3.684404890000000155e+00 -3.451200080000000003e+00 -3.218039899999999953e+00 -2.984923789999999855e+00 -2.751851170000000124e+00 -2.518821469999999785e+00 -2.285834120000000080e+00 -2.052888559999999973e+00 -1.819984239999999920e+00 -1.587120590000000053e+00 -1.354297080000000042e+00 -1.121513149999999959e+00 -8.887682559999999787e-01 -6.560618639999999946e-01 -4.233934369999999836e-01 -1.907624430000000038e-01 4.183164460000000223e-02 2.743893510000000036e-01 5.069111969999999801e-01 7.393976979999999921e-01 9.718493670000000195e-01 1.204266709999999962e+00 1.436650250000000018e+00 1.669000459999999908e+00 1.901317860000000026e+00 2.133602939999999837e+00 2.365856180000000197e+00 2.598078090000000007e+00 2.830269130000000022e+00 3.062429799999999869e+00 3.294560559999999860e+00 3.526661890000000188e+00 3.758734260000000216e+00 3.990778140000000196e+00 4.222794000000000381e+00 4.454782279999999872e+00 4.686743439999999872e+00
-3.193607390000000024e+01 -3.169281559999999942e+01 -3.144968829999999826e+01 -3.120669110000000046e+01 -3.096382279999999909e+01 -3.072108250000000140e+01 -3.047846930000000043e+01 -3.023598210000000108e+01 -2.999362010000000112e+01 -2.975138219999999833e+01 -2.950926760000000115e+01 -2.926727550000000022e+01 -2.902540480000000045e+01 -2.878365469999999959e+01 -2.854202439999999896e+01 -2.830051299999999870e+01 -2.805911959999999894e+01 -2.781784349999999861e+01 -2.757668380000000141e+01 -2.733563960000000037e+01 -2.709471020000000152e+01 -2.685389479999999907e+01 -2.661319250000000025e+01 -2.637260260000000045e+01 -2.613212430000000097e+01 -2.589175679999999957e+01 -2.565149930000000111e+01 -2.541135110000000097e+01 -2.517131140000000045e+01 -2.493137940000000086e+01 -2.469155440000000112e+01 -2.445183559999999900e+01 -2.421222230000000053e+01 -2.397271359999999873e+01 -2.373330899999999843e+01 -2.349400759999999977e+01 -2.325480860000000050e+01 -2.301571140000000071e+01 -2.277671520000000172e+01 -2.253781929999999889e+01 -2.229902290000000065e+01 -2.206032520000000119e+01 -2.182172569999999823e+01 -2.158322349999999901e+01 -2.134481780000000128e+01 -2.110650809999999922e+01 -2.086829350000000005e+01 -2.063017320000000154e+01 -2.039214670000000140e+01 -2.015421320000000094e+01
-6.591092739999999672e+00 -6.357124080000000177e+00 -6.123208309999999877e+00 -5.889344809999999875e+00 -5.655532960000000386e+00 -5.421772139999999851e+00 -5.188061740000000199e+00 -4.954401149999999809e+00 -4.720789759999999724e+00 -4.487226970000000037e+00 -4.253712179999999954e+00 -4.020244800000000396e+00 -3.786824230000000124e+00 -3.553449890000000000e+00 -3.320121180000000116e+00 -3.086837529999999941e+00 -2.853598359999999889e+00 -2.620403089999999935e+00 -2.387251159999999928e+00 -2.154141999999999779e+00 -1.921075040000000067e+00 -1.688049719999999976e+00 -1.455065489999999961e+00 -1.222121790000000097e+00 -9.892180809999999713e-01 -7.563538119999999587e-01 -5.235284430000000100e-01 -2.907414349999999925e-01 -5.799225510000000083e-02 1.747196279999999879e-01 4.073947399999999774e-01 6.400336049999999499e-01 8.726367430000000480e-01 1.105204670000000000e+00 1.337737890000000096e+00 1.570236930000000086e+00 1.802702280000000101e+00 2.035134440000000211e+00 2.267533919999999981e+00 2.499901209999999985e+00 2.732236789999999971e+00 2.964541160000000009e+00 3.196814809999999785e+00 3.429058200000000056e+00 3.661271820000000066e+00 3.893456140000000065e+00 4.125611629999999863e+00 4.357738760000000156e+00 4.589837990000000367e+00 4.821909780000000367e+00
-3.181011039999999923e+01 -3.156670779999999965e+01 -3.132343699999999842e+01 -3.108029670000000166e+01 -3.083728599999999886e+01 -3.059440389999999965e+01 -3.035164929999999828e+01 -3.010902129999999843e+01 -2.986651880000000148e+01 -2.962414090000000044e+01 -2.938188680000000019e+01 -2.913975530000000091e+01 -2.889774570000000153e+01 -2.865585709999999864e+01 -2.841408840000000069e+01 -2.817243900000000068e+01 -2.793090779999999995e+01 -2.768949410000000100e+01 -2.744819700000000040e+01 -2.720701569999999947e+01 -2.696594929999999835e+01 -2.672499699999999834e+01 -2.648415809999999837e+01 -2.624343160000000097e+01 -2.600281689999999912e+01 -2.576231310000000008e+01 -2.552191940000000159e+01 -2.528163509999999903e+01 -2.504145940000000081e+01 -2.480139139999999998e+01 -2.456143060000000133e+01 -2.432157600000000031e+01 -2.408182689999999937e+01 -2.384218260000000100e+01 -2.360264240000000058e+01 -2.336320539999999824e+01 -2.312387100000000117e+01 -2.288463840000000005e+01 -2.264550679999999971e+01 -2.240647549999999910e+01 -2.216754389999999830e+01 -2.192871099999999984e+01 -2.168997630000000143e+01 -2.145133900000000082e+01 -2.121279840000000050e+01 -2.097435370000000177e+01 -2.073600420000000000e+01 -2.049774920000000122e+01 -2.025958800000000082e+01 -2.002151980000000009e+01
-6.446714870000000097e+00 -6.212600929999999799e+00 -5.978540330000000402e+00 -5.744532450000000345e+00 -5.510576679999999783e+00 -5.276672389999999879e+00 -5.042818979999999840e+00 -4.809015829999999880e+00 -4.575262350000000033e+00 -4.341557919999999626e+00 -4.107901960000000408e+00 -3.874293849999999928e+00 -3.640733009999999936e+00 -3.407218859999999960e+00 -3.173750800000000094e+00 -2.940328249999999866e+00 -2.706950640000000075e+00 -2.473617389999999805e+00 -2.240327919999999917e+00 -2.007081680000000201e+00 -1.773878089999999963e+00 -1.540716589999999941e+00 -1.307596619999999987e+00 -1.074517640000000052e+00 -8.414790909999999569e-01 -6.084804240000000197e-01 -3.755210970000000259e-01 -1.426005710000000093e-01 9.028169140000000259e-02 3.231262220000000185e-01 5.559335499999999985e-01 7.887042020000000209e-01 1.021438700000000033e+00 1.254137559999999985e+00 1.486801299999999992e+00 1.719430430000000065e+00 1.952025459999999990e+00 2.184586900000000220e+00 2.417115229999999837e+00 2.649610969999999899e+00 2.882074610000000092e+00 3.114506630000000165e+00 3.346907519999999803e+00 3.579277779999999964e+00 3.811617870000000075e+00 4.043928270000000325e+00 4.276209470000000401e+00 4.508461920000000234e+00 4.740686110000000397e+00 4.972882479999999994e+00
-3.166899859999999833e+01 -3.142543200000000070e+01 -3.118199800000000010e+01 -3.093869540000000029e+01 -3.069552320000000023e+01 -3.045248030000000128e+01 -3.020956560000000124e+01 -2.996677809999999909e+01 -2.972411669999999972e+01 -2.948158060000000091e+01 -2.923916870000000046e+01 -2.899688000000000088e+01 -2.875471359999999876e+01 -2.851266850000000019e+01 -2.827074389999999937e+01 -2.802893889999999999e+01 -2.778725250000000102e+01 -2.754568390000000022e+01 -2.730423210000000012e+01 -2.706289639999999963e+01 -2.682167589999999890e+01 -2.658056979999999925e+01 -2.633957720000000080e+01 -2.609869730000000132e+01 -2.585792929999999856e+01 -2.561727240000000094e+01 -2.537672570000000150e+01 -2.513628860000000032e+01 -2.489596020000000109e+01 -2.465573970000000159e+01 -2.441562640000000073e+01 -2.417561949999999982e+01 -2.393571820000000017e+01 -2.369592180000000070e+01 -2.345622949999999918e+01 -2.321664060000000163e+01 -2.297715429999999870e+01 -2.273776979999999881e+01 -2.249848649999999850e+01 -2.225930359999999908e+01 -2.202022029999999830e+01 -2.178123589999999865e+01 -2.154234980000000022e+01 -2.130356109999999958e+01 -2.106486909999999924e+01 -2.082627310000000165e+01 -2.058777249999999981e+01 -2.034936629999999980e+01 -2.011105410000000049e+01 -1.987283490000000086e+01
-6.287358270000000360e+00 -6.053083110000000211e+00 -5.818861779999999762e+00 -5.584693650000000176e+00 -5.350578109999999832e+00 -5.116514539999999833e+00 -4.882502340000000274e+00 -4.648540879999999653e+00 -4.414629579999999720e+00 -4.180767819999999801e+00 -3.946954999999999991e+00 -3.713190539999999817e+00 -3.479473839999999818e+00 -3.245804310000000026e+00 -3.012181369999999969e+00 -2.778604430000000125e+00 -2.545072919999999961e+00 -2.311586249999999954e+00 -2.078143859999999954e+00 -1.844745169999999934e+00 -1.611389629999999906e+00 -1.378076670000000004e+00 -1.144805730000000077e+00 -9.115762579999999726e-01 -6.783876979999999834e-01 -4.452395020000000092e-01 -2.121311280000000021e-01 2.093796820000000045e-02 2.539683229999999958e-01 4.869604730000000048e-01 7.199149470000000273e-01 9.528322750000000063e-01 1.185712979999999916e+00 1.418557580000000096e+00 1.651366600000000018e+00 1.884140549999999914e+00 2.116879940000000015e+00 2.349585279999999887e+00 2.582257069999999821e+00 2.814895809999999887e+00 3.047502000000000155e+00 3.280076129999999868e+00 3.512618699999999983e+00 3.745130189999999804e+00 3.977611079999999966e+00 4.210061849999999772e+00 4.442482990000000243e+00 4.674874970000000296e+00 4.907238239999999863e+00 5.139573300000000344e+00
-3.151261759999999867e+01 -3.126886700000000019e+01 -3.102525010000000094e+01 -3.078176570000000112e+01 -3.053841269999999852e+01 -3.029519000000000162e+01 -3.005209629999999876e+01 -2.980913070000000076e+01 -2.956629209999999830e+01 -2.932357939999999985e+01 -2.908099160000000083e+01 -2.883852770000000021e+01 -2.859618680000000168e+01 -2.835396769999999833e+01 -2.811186969999999974e+01 -2.786989170000000016e+01 -2.762803279999999972e+01 -2.738629209999999858e+01 -2.714466870000000043e+01 -2.690316179999999946e+01 -2.666177040000000176e+01 -2.642049360000000036e+01 -2.617933070000000129e+01 -2.593828080000000114e+01 -2.569734310000000121e+01 -2.545651670000000166e+01 -2.521580080000000024e+01 -2.497519459999999825e+01 -2.473469730000000055e+01 -2.449430810000000136e+01 -2.425402619999999843e+01 -2.401385090000000133e+01 -2.377378140000000073e+01 -2.353381680000000031e+01 -2.329395650000000018e+01 -2.305419970000000163e+01 -2.281454559999999887e+01 -2.257499340000000032e+01 -2.233554249999999897e+01 -2.209619209999999967e+01 -2.185694140000000019e+01 -2.161778969999999944e+01 -2.137873629999999991e+01 -2.113978039999999936e+01 -2.090092130000000026e+01 -2.066215830000000153e+01 -2.042349069999999855e+01 -2.018491780000000091e+01 -1.994643870000000163e+01 -1.970805289999999843e+01
