-8.342339000000000837e+00 -8.107566540000000543e+00 -7.872853489999999788e+00 -7.638199209999999795e+00 -7.403603050000000074e+00 -7.169064370000000075e+00 -6.934582550000000012e+00 -6.700156960000000161e+00 -6.465786959999999972e+00 -6.231471929999999659e+00 -5.997211240000000387e+00 -5.763004279999999646e+00 -5.528850430000000316e+00 -5.294749079999999886e+00 -5.060699600000000409e+00 -4.826701400000000142e+00 -4.592753860000000188e+00 -4.358856399999999631e+00 -4.125008389999999636e+00 -3.891209260000000114e+00 -3.657458399999999887e+00 -3.423755219999999877e+00 -3.190099149999999995e+00 -2.956489579999999950e+00 -2.722925950000000039e+00 -2.489407679999999790e+00 -2.255934180000000122e+00 -2.022504899999999939e+00 -1.789119249999999939e+00 -1.555776690000000073e+00 -1.322476640000000092e+00 -1.089218550000000008e+00 -8.560018569999999771e-01 -6.228260199999999802e-01 -3.896904880000000015e-01 -1.565947159999999949e-01 7.646183769999999325e-02 3.094797100000000190e-01 5.424594369999999888e-01 7.754015480000000515e-01 1.008306570000000013e+00 1.241175029999999957e+00 1.474007449999999997e+00 1.706804339999999920e+00 1.939566219999999896e+00 2.172293600000000158e+00 2.404986989999999825e+00 2.637646890000000077e+00 2.870273810000000037e+00 3.102868229999999894e+00
-2.950046040000000147e+01 -2.925778120000000015e+01 -2.901522639999999953e+01 -2.877279529999999852e+01 -2.853048670000000087e+01 -2.828829969999999960e+01 -2.804623330000000081e+01 -2.780428669999999869e+01 -2.756245880000000170e+01 -2.732074869999999933e+01 -2.707915559999999999e+01 -2.683767860000000027e+01 -2.659631680000000031e+01 -2.635506919999999909e+01 -2.611393520000000024e+01 -2.587291379999999918e+01 -2.563200420000000079e+01 -2.539120559999999927e+01 -2.515051719999999946e+01 -2.490993810000000153e+01 -2.466946749999999966e+01 -2.442910480000000106e+01 -2.418884900000000115e+01 -2.394869939999999886e+01 -2.370865519999999904e+01 -2.346871570000000062e+01 -2.322888010000000136e+01 -2.298914759999999902e+01 -2.274951749999999961e+01 -2.250998900000000091e+01 -2.227056149999999946e+01 -2.203123409999999893e+01 -2.179200609999999827e+01 -2.155287679999999995e+01 -2.131384540000000172e+01 -2.107491130000000013e+01 -2.083607370000000003e+01 -2.059733179999999919e+01 -2.035868500000000125e+01 -2.012013260000000159e+01 -1.988167380000000151e+01 -1.964330779999999876e+01 -1.940503410000000173e+01 -1.916685190000000105e+01 -1.892876049999999921e+01 -1.869075910000000107e+01 -1.845284709999999961e+01 -1.821502380000000088e+01 -1.797728839999999906e+01 -1.773964030000000136e+01
-8.502374079999999168e+00 -8.267767199999999761e+00 -8.033219280000000850e+00 -7.798729680000000108e+00 -7.564297739999999770e+00 -7.329922840000000051e+00 -7.095604329999999571e+00 -6.861341590000000323e+00 -6.627133970000000041e+00 -6.392980859999999765e+00 -6.158881619999999835e+00 -5.924835629999999576e+00 -5.690842280000000031e+00 -5.456900939999999700e+00 -5.223011009999999565e+00 -4.989171869999999842e+00 -4.755382909999999796e+00 -4.521643540000000350e+00 -4.287953139999999941e+00 -4.054311130000000318e+00 -3.820716909999999800e+00 -3.587169879999999811e+00 -3.353669459999999880e+00 -3.120215069999999979e+00 -2.886806130000000081e+00 -2.653442039999999835e+00 -2.420122249999999919e+00 -2.186846179999999862e+00 -1.953613269999999957e+00 -1.720422939999999956e+00 -1.487274640000000092e+00 -1.254167819999999933e+00 -1.021101910000000057e+00 -7.880763670000000554e-01 -5.550906469999999926e-01 -3.221442050000000168e-01 -8.923650099999999585e-02 1.436330010000000101e-01 3.764648329999999987e-01 6.092595259999999957e-01 8.420176040000000306e-01 1.074739590000000078e+00 1.307425999999999977e+00 1.540077359999999951e+00 1.772694159999999908e+00 2.005276929999999957e+00 2.237826169999999948e+00 2.470342370000000010e+00 2.702826040000000152e+00 2.935277670000000061e+00
-2.965815050000000141e+01 -2.941564440000000147e+01 -2.917326219999999992e+01 -2.893100289999999930e+01 -2.868886570000000091e+01 -2.844684949999999901e+01 -2.820495359999999962e+01 -2.796317679999999939e+01 -2.772151849999999840e+01 -2.747997760000000156e+01 -2.723855329999999952e+01 -2.699724480000000071e+01 -2.675605129999999932e+01 -2.651497180000000142e+01 -2.627400550000000123e+01 -2.603315170000000123e+01 -2.579240950000000154e+01 -2.555177820000000111e+01 -2.531125690000000006e+01 -2.507084479999999971e+01 -2.483054110000000136e+01 -2.459034510000000040e+01 -2.435025600000000168e+01 -2.411027310000000057e+01 -2.387039550000000077e+01 -2.363062250000000120e+01 -2.339095340000000078e+01 -2.315138740000000084e+01 -2.291192380000000028e+01 -2.267256169999999926e+01 -2.243330059999999904e+01 -2.219413959999999975e+01 -2.195507800000000032e+01 -2.171611499999999850e+01 -2.147725000000000151e+01 -2.123848230000000115e+01 -2.099981100000000112e+01 -2.076123550000000151e+01 -2.052275500000000008e+01 -2.028436890000000048e+01 -2.004607629999999929e+01 -1.980787670000000134e+01 -1.956976919999999964e+01 -1.933175320000000141e+01 -1.909382799999999847e+01 -1.885599270000000161e+01 -1.861824680000000143e+01 -1.838058949999999925e+01 -1.814302010000000109e+01 -1.790553789999999879e+01
-8.648644519999999503e+00 -8.414188010000000162e+00 -8.179790020000000439e+00 -7.945449889999999904e+00 -7.711166989999999721e+00 -7.476940670000000289e+00 -7.242770290000000166e+00 -7.008655209999999691e+00 -6.774594790000000089e+00 -6.540588419999999736e+00 -6.306635449999999921e+00 -6.072735259999999968e+00 -5.838887240000000034e+00 -5.605090760000000394e+00 -5.371345210000000314e+00 -5.137649979999999950e+00 -4.904004450000000404e+00 -4.670408029999999933e+00 -4.436860109999999580e+00 -4.203360090000000326e+00 -3.969907379999999986e+00 -3.736501389999999923e+00 -3.503141519999999787e+00 -3.269827199999999934e+00 -3.036557849999999892e+00 -2.803332880000000138e+00 -2.570151720000000140e+00 -2.337013810000000191e+00 -2.103918580000000205e+00 -1.870865449999999930e+00 -1.637853889999999923e+00 -1.404883319999999935e+00 -1.171953199999999917e+00 -9.390629750000000220e-01 -7.062121059999999506e-01 -4.734000500000000167e-01 -2.406262700000000032e-01 -7.890231730000000707e-03 2.248085950000000000e-01 4.574707370000000162e-01 6.900967169999999706e-01 9.226870539999999510e-01 1.155242260000000076e+00 1.387762860000000043e+00 1.620249349999999922e+00 1.852702230000000005e+00 2.085122020000000020e+00 2.317509199999999936e+00 2.549864279999999983e+00 2.782187739999999909e+00
-2.980018550000000133e+01 -2.955783549999999948e+01 -2.931560879999999969e+01 -2.907350470000000087e+01 -2.883152219999999843e+01 -2.858966039999999964e+01 -2.834791840000000107e+01 -2.810629540000000048e+01 -2.786479040000000040e+01 -2.762340269999999975e+01 -2.738213139999999868e+01 -2.714097560000000087e+01 -2.689993460000000169e+01 -2.665900740000000013e+01 -2.641819339999999983e+01 -2.617749170000000092e+01 -2.593690150000000116e+01 -2.569642199999999832e+01 -2.545605240000000080e+01 -2.521579200000000043e+01 -2.497563999999999851e+01 -2.473559559999999991e+01 -2.449565799999999882e+01 -2.425582650000000129e+01 -2.401610039999999913e+01 -2.377647879999999958e+01 -2.353696109999999919e+01 -2.329754640000000165e+01 -2.305823409999999996e+01 -2.281902339999999896e+01 -2.257991349999999997e+01 -2.234090379999999953e+01 -2.210199349999999896e+01 -2.186318179999999955e+01 -2.162446810000000141e+01 -2.138585150000000112e+01 -2.114733149999999995e+01 -2.090890710000000041e+01 -2.067057780000000022e+01 -2.043234280000000069e+01 -2.019420129999999958e+01 -1.995615270000000052e+01 -1.971819629999999890e+01 -1.948033119999999840e+01 -1.924255679999999913e+01 -1.900487240000000000e+01 -1.876727719999999877e+01 -1.852977059999999909e+01 -1.829235179999999872e+01 -1.805502010000000013e+01
-8.779798800000000014e+00 -8.545476479999999597e+00 -8.311212259999999574e+00 -8.077005469999999576e+00 -7.842855479999999879e+00 -7.608761639999999993e+00 -7.374723300000000314e+00 -7.140739820000000293e+00 -6.906810570000000205e+00 -6.672934920000000325e+00 -6.439112230000000103e+00 -6.205341879999999755e+00 -5.971623250000000382e+00 -5.737955709999999598e+00 -5.504338660000000161e+00 -5.270771479999999620e+00 -5.037253549999999969e+00 -4.803784280000000351e+00 -4.570363060000000033e+00 -4.336989299999999936e+00 -4.103662390000000215e+00 -3.870381759999999893e+00 -3.637146809999999952e+00 -3.403956949999999981e+00 -3.170811619999999831e+00 -2.937710220000000039e+00 -2.704652199999999951e+00 -2.471636979999999983e+00 -2.238663990000000048e+00 -2.005732689999999874e+00 -1.772842500000000099e+00 -1.539992870000000069e+00 -1.307183259999999958e+00 -1.074413119999999999e+00 -8.416819070000000069e-01 -6.089890829999999866e-01 -3.763341119999999984e-01 -1.437164649999999877e-01 8.886438680000000034e-02 3.214089660000000181e-01 5.539177920000000199e-01 7.863913809999999449e-01 1.018830249999999937e+00 1.251234890000000100e+00 1.483605829999999903e+00 1.715943559999999923e+00 1.948248580000000008e+00 2.180521370000000125e+00 2.412762439999999842e+00 2.644972269999999792e+00
-2.992623259999999874e+01 -2.968402280000000104e+01 -2.944193609999999950e+01 -2.919997150000000019e+01 -2.895812820000000087e+01 -2.871640530000000169e+01 -2.847480200000000039e+01 -2.823331729999999951e+01 -2.799195050000000151e+01 -2.775070069999999944e+01 -2.750956710000000172e+01 -2.726854880000000136e+01 -2.702764510000000087e+01 -2.678685520000000153e+01 -2.654617819999999995e+01 -2.630561339999999859e+01 -2.606515990000000116e+01 -2.582481710000000064e+01 -2.558458410000000072e+01 -2.534446020000000033e+01 -2.510444460000000078e+01 -2.486453649999999982e+01 -2.462473519999999994e+01 -2.438503989999999888e+01 -2.414544989999999913e+01 -2.390596430000000083e+01 -2.366658260000000169e+01 -2.342730389999999829e+01 -2.318812750000000023e+01 -2.294905260000000169e+01 -2.271007859999999923e+01 -2.247120460000000008e+01 -2.223242989999999963e+01 -2.199375390000000152e+01 -2.175517569999999878e+01 -2.151669460000000100e+01 -2.127831000000000117e+01 -2.104002099999999942e+01 -2.080182699999999940e+01 -2.056372719999999887e+01 -2.032572090000000031e+01 -2.008780739999999909e+01 -1.984998590000000007e+01 -1.961225569999999863e+01 -1.937461619999999840e+01 -1.913706639999999837e+01 -1.889960590000000096e+01 -1.866223370000000159e+01 -1.842494920000000036e+01 -1.818775180000000091e+01
-8.895700529999999162e+00 -8.661496200000000201e+00 -8.427349559999999684e+00 -8.193259960000000675e+00 -7.959226759999999956e+00 -7.725249289999999824e+00 -7.491326919999999667e+00 -7.257459009999999822e+00 -7.023644919999999736e+00 -6.789884009999999748e+00 -6.556175660000000072e+00 -6.322519240000000096e+00 -6.088914120000000096e+00 -5.855359680000000289e+00 -5.621855309999999939e+00 -5.388400400000000090e+00 -5.154994340000000008e+00 -4.921636519999999848e+00 -4.688326339999999703e+00 -4.455063199999999668e+00 -4.221846509999999775e+00 -3.988675689999999996e+00 -3.755550130000000042e+00 -3.522469270000000208e+00 -3.289432520000000082e+00 -3.056439319999999960e+00 -2.823489079999999873e+00 -2.590581240000000118e+00 -2.357715240000000101e+00 -2.124890520000000116e+00 -1.892106529999999953e+00 -1.659362709999999907e+00 -1.426658519999999930e+00 -1.193993410000000033e+00 -9.613668499999999950e-01 -7.287782969999999638e-01 -4.962272209999999961e-01 -2.637130959999999802e-01 -3.123539679999999888e-02 2.012063960000000096e-01 4.336128000000000204e-01 6.659843260000000154e-01 8.983214830000000317e-01 1.130624779999999996e+00 1.362894709999999954e+00 1.595131770000000060e+00 1.827336459999999940e+00 2.059509279999999887e+00 2.291650689999999990e+00 2.523761190000000099e+00
-3.003693919999999906e+01 -2.979485169999999883e+01 -2.955288699999999835e+01 -2.931104420000000133e+01 -2.906932249999999840e+01 -2.882772100000000037e+01 -2.858623869999999911e+01 -2.834487499999999827e+01 -2.810362900000000153e+01 -2.786249989999999954e+01 -2.762148669999999839e+01 -2.738058889999999934e+01 -2.713980550000000136e+01 -2.689913569999999865e+01 -2.665857880000000080e+01 -2.641813399999999845e+01 -2.617780050000000003e+01 -2.593757749999999973e+01 -2.569746430000000004e+01 -2.545746009999999870e+01 -2.521756420000000176e+01 -2.497777569999999869e+01 -2.473809400000000025e+01 -2.449851819999999947e+01 -2.425904769999999999e+01 -2.401968169999999958e+01 -2.378041939999999954e+01 -2.354126009999999880e+01 -2.330220299999999867e+01 -2.306324740000000162e+01 -2.282439259999999948e+01 -2.258563789999999827e+01 -2.234698240000000169e+01 -2.210842549999999918e+01 -2.186996639999999914e+01 -2.163160440000000051e+01 -2.139333870000000104e+01 -2.115516870000000083e+01 -2.091709350000000001e+01 -2.067911249999999868e+01 -2.044122490000000170e+01 -2.020343000000000089e+01 -1.996572709999999873e+01 -1.972811529999999891e+01 -1.949059409999999914e+01 -1.925316270000000074e+01 -1.901582020000000028e+01 -1.877856609999999904e+01 -1.854139959999999832e+01 -1.830431989999999942e+01
-8.996223900000000384e+00 -8.762121379999999959e+00 -8.528076190000000167e+00 -8.294087680000000518e+00 -8.060155200000000519e+00 -7.826278079999999804e+00 -7.592455700000000363e+00 -7.358687399999999990e+00 -7.124972549999999849e+00 -6.891310520000000217e+00 -6.657700659999999715e+00 -6.424142370000000213e+00 -6.190635010000000271e+00 -5.957177960000000105e+00 -5.723770609999999870e+00 -5.490412339999999780e+00 -5.257102549999999930e+00 -5.023840640000000413e+00 -4.790625989999999668e+00 -4.557458030000000271e+00 -4.324336139999999773e+00 -4.091259759999999801e+00 -3.858228280000000066e+00 -3.625241130000000034e+00 -3.392297740000000061e+00 -3.159397530000000121e+00 -2.926539940000000062e+00 -2.693724389999999858e+00 -2.460950330000000186e+00 -2.228217200000000009e+00 -1.995524459999999944e+00 -1.762871539999999904e+00 -1.530257909999999999e+00 -1.297683029999999960e+00 -1.065146359999999959e+00 -8.326473650000000282e-01 -6.001855209999999996e-01 -3.677603019999999834e-01 -1.353711880000000034e-01 9.698233790000000687e-02 3.293007880000000109e-01 5.615846719999999515e-01 7.938344950000000289e-01 1.026050759999999951e+00 1.258233949999999934e+00 1.490384579999999959e+00 1.722503129999999993e+00 1.954590089999999947e+00 2.186645930000000071e+00 2.418671139999999831e+00
-3.013221000000000060e+01 -2.989022720000000177e+01 -2.964836689999999919e+01 -2.940662830000000127e+01 -2.916501069999999984e+01 -2.892351299999999981e+01 -2.868213460000000126e+01 -2.844087449999999961e+01 -2.819973200000000091e+01 -2.795870629999999935e+01 -2.771779649999999862e+01 -2.747700190000000120e+01 -2.723632170000000130e+01 -2.699575510000000023e+01 -2.675530120000000167e+01 -2.651495939999999862e+01 -2.627472889999999950e+01 -2.603460880000000088e+01 -2.579459849999999932e+01 -2.555469719999999967e+01 -2.531490399999999852e+01 -2.507521840000000068e+01 -2.483563940000000159e+01 -2.459616630000000015e+01 -2.435679850000000002e+01 -2.411753510000000134e+01 -2.387837539999999947e+01 -2.363931870000000046e+01 -2.340036419999999850e+01 -2.316151119999999963e+01 -2.292275890000000160e+01 -2.268410659999999979e+01 -2.244555360000000022e+01 -2.220709899999999948e+01 -2.196874229999999883e+01 -2.173048250000000081e+01 -2.149231909999999957e+01 -2.125425119999999879e+01 -2.101627819999999858e+01 -2.077839919999999907e+01 -2.054061360000000036e+01 -2.030292060000000021e+01 -2.006531939999999992e+01 -1.982780939999999958e+01 -1.959038980000000052e+01 -1.935305990000000165e+01 -1.911581890000000072e+01 -1.887866610000000023e+01 -1.864160070000000147e+01 -1.840462210000000098e+01
-9.081267750000000305e+00 -8.847251050000000561e+00 -8.613291359999999841e+00 -8.379388020000000381e+00 -8.145540379999999914e+00 -7.911747789999999725e+00 -7.678009600000000212e+00 -7.444325179999999875e+00 -7.210693870000000061e+00 -6.977115050000000096e+00 -6.743588090000000257e+00 -6.510112359999999931e+00 -6.276687240000000223e+00 -6.043312099999999631e+00 -5.809986340000000027e+00 -5.576709339999999848e+00 -5.343480490000000138e+00 -5.110299190000000102e+00 -4.877164839999999835e+00 -4.644076860000000195e+00 -4.411034629999999623e+00 -4.178037589999999746e+00 -3.945085140000000212e+00 -3.712176710000000046e+00 -3.479311730000000047e+00 -3.246489609999999804e+00 -3.013709809999999933e+00 -2.780971749999999965e+00 -2.548274870000000192e+00 -2.315618629999999900e+00 -2.083002469999999828e+00 -1.850425849999999928e+00 -1.617888219999999988e+00 -1.385389049999999900e+00 -1.152927809999999997e+00 -9.205039640000000079e-01 -6.881169879999999850e-01 -4.557663619999999804e-01 -2.234515669999999898e-01 8.827908599999999967e-03 2.410725750000000112e-01 4.732829359999999874e-01 7.054594950000000475e-01 9.376027479999999859e-01 1.169713189999999958e+00 1.401791309999999902e+00 1.633837589999999951e+00 1.865852520000000014e+00 2.097836580000000062e+00 2.329790229999999962e+00
-3.021193949999999973e+01 -2.997004370000000151e+01 -2.972827020000000076e+01 -2.948661840000000112e+01 -2.924508730000000156e+01 -2.900367620000000102e+01 -2.876238409999999845e+01 -2.852121040000000107e+01 -2.828015419999999835e+01 -2.803921469999999871e+01 -2.779839099999999874e+01 -2.755768249999999853e+01 -2.731708830000000177e+01 -2.707660759999999911e+01 -2.683623980000000131e+01 -2.659598390000000023e+01 -2.635583919999999836e+01 -2.611580500000000171e+01 -2.587588059999999857e+01 -2.563606499999999855e+01 -2.539635769999999937e+01 -2.515675780000000117e+01 -2.491726450000000170e+01 -2.467787720000000107e+01 -2.443859510000000057e+01 -2.419941740000000152e+01 -2.396034339999999929e+01 -2.372137229999999875e+01 -2.348250339999999881e+01 -2.324373599999999840e+01 -2.300506929999999883e+01 -2.276650250000000142e+01 -2.252803490000000153e+01 -2.228966580000000164e+01 -2.205139450000000068e+01 -2.181322009999999878e+01 -2.157514189999999843e+01 -2.133715929999999972e+01 -2.109927150000000040e+01 -2.086147760000000062e+01 -2.062377700000000047e+01 -2.038616899999999887e+01 -2.014865280000000070e+01 -1.991122760000000014e+01 -1.967389269999999968e+01 -1.943664749999999941e+01 -1.919949099999999831e+01 -1.896242270000000119e+01 -1.872544159999999991e+01 -1.848854730000000046e+01
-9.150732500000000158e+00 -8.916785730000000854e+00 -8.682895690000000499e+00 -8.449061730000000381e+00 -8.215283189999999180e+00 -7.981559429999999900e+00 -7.747889790000000332e+00 -7.514273639999999865e+00 -7.280710339999999725e+00 -7.047199240000000309e+00 -6.813739729999999994e+00 -6.580331179999999947e+00 -6.346972960000000441e+00 -6.113664449999999917e+00 -5.880405050000000244e+00 -5.647194129999999923e+00 -5.414031099999999874e+00 -5.180915350000000252e+00 -4.947846280000000263e+00 -4.714823309999999879e+00 -4.481845830000000142e+00 -4.248913270000000075e+00 -4.016025049999999652e+00 -3.783180579999999793e+00 -3.550379299999999905e+00 -3.317620639999999899e+00 -3.084904030000000130e+00 -2.852228910000000006e+00 -2.619594730000000204e+00 -2.387000940000000071e+00 -2.154446979999999900e+00 -1.921932329999999967e+00 -1.689456419999999959e+00 -1.457018740000000090e+00 -1.224618750000000089e+00 -9.922559290000000365e-01 -7.599297470000000443e-01 -5.276396890000000228e-01 -2.953852419999999923e-01 -6.316589409999999460e-02 1.690188599999999930e-01 4.011695220000000006e-01 6.332865920000000370e-01 8.653705619999999543e-01 1.097421919999999940e+00 1.329441160000000011e+00 1.561428760000000082e+00 1.793385199999999902e+00 2.025310950000000165e+00 2.257206490000000176e+00
-3.027604009999999946e+01 -3.003421360000000107e+01 -2.979250950000000131e+01 -2.955092690000000033e+01 -2.930946499999999943e+01 -2.906812289999999876e+01 -2.882689990000000080e+01 -2.858579519999999974e+01 -2.834480789999999928e+01 -2.810393720000000073e+01 -2.786318239999999946e+01 -2.762254270000000034e+01 -2.738201730000000111e+01 -2.714160539999999955e+01 -2.690130630000000167e+01 -2.666111910000000051e+01 -2.642104319999999973e+01 -2.618107769999999945e+01 -2.594122189999999861e+01 -2.570147499999999852e+01 -2.546183630000000164e+01 -2.522230499999999864e+01 -2.498288039999999910e+01 -2.474356159999999960e+01 -2.450434810000000141e+01 -2.426523900000000111e+01 -2.402623350000000002e+01 -2.378733090000000061e+01 -2.354853049999999826e+01 -2.330983159999999899e+01 -2.307123329999999939e+01 -2.283273489999999839e+01 -2.259433569999999847e+01 -2.235603499999999855e+01 -2.211783189999999877e+01 -2.187972579999999923e+01 -2.164171590000000123e+01 -2.140380150000000015e+01 -2.116598169999999968e+01 -2.092825600000000108e+01 -2.069062339999999978e+01 -2.045308329999999941e+01 -2.021563499999999891e+01 -1.997827759999999842e+01 -1.974101050000000157e+01 -1.950383280000000141e+01 -1.926674390000000159e+01 -1.902974310000000102e+01 -1.879282939999999869e+01 -1.855600229999999939e+01
-9.204554140000000828e+00 -8.970661610000000508e+00 -8.736825599999999525e+00 -8.503045439999999289e+00 -8.269320479999999307e+00 -8.035650079999999917e+00 -7.802033589999999741e+00 -7.568470360000000063e+00 -7.334959760000000273e+00 -7.101501149999999818e+00 -6.868093899999999863e+00 -6.634737389999999735e+00 -6.401430999999999649e+00 -6.168174099999999882e+00 -5.934966079999999700e+00 -5.701806350000000023e+00 -5.468694280000000241e+00 -5.235629269999999558e+00 -5.002610749999999662e+00 -4.769638099999999881e+00 -4.536710740000000186e+00 -4.303828089999999662e+00 -4.070989570000000057e+00 -3.838194600000000012e+00 -3.605442609999999881e+00 -3.372733039999999960e+00 -3.140065330000000099e+00 -2.907438910000000210e+00 -2.674853230000000082e+00 -2.442307739999999949e+00 -2.209801899999999986e+00 -1.977335169999999920e+00 -1.744907009999999925e+00 -1.512516879999999952e+00 -1.280164269999999993e+00 -1.047848639999999998e+00 -8.155694709999999903e-01 -5.833262540000000440e-01 -3.511184749999999855e-01 -1.189456259999999987e-01 1.131927969999999978e-01 3.452972930000000051e-01 5.773683569999999987e-01 8.094064819999999827e-01 1.041412149999999981e+00 1.273385860000000092e+00 1.505328070000000018e+00 1.737239280000000052e+00 1.969119939999999902e+00 2.200970530000000203e+00
-3.032443539999999871e+01 -3.008266079999999931e+01 -2.984100839999999977e+01 -2.959947760000000017e+01 -2.935806729999999831e+01 -2.911677690000000140e+01 -2.887560549999999893e+01 -2.863455240000000046e+01 -2.839361660000000143e+01 -2.815279749999999837e+01 -2.791209419999999852e+01 -2.767150589999999966e+01 -2.743103199999999831e+01 -2.719067150000000055e+01 -2.695042379999999937e+01 -2.671028809999999964e+01 -2.647026350000000150e+01 -2.623034940000000148e+01 -2.599054500000000090e+01 -2.575084950000000106e+01 -2.551126209999999972e+01 -2.527178220000000053e+01 -2.503240890000000007e+01 -2.479314150000000083e+01 -2.455397930000000173e+01 -2.431492150000000052e+01 -2.407596729999999852e+01 -2.383711600000000175e+01 -2.359836689999999848e+01 -2.335971920000000068e+01 -2.312117209999999901e+01 -2.288272489999999948e+01 -2.264437690000000103e+01 -2.240612730000000141e+01 -2.216797539999999955e+01 -2.192992029999999914e+01 -2.169196150000000145e+01 -2.145409799999999834e+01 -2.121632920000000055e+01 -2.097865439999999992e+01 -2.074107270000000014e+01 -2.050358340000000013e+01 -2.026618579999999881e+01 -2.002887919999999866e+01 -1.979166269999999983e+01 -1.955453560000000124e+01 -1.931749729999999943e+01 -1.908054680000000047e+01 -1.884368359999999853e+01 -1.860690680000000086e+01
-9.242686170000000700e+00 -9.008832379999999418e+00 -8.775034950000000222e+00 -8.541293220000000019e+00 -8.307606520000000216e+00 -8.073974220000000201e+00 -7.840395660000000433e+00 -7.606870210000000299e+00 -7.373397220000000196e+00 -7.139976070000000341e+00 -6.906606120000000182e+00 -6.673286739999999995e+00 -6.440017319999999934e+00 -6.206797240000000215e+00 -5.973625890000000105e+00 -5.740502649999999818e+00 -5.507426920000000337e+00 -5.274398109999999917e+00 -5.041415620000000430e+00 -4.808478850000000193e+00 -4.575587220000000066e+00 -4.342740150000000021e+00 -4.109937060000000031e+00 -3.877177370000000067e+00 -3.644460519999999981e+00 -3.411785940000000128e+00 -3.179153069999999914e+00 -2.946561350000000079e+00 -2.714010229999999968e+00 -2.481499159999999815e+00 -2.249027610000000177e+00 -2.016595020000000016e+00 -1.784200870000000050e+00 -1.551844620000000008e+00 -1.319525749999999942e+00 -1.087243739999999903e+00 -8.549980649999999738e-01 -6.227882139999999511e-01 -3.906136760000000208e-01 -1.584739470000000039e-01 7.363147489999999351e-02 3.057030880000000117e-01 5.377413840000000445e-01 7.697468549999999521e-01 1.001719980000000065e+00 1.233661249999999932e+00 1.465571139999999994e+00 1.697450120000000062e+00 1.929298670000000104e+00 2.161117239999999828e+00
-3.035706180000000032e+01 -3.011532150000000030e+01 -2.987370329999999896e+01 -2.963220670000000112e+01 -2.939083060000000103e+01 -2.914957430000000116e+01 -2.890843710000000044e+01 -2.866741800000000140e+01 -2.842651629999999940e+01 -2.818573130000000049e+01 -2.794506200000000007e+01 -2.770450789999999941e+01 -2.746406789999999987e+01 -2.722374149999999915e+01 -2.698352789999999857e+01 -2.674342610000000064e+01 -2.650343559999999954e+01 -2.626355549999999894e+01 -2.602378510000000134e+01 -2.578412360000000092e+01 -2.554457030000000017e+01 -2.530512429999999924e+01 -2.506578509999999937e+01 -2.482655169999999956e+01 -2.458742339999999871e+01 -2.434839960000000048e+01 -2.410947940000000145e+01 -2.387066210000000055e+01 -2.363194689999999909e+01 -2.339333309999999955e+01 -2.315482000000000085e+01 -2.291640669999999957e+01 -2.267809259999999938e+01 -2.243987680000000040e+01 -2.220175880000000035e+01 -2.196373760000000175e+01 -2.172581249999999997e+01 -2.148798280000000105e+01 -2.125024780000000035e+01 -2.101260669999999919e+01 -2.077505869999999888e+01 -2.053760300000000072e+01 -2.030023909999999887e+01 -2.006296599999999941e+01 -1.982578300000000127e+01 -1.958868950000000098e+01 -1.935168459999999868e+01 -1.911476749999999925e+01 -1.887793759999999921e+01 -1.864119409999999988e+01
-9.265081170000000199e+00 -9.031250740000000832e+00 -8.797476570000000606e+00 -8.563757989999999154e+00 -8.330094360000000364e+00 -8.096485019999999366e+00 -7.862929330000000050e+00 -7.629426640000000148e+00 -7.395976319999999937e+00 -7.162577729999999754e+00 -6.929230249999999813e+00 -6.695933250000000392e+00 -6.462686099999999989e+00 -6.229488199999999587e+00 -5.996338930000000289e+00 -5.763237679999999585e+00 -5.530183840000000295e+00 -5.297176829999999725e+00 -5.064216039999999808e+00 -4.831300879999999687e+00 -4.598430770000000223e+00 -4.365605119999999673e+00 -4.132823359999999724e+00 -3.900084919999999844e+00 -3.667389220000000005e+00 -3.434735709999999997e+00 -3.202123809999999793e+00 -2.969552989999999948e+00 -2.737022669999999991e+00 -2.504532329999999973e+00 -2.272081410000000190e+00 -2.039669379999999865e+00 -1.807295700000000060e+00 -1.574959849999999939e+00 -1.342661300000000058e+00 -1.110399520000000084e+00 -8.781740049999999798e-01 -6.459842380000000439e-01 -4.138297109999999890e-01 -1.817099189999999975e-01 5.037563870000000277e-02 2.824274569999999929e-01 5.144460290000000269e-01 7.464318429999999838e-01 9.783853829999999974e-01 1.210307129999999898e+00 1.442197560000000101e+00 1.674057139999999944e+00 1.905886350000000062e+00 2.137685649999999882e+00
-3.037387560000000164e+01 -3.013215190000000021e+01 -2.989055049999999980e+01 -2.964907050000000055e+01 -2.940771099999999905e+01 -2.916647139999999894e+01 -2.892535069999999919e+01 -2.868434829999999991e+01 -2.844346320000000006e+01 -2.820269479999999973e+01 -2.796204210000000145e+01 -2.772150450000000177e+01 -2.748108119999999843e+01 -2.724077139999999986e+01 -2.700057430000000025e+01 -2.676048919999999853e+01 -2.652051519999999840e+01 -2.628065169999999995e+01 -2.604089790000000093e+01 -2.580125299999999910e+01 -2.556171630000000050e+01 -2.532228690000000171e+01 -2.508296419999999927e+01 -2.484374740000000159e+01 -2.460463580000000050e+01 -2.436562849999999969e+01 -2.412672489999999925e+01 -2.388792409999999933e+01 -2.364922550000000001e+01 -2.341062829999999906e+01 -2.317213170000000133e+01 -2.293373499999999865e+01 -2.269543739999999943e+01 -2.245723819999999904e+01 -2.221913669999999996e+01 -2.198113199999999878e+01 -2.174322349999999915e+01 -2.150541030000000120e+01 -2.126769170000000031e+01 -2.103006710000000012e+01 -2.079253549999999962e+01 -2.055509640000000005e+01 -2.031774880000000039e+01 -2.008049210000000073e+01 -1.984332560000000001e+01 -1.960624839999999836e+01 -1.936925979999999825e+01 -1.913235909999999862e+01 -1.889554550000000077e+01 -1.865881819999999891e+01
-9.271744509999999551e+00 -9.037922189999999745e+00 -8.804156100000000151e+00 -8.570445559999999574e+00 -8.336789919999999299e+00 -8.103188550000000490e+00 -7.869640780000000113e+00 -7.636145990000000161e+00 -7.402703520000000204e+00 -7.169312760000000395e+00 -6.935973060000000245e+00 -6.702683809999999909e+00 -6.469444379999999661e+00 -6.236254159999999658e+00 -6.003112530000000113e+00 -5.770018890000000233e+00 -5.536972640000000112e+00 -5.303973159999999964e+00 -5.071019879999999702e+00 -4.838112200000000307e+00 -4.605249530000000036e+00 -4.372431299999999688e+00 -4.139656910000000245e+00 -3.906925810000000165e+00 -3.674237429999999804e+00 -3.441591190000000022e+00 -3.208986550000000104e+00 -2.976422939999999961e+00 -2.743899809999999828e+00 -2.511416629999999817e+00 -2.278972840000000222e+00 -2.046567899999999884e+00 -1.814201289999999966e+00 -1.581872479999999914e+00 -1.349580940000000062e+00 -1.117326140000000079e+00 -8.851075840000000028e-01 -6.529247449999999731e-01 -4.207771189999999772e-01 -1.886642020000000031e-01 4.341450630000000255e-02 2.754595009999999955e-01 5.074712740000000277e-01 7.394503140000000529e-01 9.713971030000000395e-01 1.203312120000000096e+00 1.435195849999999940e+00 1.667048749999999968e+00 1.898871299999999929e+00 2.130663960000000134e+00
-3.037484239999999858e+01 -3.013311789999999846e+01 -2.989151569999999936e+01 -2.965003490000000141e+01 -2.940867460000000122e+01 -2.916743419999999887e+01 -2.892631270000000043e+01 -2.868530940000000129e+01 -2.844442349999999919e+01 -2.820365430000000018e+01 -2.796300079999999966e+01 -2.772246240000000128e+01 -2.748203829999999925e+01 -2.724172760000000082e+01 -2.700152969999999897e+01 -2.676144370000000094e+01 -2.652146899999999974e+01 -2.628160469999999904e+01 -2.604185000000000016e+01 -2.580220429999999965e+01 -2.556266670000000119e+01 -2.532323650000000015e+01 -2.508391299999999902e+01 -2.484469530000000148e+01 -2.460558280000000053e+01 -2.436657470000000103e+01 -2.412767029999999835e+01 -2.388886869999999973e+01 -2.365016920000000056e+01 -2.341157120000000091e+01 -2.317307369999999977e+01 -2.293467619999999840e+01 -2.269637780000000049e+01 -2.245817780000000141e+01 -2.222007539999999892e+01 -2.198206980000000144e+01 -2.174416049999999956e+01 -2.150634649999999937e+01 -2.126862709999999979e+01 -2.103100159999999974e+01 -2.079346920000000054e+01 -2.055602920000000111e+01 -2.031868079999999921e+01 -2.008142330000000086e+01 -1.984425590000000028e+01 -1.960717789999999994e+01 -1.937018850000000114e+01 -1.913328699999999927e+01 -1.889647250000000156e+01 -1.865974449999999862e+01
-9.262676239999999339e+00 -9.028846789999999345e+00 -8.795073589999999442e+00 -8.561355969999999260e+00 -8.327693289999999138e+00 -8.094084889999999533e+00 -7.860530129999999893e+00 -7.627028369999999668e+00 -7.393578970000000083e+00 -7.160181299999999638e+00 -6.926834719999999557e+00 -6.693538619999999995e+00 -6.460292370000000339e+00 -6.227095349999999918e+00 -5.993946949999999774e+00 -5.760846570000000000e+00 -5.527793609999999802e+00 -5.294787450000000284e+00 -5.061827509999999641e+00 -4.828913199999999684e+00 -4.596043919999999616e+00 -4.363219110000000178e+00 -4.130438179999999626e+00 -3.897700550000000153e+00 -3.665005670000000215e+00 -3.432352959999999786e+00 -3.199741860000000049e+00 -2.967171829999999844e+00 -2.734642309999999910e+00 -2.502152740000000097e+00 -2.269702600000000015e+00 -2.037291339999999895e+00 -1.804918430000000074e+00 -1.572583339999999996e+00 -1.340285530000000058e+00 -1.108024509999999907e+00 -8.757997320000000530e-01 -6.436107009999999518e-01 -4.114569040000000122e-01 -1.793378369999999999e-01 5.274700119999999742e-02 2.847981059999999953e-01 5.168159690000000417e-01 7.488010790000000361e-01 9.807539210000000285e-01 1.212674969999999908e+00 1.444564720000000024e+00 1.676423620000000003e+00 1.908252150000000036e+00 2.140050770000000213e+00
-3.035996109999999959e+01 -3.011821799999999882e+01 -2.987659710000000146e+01 -2.963509769999999932e+01 -2.939371889999999965e+01 -2.915245990000000020e+01 -2.891131989999999874e+01 -2.867029810000000012e+01 -2.842939379999999971e+01 -2.818860600000000005e+01 -2.794793410000000122e+01 -2.770737730000000099e+01 -2.746693469999999948e+01 -2.722660570000000035e+01 -2.698638940000000019e+01 -2.674628500000000031e+01 -2.650629190000000079e+01 -2.626640919999999824e+01 -2.602663619999999867e+01 -2.578697220000000101e+01 -2.554741629999999830e+01 -2.530796780000000012e+01 -2.506862599999999830e+01 -2.482939000000000007e+01 -2.459025929999999960e+01 -2.435123289999999940e+01 -2.411231019999999958e+01 -2.387349040000000144e+01 -2.363477280000000036e+01 -2.339615650000000002e+01 -2.315764090000000053e+01 -2.291922519999999963e+01 -2.268090859999999864e+01 -2.244269050000000121e+01 -2.220457000000000036e+01 -2.196654639999999858e+01 -2.172861890000000074e+01 -2.149078679999999864e+01 -2.125304939999999831e+01 -2.101540590000000108e+01 -2.077785559999999876e+01 -2.054039759999999859e+01 -2.030303130000000067e+01 -2.006575589999999920e+01 -1.982857070000000022e+01 -1.959147480000000030e+01 -1.935446759999999955e+01 -1.911754829999999927e+01 -1.888071610000000078e+01 -1.864397040000000061e+01
-9.237900330000000437e+00 -9.004048470000000748e+00 -8.770252960000000542e+00 -8.536513120000000399e+00 -8.302828319999999707e+00 -8.069197889999999873e+00 -7.835621190000000347e+00 -7.602097579999999688e+00 -7.368626420000000010e+00 -7.135207079999999813e+00 -6.901838930000000261e+00 -6.668521339999999853e+00 -6.435253699999999633e+00 -6.202035379999999876e+00 -5.968865769999999848e+00 -5.735744259999999706e+00 -5.502670260000000368e+00 -5.269643160000000215e+00 -5.036662360000000227e+00 -4.803727270000000438e+00 -4.570837309999999931e+00 -4.337991899999999568e+00 -4.105190450000000268e+00 -3.872432390000000169e+00 -3.639717160000000007e+00 -3.407044180000000200e+00 -3.174412900000000093e+00 -2.941822769999999920e+00 -2.709273220000000038e+00 -2.476763710000000174e+00 -2.244293700000000058e+00 -2.011862649999999864e+00 -1.779470019999999986e+00 -1.547115290000000032e+00 -1.314797919999999953e+00 -1.082517399999999963e+00 -8.502732050000000319e-01 -6.180648220000000137e-01 -3.858917419999999820e-01 -1.537534600000000085e-01 7.835052550000000393e-02 3.104207119999999875e-01 5.424575929999999602e-01 7.744616589999999690e-01 1.006433389999999983e+00 1.238373280000000021e+00 1.470281790000000033e+00 1.702159409999999928e+00 1.934006600000000020e+00 2.165823829999999894e+00
-3.032921890000000076e+01 -3.008743970000000090e+01 -2.984578279999999850e+01 -2.960424739999999844e+01 -2.936283260000000084e+01 -2.912153770000000108e+01 -2.888036179999999931e+01 -2.863930410000000037e+01 -2.839836389999999966e+01 -2.815754030000000085e+01 -2.791683259999999933e+01 -2.767623989999999878e+01 -2.743576159999999931e+01 -2.719539680000000104e+01 -2.695514470000000173e+01 -2.671500460000000032e+01 -2.647497570000000167e+01 -2.623505730000000113e+01 -2.599524860000000004e+01 -2.575554879999999969e+01 -2.551595730000000017e+01 -2.527647310000000047e+01 -2.503709560000000067e+01 -2.479782399999999853e+01 -2.455865760000000009e+01 -2.431959559999999954e+01 -2.408063729999999936e+01 -2.384178190000000086e+01 -2.360302869999999942e+01 -2.336437689999999989e+01 -2.312582570000000004e+01 -2.288737449999999995e+01 -2.264902239999999978e+01 -2.241076879999999960e+01 -2.217261290000000074e+01 -2.193455390000000094e+01 -2.169659100000000151e+01 -2.145872359999999901e+01 -2.122095089999999828e+01 -2.098327219999999826e+01 -2.074568659999999909e+01 -2.050819339999999968e+01 -2.027079200000000014e+01 -2.003348150000000061e+01 -1.979626120000000000e+01 -1.955913029999999964e+01 -1.932208819999999960e+01 -1.908513400000000004e+01 -1.884826699999999988e+01 -1.861148650000000160e+01
-9.197454809999999981e+00 -8.963565179999999799e+00 -8.729732050000000854e+00 -8.495954749999999223e+00 -8.262232629999999745e+00 -8.028565040000000153e+00 -7.794951339999999895e+00 -7.561390880000000259e+00 -7.327883029999999742e+00 -7.094427139999999632e+00 -6.861022600000000082e+00 -6.627668779999999593e+00 -6.394365050000000217e+00 -6.161110790000000392e+00 -5.927905400000000213e+00 -5.694748259999999895e+00 -5.461638770000000420e+00 -5.228576330000000105e+00 -4.995560349999999872e+00 -4.762590219999999874e+00 -4.529665360000000085e+00 -4.296785200000000415e+00 -4.063949140000000071e+00 -3.831156619999999791e+00 -3.598407059999999991e+00 -3.365699890000000138e+00 -3.133034569999999963e+00 -2.900410519999999881e+00 -2.667827190000000126e+00 -2.435284039999999983e+00 -2.202780510000000191e+00 -1.970316079999999914e+00 -1.737890200000000052e+00 -1.505502340000000050e+00 -1.273151970000000022e+00 -1.040838570000000018e+00 -8.085616140000000396e-01 -5.763205930000000476e-01 -3.441149940000000074e-01 -1.119443080000000063e-01 1.201919679999999963e-01 3.522943330000000151e-01 5.843632829999999556e-01 8.163993080000000457e-01 1.048402899999999915e+00 1.280374530000000011e+00 1.512314689999999962e+00 1.744223859999999959e+00 1.976102500000000095e+00 2.207951079999999955e+00
-3.028263839999999973e+01 -3.004080550000000116e+01 -2.979909509999999884e+01 -2.955750610000000123e+01 -2.931603790000000131e+01 -2.907468959999999925e+01 -2.883346029999999871e+01 -2.859234939999999980e+01 -2.835135590000000150e+01 -2.811047900000000155e+01 -2.786971810000000005e+01 -2.762907230000000069e+01 -2.738854070000000007e+01 -2.714812279999999944e+01 -2.690781760000000133e+01 -2.666762440000000112e+01 -2.642754240000000010e+01 -2.618757099999999838e+01 -2.594770919999999848e+01 -2.570795640000000049e+01 -2.546831179999999861e+01 -2.522877460000000127e+01 -2.498934410000000028e+01 -2.475001960000000167e+01 -2.451080019999999848e+01 -2.427168530000000146e+01 -2.403267410000000126e+01 -2.379376579999999919e+01 -2.355495970000000128e+01 -2.331625500000000173e+01 -2.307765099999999947e+01 -2.283914700000000053e+01 -2.260074219999999912e+01 -2.236243590000000125e+01 -2.212422730000000115e+01 -2.188611560000000011e+01 -2.164810019999999824e+01 -2.141018019999999922e+01 -2.117235499999999959e+01 -2.093462380000000067e+01 -2.069698580000000021e+01 -2.045944030000000069e+01 -2.022198660000000103e+01 -1.998462389999999900e+01 -1.974735139999999944e+01 -1.951016849999999891e+01 -1.927307430000000110e+01 -1.903606819999999900e+01 -1.879914940000000101e+01 -1.856231710000000135e+01
-9.141395029999999977e+00 -8.907452100000000428e+00 -8.673565879999999950e+00 -8.439735710000000779e+00 -8.205960929999999820e+00 -7.972240890000000135e+00 -7.738574960000000225e+00 -7.504962479999999658e+00 -7.271402819999999600e+00 -7.037895340000000388e+00 -6.804439419999999572e+00 -6.571034420000000154e+00 -6.337679729999999623e+00 -6.104374729999999971e+00 -5.871118799999999638e+00 -5.637911329999999666e+00 -5.404751720000000148e+00 -5.171639370000000291e+00 -4.938573670000000249e+00 -4.705554039999999993e+00 -4.472579889999999558e+00 -4.239650619999999925e+00 -4.006765670000000057e+00 -3.773924440000000047e+00 -3.541126380000000129e+00 -3.308370909999999832e+00 -3.075657469999999893e+00 -2.842985500000000165e+00 -2.610354440000000054e+00 -2.377763739999999792e+00 -2.145212859999999999e+00 -1.912701250000000019e+00 -1.680228379999999966e+00 -1.447793700000000072e+00 -1.215396689999999946e+00 -9.830368290000000009e-01 -7.507135839999999893e-01 -5.184264419999999873e-01 -2.861748880000000161e-01 -5.395841199999999727e-02 1.782234920000000111e-01 4.103713250000000090e-01 6.424855860000000529e-01 8.745667679999999944e-01 1.106615359999999937e+00 1.338631860000000007e+00 1.570616730000000016e+00 1.802570460000000097e+00 2.034493530000000217e+00 2.266386400000000023e+00
-3.022025890000000103e+01 -2.997835489999999936e+01 -2.973657329999999988e+01 -2.949491340000000150e+01 -2.925337430000000083e+01 -2.901195510000000155e+01 -2.877065509999999904e+01 -2.852947350000000171e+01 -2.828840930000000142e+01 -2.804746189999999828e+01 -2.780663039999999953e+01 -2.756591410000000053e+01 -2.732531210000000144e+01 -2.708482370000000117e+01 -2.684444810000000103e+01 -2.660418449999999879e+01 -2.636403220000000047e+01 -2.612399040000000028e+01 -2.588405829999999952e+01 -2.564423520000000067e+01 -2.540452039999999911e+01 -2.516491290000000092e+01 -2.492541220000000024e+01 -2.468601749999999839e+01 -2.444672789999999907e+01 -2.420754279999999881e+01 -2.396846139999999892e+01 -2.372948299999999833e+01 -2.349060679999999834e+01 -2.325183210000000145e+01 -2.301315809999999829e+01 -2.277458409999999844e+01 -2.253610929999999968e+01 -2.229773309999999853e+01 -2.205945459999999869e+01 -2.182127309999999909e+01 -2.158318789999999865e+01 -2.134519819999999868e+01 -2.110730339999999927e+01 -2.086950249999999940e+01 -2.063179500000000033e+01 -2.039418009999999981e+01 -2.015665690000000154e+01 -1.991922489999999968e+01 -1.968188320000000147e+01 -1.944463109999999872e+01 -1.920746790000000104e+01 -1.897039279999999906e+01 -1.873340509999999881e+01 -1.849650409999999923e+01
-9.069787249999999190e+00 -8.835775299999999888e+00 -8.601820319999999853e+00 -8.367921660000000372e+00 -8.134078649999999300e+00 -7.900290670000000404e+00 -7.666557049999999762e+00 -7.432877150000000377e+00 -7.199250349999999798e+00 -6.965676000000000201e+00 -6.732153470000000084e+00 -6.498682129999999724e+00 -6.265261370000000163e+00 -6.031890569999999840e+00 -5.798569099999999921e+00 -5.565296370000000437e+00 -5.332071749999999888e+00 -5.098894660000000023e+00 -4.865764480000000169e+00 -4.632680630000000299e+00 -4.399642519999999557e+00 -4.166649549999999813e+00 -3.933701150000000091e+00 -3.700796739999999918e+00 -3.467935740000000155e+00 -3.235117579999999826e+00 -3.002341700000000113e+00 -2.769607539999999979e+00 -2.536914529999999779e+00 -2.304262130000000131e+00 -2.071649779999999996e+00 -1.839076949999999933e+00 -1.606543080000000012e+00 -1.374047639999999904e+00 -1.141590099999999941e+00 -9.091699250000000454e-01 -6.767865960000000181e-01 -4.444395899999999955e-01 -2.121283900000000000e-01 2.014751739999999861e-02 2.523886410000000247e-01 4.845954849999999925e-01 7.167685529999999750e-01 9.489083390000000451e-01 1.181015340000000080e+00 1.413090039999999936e+00 1.645132929999999938e+00 1.877144490000000054e+00 2.109125199999999811e+00 2.341075539999999844e+00
-3.014212699999999856e+01 -2.990013430000000128e+01 -2.965826420000000141e+01 -2.941651590000000027e+01 -2.917488850000000156e+01 -2.893338119999999947e+01 -2.869199310000000125e+01 -2.845072349999999872e+01 -2.820957140000000152e+01 -2.796853619999999907e+01 -2.772761690000000101e+01 -2.748681290000000033e+01 -2.724612330000000071e+01 -2.700554729999999992e+01 -2.676508409999999927e+01 -2.652473300000000123e+01 -2.628449320000000000e+01 -2.604436390000000046e+01 -2.580434440000000151e+01 -2.556443390000000093e+01 -2.532463170000000119e+01 -2.508493689999999887e+01 -2.484534890000000118e+01 -2.460586680000000115e+01 -2.436648999999999887e+01 -2.412721769999999921e+01 -2.388804909999999992e+01 -2.364898349999999994e+01 -2.341002020000000172e+01 -2.317115839999999949e+01 -2.293239730000000165e+01 -2.269373630000000119e+01 -2.245517449999999826e+01 -2.221671130000000005e+01 -2.197834590000000077e+01 -2.174007759999999934e+01 -2.150190560000000062e+01 -2.126382919999999999e+01 -2.102584759999999875e+01 -2.078796020000000055e+01 -2.055016619999999961e+01 -2.031246480000000076e+01 -2.007485529999999940e+01 -1.983733700000000155e+01 -1.959990910000000142e+01 -1.936257090000000147e+01 -1.912532170000000065e+01 -1.888816070000000025e+01 -1.865108730000000037e+01 -1.841410049999999998e+01
-8.982713370000000808e+00 -8.748616439999999272e+00 -8.514576809999999440e+00 -8.280593800000000115e+00 -8.046666780000000685e+00 -7.812795099999999771e+00 -7.578978099999999607e+00 -7.345215149999999582e+00 -7.111505610000000033e+00 -6.877848840000000408e+00 -6.644244220000000034e+00 -6.410691110000000137e+00 -6.177188899999999983e+00 -5.943736969999999786e+00 -5.710334689999999824e+00 -5.476981470000000130e+00 -5.243676680000000090e+00 -5.010419729999999738e+00 -4.777210020000000057e+00 -4.544046940000000312e+00 -4.310929920000000415e+00 -4.077858359999999571e+00 -3.844831670000000035e+00 -3.611849279999999940e+00 -3.378910610000000148e+00 -3.146015080000000186e+00 -2.913162139999999845e+00 -2.680351209999999984e+00 -2.447581730000000011e+00 -2.214853160000000099e+00 -1.982164929999999936e+00 -1.749516510000000080e+00 -1.516907329999999998e+00 -1.284336879999999903e+00 -1.051804600000000089e+00 -8.193099700000000540e-01 -5.868524590000000485e-01 -3.544315419999999883e-01 -1.220467009999999936e-01 1.103025819999999962e-01 3.426168199999999886e-01 5.748965190000000502e-01 8.071421859999999837e-01 1.039354319999999943e+00 1.271533419999999914e+00 1.503679980000000027e+00 1.735794489999999968e+00 1.967877429999999928e+00 2.199929280000000098e+00 2.431950529999999944e+00
-3.004830559999999906e+01 -2.980620670000000061e+01 -2.956423059999999836e+01 -2.932237639999999956e+01 -2.908064329999999842e+01 -2.883903049999999979e+01 -2.859753710000000027e+01 -2.835616219999999998e+01 -2.811490500000000026e+01 -2.787376480000000001e+01 -2.763274060000000176e+01 -2.739183179999999851e+01 -2.715103739999999988e+01 -2.691035670000000124e+01 -2.666978900000000152e+01 -2.642933329999999970e+01 -2.618898899999999941e+01 -2.594875529999999841e+01 -2.570863149999999919e+01 -2.546861660000000072e+01 -2.522871010000000069e+01 -2.498891100000000165e+01 -2.474921880000000129e+01 -2.450963249999999860e+01 -2.427015150000000077e+01 -2.403077509999999961e+01 -2.379150239999999883e+01 -2.355233279999999851e+01 -2.331326539999999881e+01 -2.307429959999999980e+01 -2.283543459999999925e+01 -2.259666959999999847e+01 -2.235800400000000110e+01 -2.211943700000000135e+01 -2.188096790000000169e+01 -2.164259589999999989e+01 -2.140432020000000080e+01 -2.116614020000000096e+01 -2.092805519999999930e+01 -2.069006429999999952e+01 -2.045216690000000170e+01 -2.021436230000000123e+01 -1.997664959999999823e+01 -1.973902819999999991e+01 -1.950149730000000048e+01 -1.926405619999999885e+01 -1.902670420000000107e+01 -1.878944059999999894e+01 -1.855226460000000088e+01 -1.831517549999999872e+01
-8.880293970000000314e+00 -8.646095949999999419e+00 -8.411955580000000765e+00 -8.177872199999999481e+00 -7.943845170000000344e+00 -7.709873840000000200e+00 -7.475957560000000335e+00 -7.242095700000000136e+00 -7.008287610000000001e+00 -6.774532660000000206e+00 -6.540830230000000078e+00 -6.307179679999999955e+00 -6.073580399999999990e+00 -5.840031759999999572e+00 -5.606533149999999743e+00 -5.373083949999999831e+00 -5.139683559999999929e+00 -4.906331380000000131e+00 -4.673026799999999703e+00 -4.439769219999999628e+00 -4.206558049999999938e+00 -3.973392710000000161e+00 -3.740272599999999947e+00 -3.507197150000000097e+00 -3.274165780000000137e+00 -3.041177910000000040e+00 -2.808232970000000162e+00 -2.575330399999999909e+00 -2.342469630000000080e+00 -2.109650110000000023e+00 -1.876871280000000031e+00 -1.644132589999999894e+00 -1.411433490000000068e+00 -1.178773450000000000e+00 -9.461519130000000111e-01 -7.135683560000000147e-01 -4.810222439999999877e-01 -2.485130500000000131e-01 -1.604025099999999843e-02 2.163966740000000111e-01 4.487982400000000149e-01 6.811649589999999588e-01 9.134973400000000465e-01 1.145795890000000039e+00 1.378061100000000039e+00 1.610293479999999944e+00 1.842493520000000107e+00 2.074661700000000053e+00 2.306798520000000075e+00 2.538904449999999979e+00
-2.993889610000000090e+01 -2.969667330000000049e+01 -2.945457349999999863e+01 -2.921259600000000134e+01 -2.897073980000000049e+01 -2.872900410000000093e+01 -2.848738799999999927e+01 -2.824589059999999918e+01 -2.800451109999999844e+01 -2.776324869999999834e+01 -2.752210249999999903e+01 -2.728107179999999943e+01 -2.704015559999999851e+01 -2.679935329999999993e+01 -2.655866389999999910e+01 -2.631808679999999967e+01 -2.607762110000000177e+01 -2.583726610000000079e+01 -2.559702090000000041e+01 -2.535688490000000073e+01 -2.511685719999999833e+01 -2.487693700000000163e+01 -2.463712370000000007e+01 -2.439741649999999851e+01 -2.415781450000000063e+01 -2.391831709999999944e+01 -2.367892360000000096e+01 -2.343963310000000178e+01 -2.320044490000000081e+01 -2.296135840000000172e+01 -2.272237270000000109e+01 -2.248348710000000139e+01 -2.224470080000000038e+01 -2.200601320000000172e+01 -2.176742360000000076e+01 -2.152893110000000121e+01 -2.129053499999999843e+01 -2.105223469999999963e+01 -2.081402939999999901e+01 -2.057591830000000144e+01 -2.033790079999999989e+01 -2.009997609999999924e+01 -1.986214340000000078e+01 -1.962440219999999869e+01 -1.938675149999999903e+01 -1.914919079999999951e+01 -1.891171920000000028e+01 -1.867433610000000144e+01 -1.843704079999999834e+01 -1.819983249999999941e+01
-8.762593159999999770e+00 -8.528277680000000416e+00 -8.294020240000000044e+00 -8.059820189999999940e+00 -7.825676890000000441e+00 -7.591589700000000107e+00 -7.357557960000000286e+00 -7.123581040000000364e+00 -6.889658299999999791e+00 -6.655789119999999670e+00 -6.421972850000000399e+00 -6.188208890000000295e+00 -5.954496599999999695e+00 -5.720835369999999642e+00 -5.487224580000000351e+00 -5.253663610000000261e+00 -5.020151870000000294e+00 -4.786688739999999775e+00 -4.553273629999999628e+00 -4.319905930000000005e+00 -4.086585059999999991e+00 -3.853310420000000125e+00 -3.620081419999999994e+00 -3.386897489999999955e+00 -3.153758040000000040e+00 -2.920662500000000161e+00 -2.687610289999999846e+00 -2.454600849999999834e+00 -2.221633619999999976e+00 -1.988708020000000021e+00 -1.755823520000000082e+00 -1.522979539999999909e+00 -1.290175550000000060e+00 -1.057411000000000101e+00 -8.246853389999999617e-01 -5.919980390000000314e-01 -3.593485630000000097e-01 -1.267363800000000096e-01 1.058390369999999969e-01 3.383782109999999843e-01 5.708816610000000402e-01 8.033499029999999763e-01 1.035783450000000050e+00 1.268182810000000105e+00 1.500548479999999962e+00 1.732880970000000076e+00 1.965180780000000071e+00 2.197448399999999857e+00 2.429684309999999847e+00 2.661889009999999889e+00
-2.981399670000000057e+01 -2.957163209999999864e+01 -2.932939089999999993e+01 -2.908727239999999981e+01 -2.884527549999999962e+01 -2.860339940000000070e+01 -2.836164319999999961e+01 -2.812000600000000006e+01 -2.787848689999999863e+01 -2.763708510000000018e+01 -2.739579979999999892e+01 -2.715463009999999855e+01 -2.691357520000000036e+01 -2.667263420000000096e+01 -2.643180639999999926e+01 -2.619109089999999895e+01 -2.595048699999999897e+01 -2.570999390000000062e+01 -2.546961070000000049e+01 -2.522933670000000106e+01 -2.498917120000000125e+01 -2.474911330000000120e+01 -2.450916229999999985e+01 -2.426931739999999849e+01 -2.402957800000000077e+01 -2.378994309999999857e+01 -2.355041209999999907e+01 -2.331098420000000004e+01 -2.307165870000000041e+01 -2.283243489999999909e+01 -2.259331189999999978e+01 -2.235428909999999902e+01 -2.211536579999999930e+01 -2.187654110000000074e+01 -2.163781439999999989e+01 -2.139918499999999923e+01 -2.116065199999999891e+01 -2.092221479999999900e+01 -2.068387269999999845e+01 -2.044562499999999972e+01 -2.020747079999999940e+01 -1.996940950000000115e+01 -1.973144040000000032e+01 -1.949356269999999824e+01 -1.925577579999999855e+01 -1.901807889999999901e+01 -1.878047129999999854e+01 -1.854295219999999844e+01 -1.830552099999999882e+01 -1.806817690000000098e+01
-8.629776659999999211e+00 -8.395327240000000302e+00 -8.160936290000000426e+00 -7.926603159999999981e+00 -7.692327210000000193e+00 -7.458107789999999682e+00 -7.223944259999999673e+00 -6.989835990000000443e+00 -6.755782349999999603e+00 -6.521782700000000155e+00 -6.287836409999999709e+00 -6.053942870000000198e+00 -5.820101450000000121e+00 -5.586311539999999631e+00 -5.352572519999999834e+00 -5.118883770000000055e+00 -4.885244700000000329e+00 -4.651654699999999920e+00 -4.418113159999999873e+00 -4.184619480000000280e+00 -3.951173090000000165e+00 -3.717773380000000127e+00 -3.484419760000000199e+00 -3.251111659999999848e+00 -3.017848489999999995e+00 -2.784629670000000168e+00 -2.551454640000000218e+00 -2.318322820000000117e+00 -2.085233650000000161e+00 -1.852186569999999977e+00 -1.619181009999999921e+00 -1.386216420000000005e+00 -1.153292259999999958e+00 -9.204079640000000229e-01 -6.875629979999999808e-01 -4.547568200000000060e-01 -2.219888929999999927e-01 1.074131809999999930e-02 2.434343409999999985e-01 4.760907030000000040e-01 7.087109270000000460e-01 9.412955299999999914e-01 1.173845030000000067e+00 1.406359939999999975e+00 1.638840759999999896e+00 1.871288000000000062e+00 2.103702160000000099e+00 2.336083739999999853e+00 2.568433240000000062e+00 2.800751140000000028e+00
-2.967293989999999937e+01 -2.943041829999999948e+01 -2.918802069999999915e+01 -2.894574610000000092e+01 -2.870359360000000137e+01 -2.846156230000000065e+01 -2.821965120000000127e+01 -2.797785939999999982e+01 -2.773618600000000001e+01 -2.749463019999999958e+01 -2.725319109999999867e+01 -2.701186769999999981e+01 -2.677065939999999955e+01 -2.652956509999999923e+01 -2.628858419999999896e+01 -2.604771570000000125e+01 -2.580695890000000148e+01 -2.556631289999999979e+01 -2.532577690000000104e+01 -2.508535030000000177e+01 -2.484503210000000095e+01 -2.460482149999999990e+01 -2.436471799999999988e+01 -2.412472049999999868e+01 -2.388482850000000113e+01 -2.364504099999999909e+01 -2.340535750000000093e+01 -2.316577699999999851e+01 -2.292629900000000021e+01 -2.268692259999999905e+01 -2.244764699999999991e+01 -2.220847159999999931e+01 -2.196939569999999975e+01 -2.173041840000000136e+01 -2.149153910000000067e+01 -2.125275699999999901e+01 -2.101407139999999885e+01 -2.077548159999999910e+01 -2.053698689999999871e+01 -2.029858640000000136e+01 -2.006027969999999883e+01 -1.982206580000000073e+01 -1.958394410000000008e+01 -1.934591389999999933e+01 -1.910797450000000097e+01 -1.887012509999999921e+01 -1.863236500000000007e+01 -1.839469360000000009e+01 -1.815711010000000059e+01 -1.791961380000000048e+01
-8.481973849999999260e+00 -8.247374020000000527e+00 -8.012833099999999931e+00 -7.778350449999999583e+00 -7.543925419999999882e+00 -7.309557380000000215e+00 -7.075245690000000032e+00 -6.840989719999999608e+00 -6.606788830000000168e+00 -6.372642410000000091e+00 -6.138549819999999713e+00 -5.904510450000000077e+00 -5.670523669999999683e+00 -5.436588880000000401e+00 -5.202705449999999843e+00 -4.968872789999999817e+00 -4.735090279999999652e+00 -4.501357310000000389e+00 -4.267673300000000225e+00 -4.034037640000000202e+00 -3.800449749999999849e+00 -3.566909020000000208e+00 -3.333414869999999919e+00 -3.099966729999999782e+00 -2.866564009999999829e+00 -2.633206120000000094e+00 -2.399892509999999923e+00 -2.166622600000000176e+00 -1.933395820000000098e+00 -1.700211609999999984e+00 -1.467069409999999907e+00 -1.233968659999999939e+00 -1.000908810000000093e+00 -7.678893110000000188e-01 -5.349096180000000311e-01 -3.019691869999999723e-01 -6.906747900000000107e-02 1.637960420000000028e-01 3.966219069999999958e-01 6.294106459999999625e-01 8.621627830000000436e-01 1.094878840000000020e+00 1.327559340000000088e+00 1.560204790000000008e+00 1.792815700000000012e+00 2.025392590000000048e+00 2.257935949999999803e+00 2.490446289999999951e+00 2.722924110000000120e+00 2.955369890000000055e+00
-2.949583960000000005e+01 -2.927369889999999941e+01 -2.903112739999999903e+01 -2.878867950000000064e+01 -2.854635439999999846e+01 -2.830415089999999978e+01 -2.806206819999999880e+01 -2.782010530000000159e+01 -2.757826130000000120e+01 -2.733653520000000015e+01 -2.709492609999999857e+01 -2.685343310000000017e+01 -2.661205539999999914e+01 -2.637079209999999918e+01 -2.612964230000000043e+01 -2.588860509999999948e+01 -2.564767979999999881e+01 -2.540686549999999855e+01 -2.516616129999999885e+01 -2.492556649999999863e+01 -2.468508029999999920e+01 -2.444470180000000070e+01 -2.420443029999999851e+01 -2.396426500000000104e+01 -2.372420520000000010e+01 -2.348424989999999823e+01 -2.324439860000000024e+01 -2.300465030000000155e+01 -2.276500439999999870e+01 -2.252546020000000127e+01 -2.228601679999999874e+01 -2.204667350000000070e+01 -2.180742959999999897e+01 -2.156828439999999958e+01 -2.132923710000000028e+01 -2.109028700000000001e+01 -2.085143340000000123e+01 -2.061267550000000170e+01 -2.037401270000000153e+01 -2.013544410000000084e+01 -1.989696920000000091e+01 -1.965858709999999832e+01 -1.942029720000000026e+01 -1.918209879999999856e+01 -1.894399119999999925e+01 -1.870597349999999892e+01 -1.846804530000000000e+01 -1.823020569999999907e+01 -1.799245399999999862e+01 -1.775478950000000111e+01
-6.369798620000000078e+00 -6.135612380000000421e+00 -5.901479720000000206e+00 -5.667399999999999771e+00 -5.433372620000000097e+00 -5.199396949999999684e+00 -4.965472390000000402e+00 -4.731598319999999802e+00 -4.497774149999999693e+00 -4.263999260000000291e+00 -4.030273059999999852e+00 -3.796594960000000185e+00 -3.562964360000000053e+00 -3.329380669999999931e+00 -3.095843309999999793e+00 -2.862351700000000054e+00 -2.628905249999999860e+00 -2.395503390000000010e+00 -2.162145549999999972e+00 -1.928831170000000039e+00 -1.695559660000000024e+00 -1.462330480000000099e+00 -1.229143069999999893e+00 -9.959968609999999556e-01 -7.628913149999999588e-01 -5.298258799999999713e-01 -2.968000120000000019e-01 -6.381316920000000559e-02 1.691351849999999934e-01 4.020455840000000114e-01 6.349185579999999662e-01 8.677546350000000519e-01 1.100554339999999964e+00 1.333318189999999959e+00 1.566046700000000014e+00 1.798740379999999917e+00 2.031399749999999838e+00 2.264025310000000069e+00 2.496617559999999791e+00 2.729177009999999903e+00 2.961704140000000152e+00 3.194199450000000162e+00 3.426663430000000066e+00 3.659096569999999993e+00 3.891499340000000196e+00 4.123872229999999917e+00 4.356215709999999852e+00 4.588530249999999810e+00 4.820816330000000427e+00 5.053074399999999855e+00
-3.142697709999999844e+01 -3.118312309999999954e+01 -3.093940350000000095e+01 -3.069581700000000168e+01 -3.045236260000000073e+01 -3.020903889999999947e+01 -2.996584500000000162e+01 -2.972277950000000146e+01 -2.947984149999999914e+01 -2.923702989999999957e+01 -2.899434360000000055e+01 -2.875178160000000105e+01 -2.850934290000000004e+01 -2.826702639999999889e+01 -2.802483120000000127e+01 -2.778275640000000024e+01 -2.754080090000000069e+01 -2.729896390000000039e+01 -2.705724439999999831e+01 -2.681564159999999930e+01 -2.657415440000000117e+01 -2.633278220000000047e+01 -2.609152389999999855e+01 -2.585037870000000026e+01 -2.560934579999999983e+01 -2.536842439999999854e+01 -2.512761360000000010e+01 -2.488691250000000110e+01 -2.464632050000000163e+01 -2.440583669999999827e+01 -2.416546019999999828e+01 -2.392519030000000058e+01 -2.368502630000000053e+01 -2.344496729999999829e+01 -2.320501259999999988e+01 -2.296516129999999833e+01 -2.272541289999999847e+01 -2.248576639999999927e+01 -2.224622109999999964e+01 -2.200677639999999968e+01 -2.176743139999999954e+01 -2.152818540000000169e+01 -2.128903779999999912e+01 -2.104998760000000146e+01 -2.081103429999999932e+01 -2.057217710000000110e+01 -2.033341520000000102e+01 -2.009474799999999917e+01 -1.985617480000000157e+01 -1.961769479999999888e+01
-6.521275629999999879e+00 -6.287241690000000105e+00 -6.053260850000000026e+00 -5.819332509999999736e+00 -5.585456040000000399e+00 -5.351630819999999567e+00 -5.117856249999999996e+00 -4.884131700000000187e+00 -4.650456590000000112e+00 -4.416830299999999987e+00 -4.183252229999999905e+00 -3.949721789999999899e+00 -3.716238390000000003e+00 -3.482801439999999804e+00 -3.249410349999999781e+00 -3.016064539999999905e+00 -2.782763430000000149e+00 -2.549506449999999980e+00 -2.316293030000000197e+00 -2.083122589999999885e+00 -1.849994579999999944e+00 -1.616908430000000063e+00 -1.383863590000000032e+00 -1.150859499999999924e+00 -9.178956099999999729e-01 -6.849713809999999903e-01 -4.520862660000000144e-01 -2.192397269999999954e-01 1.356877299999999925e-02 2.463397639999999889e-01 4.790737760000000067e-01 7.117713319999999788e-01 9.444329540000000467e-01 1.177059159999999993e+00 1.409650459999999939e+00 1.642207369999999944e+00 1.874730390000000080e+00 2.107220040000000072e+00 2.339676789999999951e+00 2.572101159999999886e+00 2.804493640000000010e+00 3.036854710000000068e+00 3.269184870000000132e+00 3.501484580000000069e+00 3.733754339999999949e+00 3.965994620000000026e+00 4.198205889999999663e+00 4.430388620000000444e+00 4.662543269999999573e+00 4.894670310000000413e+00
-3.159160290000000160e+01 -3.134794180000000097e+01 -3.110441369999999850e+01 -3.086101760000000027e+01 -3.061775240000000053e+01 -3.037461689999999948e+01 -3.013161009999999962e+01 -2.988873080000000115e+01 -2.964597810000000067e+01 -2.940335100000000068e+01 -2.916084839999999900e+01 -2.891846930000000171e+01 -2.867621279999999828e+01 -2.843407799999999952e+01 -2.819206379999999967e+01 -2.795016950000000122e+01 -2.770839399999999841e+01 -2.746673649999999967e+01 -2.722519600000000040e+01 -2.698377179999999953e+01 -2.674246300000000076e+01 -2.650126859999999951e+01 -2.626018799999999942e+01 -2.601922019999999947e+01 -2.577836440000000096e+01 -2.553761980000000165e+01 -2.529698550000000168e+01 -2.505646090000000115e+01 -2.481604510000000019e+01 -2.457573730000000012e+01 -2.433553679999999986e+01 -2.409544269999999955e+01 -2.385545430000000167e+01 -2.361557090000000159e+01 -2.337579159999999945e+01 -2.313611570000000128e+01 -2.289654249999999891e+01 -2.265707129999999836e+01 -2.241770119999999977e+01 -2.217843149999999852e+01 -2.193926150000000064e+01 -2.170019050000000149e+01 -2.146121769999999884e+01 -2.122234249999999989e+01 -2.098356400000000122e+01 -2.074488150000000175e+01 -2.050629440000000159e+01 -2.026780189999999848e+01 -2.002940329999999847e+01 -1.979109779999999930e+01
-6.657876100000000186e+00 -6.423978639999999629e+00 -6.190133870000000371e+00 -5.956341160000000023e+00 -5.722599879999999750e+00 -5.488909429999999645e+00 -5.255269189999999924e+00 -5.021678539999999913e+00 -4.788136889999999646e+00 -4.554643630000000165e+00 -4.321198159999999788e+00 -4.087799880000000385e+00 -3.854448210000000152e+00 -3.621142560000000010e+00 -3.387882330000000053e+00 -3.154666950000000192e+00 -2.921495849999999894e+00 -2.688368440000000081e+00 -2.455284160000000160e+00 -2.222242449999999980e+00 -1.989242729999999959e+00 -1.756284450000000108e+00 -1.523367050000000056e+00 -1.290489989999999976e+00 -1.057652709999999940e+00 -8.248546690000000403e-01 -5.920953300000000308e-01 -3.593741529999999740e-01 -1.266906060000000112e-01 1.059558409999999951e-01 3.385657129999999904e-01 5.711395329999999770e-01 8.036778180000000438e-01 1.036181079999999977e+00 1.268649839999999918e+00 1.501084599999999991e+00 1.733485860000000045e+00 1.965854119999999927e+00 2.198189880000000151e+00 2.430493639999999900e+00 2.662765869999999868e+00 2.895007080000000066e+00 3.127217729999999918e+00 3.359398319999999938e+00 3.591549309999999995e+00 3.823671169999999897e+00 4.055764380000000280e+00 4.287829409999999619e+00 4.519866699999999682e+00 4.751876730000000215e+00
-3.174033250000000095e+01 -3.149684609999999907e+01 -3.125349179999999905e+01 -3.101026859999999985e+01 -3.076717530000000167e+01 -3.052421079999999876e+01 -3.028137429999999952e+01 -3.003866460000000060e+01 -2.979608070000000097e+01 -2.955362179999999839e+01 -2.931128670000000014e+01 -2.906907470000000160e+01 -2.882698459999999940e+01 -2.858501569999999958e+01 -2.834316709999999873e+01 -2.810143770000000174e+01 -2.785982680000000045e+01 -2.761833359999999971e+01 -2.737695700000000087e+01 -2.713569640000000049e+01 -2.689455069999999992e+01 -2.665351940000000042e+01 -2.641260139999999978e+01 -2.617179600000000050e+01 -2.593110240000000033e+01 -2.569051980000000057e+01 -2.545004739999999899e+01 -2.520968440000000044e+01 -2.496943010000000029e+01 -2.472928359999999870e+01 -2.448924420000000168e+01 -2.424931109999999990e+01 -2.400948359999999937e+01 -2.376976099999999903e+01 -2.353014239999999901e+01 -2.329062709999999825e+01 -2.305121430000000160e+01 -2.281190339999999850e+01 -2.257269360000000091e+01 -2.233358409999999949e+01 -2.209457430000000144e+01 -2.185566329999999979e+01 -2.161685050000000174e+01 -2.137813510000000150e+01 -2.113951640000000154e+01 -2.090099359999999962e+01 -2.066256609999999938e+01 -2.042423309999999859e+01 -2.018599389999999971e+01 -1.994784780000000168e+01
-6.780938260000000106e+00 -6.547162430000000199e+00 -6.313438859999999764e+00 -6.079766910000000024e+00 -5.846145980000000186e+00 -5.612575439999999638e+00 -5.379054680000000310e+00 -5.145583089999999693e+00 -4.912160069999999656e+00 -4.678785000000000416e+00 -4.445457300000000167e+00 -4.212176369999999892e+00 -3.978941620000000068e+00 -3.745752449999999900e+00 -3.512608290000000189e+00 -3.279508560000000017e+00 -3.046452679999999802e+00 -2.813440069999999960e+00 -2.580470179999999836e+00 -2.347542429999999847e+00 -2.114656259999999843e+00 -1.881811120000000059e+00 -1.649006460000000063e+00 -1.416241719999999926e+00 -1.183516350000000106e+00 -9.508298309999999587e-01 -7.181816069999999996e-01 -4.855711500000000069e-01 -2.529979279999999831e-01 -2.046141580000000043e-02 2.120389089999999976e-01 4.445035649999999894e-01 6.769330679999999711e-01 9.093279290000000348e-01 1.141688650000000083e+00 1.374015750000000091e+00 1.606309709999999891e+00 1.838571039999999934e+00 2.070800230000000131e+00 2.302997759999999783e+00 2.535164120000000132e+00 2.767299799999999976e+00 2.999405270000000012e+00 3.231481009999999987e+00 3.463527490000000153e+00 3.695545169999999935e+00 3.927534529999999968e+00 4.159496009999999799e+00 4.391430090000000064e+00 4.623337209999999864e+00
-3.187395749999999950e+01 -3.163062569999999951e+01 -3.138742519999999914e+01 -3.114435500000000090e+01 -3.090141410000000022e+01 -3.065860139999999845e+01 -3.041591599999999929e+01 -3.017335690000000170e+01 -2.993092319999999873e+01 -2.968861379999999883e+01 -2.944642789999999977e+01 -2.920436450000000050e+01 -2.896242279999999880e+01 -2.872060180000000074e+01 -2.847890070000000051e+01 -2.823731869999999944e+01 -2.799585480000000004e+01 -2.775450820000000007e+01 -2.751327810000000085e+01 -2.727216370000000012e+01 -2.703116410000000158e+01 -2.679027860000000061e+01 -2.654950630000000089e+01 -2.630884640000000019e+01 -2.606829809999999981e+01 -2.582786069999999867e+01 -2.558753340000000165e+01 -2.534731539999999939e+01 -2.510720590000000030e+01 -2.486720409999999859e+01 -2.462730940000000146e+01 -2.438752089999999839e+01 -2.414783789999999897e+01 -2.390825960000000094e+01 -2.366878540000000086e+01 -2.342941439999999886e+01 -2.319014579999999981e+01 -2.295097910000000141e+01 -2.271191329999999908e+01 -2.247294790000000120e+01 -2.223408200000000079e+01 -2.199531490000000034e+01 -2.175664589999999876e+01 -2.151807429999999854e+01 -2.127959930000000099e+01 -2.104122020000000148e+01 -2.080293629999999894e+01 -2.056474680000000177e+01 -2.032665099999999825e+01 -2.008864829999999913e+01
-6.888815209999999745e+00 -6.655145209999999700e+00 -6.421527079999999721e+00 -6.187960190000000082e+00 -5.954443920000000112e+00 -5.720977640000000086e+00 -5.487560760000000037e+00 -5.254192650000000242e+00 -5.020872719999999845e+00 -4.787600359999999888e+00 -4.554374969999999578e+00 -4.321195969999999775e+00 -4.088062749999999745e+00 -3.854974739999999844e+00 -3.621931350000000105e+00 -3.388932000000000055e+00 -3.155976129999999991e+00 -2.923063149999999943e+00 -2.690192500000000209e+00 -2.457363630000000132e+00 -2.224575970000000069e+00 -1.991828960000000093e+00 -1.759122059999999932e+00 -1.526454729999999982e+00 -1.293826410000000093e+00 -1.061236569999999935e+00 -8.286846690000000404e-01 -5.961701879999999898e-01 -3.636925930000000085e-01 -1.312513620000000103e-01 1.011540239999999952e-01 3.335240789999999733e-01 5.658593170000000283e-01 7.981602429999999915e-01 1.030427360000000014e+00 1.262661170000000110e+00 1.494862169999999990e+00 1.727030859999999945e+00 1.959167710000000007e+00 2.191273209999999860e+00 2.423347849999999859e+00 2.655392110000000194e+00 2.887406449999999847e+00 3.119391359999999835e+00 3.351347280000000151e+00 3.583274700000000035e+00 3.815174069999999862e+00 4.047045840000000005e+00 4.278890470000000334e+00 4.510708400000000395e+00
-3.199237739999999874e+01 -3.174918080000000131e+01 -3.150611500000000120e+01 -3.126317889999999977e+01 -3.102037160000000071e+01 -3.077769199999999827e+01 -3.053513919999999970e+01 -3.029271239999999921e+01 -3.005041040000000052e+01 -2.980823249999999902e+01 -2.956617779999999840e+01 -2.932424530000000118e+01 -2.908243410000000040e+01 -2.884074340000000092e+01 -2.859917240000000049e+01 -2.835772019999999927e+01 -2.811638590000000093e+01 -2.787516880000000086e+01 -2.763406799999999919e+01 -2.739308259999999962e+01 -2.715221199999999868e+01 -2.691145530000000008e+01 -2.667081170000000157e+01 -2.643028040000000090e+01 -2.618986059999999938e+01 -2.594955159999999950e+01 -2.570935259999999900e+01 -2.546926279999999920e+01 -2.522928149999999903e+01 -2.498940779999999862e+01 -2.474964110000000161e+01 -2.450998059999999867e+01 -2.427042550000000176e+01 -2.403097509999999914e+01 -2.379162870000000041e+01 -2.355238539999999858e+01 -2.331324469999999849e+01 -2.307420559999999909e+01 -2.283526750000000050e+01 -2.259642960000000045e+01 -2.235769120000000143e+01 -2.211905159999999881e+01 -2.188051009999999863e+01 -2.164206580000000102e+01 -2.140371809999999897e+01 -2.116546620000000090e+01 -2.092730949999999979e+01 -2.068924709999999934e+01 -2.045127829999999847e+01 -2.021340250000000083e+01
-6.981283709999999587e+00 -6.747703829999999847e+00 -6.514175459999999696e+00 -6.280697980000000236e+00 -6.047270769999999906e+00 -5.813893219999999751e+00 -5.580564709999999984e+00 -5.347284619999999933e+00 -5.114052369999999570e+00 -4.880867349999999938e+00 -4.647728950000000303e+00 -4.414636599999999689e+00 -4.181589690000000026e+00 -3.948587649999999893e+00 -3.715629900000000152e+00 -3.482715849999999946e+00 -3.249844940000000015e+00 -3.017016599999999826e+00 -2.784230260000000179e+00 -2.551485369999999975e+00 -2.318781369999999953e+00 -2.086117699999999964e+00 -1.853493829999999898e+00 -1.620909190000000111e+00 -1.388363269999999927e+00 -1.155855510000000086e+00 -9.233853920000000270e-01 -6.909523850000000023e-01 -4.585559639999999826e-01 -2.261956109999999909e-01 6.129189499999999902e-03 2.384189499999999906e-01 4.706741790000000258e-01 7.028953780000000151e-01 9.350830500000000267e-01 1.167237690000000105e+00 1.399359790000000103e+00 1.631449839999999929e+00 1.863508319999999996e+00 2.095535710000000051e+00 2.327532499999999782e+00 2.559499150000000167e+00 2.791436140000000066e+00 3.023343929999999791e+00 3.255222990000000038e+00 3.487073769999999850e+00 3.718896729999999984e+00 3.950692319999999924e+00 4.182460999999999984e+00 4.414203200000000216e+00
-3.209541519999999792e+01 -3.185233500000000006e+01 -3.160938510000000079e+01 -3.136656460000000024e+01 -3.112387250000000094e+01 -3.088130770000000069e+01 -3.063886949999999842e+01 -3.039655679999999904e+01 -3.015436880000000031e+01 -2.991230459999999880e+01 -2.967036320000000060e+01 -2.942854390000000109e+01 -2.918684569999999923e+01 -2.894526790000000105e+01 -2.870380949999999842e+01 -2.846246980000000093e+01 -2.822124780000000044e+01 -2.798014290000000059e+01 -2.773915420000000154e+01 -2.749828090000000103e+01 -2.725752220000000037e+01 -2.701687730000000087e+01 -2.677634550000000146e+01 -2.653592580000000112e+01 -2.629561770000000109e+01 -2.605542030000000153e+01 -2.581533280000000019e+01 -2.557535439999999838e+01 -2.533548449999999974e+01 -2.509572229999999848e+01 -2.485606689999999830e+01 -2.461651769999999928e+01 -2.437707389999999918e+01 -2.413773480000000049e+01 -2.389849960000000095e+01 -2.365936749999999833e+01 -2.342033789999999982e+01 -2.318140989999999846e+01 -2.294258290000000144e+01 -2.270385599999999826e+01 -2.246522870000000083e+01 -2.222670000000000101e+01 -2.198826940000000008e+01 -2.174993600000000171e+01 -2.151169910000000129e+01 -2.127355790000000013e+01 -2.103551189999999949e+01 -2.079756009999999833e+01 -2.055970190000000031e+01 -2.032193660000000079e+01
-7.058260589999999723e+00 -6.824755309999999575e+00 -6.591301230000000011e+00 -6.357897750000000237e+00 -6.124544239999999640e+00 -5.891240090000000151e+00 -5.657984670000000271e+00 -5.424777399999999972e+00 -5.191617660000000356e+00 -4.958504849999999742e+00 -4.725438379999999938e+00 -4.492417660000000090e+00 -4.259442100000000231e+00 -4.026511110000000393e+00 -3.793624129999999983e+00 -3.560780569999999923e+00 -3.327979870000000062e+00 -3.095221449999999930e+00 -2.862504760000000203e+00 -2.629829249999999785e+00 -2.397194339999999979e+00 -2.164599509999999949e+00 -1.932044190000000050e+00 -1.699527859999999890e+00 -1.467049969999999925e+00 -1.234609990000000046e+00 -1.002207400000000082e+00 -7.698416580000000398e-01 -5.375122559999999661e-01 -3.052186749999999948e-01 -7.296040180000000486e-02 1.592630710000000061e-01 3.914522489999999744e-01 6.236076320000000228e-01 8.557297170000000008e-01 1.087819000000000091e+00 1.319875960000000070e+00 1.551901090000000094e+00 1.783894869999999910e+00 2.015857780000000155e+00 2.247790290000000191e+00 2.479692870000000049e+00 2.711565989999999982e+00 2.943410109999999857e+00 3.175225680000000050e+00 3.407013179999999863e+00 3.638773039999999792e+00 3.870505710000000210e+00 4.102211650000000098e+00 4.333891290000000396e+00
-3.218300779999999861e+01 -3.194002569999999963e+01 -3.169717359999999928e+01 -3.145445050000000009e+01 -3.121185549999999864e+01 -3.096938769999999863e+01 -3.072704609999999903e+01 -3.048482990000000115e+01 -3.024273810000000040e+01 -3.000076990000000166e+01 -2.975892440000000150e+01 -2.951720080000000124e+01 -2.927559820000000101e+01 -2.903411579999999859e+01 -2.879275270000000120e+01 -2.855150820000000067e+01 -2.831038140000000070e+01 -2.806937160000000020e+01 -2.782847780000000171e+01 -2.758769940000000176e+01 -2.734703560000000166e+01 -2.710648540000000040e+01 -2.686604829999999922e+01 -2.662572339999999826e+01 -2.638550989999999885e+01 -2.614540699999999873e+01 -2.590541410000000155e+01 -2.566553030000000035e+01 -2.542575490000000116e+01 -2.518608719999999934e+01 -2.494652629999999860e+01 -2.470707150000000141e+01 -2.446772209999999959e+01 -2.422847730000000155e+01 -2.398933639999999912e+01 -2.375029869999999832e+01 -2.351136329999999930e+01 -2.327252959999999860e+01 -2.303379680000000107e+01 -2.279516419999999854e+01 -2.255663099999999943e+01 -2.231819640000000149e+01 -2.207985980000000126e+01 -2.184162040000000005e+01 -2.160347750000000033e+01 -2.136543029999999987e+01 -2.112747810000000115e+01 -2.088962009999999836e+01 -2.065185560000000109e+01 -2.041418390000000116e+01
-7.119669329999999796e+00 -6.886223329999999976e+00 -6.652828310000000300e+00 -6.419483630000000218e+00 -6.186188679999999884e+00 -5.952942840000000402e+00 -5.719745500000000149e+00 -5.486596050000000169e+00 -5.253493899999999606e+00 -5.020438440000000391e+00 -4.787429079999999892e+00 -4.554465229999999920e+00 -4.321546309999999558e+00 -4.088671729999999727e+00 -3.855840919999999894e+00 -3.623053300000000032e+00 -3.390308319999999931e+00 -3.157605390000000067e+00 -2.924943970000000171e+00 -2.692323490000000152e+00 -2.459743410000000186e+00 -2.227203180000000060e+00 -1.994702259999999949e+00 -1.762240100000000087e+00 -1.529816180000000081e+00 -1.297429960000000104e+00 -1.065080919999999987e+00 -8.327685360000000037e-01 -6.004922870000000135e-01 -3.682516610000000079e-01 -1.360461500000000046e-01 9.612475249999999360e-02 3.282615480000000141e-01 5.603647349999999472e-01 7.924348060000000471e-01 1.024472250000000084e+00 1.256477559999999993e+00 1.488451200000000085e+00 1.720393669999999986e+00 1.952305430000000008e+00 2.184186959999999900e+00 2.416038710000000034e+00 2.647861170000000097e+00 2.879654770000000141e+00 3.111419989999999913e+00 3.343157279999999787e+00 3.574867069999999813e+00 3.806549819999999862e+00 4.038205979999999862e+00 4.269835969999999925e+00
-3.225502360000000124e+01 -3.201212139999999806e+01 -3.176934890000000067e+01 -3.152670529999999971e+01 -3.128418960000000126e+01 -3.104180080000000075e+01 -3.079953809999999947e+01 -3.055740060000000113e+01 -3.031538749999999993e+01 -3.007349770000000078e+01 -2.983173060000000021e+01 -2.959008529999999837e+01 -2.934856080000000134e+01 -2.910715649999999854e+01 -2.886587150000000079e+01 -2.862470490000000112e+01 -2.838365599999999844e+01 -2.814272390000000001e+01 -2.790190790000000121e+01 -2.766120730000000094e+01 -2.742062110000000175e+01 -2.718014859999999899e+01 -2.693978909999999871e+01 -2.669954170000000104e+01 -2.645940579999999898e+01 -2.621938049999999976e+01 -2.597946509999999876e+01 -2.573965880000000084e+01 -2.549996090000000137e+01 -2.526037060000000167e+01 -2.502088720000000066e+01 -2.478150979999999848e+01 -2.454223789999999994e+01 -2.430307050000000046e+01 -2.406400700000000015e+01 -2.382504660000000030e+01 -2.358618859999999984e+01 -2.334743220000000008e+01 -2.310877669999999995e+01 -2.287022130000000075e+01 -2.263176530000000142e+01 -2.239340789999999970e+01 -2.215514849999999925e+01 -2.191698620000000020e+01 -2.167892030000000148e+01 -2.144095009999999846e+01 -2.120307479999999956e+01 -2.096529370000000014e+01 -2.072760600000000153e+01 -2.049001110000000025e+01
-7.165445159999999980e+00 -6.932043369999999705e+00 -6.698692359999999901e+00 -6.465391499999999958e+00 -6.232140180000000029e+00 -5.998937790000000270e+00 -5.765783719999999946e+00 -5.532677350000000160e+00 -5.299618099999999998e+00 -5.066605349999999675e+00 -4.833638529999999989e+00 -4.600717040000000146e+00 -4.367840290000000181e+00 -4.135007719999999942e+00 -3.902218729999999969e+00 -3.669472770000000050e+00 -3.436769260000000159e+00 -3.204107640000000146e+00 -2.971487359999999800e+00 -2.738907849999999922e+00 -2.506368580000000179e+00 -2.273868989999999979e+00 -2.041408549999999877e+00 -1.808986720000000048e+00 -1.576602959999999998e+00 -1.344256750000000000e+00 -1.111947559999999946e+00 -8.796748739999999955e-01 -6.474381790000000025e-01 -4.152369599999999883e-01 -1.830707109999999971e-01 4.906107249999999698e-02 2.811588890000000229e-01 5.132232340000000281e-01 7.452545990000000176e-01 9.772534710000000402e-01 1.209220329999999954e+00 1.441155670000000111e+00 1.673059950000000073e+00 1.904933640000000095e+00 2.136777219999999922e+00 2.368591159999999807e+00 2.600375899999999962e+00 2.832131910000000197e+00 3.063859649999999935e+00 3.295559550000000115e+00 3.527232070000000164e+00 3.758877660000000009e+00 3.990496750000000148e+00 4.222089770000000186e+00
-3.231137799999999771e+01 -3.206853770000000026e+01 -3.182582700000000031e+01 -3.158324500000000157e+01 -3.134079080000000062e+01 -3.109846329999999881e+01 -3.085626189999999980e+01 -3.061418550000000138e+01 -3.037223339999999894e+01 -3.013040459999999854e+01 -2.988869839999999911e+01 -2.964711379999999963e+01 -2.940565009999999901e+01 -2.916430649999999858e+01 -2.892308209999999846e+01 -2.868197609999999997e+01 -2.844098770000000087e+01 -2.820011620000000008e+01 -2.795936070000000129e+01 -2.771872049999999987e+01 -2.747819480000000070e+01 -2.723778270000000035e+01 -2.699748359999999892e+01 -2.675729670000000127e+01 -2.651722110000000043e+01 -2.627725620000000006e+01 -2.603740120000000147e+01 -2.579765520000000123e+01 -2.555801770000000062e+01 -2.531848769999999860e+01 -2.507906459999999882e+01 -2.483974759999999904e+01 -2.460053590000000057e+01 -2.436142879999999877e+01 -2.412242559999999969e+01 -2.388352539999999991e+01 -2.364472770000000068e+01 -2.340603150000000099e+01 -2.316743620000000092e+01 -2.292894099999999824e+01 -2.269054510000000136e+01 -2.245224789999999970e+01 -2.221404850000000053e+01 -2.197594630000000038e+01 -2.173794039999999939e+01 -2.150003020000000120e+01 -2.126221479999999886e+01 -2.102449359999999956e+01 -2.078686580000000106e+01 -2.054933060000000111e+01
-7.195567579999999630e+00 -6.962195089999999809e+00 -6.728873250000000361e+00 -6.495601449999999666e+00 -6.262379059999999775e+00 -6.029205469999999956e+00 -5.796080070000000362e+00 -5.563002260000000199e+00 -5.329971429999999621e+00 -5.096986990000000439e+00 -4.864048340000000081e+00 -4.631154910000000235e+00 -4.398306110000000047e+00 -4.165501350000000436e+00 -3.932740069999999921e+00 -3.700021689999999808e+00 -3.467345649999999946e+00 -3.234711379999999803e+00 -3.002118339999999996e+00 -2.769565959999999993e+00 -2.537053709999999906e+00 -2.304581030000000030e+00 -2.072147380000000094e+00 -1.839752239999999928e+00 -1.607395069999999926e+00 -1.375075339999999979e+00 -1.142792529999999918e+00 -9.105461259999999557e-01 -6.783356090000000060e-01 -4.461604699999999757e-01 -2.140202049999999911e-01 1.808568940000000042e-02 2.501577099999999776e-01 4.821963510000000230e-01 7.142021020000000053e-01 9.461754479999999745e-01 1.178116869999999983e+00 1.410026849999999943e+00 1.641905860000000050e+00 1.873754359999999952e+00 2.105572839999999779e+00 2.337361739999999966e+00 2.569121529999999876e+00 2.800852659999999883e+00 3.032555579999999917e+00 3.264230749999999848e+00 3.495878610000000108e+00 3.727499599999999802e+00 3.959094149999999868e+00 4.190662699999999852e+00
-3.235201250000000073e+01 -3.210921629999999993e+01 -3.186654959999999903e+01 -3.162401140000000055e+01 -3.138160089999999869e+01 -3.113931709999999953e+01 -3.089715929999999844e+01 -3.065512650000000150e+01 -3.041321780000000174e+01 -3.017143240000000048e+01 -2.992976960000000020e+01 -2.968822839999999985e+01 -2.944680800000000076e+01 -2.920550760000000068e+01 -2.896432640000000092e+01 -2.872326359999999923e+01 -2.848231850000000165e+01 -2.824149010000000004e+01 -2.800077780000000160e+01 -2.776018069999999938e+01 -2.751969809999999939e+01 -2.727932919999999939e+01 -2.703907320000000070e+01 -2.679892930000000106e+01 -2.655889690000000058e+01 -2.631897509999999940e+01 -2.607916309999999882e+01 -2.583946029999999894e+01 -2.559986579999999989e+01 -2.536037890000000061e+01 -2.512099890000000002e+01 -2.488172489999999826e+01 -2.464255629999999897e+01 -2.440349229999999991e+01 -2.416453209999999885e+01 -2.392567499999999825e+01 -2.368692019999999943e+01 -2.344826700000000130e+01 -2.320971469999999925e+01 -2.297126250000000169e+01 -2.273290959999999927e+01 -2.249465520000000041e+01 -2.225649879999999925e+01 -2.201843939999999833e+01 -2.178047640000000129e+01 -2.154260899999999879e+01 -2.130483639999999923e+01 -2.106715799999999916e+01 -2.082957289999999873e+01 -2.059208040000000040e+01
-7.210016940000000041e+00 -6.976659019999999600e+00 -6.743351679999999959e+00 -6.510094299999999556e+00 -6.276886270000000323e+00 -6.043726979999999749e+00 -5.810615809999999826e+00 -5.577552169999999698e+00 -5.344535450000000409e+00 -5.111565050000000276e+00 -4.878640390000000160e+00 -4.645760880000000093e+00 -4.412925930000000108e+00 -4.180134970000000116e+00 -3.947387420000000091e+00 -3.714682709999999943e+00 -3.482020289999999907e+00 -3.249399579999999954e+00 -3.016820039999999814e+00 -2.784281109999999781e+00 -2.551782230000000151e+00 -2.319322880000000087e+00 -2.086902509999999822e+00 -1.854520589999999913e+00 -1.622176580000000090e+00 -1.389869969999999899e+00 -1.157600219999999958e+00 -9.253668229999999495e-01 -6.931692640000000072e-01 -4.610070339999999822e-01 -2.288796280000000016e-01 3.213455190000000152e-03 2.352727119999999950e-01 4.672986359999999895e-01 6.992917159999999521e-01 9.312524349999999895e-01 1.163181280000000095e+00 1.395078709999999944e+00 1.626945220000000081e+00 1.858781269999999930e+00 2.090587329999999966e+00 2.322363859999999836e+00 2.554111310000000135e+00 2.785830139999999844e+00 3.017520799999999781e+00 3.249183739999999876e+00 3.480819400000000119e+00 3.712428229999999996e+00 3.944010660000000001e+00 4.175567120000000187e+00
-3.237687199999999876e+01 -3.213410199999999861e+01 -3.189146149999999835e+01 -3.164894950000000051e+01 -3.140656500000000051e+01 -3.116430739999999844e+01 -3.092217550000000159e+01 -3.068016869999999940e+01 -3.043828590000000034e+01 -3.019652650000000094e+01 -2.995488950000000017e+01 -2.971337420000000051e+01 -2.947197960000000094e+01 -2.923070510000000155e+01 -2.898954970000000131e+01 -2.874851280000000031e+01 -2.850759340000000108e+01 -2.826679079999999900e+01 -2.802610430000000008e+01 -2.778553300000000092e+01 -2.754507609999999929e+01 -2.730473299999999881e+01 -2.706450269999999847e+01 -2.682438469999999953e+01 -2.658437800000000095e+01 -2.634448190000000167e+01 -2.610469570000000061e+01 -2.586501859999999908e+01 -2.562544989999999956e+01 -2.538598869999999863e+01 -2.514663439999999994e+01 -2.490738620000000125e+01 -2.466824330000000032e+01 -2.442920510000000078e+01 -2.419027060000000162e+01 -2.395143919999999937e+01 -2.371271020000000007e+01 -2.347408270000000030e+01 -2.323555610000000016e+01 -2.299712949999999978e+01 -2.275880229999999926e+01 -2.252057359999999875e+01 -2.228244279999999833e+01 -2.204440909999999931e+01 -2.180647169999999946e+01 -2.156862990000000124e+01 -2.133088289999999887e+01 -2.109322999999999837e+01 -2.085567040000000105e+01 -2.061820339999999874e+01
-7.208777020000000313e+00 -6.975418949999999896e+00 -6.742111460000000278e+00 -6.508853939999999838e+00 -6.275645769999999679e+00 -6.042486330000000017e+00 -5.809375010000000117e+00 -5.576311220000000013e+00 -5.343294339999999920e+00 -5.110323789999999811e+00 -4.877398969999999778e+00 -4.644519299999999795e+00 -4.411684189999999894e+00 -4.178893069999999987e+00 -3.946145360000000046e+00 -3.713440499999999922e+00 -3.480777910000000031e+00 -3.248157029999999779e+00 -3.015577319999999784e+00 -2.783038219999999896e+00 -2.550539179999999906e+00 -2.318079659999999986e+00 -2.085659109999999927e+00 -1.853277010000000002e+00 -1.620932830000000102e+00 -1.388626039999999895e+00 -1.156356109999999937e+00 -9.241225339999999955e-01 -6.919247939999999542e-01 -4.597623809999999978e-01 -2.276347910000000030e-01 4.458477780000000106e-03 2.365179219999999916e-01 4.685440330000000264e-01 7.005373019999999729e-01 9.324982109999999658e-01 1.164427239999999975e+00 1.396324880000000102e+00 1.628191579999999972e+00 1.860027819999999998e+00 2.091834079999999929e+00 2.323610799999999976e+00 2.555358449999999948e+00 2.787077480000000218e+00 3.018768339999999828e+00 3.250431489999999979e+00 3.482067359999999834e+00 3.713676389999999827e+00 3.945259019999999950e+00 4.176815689999999748e+00
-3.238592570000000137e+01 -3.214316420000000107e+01 -3.190053209999999950e+01 -3.165802839999999918e+01 -3.141565239999999903e+01 -3.117340310000000159e+01 -3.093127959999999987e+01 -3.068928109999999876e+01 -3.044740669999999838e+01 -3.020565560000000005e+01 -2.996402700000000152e+01 -2.972251999999999938e+01 -2.948113379999999850e+01 -2.923986749999999901e+01 -2.899872050000000101e+01 -2.875769190000000108e+01 -2.851678079999999937e+01 -2.827598659999999953e+01 -2.803530840000000168e+01 -2.779474540000000005e+01 -2.755429690000000065e+01 -2.731396210000000124e+01 -2.707374019999999959e+01 -2.683363050000000172e+01 -2.659363210000000066e+01 -2.635374440000000007e+01 -2.611396660000000125e+01 -2.587429780000000079e+01 -2.563473749999999995e+01 -2.539528470000000127e+01 -2.515593880000000127e+01 -2.491669890000000009e+01 -2.467756440000000140e+01 -2.443853449999999938e+01 -2.419960839999999891e+01 -2.396078539999999890e+01 -2.372206479999999829e+01 -2.348344570000000076e+01 -2.324492740000000168e+01 -2.300650919999999999e+01 -2.276819040000000172e+01 -2.252997009999999989e+01 -2.229184770000000171e+01 -2.205382230000000021e+01 -2.181589329999999904e+01 -2.157805989999999952e+01 -2.134032129999999938e+01 -2.110267669999999995e+01 -2.086512550000000132e+01 -2.062766680000000008e+01
-7.191867539999999615e+00 -6.958494629999999681e+00 -6.725172370000000122e+00 -6.491900140000000263e+00 -6.258677310000000382e+00 -6.025503279999999684e+00 -5.792377430000000160e+00 -5.559299160000000128e+00 -5.326267879999999622e+00 -5.093282979999999682e+00 -4.860343870000000344e+00 -4.627449959999999862e+00 -4.394600679999999926e+00 -4.161795439999999680e+00 -3.929033669999999923e+00 -3.696314800000000123e+00 -3.463638260000000191e+00 -3.231003499999999917e+00 -2.998409950000000102e+00 -2.765857060000000089e+00 -2.533344290000000054e+00 -2.300871100000000169e+00 -2.068436929999999840e+00 -1.836041260000000008e+00 -1.603683559999999897e+00 -1.371363289999999902e+00 -1.139079940000000013e+00 -9.068329939999999478e-01 -6.746219289999999535e-01 -4.424462379999999917e-01 -2.103054169999999945e-01 2.180103790000000041e-02 2.538736229999999927e-01 4.859128320000000167e-01 7.179191550000000310e-01 9.498930780000000018e-01 1.181835079999999927e+00 1.413745639999999915e+00 1.645625239999999989e+00 1.877474340000000019e+00 2.109293399999999874e+00 2.341082899999999967e+00 2.572843300000000166e+00 2.804575030000000080e+00 3.036278569999999899e+00 3.267954350000000119e+00 3.499602830000000164e+00 3.731224440000000087e+00 3.962819609999999937e+00 4.194388799999999584e+00
-3.237914109999999823e+01 -3.213637030000000294e+01 -3.189372880000000166e+01 -3.165121590000000040e+01 -3.140883060000000171e+01 -3.116657209999999978e+01 -3.092443940000000069e+01 -3.068243169999999864e+01 -3.044054810000000089e+01 -3.019878789999999924e+01 -2.995715009999999978e+01 -2.971563390000000027e+01 -2.947423859999999962e+01 -2.923296320000000037e+01 -2.899180709999999905e+01 -2.875076930000000175e+01 -2.850984920000000145e+01 -2.826904589999999828e+01 -2.802835860000000068e+01 -2.778778649999999928e+01 -2.754732900000000129e+01 -2.730698509999999857e+01 -2.706675419999999832e+01 -2.682663540000000069e+01 -2.658662800000000104e+01 -2.634673129999999830e+01 -2.610694439999999972e+01 -2.586726660000000066e+01 -2.562769730000000123e+01 -2.538823550000000040e+01 -2.514888050000000064e+01 -2.490963169999999849e+01 -2.467048820000000120e+01 -2.443144930000000059e+01 -2.419251420000000152e+01 -2.395368230000000054e+01 -2.371495260000000016e+01 -2.347632460000000165e+01 -2.323779740000000160e+01 -2.299937029999999893e+01 -2.276104249999999851e+01 -2.252281329999999926e+01 -2.228468200000000010e+01 -2.204664770000000118e+01 -2.180870979999999903e+01 -2.157086749999999853e+01 -2.133312000000000097e+01 -2.109546660000000173e+01 -2.085790649999999857e+01 -2.062043909999999869e+01
-7.159311360000000235e+00 -6.925908839999999955e+00 -6.692557090000000208e+00 -6.459255480000000382e+00 -6.226003409999999683e+00 -5.992800260000000101e+00 -5.759645420000000016e+00 -5.526538279999999581e+00 -5.293478229999999840e+00 -5.060464699999999816e+00 -4.827497079999999663e+00 -4.594574780000000302e+00 -4.361697219999999930e+00 -4.128863820000000295e+00 -3.896074009999999976e+00 -3.663327209999999834e+00 -3.430622849999999779e+00 -3.197960389999999986e+00 -2.965339249999999982e+00 -2.732758880000000001e+00 -2.500218740000000217e+00 -2.267718279999999975e+00 -2.035256949999999954e+00 -1.802834229999999982e+00 -1.570449580000000012e+00 -1.338102469999999933e+00 -1.105792370000000080e+00 -8.735187739999999978e-01 -6.412811590000000450e-01 -4.090790149999999903e-01 -1.769118329999999906e-01 5.522088790000000136e-02 2.873196490000000103e-01 5.193849440000000151e-01 7.514172649999999454e-01 9.834170989999999613e-01 1.215384929999999919e+00 1.447321239999999953e+00 1.679226490000000016e+00 1.911101179999999955e+00 2.142945749999999983e+00 2.374760680000000068e+00 2.606546419999999920e+00 2.838303439999999789e+00 3.070032190000000050e+00 3.301733120000000188e+00 3.533406670000000194e+00 3.765053289999999997e+00 3.996673410000000093e+00 4.228267480000000411e+00
-3.233585879999999690e+01 -3.211371590000000253e+01 -3.187104739999999836e+01 -3.162850759999999894e+01 -3.138609539999999853e+01 -3.114380990000000082e+01 -3.090165040000000118e+01 -3.065961599999999976e+01 -3.041770569999999907e+01 -3.017591870000000043e+01 -2.993425429999999920e+01 -2.969271150000000148e+01 -2.945128950000000145e+01 -2.920998760000000161e+01 -2.896880489999999853e+01 -2.872774060000000063e+01 -2.848679399999999973e+01 -2.824596419999999952e+01 -2.800525040000000132e+01 -2.776465190000000050e+01 -2.752416780000000074e+01 -2.728379749999999859e+01 -2.704354019999999892e+01 -2.680339490000000069e+01 -2.656336119999999923e+01 -2.632343799999999945e+01 -2.608362470000000144e+01 -2.584392060000000058e+01 -2.560432480000000055e+01 -2.536483670000000146e+01 -2.512545539999999988e+01 -2.488618019999999831e+01 -2.464701039999999921e+01 -2.440794509999999917e+01 -2.416898379999999946e+01 -2.393012549999999905e+01 -2.369136960000000158e+01 -2.345271530000000126e+01 -2.321416179999999940e+01 -2.297570849999999965e+01 -2.273735449999999858e+01 -2.249909909999999869e+01 -2.226094159999999889e+01 -2.202288120000000049e+01 -2.178491710000000126e+01 -2.154704870000000128e+01 -2.130927510000000069e+01 -2.107159569999999960e+01 -2.083400960000000168e+01 -2.059651619999999994e+01
-7.111164510000000050e+00 -6.877717439999999627e+00 -6.644321320000000419e+00 -6.410975549999999856e+00 -6.177679480000000112e+00 -5.944432520000000331e+00 -5.711234049999999840e+00 -5.478083469999999622e+00 -5.244980159999999891e+00 -5.011923549999999672e+00 -4.778913020000000067e+00 -4.545947990000000161e+00 -4.313027889999999864e+00 -4.080152110000000221e+00 -3.847320100000000132e+00 -3.614531270000000074e+00 -3.381785059999999898e+00 -3.149080909999999900e+00 -2.916418240000000051e+00 -2.683796520000000019e+00 -2.451215190000000099e+00 -2.218673700000000082e+00 -1.986171499999999979e+00 -1.753708070000000063e+00 -1.521282859999999904e+00 -1.288895340000000056e+00 -1.056545000000000067e+00 -8.242313009999999718e-01 -5.919537329999999820e-01 -3.597117810000000082e-01 -1.275049350000000137e-01 1.046673099999999995e-01 3.368054560000000031e-01 5.689100000000000268e-01 8.009814360000000466e-01 1.033020250000000084e+00 1.265026940000000044e+00 1.497001969999999904e+00 1.728945830000000017e+00 1.960858999999999908e+00 2.192741929999999950e+00 2.424595109999999831e+00 2.656418990000000147e+00 2.888214029999999877e+00 3.119980689999999779e+00 3.351719419999999783e+00 3.583430669999999818e+00 3.815114879999999875e+00 4.046772510000000267e+00 4.278403980000000217e+00
-3.229737399999999781e+01 -3.205454199999999787e+01 -3.183249749999999878e+01 -3.158991290000000163e+01 -3.134745609999999871e+01 -3.110512620000000084e+01 -3.086292230000000103e+01 -3.062084349999999944e+01 -3.037888900000000092e+01 -3.013705780000000090e+01 -2.989534919999999829e+01 -2.965376230000000035e+01 -2.941229630000000128e+01 -2.917095039999999884e+01 -2.892972370000000026e+01 -2.868861550000000094e+01 -2.844762490000000099e+01 -2.820675119999999936e+01 -2.796599360000000090e+01 -2.772535129999999981e+01 -2.748482339999999979e+01 -2.724440930000000094e+01 -2.700410820000000101e+01 -2.676391920000000013e+01 -2.652384160000000080e+01 -2.628387479999999954e+01 -2.604401779999999889e+01 -2.580426990000000131e+01 -2.556463049999999981e+01 -2.532509860000000046e+01 -2.508567370000000096e+01 -2.484635480000000030e+01 -2.460714129999999855e+01 -2.436803250000000176e+01 -2.412902749999999941e+01 -2.389012560000000107e+01 -2.365132619999999974e+01 -2.341262830000000150e+01 -2.317403129999999933e+01 -2.293553449999999927e+01 -2.269713700000000145e+01 -2.245883819999999886e+01 -2.222063729999999993e+01 -2.198253349999999884e+01 -2.174452610000000163e+01 -2.150661429999999896e+01 -2.126879750000000158e+01 -2.103107479999999896e+01 -2.079344559999999831e+01 -2.055590899999999976e+01
-7.047460489999999744e+00 -6.813953719999999770e+00 -6.580498160000000318e+00 -6.347093169999999951e+00 -6.113738139999999710e+00 -5.880432459999999750e+00 -5.647175510000000287e+00 -5.413966689999999637e+00 -5.180805389999999733e+00 -4.947691009999999778e+00 -4.714622959999999807e+00 -4.481600649999999852e+00 -4.248623489999999947e+00 -4.015690900000000063e+00 -3.782802300000000173e+00 -3.549957109999999805e+00 -3.317154770000000141e+00 -3.084394710000000206e+00 -2.851676369999999849e+00 -2.618999189999999810e+00 -2.386362609999999940e+00 -2.153766089999999966e+00 -1.921209090000000064e+00 -1.688691060000000022e+00 -1.456211460000000013e+00 -1.223769770000000090e+00 -9.913654440000000401e-01 -7.589979719999999652e-01 -5.266668279999999758e-01 -2.943714969999999820e-01 -6.211146599999999712e-02 1.701137739999999954e-01 4.023047260000000014e-01 6.344618920000000273e-01 8.665857689999999502e-01 1.098676849999999927e+00 1.330735620000000008e+00 1.562762570000000073e+00 1.794758169999999931e+00 2.026722910000000155e+00 2.258657260000000111e+00 2.490561689999999828e+00 2.722436660000000064e+00 2.954282650000000121e+00 3.186100099999999991e+00 3.417889469999999985e+00 3.649651219999999974e+00 3.881385789999999947e+00 4.113093639999999773e+00 4.344775190000000009e+00
-3.224308620000000047e+01 -3.200019149999999968e+01 -3.175742650000000111e+01 -3.153546300000000002e+01 -3.129294390000000092e+01 -3.105055189999999854e+01 -3.080828599999999895e+01 -3.056614529999999874e+01 -3.032412899999999922e+01 -3.008223620000000054e+01 -2.984046599999999927e+01 -2.959881760000000028e+01 -2.935729020000000133e+01 -2.911588289999999901e+01 -2.887459490000000173e+01 -2.863342540000000014e+01 -2.839237359999999910e+01 -2.815143869999999993e+01 -2.791061990000000037e+01 -2.766991649999999936e+01 -2.742932749999999942e+01 -2.718885239999999825e+01 -2.694849019999999840e+01 -2.670824019999999877e+01 -2.646810169999999829e+01 -2.622807380000000066e+01 -2.598815589999999887e+01 -2.574834710000000015e+01 -2.550864669999999990e+01 -2.526905400000000057e+01 -2.502956809999999876e+01 -2.479018840000000168e+01 -2.455091409999999996e+01 -2.431174439999999848e+01 -2.407267859999999970e+01 -2.383371599999999901e+01 -2.359485580000000127e+01 -2.335609720000000067e+01 -2.311743949999999970e+01 -2.287888200000000083e+01 -2.264042389999999827e+01 -2.240206440000000043e+01 -2.216380300000000148e+01 -2.192563859999999920e+01 -2.168757079999999959e+01 -2.144959860000000162e+01 -2.121172139999999828e+01 -2.097393840000000154e+01 -2.073624889999999965e+01 -2.049865210000000104e+01
-6.968281690000000417e+00 -6.734699820000000337e+00 -6.501169459999999845e+00 -6.267689980000000105e+00 -6.034260749999999618e+00 -5.800881170000000253e+00 -5.567550619999999562e+00 -5.334268500000000301e+00 -5.101034190000000024e+00 -4.867847099999999649e+00 -4.634706630000000160e+00 -4.401612189999999813e+00 -4.168563190000000418e+00 -3.935559050000000170e+00 -3.702599189999999929e+00 -3.469683020000000173e+00 -3.236809989999999804e+00 -3.003979510000000186e+00 -2.771191030000000222e+00 -2.538443990000000205e+00 -2.305737829999999988e+00 -2.073071989999999865e+00 -1.840445939999999947e+00 -1.607859130000000025e+00 -1.375311009999999889e+00 -1.142801060000000035e+00 -9.103287319999999738e-01 -6.778935120000000314e-01 -4.454948719999999862e-01 -2.131322930000000004e-01 1.919474269999999969e-02 2.514867450000000115e-01 4.837442220000000015e-01 7.159676780000000518e-01 9.481576130000000102e-01 1.180314520000000034e+00 1.412438899999999942e+00 1.644531229999999900e+00 1.876592009999999977e+00 2.108621700000000043e+00 2.340620799999999946e+00 2.572589760000000059e+00 2.804529070000000068e+00 3.036439189999999844e+00 3.268320590000000081e+00 3.500173709999999883e+00 3.731999029999999884e+00 3.963796980000000136e+00 4.195568019999999620e+00 4.427312599999999598e+00
-3.217304459999999722e+01 -3.193006929999999954e+01 -3.168722400000000050e+01 -3.144450769999999906e+01 -3.122260359999999935e+01 -3.098013179999999878e+01 -3.073778640000000095e+01 -3.049556619999999896e+01 -3.025347059999999999e+01 -3.001149870000000064e+01 -2.976964949999999988e+01 -2.952792219999999901e+01 -2.928631590000000173e+01 -2.904482989999999987e+01 -2.880346330000000066e+01 -2.856221520000000069e+01 -2.832108500000000006e+01 -2.808007170000000130e+01 -2.783917449999999860e+01 -2.759839270000000155e+01 -2.735772550000000081e+01 -2.711717210000000122e+01 -2.687673170000000056e+01 -2.663640360000000129e+01 -2.639618690000000001e+01 -2.615608089999999919e+01 -2.591608490000000131e+01 -2.567619799999999941e+01 -2.543641960000000068e+01 -2.519674889999999934e+01 -2.495718499999999906e+01 -2.471772729999999996e+01 -2.447837510000000094e+01 -2.423912740000000099e+01 -2.399998379999999898e+01 -2.376094319999999982e+01 -2.352200510000000122e+01 -2.328316870000000094e+01 -2.304443330000000145e+01 -2.280579799999999935e+01 -2.256726219999999827e+01 -2.232882509999999954e+01 -2.209048590000000090e+01 -2.185224399999999889e+01 -2.161409859999999838e+01 -2.137604899999999830e+01 -2.113809439999999995e+01 -2.090023400000000109e+01 -2.066246719999999826e+01 -2.042479319999999987e+01
-6.873726470000000255e+00 -6.640053860000000086e+00 -6.406433110000000042e+00 -6.172863579999999573e+00 -5.939344659999999720e+00 -5.705875739999999752e+00 -5.472456199999999882e+00 -5.239085420000000326e+00 -5.005762820000000168e+00 -4.772487769999999685e+00 -4.539259699999999675e+00 -4.306077990000000355e+00 -4.072942079999999798e+00 -3.839851349999999996e+00 -3.606805249999999852e+00 -3.373803179999999902e+00 -3.140844579999999997e+00 -2.907928870000000110e+00 -2.675055490000000091e+00 -2.442223869999999852e+00 -2.209433460000000071e+00 -1.976683699999999932e+00 -1.743974039999999892e+00 -1.511303939999999901e+00 -1.278672859999999911e+00 -1.046080249999999934e+00 -8.135255750000000008e-01 -5.810083129999999985e-01 -3.485279330000000120e-01 -1.160839129999999969e-01 1.163242659999999956e-01 3.486971189999999998e-01 5.810351590000000233e-01 8.133388919999999800e-01 1.045608819999999994e+00 1.277845450000000049e+00 1.510049270000000110e+00 1.742220770000000085e+00 1.974360450000000045e+00 2.206468790000000180e+00 2.438546269999999794e+00 2.670593370000000188e+00 2.902610559999999840e+00 3.134598319999999827e+00 3.366557100000000080e+00 3.598487379999999902e+00 3.830389620000000050e+00 4.062264260000000071e+00 4.294111769999999773e+00 4.525932590000000033e+00
-3.208731310000000292e+01 -3.184423930000000169e+01 -3.160129570000000143e+01 -3.135848139999999873e+01 -3.111579550000000083e+01 -3.089392880000000119e+01 -3.065148609999999962e+01 -3.040916899999999856e+01 -3.016697660000000170e+01 -2.992490799999999851e+01 -2.968296240000000097e+01 -2.944113880000000094e+01 -2.919943650000000090e+01 -2.895785449999999983e+01 -2.871639199999999903e+01 -2.847504819999999981e+01 -2.823382229999999993e+01 -2.799271339999999952e+01 -2.775172069999999991e+01 -2.751084350000000001e+01 -2.727008100000000113e+01 -2.702943229999999986e+01 -2.678889660000000106e+01 -2.654847330000000127e+01 -2.630816139999999947e+01 -2.606796029999999931e+01 -2.582786919999999853e+01 -2.558788729999999845e+01 -2.534801390000000154e+01 -2.510824810000000085e+01 -2.486858930000000001e+01 -2.462903670000000034e+01 -2.438958949999999959e+01 -2.415024700000000024e+01 -2.391100840000000005e+01 -2.367187309999999911e+01 -2.343284020000000112e+01 -2.319390900000000144e+01 -2.295507879999999901e+01 -2.271634879999999868e+01 -2.247771829999999937e+01 -2.223918660000000003e+01 -2.200075289999999839e+01 -2.176241650000000050e+01 -2.152417660000000055e+01 -2.128603259999999864e+01 -2.104798359999999846e+01 -2.081002900000000011e+01 -2.057216800000000134e+01 -2.033439979999999991e+01
-6.764304199999999767e+00 -6.530525130000000011e+00 -6.296798299999999848e+00 -6.063123090000000381e+00 -5.829498880000000050e+00 -5.595925049999999956e+00 -5.362400990000000256e+00 -5.128926090000000215e+00 -4.895499749999999928e+00 -4.662121349999999609e+00 -4.428790310000000119e+00 -4.195506039999999714e+00 -3.962267929999999883e+00 -3.729075400000000151e+00 -3.495927870000000048e+00 -3.262824759999999991e+00 -3.029765489999999950e+00 -2.796749489999999838e+00 -2.563776199999999950e+00 -2.330845039999999813e+00 -2.097955470000000044e+00 -1.865106909999999951e+00 -1.632298830000000089e+00 -1.399530659999999926e+00 -1.166801870000000019e+00 -9.341119100000000453e-01 -7.014602469999999812e-01 -4.688463469999999966e-01 -2.362696800000000097e-01 -3.729718029999999802e-03 2.287740600000000013e-01 4.612421720000000058e-01 6.936751340000000265e-01 9.260734560000000171e-01 1.158437649999999985e+00 1.390768210000000060e+00 1.623065640000000087e+00 1.855330439999999914e+00 2.087563100000000116e+00 2.319764109999999935e+00 2.551933959999999946e+00 2.784073119999999957e+00 3.016182070000000159e+00 3.248261299999999796e+00 3.480311260000000129e+00 3.712332430000000016e+00 3.944325280000000156e+00 4.176290260000000032e+00 4.408227830000000402e+00 4.640138440000000308e+00
-3.198597810000000052e+01 -3.174278729999999982e+01 -3.149972719999999882e+01 -3.125679690000000122e+01 -3.101399520000000010e+01 -3.077132140000000149e+01 -3.054947179999999918e+01 -3.030703989999999948e+01 -3.006473300000000037e+01 -2.982255019999999845e+01 -2.958049060000000097e+01 -2.933855330000000095e+01 -2.909673739999999853e+01 -2.885504200000000097e+01 -2.861346640000000008e+01 -2.837200950000000077e+01 -2.813067069999999958e+01 -2.788944910000000021e+01 -2.764834379999999925e+01 -2.740735409999999916e+01 -2.716647920000000127e+01 -2.692571810000000099e+01 -2.668507019999999841e+01 -2.644453469999999840e+01 -2.620411079999999870e+01 -2.596379759999999948e+01 -2.572359450000000081e+01 -2.548350059999999928e+01 -2.524351529999999855e+01 -2.500363769999999874e+01 -2.476386700000000118e+01 -2.452420259999999885e+01 -2.428464370000000017e+01 -2.404518949999999933e+01 -2.380583920000000120e+01 -2.356659219999999877e+01 -2.332744770000000045e+01 -2.308840500000000162e+01 -2.284946319999999886e+01 -2.261062180000000055e+01 -2.237187979999999854e+01 -2.213323670000000121e+01 -2.189469160000000159e+01 -2.165624389999999977e+01 -2.141789280000000062e+01 -2.117963749999999834e+01 -2.094147740000000013e+01 -2.070341170000000020e+01 -2.046543970000000101e+01 -2.022756060000000033e+01
-6.640699589999999652e+00 -6.406798389999999621e+00 -6.172949860000000122e+00 -5.939153349999999776e+00 -5.705408270000000392e+00 -5.471713979999999644e+00 -5.238069870000000350e+00 -5.004475339999999939e+00 -4.770929790000000281e+00 -4.537432599999999816e+00 -4.303983180000000353e+00 -4.070580940000000147e+00 -3.837225280000000183e+00 -3.603915619999999986e+00 -3.370651379999999975e+00 -3.137431959999999798e+00 -2.904256800000000194e+00 -2.671125319999999803e+00 -2.438036949999999869e+00 -2.204991129999999799e+00 -1.971987300000000110e+00 -1.739024890000000045e+00 -1.506103350000000063e+00 -1.273222129999999952e+00 -1.040380679999999947e+00 -8.075784660000000503e-01 -5.748149399999999964e-01 -3.420895660000000116e-01 -1.094018130000000005e-01 1.232488479999999942e-01 3.558629409999999882e-01 5.884409889999999699e-01 8.209835100000000274e-01 1.053491020000000056e+00 1.285964019999999985e+00 1.518403029999999987e+00 1.750808539999999969e+00 1.983181059999999940e+00 2.215521079999999809e+00 2.447829099999999869e+00 2.680105600000000088e+00 2.912351070000000153e+00 3.144565989999999811e+00 3.376750830000000203e+00 3.608906090000000066e+00 3.841032220000000219e+00 4.073129690000000025e+00 4.305198970000000180e+00 4.537240530000000049e+00 4.769254809999999623e+00
-3.186914439999999971e+01 -3.162581799999999888e+01 -3.138262290000000121e+01 -3.113955800000000096e+01 -3.089662249999999943e+01 -3.065381520000000037e+01 -3.041113509999999920e+01 -3.018927760000000049e+01 -2.994683840000000075e+01 -2.970452369999999931e+01 -2.946233249999999870e+01 -2.922026389999999907e+01 -2.897831700000000055e+01 -2.873649100000000089e+01 -2.849478480000000147e+01 -2.825319779999999881e+01 -2.801172890000000137e+01 -2.777037749999999861e+01 -2.752914249999999896e+01 -2.728802329999999898e+01 -2.704701899999999881e+01 -2.680612869999999859e+01 -2.656535170000000079e+01 -2.632468709999999845e+01 -2.608413429999999877e+01 -2.584369230000000073e+01 -2.560336039999999969e+01 -2.536313790000000168e+01 -2.512302400000000091e+01 -2.488301780000000107e+01 -2.464311869999999871e+01 -2.440332580000000107e+01 -2.416363850000000113e+01 -2.392405589999999904e+01 -2.368457739999999845e+01 -2.344520209999999949e+01 -2.320592939999999871e+01 -2.296675839999999980e+01 -2.272768849999999929e+01 -2.248871899999999968e+01 -2.224984900000000110e+01 -2.201107779999999892e+01 -2.177240480000000034e+01 -2.153382919999999956e+01 -2.129535020000000145e+01 -2.105696710000000138e+01 -2.081867929999999944e+01 -2.058048589999999933e+01 -2.034238630000000114e+01 -2.010437969999999908e+01
-6.502045039999999609e+00 -6.268005409999999777e+00 -6.034018889999999580e+00 -5.800084850000000181e+00 -5.566202679999999958e+00 -5.332371769999999955e+00 -5.098591500000000387e+00 -4.864861259999999632e+00 -4.631180449999999560e+00 -4.397548460000000325e+00 -4.163964710000000125e+00 -3.930428590000000000e+00 -3.696939509999999984e+00 -3.463496880000000111e+00 -3.230100129999999847e+00 -2.996748670000000114e+00 -2.763441910000000057e+00 -2.530179299999999909e+00 -2.296960250000000148e+00 -2.063784210000000119e+00 -1.830650600000000017e+00 -1.597558870000000075e+00 -1.364508459999999923e+00 -1.131498829999999955e+00 -8.985294059999999750e-01 -6.655996619999999808e-01 -4.327090499999999840e-01 -1.998570329999999895e-01 3.295692420000000122e-02 2.657333530000000055e-01 4.984727800000000042e-01 7.311757300000000237e-01 9.638427219999999851e-01 1.196474279999999890e+00 1.429070899999999922e+00 1.661633109999999913e+00 1.894161409999999934e+00 2.126656300000000055e+00 2.359118280000000123e+00 2.591547849999999986e+00 2.823945489999999836e+00 3.056311710000000126e+00 3.288646969999999836e+00 3.520951779999999864e+00 3.753226590000000140e+00 3.985471899999999845e+00 4.217688159999999797e+00 4.449875859999999683e+00 4.682035449999999877e+00 4.914167390000000246e+00
-3.173690069999999963e+01 -3.149341929999999934e+01 -3.125006989999999973e+01 -3.100685160000000096e+01 -3.076376330000000081e+01 -3.052080390000000065e+01 -3.027797239999999945e+01 -3.003526769999999857e+01 -2.981338739999999987e+01 -2.957092270000000056e+01 -2.932858200000000082e+01 -2.908636429999999962e+01 -2.884426879999999827e+01 -2.860229440000000167e+01 -2.836044030000000049e+01 -2.811870569999999958e+01 -2.787708950000000030e+01 -2.763559100000000157e+01 -2.739420929999999998e+01 -2.715294360000000040e+01 -2.691179289999999824e+01 -2.667075649999999953e+01 -2.642983350000000087e+01 -2.618902320000000117e+01 -2.594832470000000058e+01 -2.570773730000000157e+01 -2.546725999999999956e+01 -2.522689220000000176e+01 -2.498663309999999882e+01 -2.474648189999999914e+01 -2.450643780000000049e+01 -2.426650009999999824e+01 -2.402666789999999963e+01 -2.378694069999999883e+01 -2.354731740000000073e+01 -2.330779760000000067e+01 -2.306838030000000117e+01 -2.282906489999999877e+01 -2.258985050000000072e+01 -2.235073660000000118e+01 -2.211172230000000027e+01 -2.187280690000000050e+01 -2.163398959999999960e+01 -2.139526980000000123e+01 -2.115664669999999958e+01 -2.091811960000000070e+01 -2.067968779999999995e+01 -2.044135049999999865e+01 -2.020310699999999926e+01 -1.996495669999999834e+01
-6.348431829999999998e+00 -6.114237359999999732e+00 -5.880096469999999798e+00 -5.646008560000000287e+00 -5.411972999999999701e+00 -5.177989179999999969e+00 -4.944056490000000359e+00 -4.710174330000000076e+00 -4.476342090000000162e+00 -4.242559159999999885e+00 -4.008824970000000043e+00 -3.775138899999999964e+00 -3.541500370000000064e+00 -3.307908789999999932e+00 -3.074363589999999924e+00 -2.840864170000000133e+00 -2.607409960000000027e+00 -2.374000380000000021e+00 -2.140634879999999907e+00 -1.907312869999999938e+00 -1.674033789999999966e+00 -1.440797090000000003e+00 -1.207602209999999898e+00 -9.744485939999999458e-01 -7.413356890000000199e-01 -5.082629509999999629e-01 -2.752298360000000055e-01 -4.223580589999999940e-02 1.907196770000000041e-01 4.236371449999999927e-01 6.565171279999999499e-01 8.893601519999999594e-01 1.122166739999999940e+00 1.354937410000000009e+00 1.587672680000000058e+00 1.820373049999999937e+00 2.053039050000000199e+00 2.285671170000000085e+00 2.518269919999999829e+00 2.750835790000000003e+00 2.983369290000000174e+00 3.215870890000000148e+00 3.448341099999999937e+00 3.680780389999999791e+00 3.913189249999999841e+00 4.145568159999999835e+00 4.377917590000000025e+00 4.610238019999999715e+00 4.842529899999999721e+00 5.074793719999999730e+00
-3.158926710000000071e+01 -3.134561100000000167e+01 -3.110208809999999957e+01 -3.085869720000000171e+01 -3.061543729999999996e+01 -3.037230710000000045e+01 -3.012930559999999858e+01 -2.988643180000000044e+01 -2.964368449999999910e+01 -2.942175530000000094e+01 -2.917924730000000011e+01 -2.893686290000000128e+01 -2.869460120000000103e+01 -2.845246119999999834e+01 -2.821044189999999929e+01 -2.796854250000000164e+01 -2.772676200000000080e+01 -2.748509960000000163e+01 -2.724355429999999956e+01 -2.700212529999999944e+01 -2.676081160000000025e+01 -2.651961250000000092e+01 -2.627852710000000158e+01 -2.603755459999999999e+01 -2.579669409999999985e+01 -2.555594479999999891e+01 -2.531530589999999847e+01 -2.507477659999999986e+01 -2.483435619999999844e+01 -2.459404380000000145e+01 -2.435383859999999956e+01 -2.411373989999999878e+01 -2.387374679999999927e+01 -2.363385870000000111e+01 -2.339407479999999850e+01 -2.315439429999999987e+01 -2.291481639999999942e+01 -2.267534050000000079e+01 -2.243596570000000057e+01 -2.219669139999999885e+01 -2.195751669999999933e+01 -2.171844099999999855e+01 -2.147946350000000137e+01 -2.124058349999999962e+01 -2.100180029999999931e+01 -2.076311310000000177e+01 -2.052452119999999880e+01 -2.028602390000000000e+01 -2.004762050000000073e+01 -1.980931029999999993e+01
