2.989460150000000027e+01 2.989167929999999984e+01 2.988877210000000062e+01 2.988588000000000022e+01 2.988300269999999870e+01 2.988014030000000076e+01 2.987729270000000170e+01 2.987445980000000034e+01 2.987164149999999907e+01 2.986883789999999905e+01 2.986604870000000034e+01 2.986327400000000054e+01 2.986051369999999849e+01 2.985776780000000130e+01 2.985503609999999952e+01 2.985231849999999909e+01 2.984961510000000118e+01 2.984692580000000106e+01 2.984425039999999996e+01 2.984158899999999903e+01 2.983894139999999950e+01 2.983630760000000137e+01 2.983368749999999991e+01 2.983108109999999868e+01 2.982848830000000007e+01 2.982590890000000172e+01 2.982334309999999888e+01 2.982079059999999870e+01 2.981825140000000118e+01 2.981572549999999922e+01 2.981321270000000112e+01 2.981071310000000096e+01 2.980822649999999996e+01 2.980575290000000166e+01 2.980329229999999896e+01 2.980084439999999901e+01 2.979840940000000060e+01 2.979598710000000139e+01 2.979357750000000138e+01 2.979118039999999823e+01 2.978879590000000022e+01 2.978642380000000145e+01 2.978406419999999954e+01 2.978171689999999927e+01 2.977938179999999946e+01 2.977705900000000128e+01 2.977474829999999884e+01 2.977244980000000041e+01 2.977016319999999894e+01 2.976788870000000031e+01
2.901913060000000044e+01 2.901487369999999899e+01 2.901063540000000174e+01 2.900641560000000041e+01 2.900221420000000094e+01 2.899803109999999862e+01 2.899386619999999937e+01 2.898971939999999847e+01 2.898559059999999832e+01 2.898147979999999890e+01 2.897738689999999906e+01 2.897331180000000117e+01 2.896925440000000052e+01 2.896521470000000065e+01 2.896119249999999923e+01 2.895718799999999860e+01 2.895320089999999880e+01 2.894923119999999983e+01 2.894527899999999931e+01 2.894134409999999846e+01 2.893742639999999966e+01 2.893352610000000169e+01 2.892964290000000105e+01 2.892577689999999890e+01 2.892192809999999881e+01 2.891809629999999842e+01 2.891428159999999892e+01 2.891048400000000029e+01 2.890670330000000021e+01 2.890293959999999984e+01 2.889919280000000157e+01 2.889546289999999829e+01 2.889174990000000065e+01 2.888805370000000039e+01 2.888437439999999867e+01 2.888071180000000027e+01 2.887706599999999924e+01 2.887343690000000151e+01 2.886982450000000000e+01 2.886622879999999824e+01 2.886264969999999863e+01 2.885908729999999878e+01 2.885554139999999990e+01 2.885201209999999961e+01 2.884849930000000029e+01 2.884500299999999839e+01 2.884152320000000103e+01 2.883805979999999991e+01 2.883461289999999977e+01 2.883118229999999826e+01
2.717870599999999826e+01 2.717606370000000027e+01 2.717343500000000134e+01 2.717081980000000030e+01 2.716821819999999832e+01 2.716562989999999900e+01 2.716305499999999995e+01 2.716049350000000118e+01 2.715794509999999917e+01 2.715540999999999983e+01 2.715288800000000080e+01 2.715037900000000093e+01 2.714788300000000021e+01 2.714539990000000103e+01 2.714292969999999983e+01 2.714047229999999900e+01 2.713802760000000092e+01 2.713559559999999848e+01 2.713317620000000119e+01 2.713076930000000075e+01 2.712837490000000074e+01 2.712599300000000113e+01 2.712362339999999961e+01 2.712126599999999854e+01 2.711892100000000028e+01 2.711658800000000014e+01 2.711426720000000046e+01 2.711195839999999890e+01 2.710966159999999903e+01 2.710737669999999966e+01 2.710510370000000080e+01 2.710284240000000011e+01 2.710059289999999876e+01 2.709835509999999914e+01 2.709612879999999890e+01 2.709391409999999922e+01 2.709171089999999893e+01 2.708951920000000158e+01 2.708733870000000010e+01 2.708516960000000040e+01 2.708301180000000130e+01 2.708086510000000047e+01 2.707872959999999907e+01 2.707660509999999832e+01 2.707449169999999938e+01 2.707238919999999993e+01 2.707029770000000113e+01 2.706821700000000064e+01 2.706614700000000084e+01 2.706408790000000053e+01
2.625547900000000112e+01 2.625163900000000083e+01 2.624781570000000031e+01 2.624400899999999837e+01 2.624021869999999979e+01 2.623644489999999863e+01 2.623268739999999966e+01 2.622894630000000049e+01 2.622522130000000118e+01 2.622151249999999933e+01 2.621781980000000090e+01 2.621414319999999876e+01 2.621048259999999885e+01 2.620683790000000002e+01 2.620320909999999870e+01 2.619959619999999845e+01 2.619599919999999926e+01 2.619241789999999881e+01 2.618885230000000064e+01 2.618530249999999882e+01 2.618176839999999927e+01 2.617824990000000085e+01 2.617474699999999999e+01 2.617125980000000141e+01 2.616778800000000160e+01 2.616433190000000053e+01 2.616089119999999824e+01 2.615746599999999944e+01 2.615405619999999942e+01 2.615066189999999935e+01 2.614728300000000161e+01 2.614391940000000147e+01 2.614057120000000012e+01 2.613723840000000109e+01 2.613392079999999851e+01 2.613061850000000064e+01 2.612733150000000037e+01 2.612405970000000011e+01 2.612080309999999983e+01 2.611756169999999955e+01 2.611433549999999926e+01 2.611112430000000018e+01 2.610792830000000109e+01 2.610474740000000082e+01 2.610158150000000177e+01 2.609843060000000037e+01 2.609529470000000018e+01 2.609217380000000119e+01 2.608906779999999870e+01 2.608597669999999979e+01
2.446245469999999855e+01 2.446008899999999997e+01 2.445773549999999830e+01 2.445539409999999947e+01 2.445306469999999877e+01 2.445074740000000091e+01 2.444844200000000001e+01 2.444614849999999961e+01 2.444386679999999856e+01 2.444159679999999923e+01 2.443933859999999925e+01 2.443709199999999981e+01 2.443485700000000094e+01 2.443263350000000145e+01 2.443042140000000018e+01 2.442822079999999829e+01 2.442603150000000056e+01 2.442385349999999988e+01 2.442168679999999981e+01 2.441953120000000155e+01 2.441738670000000155e+01 2.441525329999999983e+01 2.441313080000000113e+01 2.441101929999999953e+01 2.440891859999999980e+01 2.440682879999999955e+01 2.440474969999999999e+01 2.440268139999999875e+01 2.440062359999999941e+01 2.439857650000000078e+01 2.439653990000000050e+01 2.439451379999999858e+01 2.439249799999999979e+01 2.439049269999999936e+01 2.438849760000000089e+01 2.438651279999999844e+01 2.438453820000000150e+01 2.438257369999999824e+01 2.438061929999999933e+01 2.437867500000000121e+01 2.437674060000000154e+01 2.437481610000000032e+01 2.437290150000000111e+01 2.437099680000000035e+01 2.436910179999999926e+01 2.436721659999999900e+01 2.436534100000000080e+01 2.436347500000000110e+01 2.436161859999999990e+01 2.435977169999999958e+01
2.349119990000000158e+01 2.348777330000000063e+01 2.348436140000000094e+01 2.348096430000000012e+01 2.347758190000000056e+01 2.347421419999999870e+01 2.347086099999999931e+01 2.346752229999999884e+01 2.346419819999999845e+01 2.346088849999999937e+01 2.345759310000000042e+01 2.345431220000000039e+01 2.345104560000000049e+01 2.344779319999999956e+01 2.344455509999999876e+01 2.344133130000000165e+01 2.343812159999999878e+01 2.343492609999999843e+01 2.343174469999999943e+01 2.342857749999999939e+01 2.342542429999999953e+01 2.342228520000000103e+01 2.341916009999999915e+01 2.341604909999999862e+01 2.341295200000000065e+01 2.340986889999999931e+01 2.340679970000000054e+01 2.340374449999999840e+01 2.340070319999999882e+01 2.339767570000000063e+01 2.339466219999999907e+01 2.339166240000000130e+01 2.338867649999999898e+01 2.338570440000000161e+01 2.338274600000000092e+01 2.337980140000000162e+01 2.337687049999999900e+01 2.337395340000000132e+01 2.337104989999999916e+01 2.336816010000000077e+01 2.336528390000000144e+01 2.336242139999999878e+01 2.335957240000000112e+01 2.335673699999999897e+01 2.335391519999999943e+01 2.335110680000000016e+01 2.334831199999999995e+01 2.334553060000000002e+01 2.334276260000000036e+01 2.334000800000000098e+01
2.174522959999999827e+01 2.174313679999999849e+01 2.174105459999999823e+01 2.173898319999999984e+01 2.173692240000000098e+01 2.173487220000000164e+01 2.173283250000000066e+01 2.173080320000000043e+01 2.172878439999999856e+01 2.172677589999999981e+01 2.172477770000000064e+01 2.172278980000000104e+01 2.172081209999999984e+01 2.171884449999999944e+01 2.171688699999999983e+01 2.171493949999999984e+01 2.171300199999999947e+01 2.171107440000000111e+01 2.170915660000000003e+01 2.170724870000000095e+01 2.170535050000000155e+01 2.170346209999999942e+01 2.170158329999999935e+01 2.169971410000000134e+01 2.169785440000000065e+01 2.169600420000000085e+01 2.169416349999999838e+01 2.169233210000000156e+01 2.169051010000000090e+01 2.168869730000000118e+01 2.168689380000000000e+01 2.168509949999999975e+01 2.168331429999999926e+01 2.168153819999999854e+01 2.167977109999999996e+01 2.167801289999999881e+01 2.167626380000000097e+01 2.167452349999999939e+01 2.167279200000000117e+01 2.167106929999999920e+01 2.166935540000000060e+01 2.166765020000000064e+01 2.166595360000000170e+01 2.166426560000000023e+01 2.166258609999999862e+01 2.166091520000000159e+01 2.165925269999999969e+01 2.165759870000000120e+01 2.165595310000000140e+01 2.165431579999999911e+01
2.072669700000000148e+01 2.072368090000000151e+01 2.072067780000000070e+01 2.071768780000000021e+01 2.071471060000000008e+01 2.071174630000000150e+01 2.070879490000000089e+01 2.070585639999999827e+01 2.070293050000000079e+01 2.070001750000000129e+01 2.069711720000000099e+01 2.069422949999999872e+01 2.069135449999999921e+01 2.068849219999999889e+01 2.068564239999999899e+01 2.068280520000000067e+01 2.067998060000000038e+01 2.067716860000000167e+01 2.067436899999999866e+01 2.067158200000000079e+01 2.066880739999999861e+01 2.066604530000000040e+01 2.066329560000000143e+01 2.066055830000000171e+01 2.065783340000000123e+01 2.065512100000000117e+01 2.065242080000000158e+01 2.064973309999999884e+01 2.064705760000000012e+01 2.064439450000000065e+01 2.064174360000000163e+01 2.063910509999999832e+01 2.063647870000000140e+01 2.063386470000000017e+01 2.063126279999999824e+01 2.062867310000000032e+01 2.062609559999999931e+01 2.062353029999999876e+01 2.062097710000000106e+01 2.061843599999999910e+01 2.061590699999999998e+01 2.061339010000000016e+01 2.061088519999999846e+01 2.060839229999999844e+01 2.060591140000000010e+01 2.060344249999999988e+01 2.060098560000000134e+01 2.059854049999999859e+01 2.059610740000000106e+01 2.059368609999999933e+01
1.902708880000000136e+01 1.902526530000000093e+01 1.902345109999999906e+01 1.902164619999999928e+01 1.901985060000000161e+01 1.901806399999999897e+01 1.901628669999999843e+01 1.901451829999999887e+01 1.901275899999999908e+01 1.901100870000000143e+01 1.900926730000000120e+01 1.900753479999999840e+01 1.900581109999999896e+01 1.900409610000000171e+01 1.900238990000000072e+01 1.900069239999999837e+01 1.899900350000000060e+01 1.899732309999999913e+01 1.899565129999999868e+01 1.899398800000000165e+01 1.899233309999999975e+01 1.899068660000000008e+01 1.898904840000000149e+01 1.898741850000000042e+01 1.898579690000000042e+01 1.898418339999999915e+01 1.898257810000000134e+01 1.898098089999999871e+01 1.897939179999999837e+01 1.897781069999999914e+01 1.897623749999999987e+01 1.897467220000000054e+01 1.897311489999999878e+01 1.897156530000000174e+01 1.897002360000000110e+01 1.896848960000000162e+01 1.896696329999999975e+01 1.896544460000000143e+01 1.896393360000000072e+01 1.896243020000000001e+01 1.896093430000000168e+01 1.895944589999999863e+01 1.895796490000000034e+01 1.895649140000000088e+01 1.895502520000000146e+01 1.895356639999999970e+01 1.895211480000000037e+01 1.895067059999999870e+01 1.894923349999999829e+01 1.894780370000000147e+01
1.796163220000000038e+01 1.795902420000000177e+01 1.795642739999999904e+01 1.795384190000000046e+01 1.795126750000000015e+01 1.794870440000000045e+01 1.794615239999999901e+01 1.794361149999999938e+01 1.794108170000000158e+01 1.793856299999999848e+01 1.793605529999999959e+01 1.793355869999999896e+01 1.793107300000000137e+01 1.792859839999999849e+01 1.792613469999999865e+01 1.792368189999999828e+01 1.792124009999999856e+01 1.791880910000000071e+01 1.791638909999999996e+01 1.791397990000000107e+01 1.791158160000000166e+01 1.790919410000000056e+01 1.790681749999999894e+01 1.790445160000000158e+01 1.790209660000000014e+01 1.789975240000000056e+01 1.789741890000000168e+01 1.789509609999999995e+01 1.789278410000000008e+01 1.789048280000000091e+01 1.788819219999999888e+01 1.788591230000000110e+01 1.788364310000000046e+01 1.788138449999999935e+01 1.787913659999999894e+01 1.787689930000000160e+01 1.787467249999999908e+01 1.787245640000000080e+01 1.787025080000000088e+01 1.786805569999999932e+01 1.786587120000000084e+01 1.786369720000000072e+01 1.786153360000000134e+01 1.785938050000000032e+01 1.785723790000000122e+01 1.785510560000000169e+01 1.785298369999999935e+01 1.785087220000000130e+01 1.784877099999999928e+01 1.784668010000000038e+01
1.630810140000000175e+01 1.630654420000000115e+01 1.630499500000000168e+01 1.630345369999999861e+01 1.630192020000000142e+01 1.630039449999999945e+01 1.629887649999999866e+01 1.629736619999999903e+01 1.629586360000000056e+01 1.629436850000000092e+01 1.629288109999999890e+01 1.629140119999999925e+01 1.628992870000000082e+01 1.628846370000000121e+01 1.628700609999999926e+01 1.628555580000000091e+01 1.628411290000000022e+01 1.628267719999999841e+01 1.628124869999999902e+01 1.627982739999999851e+01 1.627841330000000042e+01 1.627700619999999887e+01 1.627560629999999975e+01 1.627421329999999955e+01 1.627282729999999944e+01 1.627144819999999825e+01 1.627007599999999954e+01 1.626871069999999975e+01 1.626735220000000126e+01 1.626600050000000053e+01 1.626465549999999993e+01 1.626331719999999947e+01 1.626198550000000154e+01 1.626066050000000018e+01 1.625934210000000135e+01 1.625803020000000032e+01 1.625672480000000064e+01 1.625542589999999876e+01 1.625413349999999824e+01 1.625284740000000028e+01 1.625156769999999895e+01 1.625029430000000019e+01 1.624902730000000162e+01 1.624776650000000089e+01 1.624651190000000156e+01 1.624526360000000125e+01 1.624402140000000117e+01 1.624278539999999893e+01 1.624155539999999931e+01 1.624033160000000109e+01
1.519622299999999981e+01 1.519402089999999994e+01 1.519182829999999917e+01 1.518964519999999929e+01 1.518747169999999969e+01 1.518530750000000040e+01 1.518315289999999962e+01 1.518100759999999916e+01 1.517887179999999958e+01 1.517674530000000033e+01 1.517462820000000079e+01 1.517252049999999919e+01 1.517042209999999969e+01 1.516833300000000051e+01 1.516625319999999988e+01 1.516418269999999957e+01 1.516212140000000019e+01 1.516006950000000053e+01 1.515802680000000002e+01 1.515599330000000045e+01 1.515396900000000002e+01 1.515195390000000053e+01 1.514994809999999958e+01 1.514795140000000018e+01 1.514596389999999992e+01 1.514398560000000060e+01 1.514201639999999927e+01 1.514005629999999947e+01 1.513810529999999943e+01 1.513616350000000033e+01 1.513423069999999981e+01 1.513230710000000023e+01 1.513039239999999985e+01 1.512848690000000040e+01 1.512659030000000016e+01 1.512470279999999967e+01 1.512282429999999955e+01 1.512095470000000041e+01 1.511909409999999987e+01 1.511724249999999969e+01 1.511539980000000050e+01 1.511356600000000050e+01 1.511174109999999970e+01 1.510992500000000049e+01 1.510811780000000049e+01 1.510631940000000029e+01 1.510452979999999990e+01 1.510274899999999931e+01 1.510097700000000032e+01 1.509921369999999996e+01
1.358835930000000047e+01 1.358706600000000009e+01 1.358577919999999928e+01 1.358449889999999982e+01 1.358322509999999994e+01 1.358195779999999964e+01 1.358069680000000012e+01 1.357944220000000080e+01 1.357819390000000048e+01 1.357695179999999979e+01 1.357571609999999929e+01 1.357448650000000079e+01 1.357326310000000014e+01 1.357204579999999972e+01 1.357083470000000069e+01 1.356962949999999957e+01 1.356843040000000045e+01 1.356723730000000039e+01 1.356605019999999939e+01 1.356486899999999984e+01 1.356369360000000057e+01 1.356252409999999919e+01 1.356136039999999987e+01 1.356020250000000082e+01 1.355905029999999911e+01 1.355790380000000006e+01 1.355676300000000012e+01 1.355562779999999989e+01 1.355449830000000055e+01 1.355337429999999976e+01 1.355225590000000047e+01 1.355114299999999972e+01 1.355003549999999990e+01 1.354893350000000041e+01 1.354783690000000007e+01 1.354674570000000067e+01 1.354565990000000042e+01 1.354457939999999994e+01 1.354350409999999982e+01 1.354243420000000064e+01 1.354136950000000006e+01 1.354030999999999985e+01 1.353925560000000061e+01 1.353820649999999937e+01 1.353716239999999971e+01 1.353612350000000042e+01 1.353508959999999917e+01 1.353406080000000067e+01 1.353303700000000021e+01 1.353201819999999955e+01
1.243049139999999930e+01 1.242869330000000083e+01 1.242690299999999937e+01 1.242512050000000023e+01 1.242334579999999988e+01 1.242157880000000070e+01 1.241981949999999912e+01 1.241806799999999988e+01 1.241632420000000003e+01 1.241458809999999957e+01 1.241285960000000088e+01 1.241113879999999980e+01 1.240942569999999989e+01 1.240772019999999998e+01 1.240602239999999945e+01 1.240433209999999953e+01 1.240264950000000077e+01 1.240097450000000023e+01 1.239930700000000030e+01 1.239764719999999976e+01 1.239599489999999982e+01 1.239435019999999987e+01 1.239271300000000053e+01 1.239108339999999941e+01 1.238946119999999951e+01 1.238784659999999960e+01 1.238623959999999968e+01 1.238463999999999920e+01 1.238304779999999994e+01 1.238146320000000067e+01 1.237988600000000083e+01 1.237831629999999983e+01 1.237675400000000003e+01 1.237519909999999967e+01 1.237365160000000053e+01 1.237211160000000021e+01 1.237057889999999993e+01 1.236905349999999970e+01 1.236753560000000007e+01 1.236602489999999932e+01 1.236452159999999978e+01 1.236302560000000028e+01 1.236153679999999966e+01 1.236005540000000025e+01 1.235858110000000032e+01 1.235711410000000043e+01 1.235565440000000059e+01 1.235420180000000023e+01 1.235275629999999936e+01 1.235131810000000030e+01
1.086798770000000047e+01 1.086695609999999945e+01 1.086592970000000058e+01 1.086490850000000030e+01 1.086389239999999923e+01 1.086288139999999913e+01 1.086187550000000002e+01 1.086087460000000071e+01 1.085987869999999944e+01 1.085888779999999976e+01 1.085790189999999988e+01 1.085692090000000043e+01 1.085594470000000022e+01 1.085497349999999983e+01 1.085400699999999929e+01 1.085304539999999918e+01 1.085208850000000069e+01 1.085113639999999968e+01 1.085018889999999914e+01 1.084924619999999962e+01 1.084830810000000056e+01 1.084737469999999959e+01 1.084644579999999969e+01 1.084552150000000026e+01 1.084460179999999951e+01 1.084368650000000045e+01 1.084277580000000007e+01 1.084186949999999960e+01 1.084096770000000021e+01 1.084007030000000071e+01 1.083917719999999996e+01 1.083828850000000088e+01 1.083740419999999993e+01 1.083652410000000010e+01 1.083564840000000018e+01 1.083477689999999960e+01 1.083390960000000014e+01 1.083304659999999942e+01 1.083218770000000042e+01 1.083133300000000077e+01 1.083048239999999929e+01 1.082963600000000071e+01 1.082879359999999913e+01 1.082795540000000045e+01 1.082712120000000056e+01 1.082629099999999944e+01 1.082546480000000066e+01 1.082464270000000006e+01 1.082382450000000063e+01 1.082301020000000058e+01
9.664512829999999610e+00 9.663117109999999954e+00 9.661727459999999823e+00 9.660343870000000166e+00 9.658966330000000156e+00 9.657594819999999913e+00 9.656229339999999439e+00 9.654869859999999804e+00 9.653516390000000058e+00 9.652168910000000324e+00 9.650827420000000600e+00 9.649491890000000183e+00 9.648162329999999898e+00 9.646838730000000695e+00 9.645521069999999142e+00 9.644209350000000569e+00 9.642903569999999647e+00 9.641603699999999222e+00 9.640309759999999173e+00 9.639021720000000570e+00 9.637739579999999862e+00 9.636463329999999772e+00 9.635192959999999474e+00 9.633928479999999794e+00 9.632669860000000028e+00 9.631417100000000175e+00 9.630170189999999408e+00 9.628929120000000452e+00 9.627693880000000703e+00 9.626464470000000162e+00 9.625240870000000726e+00 9.624023080000000618e+00 9.622811079999999961e+00 9.621604859999999704e+00 9.620404410000000794e+00 9.619209729999999681e+00 9.618020789999999209e+00 9.616837589999999381e+00 9.615660119999999367e+00 9.614488359999999290e+00 9.613322300000000098e+00 9.612161920000000137e+00 9.611007210000000356e+00 9.609858159999999927e+00 9.608714750000000748e+00 9.607576959999999389e+00 9.606444789999999401e+00 9.605318210000000079e+00 9.604197210000000595e+00 9.603081769999999295e+00
8.147082720000000222e+00 8.146311280000000821e+00 8.145543710000000104e+00 8.144779979999999142e+00 8.144020069999999833e+00 8.143263960000000523e+00 8.142511629999999556e+00 8.141763049999999780e+00 8.141018190000000487e+00 8.140277040000000852e+00 8.139539579999999219e+00 8.138805769999999384e+00 8.138075600000000520e+00 8.137349040000000144e+00 8.136626079999999206e+00 8.135906679999999724e+00 8.135190839999999923e+00 8.134478509999999218e+00 8.133769700000000213e+00 8.133064360000000548e+00 8.132362479999999394e+00 8.131664049999999477e+00 8.130969029999999265e+00 8.130277409999999705e+00 8.129589160000000092e+00 8.128904269999999599e+00 8.128222720000000123e+00 8.127544479999999183e+00 8.126869539999999503e+00 8.126197870000000378e+00 8.125529459999999204e+00 8.124864289999999656e+00 8.124202340000000078e+00 8.123543590000000592e+00 8.122888010000000492e+00 8.122235610000000605e+00 8.121586349999999399e+00 8.120940210000000548e+00 8.120297190000000498e+00 8.119657260000000321e+00 8.119020409999999188e+00 8.118386609999999948e+00 8.117755869999999874e+00 8.117128149999999209e+00 8.116503440000000680e+00 8.115881729999999905e+00 8.115263000000000559e+00 8.114647240000000039e+00 8.114034430000000242e+00 8.113424560000000341e+00
6.898359390000000424e+00 6.897364740000000438e+00 6.896374409999999955e+00 6.895388419999999741e+00 6.894406739999999978e+00 6.893429369999999778e+00 6.892456300000000091e+00 6.891487530000000028e+00 6.890523039999999710e+00 6.889562839999999966e+00 6.888606900000000088e+00 6.887655239999999957e+00 6.886707839999999692e+00 6.885764700000000182e+00 6.884825799999999774e+00 6.883891150000000181e+00 6.882960739999999689e+00 6.882034570000000073e+00 6.881112619999999680e+00 6.880194900000000224e+00 6.879281399999999991e+00 6.878372099999999989e+00 6.877467020000000097e+00 6.876566129999999610e+00 6.875669440000000243e+00 6.874776940000000280e+00 6.873888619999999783e+00 6.873004479999999639e+00 6.872124499999999969e+00 6.871248689999999826e+00 6.870377030000000218e+00 6.869509530000000197e+00 6.868646159999999945e+00 6.867786930000000289e+00 6.866931819999999576e+00 6.866080819999999640e+00 6.865233940000000423e+00 6.864391160000000269e+00 6.863552460000000188e+00 6.862717840000000180e+00 6.861887300000000245e+00 6.861060819999999616e+00 6.860238380000000191e+00 6.859419990000000134e+00 6.858605619999999625e+00 6.857795270000000443e+00 6.856988929999999982e+00 6.856186580000000141e+00 6.855388210000000093e+00 6.854593809999999898e+00
5.425706779999999618e+00 5.425194379999999761e+00 5.424684550000000272e+00 5.424177270000000384e+00 5.423672520000000219e+00 5.423170279999999899e+00 5.422670550000000311e+00 5.422173299999999863e+00 5.421678520000000390e+00 5.421186200000000177e+00 5.420696320000000235e+00 5.420208859999999795e+00 5.419723809999999808e+00 5.419241150000000395e+00 5.418760869999999841e+00 5.418282959999999981e+00 5.417807390000000112e+00 5.417334160000000232e+00 5.416863249999999574e+00 5.416394640000000038e+00 5.415928329999999846e+00 5.415464290000000069e+00 5.415002509999999880e+00 5.414542980000000227e+00 5.414085680000000345e+00 5.413630610000000232e+00 5.413177740000000071e+00 5.412727069999999863e+00 5.412278579999999728e+00 5.411832259999999728e+00 5.411388089999999984e+00 5.410946059999999669e+00 5.410506159999999731e+00 5.410068380000000232e+00 5.409632710000000344e+00 5.409199120000000249e+00 5.408767619999999887e+00 5.408338190000000267e+00 5.407910819999999674e+00 5.407485490000000006e+00 5.407062200000000374e+00 5.406640930000000012e+00 5.406221679999999807e+00 5.405804429999999883e+00 5.405389170000000298e+00 5.404975900000000166e+00 5.404564599999999608e+00 5.404155259999999572e+00 5.403747880000000059e+00 5.403342440000000302e+00
4.131958009999999959e+00 4.131363379999999808e+00 4.130771339999999903e+00 4.130181900000000184e+00 4.129595039999999884e+00 4.129010759999999891e+00 4.128429060000000206e+00 4.127849939999999940e+00 4.127273380000000103e+00 4.126699389999999745e+00 4.126127959999999817e+00 4.125559090000000317e+00 4.124992780000000359e+00 4.124429020000000001e+00 4.123867800000000194e+00 4.123309129999999989e+00 4.122753010000000273e+00 4.122199420000000281e+00 4.121648369999999950e+00 4.121099850000000231e+00 4.120553860000000235e+00 4.120010390000000022e+00 4.119469450000000421e+00 4.118931029999999716e+00 4.118395119999999743e+00 4.117861719999999615e+00 4.117330830000000219e+00 4.116802449999999780e+00 4.116276560000000195e+00 4.115753179999999567e+00 4.115232279999999854e+00 4.114713870000000107e+00 4.114197940000000386e+00 4.113684499999999744e+00 4.113173520000000138e+00 4.112665009999999732e+00 4.112158970000000302e+00 4.111655380000000193e+00 4.111154240000000293e+00 4.110655549999999714e+00 4.110159300000000293e+00 4.109665480000000315e+00 4.109174089999999779e+00 4.108685119999999635e+00 4.108198569999999883e+00 4.107714419999999755e+00 4.107232670000000141e+00 4.106753310000000212e+00 4.106276339999999969e+00 4.105801750000000361e+00
2.704212440000000051e+00 2.703958169999999939e+00 2.703705180000000041e+00 2.703453450000000036e+00 2.703202989999999861e+00 2.702953780000000084e+00 2.702705799999999936e+00 2.702459070000000185e+00 2.702213560000000125e+00 2.701969270000000201e+00 2.701726199999999967e+00 2.701484329999999989e+00 2.701243659999999824e+00 2.701004170000000038e+00 2.700765870000000124e+00 2.700528740000000205e+00 2.700292779999999837e+00 2.700057979999999969e+00 2.699824330000000217e+00 2.699591830000000137e+00 2.699360459999999851e+00 2.699130230000000186e+00 2.698901119999999931e+00 2.698673120000000036e+00 2.698446239999999996e+00 2.698220459999999932e+00 2.697995769999999904e+00 2.697772179999999853e+00 2.697549669999999900e+00 2.697328240000000044e+00 2.697107869999999963e+00 2.696888570000000040e+00 2.696670329999999893e+00 2.696453140000000026e+00 2.696236990000000056e+00 2.696021889999999921e+00 2.695807820000000188e+00 2.695594770000000029e+00 2.695382749999999827e+00 2.695171750000000088e+00 2.694961759999999984e+00 2.694752770000000019e+00 2.694544780000000195e+00 2.694337790000000066e+00 2.694131790000000137e+00 2.693926770000000026e+00 2.693722730000000176e+00 2.693519670000000144e+00 2.693317579999999989e+00 2.693116460000000156e+00
1.365479330000000102e+00 1.365284139999999979e+00 1.365089809999999959e+00 1.364896319999999941e+00 1.364703690000000025e+00 1.364511910000000050e+00 1.364320980000000016e+00 1.364130899999999924e+00 1.363941660000000056e+00 1.363753259999999967e+00 1.363565719999999981e+00 1.363379010000000058e+00 1.363193150000000076e+00 1.363008119999999934e+00 1.362823939999999956e+00 1.362640599999999980e+00 1.362458100000000005e+00 1.362276430000000094e+00 1.362095599999999962e+00 1.361915599999999893e+00 1.361736440000000048e+00 1.361558119999999983e+00 1.361380620000000041e+00 1.361203960000000102e+00 1.361028120000000063e+00 1.360853120000000027e+00 1.360678939999999892e+00 1.360505599999999982e+00 1.360333070000000033e+00 1.360161369999999925e+00 1.359990489999999941e+00 1.359820440000000019e+00 1.359651200000000060e+00 1.359482789999999941e+00 1.359315190000000007e+00 1.359148400000000034e+00 1.358982429999999963e+00 1.358817270000000077e+00 1.358652919999999931e+00 1.358489379999999969e+00 1.358326640000000030e+00 1.358164710000000053e+00 1.358003580000000099e+00 1.357843249999999946e+00 1.357683720000000038e+00 1.357524979999999992e+00 1.357367030000000030e+00 1.357209880000000091e+00 1.357053510000000074e+00 1.356897929999999919e+00
-1.755650370000000002e-02 -1.755287709999999932e-02 -1.754925660000000026e-02 -1.754564200000000018e-02 -1.754203320000000121e-02 -1.753843019999999989e-02 -1.753483299999999967e-02 -1.753124160000000056e-02 -1.752765569999999856e-02 -1.752407549999999981e-02 -1.752050089999999949e-02 -1.751693179999999975e-02 -1.751336809999999924e-02 -1.750980980000000145e-02 -1.750625700000000076e-02 -1.750270940000000011e-02 -1.749916719999999870e-02 -1.749563009999999946e-02 -1.749209830000000160e-02 -1.748857159999999897e-02 -1.748504999999999851e-02 -1.748153350000000023e-02 -1.747802210000000064e-02 -1.747451560000000056e-02 -1.747101410000000132e-02 -1.746751750000000158e-02 -1.746402580000000135e-02 -1.746053889999999928e-02 -1.745705690000000018e-02 -1.745357969999999925e-02 -1.745010719999999863e-02 -1.744663949999999963e-02 -1.744317650000000094e-02 -1.743971810000000122e-02 -1.743626449999999967e-02 -1.743281539999999921e-02 -1.742937099999999906e-02 -1.742593120000000134e-02 -1.742249599999999912e-02 -1.741906539999999934e-02 -1.741563930000000066e-02 -1.741221780000000094e-02 -1.740880079999999885e-02 -1.740538830000000134e-02 -1.740198039999999932e-02 -1.739857690000000054e-02 -1.739517800000000072e-02 -1.739178359999999854e-02 -1.738839370000000092e-02 -1.738500830000000094e-02
-1.401240880000000022e+00 -1.401036680000000034e+00 -1.400833369999999967e+00 -1.400630950000000041e+00 -1.400429429999999975e+00 -1.400228789999999890e+00 -1.400029039999999947e+00 -1.399830179999999924e+00 -1.399632189999999943e+00 -1.399435090000000104e+00 -1.399238870000000023e+00 -1.399043529999999924e+00 -1.398849070000000028e+00 -1.398655479999999951e+00 -1.398462770000000077e+00 -1.398270930000000023e+00 -1.398079960000000010e+00 -1.397889860000000040e+00 -1.397700630000000110e+00 -1.397512270000000001e+00 -1.397324769999999994e+00 -1.397138140000000028e+00 -1.396952369999999943e+00 -1.396767459999999961e+00 -1.396583420000000020e+00 -1.396400230000000020e+00 -1.396217899999999901e+00 -1.396036419999999945e+00 -1.395855800000000091e+00 -1.395676039999999896e+00 -1.395497119999999924e+00 -1.395319049999999894e+00 -1.395141830000000027e+00 -1.394965460000000101e+00 -1.394789920000000016e+00 -1.394615230000000095e+00 -1.394441379999999953e+00 -1.394268370000000035e+00 -1.394096189999999957e+00 -1.393924850000000104e+00 -1.393754340000000091e+00 -1.393584649999999980e+00 -1.393415789999999932e+00 -1.393247759999999946e+00 -1.393080550000000084e+00 -1.392914149999999962e+00 -1.392748579999999903e+00 -1.392583810000000089e+00 -1.392419859999999954e+00 -1.392256720000000003e+00
-2.739190929999999913e+00 -2.738929559999999874e+00 -2.738669479999999989e+00 -2.738410679999999875e+00 -2.738153159999999975e+00 -2.737896890000000027e+00 -2.737641879999999972e+00 -2.737388119999999869e+00 -2.737135599999999780e+00 -2.736884320000000148e+00 -2.736634249999999824e+00 -2.736385400000000079e+00 -2.736137760000000085e+00 -2.735891329999999844e+00 -2.735646079999999980e+00 -2.735402019999999990e+00 -2.735159139999999933e+00 -2.734917429999999872e+00 -2.734676879999999866e+00 -2.734437489999999915e+00 -2.734199250000000081e+00 -2.733962149999999980e+00 -2.733726180000000117e+00 -2.733491349999999986e+00 -2.733257630000000216e+00 -2.733025019999999916e+00 -2.732793529999999915e+00 -2.732563129999999951e+00 -2.732333829999999963e+00 -2.732105610000000073e+00 -2.731878469999999837e+00 -2.731652410000000142e+00 -2.731427409999999778e+00 -2.731203480000000017e+00 -2.730980600000000091e+00 -2.730758770000000002e+00 -2.730537990000000192e+00 -2.730318239999999896e+00 -2.730099520000000002e+00 -2.729881830000000065e+00 -2.729665160000000146e+00 -2.729449509999999801e+00 -2.729234860000000040e+00 -2.729021219999999914e+00 -2.728808579999999928e+00 -2.728596930000000143e+00 -2.728386270000000113e+00 -2.728176599999999841e+00 -2.727967909999999829e+00 -2.727760190000000140e+00
-4.167501869999999720e+00 -4.166898269999999904e+00 -4.166297300000000092e+00 -4.165698960000000284e+00 -4.165103249999999591e+00 -4.164510149999999911e+00 -4.163919660000000356e+00 -4.163331789999999977e+00 -4.162746509999999844e+00 -4.162163829999999898e+00 -4.161583750000000137e+00 -4.161006259999999735e+00 -4.160431359999999579e+00 -4.159859039999999730e+00 -4.159289300000000189e+00 -4.158722140000000067e+00 -4.158157550000000313e+00 -4.157595520000000100e+00 -4.157036070000000194e+00 -4.156479169999999890e+00 -4.155924830000000014e+00 -4.155373049999999679e+00 -4.154823819999999834e+00 -4.154277139999999591e+00 -4.153732999999999898e+00 -4.153191389999999927e+00 -4.152652329999999559e+00 -4.152115789999999862e+00 -4.151581779999999888e+00 -4.151050299999999638e+00 -4.150521330000000120e+00 -4.149994869999999558e+00 -4.149470919999999730e+00 -4.148949479999999745e+00 -4.148430529999999727e+00 -4.147914069999999676e+00 -4.147400099999999590e+00 -4.146888620000000358e+00 -4.146379610000000326e+00 -4.145873060000000443e+00 -4.145368979999999759e+00 -4.144867360000000112e+00 -4.144368189999999785e+00 -4.143871459999999729e+00 -4.143377169999999943e+00 -4.142885299999999660e+00 -4.142395859999999708e+00 -4.141908830000000208e+00 -4.141424210000000272e+00 -4.140941989999999961e+00
-5.460772610000000249e+00 -5.460253070000000264e+00 -5.459736109999999698e+00 -5.459221709999999561e+00 -5.458709849999999975e+00 -5.458200520000000111e+00 -5.457693700000000092e+00 -5.457189389999999918e+00 -5.456687549999999831e+00 -5.456188179999999832e+00 -5.455691260000000042e+00 -5.455196779999999634e+00 -5.454704719999999618e+00 -5.454215060000000115e+00 -5.453727790000000297e+00 -5.453242900000000226e+00 -5.452760370000000023e+00 -5.452280179999999810e+00 -5.451802319999999646e+00 -5.451326779999999594e+00 -5.450853539999999775e+00 -5.450382580000000310e+00 -5.449913900000000311e+00 -5.449447479999999899e+00 -5.448983310000000024e+00 -5.448521359999999980e+00 -5.448061629999999766e+00 -5.447604110000000333e+00 -5.447148780000000023e+00 -5.446695619999999849e+00 -5.446244629999999809e+00 -5.445795790000000025e+00 -5.445349099999999609e+00 -5.444904519999999692e+00 -5.444462070000000153e+00 -5.444021710000000347e+00 -5.443583450000000212e+00 -5.443147269999999871e+00 -5.442713150000000333e+00 -5.442281089999999821e+00 -5.441851080000000174e+00 -5.441423099999999735e+00 -5.440997140000000343e+00 -5.440573200000000220e+00 -5.440151260000000377e+00 -5.439731309999999986e+00 -5.439313339999999997e+00 -5.438897350000000408e+00 -5.438483319999999566e+00 -5.438071240000000195e+00
-6.933896530000000169e+00 -6.932892759999999654e+00 -6.931893370000000054e+00 -6.930898329999999774e+00 -6.929907659999999581e+00 -6.928921329999999656e+00 -6.927939340000000001e+00 -6.926961679999999788e+00 -6.925988349999999905e+00 -6.925019329999999584e+00 -6.924054619999999716e+00 -6.923094220000000298e+00 -6.922138109999999678e+00 -6.921186289999999630e+00 -6.920238760000000156e+00 -6.919295499999999599e+00 -6.918356519999999676e+00 -6.917421799999999621e+00 -6.916491350000000260e+00 -6.915565149999999939e+00 -6.914643189999999606e+00 -6.913725480000000090e+00 -6.912812009999999674e+00 -6.911902770000000196e+00 -6.910997749999999940e+00 -6.910096949999999794e+00 -6.909200359999999819e+00 -6.908307980000000015e+00 -6.907419789999999615e+00 -6.906535800000000336e+00 -6.905655989999999633e+00 -6.904780350000000233e+00 -6.903908880000000359e+00 -6.903041570000000071e+00 -6.902178410000000319e+00 -6.901319400000000215e+00 -6.900464519999999879e+00 -6.899613760000000262e+00 -6.898767119999999586e+00 -6.897924579999999750e+00 -6.897086139999999865e+00 -6.896251780000000053e+00 -6.895421500000000314e+00 -6.894595279999999882e+00 -6.893773109999999704e+00 -6.892954989999999782e+00 -6.892140890000000297e+00 -6.891330810000000362e+00 -6.890524730000000098e+00 -6.889722639999999565e+00
-8.182116600000000517e+00 -8.181338119999999492e+00 -8.180563530000000583e+00 -8.179792790000000480e+00 -8.179025879999999304e+00 -8.178262780000000731e+00 -8.177503469999999552e+00 -8.176747929999999442e+00 -8.175996120000000644e+00 -8.175248030000000554e+00 -8.174503639999999294e+00 -8.173762919999999710e+00 -8.173025839999999320e+00 -8.172292399999999901e+00 -8.171562550000000869e+00 -8.170836290000000446e+00 -8.170113580000000653e+00 -8.169394419999999712e+00 -8.168678760000000594e+00 -8.167966599999999744e+00 -8.167257920000000837e+00 -8.166552680000000564e+00 -8.165850869999999873e+00 -8.165152470000000662e+00 -8.164457450000000449e+00 -8.163765800000000183e+00 -8.163077499999999986e+00 -8.162392529999999979e+00 -8.161710859999999457e+00 -8.161032479999999367e+00 -8.160357360000000781e+00 -8.159685489999999319e+00 -8.159016850000000431e+00 -8.158351420000000687e+00 -8.157689189999999257e+00 -8.157030130000000767e+00 -8.156374220000000008e+00 -8.155721449999999706e+00 -8.155071799999999982e+00 -8.154425260000000009e+00 -8.153781800000000857e+00 -8.153141409999999922e+00 -8.152504079999999931e+00 -8.151869780000000176e+00 -8.151238510000000659e+00 -8.150610240000000672e+00 -8.149984970000000217e+00 -8.149362670000000364e+00 -8.148743330000000284e+00 -8.148126949999999979e+00
-9.700183909999999798e+00 -9.698778940000000404e+00 -9.697380089999999342e+00 -9.695987329999999460e+00 -9.694600660000000758e+00 -9.693220059999999805e+00 -9.691845510000000274e+00 -9.690477019999999442e+00 -9.689114560000000154e+00 -9.687758130000000634e+00 -9.686407709999999227e+00 -9.685063310000000314e+00 -9.683724899999999636e+00 -9.682392469999999918e+00 -9.681066030000000211e+00 -9.679745560000000637e+00 -9.678431050000000369e+00 -9.677122499999999405e+00 -9.675819889999999646e+00 -9.674523219999999313e+00 -9.673232479999999356e+00 -9.671947669999999775e+00 -9.670668759999999864e+00 -9.669395760000000450e+00 -9.668128660000000707e+00 -9.666867449999999806e+00 -9.665612109999999646e+00 -9.664362640000000226e+00 -9.663119039999999771e+00 -9.661881279999999350e+00 -9.660649369999999792e+00 -9.659423280000000389e+00 -9.658203009999999367e+00 -9.656988560000000277e+00 -9.655779900000000637e+00 -9.654577030000000448e+00 -9.653379929999999831e+00 -9.652188589999999735e+00 -9.651002999999999332e+00 -9.649823149999999572e+00 -9.648649020000000576e+00 -9.647480599999999740e+00 -9.646317879999999789e+00 -9.645160830000000018e+00 -9.644009450000000427e+00 -9.642863719999999361e+00 -9.641723620000000494e+00 -9.640589139999999446e+00 -9.639460250000000840e+00 -9.638336949999999348e+00
-1.090309940000000033e+01 -1.090206079999999922e+01 -1.090102740000000026e+01 -1.089999919999999989e+01 -1.089897619999999989e+01 -1.089795819999999971e+01 -1.089694530000000050e+01 -1.089593750000000050e+01 -1.089493470000000030e+01 -1.089393689999999992e+01 -1.089294409999999935e+01 -1.089195609999999981e+01 -1.089097310000000007e+01 -1.088999500000000076e+01 -1.088902170000000069e+01 -1.088805319999999988e+01 -1.088708950000000009e+01 -1.088613050000000015e+01 -1.088517629999999947e+01 -1.088422669999999925e+01 -1.088328190000000006e+01 -1.088234160000000017e+01 -1.088140600000000013e+01 -1.088047500000000056e+01 -1.087954850000000029e+01 -1.087862649999999931e+01 -1.087770899999999941e+01 -1.087679609999999997e+01 -1.087588749999999926e+01 -1.087498339999999963e+01 -1.087408369999999991e+01 -1.087318830000000069e+01 -1.087229729999999961e+01 -1.087141060000000081e+01 -1.087052820000000075e+01 -1.086965009999999943e+01 -1.086877619999999922e+01 -1.086790650000000014e+01 -1.086704109999999979e+01 -1.086617979999999939e+01 -1.086532260000000072e+01 -1.086446959999999962e+01 -1.086362070000000024e+01 -1.086277590000000082e+01 -1.086193519999999957e+01 -1.086109850000000066e+01 -1.086026580000000052e+01 -1.085943709999999918e+01 -1.085861240000000016e+01 -1.085779169999999993e+01
-1.246643959999999929e+01 -1.246463220000000049e+01 -1.246283260000000048e+01 -1.246104079999999925e+01 -1.245925680000000035e+01 -1.245748060000000024e+01 -1.245571220000000068e+01 -1.245395150000000051e+01 -1.245219859999999912e+01 -1.245045340000000067e+01 -1.244871589999999983e+01 -1.244698610000000016e+01 -1.244526390000000049e+01 -1.244354949999999960e+01 -1.244184270000000048e+01 -1.244014349999999958e+01 -1.243845199999999984e+01 -1.243676810000000010e+01 -1.243509180000000036e+01 -1.243342310000000062e+01 -1.243176210000000026e+01 -1.243010860000000051e+01 -1.242846259999999958e+01 -1.242682429999999982e+01 -1.242519350000000067e+01 -1.242357020000000034e+01 -1.242195450000000001e+01 -1.242034630000000028e+01 -1.241874549999999999e+01 -1.241715229999999970e+01 -1.241556660000000001e+01 -1.241398829999999975e+01 -1.241241750000000010e+01 -1.241085419999999928e+01 -1.240929820000000028e+01 -1.240774970000000010e+01 -1.240620859999999936e+01 -1.240467489999999984e+01 -1.240314850000000035e+01 -1.240162950000000031e+01 -1.240011789999999969e+01 -1.239861359999999912e+01 -1.239711649999999921e+01 -1.239562680000000050e+01 -1.239414430000000067e+01 -1.239266910000000088e+01 -1.239120109999999997e+01 -1.238974029999999971e+01 -1.238828679999999949e+01 -1.238684029999999936e+01
-1.362363949999999946e+01 -1.362233920000000076e+01 -1.362104530000000047e+01 -1.361975810000000031e+01 -1.361847719999999917e+01 -1.361720290000000055e+01 -1.361593489999999917e+01 -1.361467329999999976e+01 -1.361341799999999935e+01 -1.361216909999999913e+01 -1.361092629999999915e+01 -1.360968979999999995e+01 -1.360845950000000038e+01 -1.360723529999999926e+01 -1.360601729999999954e+01 -1.360480519999999949e+01 -1.360359930000000084e+01 -1.360239930000000008e+01 -1.360120530000000016e+01 -1.360001719999999992e+01 -1.359883499999999934e+01 -1.359765870000000021e+01 -1.359648819999999958e+01 -1.359532349999999923e+01 -1.359416449999999976e+01 -1.359301130000000057e+01 -1.359186369999999933e+01 -1.359072180000000074e+01 -1.358958550000000010e+01 -1.358845479999999917e+01 -1.358732960000000034e+01 -1.358620999999999945e+01 -1.358509590000000067e+01 -1.358398719999999926e+01 -1.358288390000000057e+01 -1.358178610000000042e+01 -1.358069360000000003e+01 -1.357960639999999941e+01 -1.357852459999999972e+01 -1.357744800000000041e+01 -1.357637670000000085e+01 -1.357531059999999989e+01 -1.357424959999999992e+01 -1.357319389999999970e+01 -1.357214330000000047e+01 -1.357109780000000043e+01 -1.357005739999999960e+01 -1.356902200000000036e+01 -1.356799170000000032e+01 -1.356696640000000009e+01
-1.523236430000000041e+01 -1.523015260000000026e+01 -1.522795050000000039e+01 -1.522575800000000079e+01 -1.522357500000000030e+01 -1.522140139999999953e+01 -1.521923740000000080e+01 -1.521708280000000002e+01 -1.521493760000000073e+01 -1.521280190000000054e+01 -1.521067550000000068e+01 -1.520855850000000054e+01 -1.520645090000000010e+01 -1.520435260000000000e+01 -1.520226360000000021e+01 -1.520018400000000014e+01 -1.519811359999999922e+01 -1.519605259999999980e+01 -1.519400079999999953e+01 -1.519195820000000019e+01 -1.518992500000000057e+01 -1.518790090000000070e+01 -1.518588609999999939e+01 -1.518388050000000078e+01 -1.518188400000000016e+01 -1.517989679999999986e+01 -1.517791869999999932e+01 -1.517594979999999971e+01 -1.517398999999999987e+01 -1.517203929999999978e+01 -1.517009780000000063e+01 -1.516816530000000007e+01 -1.516624200000000044e+01 -1.516432769999999941e+01 -1.516242240000000052e+01 -1.516052619999999962e+01 -1.515863900000000086e+01 -1.515676080000000070e+01 -1.515489159999999913e+01 -1.515303130000000031e+01 -1.515118009999999948e+01 -1.514933770000000024e+01 -1.514750420000000020e+01 -1.514567959999999935e+01 -1.514386389999999949e+01 -1.514205710000000060e+01 -1.514025900000000036e+01 -1.513846979999999931e+01 -1.513668930000000046e+01 -1.513491759999999964e+01
-1.634364330000000010e+01 -1.634207909999999941e+01 -1.634052270000000107e+01 -1.633897419999999912e+01 -1.633743360000000067e+01 -1.633590080000000100e+01 -1.633437569999999894e+01 -1.633285830000000161e+01 -1.633134859999999833e+01 -1.632984659999999977e+01 -1.632835210000000004e+01 -1.632686509999999913e+01 -1.632538570000000178e+01 -1.632391360000000091e+01 -1.632244899999999888e+01 -1.632099180000000160e+01 -1.631954190000000082e+01 -1.631809919999999892e+01 -1.631666380000000061e+01 -1.631523560000000117e+01 -1.631381449999999944e+01 -1.631240049999999897e+01 -1.631099359999999976e+01 -1.630959379999999825e+01 -1.630820089999999922e+01 -1.630681500000000028e+01 -1.630543589999999909e+01 -1.630406380000000155e+01 -1.630269840000000059e+01 -1.630133989999999855e+01 -1.629998810000000020e+01 -1.629864299999999844e+01 -1.629730460000000036e+01 -1.629597280000000126e+01 -1.629464760000000112e+01 -1.629332899999999995e+01 -1.629201690000000013e+01 -1.629071120000000050e+01 -1.628941209999999984e+01 -1.628811930000000174e+01 -1.628683290000000028e+01 -1.628555289999999900e+01 -1.628427920000000029e+01 -1.628301180000000059e+01 -1.628175059999999874e+01 -1.628049559999999829e+01 -1.627924679999999924e+01 -1.627800420000000159e+01 -1.627676759999999945e+01 -1.627553719999999871e+01
-1.799790649999999914e+01 -1.799528859999999852e+01 -1.799268209999999968e+01 -1.799008680000000027e+01 -1.798750270000000029e+01 -1.798492990000000091e+01 -1.798236819999999980e+01 -1.797981770000000168e+01 -1.797727829999999827e+01 -1.797475000000000023e+01 -1.797223280000000045e+01 -1.796972660000000133e+01 -1.796723150000000047e+01 -1.796474740000000025e+01 -1.796227419999999952e+01 -1.795981199999999944e+01 -1.795736080000000001e+01 -1.795492050000000006e+01 -1.795249120000000076e+01 -1.795007269999999977e+01 -1.794766509999999826e+01 -1.794526839999999979e+01 -1.794288249999999962e+01 -1.794050740000000133e+01 -1.793814319999999896e+01 -1.793578979999999845e+01 -1.793344719999999981e+01 -1.793111529999999831e+01 -1.792879419999999868e+01 -1.792648390000000092e+01 -1.792418430000000029e+01 -1.792189529999999920e+01 -1.791961709999999997e+01 -1.791734950000000026e+01 -1.791509260000000126e+01 -1.791284639999999939e+01 -1.791061069999999944e+01 -1.790838570000000018e+01 -1.790617119999999929e+01 -1.790396730000000147e+01 -1.790177399999999963e+01 -1.789959109999999853e+01 -1.789741880000000052e+01 -1.789525689999999969e+01 -1.789310550000000077e+01 -1.789096449999999905e+01 -1.788883390000000162e+01 -1.788671370000000138e+01 -1.788460380000000072e+01 -1.788250430000000080e+01
-1.906293919999999886e+01 -1.906110839999999840e+01 -1.905928690000000003e+01 -1.905747480000000138e+01 -1.905567179999999894e+01 -1.905387809999999860e+01 -1.905209350000000157e+01 -1.905031789999999958e+01 -1.904855140000000091e+01 -1.904679390000000083e+01 -1.904504530000000173e+01 -1.904330560000000006e+01 -1.904157470000000174e+01 -1.903985270000000085e+01 -1.903813930000000099e+01 -1.903643470000000093e+01 -1.903473869999999835e+01 -1.903305119999999917e+01 -1.903137230000000102e+01 -1.902970189999999917e+01 -1.902804000000000073e+01 -1.902638650000000098e+01 -1.902474129999999874e+01 -1.902310440000000114e+01 -1.902147569999999988e+01 -1.901985529999999969e+01 -1.901824299999999823e+01 -1.901663890000000023e+01 -1.901504279999999980e+01 -1.901345470000000049e+01 -1.901187459999999874e+01 -1.901030250000000166e+01 -1.900873819999999981e+01 -1.900718180000000146e+01 -1.900563319999999834e+01 -1.900409240000000111e+01 -1.900255920000000032e+01 -1.900103379999999831e+01 -1.899951589999999868e+01 -1.899800570000000022e+01 -1.899650300000000058e+01 -1.899500790000000094e+01 -1.899352019999999897e+01 -1.899203990000000175e+01 -1.899056699999999864e+01 -1.898910150000000030e+01 -1.898764329999999845e+01 -1.898619229999999902e+01 -1.898474870000000081e+01 -1.898331220000000030e+01
-2.076336390000000165e+01 -2.076033789999999968e+01 -2.075732490000000041e+01 -2.075432500000000147e+01 -2.075133800000000051e+01 -2.074836390000000108e+01 -2.074540259999999847e+01 -2.074245429999999857e+01 -2.073951870000000142e+01 -2.073659590000000108e+01 -2.073368590000000111e+01 -2.073078849999999917e+01 -2.072790390000000116e+01 -2.072503180000000000e+01 -2.072217249999999922e+01 -2.071932569999999885e+01 -2.071649150000000006e+01 -2.071366980000000169e+01 -2.071086070000000134e+01 -2.070806410000000142e+01 -2.070527999999999835e+01 -2.070250839999999926e+01 -2.069974919999999941e+01 -2.069700249999999997e+01 -2.069426819999999978e+01 -2.069154629999999884e+01 -2.068883669999999952e+01 -2.068613960000000063e+01 -2.068345469999999864e+01 -2.068078219999999945e+01 -2.067812199999999834e+01 -2.067547409999999886e+01 -2.067283850000000101e+01 -2.067021510000000006e+01 -2.066760389999999958e+01 -2.066500500000000073e+01 -2.066241820000000118e+01 -2.065984359999999853e+01 -2.065728119999999990e+01 -2.065473090000000056e+01 -2.065219270000000051e+01 -2.064966659999999976e+01 -2.064715250000000069e+01 -2.064465050000000090e+01 -2.064216049999999925e+01 -2.063968249999999927e+01 -2.063721639999999979e+01 -2.063476229999999845e+01 -2.063232010000000116e+01 -2.062988980000000083e+01
-2.178143539999999945e+01 -2.177933489999999850e+01 -2.177724509999999825e+01 -2.177516599999999869e+01 -2.177309759999999983e+01 -2.177103969999999933e+01 -2.176899239999999836e+01 -2.176695559999999929e+01 -2.176492920000000098e+01 -2.176291309999999868e+01 -2.176090740000000068e+01 -2.175891190000000108e+01 -2.175692659999999989e+01 -2.175495150000000066e+01 -2.175298649999999867e+01 -2.175103149999999985e+01 -2.174908659999999827e+01 -2.174715150000000108e+01 -2.174522629999999879e+01 -2.174331099999999850e+01 -2.174140540000000144e+01 -2.173950960000000165e+01 -2.173762340000000037e+01 -2.173574680000000114e+01 -2.173387980000000042e+01 -2.173202230000000057e+01 -2.173017420000000044e+01 -2.172833560000000119e+01 -2.172650630000000049e+01 -2.172468629999999834e+01 -2.172287550000000067e+01 -2.172107400000000155e+01 -2.171928159999999863e+01 -2.171749829999999903e+01 -2.171572400000000158e+01 -2.171395880000000034e+01 -2.171220250000000007e+01 -2.171045510000000078e+01 -2.170871650000000130e+01 -2.170698670000000163e+01 -2.170526579999999939e+01 -2.170355350000000172e+01 -2.170184989999999914e+01 -2.170015490000000113e+01 -2.169846850000000060e+01 -2.169679059999999993e+01 -2.169512119999999911e+01 -2.169346030000000169e+01 -2.169180769999999825e+01 -2.169016350000000060e+01
-2.352852740000000153e+01 -2.352509099999999975e+01 -2.352166950000000156e+01 -2.351826270000000108e+01 -2.351487050000000067e+01 -2.351149309999999915e+01 -2.350813020000000009e+01 -2.350478190000000112e+01 -2.350144799999999989e+01 -2.349812860000000114e+01 -2.349482370000000131e+01 -2.349153300000000044e+01 -2.348825670000000088e+01 -2.348499470000000144e+01 -2.348174699999999859e+01 -2.347851349999999826e+01 -2.347529420000000044e+01 -2.347208900000000042e+01 -2.346889799999999937e+01 -2.346572109999999967e+01 -2.346255830000000131e+01 -2.345940949999999958e+01 -2.345627479999999920e+01 -2.345315409999999900e+01 -2.345004739999999899e+01 -2.344695460000000153e+01 -2.344387580000000071e+01 -2.344081089999999890e+01 -2.343776000000000082e+01 -2.343472290000000058e+01 -2.343169960000000174e+01 -2.342869029999999952e+01 -2.342569470000000109e+01 -2.342271290000000050e+01 -2.341974490000000131e+01 -2.341679069999999996e+01 -2.341385019999999884e+01 -2.341092340000000149e+01 -2.340801030000000083e+01 -2.340511090000000038e+01 -2.340222509999999900e+01 -2.339935290000000023e+01 -2.339649430000000052e+01 -2.339364929999999987e+01 -2.339081780000000066e+01 -2.338799990000000051e+01 -2.338519540000000063e+01 -2.338240439999999865e+01 -2.337962690000000165e+01 -2.337686270000000022e+01
-2.449963040000000092e+01 -2.449725660000000005e+01 -2.449489489999999847e+01 -2.449254540000000091e+01 -2.449020790000000147e+01 -2.448788250000000133e+01 -2.448556900000000169e+01 -2.448326730000000140e+01 -2.448097759999999923e+01 -2.447869959999999878e+01 -2.447643330000000006e+01 -2.447417869999999951e+01 -2.447193559999999835e+01 -2.446970410000000129e+01 -2.446748410000000007e+01 -2.446527559999999824e+01 -2.446307829999999939e+01 -2.446089239999999876e+01 -2.445871770000000112e+01 -2.445655430000000052e+01 -2.445440190000000058e+01 -2.445226059999999890e+01 -2.445013030000000143e+01 -2.444801100000000105e+01 -2.444590260000000015e+01 -2.444380500000000112e+01 -2.444171820000000039e+01 -2.443964210000000037e+01 -2.443757670000000104e+01 -2.443552190000000124e+01 -2.443347759999999980e+01 -2.443144380000000027e+01 -2.442942049999999909e+01 -2.442740759999999867e+01 -2.442540490000000020e+01 -2.442341259999999892e+01 -2.442143049999999960e+01 -2.441945850000000107e+01 -2.441749670000000094e+01 -2.441554490000000044e+01 -2.441360309999999956e+01 -2.441167120000000068e+01 -2.440974930000000143e+01 -2.440783719999999946e+01 -2.440593489999999832e+01 -2.440404240000000158e+01 -2.440215960000000095e+01 -2.440028639999999882e+01 -2.439842279999999874e+01 -2.439656869999999955e+01
-2.629284729999999826e+01 -2.628899870000000050e+01 -2.628516679999999894e+01 -2.628135139999999836e+01 -2.627755259999999993e+01 -2.627377010000000013e+01 -2.627000389999999896e+01 -2.626625399999999999e+01 -2.626252029999999849e+01 -2.625880270000000039e+01 -2.625510110000000097e+01 -2.625141560000000140e+01 -2.624774610000000052e+01 -2.624409250000000071e+01 -2.624045470000000080e+01 -2.623683279999999840e+01 -2.623322669999999945e+01 -2.622963629999999924e+01 -2.622606169999999892e+01 -2.622250269999999972e+01 -2.621895930000000163e+01 -2.621543159999999872e+01 -2.621191939999999931e+01 -2.620842280000000102e+01 -2.620494169999999912e+01 -2.620147610000000071e+01 -2.619802599999999870e+01 -2.619459129999999902e+01 -2.619117200000000167e+01 -2.618776809999999955e+01 -2.618437959999999975e+01 -2.618100640000000112e+01 -2.617764850000000010e+01 -2.617430590000000024e+01 -2.617097860000000153e+01 -2.616766649999999927e+01 -2.616436970000000173e+01 -2.616108799999999945e+01 -2.615782150000000073e+01 -2.615457019999999844e+01 -2.615133399999999853e+01 -2.614811290000000099e+01 -2.614490689999999873e+01 -2.614171590000000123e+01 -2.613853990000000138e+01 -2.613537900000000036e+01 -2.613223299999999938e+01 -2.612910189999999844e+01 -2.612598579999999870e+01 -2.612288450000000140e+01
-2.721682919999999939e+01 -2.721417800000000042e+01 -2.721154050000000169e+01 -2.720891659999999845e+01 -2.720630609999999905e+01 -2.720370910000000109e+01 -2.720112539999999868e+01 -2.719855510000000010e+01 -2.719599799999999945e+01 -2.719345410000000030e+01 -2.719092339999999908e+01 -2.718840570000000056e+01 -2.718590100000000120e+01 -2.718340930000000100e+01 -2.718093040000000116e+01 -2.717846439999999930e+01 -2.717601110000000020e+01 -2.717357050000000029e+01 -2.717114249999999842e+01 -2.716872710000000168e+01 -2.716632419999999826e+01 -2.716393370000000118e+01 -2.716155559999999980e+01 -2.715918990000000122e+01 -2.715683639999999954e+01 -2.715449500000000072e+01 -2.715216579999999880e+01 -2.714984869999999972e+01 -2.714754359999999878e+01 -2.714525039999999834e+01 -2.714296909999999841e+01 -2.714069960000000137e+01 -2.713844190000000012e+01 -2.713619590000000059e+01 -2.713396150000000162e+01 -2.713173869999999965e+01 -2.712952740000000063e+01 -2.712732760000000098e+01 -2.712513909999999839e+01 -2.712296200000000113e+01 -2.712079620000000091e+01 -2.711864170000000129e+01 -2.711649819999999877e+01 -2.711436589999999924e+01 -2.711224470000000153e+01 -2.711013439999999974e+01 -2.710803509999999861e+01 -2.710594670000000050e+01 -2.710386910000000071e+01 -2.710180229999999924e+01
-2.905585140000000166e+01 -2.905278930000000059e+01 -2.904854549999999946e+01 -2.904432020000000136e+01 -2.904011330000000157e+01 -2.903592450000000014e+01 -2.903175380000000061e+01 -2.902760109999999827e+01 -2.902346640000000022e+01 -2.901934950000000057e+01 -2.901525039999999933e+01 -2.901116890000000126e+01 -2.900710510000000042e+01 -2.900305880000000158e+01 -2.899902990000000003e+01 -2.899501860000000164e+01 -2.899102450000000175e+01 -2.898704779999999914e+01 -2.898308839999999975e+01 -2.897914610000000124e+01 -2.897522109999999884e+01 -2.897131309999999971e+01 -2.896742229999999907e+01 -2.896354850000000170e+01 -2.895969159999999931e+01 -2.895585180000000136e+01 -2.895202889999999840e+01 -2.894822290000000109e+01 -2.894443370000000115e+01 -2.894066139999999976e+01 -2.893690589999999929e+01 -2.893316719999999975e+01 -2.892944530000000114e+01 -2.892574000000000112e+01 -2.892205149999999847e+01 -2.891837960000000152e+01 -2.891472429999999960e+01 -2.891108570000000100e+01 -2.890746359999999981e+01 -2.890385819999999839e+01 -2.890026920000000032e+01 -2.889669680000000085e+01 -2.889314080000000118e+01 -2.888960129999999893e+01 -2.888607830000000121e+01 -2.888257159999999857e+01 -2.887908129999999929e+01 -2.887560729999999865e+01 -2.887214970000000136e+01 -2.886870839999999916e+01
2.848919529999999867e+01 2.848654259999999994e+01 2.848390350000000026e+01 2.848127819999999844e+01 2.847866640000000160e+01 2.847606820000000027e+01 2.847348350000000039e+01 2.847091209999999961e+01 2.846835409999999911e+01 2.846580930000000009e+01 2.846327780000000018e+01 2.846075940000000060e+01 2.845825410000000133e+01 2.845576170000000005e+01 2.845328230000000147e+01 2.845081580000000088e+01 2.844836210000000065e+01 2.844592109999999963e+01 2.844349280000000135e+01 2.844107710000000111e+01 2.843867390000000128e+01 2.843628319999999832e+01 2.843390499999999932e+01 2.843153909999999840e+01 2.842918540000000149e+01 2.842684399999999911e+01 2.842451469999999958e+01 2.842219760000000051e+01 2.841989239999999839e+01 2.841759929999999912e+01 2.841531799999999919e+01 2.841304859999999977e+01 2.841079089999999852e+01 2.840854500000000016e+01 2.840631079999999997e+01 2.840408809999999917e+01 2.840187699999999893e+01 2.839967740000000163e+01 2.839748919999999899e+01 2.839531240000000167e+01 2.839314680000000024e+01 2.839099260000000058e+01 2.838884949999999918e+01 2.838671749999999960e+01 2.838459669999999946e+01 2.838248689999999996e+01 2.838038799999999995e+01 2.837830010000000058e+01 2.837622299999999953e+01 2.837415680000000151e+01
3.044567879999999960e+01 3.044104199999999949e+01 3.043642619999999965e+01 3.043183110000000013e+01 3.042725670000000093e+01 3.042270269999999854e+01 3.041816899999999890e+01 3.041365529999999850e+01 3.040916169999999852e+01 3.040468780000000137e+01 3.040023359999999997e+01 3.039579900000000023e+01 3.039138379999999984e+01 3.038698790000000116e+01 3.038261119999999949e+01 3.037825369999999836e+01 3.037391510000000139e+01 3.036959540000000146e+01 3.036529459999999858e+01 3.036101259999999868e+01 3.035674909999999826e+01 3.035250429999999966e+01 3.034827800000000053e+01 3.034407020000000088e+01 3.033988069999999837e+01 3.033570960000000127e+01 3.033155670000000015e+01 3.032742209999999972e+01 3.032330560000000119e+01 3.031920720000000102e+01 3.031512689999999921e+01 3.031106460000000169e+01 3.030702030000000136e+01 3.030299390000000059e+01 3.029898539999999940e+01 3.029499480000000133e+01 3.029102190000000050e+01 3.028706689999999924e+01 3.028312959999999876e+01 3.027920999999999907e+01 3.027530810000000017e+01 3.027142380000000088e+01 3.026755719999999883e+01 3.026370809999999878e+01 3.025987659999999835e+01 3.025606259999999992e+01 3.025226609999999994e+01 3.024848709999999841e+01 3.024472540000000009e+01 3.024098120000000023e+01
2.577763009999999966e+01 2.577524169999999870e+01 2.577286570000000054e+01 2.577050200000000046e+01 2.576815039999999968e+01 2.576581099999999935e+01 2.576348369999999832e+01 2.576116850000000014e+01 2.575886510000000129e+01 2.575657370000000057e+01 2.575429409999999919e+01 2.575202630000000070e+01 2.574977020000000039e+01 2.574752579999999824e+01 2.574529289999999904e+01 2.574307160000000039e+01 2.574086169999999996e+01 2.573866320000000130e+01 2.573647610000000086e+01 2.573430030000000102e+01 2.573213570000000061e+01 2.572998229999999964e+01 2.572783989999999932e+01 2.572570869999999843e+01 2.572358840000000058e+01 2.572147899999999865e+01 2.571938049999999976e+01 2.571729279999999918e+01 2.571521590000000046e+01 2.571314969999999889e+01 2.571109410000000040e+01 2.570904910000000143e+01 2.570701460000000083e+01 2.570499059999999858e+01 2.570297709999999825e+01 2.570097390000000104e+01 2.569898099999999985e+01 2.569699830000000063e+01 2.569502590000000097e+01 2.569306359999999856e+01 2.569111150000000166e+01 2.568916940000000082e+01 2.568723719999999844e+01 2.568531510000000040e+01 2.568340279999999964e+01 2.568150040000000089e+01 2.567960779999999943e+01 2.567772490000000118e+01 2.567585180000000022e+01 2.567398830000000132e+01
2.767834069999999969e+01 2.767414069999999882e+01 2.766995929999999859e+01 2.766579649999999901e+01 2.766165200000000013e+01 2.765752579999999838e+01 2.765341769999999855e+01 2.764932749999999828e+01 2.764525529999999875e+01 2.764120080000000002e+01 2.763716399999999851e+01 2.763314469999999901e+01 2.762914290000000150e+01 2.762515859999999890e+01 2.762119149999999834e+01 2.761724159999999983e+01 2.761330900000000099e+01 2.760939339999999831e+01 2.760549479999999889e+01 2.760161319999999918e+01 2.759774850000000157e+01 2.759390069999999895e+01 2.759006970000000081e+01 2.758625539999999887e+01 2.758245780000000025e+01 2.757867680000000021e+01 2.757491249999999994e+01 2.757116479999999825e+01 2.756743360000000109e+01 2.756371880000000019e+01 2.756002060000000142e+01 2.755633870000000130e+01 2.755267329999999859e+01 2.754902420000000163e+01 2.754539150000000092e+01 2.754177500000000123e+01 2.753817480000000018e+01 2.753459090000000131e+01 2.753102319999999992e+01 2.752747159999999838e+01 2.752393620000000141e+01 2.752041699999999835e+01 2.751691380000000109e+01 2.751342680000000129e+01 2.750995580000000018e+01 2.750650080000000131e+01 2.750306180000000111e+01 2.749963879999999961e+01 2.749623169999999917e+01 2.749284049999999979e+01
2.306529670000000110e+01 2.306316920000000081e+01 2.306105260000000001e+01 2.305894680000000108e+01 2.305685190000000162e+01 2.305476780000000048e+01 2.305269440000000003e+01 2.305063159999999911e+01 2.304857940000000127e+01 2.304653779999999941e+01 2.304450659999999829e+01 2.304248589999999908e+01 2.304047560000000061e+01 2.303847560000000172e+01 2.303648580000000123e+01 2.303450619999999915e+01 2.303253679999999903e+01 2.303057749999999970e+01 2.302862819999999999e+01 2.302668889999999990e+01 2.302475949999999827e+01 2.302283999999999864e+01 2.302093029999999985e+01 2.301903039999999834e+01 2.301714009999999888e+01 2.301525960000000026e+01 2.301338859999999897e+01 2.301152730000000091e+01 2.300967539999999900e+01 2.300783290000000036e+01 2.300599989999999906e+01 2.300417619999999985e+01 2.300236190000000036e+01 2.300055670000000063e+01 2.299876079999999945e+01 2.299697409999999920e+01 2.299519640000000109e+01 2.299342779999999919e+01 2.299166819999999944e+01 2.298991759999999829e+01 2.298817590000000166e+01 2.298644309999999891e+01 2.298471909999999951e+01 2.298300389999999993e+01 2.298129750000000016e+01 2.297959970000000141e+01 2.297791060000000130e+01 2.297623009999999866e+01 2.297455820000000060e+01 2.297289490000000001e+01
2.491091490000000164e+01 2.490714669999999842e+01 2.490339499999999973e+01 2.489965970000000084e+01 2.489594070000000059e+01 2.489223790000000136e+01 2.488855119999999843e+01 2.488488059999999891e+01 2.488122590000000045e+01 2.487758709999999951e+01 2.487396400000000085e+01 2.487035660000000092e+01 2.486676489999999973e+01 2.486318869999999848e+01 2.485962809999999834e+01 2.485608279999999937e+01 2.485255300000000034e+01 2.484903849999999892e+01 2.484553929999999866e+01 2.484205539999999957e+01 2.483858659999999929e+01 2.483513310000000018e+01 2.483169459999999873e+01 2.482827119999999965e+01 2.482486289999999940e+01 2.482146949999999919e+01 2.481809120000000135e+01 2.481472780000000000e+01 2.481137929999999869e+01 2.480804570000000098e+01 2.480472699999999975e+01 2.480142310000000094e+01 2.479813400000000101e+01 2.479485969999999995e+01 2.479160010000000014e+01 2.478835529999999920e+01 2.478512519999999952e+01 2.478190980000000110e+01 2.477870910000000038e+01 2.477552299999999974e+01 2.477235149999999919e+01 2.476919459999999873e+01 2.476605229999999835e+01 2.476292450000000045e+01 2.475981129999999908e+01 2.475671260000000018e+01 2.475362829999999903e+01 2.475055850000000035e+01 2.474750309999999942e+01 2.474446220000000096e+01
2.035281210000000129e+01 2.035094279999999856e+01 2.034908310000000142e+01 2.034723280000000045e+01 2.034539200000000037e+01 2.034356059999999999e+01 2.034173850000000172e+01 2.033992569999999844e+01 2.033812220000000082e+01 2.033632790000000057e+01 2.033454270000000008e+01 2.033276659999999936e+01 2.033099950000000078e+01 2.032924149999999841e+01 2.032749240000000057e+01 2.032575209999999899e+01 2.032402069999999839e+01 2.032229810000000114e+01 2.032058419999999899e+01 2.031887910000000019e+01 2.031718250000000126e+01 2.031549460000000096e+01 2.031381520000000052e+01 2.031214429999999993e+01 2.031048180000000158e+01 2.030882779999999954e+01 2.030718209999999857e+01 2.030554469999999867e+01 2.030391559999999984e+01 2.030229470000000092e+01 2.030068199999999834e+01 2.029907740000000160e+01 2.029748090000000005e+01 2.029589250000000078e+01 2.029431200000000146e+01 2.029273949999999971e+01 2.029117499999999907e+01 2.028961830000000077e+01 2.028806940000000125e+01 2.028652840000000168e+01 2.028499509999999972e+01 2.028346949999999893e+01 2.028195159999999930e+01 2.028044129999999967e+01 2.027893870000000121e+01 2.027744360000000157e+01 2.027595600000000076e+01 2.027447599999999994e+01 2.027300329999999917e+01 2.027153819999999840e+01
2.214288200000000018e+01 2.213954160000000115e+01 2.213621570000000105e+01 2.213290419999999870e+01 2.212960710000000120e+01 2.212632440000000145e+01 2.212305579999999949e+01 2.211980140000000006e+01 2.211656100000000080e+01 2.211333469999999934e+01 2.211012230000000045e+01 2.210692390000000174e+01 2.210373930000000087e+01 2.210056850000000139e+01 2.209741139999999859e+01 2.209426810000000074e+01 2.209113839999999840e+01 2.208802229999999867e+01 2.208491989999999916e+01 2.208183100000000110e+01 2.207875560000000092e+01 2.207569369999999864e+01 2.207264530000000136e+01 2.206961030000000079e+01 2.206658870000000050e+01 2.206358050000000048e+01 2.206058570000000074e+01 2.205760420000000011e+01 2.205463599999999857e+01 2.205168109999999970e+01 2.204873949999999994e+01 2.204581110000000166e+01 2.204289590000000132e+01 2.203999389999999892e+01 2.203710510000000156e+01 2.203422949999999858e+01 2.203136699999999948e+01 2.202851769999999831e+01 2.202568139999999985e+01 2.202285820000000172e+01 2.202004810000000035e+01 2.201725100000000168e+01 2.201446699999999979e+01 2.201169589999999943e+01 2.200893789999999939e+01 2.200619280000000089e+01 2.200346060000000037e+01 2.200074130000000139e+01 2.199803490000000039e+01 2.199534140000000093e+01
1.763943430000000134e+01 1.763782020000000017e+01 1.763621429999999890e+01 1.763461660000000109e+01 1.763302699999999845e+01 1.763144540000000049e+01 1.762987190000000126e+01 1.762830629999999843e+01 1.762674859999999910e+01 1.762519879999999972e+01 1.762365679999999912e+01 1.762212260000000086e+01 1.762059610000000021e+01 1.761907739999999833e+01 1.761756630000000001e+01 1.761606280000000169e+01 1.761456679999999864e+01 1.761307839999999914e+01 1.761159740000000085e+01 1.761012390000000138e+01 1.760865779999999958e+01 1.760719900000000138e+01 1.760574749999999966e+01 1.760430330000000154e+01 1.760286629999999874e+01 1.760143640000000076e+01 1.760001379999999926e+01 1.759859820000000141e+01 1.759718970000000127e+01 1.759578820000000121e+01 1.759439370000000125e+01 1.759300610000000020e+01 1.759162549999999925e+01 1.759025169999999960e+01 1.758888479999999888e+01 1.758752469999999946e+01 1.758617130000000017e+01 1.758482460000000103e+01 1.758348469999999963e+01 1.758215140000000076e+01 1.758082479999999848e+01 1.757950470000000109e+01 1.757819119999999913e+01 1.757688419999999851e+01 1.757558369999999925e+01 1.757428970000000135e+01 1.757300220000000124e+01 1.757172100000000015e+01 1.757044619999999924e+01 1.756917770000000090e+01
1.937458949999999902e+01 1.937167390000000111e+01 1.936877099999999885e+01 1.936588070000000172e+01 1.936300280000000029e+01 1.936013730000000166e+01 1.935728429999999989e+01 1.935444349999999858e+01 1.935161499999999890e+01 1.934879880000000085e+01 1.934599469999999855e+01 1.934320269999999908e+01 1.934042290000000008e+01 1.933765509999999921e+01 1.933489930000000001e+01 1.933215549999999894e+01 1.932942369999999954e+01 1.932670380000000065e+01 1.932399579999999872e+01 1.932129970000000085e+01 1.931861539999999877e+01 1.931594300000000075e+01 1.931328230000000090e+01 1.931063350000000156e+01 1.930799640000000039e+01 1.930537109999999856e+01 1.930275740000000084e+01 1.930015549999999891e+01 1.929756529999999870e+01 1.929498669999999905e+01 1.929241980000000112e+01 1.928986450000000019e+01 1.928732079999999982e+01 1.928478880000000117e+01 1.928226829999999836e+01 1.927975939999999966e+01 1.927726200000000034e+01 1.927477610000000041e+01 1.927230180000000104e+01 1.926983900000000105e+01 1.926738759999999928e+01 1.926494770000000045e+01 1.926251930000000101e+01 1.926010229999999979e+01 1.925769670000000033e+01 1.925530240000000148e+01 1.925291959999999847e+01 1.925054799999999844e+01 1.924818780000000018e+01 1.924583889999999897e+01
1.492524560000000022e+01 1.492388419999999982e+01 1.492252970000000012e+01 1.492118190000000055e+01 1.491984099999999991e+01 1.491850679999999940e+01 1.491717930000000081e+01 1.491585850000000057e+01 1.491454429999999931e+01 1.491323670000000057e+01 1.491193559999999962e+01 1.491064100000000003e+01 1.490935290000000002e+01 1.490807129999999958e+01 1.490679599999999994e+01 1.490552710000000047e+01 1.490426450000000003e+01 1.490300820000000037e+01 1.490175810000000034e+01 1.490051419999999993e+01 1.489927649999999915e+01 1.489804499999999976e+01 1.489681949999999944e+01 1.489560009999999934e+01 1.489438679999999948e+01 1.489317939999999929e+01 1.489197799999999994e+01 1.489078250000000025e+01 1.488959299999999963e+01 1.488840929999999929e+01 1.488723139999999923e+01 1.488605929999999944e+01 1.488489299999999993e+01 1.488373239999999953e+01 1.488257759999999941e+01 1.488142840000000078e+01 1.488028480000000009e+01 1.487914690000000029e+01 1.487801460000000020e+01 1.487688780000000044e+01 1.487576660000000039e+01 1.487465079999999951e+01 1.487354060000000011e+01 1.487243579999999987e+01 1.487133640000000057e+01 1.487024240000000042e+01 1.486915379999999942e+01 1.486807059999999936e+01 1.486699270000000084e+01 1.486591999999999913e+01
1.660568239999999918e+01 1.660318889999999925e+01 1.660070610000000002e+01 1.659823400000000149e+01 1.659577260000000010e+01 1.659332179999999823e+01 1.659088159999999945e+01 1.658845189999999903e+01 1.658603270000000052e+01 1.658362400000000036e+01 1.658122570000000096e+01 1.657883779999999874e+01 1.657646019999999965e+01 1.657409300000000130e+01 1.657173620000000014e+01 1.656938960000000094e+01 1.656705320000000015e+01 1.656472720000000010e+01 1.656241130000000084e+01 1.656010559999999998e+01 1.655781019999999870e+01 1.655552490000000176e+01 1.655324969999999851e+01 1.655098470000000077e+01 1.654872969999999910e+01 1.654648489999999939e+01 1.654425020000000046e+01 1.654202550000000116e+01 1.653981089999999909e+01 1.653760640000000137e+01 1.653541179999999855e+01 1.653322730000000007e+01 1.653105280000000121e+01 1.652888820000000081e+01 1.652673360000000002e+01 1.652458899999999886e+01 1.652245429999999971e+01 1.652032960000000017e+01 1.651821470000000147e+01 1.651610979999999884e+01 1.651401470000000060e+01 1.651192950000000081e+01 1.650985419999999948e+01 1.650778869999999898e+01 1.650573290000000171e+01 1.650368699999999933e+01 1.650165090000000134e+01 1.649962449999999947e+01 1.649760780000000082e+01 1.649560089999999946e+01
1.221030769999999954e+01 1.220919690000000024e+01 1.220809170000000066e+01 1.220699199999999962e+01 1.220589780000000069e+01 1.220480910000000030e+01 1.220372569999999968e+01 1.220264779999999938e+01 1.220157530000000001e+01 1.220050810000000041e+01 1.219944609999999940e+01 1.219838949999999933e+01 1.219733800000000024e+01 1.219629179999999913e+01 1.219525080000000017e+01 1.219421490000000041e+01 1.219318409999999986e+01 1.219215840000000028e+01 1.219113770000000052e+01 1.219012200000000057e+01 1.218911139999999982e+01 1.218810569999999949e+01 1.218710489999999957e+01 1.218610909999999947e+01 1.218511810000000040e+01 1.218413190000000057e+01 1.218315059999999939e+01 1.218217409999999923e+01 1.218120230000000070e+01 1.218023529999999965e+01 1.217927300000000024e+01 1.217831540000000068e+01 1.217736239999999981e+01 1.217641410000000057e+01 1.217547040000000003e+01 1.217453129999999994e+01 1.217359669999999916e+01 1.217266670000000062e+01 1.217174119999999959e+01 1.217082019999999964e+01 1.216990370000000077e+01 1.216899160000000002e+01 1.216808400000000034e+01 1.216718069999999940e+01 1.216628189999999954e+01 1.216538740000000018e+01 1.216449730000000073e+01 1.216361150000000002e+01 1.216272999999999982e+01 1.216185280000000013e+01
1.383666279999999915e+01 1.383458919999999992e+01 1.383252459999999928e+01 1.383046880000000023e+01 1.382842190000000038e+01 1.382638380000000033e+01 1.382435450000000010e+01 1.382233399999999968e+01 1.382032210000000028e+01 1.381831900000000068e+01 1.381632459999999973e+01 1.381433889999999920e+01 1.381236179999999969e+01 1.381039320000000004e+01 1.380843330000000080e+01 1.380648200000000081e+01 1.380453920000000068e+01 1.380260499999999979e+01 1.380067930000000054e+01 1.379876209999999936e+01 1.379685349999999922e+01 1.379495329999999953e+01 1.379306159999999970e+01 1.379117830000000033e+01 1.378930350000000082e+01 1.378743710000000000e+01 1.378557920000000081e+01 1.378372959999999914e+01 1.378188850000000087e+01 1.378005579999999952e+01 1.377823139999999924e+01 1.377641539999999942e+01 1.377460780000000007e+01 1.377280850000000001e+01 1.377101749999999925e+01 1.376923490000000072e+01 1.376746050000000032e+01 1.376569450000000039e+01 1.376393670000000036e+01 1.376218730000000079e+01 1.376044599999999996e+01 1.375871300000000019e+01 1.375698829999999973e+01 1.375527169999999977e+01 1.375356340000000088e+01 1.375186320000000073e+01 1.375017120000000048e+01 1.374848730000000074e+01 1.374681159999999913e+01 1.374514399999999981e+01
9.494749519999999166e+00 9.493887770000000614e+00 9.493030309999999972e+00 9.492177110000000084e+00 9.491328149999999297e+00 9.490483400000000458e+00 9.489642829999999307e+00 9.488806430000000347e+00 9.487974149999999440e+00 9.487145979999999312e+00 9.486321900000000085e+00 9.485501870000000224e+00 9.484685869999999852e+00 9.483873880000000867e+00 9.483065879999999837e+00 9.482261830000000558e+00 9.481461720000000426e+00 9.480665520000000512e+00 9.479873209999999162e+00 9.479084759999999221e+00 9.478300150000000812e+00 9.477519369999999554e+00 9.476742379999999244e+00 9.475969160000000002e+00 9.475199699999999225e+00 9.474433969999999761e+00 9.473671949999999953e+00 9.472913619999999923e+00 9.472158950000000743e+00 9.471407929999999809e+00 9.470660549999999844e+00 9.469916769999999318e+00 9.469176570000000126e+00 9.468439950000000493e+00 9.467706879999999714e+00 9.466977339999999685e+00 9.466251310000000529e+00 9.465528779999999642e+00 9.464809730000000698e+00 9.464094140000000266e+00 9.463381990000000243e+00 9.462673269999999803e+00 9.461967960000000843e+00 9.461266050000000760e+00 9.460567519999999675e+00 9.459872349999999486e+00 9.459180529999999365e+00 9.458492050000000262e+00 9.457806890000000521e+00 9.457125030000000265e+00
1.106725789999999954e+01 1.106560230000000011e+01 1.106395380000000017e+01 1.106231230000000032e+01 1.106067799999999934e+01 1.105905060000000084e+01 1.105743030000000005e+01 1.105581710000000051e+01 1.105421070000000050e+01 1.105261139999999997e+01 1.105101900000000015e+01 1.104943349999999924e+01 1.104785490000000081e+01 1.104628319999999952e+01 1.104471840000000071e+01 1.104316050000000082e+01 1.104160940000000046e+01 1.104006520000000080e+01 1.103852780000000067e+01 1.103699720000000006e+01 1.103547340000000077e+01 1.103395650000000039e+01 1.103244630000000015e+01 1.103094289999999944e+01 1.102944630000000004e+01 1.102795640000000077e+01 1.102647329999999926e+01 1.102499689999999966e+01 1.102352729999999958e+01 1.102206439999999965e+01 1.102060819999999985e+01 1.101915879999999959e+01 1.101771600000000007e+01 1.101627990000000068e+01 1.101485049999999966e+01 1.101342780000000054e+01 1.101201170000000040e+01 1.101060230000000040e+01 1.100919949999999936e+01 1.100780340000000024e+01 1.100641390000000008e+01 1.100503089999999951e+01 1.100365460000000084e+01 1.100228489999999937e+01 1.100092169999999925e+01 1.099956509999999987e+01 1.099821500000000007e+01 1.099687149999999924e+01 1.099553440000000037e+01 1.099420390000000047e+01
6.778762799999999977e+00 6.778148859999999942e+00 6.777537960000000083e+00 6.776930089999999574e+00 6.776325220000000371e+00 6.775723329999999933e+00 6.775124420000000036e+00 6.774528440000000096e+00 6.773935400000000051e+00 6.773345270000000085e+00 6.772758040000000257e+00 6.772173679999999862e+00 6.771592169999999911e+00 6.771013510000000402e+00 6.770437669999999741e+00 6.769864629999999828e+00 6.769294389999999773e+00 6.768726909999999819e+00 6.768162189999999967e+00 6.767600200000000399e+00 6.767040940000000226e+00 6.766484379999999632e+00 6.765930509999999565e+00 6.765379320000000085e+00 6.764830779999999599e+00 6.764284889999999884e+00 6.763741620000000232e+00 6.763200969999999757e+00 6.762662910000000416e+00 6.762127440000000433e+00 6.761594539999999931e+00 6.761064189999999918e+00 6.760536390000000395e+00 6.760011109999999768e+00 6.759488349999999812e+00 6.758968089999999762e+00 6.758450319999999678e+00 6.757935019999999682e+00 6.757422199999999712e+00 6.756911820000000013e+00 6.756403879999999695e+00 6.755898369999999709e+00 6.755395280000000113e+00 6.754894600000000082e+00 6.754396309999999737e+00 6.753900400000000026e+00 6.753406870000000062e+00 6.752915709999999905e+00 6.752426899999999677e+00 6.751940430000000326e+00
8.297476389999999924e+00 8.296236999999999639e+00 8.295002939999999825e+00 8.293774190000000601e+00 8.292550739999999365e+00 8.291332560000000740e+00 8.290119649999999396e+00 8.288911990000000785e+00 8.287709559999999698e+00 8.286512339999999810e+00 8.285320340000000172e+00 8.284133530000000079e+00 8.282951909999999529e+00 8.281775460000000422e+00 8.280604170000000153e+00 8.279438040000000498e+00 8.278277060000000631e+00 8.277121219999999724e+00 8.275970510000000502e+00 8.274824920000000361e+00 8.273684440000000251e+00 8.272549079999999222e+00 8.271418810000000121e+00 8.270293649999999275e+00 8.269173560000000478e+00 8.268058570000000884e+00 8.266948640000000736e+00 8.265843789999999913e+00 8.264743989999999485e+00 8.263649250000000279e+00 8.262559559999999692e+00 8.261474919999999500e+00 8.260395300000000773e+00 8.259320710000000787e+00 8.258251149999999541e+00 8.257186589999999882e+00 8.256127049999999912e+00 8.255072489999999874e+00 8.254022929999999647e+00 8.252978349999999352e+00 8.251938730000000888e+00 8.250904079999999752e+00 8.249874390000000446e+00 8.248849630000000488e+00 8.247829810000000705e+00 8.246814920000000271e+00 8.245804930000000255e+00 8.244799849999999708e+00 8.243799649999999701e+00 8.242804339999999286e+00
4.062250080000000096e+00 4.061883179999999705e+00 4.061518099999999798e+00 4.061154809999999671e+00 4.060793320000000151e+00 4.060433609999999582e+00 4.060075669999999803e+00 4.059719489999999986e+00 4.059365050000000252e+00 4.059012349999999714e+00 4.058661380000000207e+00 4.058312120000000078e+00 4.057964560000000276e+00 4.057618699999999912e+00 4.057274519999999995e+00 4.056932009999999700e+00 4.056591169999999913e+00 4.056251969999999929e+00 4.055914419999999687e+00 4.055578510000000136e+00 4.055244209999999683e+00 4.054911530000000042e+00 4.054580449999999558e+00 4.054250960000000070e+00 4.053923059999999801e+00 4.053596729999999759e+00 4.053271969999999946e+00 4.052948770000000422e+00 4.052627120000000360e+00 4.052307009999999821e+00 4.051988429999999752e+00 4.051671370000000216e+00 4.051355830000000324e+00 4.051041790000000198e+00 4.050729259999999776e+00 4.050418210000000130e+00 4.050108650000000310e+00 4.049800570000000377e+00 4.049493960000000392e+00 4.049188810000000416e+00 4.048885109999999621e+00 4.048582859999999783e+00 4.048282060000000016e+00 4.047982690000000439e+00 4.047684750000000165e+00 4.047388230000000142e+00 4.047093120000000432e+00 4.046799430000000086e+00 4.046507140000000113e+00 4.046216259999999565e+00
5.527487990000000018e+00 5.526663649999999706e+00 5.525842850000000084e+00 5.525025600000000203e+00 5.524211860000000307e+00 5.523401650000000274e+00 5.522594940000000285e+00 5.521791720000000403e+00 5.520991989999999738e+00 5.520195730000000189e+00 5.519402949999999919e+00 5.518613629999999937e+00 5.517827770000000243e+00 5.517045350000000070e+00 5.516266380000000247e+00 5.515490849999999945e+00 5.514718750000000114e+00 5.513950079999999865e+00 5.513184820000000208e+00 5.512422990000000134e+00 5.511664569999999763e+00 5.510909550000000046e+00 5.510157940000000032e+00 5.509409729999999783e+00 5.508664910000000248e+00 5.507923489999999589e+00 5.507185449999999705e+00 5.506450789999999706e+00 5.505719509999999595e+00 5.504991600000000318e+00 5.504267060000000100e+00 5.503545879999999890e+00 5.502828069999999627e+00 5.502113600000000382e+00 5.501402490000000256e+00 5.500694720000000260e+00 5.499990290000000392e+00 5.499289199999999767e+00 5.498591430000000280e+00 5.497896980000000156e+00 5.497205860000000222e+00 5.496518039999999772e+00 5.495833519999999695e+00 5.495152299999999990e+00 5.494474369999999830e+00 5.493799730000000103e+00 5.493128360000000043e+00 5.492460259999999650e+00 5.491795419999999872e+00 5.491133829999999882e+00
1.345682580000000073e+00 1.345562410000000098e+00 1.345442840000000029e+00 1.345323859999999927e+00 1.345205479999999953e+00 1.345087689999999947e+00 1.344970479999999968e+00 1.344853859999999957e+00 1.344737810000000033e+00 1.344622350000000077e+00 1.344507450000000048e+00 1.344393120000000108e+00 1.344279350000000095e+00 1.344166149999999949e+00 1.344053500000000012e+00 1.343941410000000003e+00 1.343829869999999982e+00 1.343718870000000010e+00 1.343608420000000025e+00 1.343498510000000090e+00 1.343389139999999982e+00 1.343280299999999983e+00 1.343171990000000093e+00 1.343064210000000092e+00 1.342956959999999977e+00 1.342850220000000094e+00 1.342744010000000099e+00 1.342638309999999890e+00 1.342533119999999913e+00 1.342428450000000106e+00 1.342324279999999925e+00 1.342220619999999975e+00 1.342117449999999934e+00 1.342014789999999902e+00 1.341912629999999940e+00 1.341810960000000108e+00 1.341709779999999963e+00 1.341609080000000009e+00 1.341508879999999904e+00 1.341409159999999989e+00 1.341309920000000044e+00 1.341211160000000069e+00 1.341112880000000063e+00 1.341015080000000026e+00 1.340917740000000080e+00 1.340820880000000104e+00 1.340724489999999935e+00 1.340628560000000080e+00 1.340533100000000033e+00 1.340438110000000016e+00
2.757115020000000083e+00 2.756705080000000141e+00 2.756296900000000161e+00 2.755890470000000203e+00 2.755485800000000207e+00 2.755082879999999790e+00 2.754681689999999961e+00 2.754282250000000154e+00 2.753884540000000047e+00 2.753488550000000146e+00 2.753094299999999883e+00 2.752701759999999886e+00 2.752310950000000034e+00 2.751921850000000003e+00 2.751534470000000177e+00 2.751148789999999789e+00 2.750764830000000050e+00 2.750382570000000193e+00 2.750002020000000158e+00 2.749623160000000066e+00 2.749246009999999796e+00 2.748870549999999913e+00 2.748496789999999912e+00 2.748124719999999854e+00 2.747754350000000123e+00 2.747385659999999952e+00 2.747018660000000168e+00 2.746653339999999943e+00 2.746289710000000106e+00 2.745927759999999829e+00 2.745567489999999999e+00 2.745208889999999791e+00 2.744851970000000030e+00 2.744496719999999890e+00 2.744143139999999814e+00 2.743791219999999864e+00 2.743440969999999979e+00 2.743092390000000158e+00 2.742745460000000080e+00 2.742400190000000126e+00 2.742056569999999915e+00 2.741714599999999891e+00 2.741374280000000052e+00 2.741035600000000017e+00 2.740698559999999784e+00 2.740363159999999798e+00 2.740029390000000120e+00 2.739697259999999801e+00 2.739366739999999911e+00 2.739037849999999885e+00
-1.371047590000000094e+00 -1.370921269999999970e+00 -1.370795549999999974e+00 -1.370670440000000045e+00 -1.370545939999999963e+00 -1.370422030000000069e+00 -1.370298709999999920e+00 -1.370175979999999960e+00 -1.370053839999999967e+00 -1.369932280000000002e+00 -1.369811289999999904e+00 -1.369690880000000055e+00 -1.369571050000000012e+00 -1.369451779999999896e+00 -1.369333069999999930e+00 -1.369214919999999891e+00 -1.369097330000000001e+00 -1.368980300000000039e+00 -1.368863809999999903e+00 -1.368747869999999978e+00 -1.368632480000000040e+00 -1.368517619999999990e+00 -1.368403299999999989e+00 -1.368289520000000037e+00 -1.368176260000000033e+00 -1.368063529999999917e+00 -1.367951329999999910e+00 -1.367839650000000074e+00 -1.367728489999999963e+00 -1.367617840000000085e+00 -1.367507709999999932e+00 -1.367398090000000010e+00 -1.367288969999999937e+00 -1.367180360000000094e+00 -1.367072250000000100e+00 -1.366964639999999953e+00 -1.366857530000000098e+00 -1.366750909999999930e+00 -1.366644790000000054e+00 -1.366539149999999925e+00 -1.366433999999999926e+00 -1.366329340000000059e+00 -1.366225159999999939e+00 -1.366121460000000010e+00 -1.366018240000000050e+00 -1.365915500000000060e+00 -1.365813230000000100e+00 -1.365711440000000110e+00 -1.365610109999999988e+00 -1.365509260000000058e+00
-1.276484089999999939e-02 -1.276100389999999980e-02 -1.275718319999999927e-02 -1.275337850000000071e-02 -1.274958950000000014e-02 -1.274581609999999969e-02 -1.274205800000000055e-02 -1.273831500000000005e-02 -1.273458690000000074e-02 -1.273087340000000033e-02 -1.272717429999999962e-02 -1.272348950000000076e-02 -1.271981860000000013e-02 -1.271616149999999987e-02 -1.271251789999999944e-02 -1.270888780000000058e-02 -1.270527079999999968e-02 -1.270166680000000062e-02 -1.269807560000000071e-02 -1.269449700000000077e-02 -1.269093079999999985e-02 -1.268737680000000048e-02 -1.268383489999999961e-02 -1.268030480000000015e-02 -1.267678650000000039e-02 -1.267327969999999977e-02 -1.266978420000000084e-02 -1.266630000000000013e-02 -1.266282669999999923e-02 -1.265936439999999948e-02 -1.265591280000000034e-02 -1.265247180000000048e-02 -1.264904120000000069e-02 -1.264562089999999965e-02 -1.264221069999999988e-02 -1.263881050000000006e-02 -1.263542020000000057e-02 -1.263203970000000009e-02 -1.262866869999999982e-02 -1.262530719999999974e-02 -1.262195500000000067e-02 -1.261861209999999914e-02 -1.261527819999999980e-02 -1.261195329999999920e-02 -1.260863729999999946e-02 -1.260533009999999926e-02 -1.260203139999999979e-02 -1.259874130000000064e-02 -1.259545959999999916e-02 -1.259218619999999920e-02
-4.087728839999999586e+00 -4.087355879999999608e+00 -4.086984750000000055e+00 -4.086615420000000221e+00 -4.086247890000000105e+00 -4.085882159999999708e+00 -4.085518200000000100e+00 -4.085155999999999565e+00 -4.084795559999999881e+00 -4.084436860000000280e+00 -4.084079899999999874e+00 -4.083724649999999734e+00 -4.083371119999999799e+00 -4.083019290000000190e+00 -4.082669140000000141e+00 -4.082320679999999591e+00 -4.081973890000000438e+00 -4.081628750000000139e+00 -4.081285259999999582e+00 -4.080943409999999716e+00 -4.080603189999999714e+00 -4.080264589999999636e+00 -4.079927600000000432e+00 -4.079592210000000385e+00 -4.079258409999999557e+00 -4.078926189999999785e+00 -4.078595550000000181e+00 -4.078266460000000038e+00 -4.077938940000000123e+00 -4.077612949999999792e+00 -4.077288509999999810e+00 -4.076965600000000300e+00 -4.076644210000000434e+00 -4.076324330000000273e+00 -4.076005949999999878e+00 -4.075689080000000075e+00 -4.075373690000000160e+00 -4.075059790000000071e+00 -4.074747359999999929e+00 -4.074436399999999736e+00 -4.074126900000000440e+00 -4.073818850000000324e+00 -4.073512260000000218e+00 -4.073207100000000302e+00 -4.072903379999999629e+00 -4.072601090000000035e+00 -4.072300209999999865e+00 -4.072000759999999886e+00 -4.071702710000000280e+00 -4.071406080000000038e+00
-2.782917929999999984e+00 -2.782500139999999789e+00 -2.782084150000000200e+00 -2.781669949999999947e+00 -2.781257539999999917e+00 -2.780846920000000111e+00 -2.780438070000000206e+00 -2.780031000000000141e+00 -2.779625690000000038e+00 -2.779222139999999897e+00 -2.778820360000000100e+00 -2.778420329999999883e+00 -2.778022050000000132e+00 -2.777625519999999959e+00 -2.777230729999999870e+00 -2.776837689999999803e+00 -2.776446389999999820e+00 -2.776056819999999981e+00 -2.775668979999999841e+00 -2.775282879999999786e+00 -2.774898499999999935e+00 -2.774515849999999784e+00 -2.774134919999999838e+00 -2.773755710000000096e+00 -2.773378220000000116e+00 -2.773002449999999897e+00 -2.772628389999999943e+00 -2.772256039999999810e+00 -2.771885390000000005e+00 -2.771516459999999960e+00 -2.771149219999999858e+00 -2.770783690000000021e+00 -2.770419860000000067e+00 -2.770057720000000057e+00 -2.769697269999999989e+00 -2.769338519999999804e+00 -2.768981450000000066e+00 -2.768626059999999889e+00 -2.768272360000000099e+00 -2.767920329999999929e+00 -2.767569980000000207e+00 -2.767221300000000106e+00 -2.766874280000000130e+00 -2.766528930000000219e+00 -2.766185239999999990e+00 -2.765843209999999885e+00 -2.765502829999999967e+00 -2.765164099999999792e+00 -2.764827009999999863e+00 -2.764491560000000181e+00
-6.804303489999999677e+00 -6.803683359999999958e+00 -6.803066270000000415e+00 -6.802452220000000160e+00 -6.801841180000000264e+00 -6.801233129999999960e+00 -6.800628060000000197e+00 -6.800025940000000269e+00 -6.799426760000000236e+00 -6.798830490000000282e+00 -6.798237119999999578e+00 -6.797646639999999962e+00 -6.797059019999999840e+00 -6.796474250000000161e+00 -6.795892310000000158e+00 -6.795313170000000014e+00 -6.794736839999999667e+00 -6.794163280000000249e+00 -6.793592480000000045e+00 -6.793024420000000063e+00 -6.792459100000000305e+00 -6.791896480000000125e+00 -6.791336560000000411e+00 -6.790779320000000396e+00 -6.790224740000000203e+00 -6.789672819999999831e+00 -6.789123530000000351e+00 -6.788576850000000107e+00 -6.788032779999999988e+00 -6.787491300000000116e+00 -6.786952399999999663e+00 -6.786416059999999639e+00 -6.785882260000000166e+00 -6.785351010000000294e+00 -6.784822270000000266e+00 -6.784296040000000083e+00 -6.783772299999999866e+00 -6.783251049999999616e+00 -6.782732270000000341e+00 -6.782215950000000326e+00 -6.781702069999999694e+00 -6.781190630000000219e+00 -6.780681620000000187e+00 -6.780175009999999780e+00 -6.779670809999999825e+00 -6.779168999999999556e+00 -6.778669569999999922e+00 -6.778172510000000095e+00 -6.777677810000000136e+00 -6.777185470000000045e+00
-5.552647600000000239e+00 -5.552215720000000410e+00 -5.551387130000000170e+00 -5.550562110000000438e+00 -5.549740650000000386e+00 -5.548922740000000076e+00 -5.548108359999999628e+00 -5.547297519999999871e+00 -5.546490200000000037e+00 -5.545686380000000248e+00 -5.544886069999999556e+00 -5.544089259999999797e+00 -5.543295930000000205e+00 -5.542506079999999891e+00 -5.541719699999999804e+00 -5.540936799999999884e+00 -5.540157350000000314e+00 -5.539381360000000143e+00 -5.538608830000000260e+00 -5.537839729999999960e+00 -5.537074080000000009e+00 -5.536311859999999641e+00 -5.535553069999999742e+00 -5.534797710000000315e+00 -5.534045769999999642e+00 -5.533297250000000389e+00 -5.532552130000000012e+00 -5.531810430000000167e+00 -5.531072120000000147e+00 -5.530337219999999832e+00 -5.529605700000000290e+00 -5.528877569999999686e+00 -5.528152829999999796e+00 -5.527431459999999852e+00 -5.526713469999999795e+00 -5.525998839999999745e+00 -5.525287569999999704e+00 -5.524579659999999670e+00 -5.523875089999999766e+00 -5.523173869999999930e+00 -5.522475990000000223e+00 -5.521781439999999819e+00 -5.521090209999999665e+00 -5.520402289999999823e+00 -5.519717690000000232e+00 -5.519036390000000125e+00 -5.518358379999999563e+00 -5.517683670000000262e+00 -5.517012219999999800e+00 -5.516344049999999832e+00
-9.520484460000000482e+00 -9.519616459999999947e+00 -9.518752759999999924e+00 -9.517893329999999708e+00 -9.517038140000000368e+00 -9.516187170000000251e+00 -9.515340390000000426e+00 -9.514497779999999238e+00 -9.513659300000000485e+00 -9.512824939999999785e+00 -9.511994669999999985e+00 -9.511168460000000380e+00 -9.510346300000000141e+00 -9.509528149999999513e+00 -9.508713979999999566e+00 -9.507903790000000299e+00 -9.507097529999999352e+00 -9.506295200000000278e+00 -9.505496759999999767e+00 -9.504702189999999717e+00 -9.503911470000000250e+00 -9.503124579999999710e+00 -9.502341489999999169e+00 -9.501562180000000524e+00 -9.500786630000000343e+00 -9.500014820000000526e+00 -9.499246729999999417e+00 -9.498482329999999862e+00 -9.497721600000000208e+00 -9.496964540000000454e+00 -9.496211100000000016e+00 -9.495461289999999721e+00 -9.494715060000000761e+00 -9.493972420000000412e+00 -9.493233330000000691e+00 -9.492497780000000773e+00 -9.491765750000000779e+00 -9.491037229999999880e+00 -9.490312189999999148e+00 -9.489590610000000481e+00 -9.488872499999999377e+00 -9.488157810000000580e+00 -9.487446540000000539e+00 -9.486738680000000201e+00 -9.486034209999999689e+00 -9.485333100000000073e+00 -9.484635360000000404e+00 -9.483940949999999148e+00 -9.483249880000000687e+00 -9.482562120000000760e+00
-8.322687789999999808e+00 -8.321440989999999260e+00 -8.320710430000000102e+00 -8.319473840000000564e+00 -8.318242590000000547e+00 -8.317016640000000294e+00 -8.315795989999999804e+00 -8.314580619999999200e+00 -8.313370510000000380e+00 -8.312165659999999789e+00 -8.310966049999999328e+00 -8.309771659999999116e+00 -8.308582489999999154e+00 -8.307398519999999564e+00 -8.306219739999999518e+00 -8.305046159999999844e+00 -8.303877740000000784e+00 -8.302714500000000442e+00 -8.301556409999999886e+00 -8.300403469999999118e+00 -8.299255679999999913e+00 -8.298113020000000617e+00 -8.296975489999999454e+00 -8.295843079999999148e+00 -8.294715780000000649e+00 -8.293593590000000404e+00 -8.292476499999999362e+00 -8.291364509999999299e+00 -8.290257589999999510e+00 -8.289155759999999873e+00 -8.288059000000000509e+00 -8.286967309999999642e+00 -8.285880669999999171e+00 -8.284799080000000870e+00 -8.283722530000000361e+00 -8.282651019999999420e+00 -8.281584529999999944e+00 -8.280523060000000157e+00 -8.279466599999999232e+00 -8.278415150000000722e+00 -8.277368680000000367e+00 -8.276327200000000772e+00 -8.275290690000000282e+00 -8.274259139999999846e+00 -8.273232540000000412e+00 -8.272210890000000205e+00 -8.271194160000000295e+00 -8.270182359999999733e+00 -8.269175459999999589e+00 -8.268173459999999864e+00
-1.223636250000000025e+01 -1.223524530000000077e+01 -1.223413369999999922e+01 -1.223302759999999978e+01 -1.223192700000000066e+01 -1.223083190000000009e+01 -1.222974229999999984e+01 -1.222865799999999936e+01 -1.222757909999999981e+01 -1.222650550000000003e+01 -1.222543729999999940e+01 -1.222437429999999914e+01 -1.222331649999999925e+01 -1.222226399999999913e+01 -1.222121669999999938e+01 -1.222017450000000061e+01 -1.221913739999999926e+01 -1.221810540000000067e+01 -1.221707849999999951e+01 -1.221605659999999993e+01 -1.221503960000000077e+01 -1.221402770000000082e+01 -1.221302069999999951e+01 -1.221201860000000039e+01 -1.221102139999999991e+01 -1.221002909999999986e+01 -1.220904149999999966e+01 -1.220805879999999988e+01 -1.220708089999999935e+01 -1.220610770000000045e+01 -1.220513919999999963e+01 -1.220417540000000045e+01 -1.220321629999999935e+01 -1.220226189999999988e+01 -1.220131199999999971e+01 -1.220036679999999940e+01 -1.219942610000000016e+01 -1.219848999999999961e+01 -1.219755840000000013e+01 -1.219663129999999995e+01 -1.219570870000000085e+01 -1.219479059999999926e+01 -1.219387689999999935e+01 -1.219296759999999935e+01 -1.219206269999999925e+01 -1.219116220000000084e+01 -1.219026599999999938e+01 -1.218937419999999960e+01 -1.218848670000000034e+01 -1.218760349999999981e+01
-1.109254160000000056e+01 -1.109087850000000053e+01 -1.108922259999999937e+01 -1.108819259999999929e+01 -1.108655030000000075e+01 -1.108491500000000052e+01 -1.108328689999999916e+01 -1.108166570000000029e+01 -1.108005159999999911e+01 -1.107844449999999981e+01 -1.107684429999999942e+01 -1.107525109999999913e+01 -1.107366479999999953e+01 -1.107208550000000002e+01 -1.107051309999999944e+01 -1.106894750000000016e+01 -1.106738889999999920e+01 -1.106583709999999954e+01 -1.106429220000000058e+01 -1.106275409999999937e+01 -1.106122290000000064e+01 -1.105969849999999965e+01 -1.105818089999999998e+01 -1.105667019999999923e+01 -1.105516620000000039e+01 -1.105366899999999930e+01 -1.105217859999999952e+01 -1.105069499999999927e+01 -1.104921809999999915e+01 -1.104774800000000035e+01 -1.104628459999999990e+01 -1.104482800000000076e+01 -1.104337800000000058e+01 -1.104193479999999994e+01 -1.104049829999999943e+01 -1.103906850000000084e+01 -1.103764540000000061e+01 -1.103622889999999934e+01 -1.103481919999999938e+01 -1.103341600000000078e+01 -1.103201950000000053e+01 -1.103062959999999926e+01 -1.102924639999999989e+01 -1.102786970000000011e+01 -1.102649959999999929e+01 -1.102513620000000039e+01 -1.102377919999999989e+01 -1.102242880000000014e+01 -1.102108499999999935e+01 -1.101974760000000053e+01
-1.495171180000000000e+01 -1.495034380000000063e+01 -1.494898260000000079e+01 -1.494762829999999987e+01 -1.494628080000000026e+01 -1.494494000000000078e+01 -1.494360600000000083e+01 -1.494227859999999986e+01 -1.494095779999999962e+01 -1.493964369999999953e+01 -1.493833610000000078e+01 -1.493703499999999984e+01 -1.493574040000000025e+01 -1.493445230000000024e+01 -1.493317049999999924e+01 -1.493189510000000020e+01 -1.493062609999999957e+01 -1.492936330000000034e+01 -1.492810680000000012e+01 -1.492685649999999953e+01 -1.492561240000000033e+01 -1.492437439999999960e+01 -1.492314250000000087e+01 -1.492191670000000059e+01 -1.492069700000000054e+01 -1.491948329999999956e+01 -1.491827550000000002e+01 -1.491707369999999955e+01 -1.491587780000000052e+01 -1.491468769999999999e+01 -1.491350360000000030e+01 -1.491232519999999973e+01 -1.491115259999999942e+01 -1.490998570000000001e+01 -1.490882460000000087e+01 -1.490766909999999967e+01 -1.490651929999999936e+01 -1.490537519999999994e+01 -1.490423660000000083e+01 -1.490310359999999967e+01 -1.490197620000000001e+01 -1.490085430000000066e+01 -1.489973789999999987e+01 -1.489862690000000001e+01 -1.489752140000000047e+01 -1.489642130000000009e+01 -1.489532649999999947e+01 -1.489423719999999918e+01 -1.489315309999999926e+01 -1.489207440000000027e+01
-1.386229080000000025e+01 -1.386021000000000036e+01 -1.385813820000000085e+01 -1.385607530000000054e+01 -1.385474469999999947e+01 -1.385269869999999948e+01 -1.385066149999999929e+01 -1.384863320000000009e+01 -1.384661350000000013e+01 -1.384460269999999937e+01 -1.384260049999999964e+01 -1.384060700000000033e+01 -1.383862210000000026e+01 -1.383664590000000061e+01 -1.383467830000000021e+01 -1.383271930000000083e+01 -1.383076890000000070e+01 -1.382882709999999982e+01 -1.382689380000000057e+01 -1.382496910000000057e+01 -1.382305279999999925e+01 -1.382114510000000074e+01 -1.381924590000000030e+01 -1.381735510000000033e+01 -1.381547280000000022e+01 -1.381359899999999996e+01 -1.381173360000000017e+01 -1.380987670000000023e+01 -1.380802809999999958e+01 -1.380618800000000057e+01 -1.380435630000000025e+01 -1.380253300000000038e+01 -1.380071799999999982e+01 -1.379891139999999972e+01 -1.379711310000000068e+01 -1.379532320000000034e+01 -1.379354159999999929e+01 -1.379176829999999931e+01 -1.379000339999999980e+01 -1.378824670000000019e+01 -1.378649820000000048e+01 -1.378475809999999946e+01 -1.378302610000000072e+01 -1.378130250000000068e+01 -1.377958699999999936e+01 -1.377787969999999973e+01 -1.377618060000000000e+01 -1.377448960000000078e+01 -1.377280679999999968e+01 -1.377113220000000027e+01
-1.766638610000000043e+01 -1.766476520000000150e+01 -1.766315249999999892e+01 -1.766154789999999863e+01 -1.765995149999999825e+01 -1.765836309999999898e+01 -1.765678270000000083e+01 -1.765521040000000141e+01 -1.765364590000000078e+01 -1.765208940000000126e+01 -1.765054059999999936e+01 -1.764899970000000096e+01 -1.764746650000000017e+01 -1.764594110000000171e+01 -1.764442329999999970e+01 -1.764291310000000124e+01 -1.764141049999999922e+01 -1.763991539999999958e+01 -1.763842779999999877e+01 -1.763694759999999917e+01 -1.763547489999999840e+01 -1.763400950000000122e+01 -1.763255140000000054e+01 -1.763110059999999990e+01 -1.762965709999999930e+01 -1.762822069999999997e+01 -1.762679149999999950e+01 -1.762536940000000030e+01 -1.762395439999999880e+01 -1.762254649999999856e+01 -1.762114550000000079e+01 -1.761975149999999957e+01 -1.761836440000000081e+01 -1.761698420000000098e+01 -1.761561090000000007e+01 -1.761424440000000047e+01 -1.761288460000000100e+01 -1.761153159999999929e+01 -1.761018530000000126e+01 -1.760884569999999982e+01 -1.760751279999999852e+01 -1.760618639999999857e+01 -1.760486660000000114e+01 -1.760355339999999913e+01 -1.760224669999999847e+01 -1.760094640000000155e+01 -1.759965270000000004e+01 -1.759836530000000110e+01 -1.759708429999999879e+01 -1.759580970000000022e+01
-1.663186209999999932e+01 -1.662936180000000164e+01 -1.662687229999999872e+01 -1.662439350000000005e+01 -1.662192530000000090e+01 -1.662029199999999918e+01 -1.661784409999999923e+01 -1.661540670000000119e+01 -1.661297980000000152e+01 -1.661056340000000020e+01 -1.660815750000000079e+01 -1.660576190000000096e+01 -1.660337669999999832e+01 -1.660100189999999998e+01 -1.659863740000000121e+01 -1.659628310000000084e+01 -1.659393920000000122e+01 -1.659160550000000001e+01 -1.658928200000000075e+01 -1.658696880000000107e+01 -1.658466569999999862e+01 -1.658237280000000169e+01 -1.658009009999999961e+01 -1.657781749999999832e+01 -1.657555500000000137e+01 -1.657330260000000166e+01 -1.657106029999999919e+01 -1.656882810000000106e+01 -1.656660589999999900e+01 -1.656439380000000128e+01 -1.656219180000000080e+01 -1.655999969999999877e+01 -1.655781770000000108e+01 -1.655564559999999830e+01 -1.655348349999999868e+01 -1.655133139999999869e+01 -1.654918920000000071e+01 -1.654705699999999879e+01 -1.654493469999999888e+01 -1.654282219999999981e+01 -1.654071970000000036e+01 -1.653862700000000174e+01 -1.653654420000000158e+01 -1.653447129999999987e+01 -1.653240810000000138e+01 -1.653035480000000135e+01 -1.652831120000000098e+01 -1.652627740000000145e+01 -1.652425330000000159e+01 -1.652223899999999901e+01
-2.038022450000000063e+01 -2.037834799999999902e+01 -2.037648109999999946e+01 -2.037462370000000078e+01 -2.037277579999999944e+01 -2.037093730000000136e+01 -2.036910809999999827e+01 -2.036728820000000084e+01 -2.036547759999999840e+01 -2.036367630000000162e+01 -2.036188399999999987e+01 -2.036010089999999906e+01 -2.035832680000000039e+01 -2.035656170000000031e+01 -2.035480559999999883e+01 -2.035305839999999833e+01 -2.035132000000000119e+01 -2.034959050000000147e+01 -2.034786959999999922e+01 -2.034615750000000034e+01 -2.034445410000000010e+01 -2.034275930000000088e+01 -2.034107300000000151e+01 -2.033939519999999845e+01 -2.033772589999999880e+01 -2.033606509999999901e+01 -2.033441260000000028e+01 -2.033276839999999908e+01 -2.033113249999999894e+01 -2.032950489999999988e+01 -2.032788550000000072e+01 -2.032627420000000029e+01 -2.032467099999999860e+01 -2.032307589999999919e+01 -2.032148880000000091e+01 -2.031990959999999902e+01 -2.031833849999999941e+01 -2.031677519999999859e+01 -2.031521970000000010e+01 -2.031367210000000156e+01 -2.031213229999999825e+01 -2.031060019999999966e+01 -2.030907579999999868e+01 -2.030755909999999886e+01 -2.030604999999999905e+01 -2.030454840000000161e+01 -2.030305449999999823e+01 -2.030156799999999961e+01 -2.030008899999999983e+01 -2.029861749999999887e+01
-1.940128139999999846e+01 -1.939835950000000153e+01 -1.939545019999999909e+01 -1.939255350000000178e+01 -1.938966920000000016e+01 -1.938679739999999896e+01 -1.938485950000000102e+01 -1.938201120000000088e+01 -1.937917519999999882e+01 -1.937635140000000078e+01 -1.937353969999999848e+01 -1.937074020000000019e+01 -1.936795280000000119e+01 -1.936517750000000149e+01 -1.936241409999999874e+01 -1.935966279999999884e+01 -1.935692339999999945e+01 -1.935419590000000056e+01 -1.935148029999999864e+01 -1.934877660000000077e+01 -1.934608469999999869e+01 -1.934340470000000067e+01 -1.934073640000000083e+01 -1.933807990000000032e+01 -1.933543519999999916e+01 -1.933280219999999971e+01 -1.933018099999999961e+01 -1.932757140000000007e+01 -1.932497349999999869e+01 -1.932238729999999904e+01 -1.931981269999999995e+01 -1.931724979999999903e+01 -1.931469840000000104e+01 -1.931215870000000123e+01 -1.930963050000000081e+01 -1.930711390000000094e+01 -1.930460880000000046e+01 -1.930211530000000053e+01 -1.929963329999999999e+01 -1.929716279999999884e+01 -1.929470369999999946e+01 -1.929225609999999946e+01 -1.928981999999999886e+01 -1.928739519999999885e+01 -1.928498189999999823e+01 -1.928257999999999939e+01 -1.928018940000000114e+01 -1.927781009999999995e+01 -1.927544220000000053e+01 -1.927308560000000170e+01
-2.309284309999999962e+01 -2.309070820000000168e+01 -2.308858419999999967e+01 -2.308647110000000069e+01 -2.308436880000000002e+01 -2.308227730000000122e+01 -2.308019649999999956e+01 -2.307812639999999860e+01 -2.307606690000000071e+01 -2.307401790000000119e+01 -2.307197950000000120e+01 -2.306995140000000077e+01 -2.306793379999999871e+01 -2.306592639999999861e+01 -2.306392939999999925e+01 -2.306194250000000068e+01 -2.305996580000000051e+01 -2.305799929999999875e+01 -2.305604269999999900e+01 -2.305409620000000004e+01 -2.305215959999999953e+01 -2.305023279999999986e+01 -2.304831599999999980e+01 -2.304640889999999942e+01 -2.304451149999999870e+01 -2.304262380000000121e+01 -2.304074569999999866e+01 -2.303887720000000172e+01 -2.303701819999999856e+01 -2.303516869999999983e+01 -2.303332849999999965e+01 -2.303149780000000035e+01 -2.302967639999999960e+01 -2.302786419999999978e+01 -2.302606129999999851e+01 -2.302426760000000172e+01 -2.302248300000000114e+01 -2.302070739999999915e+01 -2.301894090000000048e+01 -2.301718340000000040e+01 -2.301543480000000130e+01 -2.301369509999999963e+01 -2.301196429999999893e+01 -2.301024230000000159e+01 -2.300852899999999934e+01 -2.300682450000000046e+01 -2.300512859999999904e+01 -2.300344139999999982e+01 -2.300176280000000162e+01 -2.300009269999999972e+01
-2.217050210000000021e+01 -2.216715629999999848e+01 -2.216382510000000039e+01 -2.216050819999999888e+01 -2.215720569999999867e+01 -2.215391749999999860e+01 -2.215064339999999987e+01 -2.214839840000000137e+01 -2.214515120000000081e+01 -2.214191789999999926e+01 -2.213869860000000145e+01 -2.213549319999999909e+01 -2.213230150000000052e+01 -2.212912370000000095e+01 -2.212595950000000045e+01 -2.212280900000000017e+01 -2.211967220000000012e+01 -2.211654890000000151e+01 -2.211343919999999841e+01 -2.211034300000000030e+01 -2.210726040000000125e+01 -2.210419110000000131e+01 -2.210113529999999926e+01 -2.209809290000000104e+01 -2.209506389999999953e+01 -2.209204820000000069e+01 -2.208904589999999857e+01 -2.208605680000000149e+01 -2.208308099999999996e+01 -2.208011850000000109e+01 -2.207716920000000016e+01 -2.207423319999999833e+01 -2.207131030000000038e+01 -2.206840060000000037e+01 -2.206550400000000067e+01 -2.206262059999999892e+01 -2.205975030000000103e+01 -2.205689299999999875e+01 -2.205404890000000151e+01 -2.205121779999999987e+01 -2.204839979999999855e+01 -2.204559469999999877e+01 -2.204280269999999931e+01 -2.204002360000000138e+01 -2.203725749999999906e+01 -2.203450439999999944e+01 -2.203176410000000018e+01 -2.202903680000000008e+01 -2.202632230000000035e+01 -2.202362060000000099e+01
-2.580454930000000147e+01 -2.580215249999999827e+01 -2.579976800000000026e+01 -2.579739590000000149e+01 -2.579503589999999846e+01 -2.579268799999999828e+01 -2.579035229999999856e+01 -2.578802860000000052e+01 -2.578571690000000061e+01 -2.578341710000000120e+01 -2.578112910000000113e+01 -2.577885290000000040e+01 -2.577658849999999902e+01 -2.577433570000000174e+01 -2.577209459999999908e+01 -2.576986490000000174e+01 -2.576764680000000141e+01 -2.576544009999999929e+01 -2.576324479999999895e+01 -2.576106070000000159e+01 -2.575888799999999890e+01 -2.575672640000000158e+01 -2.575457589999999897e+01 -2.575243650000000173e+01 -2.575030819999999920e+01 -2.574819079999999971e+01 -2.574608429999999970e+01 -2.574398860000000155e+01 -2.574190370000000172e+01 -2.573982949999999903e+01 -2.573776610000000176e+01 -2.573571319999999929e+01 -2.573367089999999990e+01 -2.573163909999999888e+01 -2.572961779999999976e+01 -2.572760680000000022e+01 -2.572560629999999904e+01 -2.572361599999999981e+01 -2.572163589999999900e+01 -2.571966610000000131e+01 -2.571770629999999969e+01 -2.571575670000000002e+01 -2.571381709999999998e+01 -2.571188749999999956e+01 -2.570996780000000115e+01 -2.570805809999999880e+01 -2.570615809999999968e+01 -2.570426799999999901e+01 -2.570238760000000156e+01 -2.570051690000000022e+01
-2.493925640000000143e+01 -2.493548369999999892e+01 -2.493172750000000093e+01 -2.492798760000000158e+01 -2.492426400000000086e+01 -2.492055660000000117e+01 -2.491686520000000016e+01 -2.491318980000000138e+01 -2.491063229999999962e+01 -2.490698709999999849e+01 -2.490335759999999965e+01 -2.489974379999999954e+01 -2.489614549999999937e+01 -2.489256280000000032e+01 -2.488899550000000005e+01 -2.488544359999999855e+01 -2.488190709999999939e+01 -2.487838580000000022e+01 -2.487487979999999865e+01 -2.487138889999999947e+01 -2.486791320000000027e+01 -2.486445259999999990e+01 -2.486100709999999836e+01 -2.485757660000000158e+01 -2.485416109999999890e+01 -2.485076049999999981e+01 -2.484737489999999838e+01 -2.484400420000000054e+01 -2.484064830000000157e+01 -2.483730729999999909e+01 -2.483398109999999903e+01 -2.483066960000000023e+01 -2.482737300000000147e+01 -2.482409099999999924e+01 -2.482082379999999944e+01 -2.481757119999999972e+01 -2.481433330000000126e+01 -2.481111010000000050e+01 -2.480790149999999983e+01 -2.480470749999999924e+01 -2.480152800000000113e+01 -2.479836309999999955e+01 -2.479521270000000044e+01 -2.479207690000000142e+01 -2.478895550000000014e+01 -2.478584860000000134e+01 -2.478275610000000029e+01 -2.477967800000000054e+01 -2.477661439999999970e+01 -2.477356509999999901e+01
-2.851531440000000117e+01 -2.851265180000000043e+01 -2.851000300000000109e+01 -2.850736789999999843e+01 -2.850474639999999837e+01 -2.850213839999999976e+01 -2.849954389999999904e+01 -2.849696279999999859e+01 -2.849439500000000081e+01 -2.849184059999999974e+01 -2.848929940000000016e+01 -2.848677130000000091e+01 -2.848425629999999842e+01 -2.848175429999999864e+01 -2.847926530000000156e+01 -2.847678930000000008e+01 -2.847432600000000136e+01 -2.847187549999999945e+01 -2.846943770000000029e+01 -2.846701260000000033e+01 -2.846460000000000079e+01 -2.846219999999999928e+01 -2.845981240000000057e+01 -2.845743720000000110e+01 -2.845507429999999971e+01 -2.845272369999999995e+01 -2.845038530000000065e+01 -2.844805900000000065e+01 -2.844574479999999994e+01 -2.844344260000000091e+01 -2.844115229999999883e+01 -2.843887399999999843e+01 -2.843660750000000093e+01 -2.843435270000000159e+01 -2.843210970000000160e+01 -2.842987829999999860e+01 -2.842765860000000089e+01 -2.842545030000000139e+01 -2.842325359999999890e+01 -2.842106820000000056e+01 -2.841889430000000161e+01 -2.841673159999999854e+01 -2.841458019999999962e+01 -2.841244000000000014e+01 -2.841031089999999892e+01 -2.840819289999999953e+01 -2.840608599999999839e+01 -2.840399000000000029e+01 -2.840190490000000167e+01 -2.839983080000000015e+01
-2.770776710000000165e+01 -2.770356459999999998e+01 -2.769938069999999897e+01 -2.769521530000000098e+01 -2.769106809999999896e+01 -2.768693910000000002e+01 -2.768282819999999944e+01 -2.767873510000000081e+01 -2.767465990000000176e+01 -2.767178930000000037e+01 -2.766774759999999844e+01 -2.766372349999999969e+01 -2.765971670000000060e+01 -2.765572720000000118e+01 -2.765175500000000142e+01 -2.764779980000000137e+01 -2.764386179999999982e+01 -2.763994070000000036e+01 -2.763603660000000062e+01 -2.763214939999999942e+01 -2.762827890000000153e+01 -2.762442520000000101e+01 -2.762058830000000142e+01 -2.761676789999999926e+01 -2.761296420000000040e+01 -2.760917699999999897e+01 -2.760540629999999851e+01 -2.760165209999999902e+01 -2.759791429999999934e+01 -2.759419300000000064e+01 -2.759048800000000057e+01 -2.758679929999999914e+01 -2.758312689999999989e+01 -2.757947079999999929e+01 -2.757583089999999970e+01 -2.757220720000000114e+01 -2.756859970000000004e+01 -2.756500829999999880e+01 -2.756143309999999857e+01 -2.755787390000000059e+01 -2.755433090000000007e+01 -2.755080380000000062e+01 -2.754729280000000102e+01 -2.754379780000000011e+01 -2.754031870000000026e+01 -2.753685559999999910e+01 -2.753340850000000017e+01 -2.752997720000000115e+01 -2.752656169999999847e+01 -2.752316220000000158e+01
