1.022485409999999995e+01 1.047953009999999985e+01 1.073418479999999953e+01 1.098881869999999950e+01 1.124343220000000088e+01 1.149802610000000058e+01 1.175260059999999918e+01 1.200715639999999951e+01 1.226169400000000032e+01 1.251621379999999917e+01 1.277071639999999952e+01 1.302520230000000012e+01 1.327967190000000031e+01 1.353412570000000059e+01 1.378856430000000088e+01 1.404298810000000053e+01 1.429739750000000065e+01 1.455179320000000054e+01 1.480617540000000076e+01 1.506054480000000062e+01 1.531490170000000006e+01 1.556924670000000077e+01 1.582358029999999971e+01 1.607790269999999921e+01 1.633221460000000036e+01 1.658651640000000071e+01 1.684080850000000140e+01 1.709509149999999877e+01 1.734936559999999872e+01 1.760363140000000115e+01 1.785788940000000125e+01 1.811213989999999896e+01 1.836638340000000014e+01 1.862062039999999996e+01 1.887485129999999955e+01 1.912907639999999887e+01 1.938329639999999898e+01 1.963751140000000106e+01 1.989172209999999907e+01 2.014592880000000008e+01 2.040013199999999927e+01 2.065433210000000130e+01 2.090852939999999904e+01 2.116272439999999833e+01 2.141691760000000144e+01 2.167110939999999886e+01 2.192530000000000001e+01 2.217949009999999888e+01 2.243367999999999896e+01 2.268787000000000020e+01
-1.051913640000000072e+01 -1.026071559999999927e+01 -1.000237270000000045e+01 -9.744106860000000481e+00 -9.485917300000000552e+00 -9.227803109999999975e+00 -8.969763410000000547e+00 -8.711797349999999440e+00 -8.453904070000000104e+00 -8.196082710000000660e+00 -7.938332420000000056e+00 -7.680652349999999906e+00 -7.423041650000000047e+00 -7.165499490000000193e+00 -6.908025020000000183e+00 -6.650617409999999730e+00 -6.393275830000000326e+00 -6.135999449999999911e+00 -5.878787449999999914e+00 -5.621639019999999931e+00 -5.364553329999999676e+00 -5.107529590000000397e+00 -4.850566970000000033e+00 -4.593664689999999773e+00 -4.336821950000000037e+00 -4.080037940000000418e+00 -3.823311900000000207e+00 -3.566643019999999886e+00 -3.310030540000000077e+00 -3.053473669999999807e+00 -2.796971660000000082e+00 -2.540523739999999808e+00 -2.284129130000000174e+00 -2.027787099999999842e+00 -1.771496900000000041e+00 -1.515257759999999898e+00 -1.259068960000000015e+00 -1.002929760000000003e+00 -7.468394320000000253e-01 -4.907972440000000214e-01 -2.348024780000000089e-01 2.114558089999999876e-02 2.770476450000000090e-01 5.329044189999999626e-01 7.887166049999999595e-01 1.044484900000000049e+00 1.300209989999999927e+00 1.555892569999999919e+00 1.811533309999999952e+00 2.067132889999999890e+00
1.005952289999999927e+01 1.031406300000000087e+01 1.056858219999999982e+01 1.082308100000000017e+01 1.107755990000000068e+01 1.133201940000000008e+01 1.158646000000000065e+01 1.184088219999999936e+01 1.209528650000000027e+01 1.234967340000000036e+01 1.260404349999999951e+01 1.285839709999999947e+01 1.311273489999999953e+01 1.336705719999999964e+01 1.362136450000000032e+01 1.387565739999999970e+01 1.412993630000000067e+01 1.438420160000000081e+01 1.463845390000000002e+01 1.489269359999999942e+01 1.514692119999999953e+01 1.540113709999999969e+01 1.565534189999999981e+01 1.590953580000000045e+01 1.616371949999999913e+01 1.641789340000000053e+01 1.667205780000000104e+01 1.692621330000000057e+01 1.718036030000000025e+01 1.743449929999999881e+01 1.768863059999999976e+01 1.794275469999999828e+01 1.819687210000000022e+01 1.845098319999999958e+01 1.870508840000000106e+01 1.895918809999999866e+01 1.921328280000000177e+01 1.946737299999999848e+01 1.972145889999999824e+01 1.997554110000000094e+01 2.022962000000000060e+01 2.048369590000000073e+01 2.073776930000000007e+01 2.099184070000000091e+01 2.124591039999999964e+01 2.149997880000000094e+01 2.175404640000000001e+01 2.200811360000000150e+01 2.226218069999999827e+01 2.251624819999999971e+01
-1.068072760000000088e+01 -1.042247500000000038e+01 -1.016430000000000078e+01 -9.906201680000000565e+00 -9.648179130000000825e+00 -9.390231509999999560e+00 -9.132357920000000462e+00 -8.874557499999999877e+00 -8.616829380000000427e+00 -8.359172689999999406e+00 -8.101586579999999316e+00 -7.844070190000000053e+00 -7.586622659999999740e+00 -7.329243149999999929e+00 -7.071930820000000395e+00 -6.814684810000000148e+00 -6.557504299999999731e+00 -6.300388459999999746e+00 -6.043336459999999910e+00 -5.786347459999999998e+00 -5.529420670000000371e+00 -5.272555259999999855e+00 -5.015750419999999821e+00 -4.759005359999999740e+00 -4.502319260000000156e+00 -4.245691339999999592e+00 -3.989120799999999800e+00 -3.732606860000000193e+00 -3.476148750000000121e+00 -3.219745679999999943e+00 -2.963396889999999839e+00 -2.707101610000000047e+00 -2.450859069999999917e+00 -2.194668539999999890e+00 -1.938529249999999982e+00 -1.682440460000000026e+00 -1.426401440000000020e+00 -1.170411440000000081e+00 -9.144697440000000288e-01 -6.585756230000000544e-01 -4.027283589999999802e-01 -1.469272389999999873e-01 1.088284459999999954e-01 3.645393980000000145e-01 6.202063150000000080e-01 8.758298909999999715e-01 1.131410809999999989e+00 1.386949760000000031e+00 1.642447409999999941e+00 1.897904440000000026e+00
9.909182689999999738e+00 1.016360139999999923e+01 1.041799950000000052e+01 1.067237749999999963e+01 1.092673579999999944e+01 1.118107509999999927e+01 1.143539580000000022e+01 1.168969839999999927e+01 1.194398340000000047e+01 1.219825130000000080e+01 1.245250249999999959e+01 1.270673769999999969e+01 1.296095719999999929e+01 1.321516150000000067e+01 1.346935110000000080e+01 1.372352650000000018e+01 1.397768809999999995e+01 1.423183650000000000e+01 1.448597200000000029e+01 1.474009520000000073e+01 1.499420650000000066e+01 1.524830640000000059e+01 1.550239529999999988e+01 1.575647359999999964e+01 1.601054189999999977e+01 1.626460050000000024e+01 1.651864989999999977e+01 1.677269060000000067e+01 1.702672300000000050e+01 1.728074750000000037e+01 1.753476459999999904e+01 1.778877470000000116e+01 1.804277829999999838e+01 1.829677570000000131e+01 1.855076740000000157e+01 1.880475380000000030e+01 1.905873539999999977e+01 1.931271260000000112e+01 1.956668570000000074e+01 1.982065529999999853e+01 2.007462170000000157e+01 2.032858530000000030e+01 2.058254660000000058e+01 2.083650589999999880e+01 2.109046379999999843e+01 2.134442049999999824e+01 2.159837660000000170e+01 2.185233230000000049e+01 2.210628820000000161e+01 2.236024460000000147e+01
-1.082536939999999959e+01 -1.056726659999999995e+01 -1.030924090000000071e+01 -1.005129140000000021e+01 -9.793417319999999648e+00 -9.535617690000000479e+00 -9.277891650000000823e+00 -9.020238309999999871e+00 -8.762656809999999297e+00 -8.505146269999999120e+00 -8.247705829999999239e+00 -7.990334619999999610e+00 -7.733031800000000011e+00 -7.475796500000000400e+00 -7.218627879999999664e+00 -6.961525090000000304e+00 -6.704487290000000321e+00 -6.447513650000000318e+00 -6.190603330000000071e+00 -5.933755520000000061e+00 -5.676969390000000004e+00 -5.420244120000000443e+00 -5.163578910000000022e+00 -4.906972950000000111e+00 -4.650425440000000243e+00 -4.393935579999999952e+00 -4.137502579999999597e+00 -3.881125659999999922e+00 -3.624804029999999955e+00 -3.368536929999999874e+00 -3.112323579999999978e+00 -2.856163220000000003e+00 -2.600055090000000124e+00 -2.343998440000000016e+00 -2.087992509999999857e+00 -1.832036580000000026e+00 -1.576129890000000033e+00 -1.320271720000000037e+00 -1.064461340000000034e+00 -8.086980280000000132e-01 -5.529810739999999614e-01 -2.973097639999999764e-01 -4.168339480000000236e-02 2.138987340000000070e-01 4.694373150000000217e-01 7.249330379999999741e-01 9.803865859999999488e-01 1.235798640000000059e+00 1.491169860000000069e+00 1.746500930000000062e+00
9.775097719999999768e+00 1.002940910000000052e+01 1.028370020000000018e+01 1.053797139999999999e+01 1.079222320000000046e+01 1.104645619999999973e+01 1.130067080000000068e+01 1.155486759999999968e+01 1.180904699999999963e+01 1.206320949999999925e+01 1.231735560000000085e+01 1.257148579999999960e+01 1.282560050000000018e+01 1.307970030000000072e+01 1.333378560000000057e+01 1.358785680000000085e+01 1.384191449999999968e+01 1.409595909999999996e+01 1.434999099999999927e+01 1.460401079999999929e+01 1.485801879999999997e+01 1.511201559999999944e+01 1.536600160000000059e+01 1.561997719999999923e+01 1.587394289999999941e+01 1.612789910000000049e+01 1.638184629999999942e+01 1.663578490000000087e+01 1.688971540000000005e+01 1.714363810000000043e+01 1.739755350000000078e+01 1.765146209999999982e+01 1.790536429999999868e+01 1.815926040000000086e+01 1.841315110000000033e+01 1.866703649999999826e+01 1.892091729999999927e+01 1.917479369999999861e+01 1.942866629999999972e+01 1.968253539999999902e+01 1.993640149999999878e+01 2.019026489999999896e+01 2.044412609999999830e+01 2.069798550000000148e+01 2.095184349999999895e+01 2.120570049999999895e+01 2.145955700000000022e+01 2.171341320000000152e+01 2.196726969999999923e+01 2.222112680000000040e+01
-1.095264590000000027e+01 -1.069467399999999913e+01 -1.043677890000000019e+01 -1.017895960000000066e+01 -9.921215289999999243e+00 -9.663544990000000112e+00 -9.405947870000000322e+00 -9.148423030000000011e+00 -8.890969589999999201e+00 -8.633586680000000513e+00 -8.376273440000000292e+00 -8.119028990000000334e+00 -7.861852469999999649e+00 -7.604743029999999848e+00 -7.347699809999999943e+00 -7.090721979999999647e+00 -6.833808679999999747e+00 -6.576959089999999897e+00 -6.320172359999999934e+00 -6.063447680000000339e+00 -5.806784210000000002e+00 -5.550181150000000230e+00 -5.293637679999999790e+00 -5.037152999999999992e+00 -4.780726300000000428e+00 -4.524356799999999623e+00 -4.268043689999999835e+00 -4.011786200000000413e+00 -3.755583539999999942e+00 -3.499434949999999933e+00 -3.243339660000000180e+00 -2.987296900000000033e+00 -2.731305910000000114e+00 -2.475365950000000037e+00 -2.219476269999999918e+00 -1.963636130000000035e+00 -1.707844790000000001e+00 -1.452101520000000034e+00 -1.196405610000000008e+00 -9.407563389999999970e-01 -6.851529870000000466e-01 -4.295948509999999998e-01 -1.740812300000000035e-01 8.138857060000000143e-02 3.368152409999999874e-01 5.921994649999999805e-01 8.475419220000000031e-01 1.102843280000000092e+00 1.358104219999999973e+00 1.613325389999999970e+00
9.657383299999999338e+00 9.911601340000000704e+00 1.016579920000000037e+01 1.041997740000000050e+01 1.067413649999999947e+01 1.092827690000000018e+01 1.118239909999999959e+01 1.143650359999999999e+01 1.169059090000000012e+01 1.194466150000000049e+01 1.219871589999999983e+01 1.245275449999999928e+01 1.270677779999999935e+01 1.296078630000000054e+01 1.321478040000000043e+01 1.346876070000000070e+01 1.372272760000000069e+01 1.397668140000000037e+01 1.423062280000000079e+01 1.448455219999999954e+01 1.473846990000000012e+01 1.499237650000000066e+01 1.524627249999999989e+01 1.550015810000000016e+01 1.575403400000000076e+01 1.600790050000000164e+01 1.626175810000000155e+01 1.651560720000000160e+01 1.676944830000000053e+01 1.702328179999999946e+01 1.727710799999999836e+01 1.753092759999999828e+01 1.778474080000000157e+01 1.803854809999999986e+01 1.829234990000000138e+01 1.854614670000000132e+01 1.879993890000000079e+01 1.905372690000000091e+01 1.930751109999999926e+01 1.956129190000000051e+01 1.981506979999999984e+01 2.006884510000000077e+01 2.032261829999999847e+01 2.057638980000000117e+01 2.083015990000000173e+01 2.108392920000000004e+01 2.133769799999999961e+01 2.159146670000000157e+01 2.184523569999999992e+01 2.209900539999999936e+01
-1.106305719999999937e+01 -1.080519840000000009e+01 -1.054741590000000073e+01 -1.028970890000000082e+01 -1.003207650000000051e+01 -9.774517720000000409e+00 -9.517031729999999357e+00 -9.259617640000000094e+00 -9.002274560000000037e+00 -8.745001609999999204e+00 -8.487797920000000218e+00 -8.230662620000000373e+00 -7.973594849999999568e+00 -7.716593750000000362e+00 -7.459658469999999930e+00 -7.202788159999999884e+00 -6.945981970000000061e+00 -6.689239070000000176e+00 -6.432558620000000005e+00 -6.175939810000000030e+00 -5.919381800000000027e+00 -5.662883769999999650e+00 -5.406444930000000149e+00 -5.150064460000000288e+00 -4.893741559999999602e+00 -4.637475440000000226e+00 -4.381265299999999918e+00 -4.125110369999999804e+00 -3.869009870000000184e+00 -3.612963029999999964e+00 -3.356969079999999828e+00 -3.101027250000000013e+00 -2.845136800000000132e+00 -2.589296979999999859e+00 -2.333507040000000199e+00 -2.077766249999999815e+00 -1.822073870000000095e+00 -1.566429190000000027e+00 -1.310831470000000110e+00 -1.055280009999999935e+00 -7.997740899999999931e-01 -5.443130179999999818e-01 -2.888960930000000205e-01 -3.352262479999999767e-02 2.218080729999999945e-01 4.770966799999999952e-01 7.323438709999999796e-01 9.875503140000000402e-01 1.242716670000000079e+00 1.497843610000000103e+00
9.556137169999999514e+00 9.810275530000000188e+00 1.006439390000000067e+01 1.031849270000000018e+01 1.057257249999999971e+01 1.082663379999999975e+01 1.108067710000000083e+01 1.133470280000000052e+01 1.158871139999999933e+01 1.184270339999999955e+01 1.209667929999999991e+01 1.235063959999999916e+01 1.260458470000000020e+01 1.285851500000000058e+01 1.311243119999999962e+01 1.336633349999999965e+01 1.362022259999999996e+01 1.387409869999999934e+01 1.412796250000000065e+01 1.438181430000000027e+01 1.463565460000000051e+01 1.488948390000000011e+01 1.514330250000000078e+01 1.539711100000000066e+01 1.565090980000000087e+01 1.590469930000000076e+01 1.615847989999999967e+01 1.641225209999999990e+01 1.666601640000000017e+01 1.691977310000000045e+01 1.717352280000000064e+01 1.742726569999999953e+01 1.768100240000000056e+01 1.793473330000000132e+01 1.818845870000000176e+01 1.844217920000000177e+01 1.869589510000000132e+01 1.894960689999999914e+01 1.920331499999999991e+01 1.945701970000000003e+01 1.971072159999999940e+01 1.996442100000000153e+01 2.021811830000000043e+01 2.047181390000000079e+01 2.072550830000000133e+01 2.097920189999999963e+01 2.123289510000000035e+01 2.148658819999999992e+01 2.174028170000000060e+01 2.199397589999999880e+01
-1.115649379999999979e+01 -1.089873019999999926e+01 -1.064104269999999985e+01 -1.038343039999999995e+01 -1.012589219999999912e+01 -9.868427379999999971e+00 -9.611034990000000278e+00 -9.353714130000000182e+00 -9.096463939999999582e+00 -8.839283529999999445e+00 -8.582172019999999790e+00 -8.325128550000000516e+00 -8.068152239999999864e+00 -7.811242250000000276e+00 -7.554397719999999872e+00 -7.297617790000000326e+00 -7.040901619999999639e+00 -6.784248380000000189e+00 -6.527657229999999977e+00 -6.271127339999999606e+00 -6.014657899999999557e+00 -5.758248090000000374e+00 -5.501897089999999935e+00 -5.245604100000000436e+00 -4.989368319999999635e+00 -4.733188959999999668e+00 -4.477065239999999946e+00 -4.220996360000000003e+00 -3.964981560000000016e+00 -3.709020059999999841e+00 -3.453111100000000100e+00 -3.197253920000000083e+00 -2.941447779999999845e+00 -2.685691920000000010e+00 -2.429985600000000190e+00 -2.174328089999999936e+00 -1.918718659999999909e+00 -1.663156599999999985e+00 -1.407641169999999997e+00 -1.152171679999999920e+00 -8.967474140000000205e-01 -6.413676780000000521e-01 -3.860317770000000204e-01 -1.307390240000000092e-01 1.245112629999999970e-01 3.797197580000000183e-01 6.348871320000000207e-01 8.900140490000000293e-01 1.145101170000000002e+00 1.400149139999999903e+00
9.471437260000000080e+00 9.725509450000000555e+00 9.979561739999999403e+00 1.023359459999999999e+01 1.048760859999999973e+01 1.074160409999999999e+01 1.099558170000000068e+01 1.124954179999999937e+01 1.150348499999999952e+01 1.175741159999999930e+01 1.201132220000000039e+01 1.226521729999999977e+01 1.251909719999999915e+01 1.277296250000000022e+01 1.302681360000000055e+01 1.328065100000000065e+01 1.353447519999999926e+01 1.378828659999999928e+01 1.404208560000000006e+01 1.429587270000000032e+01 1.454964840000000059e+01 1.480341310000000021e+01 1.505716720000000031e+01 1.531091130000000078e+01 1.556464560000000041e+01 1.581837080000000029e+01 1.607208710000000096e+01 1.632579510000000056e+01 1.657949509999999904e+01 1.683318769999999986e+01 1.708687319999999943e+01 1.734055199999999886e+01 1.759422470000000160e+01 1.784789149999999935e+01 1.810155299999999912e+01 1.835520959999999846e+01 1.860886160000000089e+01 1.886250950000000159e+01 1.911615379999999931e+01 1.936979480000000109e+01 1.962343290000000096e+01 1.987706860000000120e+01 2.013070229999999938e+01 2.038433429999999902e+01 2.063796520000000001e+01 2.089159520000000114e+01 2.114522489999999877e+01 2.139885449999999878e+01 2.165248460000000108e+01 2.190611549999999852e+01
-1.123287060000000004e+01 -1.097518469999999979e+01 -1.071757460000000073e+01 -1.046003930000000004e+01 -1.020257800000000081e+01 -9.945189629999999781e+00 -9.687873440000000613e+00 -9.430628499999999192e+00 -9.173453920000000039e+00 -8.916348810000000569e+00 -8.659312310000000679e+00 -8.402343529999999561e+00 -8.145441630000000544e+00 -7.888605730000000094e+00 -7.631834979999999824e+00 -7.375128529999999571e+00 -7.118485540000000000e+00 -6.861905160000000059e+00 -6.605386580000000230e+00 -6.348928950000000349e+00 -6.092531450000000071e+00 -5.836193279999999817e+00 -5.579913630000000069e+00 -5.323691679999999593e+00 -5.067526639999999638e+00 -4.811417719999999676e+00 -4.555364130000000067e+00 -4.299365100000000162e+00 -4.043419840000000320e+00 -3.787527600000000216e+00 -3.531687610000000088e+00 -3.275899110000000114e+00 -3.020161349999999967e+00 -2.764473600000000086e+00 -2.508835110000000146e+00 -2.253245150000000141e+00 -1.997702990000000067e+00 -1.742207929999999960e+00 -1.486759240000000037e+00 -1.231356209999999951e+00 -9.759981540000000066e-01 -7.206843649999999935e-01 -4.654141569999999950e-01 -2.101868450000000110e-01 4.499824680000000243e-02 3.001417909999999911e-01 5.552444549999999701e-01 8.103068970000000260e-01 1.065329769999999954e+00 1.320313730000000074e+00
9.403346920000000608e+00 9.657366279999999747e+00 9.911365820000000326e+00 1.016534599999999955e+01 1.041930739999999922e+01 1.067325040000000058e+01 1.092717550000000060e+01 1.118108319999999978e+01 1.143497400000000042e+01 1.168884839999999947e+01 1.194270670000000045e+01 1.219654960000000088e+01 1.245037740000000070e+01 1.270419060000000044e+01 1.295798970000000061e+01 1.321177510000000055e+01 1.346554730000000077e+01 1.371930680000000002e+01 1.397305399999999942e+01 1.422678920000000069e+01 1.448051309999999958e+01 1.473422610000000077e+01 1.498792850000000065e+01 1.524162079999999975e+01 1.549530350000000034e+01 1.574897690000000061e+01 1.600264160000000047e+01 1.625629800000000103e+01 1.650994650000000163e+01 1.676358749999999986e+01 1.701722150000000156e+01 1.727084879999999956e+01 1.752447000000000088e+01 1.777808539999999837e+01 1.803169550000000143e+01 1.828530059999999935e+01 1.853890129999999914e+01 1.879249790000000075e+01 1.904609080000000176e+01 1.929968039999999974e+01 1.955326730000000168e+01 1.980685169999999928e+01 2.006043409999999838e+01 2.031401490000000010e+01 2.056759459999999962e+01 2.082117350000000044e+01 2.107475200000000015e+01 2.132833049999999986e+01 2.158190949999999830e+01 2.183548929999999899e+01
-1.129212060000000051e+01 -1.103449490000000033e+01 -1.077694469999999960e+01 -1.051946919999999963e+01 -1.026206730000000000e+01 -1.000473820000000025e+01 -9.747481049999999314e+00 -9.490294880000000433e+00 -9.233178829999999948e+00 -8.976132019999999656e+00 -8.719153560000000525e+00 -8.462242599999999726e+00 -8.205398250000000004e+00 -7.948619670000000248e+00 -7.691905990000000415e+00 -7.435256370000000281e+00 -7.178669969999999623e+00 -6.922145930000000114e+00 -6.665683439999999571e+00 -6.409281660000000436e+00 -6.152939779999999637e+00 -5.896656980000000381e+00 -5.640432449999999598e+00 -5.384265390000000373e+00 -5.128154999999999575e+00 -4.872100490000000228e+00 -4.616101070000000028e+00 -4.360155980000000042e+00 -4.104264429999999741e+00 -3.848425660000000192e+00 -3.592638920000000180e+00 -3.336903439999999943e+00 -3.081218479999999982e+00 -2.825583299999999909e+00 -2.569997159999999781e+00 -2.314459330000000037e+00 -2.058969100000000108e+00 -1.803525739999999988e+00 -1.548128549999999937e+00 -1.292776820000000049e+00 -1.037469839999999976e+00 -7.822069409999999889e-01 -5.269874199999999842e-01 -2.718106020000000123e-01 -1.667581090000000085e-02 2.384176209999999962e-01 4.934703570000000261e-01 7.484830529999999538e-01 1.003456359999999936e+00 1.258390930000000019e+00
9.351921880000000797e+00 9.605901629999999969e+00 9.859861600000000337e+00 1.011380229999999969e+01 1.036772419999999961e+01 1.062162780000000062e+01 1.087551350000000028e+01 1.112938190000000027e+01 1.138323339999999995e+01 1.163706840000000042e+01 1.189088759999999922e+01 1.214469120000000046e+01 1.239847980000000049e+01 1.265225389999999983e+01 1.290601389999999959e+01 1.315976019999999913e+01 1.341349330000000073e+01 1.366721369999999958e+01 1.392092189999999974e+01 1.417461819999999939e+01 1.442830310000000082e+01 1.468197699999999983e+01 1.493564049999999988e+01 1.518929379999999973e+01 1.544293760000000049e+01 1.569657220000000031e+01 1.595019800000000032e+01 1.620381550000000104e+01 1.645742509999999825e+01 1.671102720000000019e+01 1.696462239999999966e+01 1.721821089999999899e+01 1.747179320000000047e+01 1.772536979999999929e+01 1.797894110000000012e+01 1.823250739999999936e+01 1.848606930000000048e+01 1.873962709999999987e+01 1.899318129999999982e+01 1.924673220000000029e+01 1.950028030000000001e+01 1.975382600000000011e+01 2.000736970000000170e+01 2.026091179999999881e+01 2.051445280000000082e+01 2.076799300000000059e+01 2.102153279999999924e+01 2.127507269999999906e+01 2.152861300000000000e+01 2.178215420000000080e+01
-1.133419430000000006e+01 -1.107661150000000028e+01 -1.081910399999999939e+01 -1.056167100000000048e+01 -1.030431150000000073e+01 -1.004702460000000031e+01 -9.789809390000000278e+00 -9.532665039999999479e+00 -9.275590640000000775e+00 -9.018585299999999805e+00 -8.761648140000000140e+00 -8.504778290000000851e+00 -8.247974890000000059e+00 -7.991237059999999559e+00 -7.734563969999999955e+00 -7.477954750000000317e+00 -7.221408560000000421e+00 -6.964924569999999981e+00 -6.708501949999999603e+00 -6.452139859999999949e+00 -6.195837499999999665e+00 -5.939594030000000302e+00 -5.683408659999999557e+00 -5.427280589999999627e+00 -5.171209010000000106e+00 -4.915193140000000405e+00 -4.659232199999999935e+00 -4.403325409999999884e+00 -4.147471999999999603e+00 -3.891671200000000219e+00 -3.635922250000000133e+00 -3.380224409999999846e+00 -3.124576929999999919e+00 -2.868979060000000025e+00 -2.613430080000000100e+00 -2.357929250000000199e+00 -2.102475870000000135e+00 -1.847069199999999967e+00 -1.591708550000000111e+00 -1.336393209999999998e+00 -1.081122490000000047e+00 -8.258956899999999601e-01 -5.707121330000000103e-01 -3.155711379999999733e-01 -6.047203460000000197e-02 1.945858440000000078e-01 4.496031580000000027e-01 7.045805619999999658e-01 9.595187050000000273e-01 1.214418229999999932e+00
9.317207070000000257e+00 9.571160300000000731e+00 9.825093790000000382e+00 1.007900799999999997e+01 1.033290350000000046e+01 1.058678060000000087e+01 1.084064000000000050e+01 1.109448199999999929e+01 1.134830720000000071e+01 1.160211589999999937e+01 1.185590879999999991e+01 1.210968609999999934e+01 1.236344850000000051e+01 1.261719629999999981e+01 1.287092999999999954e+01 1.312465010000000021e+01 1.337835710000000056e+01 1.363205130000000054e+01 1.388573320000000066e+01 1.413940329999999967e+01 1.439306209999999986e+01 1.464670989999999939e+01 1.490034720000000057e+01 1.515397439999999918e+01 1.540759199999999929e+01 1.566120040000000024e+01 1.591480010000000078e+01 1.616839149999999847e+01 1.642197499999999977e+01 1.667555099999999868e+01 1.692912009999999867e+01 1.718268249999999853e+01 1.743623870000000053e+01 1.768978919999999988e+01 1.794333440000000124e+01 1.819687469999999863e+01 1.845041039999999910e+01 1.870394220000000018e+01 1.895747019999999949e+01 1.921099510000000166e+01 1.946451709999999835e+01 1.971803669999999897e+01 1.997155439999999871e+01 2.022507050000000106e+01 2.047858540000000005e+01 2.073209950000000035e+01 2.098561330000000069e+01 2.123912719999999865e+01 2.149264150000000129e+01 2.174615670000000023e+01
-1.135906400000000005e+01 -1.110150679999999923e+01 -1.084402490000000086e+01 -1.058661730000000034e+01 -1.032928309999999961e+01 -1.007202149999999996e+01 -9.814831420000000861e+00 -9.557712090000000771e+00 -9.300662600000000779e+00 -9.043682060000000078e+00 -8.786769590000000463e+00 -8.529924319999999227e+00 -8.273145389999999821e+00 -8.016431929999999539e+00 -7.759783089999999994e+00 -7.503198010000000195e+00 -7.246675859999999858e+00 -6.990215799999999646e+00 -6.733817000000000164e+00 -6.477478620000000298e+00 -6.221199859999999582e+00 -5.964979890000000395e+00 -5.708817909999999607e+00 -5.452713120000000302e+00 -5.196664730000000176e+00 -4.940671929999999712e+00 -4.684733959999999975e+00 -4.428850040000000376e+00 -4.173019390000000328e+00 -3.917241259999999947e+00 -3.661514879999999916e+00 -3.405839499999999909e+00 -3.150214379999999981e+00 -2.894638790000000128e+00 -2.639111980000000024e+00 -2.383633230000000047e+00 -2.128201830000000072e+00 -1.872817060000000033e+00 -1.617478219999999967e+00 -1.362184590000000028e+00 -1.106935489999999911e+00 -8.517302350000000022e-01 -5.965681320000000287e-01 -3.414485079999999839e-01 -8.637069310000000666e-02 1.686659769999999947e-01 4.236621629999999805e-01 6.786185150000000332e-01 9.335356820000000333e-01 1.188414300000000035e+00
9.299224419999999824e+00 9.553164179999999561e+00 9.807084209999999302e+00 1.006098500000000051e+01 1.031486699999999956e+01 1.056873080000000087e+01 1.082257670000000083e+01 1.107640529999999934e+01 1.133021710000000049e+01 1.158401250000000005e+01 1.183779189999999915e+01 1.209155589999999947e+01 1.234530490000000036e+01 1.259903940000000055e+01 1.285275979999999940e+01 1.310646649999999980e+01 1.336016009999999987e+01 1.361384100000000075e+01 1.386750959999999999e+01 1.412116639999999990e+01 1.437481179999999981e+01 1.462844630000000024e+01 1.488207019999999936e+01 1.513568420000000003e+01 1.538928849999999926e+01 1.564288359999999933e+01 1.589647000000000077e+01 1.615004800000000174e+01 1.640361820000000037e+01 1.665718090000000018e+01 1.691073659999999990e+01 1.716428570000000065e+01 1.741782870000000116e+01 1.767136590000000140e+01 1.792489769999999893e+01 1.817842470000000077e+01 1.843194719999999975e+01 1.868546560000000056e+01 1.893898039999999838e+01 1.919249190000000027e+01 1.944600060000000141e+01 1.969950700000000055e+01 1.995301130000000001e+01 2.020651409999999970e+01 2.046001569999999958e+01 2.071351650000000078e+01 2.096701709999999963e+01 2.122051760000000087e+01 2.147401869999999846e+01 2.172752059999999830e+01
-1.136671390000000059e+01 -1.110916519999999963e+01 -1.085169179999999933e+01 -1.059429270000000045e+01 -1.033696690000000018e+01 -1.007971359999999983e+01 -9.822531939999999295e+00 -9.565420930000000155e+00 -9.308379710000000529e+00 -9.051407409999999487e+00 -8.794503139999999775e+00 -8.537666030000000461e+00 -8.280895219999999668e+00 -8.024189850000000845e+00 -7.767549060000000338e+00 -7.510971989999999820e+00 -7.254457819999999835e+00 -6.998005690000000278e+00 -6.741614789999999857e+00 -6.485284270000000184e+00 -6.229013329999999904e+00 -5.972801149999999559e+00 -5.716646919999999632e+00 -5.460549839999999655e+00 -5.204509119999999989e+00 -4.948523970000000105e+00 -4.692593600000000365e+00 -4.436717250000000057e+00 -4.180894130000000430e+00 -3.925123489999999826e+00 -3.669404580000000138e+00 -3.413736629999999828e+00 -3.158118909999999779e+00 -2.902550670000000110e+00 -2.647031189999999867e+00 -2.391559749999999873e+00 -2.136135610000000185e+00 -1.880758069999999949e+00 -1.625426419999999927e+00 -1.370139970000000096e+00 -1.114898010000000106e+00 -8.596998609999999541e-01 -6.045448369999999461e-01 -3.494322650000000197e-01 -9.436147290000000687e-02 1.606682030000000094e-01 4.156574199999999997e-01 6.706068320000000416e-01 9.255170839999999899e-01 1.180388819999999894e+00
9.298008089999999726e+00 9.551947370000000603e+00 9.805866910000000658e+00 1.005976719999999958e+01 1.031364879999999928e+01 1.056751200000000068e+01 1.082135749999999952e+01 1.107518559999999930e+01 1.132899689999999993e+01 1.158279180000000075e+01 1.183657069999999933e+01 1.209033419999999914e+01 1.234408269999999952e+01 1.259781669999999920e+01 1.285153659999999931e+01 1.310524290000000036e+01 1.335893599999999992e+01 1.361261640000000028e+01 1.386628450000000079e+01 1.411994080000000018e+01 1.437358569999999958e+01 1.462721969999999949e+01 1.488084319999999927e+01 1.513445660000000004e+01 1.538806040000000053e+01 1.564165500000000009e+01 1.589524089999999923e+01 1.614881850000000085e+01 1.640238820000000075e+01 1.665595039999999827e+01 1.690950559999999925e+01 1.716305420000000126e+01 1.741659669999999949e+01 1.767013329999999982e+01 1.792366469999999978e+01 1.817719119999999933e+01 1.843071319999999957e+01 1.868423110000000165e+01 1.893774529999999956e+01 1.919125640000000033e+01 1.944476459999999918e+01 1.969827039999999840e+01 1.995177430000000030e+01 2.020527650000000008e+01 2.045877760000000123e+01 2.071227800000000130e+01 2.096577800000000025e+01 2.121927799999999920e+01 2.147277860000000160e+01 2.172627999999999915e+01
-1.135714920000000028e+01 -1.109959190000000007e+01 -1.084210990000000052e+01 -1.058470220000000062e+01 -1.032736790000000049e+01 -1.007010610000000028e+01 -9.812915979999999649e+00 -9.555796539999999339e+00 -9.298746930000000077e+00 -9.041766279999999156e+00 -8.784853690000000270e+00 -8.528008299999999764e+00 -8.271229249999999311e+00 -8.014515660000000707e+00 -7.757866690000000176e+00 -7.501281490000000218e+00 -7.244759209999999783e+00 -6.988299020000000361e+00 -6.731900079999999953e+00 -6.475561569999999989e+00 -6.219282670000000124e+00 -5.963062569999999951e+00 -5.706900450000000014e+00 -5.450795509999999844e+00 -5.194746969999999742e+00 -4.938754040000000067e+00 -4.682815920000000354e+00 -4.426931839999999951e+00 -4.171101039999999927e+00 -3.915322760000000013e+00 -3.659596220000000066e+00 -3.403920690000000082e+00 -3.148295409999999794e+00 -2.892719660000000026e+00 -2.637192690000000006e+00 -2.381713780000000114e+00 -2.126282219999999779e+00 -1.870897280000000107e+00 -1.615558260000000024e+00 -1.360264469999999948e+00 -1.105015199999999975e+00 -8.498097629999999958e-01 -5.946474840000000039e-01 -3.395276819999999973e-01 -8.444968660000000404e-02 1.705871660000000123e-01 4.255835359999999845e-01 6.805400750000000221e-01 9.354574310000000059e-01 1.190336239999999934e+00
9.313572620000000413e+00 9.567524410000000756e+00 9.821456449999999450e+00 1.007536920000000080e+01 1.032926319999999976e+01 1.058313899999999919e+01 1.083699690000000082e+01 1.109083739999999985e+01 1.134466109999999972e+01 1.159846839999999979e+01 1.185225980000000057e+01 1.210603569999999962e+01 1.235979659999999924e+01 1.261354290000000056e+01 1.286727519999999991e+01 1.312099390000000021e+01 1.337469929999999962e+01 1.362839209999999923e+01 1.388207249999999959e+01 1.413574120000000001e+01 1.438939839999999926e+01 1.464304480000000019e+01 1.489668059999999983e+01 1.515030630000000045e+01 1.540392250000000018e+01 1.565752939999999960e+01 1.591112760000000037e+01 1.616471749999999830e+01 1.641829949999999982e+01 1.667187410000000014e+01 1.692544159999999920e+01 1.717900249999999929e+01 1.743255729999999915e+01 1.768610629999999873e+01 1.793965000000000032e+01 1.819318870000000032e+01 1.844672299999999865e+01 1.870025319999999880e+01 1.895377979999999951e+01 1.920730319999999836e+01 1.946082369999999884e+01 1.971434179999999969e+01 1.996785789999999849e+01 2.022137250000000108e+01 2.047488590000000030e+01 2.072839850000000084e+01 2.098191080000000142e+01 2.123542309999999844e+01 2.148893590000000131e+01 2.174244960000000049e+01
-1.133039770000000068e+01 -1.107281479999999974e+01 -1.081530719999999945e+01 -1.055787409999999937e+01 -1.030051450000000024e+01 -1.004322750000000042e+01 -9.786012189999999222e+00 -9.528867729999999980e+00 -9.271793199999999402e+00 -9.014787730000000110e+00 -8.757850429999999520e+00 -8.500980430000000254e+00 -8.244176870000000434e+00 -7.987438889999999958e+00 -7.730765619999999672e+00 -7.474156230000000178e+00 -7.217609859999999600e+00 -6.961125680000000315e+00 -6.704702860000000264e+00 -6.448340570000000049e+00 -6.192037990000000214e+00 -5.935794310000000351e+00 -5.679608710000000116e+00 -5.423480409999999807e+00 -5.167408599999999907e+00 -4.911392489999999889e+00 -4.655431300000000050e+00 -4.399524249999999803e+00 -4.143670570000000275e+00 -3.887869499999999867e+00 -3.632120280000000090e+00 -3.376422160000000172e+00 -3.120774379999999848e+00 -2.865176219999999940e+00 -2.609626940000000062e+00 -2.354125810000000207e+00 -2.098672109999999869e+00 -1.843265130000000029e+00 -1.587904149999999959e+00 -1.332588480000000075e+00 -1.077317419999999970e+00 -8.220902799999999511e-01 -5.669063739999999907e-01 -3.117650249999999734e-01 -5.666556069999999917e-02 1.983926850000000131e-01 4.534103709999999787e-01 7.083881530000000204e-01 9.633266799999999908e-01 1.218226589999999998e+00
9.345917679999999450e+00 9.599895000000000067e+00 9.853852540000000104e+00 1.010779080000000008e+01 1.036171030000000037e+01 1.061561140000000059e+01 1.086949470000000062e+01 1.112336059999999982e+01 1.137720969999999987e+01 1.163104230000000072e+01 1.188485900000000051e+01 1.213866020000000034e+01 1.239244629999999958e+01 1.264621789999999990e+01 1.289997550000000004e+01 1.315371930000000056e+01 1.340745000000000076e+01 1.366116799999999998e+01 1.391487359999999995e+01 1.416856740000000059e+01 1.442224990000000062e+01 1.467592130000000061e+01 1.492958229999999986e+01 1.518323320000000010e+01 1.543687450000000005e+01 1.569050660000000086e+01 1.594412990000000008e+01 1.619774490000000000e+01 1.645135199999999998e+01 1.670495169999999874e+01 1.695854429999999979e+01 1.721213029999999833e+01 1.746571020000000019e+01 1.771928420000000060e+01 1.797285300000000063e+01 1.822641690000000025e+01 1.847997619999999941e+01 1.873353150000000156e+01 1.898708309999999955e+01 1.924063149999999922e+01 1.949417710000000170e+01 1.974772030000000100e+01 2.000126140000000063e+01 2.025480100000000050e+01 2.050833940000000055e+01 2.076187709999999953e+01 2.101541440000000094e+01 2.126895169999999879e+01 2.152248949999999894e+01 2.177602819999999895e+01
-1.128649410000000053e+01 -1.102886829999999918e+01 -1.077131800000000084e+01 -1.051384219999999914e+01 -1.025644020000000012e+01 -9.999110939999999559e+00 -9.741853580000000790e+00 -9.484667200000000520e+00 -9.227550940000000423e+00 -8.970503900000000641e+00 -8.713525210000000243e+00 -8.456614000000000075e+00 -8.199769399999999209e+00 -7.942990550000000205e+00 -7.686276590000000297e+00 -7.429626680000000150e+00 -7.173039980000000426e+00 -6.916515630000000137e+00 -6.660052819999999763e+00 -6.403650719999999907e+00 -6.147308490000000347e+00 -5.891025339999999666e+00 -5.634800450000000183e+00 -5.378633019999999654e+00 -5.122522250000000277e+00 -4.866467349999999747e+00 -4.610467540000000142e+00 -4.354522039999999983e+00 -4.098630080000000397e+00 -3.842790889999999848e+00 -3.587003709999999845e+00 -3.331267780000000123e+00 -3.075582369999999788e+00 -2.819946729999999846e+00 -2.564360119999999910e+00 -2.308821809999999974e+00 -2.053331089999999914e+00 -1.797887240000000109e+00 -1.542489540000000048e+00 -1.287137289999999989e+00 -1.031829789999999969e+00 -7.765663539999999587e-01 -5.213462909999999617e-01 -2.661689219999999745e-01 -1.103357219999999937e-02 2.440604269999999965e-01 4.991137390000000007e-01 7.541270209999999530e-01 1.009100920000000068e+00 1.264036090000000057e+00
9.395035719999999202e+00 9.649051670000000414e+00 9.903047790000000461e+00 1.015702459999999974e+01 1.041098249999999936e+01 1.066492210000000007e+01 1.091884379999999943e+01 1.117274809999999974e+01 1.142663540000000033e+01 1.168050629999999934e+01 1.193436119999999967e+01 1.218820069999999944e+01 1.244202499999999922e+01 1.269583480000000009e+01 1.294963040000000021e+01 1.320341239999999949e+01 1.345718109999999967e+01 1.371093710000000065e+01 1.396468080000000000e+01 1.421841260000000062e+01 1.447213299999999947e+01 1.472584250000000061e+01 1.497954140000000045e+01 1.523323019999999950e+01 1.548690940000000005e+01 1.574057939999999967e+01 1.599424059999999947e+01 1.624789349999999999e+01 1.650153849999999878e+01 1.675517599999999874e+01 1.700880640000000099e+01 1.726243029999999834e+01 1.751604790000000023e+01 1.776965979999999945e+01 1.802326629999999952e+01 1.827686800000000034e+01 1.853046510000000069e+01 1.878405809999999931e+01 1.903764749999999850e+01 1.929123360000000176e+01 1.954481690000000071e+01 1.979839780000000005e+01 2.005197659999999971e+01 2.030555389999999960e+01 2.055912999999999968e+01 2.081270530000000107e+01 2.106628020000000134e+01 2.131985519999999923e+01 2.157343059999999824e+01 2.182700679999999949e+01
-1.122549509999999984e+01 -1.096780900000000081e+01 -1.071019860000000001e+01 -1.045266299999999937e+01 -1.019520140000000019e+01 -9.937812779999999790e+00 -9.680496290000000670e+00 -9.423251029999999417e+00 -9.166076110000000554e+00 -8.908970650000000546e+00 -8.651933789999999291e+00 -8.394964639999999534e+00 -8.138062350000000222e+00 -7.881226039999999600e+00 -7.624454870000000106e+00 -7.367747989999999803e+00 -7.111104560000000241e+00 -6.854523730000000370e+00 -6.598004669999999905e+00 -6.341546560000000277e+00 -6.085148570000000312e+00 -5.828809889999999605e+00 -5.572529710000000414e+00 -5.316307229999999606e+00 -5.060141640000000329e+00 -4.804032160000000218e+00 -4.547977999999999632e+00 -4.291978389999999699e+00 -4.036032539999999891e+00 -3.780139689999999941e+00 -3.524299070000000089e+00 -3.268509939999999947e+00 -3.012771540000000137e+00 -2.757083140000000210e+00 -2.501443979999999900e+00 -2.245853340000000031e+00 -1.990310500000000093e+00 -1.734814730000000083e+00 -1.479365330000000034e+00 -1.223961580000000104e+00 -9.686027889999999640e-01 -7.132882539999999549e-01 -4.580172880000000224e-01 -2.027892089999999981e-01 5.239666259999999770e-02 3.075409969999999826e-01 5.626444619999999563e-01 8.177077160000000289e-01 1.072731419999999991e+00 1.327716209999999952e+00
9.460905710000000468e+00 9.714973479999999384e+00 9.969021359999999277e+00 1.022304980000000008e+01 1.047705939999999991e+01 1.073105050000000027e+01 1.098502359999999989e+01 1.123897930000000045e+01 1.149291799999999952e+01 1.174684019999999940e+01 1.200074640000000059e+01 1.225463689999999950e+01 1.250851240000000075e+01 1.276237330000000014e+01 1.301621989999999940e+01 1.327005289999999960e+01 1.352387260000000069e+01 1.377767949999999963e+01 1.403147399999999934e+01 1.428525669999999970e+01 1.453902790000000067e+01 1.479278809999999922e+01 1.504653770000000002e+01 1.530027720000000002e+01 1.555400709999999975e+01 1.580772769999999916e+01 1.606143949999999876e+01 1.631514299999999906e+01 1.656883849999999825e+01 1.682252649999999861e+01 1.707620749999999887e+01 1.732988179999999900e+01 1.758354990000000129e+01 1.783721219999999974e+01 1.809086920000000021e+01 1.834452119999999908e+01 1.859816869999999867e+01 1.885181199999999890e+01 1.910545169999999970e+01 1.935908810000000102e+01 1.961272170000000159e+01 1.986635280000000137e+01 2.011998189999999909e+01 2.037360939999999943e+01 2.062723559999999878e+01 2.088086099999999945e+01 2.113448610000000016e+01 2.138811120000000088e+01 2.164173660000000154e+01 2.189536289999999852e+01
-1.114746599999999965e+01 -1.088970220000000033e+01 -1.063201429999999981e+01 -1.037440160000000056e+01 -1.011686309999999978e+01 -9.859397890000000331e+00 -9.602005090000000465e+00 -9.344683820000000196e+00 -9.087433190000000494e+00 -8.830252310000000548e+00 -8.573140329999999310e+00 -8.316096359999999521e+00 -8.059119539999999304e+00 -7.802209020000000272e+00 -7.545363929999999719e+00 -7.288583440000000024e+00 -7.031866690000000197e+00 -6.775212849999999953e+00 -6.518621079999999957e+00 -6.262090559999999861e+00 -6.005620460000000271e+00 -5.749209979999999831e+00 -5.492858290000000032e+00 -5.236564600000000347e+00 -4.980328110000000308e+00 -4.724148010000000397e+00 -4.468023539999999905e+00 -4.211953890000000200e+00 -3.955938310000000069e+00 -3.699976009999999871e+00 -3.444066240000000167e+00 -3.188208239999999805e+00 -2.932401249999999848e+00 -2.676644519999999972e+00 -2.420937330000000109e+00 -2.165278939999999874e+00 -1.909668600000000049e+00 -1.654105619999999943e+00 -1.398589260000000056e+00 -1.143118819999999980e+00 -8.876935900000000323e-01 -6.323128759999999682e-01 -3.769759819999999872e-01 -1.216822230000000060e-01 1.335690840000000046e-01 3.887786149999999941e-01 6.439470379999999716e-01 8.990750189999999753e-01 1.154163220000000045e+00 1.409212279999999984e+00
9.543485670000000809e+00 9.797618619999999723e+00 1.005173150000000071e+01 1.030582500000000046e+01 1.055989929999999966e+01 1.081395520000000054e+01 1.106799299999999953e+01 1.132201330000000006e+01 1.157601640000000032e+01 1.183000299999999960e+01 1.208397339999999964e+01 1.233792820000000034e+01 1.259186790000000045e+01 1.284579279999999990e+01 1.309970339999999922e+01 1.335360030000000009e+01 1.360748380000000068e+01 1.386135449999999913e+01 1.411521280000000012e+01 1.436905909999999942e+01 1.462289389999999933e+01 1.487671770000000038e+01 1.513053080000000072e+01 1.538433380000000028e+01 1.563812700000000078e+01 1.589191100000000034e+01 1.614568609999999893e+01 1.639945279999999883e+01 1.665321150000000117e+01 1.690696270000000112e+01 1.716070679999999982e+01 1.741444410000000076e+01 1.766817530000000147e+01 1.792190060000000074e+01 1.817562050000000085e+01 1.842933539999999937e+01 1.868304570000000098e+01 1.893675190000000086e+01 1.919045440000000013e+01 1.944415349999999876e+01 1.969784980000000019e+01 1.995154360000000082e+01 2.020523529999999823e+01 2.045892530000000065e+01 2.071261409999999970e+01 2.096630199999999888e+01 2.121998950000000050e+01 2.147367699999999857e+01 2.172736490000000131e+01 2.198105350000000158e+01
-1.105251020000000040e+01 -1.079465090000000060e+01 -1.053686800000000012e+01 -1.027916049999999970e+01 -1.002152749999999948e+01 -9.763968249999999571e+00 -9.506481700000000146e+00 -9.249067030000000855e+00 -8.991723340000000064e+00 -8.734449760000000396e+00 -8.477245429999999971e+00 -8.220109459999999757e+00 -7.963040999999999592e+00 -7.706039190000000261e+00 -7.449103169999999885e+00 -7.192232109999999956e+00 -6.935425150000000372e+00 -6.678681450000000019e+00 -6.422000200000000270e+00 -6.165380540000000131e+00 -5.908821679999999965e+00 -5.652322780000000435e+00 -5.395883050000000125e+00 -5.139501659999999639e+00 -4.883177830000000164e+00 -4.626910760000000344e+00 -4.370699649999999714e+00 -4.114543740000000227e+00 -3.858442230000000084e+00 -3.602394359999999907e+00 -3.346399359999999934e+00 -3.090456479999999839e+00 -2.834564949999999861e+00 -2.578724030000000056e+00 -2.322932970000000097e+00 -2.067191049999999919e+00 -1.811497520000000083e+00 -1.555851660000000081e+00 -1.300252760000000007e+00 -1.044700090000000081e+00 -7.891929509999999759e-01 -5.337306410000000056e-01 -2.783124610000000110e-01 -2.293772109999999906e-02 2.323942659999999882e-01 4.876841780000000237e-01 7.429326910000000339e-01 9.981404729999999725e-01 1.253308190000000044e+00 1.508436490000000019e+00
9.642719010000000424e+00 9.896930629999999951e+00 1.015112210000000026e+01 1.040529390000000021e+01 1.065944649999999960e+01 1.091358050000000013e+01 1.116769619999999996e+01 1.142179430000000018e+01 1.167587520000000012e+01 1.192993940000000030e+01 1.218398730000000008e+01 1.243801939999999995e+01 1.269203629999999983e+01 1.294603829999999967e+01 1.320002599999999937e+01 1.345399980000000006e+01 1.370796020000000048e+01 1.396190759999999997e+01 1.421584250000000083e+01 1.446976530000000061e+01 1.472367659999999923e+01 1.497757670000000019e+01 1.523146610000000045e+01 1.548534530000000053e+01 1.573921469999999978e+01 1.599307469999999931e+01 1.624692569999999847e+01 1.650076830000000072e+01 1.675460289999999830e+01 1.700842979999999827e+01 1.726224949999999936e+01 1.751606250000000031e+01 1.776986919999999870e+01 1.802366999999999919e+01 1.827746529999999936e+01 1.853125550000000032e+01 1.878504110000000082e+01 1.903882249999999843e+01 1.929260019999999898e+01 1.954637440000000126e+01 1.980014570000000163e+01 2.005391440000000003e+01 2.030768099999999876e+01 2.056144589999999894e+01 2.081520950000000170e+01 2.106897209999999987e+01 2.132273430000000047e+01 2.157649639999999991e+01 2.183025879999999930e+01 2.208402189999999976e+01
-1.094073739999999972e+01 -1.068276479999999928e+01 -1.042486899999999928e+01 -1.016704900000000045e+01 -9.909303859999999631e+00 -9.651632779999999912e+00 -9.394034839999999775e+00 -9.136509159999999241e+00 -8.879054860000000104e+00 -8.621671060000000608e+00 -8.364356900000000650e+00 -8.107111520000000127e+00 -7.849934039999999946e+00 -7.592823619999999885e+00 -7.335779399999999839e+00 -7.078800539999999586e+00 -6.821886189999999850e+00 -6.565035530000000286e+00 -6.308247709999999842e+00 -6.051521909999999949e+00 -5.794857310000000261e+00 -5.538253090000000434e+00 -5.281708449999999999e+00 -5.025222559999999561e+00 -4.768794650000000246e+00 -4.512423899999999932e+00 -4.256109539999999747e+00 -3.999850770000000111e+00 -3.743646809999999991e+00 -3.487496900000000011e+00 -3.231400269999999963e+00 -2.975356150000000088e+00 -2.719363780000000119e+00 -2.463422420000000113e+00 -2.207531320000000186e+00 -1.951689749999999890e+00 -1.695896950000000070e+00 -1.440152220000000094e+00 -1.184454820000000019e+00 -9.288040309999999744e-01 -6.731991499999999684e-01 -4.176394669999999865e-01 -1.621242820000000084e-01 9.334710100000000177e-02 3.487753719999999724e-01 6.041612140000000020e-01 8.595053070000000517e-01 1.114808320000000075e+00 1.370070930000000020e+00 1.625293789999999960e+00
9.758555039999999181e+00 1.001285900000000062e+01 1.026714270000000084e+01 1.052140640000000005e+01 1.077565079999999931e+01 1.102987639999999914e+01 1.128408360000000066e+01 1.153827290000000083e+01 1.179244489999999956e+01 1.204659999999999975e+01 1.230073860000000074e+01 1.255486140000000006e+01 1.280896860000000004e+01 1.306306099999999937e+01 1.331713880000000039e+01 1.357120259999999945e+01 1.382525279999999945e+01 1.407928989999999914e+01 1.433331440000000079e+01 1.458732670000000020e+01 1.484132729999999967e+01 1.509531669999999970e+01 1.534929520000000025e+01 1.560326330000000006e+01 1.585722149999999964e+01 1.611117030000000128e+01 1.636511000000000138e+01 1.661904110000000045e+01 1.687296399999999963e+01 1.712687929999999881e+01 1.738078720000000033e+01 1.763468830000000054e+01 1.788858300000000057e+01 1.814247170000000153e+01 1.839635480000000101e+01 1.865023280000000128e+01 1.890410599999999874e+01 1.915797489999999925e+01 1.941184000000000154e+01 1.966570159999999845e+01 1.991956010000000177e+01 2.017341599999999957e+01 2.042726970000000009e+01 2.068112160000000088e+01 2.093497209999999953e+01 2.118882149999999953e+01 2.144267040000000080e+01 2.169651920000000089e+01 2.195036809999999861e+01 2.220421770000000095e+01
-1.081223959999999984e+01 -1.055413599999999974e+01 -1.029610959999999942e+01 -1.003815930000000023e+01 -9.780284449999999907e+00 -9.522483989999999565e+00 -9.264757089999999806e+00 -9.007102859999999822e+00 -8.749520450000000338e+00 -8.492008970000000545e+00 -8.234567549999999514e+00 -7.977195349999999685e+00 -7.719891500000000129e+00 -7.462655139999999854e+00 -7.205485430000000413e+00 -6.948381529999999806e+00 -6.691342589999999646e+00 -6.434367789999999587e+00 -6.177456280000000355e+00 -5.920607239999999827e+00 -5.663819860000000261e+00 -5.407093320000000425e+00 -5.150426809999999911e+00 -4.893819520000000090e+00 -4.637270649999999605e+00 -4.380779409999999707e+00 -4.124344999999999928e+00 -3.867966640000000123e+00 -3.611643560000000086e+00 -3.355374970000000179e+00 -3.099160110000000135e+00 -2.842998210000000192e+00 -2.586888520000000025e+00 -2.330830279999999810e+00 -2.074822750000000049e+00 -1.818865170000000031e+00 -1.562956819999999913e+00 -1.307096959999999974e+00 -1.051284869999999927e+00 -7.955198289999999561e-01 -5.398011150000000535e-01 -2.841280219999999801e-01 -2.849984519999999855e-02 2.270841150000000030e-01 4.826245510000000127e-01 7.381221519999999758e-01 9.935776010000000324e-01 1.248991579999999990e+00 1.504364749999999917e+00 1.759697789999999928e+00
9.890839460000000471e+00 1.014524980000000021e+01 1.039963949999999926e+01 1.065400909999999968e+01 1.090835910000000020e+01 1.116268999999999956e+01 1.141700239999999944e+01 1.167129659999999980e+01 1.192557320000000054e+01 1.217983279999999979e+01 1.243407569999999929e+01 1.268830250000000071e+01 1.294251359999999984e+01 1.319670960000000015e+01 1.345089089999999921e+01 1.370505799999999930e+01 1.395921129999999977e+01 1.421335129999999936e+01 1.446747859999999974e+01 1.472159339999999972e+01 1.497569640000000035e+01 1.522978799999999922e+01 1.548386849999999981e+01 1.573793859999999967e+01 1.599199849999999934e+01 1.624604880000000051e+01 1.650009000000000015e+01 1.675412239999999997e+01 1.700814649999999872e+01 1.726216270000000108e+01 1.751617149999999867e+01 1.777017329999999973e+01 1.802416859999999943e+01 1.827815770000000128e+01 1.853214110000000048e+01 1.878611929999999930e+01 1.904009260000000126e+01 1.929406140000000036e+01 1.954802630000000008e+01 1.980198760000000036e+01 2.005594569999999877e+01 2.030990099999999998e+01 2.056385399999999919e+01 2.081780510000000106e+01 2.107175459999999845e+01 2.132570309999999836e+01 2.157965090000000075e+01 2.183359829999999846e+01 2.208754589999999851e+01 2.234149400000000085e+01
-1.066716289999999923e+01 -1.040891060000000046e+01 -1.015073579999999964e+01 -9.892637660000000110e+00 -9.634615269999999398e+00 -9.376667749999999302e+00 -9.118794219999999839e+00 -8.860993819999999133e+00 -8.603265670000000753e+00 -8.345608920000000097e+00 -8.088022690000000736e+00 -7.830506139999999782e+00 -7.573058399999999857e+00 -7.315678639999999788e+00 -7.058365990000000423e+00 -6.801119639999999578e+00 -6.543938719999999876e+00 -6.286822429999999962e+00 -6.029769909999999733e+00 -5.772780370000000438e+00 -5.515852960000000138e+00 -5.258986890000000081e+00 -5.002181339999999921e+00 -4.745435510000000079e+00 -4.488748590000000149e+00 -4.232119800000000431e+00 -3.975548340000000014e+00 -3.719033430000000084e+00 -3.462574290000000055e+00 -3.206170139999999780e+00 -2.949820209999999943e+00 -2.693523739999999833e+00 -2.437279960000000134e+00 -2.181088130000000014e+00 -1.924947500000000034e+00 -1.668857309999999927e+00 -1.412816829999999912e+00 -1.156825329999999985e+00 -9.008820829999999447e-01 -6.449863559999999829e-01 -3.891374349999999760e-01 -1.333346069999999939e-01 1.224228359999999932e-01 3.781355960000000183e-01 6.338043709999999775e-01 8.894298520000000208e-01 1.145012729999999923e+00 1.400553680000000023e+00 1.656053379999999908e+00 1.911512510000000109e+00
1.003951930000000026e+01 1.029405000000000037e+01 1.054855990000000077e+01 1.080304929999999963e+01 1.105751880000000043e+01 1.131196899999999950e+01 1.156640029999999975e+01 1.182081319999999991e+01 1.207520820000000050e+01 1.232958589999999965e+01 1.258394670000000026e+01 1.283829109999999929e+01 1.309261960000000080e+01 1.334693269999999998e+01 1.360123079999999973e+01 1.385551449999999996e+01 1.410978420000000000e+01 1.436404040000000037e+01 1.461828350000000043e+01 1.487251410000000007e+01 1.512673260000000042e+01 1.538093940000000082e+01 1.563513500000000001e+01 1.588931990000000027e+01 1.614349449999999919e+01 1.639765930000000083e+01 1.665181469999999919e+01 1.690596109999999896e+01 1.716009910000000005e+01 1.741422899999999885e+01 1.766835130000000120e+01 1.792246640000000113e+01 1.817657480000000092e+01 1.843067690000000169e+01 1.868477310000000102e+01 1.893886390000000119e+01 1.919294959999999861e+01 1.944703080000000028e+01 1.970110779999999906e+01 1.995518099999999961e+01 2.020925099999999830e+01 2.046331800000000101e+01 2.071738249999999937e+01 2.097144499999999923e+01 2.122550569999999936e+01 2.147956530000000086e+01 2.173362399999999894e+01 2.198768219999999829e+01 2.224174049999999880e+01 2.249579909999999927e+01
-1.050476019999999977e+01 -1.024634080000000047e+01 -9.987999340000000004e+00 -9.729734949999999216e+00 -9.471546760000000731e+00 -9.213433880000000187e+00 -8.955395469999999136e+00 -8.697430640000000324e+00 -8.439538530000000094e+00 -8.181718299999999999e+00 -7.923969079999999998e+00 -7.666290019999999927e+00 -7.408680279999999563e+00 -7.151139009999999629e+00 -6.893665369999999903e+00 -6.636258530000000100e+00 -6.378917659999999934e+00 -6.121641920000000070e+00 -5.864430490000000162e+00 -5.607282549999999866e+00 -5.350197289999999661e+00 -5.093173900000000032e+00 -4.836211569999999682e+00 -4.579309499999999922e+00 -4.322466880000000344e+00 -4.065682940000000301e+00 -3.808956869999999828e+00 -3.552287890000000115e+00 -3.295675230000000067e+00 -3.039118109999999984e+00 -2.782615760000000105e+00 -2.526167420000000163e+00 -2.269772319999999954e+00 -2.013429710000000039e+00 -1.757138850000000030e+00 -1.500898969999999943e+00 -1.244709349999999937e+00 -9.885692529999999811e-01 -7.324779390000000223e-01 -4.764346859999999961e-01 -2.204387750000000035e-01 3.551051090000000021e-02 2.914138820000000130e-01 5.472720439999999575e-01 8.030856979999999590e-01 1.058855539999999928e+00 1.314582259999999891e+00 1.570266539999999988e+00 1.825909060000000084e+00 2.081510510000000203e+00
1.020442820000000061e+01 1.045909379999999977e+01 1.071373810000000049e+01 1.096836159999999971e+01 1.122296489999999913e+01 1.147754849999999927e+01 1.173211279999999945e+01 1.198665850000000077e+01 1.224118589999999962e+01 1.249569570000000063e+01 1.275018820000000019e+01 1.300466409999999939e+01 1.325912369999999996e+01 1.351356760000000001e+01 1.376799630000000008e+01 1.402241019999999949e+01 1.427680989999999994e+01 1.453119580000000077e+01 1.478556829999999955e+01 1.503992799999999974e+01 1.529427530000000068e+01 1.554861069999999934e+01 1.580293469999999978e+01 1.605724760000000018e+01 1.631155000000000044e+01 1.656584240000000108e+01 1.682012509999999850e+01 1.707439859999999854e+01 1.732866339999999994e+01 1.758292000000000144e+01 1.783716869999999943e+01 1.809140999999999977e+01 1.834564430000000002e+01 1.859987209999999891e+01 1.885409389999999874e+01 1.910830989999999829e+01 1.936252079999999864e+01 1.961672689999999974e+01 1.987092859999999916e+01 2.012512630000000158e+01 2.037932059999999979e+01 2.063351169999999968e+01 2.088770020000000116e+01 2.114188640000000063e+01 2.139607080000000039e+01 2.165025370000000038e+01 2.190443570000000051e+01 2.215861699999999956e+01 2.241279820000000100e+01 2.266697950000000006e+01
-1.032559299999999958e+01 -1.006698950000000004e+01 -9.808464389999999256e+00 -9.550016749999999277e+00 -9.291645739999999876e+00 -9.033350490000000121e+00 -8.775130139999999912e+00 -8.516983850000000800e+00 -8.258910750000000078e+00 -8.000909999999999300e+00 -7.742980750000000079e+00 -7.485122160000000413e+00 -7.227333370000000201e+00 -6.969613569999999925e+00 -6.711961910000000309e+00 -6.454377570000000119e+00 -6.196859710000000021e+00 -5.939407519999999607e+00 -5.682020180000000309e+00 -5.424696870000000004e+00 -5.167436780000000063e+00 -4.910239110000000018e+00 -4.653103050000000351e+00 -4.396027799999999708e+00 -4.139012570000000224e+00 -3.882056560000000101e+00 -3.625159000000000020e+00 -3.368319099999999899e+00 -3.111536089999999977e+00 -2.854809180000000168e+00 -2.598137610000000208e+00 -2.341520630000000214e+00 -2.084957450000000101e+00 -1.828447350000000027e+00 -1.571989550000000069e+00 -1.315583320000000001e+00 -1.059227920000000100e+00 -8.029226059999999832e-01 -5.466666500000000317e-01 -2.904593240000000187e-01 -3.429990699999999754e-02 2.218123200000000073e-01 4.778780679999999892e-01 7.338980459999999706e-01 9.898729579999999695e-01 1.245803500000000064e+00 1.501690369999999941e+00 1.757534249999999965e+00 2.013335829999999937e+00 2.269095790000000168e+00
1.216983970000000070e+01 1.242429100000000020e+01 1.267872520000000058e+01 1.293314269999999944e+01 1.318754419999999961e+01 1.344192999999999927e+01 1.369630060000000071e+01 1.395065660000000030e+01 1.420499839999999914e+01 1.445932649999999953e+01 1.471364130000000081e+01 1.496794339999999934e+01 1.522223310000000041e+01 1.547651100000000035e+01 1.573077750000000030e+01 1.598503310000000077e+01 1.623927809999999994e+01 1.649351319999999888e+01 1.674773869999999931e+01 1.700195509999999999e+01 1.725616279999999847e+01 1.751036230000000060e+01 1.776455389999999923e+01 1.801873829999999899e+01 1.827291569999999865e+01 1.852708660000000052e+01 1.878125149999999977e+01 1.903541080000000107e+01 1.928956480000000084e+01 1.954371420000000015e+01 1.979785920000000132e+01 2.005200029999999956e+01 2.030613789999999952e+01 2.056027249999999995e+01 2.081440440000000081e+01 2.106853410000000082e+01 2.132266189999999995e+01 2.157678840000000164e+01 2.183091389999999876e+01 2.208503879999999953e+01 2.233916359999999912e+01 2.259328860000000105e+01 2.284741430000000051e+01 2.310154109999999861e+01 2.335566929999999886e+01 2.360979939999999999e+01 2.386393179999999958e+01 2.411806689999999875e+01 2.437220500000000101e+01 2.462634669999999915e+01
-1.237883650000000024e+01 -1.211970990000000015e+01 -1.186066800000000043e+01 -1.160171010000000003e+01 -1.134283519999999967e+01 -1.108404250000000069e+01 -1.082533109999999965e+01 -1.056670000000000087e+01 -1.030814849999999971e+01 -1.004967560000000049e+01 -9.791280549999999749e+00 -9.532962339999999202e+00 -9.274720170000000152e+00 -9.016553160000000844e+00 -8.758460460000000225e+00 -8.500441209999999970e+00 -8.242494560000000803e+00 -7.984619640000000018e+00 -7.726815619999999996e+00 -7.469081649999999684e+00 -7.211416889999999746e+00 -6.953820499999999960e+00 -6.696291640000000100e+00 -6.438829489999999822e+00 -6.181433219999999729e+00 -5.924102010000000362e+00 -5.666835039999999601e+00 -5.409631489999999765e+00 -5.152490560000000386e+00 -4.895411430000000230e+00 -4.638393319999999598e+00 -4.381435409999999919e+00 -4.124536919999999718e+00 -3.867697049999999859e+00 -3.610915030000000137e+00 -3.354190070000000023e+00 -3.097521400000000202e+00 -2.840908240000000085e+00 -2.584349829999999848e+00 -2.327845410000000115e+00 -2.071394220000000175e+00 -1.814995509999999923e+00 -1.558648529999999921e+00 -1.302352530000000064e+00 -1.046106790000000064e+00 -7.899105629999999545e-01 -5.337631229999999505e-01 -2.776637470000000163e-01 -2.161171580000000036e-02 2.343936839999999910e-01
1.201368590000000047e+01 1.226801249999999932e+01 1.252232240000000019e+01 1.277661600000000064e+01 1.303089379999999942e+01 1.328515619999999942e+01 1.353940380000000054e+01 1.379363709999999976e+01 1.404785640000000058e+01 1.430206229999999934e+01 1.455625530000000012e+01 1.481043580000000048e+01 1.506460419999999978e+01 1.531876109999999969e+01 1.557290680000000016e+01 1.582704189999999933e+01 1.608116679999999832e+01 1.633528189999999825e+01 1.658938769999999963e+01 1.684348460000000003e+01 1.709757310000000174e+01 1.735165369999999996e+01 1.760572660000000056e+01 1.785979250000000107e+01 1.811385160000000027e+01 1.836790459999999925e+01 1.862195170000000033e+01 1.887599339999999870e+01 1.913003009999999904e+01 1.938406230000000008e+01 1.963809039999999939e+01 1.989211480000000165e+01 2.014613590000000087e+01 2.040015419999999935e+01 2.065417000000000058e+01 2.090818379999999976e+01 2.116219590000000039e+01 2.141620689999999883e+01 2.167021700000000095e+01 2.192422679999999957e+01 2.217823660000000174e+01 2.243224680000000149e+01 2.268625779999999992e+01 2.294027009999999933e+01 2.319428399999999968e+01 2.344829999999999970e+01 2.370231830000000173e+01 2.395633949999999857e+01 2.421036399999999844e+01 2.446439200000000014e+01
-1.254832189999999947e+01 -1.228937550000000023e+01 -1.203051340000000025e+01 -1.177173499999999962e+01 -1.151303930000000086e+01 -1.125442540000000058e+01 -1.099589229999999951e+01 -1.073743930000000013e+01 -1.047906530000000025e+01 -1.022076960000000057e+01 -9.962551290000000392e+00 -9.704409399999999408e+00 -9.446343099999999993e+00 -9.188351510000000388e+00 -8.930433770000000493e+00 -8.672589009999999377e+00 -8.414816359999999662e+00 -8.157114959999999471e+00 -7.899483970000000355e+00 -7.641922519999999608e+00 -7.384429769999999671e+00 -7.127004870000000381e+00 -6.869646989999999676e+00 -6.612355280000000057e+00 -6.355128920000000292e+00 -6.097967080000000095e+00 -5.840868930000000070e+00 -5.583833649999999871e+00 -5.326860439999999919e+00 -5.069948469999999929e+00 -4.813096950000000263e+00 -4.556305079999999563e+00 -4.299572050000000090e+00 -4.042897070000000426e+00 -3.786279369999999922e+00 -3.529718149999999888e+00 -3.273212630000000178e+00 -3.016762060000000023e+00 -2.760365649999999782e+00 -2.504022659999999956e+00 -2.247732309999999956e+00 -1.991493849999999899e+00 -1.735306550000000003e+00 -1.479169650000000003e+00 -1.223082419999999892e+00 -9.670441250000000322e-01 -7.110540410000000255e-01 -4.551114430000000044e-01 -1.992156150000000125e-01 5.663415470000000146e-02
1.187350840000000041e+01 1.212772400000000061e+01 1.238192309999999985e+01 1.263610609999999923e+01 1.289027349999999927e+01 1.314442589999999988e+01 1.339856370000000041e+01 1.365268739999999958e+01 1.390679740000000031e+01 1.416089419999999954e+01 1.441497820000000019e+01 1.466905009999999976e+01 1.492310999999999943e+01 1.517715869999999967e+01 1.543119639999999926e+01 1.568522369999999988e+01 1.593924100000000088e+01 1.619324870000000161e+01 1.644724730000000079e+01 1.670123720000000134e+01 1.695521889999999843e+01 1.720919280000000029e+01 1.746315930000000094e+01 1.771711900000000028e+01 1.797107210000000066e+01 1.822501910000000080e+01 1.847896049999999946e+01 1.873289670000000129e+01 1.898682810000000032e+01 1.924075519999999884e+01 1.949467819999999918e+01 1.974859779999999887e+01 2.000251420000000024e+01 2.025642799999999966e+01 2.051033939999999944e+01 2.076424899999999951e+01 2.101815709999999982e+01 2.127206419999999909e+01 2.152597060000000084e+01 2.177987680000000026e+01 2.203378319999999846e+01 2.228769009999999895e+01 2.254159800000000047e+01 2.279550719999999941e+01 2.304941829999999925e+01 2.330333149999999875e+01 2.355724719999999905e+01 2.381116600000000005e+01 2.406508810000000054e+01 2.431901390000000163e+01
-1.270060950000000055e+01 -1.244182460000000034e+01 -1.218312369999999945e+01 -1.192450610000000033e+01 -1.166597089999999959e+01 -1.140751700000000035e+01 -1.114914360000000038e+01 -1.089084979999999980e+01 -1.063263479999999994e+01 -1.037449750000000037e+01 -1.011643720000000002e+01 -9.858452850000000822e+00 -9.600543699999999347e+00 -9.342708820000000358e+00 -9.084947330000000321e+00 -8.827258349999999254e+00 -8.569641029999999660e+00 -8.312094489999999780e+00 -8.054617880000000341e+00 -7.797210330000000411e+00 -7.539870989999999829e+00 -7.282599020000000145e+00 -7.025393560000000370e+00 -6.768253780000000219e+00 -6.511178850000000295e+00 -6.254167930000000375e+00 -5.997220190000000173e+00 -5.740334810000000232e+00 -5.483510980000000146e+00 -5.226747879999999569e+00 -4.970044709999999810e+00 -4.713400659999999576e+00 -4.456814940000000114e+00 -4.200286740000000130e+00 -3.943815289999999862e+00 -3.687399810000000056e+00 -3.431039499999999798e+00 -3.174733610000000095e+00 -2.918481359999999913e+00 -2.662281989999999876e+00 -2.406134750000000100e+00 -2.150038879999999875e+00 -1.893993639999999923e+00 -1.637998279999999918e+00 -1.382052080000000016e+00 -1.126154289999999891e+00 -8.703041990000000006e-01 -6.145010819999999763e-01 -3.587442250000000277e-01 -1.030329190000000006e-01
1.174816219999999944e+01 1.200228010000000012e+01 1.225638179999999977e+01 1.251046760000000013e+01 1.276453809999999933e+01 1.301859360000000088e+01 1.327263469999999934e+01 1.352666190000000057e+01 1.378067560000000036e+01 1.403467619999999982e+01 1.428866430000000065e+01 1.454264019999999924e+01 1.479660450000000083e+01 1.505055759999999943e+01 1.530449989999999971e+01 1.555843190000000043e+01 1.581235410000000030e+01 1.606626680000000107e+01 1.632017060000000086e+01 1.657406579999999963e+01 1.682795289999999966e+01 1.708183229999999853e+01 1.733570449999999852e+01 1.758956990000000076e+01 1.784342889999999926e+01 1.809728199999999987e+01 1.835112960000000015e+01 1.860497200000000007e+01 1.885880979999999951e+01 1.911264329999999845e+01 1.936647299999999916e+01 1.962029929999999922e+01 1.987412249999999858e+01 2.012794320000000070e+01 2.038176169999999843e+01 2.063557839999999999e+01 2.088939380000000057e+01 2.114320820000000012e+01 2.139702210000000093e+01 2.165083579999999941e+01 2.190464980000000139e+01 2.215846450000000090e+01 2.241228020000000143e+01 2.266609740000000173e+01 2.291991649999999936e+01 2.317373789999999900e+01 2.342756190000000061e+01 2.368138899999999936e+01 2.393521949999999876e+01 2.418905390000000111e+01
-1.283620789999999978e+01 -1.257756640000000026e+01 -1.231900880000000065e+01 -1.206053400000000053e+01 -1.180214110000000005e+01 -1.154382930000000052e+01 -1.128559749999999973e+01 -1.102744500000000016e+01 -1.076937080000000080e+01 -1.051137400000000000e+01 -1.025345380000000084e+01 -9.995609079999999480e+00 -9.737839140000000171e+00 -9.480143039999999743e+00 -9.222519899999999993e+00 -8.964968830000000111e+00 -8.707488969999999995e+00 -8.450079450000000492e+00 -8.192739389999999844e+00 -7.935467949999999604e+00 -7.678264249999999791e+00 -7.421127460000000120e+00 -7.164056709999999661e+00 -6.907051169999999907e+00 -6.650109999999999744e+00 -6.393232369999999776e+00 -6.136417449999999718e+00 -5.879664400000000235e+00 -5.622972429999999910e+00 -5.366340700000000297e+00 -5.109768419999999978e+00 -4.853254770000000384e+00 -4.596798970000000040e+00 -4.340400210000000314e+00 -4.084057709999999730e+00 -3.827770689999999920e+00 -3.571538369999999851e+00 -3.315359980000000206e+00 -3.059234759999999831e+00 -2.803161929999999913e+00 -2.547140750000000065e+00 -2.291170469999999959e+00 -2.035250340000000158e+00 -1.779379629999999990e+00 -1.523557599999999956e+00 -1.267783520000000053e+00 -1.012056660000000052e+00 -7.563763270000000150e-01 -5.007417920000000189e-01 -2.451523539999999890e-01
1.163908430000000038e+01 1.189311810000000058e+01 1.214713569999999976e+01 1.240113760000000021e+01 1.265512419999999949e+01 1.290909609999999930e+01 1.316305359999999958e+01 1.341699739999999963e+01 1.367092770000000002e+01 1.392484520000000003e+01 1.417875019999999964e+01 1.443264319999999934e+01 1.468652460000000026e+01 1.494039489999999937e+01 1.519425460000000072e+01 1.544810410000000012e+01 1.570194380000000045e+01 1.595577409999999929e+01 1.620959560000000010e+01 1.646340860000000106e+01 1.671721369999999851e+01 1.697101109999999835e+01 1.722480140000000048e+01 1.747858499999999893e+01 1.773236229999999836e+01 1.798613369999999989e+01 1.823989960000000110e+01 1.849366059999999834e+01 1.874741690000000105e+01 1.900116909999999848e+01 1.925491750000000124e+01 1.950866260000000096e+01 1.976240479999999877e+01 2.001614440000000172e+01 2.026988190000000145e+01 2.052361769999999908e+01 2.077735230000000044e+01 2.103108599999999839e+01 2.128481920000000116e+01 2.153855229999999921e+01 2.179228579999999837e+01 2.204601999999999862e+01 2.229975539999999867e+01 2.255349229999999849e+01 2.280723109999999920e+01 2.306097229999999954e+01 2.331471630000000062e+01 2.356846330000000123e+01 2.382221390000000127e+01 2.407596849999999833e+01
-1.295497439999999933e+01 -1.269645850000000031e+01 -1.243802600000000069e+01 -1.217967610000000001e+01 -1.192140780000000078e+01 -1.166322010000000020e+01 -1.140511219999999959e+01 -1.114708309999999969e+01 -1.088913190000000064e+01 -1.063125780000000020e+01 -1.037345979999999912e+01 -1.011573699999999931e+01 -9.858088529999999849e+00 -9.600513499999999922e+00 -9.343011020000000499e+00 -9.085580209999999823e+00 -8.828220189999999690e+00 -8.570930089999999169e+00 -8.313709030000000055e+00 -8.056556150000000471e+00 -7.799470590000000314e+00 -7.542451510000000248e+00 -7.285498040000000231e+00 -7.028609340000000039e+00 -6.771784570000000336e+00 -6.515022899999999950e+00 -6.258323500000000372e+00 -6.001685550000000369e+00 -5.745108209999999715e+00 -5.488590689999999661e+00 -5.232132159999999921e+00 -4.975731839999999906e+00 -4.719388910000000159e+00 -4.463102590000000092e+00 -4.206872090000000064e+00 -3.950696629999999931e+00 -3.694575429999999994e+00 -3.438507729999999984e+00 -3.182492750000000203e+00 -2.926529739999999880e+00 -2.670617959999999957e+00 -2.414756639999999788e+00 -2.158945049999999810e+00 -1.903182450000000081e+00 -1.647468109999999930e+00 -1.391801309999999958e+00 -1.136181319999999939e+00 -8.806074409999999908e-01 -6.250789570000000461e-01 -3.695951679999999739e-01
1.154644440000000039e+01 1.180040720000000043e+01 1.205435390000000062e+01 1.230828499999999970e+01 1.256220099999999995e+01 1.281610230000000072e+01 1.306998929999999959e+01 1.332386260000000000e+01 1.357772270000000070e+01 1.383156980000000047e+01 1.408540460000000039e+01 1.433922749999999979e+01 1.459303889999999981e+01 1.484683919999999979e+01 1.510062899999999964e+01 1.535440859999999930e+01 1.560817849999999929e+01 1.586193920000000013e+01 1.611569100000000176e+01 1.636943450000000055e+01 1.662316990000000061e+01 1.687689789999999945e+01 1.713061869999999942e+01 1.738433290000000042e+01 1.763804090000000002e+01 1.789174309999999934e+01 1.814543979999999834e+01 1.839913160000000047e+01 1.865281879999999859e+01 1.890650189999999853e+01 1.916018130000000141e+01 1.941385749999999888e+01 1.966753070000000037e+01 1.992120140000000106e+01 2.017487020000000086e+01 2.042853720000000095e+01 2.068220300000000123e+01 2.093586810000000042e+01 2.118953259999999972e+01 2.144319720000000018e+01 2.169686220000000176e+01 2.195052790000000087e+01 2.220419490000000096e+01 2.245786340000000081e+01 2.271153400000000033e+01 2.296520689999999831e+01 2.321888260000000059e+01 2.347256159999999880e+01 2.372624409999999884e+01 2.397993049999999826e+01
-1.305681700000000056e+01 -1.279840850000000074e+01 -1.254008310000000037e+01 -1.228184000000000076e+01 -1.202367800000000031e+01 -1.176559649999999912e+01 -1.150759429999999917e+01 -1.124967059999999996e+01 -1.099182459999999928e+01 -1.073405520000000024e+01 -1.047636149999999944e+01 -1.021874269999999996e+01 -9.961197909999999212e+00 -9.703726160000000434e+00 -9.446326589999999968e+00 -9.188998310000000558e+00 -8.931740449999999498e+00 -8.674552130000000361e+00 -8.417432469999999611e+00 -8.160380610000000701e+00 -7.903395689999999973e+00 -7.646476859999999931e+00 -7.389623249999999643e+00 -7.132834029999999714e+00 -6.876108349999999980e+00 -6.619445370000000217e+00 -6.362844280000000019e+00 -6.106304240000000050e+00 -5.849824429999999964e+00 -5.593404040000000244e+00 -5.337042259999999594e+00 -5.080738290000000212e+00 -4.824491329999999856e+00 -4.568300589999999772e+00 -4.312165290000000262e+00 -4.056084639999999908e+00 -3.800057869999999838e+00 -3.544084219999999785e+00 -3.288162919999999989e+00 -3.032293210000000183e+00 -2.776474340000000041e+00 -2.520705580000000001e+00 -2.264986169999999799e+00 -2.009315389999999812e+00 -1.753692510000000038e+00 -1.498116809999999965e+00 -1.242587569999999975e+00 -9.871040850000000200e-01 -7.316656480000000018e-01 -4.762715630000000089e-01
1.147032289999999932e+01 1.172422790000000070e+01 1.197811680000000045e+01 1.223199020000000026e+01 1.248584849999999946e+01 1.273969209999999919e+01 1.299352170000000051e+01 1.324733750000000043e+01 1.350113999999999947e+01 1.375492979999999932e+01 1.400870729999999931e+01 1.426247279999999940e+01 1.451622700000000066e+01 1.476997010000000010e+01 1.502370269999999941e+01 1.527742519999999971e+01 1.553113800000000033e+01 1.578484160000000003e+01 1.603853640000000169e+01 1.629222280000000111e+01 1.654590130000000059e+01 1.679957239999999885e+01 1.705323629999999824e+01 1.730689369999999982e+01 1.756054479999999884e+01 1.781419010000000114e+01 1.806783009999999834e+01 1.832146519999999867e+01 1.857509569999999854e+01 1.882872210000000024e+01 1.908234489999999894e+01 1.933596440000000172e+01 1.958958099999999902e+01 1.984319520000000026e+01 2.009680739999999943e+01 2.035041790000000006e+01 2.060402729999999849e+01 2.085763580000000061e+01 2.111124399999999923e+01 2.136485220000000140e+01 2.161846080000000114e+01 2.187207019999999957e+01 2.212568089999999899e+01 2.237929319999999933e+01 2.263290750000000173e+01 2.288652430000000138e+01 2.314014390000000176e+01 2.339376670000000047e+01 2.364739309999999861e+01 2.390102359999999848e+01
-1.314162870000000005e+01 -1.288330969999999986e+01 -1.262507349999999917e+01 -1.236691919999999989e+01 -1.210884599999999978e+01 -1.185085270000000079e+01 -1.159293860000000009e+01 -1.133510260000000081e+01 -1.107734400000000008e+01 -1.081966169999999927e+01 -1.056205489999999969e+01 -1.030452260000000031e+01 -1.004706389999999949e+01 -9.789678000000000324e+00 -9.532363950000000585e+00 -9.275120870000000295e+00 -9.017947870000000421e+00 -8.760844080000000034e+00 -8.503808619999999152e+00 -8.246840629999999450e+00 -7.989939249999999937e+00 -7.733103599999999744e+00 -7.476332860000000302e+00 -7.219626159999999793e+00 -6.962982659999999768e+00 -6.706401539999999883e+00 -6.449881949999999975e+00 -6.193423079999999636e+00 -5.937024110000000299e+00 -5.680684219999999840e+00 -5.424402599999999630e+00 -5.168178460000000030e+00 -4.912010999999999683e+00 -4.655899419999999900e+00 -4.399842959999999970e+00 -4.143840810000000374e+00 -3.887892229999999838e+00 -3.631996430000000053e+00 -3.376152659999999806e+00 -3.120360160000000160e+00 -2.864618189999999842e+00 -2.608926009999999795e+00 -2.353282870000000138e+00 -2.097688049999999915e+00 -1.842140829999999951e+00 -1.586640480000000020e+00 -1.331186289999999994e+00 -1.075777570000000072e+00 -8.204135980000000217e-01 -5.650936920000000363e-01
1.141077750000000002e+01 1.166463770000000011e+01 1.191848180000000035e+01 1.217231040000000064e+01 1.242612399999999973e+01 1.267992300000000050e+01 1.293370789999999992e+01 1.318747909999999912e+01 1.344123710000000038e+01 1.369498229999999950e+01 1.394871529999999993e+01 1.420243630000000046e+01 1.445614600000000038e+01 1.470984469999999966e+01 1.496353290000000058e+01 1.521721089999999954e+01 1.547087939999999939e+01 1.572453860000000070e+01 1.597818909999999981e+01 1.623183119999999846e+01 1.648546539999999894e+01 1.673909210000000058e+01 1.699271179999999859e+01 1.724632490000000118e+01 1.749993179999999882e+01 1.775353289999999973e+01 1.800712860000000148e+01 1.826071950000000044e+01 1.851430579999999892e+01 1.876788810000000041e+01 1.902146660000000011e+01 1.927504199999999912e+01 1.952861449999999977e+01 1.978218460000000078e+01 2.003575259999999858e+01 2.028931910000000016e+01 2.054288439999999838e+01 2.079644890000000146e+01 2.105001299999999986e+01 2.130357719999999944e+01 2.155714180000000013e+01 2.181070719999999952e+01 2.206427400000000105e+01 2.231784229999999880e+01 2.257141269999999977e+01 2.282498560000000154e+01 2.307856130000000050e+01 2.333214029999999894e+01 2.358572290000000038e+01 2.383930959999999999e+01
-1.320934570000000008e+01 -1.295109829999999995e+01 -1.269293339999999937e+01 -1.243485019999999963e+01 -1.217684769999999972e+01 -1.191892509999999916e+01 -1.166108119999999992e+01 -1.140331540000000032e+01 -1.114562650000000055e+01 -1.088801379999999952e+01 -1.063047620000000038e+01 -1.037301290000000087e+01 -1.011562299999999937e+01 -9.858305619999999436e+00 -9.601059779999999932e+00 -9.343884640000000630e+00 -9.086779319999999771e+00 -8.829742919999999273e+00 -8.572774589999999861e+00 -8.315873449999999778e+00 -8.059038629999999870e+00 -7.802269279999999974e+00 -7.545564549999999926e+00 -7.288923589999999564e+00 -7.032345549999999612e+00 -6.775829609999999725e+00 -6.519374929999999679e+00 -6.262980690000000017e+00 -6.006646080000000332e+00 -5.750370260000000400e+00 -5.494152449999999632e+00 -5.237991850000000227e+00 -4.981887650000000001e+00 -4.725839060000000202e+00 -4.469845320000000122e+00 -4.213905630000000180e+00 -3.958019240000000050e+00 -3.702185360000000092e+00 -3.446403259999999857e+00 -3.190672179999999969e+00 -2.934991360000000160e+00 -2.679360069999999983e+00 -2.423777589999999815e+00 -2.168243170000000219e+00 -1.912756099999999959e+00 -1.657315660000000079e+00 -1.401921149999999949e+00 -1.146571860000000109e+00 -8.912670959999999809e-01 -6.360061639999999850e-01
1.136785270000000025e+01 1.162168100000000059e+01 1.187549330000000047e+01 1.212929010000000041e+01 1.238307200000000030e+01 1.263683920000000072e+01 1.289059229999999978e+01 1.314433179999999979e+01 1.339805810000000008e+01 1.365177169999999940e+01 1.390547289999999947e+01 1.415916230000000020e+01 1.441284029999999916e+01 1.466650740000000042e+01 1.492016390000000037e+01 1.517381040000000070e+01 1.542744719999999958e+01 1.568107479999999931e+01 1.593469359999999924e+01 1.618830420000000103e+01 1.644190680000000171e+01 1.669550190000000001e+01 1.694909000000000177e+01 1.720267150000000100e+01 1.745624690000000001e+01 1.770981640000000112e+01 1.796338060000000070e+01 1.821693989999999985e+01 1.847049469999999971e+01 1.872404540000000139e+01 1.897759239999999892e+01 1.923113620000000168e+01 1.948467720000000014e+01 1.973821579999999898e+01 1.999175230000000170e+01 2.024528730000000110e+01 2.049882099999999951e+01 2.075235410000000158e+01 2.100588670000000135e+01 2.125941939999999875e+01 2.151295250000000081e+01 2.176648649999999918e+01 2.202002179999999854e+01 2.227355869999999882e+01 2.252709769999999878e+01 2.278063919999999953e+01 2.303418350000000103e+01 2.328773109999999846e+01 2.354128229999999888e+01 2.379483769999999865e+01
-1.325990919999999917e+01 -1.300171540000000014e+01 -1.274360410000000066e+01 -1.248557420000000029e+01 -1.222762490000000035e+01 -1.196975519999999982e+01 -1.171196409999999943e+01 -1.145425080000000051e+01 -1.119661430000000024e+01 -1.093905370000000055e+01 -1.068156809999999979e+01 -1.042415659999999988e+01 -1.016681819999999981e+01 -9.909552169999999549e+00 -9.652357459999999278e+00 -9.395233239999999597e+00 -9.138178630000000524e+00 -8.881192730000000424e+00 -8.624274679999999194e+00 -8.367423609999999456e+00 -8.110638659999999334e+00 -7.853918959999999672e+00 -7.597263660000000307e+00 -7.340671920000000128e+00 -7.084142899999999798e+00 -6.827675750000000043e+00 -6.571269659999999568e+00 -6.314923789999999926e+00 -6.058637329999999821e+00 -5.802409479999999675e+00 -5.546239410000000092e+00 -5.290126339999999594e+00 -5.034069470000000379e+00 -4.778068010000000143e+00 -4.522121180000000074e+00 -4.266228210000000409e+00 -4.010388329999999613e+00 -3.754600780000000082e+00 -3.498864789999999836e+00 -3.243179630000000202e+00 -2.987544540000000026e+00 -2.731958790000000192e+00 -2.476421660000000191e+00 -2.220932400000000140e+00 -1.965490310000000074e+00 -1.710094659999999989e+00 -1.454744770000000020e+00 -1.199439909999999943e+00 -9.441794089999999695e-01 -6.889625649999999712e-01
1.134159299999999959e+01 1.159540239999999933e+01 1.184919580000000039e+01 1.210297379999999912e+01 1.235673670000000079e+01 1.261048500000000061e+01 1.286421930000000025e+01 1.311793989999999965e+01 1.337164740000000052e+01 1.362534209999999923e+01 1.387902449999999988e+01 1.413269500000000001e+01 1.438635419999999954e+01 1.464000240000000019e+01 1.489364010000000071e+01 1.514726770000000045e+01 1.540088569999999990e+01 1.565449450000000020e+01 1.590809450000000069e+01 1.616168619999999834e+01 1.641526999999999958e+01 1.666884629999999845e+01 1.692241560000000078e+01 1.717597830000000059e+01 1.742953470000000138e+01 1.768308550000000068e+01 1.793663079999999965e+01 1.819017129999999938e+01 1.844370729999999980e+01 1.869723910000000089e+01 1.895076740000000015e+01 1.920429229999999876e+01 1.945781450000000135e+01 1.971133419999999958e+01 1.996485189999999932e+01 2.021836809999999929e+01 2.047188299999999828e+01 2.072539719999999974e+01 2.097891100000000009e+01 2.123242490000000160e+01 2.148593929999999830e+01 2.173945439999999962e+01 2.199297089999999955e+01 2.224648900000000040e+01 2.250000920000000093e+01 2.275353189999999870e+01 2.300705740000000077e+01 2.326058629999999994e+01 2.351411870000000093e+01 2.376765530000000126e+01
-1.329327939999999941e+01 -1.303512169999999948e+01 -1.277704630000000030e+01 -1.251905220000000085e+01 -1.226113849999999950e+01 -1.200330429999999993e+01 -1.174554859999999934e+01 -1.148787060000000082e+01 -1.123026920000000040e+01 -1.097274359999999938e+01 -1.071529280000000028e+01 -1.045791589999999971e+01 -1.020061210000000074e+01 -9.943380449999999371e+00 -9.686220000000000496e+00 -9.429129890000000458e+00 -9.172109239999999275e+00 -8.915157170000000519e+00 -8.658272800000000657e+00 -8.401455249999999708e+00 -8.144703679999999224e+00 -7.888017220000000052e+00 -7.631395010000000312e+00 -7.374836219999999720e+00 -7.118339999999999890e+00 -6.861905509999999708e+00 -6.605531919999999779e+00 -6.349218419999999696e+00 -6.092964190000000002e+00 -5.836768410000000351e+00 -5.580630280000000276e+00 -5.324549010000000138e+00 -5.068523790000000417e+00 -4.812553849999999578e+00 -4.556638399999999756e+00 -4.300776670000000301e+00 -4.044967889999999677e+00 -3.789211299999999838e+00 -3.533506150000000012e+00 -3.277851689999999873e+00 -3.022247169999999983e+00 -2.766691869999999831e+00 -2.511185039999999979e+00 -2.255725969999999858e+00 -2.000313939999999846e+00 -1.744948240000000039e+00 -1.489628160000000090e+00 -1.234353000000000034e+00 -9.791220750000000361e-01 -7.239346960000000442e-01
1.133202539999999914e+01 1.158582870000000042e+01 1.183961610000000064e+01 1.209338799999999914e+01 1.234714489999999998e+01 1.260088730000000012e+01 1.285461549999999953e+01 1.310833009999999987e+01 1.336203150000000051e+01 1.361572020000000016e+01 1.386939659999999996e+01 1.412306109999999926e+01 1.437671429999999972e+01 1.463035649999999954e+01 1.488398809999999983e+01 1.513760970000000050e+01 1.539122169999999912e+01 1.564482439999999919e+01 1.589841840000000062e+01 1.615200409999999920e+01 1.640558180000000021e+01 1.665915210000000002e+01 1.691271539999999973e+01 1.716627199999999931e+01 1.741982240000000104e+01 1.767336710000000011e+01 1.792690640000000002e+01 1.818044079999999951e+01 1.843397069999999971e+01 1.868749659999999935e+01 1.894101870000000076e+01 1.919453760000000031e+01 1.944805369999999911e+01 1.970156739999999829e+01 1.995507900000000134e+01 2.020858910000000108e+01 2.046209800000000101e+01 2.071560609999999869e+01 2.096911389999999997e+01 2.122262170000000125e+01 2.147612990000000011e+01 2.172963909999999998e+01 2.198314939999999851e+01 2.223666150000000030e+01 2.249017560000000060e+01 2.274369220000000169e+01 2.299721170000000114e+01 2.325073439999999891e+01 2.350426080000000084e+01 2.375779130000000094e+01
-1.330943010000000015e+01 -1.305129080000000030e+01 -1.279323379999999943e+01 -1.253525800000000068e+01 -1.227736260000000001e+01 -1.201954650000000058e+01 -1.176180890000000012e+01 -1.150414890000000057e+01 -1.124656539999999971e+01 -1.098905770000000004e+01 -1.073162469999999935e+01 -1.047426560000000073e+01 -1.021697939999999960e+01 -9.959765340000000577e+00 -9.702622390000000152e+00 -9.445549709999999877e+00 -9.188546410000000719e+00 -8.931611609999999146e+00 -8.674744430000000506e+00 -8.417944009999999366e+00 -8.161209489999999178e+00 -7.904539999999999900e+00 -7.647934689999999591e+00 -7.391392709999999866e+00 -7.134913230000000439e+00 -6.878495410000000199e+00 -6.622138419999999748e+00 -6.365841439999999629e+00 -6.109603650000000385e+00 -5.853424239999999834e+00 -5.597302410000000172e+00 -5.341237350000000106e+00 -5.085228289999999873e+00 -4.829274419999999957e+00 -4.573374969999999706e+00 -4.317529180000000188e+00 -4.061736259999999987e+00 -3.805995470000000047e+00 -3.550306040000000163e+00 -3.294667239999999886e+00 -3.039078309999999838e+00 -2.783538520000000016e+00 -2.528047149999999910e+00 -2.272603469999999959e+00 -2.017206760000000099e+00 -1.761856319999999920e+00 -1.506551430000000025e+00 -1.251291410000000104e+00 -9.960755650000000516e-01 -7.409032009999999557e-01
1.133916490000000010e+01 1.159297510000000031e+01 1.184676939999999945e+01 1.210054820000000042e+01 1.235431190000000079e+01 1.260806110000000047e+01 1.286179620000000057e+01 1.311551769999999983e+01 1.336922590000000000e+01 1.362292139999999918e+01 1.387660469999999968e+01 1.413027600000000028e+01 1.438393600000000028e+01 1.463758499999999962e+01 1.489122339999999944e+01 1.514485179999999964e+01 1.539847059999999956e+01 1.565208020000000033e+01 1.590568090000000012e+01 1.615927340000000001e+01 1.641285789999999878e+01 1.666643499999999989e+01 1.692000499999999974e+01 1.717356840000000062e+01 1.742712560000000011e+01 1.768067710000000048e+01 1.793422320000000170e+01 1.818776430000000133e+01 1.844130099999999928e+01 1.869483359999999905e+01 1.894836250000000177e+01 1.920188819999999907e+01 1.945541100000000156e+01 1.970893140000000088e+01 1.996244980000000169e+01 2.021596660000000156e+01 2.046948220000000163e+01 2.072299710000000061e+01 2.097651150000000086e+01 2.123002609999999990e+01 2.148354099999999889e+01 2.173705689999999890e+01 2.199057390000000112e+01 2.224409269999999950e+01 2.249761349999999993e+01 2.275113680000000116e+01 2.300466289999999958e+01 2.325819230000000104e+01 2.351172539999999955e+01 2.376526259999999979e+01
-1.330838130000000064e+01 -1.305024290000000065e+01 -1.279218670000000024e+01 -1.253421179999999957e+01 -1.227631730000000054e+01 -1.201850209999999919e+01 -1.176076540000000037e+01 -1.150310619999999950e+01 -1.124552360000000029e+01 -1.098801669999999930e+01 -1.073058460000000025e+01 -1.047322630000000032e+01 -1.021594100000000083e+01 -9.958727689999999910e+00 -9.701585570000000658e+00 -9.444513699999999901e+00 -9.187511210000000261e+00 -8.930577219999999983e+00 -8.673710850000000860e+00 -8.416911230000000188e+00 -8.160177499999999640e+00 -7.903508790000000062e+00 -7.646904260000000342e+00 -7.390363070000000256e+00 -7.133884359999999702e+00 -6.877467310000000111e+00 -6.621111080000000371e+00 -6.364814860000000074e+00 -6.108577819999999825e+00 -5.852399160000000045e+00 -5.596278070000000326e+00 -5.340213760000000143e+00 -5.084205419999999975e+00 -4.828252290000000002e+00 -4.572353569999999756e+00 -4.316508490000000364e+00 -4.060716290000000228e+00 -3.804976209999999970e+00 -3.549287500000000151e+00 -3.293649390000000121e+00 -3.038061159999999816e+00 -2.782522070000000181e+00 -2.527031389999999877e+00 -2.271588389999999791e+00 -2.016192370000000178e+00 -1.760842599999999925e+00 -1.505538389999999893e+00 -1.250279039999999897e+00 -9.950638560000000243e-01 -7.398921529999999969e-01
1.136302150000000033e+01 1.161685149999999922e+01 1.187066549999999943e+01 1.212446410000000085e+01 1.237824759999999991e+01 1.263201650000000065e+01 1.288577130000000004e+01 1.313951250000000037e+01 1.339324039999999982e+01 1.364695560000000008e+01 1.390065850000000047e+01 1.415434950000000036e+01 1.440802910000000026e+01 1.466169780000000067e+01 1.491535589999999978e+01 1.516900389999999987e+01 1.542264229999999969e+01 1.567627150000000036e+01 1.592989189999999944e+01 1.618350390000000161e+01 1.643710799999999850e+01 1.669070470000000128e+01 1.694429429999999925e+01 1.719787729999999826e+01 1.745145399999999825e+01 1.770502499999999912e+01 1.795859069999999846e+01 1.821215139999999977e+01 1.846570760000000178e+01 1.871925969999999850e+01 1.897280819999999935e+01 1.922635340000000070e+01 1.947989570000000015e+01 1.973343559999999997e+01 1.998697359999999890e+01 2.024050989999999928e+01 2.049404499999999985e+01 2.074757930000000172e+01 2.100111330000000009e+01 2.125464729999999847e+01 2.150818170000000151e+01 2.176171700000000087e+01 2.201525350000000003e+01 2.226879170000000130e+01 2.252233190000000107e+01 2.277587460000000164e+01 2.302942020000000056e+01 2.328296900000000136e+01 2.353652140000000159e+01 2.379007800000000117e+01
-1.329012649999999951e+01 -1.303197139999999976e+01 -1.277389870000000016e+01 -1.251590719999999912e+01 -1.225799609999999973e+01 -1.200016450000000034e+01 -1.174241139999999994e+01 -1.148473590000000044e+01 -1.122713700000000081e+01 -1.096961390000000058e+01 -1.071216569999999990e+01 -1.045479130000000012e+01 -1.019749000000000017e+01 -9.940260770000000079e+00 -9.683102769999999637e+00 -9.426015089999999930e+00 -9.168996860000000027e+00 -8.912047189999999119e+00 -8.655165209999999831e+00 -8.398350040000000405e+00 -8.141600829999999789e+00 -7.884916709999999718e+00 -7.628296839999999968e+00 -7.371740360000000436e+00 -7.115246439999999950e+00 -6.858814240000000062e+00 -6.602442940000000426e+00 -6.346131699999999931e+00 -6.089879709999999946e+00 -5.833686170000000004e+00 -5.577550259999999760e+00 -5.321471189999999574e+00 -5.065448169999999806e+00 -4.809480409999999928e+00 -4.553567120000000301e+00 -4.297707550000000154e+00 -4.041900909999999847e+00 -3.786146449999999941e+00 -3.530443420000000110e+00 -3.274791060000000087e+00 -3.019188629999999929e+00 -2.763635400000000075e+00 -2.508130640000000078e+00 -2.252673619999999932e+00 -1.997263629999999957e+00 -1.741899960000000025e+00 -1.486581890000000072e+00 -1.231308740000000013e+00 -9.760798050000000226e-01 -7.208944040000000442e-01
1.140358419999999917e+01 1.165744699999999945e+01 1.191129369999999987e+01 1.216512499999999974e+01 1.241894109999999962e+01 1.267274270000000058e+01 1.292653010000000080e+01 1.318030380000000079e+01 1.343406429999999929e+01 1.368781199999999920e+01 1.394154739999999926e+01 1.419527090000000058e+01 1.444898300000000013e+01 1.470268410000000081e+01 1.495637469999999958e+01 1.521005509999999994e+01 1.546372590000000002e+01 1.571738749999999918e+01 1.597104030000000030e+01 1.622468470000000096e+01 1.647832119999999989e+01 1.673195020000000000e+01 1.698557209999999884e+01 1.723918749999999989e+01 1.749279659999999836e+01 1.774639990000000012e+01 1.799999779999999916e+01 1.825359080000000134e+01 1.850717930000000067e+01 1.876076369999999827e+01 1.901434439999999881e+01 1.926792179999999988e+01 1.952149640000000019e+01 1.977506860000000088e+01 2.002863869999999835e+01 2.028220719999999844e+01 2.053577449999999871e+01 2.078934100000000029e+01 2.104290710000000075e+01 2.129647320000000121e+01 2.155003980000000041e+01 2.180360719999999830e+01 2.205717579999999955e+01 2.231074609999999936e+01 2.256431840000000122e+01 2.281789320000000032e+01 2.307147069999999900e+01 2.332505159999999833e+01 2.357863599999999948e+01 2.383222449999999881e+01
-1.325470370000000031e+01 -1.299651440000000058e+01 -1.273840739999999983e+01 -1.248038189999999936e+01 -1.222243689999999994e+01 -1.196457140000000052e+01 -1.170678470000000004e+01 -1.144907560000000046e+01 -1.119144329999999954e+01 -1.093388689999999919e+01 -1.067640549999999955e+01 -1.041899809999999960e+01 -1.016166379999999947e+01 -9.904401849999999286e+00 -9.647211199999999209e+00 -9.390091019999999844e+00 -9.133040420000000381e+00 -8.876058520000000840e+00 -8.619144430000000412e+00 -8.362297299999999822e+00 -8.105516270000000745e+00 -7.848800459999999646e+00 -7.592149039999999793e+00 -7.335561140000000258e+00 -7.079035939999999805e+00 -6.822572599999999987e+00 -6.566170279999999693e+00 -6.309828170000000291e+00 -6.053545449999999661e+00 -5.797321300000000122e+00 -5.541154930000000256e+00 -5.285045519999999719e+00 -5.028992299999999638e+00 -4.772994459999999606e+00 -4.517051239999999801e+00 -4.261161849999999696e+00 -4.005325530000000356e+00 -3.749541509999999800e+00 -3.493809039999999921e+00 -3.238127369999999949e+00 -2.982495759999999940e+00 -2.726913469999999950e+00 -2.471379760000000037e+00 -2.215893920000000072e+00 -1.960455220000000054e+00 -1.705062950000000077e+00 -1.449716400000000016e+00 -1.194414880000000068e+00 -9.391576919999999884e-01 -6.839441419999999772e-01
1.146085360000000009e+01 1.171476209999999973e+01 1.196865449999999953e+01 1.222253129999999999e+01 1.247639309999999924e+01 1.273024020000000078e+01 1.298407309999999981e+01 1.323789230000000039e+01 1.349169820000000009e+01 1.374549129999999941e+01 1.399927199999999949e+01 1.425304090000000024e+01 1.450679829999999981e+01 1.476054459999999935e+01 1.501428040000000053e+01 1.526800609999999914e+01 1.552172209999999986e+01 1.577542880000000025e+01 1.602912669999999906e+01 1.628281619999999918e+01 1.653649779999999936e+01 1.679017190000000070e+01 1.704383890000000079e+01 1.729749920000000074e+01 1.755115329999999929e+01 1.780480160000000112e+01 1.805844450000000023e+01 1.831208249999999893e+01 1.856571590000000072e+01 1.881934520000000077e+01 1.907297080000000022e+01 1.932659310000000019e+01 1.958021249999999824e+01 1.983382950000000022e+01 2.008744439999999898e+01 2.034105770000000035e+01 2.059466979999999836e+01 2.084828110000000123e+01 2.110189189999999826e+01 2.135550269999999884e+01 2.160911400000000171e+01 2.186272599999999855e+01 2.211633929999999992e+01 2.236995410000000106e+01 2.262357099999999832e+01 2.287719029999999876e+01 2.313081239999999994e+01 2.338443769999999944e+01 2.363806659999999837e+01 2.389169950000000142e+01
-1.320215409999999956e+01 -1.294391279999999966e+01 -1.268575399999999931e+01 -1.242767689999999980e+01 -1.216968050000000012e+01 -1.191176379999999924e+01 -1.165392590000000084e+01 -1.139616599999999913e+01 -1.113848300000000080e+01 -1.088087610000000005e+01 -1.062334440000000058e+01 -1.036588689999999957e+01 -1.010850280000000012e+01 -9.851191050000000615e+00 -9.593950899999999393e+00 -9.336781410000000392e+00 -9.079681689999999250e+00 -8.822650879999999418e+00 -8.565688090000000088e+00 -8.308792450000000329e+00 -8.051963110000000867e+00 -7.795199209999999823e+00 -7.538499889999999759e+00 -7.281864299999999623e+00 -7.025291619999999959e+00 -6.768780989999999775e+00 -6.512331589999999615e+00 -6.255942600000000020e+00 -5.999613199999999757e+00 -5.743342570000000258e+00 -5.487129920000000105e+00 -5.230974429999999842e+00 -4.974875329999999707e+00 -4.718831810000000182e+00 -4.462843089999999791e+00 -4.206908409999999598e+00 -3.951026979999999966e+00 -3.695198050000000123e+00 -3.439420859999999802e+00 -3.183694660000000010e+00 -2.928018690000000035e+00 -2.672392229999999813e+00 -2.416814539999999845e+00 -2.161284880000000186e+00 -1.905802549999999984e+00 -1.650366819999999901e+00 -1.394976989999999972e+00 -1.139632360000000011e+00 -8.843322139999999498e-01 -6.290758779999999772e-01
1.153476970000000001e+01 1.178873699999999936e+01 1.204268809999999945e+01 1.229662360000000021e+01 1.255054389999999920e+01 1.280444950000000048e+01 1.305834089999999925e+01 1.331221840000000078e+01 1.356608270000000083e+01 1.381993409999999933e+01 1.407377299999999920e+01 1.432760000000000034e+01 1.458141550000000031e+01 1.483521999999999963e+01 1.508901380000000003e+01 1.534279740000000025e+01 1.559657140000000020e+01 1.585033600000000042e+01 1.610409170000000145e+01 1.635783909999999963e+01 1.661157850000000025e+01 1.686531030000000086e+01 1.711903500000000022e+01 1.737275299999999945e+01 1.762646469999999965e+01 1.788017059999999958e+01 1.813387110000000035e+01 1.838756649999999837e+01 1.864125740000000064e+01 1.889494420000000119e+01 1.914862719999999996e+01 1.940230689999999925e+01 1.965598370000000017e+01 1.990965800000000030e+01 2.016333020000000076e+01 2.041700069999999911e+01 2.067067000000000121e+01 2.092433839999999989e+01 2.117800640000000101e+01 2.143167439999999857e+01 2.168534269999999964e+01 2.193901179999999940e+01 2.219268200000000135e+01 2.244635380000000069e+01 2.270002759999999853e+01 2.295370379999999955e+01 2.320738270000000014e+01 2.346106479999999905e+01 2.371475050000000095e+01 2.396844009999999869e+01
-1.313255020000000073e+01 -1.287423919999999988e+01 -1.261601089999999914e+01 -1.235786440000000042e+01 -1.209979889999999969e+01 -1.184181339999999949e+01 -1.158390699999999995e+01 -1.132607870000000005e+01 -1.106832759999999993e+01 -1.081065279999999973e+01 -1.055305350000000075e+01 -1.029552870000000020e+01 -1.003807740000000059e+01 -9.780698870000000156e+00 -9.523392129999999511e+00 -9.266156320000000335e+00 -9.008990550000000042e+00 -8.751893940000000427e+00 -8.494865620000000561e+00 -8.237904719999999514e+00 -7.981010389999999788e+00 -7.724181749999999624e+00 -7.467417969999999627e+00 -7.210718189999999694e+00 -6.954081580000000429e+00 -6.697507289999999891e+00 -6.440994500000000400e+00 -6.184542379999999895e+00 -5.928150119999999745e+00 -5.671816899999999606e+00 -5.415541919999999898e+00 -5.159324360000000276e+00 -4.903163450000000090e+00 -4.647058389999999761e+00 -4.391008389999999650e+00 -4.135012679999999996e+00 -3.879070480000000209e+00 -3.623181030000000025e+00 -3.367343570000000064e+00 -3.111557350000000000e+00 -2.855821619999999950e+00 -2.600135630000000031e+00 -2.344498649999999795e+00 -2.088909960000000066e+00 -1.833368820000000010e+00 -1.577874519999999947e+00 -1.322426349999999973e+00 -1.067023590000000022e+00 -8.116655630000000343e-01 -5.563515580000000238e-01
1.162529959999999996e+01 1.187933879999999931e+01 1.213336179999999942e+01 1.238736899999999963e+01 1.264136090000000046e+01 1.289533810000000003e+01 1.314930090000000007e+01 1.340324979999999933e+01 1.365718539999999948e+01 1.391110789999999930e+01 1.416501799999999989e+01 1.441891610000000057e+01 1.467280249999999953e+01 1.492667780000000022e+01 1.518054249999999961e+01 1.543439689999999942e+01 1.568824150000000017e+01 1.594207669999999943e+01 1.619590300000000127e+01 1.644972080000000147e+01 1.670353060000000056e+01 1.695733279999999965e+01 1.721112779999999987e+01 1.746491599999999877e+01 1.771869789999999867e+01 1.797247390000000067e+01 1.822624449999999996e+01 1.848001000000000005e+01 1.873377079999999850e+01 1.898752749999999878e+01 1.924128040000000084e+01 1.949502980000000107e+01 1.974877640000000056e+01 2.000252040000000164e+01 2.025626219999999833e+01 2.051000230000000002e+01 2.076374119999999834e+01 2.101747909999999919e+01 2.127121650000000130e+01 2.152495379999999869e+01 2.177869139999999959e+01 2.203242979999999918e+01 2.228616919999999979e+01 2.253991020000000134e+01 2.279365310000000022e+01 2.304739830000000111e+01 2.330114620000000158e+01 2.355489719999999920e+01 2.380865179999999981e+01 2.406241019999999864e+01
-1.304596309999999981e+01 -1.278756440000000083e+01 -1.252924870000000013e+01 -1.227101520000000079e+01 -1.201286290000000001e+01 -1.175479089999999971e+01 -1.149679820000000063e+01 -1.123888400000000054e+01 -1.098104730000000018e+01 -1.072328719999999969e+01 -1.046560279999999921e+01 -1.020799320000000066e+01 -9.950457500000000621e+00 -9.692994840000000778e+00 -9.435604299999999611e+00 -9.178284989999999866e+00 -8.921036049999999662e+00 -8.663856579999999141e+00 -8.406745730000000805e+00 -8.149702619999999342e+00 -7.892726389999999981e+00 -7.635816199999999832e+00 -7.378971169999999802e+00 -7.122190480000000434e+00 -6.865473279999999789e+00 -6.608818730000000308e+00 -6.352225999999999928e+00 -6.095694280000000020e+00 -5.839222730000000361e+00 -5.582810549999999594e+00 -5.326456929999999979e+00 -5.070161070000000159e+00 -4.813922169999999667e+00 -4.557739429999999814e+00 -4.301612079999999949e+00 -4.045539340000000372e+00 -3.789520420000000112e+00 -3.533554570000000172e+00 -3.277641019999999905e+00 -3.021779009999999932e+00 -2.765967799999999865e+00 -2.510206639999999823e+00 -2.254494789999999860e+00 -1.998831519999999973e+00 -1.743216099999999935e+00 -1.487647809999999904e+00 -1.232125930000000036e+00 -9.766497650000000030e-01 -7.212186000000000430e-01 -4.658317399999999942e-01
1.173239339999999942e+01 1.198651779999999967e+01 1.224062589999999950e+01 1.249471800000000066e+01 1.274879480000000065e+01 1.300285659999999943e+01 1.325690389999999930e+01 1.351093730000000015e+01 1.376495710000000017e+01 1.401896379999999986e+01 1.427295799999999915e+01 1.452693990000000035e+01 1.478091019999999922e+01 1.503486930000000044e+01 1.528881750000000039e+01 1.554275540000000078e+01 1.579668339999999915e+01 1.605060200000000137e+01 1.630451150000000027e+01 1.655841249999999931e+01 1.681230529999999845e+01 1.706619039999999998e+01 1.732006829999999908e+01 1.757393929999999926e+01 1.782780389999999926e+01 1.808166250000000019e+01 1.833551549999999963e+01 1.858936350000000104e+01 1.884320669999999964e+01 1.909704560000000129e+01 1.935088070000000116e+01 1.960471229999999920e+01 1.985854080000000010e+01 2.011236680000000021e+01 2.036619049999999831e+01 2.062001240000000024e+01 2.087383300000000119e+01 2.112765249999999995e+01 2.138147149999999996e+01 2.163529039999999881e+01 2.188910939999999883e+01 2.214292909999999992e+01 2.239674979999999849e+01 2.265057200000000037e+01 2.290439599999999842e+01 2.315822229999999848e+01 2.341205120000000051e+01 2.366588309999999851e+01 2.391971840000000071e+01 2.417355759999999876e+01
-1.294248699999999985e+01 -1.268398269999999961e+01 -1.242556180000000055e+01 -1.216722329999999985e+01 -1.190896629999999945e+01 -1.165079000000000065e+01 -1.139269329999999947e+01 -1.113467540000000078e+01 -1.087673539999999939e+01 -1.061887229999999960e+01 -1.036108519999999977e+01 -1.010337340000000061e+01 -9.845735740000000291e+00 -9.588171490000000574e+00 -9.330679719999999122e+00 -9.073259549999999507e+00 -8.815910110000000799e+00 -8.558630510000000413e+00 -8.301419900000000851e+00 -8.044277400000000355e+00 -7.787202159999999651e+00 -7.530193320000000412e+00 -7.273250039999999750e+00 -7.016371460000000226e+00 -6.759556749999999781e+00 -6.502805079999999904e+00 -6.246115610000000373e+00 -5.989487510000000015e+00 -5.732919980000000137e+00 -5.476412200000000396e+00 -5.219963349999999558e+00 -4.963572639999999758e+00 -4.707239269999999642e+00 -4.450962439999999631e+00 -4.194741370000000025e+00 -3.938575279999999790e+00 -3.682463390000000114e+00 -3.426404929999999904e+00 -3.170399150000000166e+00 -2.914445269999999866e+00 -2.658542549999999949e+00 -2.402690250000000027e+00 -2.146887609999999835e+00 -1.891133900000000034e+00 -1.635428399999999893e+00 -1.379770380000000074e+00 -1.124159120000000067e+00 -8.685939059999999712e-01 -6.130740329999999627e-01 -3.575987990000000227e-01
1.185546470000000063e+01 1.210968790000000084e+01 1.236389450000000068e+01 1.261808500000000066e+01 1.287225989999999953e+01 1.312641969999999958e+01 1.338056489999999954e+01 1.363469590000000053e+01 1.388881330000000069e+01 1.414291730000000058e+01 1.439700859999999949e+01 1.465108760000000032e+01 1.490515480000000004e+01 1.515921059999999976e+01 1.541325540000000061e+01 1.566728969999999954e+01 1.592131400000000063e+01 1.617532860000000028e+01 1.642933419999999956e+01 1.668333099999999902e+01 1.693731950000000097e+01 1.719130020000000059e+01 1.744527360000000016e+01 1.769923989999999847e+01 1.795319969999999898e+01 1.820715339999999927e+01 1.846110150000000161e+01 1.871504420000000124e+01 1.896898219999999924e+01 1.922291570000000149e+01 1.947684530000000080e+01 1.973077130000000068e+01 1.998469409999999868e+01 2.023861420000000066e+01 2.049253200000000064e+01 2.074644789999999972e+01 2.100036229999999904e+01 2.125427559999999971e+01 2.150818819999999931e+01 2.176210060000000013e+01 2.201601300000000094e+01 2.226992600000000166e+01 2.252383999999999986e+01 2.277775529999999904e+01 2.303167230000000032e+01 2.328559140000000127e+01 2.353951310000000063e+01 2.379343769999999836e+01 2.404736570000000029e+01 2.430129739999999927e+01
-1.282222609999999996e+01 -1.256359840000000005e+01 -1.230505430000000011e+01 -1.204659310000000083e+01 -1.178821370000000002e+01 -1.152991519999999959e+01 -1.127169680000000085e+01 -1.101355749999999922e+01 -1.075549649999999957e+01 -1.049751280000000087e+01 -1.023960549999999969e+01 -9.981773719999999628e+00 -9.724016609999999616e+00 -9.466333269999999800e+00 -9.208722800000000319e+00 -8.951184339999999295e+00 -8.693716999999999473e+00 -8.436319909999999922e+00 -8.178992219999999591e+00 -7.921733050000000276e+00 -7.664541559999999976e+00 -7.407416890000000365e+00 -7.150358179999999564e+00 -6.893364609999999892e+00 -6.636435330000000299e+00 -6.379569509999999610e+00 -6.122766310000000267e+00 -5.866024920000000087e+00 -5.609344519999999612e+00 -5.352724290000000273e+00 -5.096163419999999888e+00 -4.839661119999999705e+00 -4.583216580000000206e+00 -4.326829009999999975e+00 -4.070497630000000200e+00 -3.814221639999999969e+00 -3.558000289999999843e+00 -3.301832779999999801e+00 -3.045718359999999958e+00 -2.789656270000000049e+00 -2.533645760000000191e+00 -2.277686060000000179e+00 -2.021776449999999947e+00 -1.765916169999999896e+00 -1.510104499999999961e+00 -1.254340720000000076e+00 -9.986240880000000208e-01 -7.429539010000000276e-01 -4.873294459999999995e-01 -2.317500160000000031e-01
1.199377040000000072e+01 1.224810609999999933e+01 1.250242509999999996e+01 1.275672770000000078e+01 1.301101440000000053e+01 1.326528590000000030e+01 1.351954240000000063e+01 1.377378460000000082e+01 1.402801280000000084e+01 1.428222760000000058e+01 1.453642939999999939e+01 1.479061869999999956e+01 1.504479590000000044e+01 1.529896150000000077e+01 1.555311599999999927e+01 1.580725980000000064e+01 1.606139340000000004e+01 1.631551710000000099e+01 1.656963149999999985e+01 1.682373700000000127e+01 1.707783410000000046e+01 1.733192319999999853e+01 1.758600459999999899e+01 1.784007899999999935e+01 1.809414659999999841e+01 1.834820789999999846e+01 1.860226339999999823e+01 1.885631349999999884e+01 1.911035860000000142e+01 1.936439909999999998e+01 1.961843550000000036e+01 1.987246809999999897e+01 2.012649749999999926e+01 2.038052390000000003e+01 2.063454790000000116e+01 2.088856979999999908e+01 2.114259009999999961e+01 2.139660909999999916e+01 2.165062740000000119e+01 2.190464520000000093e+01 2.215866289999999950e+01 2.241268110000000036e+01 2.266670009999999991e+01 2.292072029999999927e+01 2.317474209999999957e+01 2.342876589999999837e+01 2.368279210000000035e+01 2.393682109999999952e+01 2.419085330000000056e+01 2.444488910000000104e+01
-1.268529739999999961e+01 -1.242652829999999931e+01 -1.216784329999999947e+01 -1.190924140000000087e+01 -1.165072179999999946e+01 -1.139228349999999956e+01 -1.113392559999999953e+01 -1.087564719999999951e+01 -1.061744739999999965e+01 -1.035932539999999946e+01 -1.010128019999999971e+01 -9.843310889999999702e+00 -9.585416679999999801e+00 -9.327596650000000267e+00 -9.069849919999999344e+00 -8.812175619999999654e+00 -8.554572880000000268e+00 -8.297040830000000255e+00 -8.039578609999999514e+00 -7.782185369999999658e+00 -7.524860239999999756e+00 -7.267602390000000412e+00 -7.010410969999999686e+00 -6.753285130000000080e+00 -6.496224040000000421e+00 -6.239226859999999597e+00 -5.982292789999999805e+00 -5.725420979999999993e+00 -5.468610619999999756e+00 -5.211860910000000402e+00 -4.955171019999999871e+00 -4.698540170000000238e+00 -4.441967550000000209e+00 -4.185452370000000144e+00 -3.928993839999999960e+00 -3.672591179999999955e+00 -3.416243609999999986e+00 -3.159950359999999847e+00 -2.903710670000000160e+00 -2.647523759999999893e+00 -2.391388889999999989e+00 -2.135305310000000123e+00 -1.879272260000000028e+00 -1.623288999999999982e+00 -1.367354809999999921e+00 -1.111468939999999961e+00 -8.556306870000000009e-01 -5.998393159999999558e-01 -3.440941180000000044e-01 -8.839438269999999598e-02
1.214828669999999988e+01 1.240274870000000007e+01 1.265719359999999938e+01 1.291162190000000010e+01 1.316603409999999919e+01 1.342043059999999954e+01 1.367481199999999930e+01 1.392917880000000075e+01 1.418353130000000029e+01 1.443787009999999960e+01 1.469219569999999919e+01 1.494650850000000020e+01 1.520080890000000018e+01 1.545509750000000082e+01 1.570937480000000086e+01 1.596364100000000086e+01 1.621789679999999834e+01 1.647214260000000152e+01 1.672637879999999910e+01 1.698060590000000047e+01 1.723482429999999965e+01 1.748903440000000131e+01 1.774323670000000064e+01 1.799743169999999992e+01 1.825161980000000028e+01 1.850580139999999929e+01 1.875997690000000162e+01 1.901414679999999890e+01 1.926831149999999937e+01 1.952247140000000059e+01 1.977662700000000129e+01 2.003077869999999905e+01 2.028492680000000092e+01 2.053907189999999972e+01 2.079321440000000010e+01 2.104735459999999847e+01 2.130149300000000068e+01 2.155562989999999957e+01 2.180976589999999860e+01 2.206390130000000127e+01 2.231803650000000161e+01 2.257217190000000073e+01 2.282630800000000093e+01 2.308044509999999860e+01 2.333458369999999960e+01 2.358872410000000031e+01 2.384286669999999830e+01 2.409701210000000060e+01 2.435116040000000126e+01 2.460531230000000136e+01
-1.253186550000000032e+01 -1.227293719999999944e+01 -1.201409340000000014e+01 -1.175533300000000025e+01 -1.149665519999999930e+01 -1.123805909999999919e+01 -1.097954389999999947e+01 -1.072110849999999971e+01 -1.046275220000000061e+01 -1.020447399999999938e+01 -9.946273019999999576e+00 -9.688148430000000033e+00 -9.430099329999999114e+00 -9.172124849999999441e+00 -8.914224120000000084e+00 -8.656396259999999288e+00 -8.398640419999999551e+00 -8.140955729999999946e+00 -7.883341330000000369e+00 -7.625796389999999647e+00 -7.368320029999999576e+00 -7.110911429999999811e+00 -6.853569730000000249e+00 -6.596294109999999655e+00 -6.339083729999999584e+00 -6.081937759999999749e+00 -5.824855369999999866e+00 -5.567835760000000356e+00 -5.310878100000000046e+00 -5.053981580000000307e+00 -4.797145399999999782e+00 -4.540368759999999781e+00 -4.283650849999999899e+00 -4.026990890000000434e+00 -3.770388099999999909e+00 -3.513841680000000078e+00 -3.257350859999999848e+00 -3.000914869999999901e+00 -2.744532940000000032e+00 -2.488204309999999975e+00 -2.231928219999999907e+00 -1.975703919999999947e+00 -1.719530659999999989e+00 -1.463407689999999928e+00 -1.207334289999999921e+00 -9.513097219999999687e-01 -6.953332530000000400e-01 -4.394041650000000132e-01 -1.835217399999999888e-01 7.231473380000000284e-02
1.231892999999999994e+01 1.257353220000000071e+01 1.282811689999999949e+01 1.308268469999999972e+01 1.333723600000000076e+01 1.359177129999999956e+01 1.384629119999999958e+01 1.410079610000000017e+01 1.435528640000000067e+01 1.460976269999999921e+01 1.486422540000000048e+01 1.511867510000000081e+01 1.537311210000000017e+01 1.562753700000000023e+01 1.588195009999999918e+01 1.613635209999999987e+01 1.639074330000000046e+01 1.664512410000000031e+01 1.689949509999999933e+01 1.715385669999999863e+01 1.740820940000000050e+01 1.766255350000000135e+01 1.791688960000000108e+01 1.817121810000000082e+01 1.842553940000000168e+01 1.867985390000000123e+01 1.893416219999999939e+01 1.918846459999999965e+01 1.944276149999999959e+01 1.969705340000000149e+01 1.995134080000000054e+01 2.020562400000000025e+01 2.045990360000000052e+01 2.071417980000000014e+01 2.096845310000000140e+01 2.122272399999999948e+01 2.147699289999999905e+01 2.173126010000000008e+01 2.198552610000000129e+01 2.223979140000000143e+01 2.249405630000000045e+01 2.274832119999999946e+01 2.300258660000000077e+01 2.325685289999999839e+01 2.351112039999999936e+01 2.376538970000000006e+01 2.401966099999999926e+01 2.427393479999999926e+01 2.452821150000000117e+01 2.478249149999999901e+01
-1.236184800000000017e+01 -1.210274309999999964e+01 -1.184372289999999950e+01 -1.158478649999999988e+01 -1.132593310000000031e+01 -1.106716179999999916e+01 -1.080847170000000013e+01 -1.054986189999999979e+01 -1.029133150000000008e+01 -1.003287970000000051e+01 -9.774505519999999947e+00 -9.516208150000000643e+00 -9.257986719999999892e+00 -8.999840349999999489e+00 -8.741768170000000282e+00 -8.483769329999999442e+00 -8.225842970000000420e+00 -7.967988240000000388e+00 -7.710204280000000132e+00 -7.452490250000000316e+00 -7.194845309999999827e+00 -6.937268610000000280e+00 -6.679759309999999672e+00 -6.422316600000000264e+00 -6.164939640000000054e+00 -5.907627599999999646e+00 -5.650379659999999582e+00 -5.393195020000000284e+00 -5.136072849999999690e+00 -4.879012359999999937e+00 -4.622012729999999792e+00 -4.365073159999999675e+00 -4.108192879999999825e+00 -3.851371069999999897e+00 -3.594606970000000068e+00 -3.337899779999999872e+00 -3.081248729999999991e+00 -2.824653050000000221e+00 -2.568111969999999911e+00 -2.311624730000000127e+00 -2.055190580000000100e+00 -1.798808760000000007e+00 -1.542478510000000025e+00 -1.286199110000000090e+00 -1.029969799999999935e+00 -7.737898659999999929e-01 -5.176585670000000139e-01 -2.615751820000000172e-01 -5.538993090000000376e-03 2.504507140000000187e-01
