2.970240659999999977e+01 2.970029600000000158e+01 2.969819790000000026e+01 2.969611210000000057e+01 2.969403870000000012e+01 2.969197750000000013e+01 2.968992850000000061e+01 2.968789170000000155e+01 2.968586690000000061e+01 2.968385419999999897e+01 2.968185349999999900e+01 2.967986480000000071e+01 2.967788790000000176e+01 2.967592300000000094e+01 2.967396979999999829e+01 2.967202830000000091e+01 2.967009859999999932e+01 2.966818059999999946e+01 2.966627420000000015e+01 2.966437930000000023e+01 2.966249609999999848e+01 2.966062429999999850e+01 2.965876390000000029e+01 2.965691500000000147e+01 2.965507750000000087e+01 2.965325130000000087e+01 2.965143640000000147e+01 2.964963270000000151e+01 2.964784029999999859e+01 2.964605909999999866e+01 2.964428900000000056e+01 2.964253000000000071e+01 2.964078220000000030e+01 2.963904529999999937e+01 2.963731950000000026e+01 2.963560469999999825e+01 2.963390079999999926e+01 2.963220779999999976e+01 2.963052569999999974e+01 2.962885449999999921e+01 2.962719399999999936e+01 2.962554439999999900e+01 2.962390560000000050e+01 2.962227740000000153e+01 2.962066000000000088e+01 2.961905330000000092e+01 2.961745720000000048e+01 2.961587180000000075e+01 2.961429689999999937e+01 2.961273260000000107e+01
2.873214180000000084e+01 2.872892459999999915e+01 2.872572540000000174e+01 2.872254410000000036e+01 2.871938069999999854e+01 2.871623519999999985e+01 2.871310730000000078e+01 2.870999709999999894e+01 2.870690439999999910e+01 2.870382929999999888e+01 2.870077149999999833e+01 2.869773109999999861e+01 2.869470790000000093e+01 2.869170190000000176e+01 2.868871289999999874e+01 2.868574100000000016e+01 2.868278589999999895e+01 2.867984769999999983e+01 2.867692630000000165e+01 2.867402149999999850e+01 2.867113330000000104e+01 2.866826149999999984e+01 2.866540619999999961e+01 2.866256720000000158e+01 2.865974440000000101e+01 2.865693780000000146e+01 2.865414720000000059e+01 2.865137259999999841e+01 2.864861390000000085e+01 2.864587099999999964e+01 2.864314380000000071e+01 2.864043230000000051e+01 2.863773630000000026e+01 2.863505579999999995e+01 2.863239060000000080e+01 2.862974069999999926e+01 2.862710609999999889e+01 2.862448649999999972e+01 2.862188199999999938e+01 2.861929250000000025e+01 2.861671779999999998e+01 2.861415789999999859e+01 2.861161279999999962e+01 2.860908219999999957e+01 2.860656619999999961e+01 2.860406460000000095e+01 2.860157740000000004e+01 2.859910460000000043e+01 2.859664589999999862e+01 2.859420139999999932e+01
2.700470860000000073e+01 2.700279480000000021e+01 2.700089210000000151e+01 2.699900050000000107e+01 2.699711999999999890e+01 2.699525059999999854e+01 2.699339210000000122e+01 2.699154449999999983e+01 2.698970789999999909e+01 2.698788199999999904e+01 2.698606699999999847e+01 2.698426279999999977e+01 2.698246920000000060e+01 2.698068629999999857e+01 2.697891410000000079e+01 2.697715249999999898e+01 2.697540139999999909e+01 2.697366089999999872e+01 2.697193079999999910e+01 2.697021120000000138e+01 2.696850200000000086e+01 2.696680309999999992e+01 2.696511470000000088e+01 2.696343650000000025e+01 2.696176859999999920e+01 2.696011090000000010e+01 2.695846350000000058e+01 2.695682619999999829e+01 2.695519910000000152e+01 2.695358200000000082e+01 2.695197509999999852e+01 2.695037819999999940e+01 2.694879140000000106e+01 2.694721450000000118e+01 2.694564760000000092e+01 2.694409070000000028e+01 2.694254360000000048e+01 2.694100650000000030e+01 2.693947920000000096e+01 2.693796169999999890e+01 2.693645400000000123e+01 2.693495610000000084e+01 2.693346800000000130e+01 2.693198960000000142e+01 2.693052090000000121e+01 2.692906190000000066e+01 2.692761249999999862e+01 2.692617279999999980e+01 2.692474269999999947e+01 2.692332220000000120e+01
2.599674170000000117e+01 2.599384590000000017e+01 2.599096640000000136e+01 2.598810299999999884e+01 2.598525580000000090e+01 2.598242460000000165e+01 2.597960949999999869e+01 2.597681019999999918e+01 2.597402669999999958e+01 2.597125889999999870e+01 2.596850690000000128e+01 2.596577040000000025e+01 2.596304939999999917e+01 2.596034390000000158e+01 2.595765370000000161e+01 2.595497870000000162e+01 2.595231899999999925e+01 2.594967439999999925e+01 2.594704480000000046e+01 2.594443010000000172e+01 2.594183040000000062e+01 2.593924540000000079e+01 2.593667509999999865e+01 2.593411940000000016e+01 2.593157830000000175e+01 2.592905169999999870e+01 2.592653939999999935e+01 2.592404150000000129e+01 2.592155770000000103e+01 2.591908809999999974e+01 2.591663259999999980e+01 2.591419099999999887e+01 2.591176340000000167e+01 2.590934950000000114e+01 2.590694939999999846e+01 2.590456299999999956e+01 2.590219009999999855e+01 2.589983080000000015e+01 2.589748480000000086e+01 2.589515219999999829e+01 2.589283289999999838e+01 2.589052679999999995e+01 2.588823379999999830e+01 2.588595390000000052e+01 2.588368690000000072e+01 2.588143279999999891e+01 2.587919159999999863e+01 2.587696310000000111e+01 2.587474720000000161e+01 2.587254400000000132e+01
2.430640659999999897e+01 2.430468670000000131e+01 2.430297669999999854e+01 2.430127669999999895e+01 2.429958639999999903e+01 2.429790600000000111e+01 2.429623529999999931e+01 2.429457439999999835e+01 2.429292320000000061e+01 2.429128169999999898e+01 2.428964969999999823e+01 2.428802740000000071e+01 2.428641460000000052e+01 2.428481139999999883e+01 2.428321760000000040e+01 2.428163329999999931e+01 2.428005840000000148e+01 2.427849300000000099e+01 2.427693689999999904e+01 2.427539009999999919e+01 2.427385260000000144e+01 2.427232439999999869e+01 2.427080550000000159e+01 2.426929579999999831e+01 2.426779529999999951e+01 2.426630390000000048e+01 2.426482169999999883e+01 2.426334860000000049e+01 2.426188459999999836e+01 2.426042969999999954e+01 2.425898370000000170e+01 2.425754690000000124e+01 2.425611900000000176e+01 2.425469999999999970e+01 2.425328999999999979e+01 2.425188890000000086e+01 2.425049680000000052e+01 2.424911349999999999e+01 2.424773899999999927e+01 2.424637339999999952e+01 2.424501659999999958e+01 2.424366859999999946e+01 2.424232930000000152e+01 2.424099879999999985e+01 2.423967700000000036e+01 2.423836400000000069e+01 2.423705959999999848e+01 2.423576389999999847e+01 2.423447679999999949e+01 2.423319839999999914e+01
2.326047339999999863e+01 2.325789490000000015e+01 2.325533090000000058e+01 2.325278139999999993e+01 2.325024619999999942e+01 2.324772529999999904e+01 2.324521860000000117e+01 2.324272609999999872e+01 2.324024760000000001e+01 2.323778310000000147e+01 2.323533259999999956e+01 2.323289589999999905e+01 2.323047289999999876e+01 2.322806369999999987e+01 2.322566810000000004e+01 2.322328609999999927e+01 2.322091749999999877e+01 2.321856229999999854e+01 2.321622040000000098e+01 2.321389179999999897e+01 2.321157639999999844e+01 2.320927409999999824e+01 2.320698480000000075e+01 2.320470840000000123e+01 2.320244489999999971e+01 2.320019419999999855e+01 2.319795630000000131e+01 2.319573090000000093e+01 2.319351819999999975e+01 2.319131790000000137e+01 2.318913009999999986e+01 2.318695459999999997e+01 2.318479140000000172e+01 2.318264050000000154e+01 2.318050159999999948e+01 2.317837480000000028e+01 2.317625999999999920e+01 2.317415709999999862e+01 2.317206600000000094e+01 2.316998680000000022e+01 2.316791920000000005e+01 2.316586330000000160e+01 2.316381889999999899e+01 2.316178610000000049e+01 2.315976459999999904e+01 2.315775460000000052e+01 2.315575580000000144e+01 2.315376829999999941e+01 2.315179189999999920e+01 2.314982669999999843e+01
2.160689620000000133e+01 2.160536829999999853e+01 2.160384919999999909e+01 2.160233879999999829e+01 2.160083699999999851e+01 2.159934390000000093e+01 2.159785940000000082e+01 2.159638350000000173e+01 2.159491609999999895e+01 2.159345719999999957e+01 2.159200690000000122e+01 2.159056490000000039e+01 2.158913139999999942e+01 2.158770630000000068e+01 2.158628960000000063e+01 2.158488129999999927e+01 2.158348129999999898e+01 2.158208949999999859e+01 2.158070610000000045e+01 2.157933089999999865e+01 2.157796390000000031e+01 2.157660519999999948e+01 2.157525460000000095e+01 2.157391219999999876e+01 2.157257789999999886e+01 2.157125179999999887e+01 2.156993369999999999e+01 2.156862369999999984e+01 2.156732179999999843e+01 2.156602790000000169e+01 2.156474210000000014e+01 2.156346419999999853e+01 2.156219430000000159e+01 2.156093239999999867e+01 2.155967839999999924e+01 2.155843240000000094e+01 2.155719420000000142e+01 2.155596389999999829e+01 2.155474159999999983e+01 2.155352699999999899e+01 2.155232030000000165e+01 2.155112139999999954e+01 2.154993040000000093e+01 2.154874709999999993e+01 2.154757150000000010e+01 2.154640380000000022e+01 2.154524380000000150e+01 2.154409150000000039e+01 2.154294690000000045e+01 2.154181000000000168e+01
2.052374019999999888e+01 2.052147490000000118e+01 2.051922229999999914e+01 2.051698239999999984e+01 2.051475509999999858e+01 2.051254030000000128e+01 2.051033789999999968e+01 2.050814799999999849e+01 2.050597039999999893e+01 2.050380510000000100e+01 2.050165199999999999e+01 2.049951090000000065e+01 2.049738200000000177e+01 2.049526499999999984e+01 2.049315999999999960e+01 2.049106679999999869e+01 2.048898540000000068e+01 2.048691570000000084e+01 2.048485760000000155e+01 2.048281109999999927e+01 2.048077609999999993e+01 2.047875259999999997e+01 2.047674040000000062e+01 2.047473959999999948e+01 2.047274990000000017e+01 2.047077140000000028e+01 2.046880409999999983e+01 2.046684769999999887e+01 2.046490229999999855e+01 2.046296780000000126e+01 2.046104409999999874e+01 2.045913120000000163e+01 2.045722900000000166e+01 2.045533740000000122e+01 2.045345640000000031e+01 2.045158590000000132e+01 2.044972579999999951e+01 2.044787609999999844e+01 2.044603659999999934e+01 2.044420750000000098e+01 2.044238849999999985e+01 2.044057959999999952e+01 2.043878090000000114e+01 2.043699210000000122e+01 2.043521319999999974e+01 2.043344430000000145e+01 2.043168509999999927e+01 2.042993579999999909e+01 2.042819610000000097e+01 2.042646609999999896e+01
1.890628140000000101e+01 1.890494449999999915e+01 1.890361509999999967e+01 1.890229330000000019e+01 1.890097889999999836e+01 1.889967210000000009e+01 1.889837280000000064e+01 1.889708080000000123e+01 1.889579630000000066e+01 1.889451929999999891e+01 1.889324949999999959e+01 1.889198719999999909e+01 1.889073210000000103e+01 1.888948440000000062e+01 1.888824400000000026e+01 1.888701079999999877e+01 1.888578490000000087e+01 1.888456619999999830e+01 1.888335470000000171e+01 1.888215040000000045e+01 1.888095330000000160e+01 1.887976340000000164e+01 1.887858059999999938e+01 1.887740489999999838e+01 1.887623629999999864e+01 1.887507490000000132e+01 1.887392039999999938e+01 1.887277309999999986e+01 1.887163280000000043e+01 1.887049950000000109e+01 1.886937329999999946e+01 1.886825400000000030e+01 1.886714170000000124e+01 1.886603639999999871e+01 1.886493799999999865e+01 1.886384659999999869e+01 1.886276210000000120e+01 1.886168460000000024e+01 1.886061390000000060e+01 1.885955009999999987e+01 1.885849320000000162e+01 1.885744319999999874e+01 1.885640000000000072e+01 1.885536360000000045e+01 1.885433409999999910e+01 1.885331130000000144e+01 1.885229539999999915e+01 1.885128630000000172e+01 1.885028390000000087e+01 1.884928830000000133e+01
1.778622790000000009e+01 1.778427239999999898e+01 1.778232780000000091e+01 1.778039409999999876e+01 1.777847129999999964e+01 1.777655929999999884e+01 1.777465799999999874e+01 1.777276730000000171e+01 1.777088729999999828e+01 1.776901780000000031e+01 1.776715880000000070e+01 1.776531019999999828e+01 1.776347200000000015e+01 1.776164410000000160e+01 1.775982640000000146e+01 1.775801889999999972e+01 1.775622149999999877e+01 1.775443410000000100e+01 1.775265680000000046e+01 1.775088930000000076e+01 1.774913180000000068e+01 1.774738400000000027e+01 1.774564600000000070e+01 1.774391770000000079e+01 1.774219899999999939e+01 1.774048979999999887e+01 1.773879020000000040e+01 1.773710000000000164e+01 1.773541910000000144e+01 1.773374760000000094e+01 1.773208539999999900e+01 1.773043240000000154e+01 1.772878850000000028e+01 1.772715369999999879e+01 1.772552800000000062e+01 1.772391119999999987e+01 1.772230330000000009e+01 1.772070430000000130e+01 1.771911419999999993e+01 1.771753269999999958e+01 1.771595999999999904e+01 1.771439600000000070e+01 1.771284049999999866e+01 1.771129360000000119e+01 1.770975520000000003e+01 1.770822520000000111e+01 1.770670360000000088e+01 1.770519039999999933e+01 1.770368540000000124e+01 1.770218870000000067e+01
1.620467719999999900e+01 1.620353070000000173e+01 1.620239049999999992e+01 1.620125679999999946e+01 1.620012949999999918e+01 1.619900859999999909e+01 1.619789400000000157e+01 1.619678569999999951e+01 1.619568380000000118e+01 1.619458819999999832e+01 1.619349880000000041e+01 1.619241579999999914e+01 1.619133890000000164e+01 1.619026829999999961e+01 1.618920400000000015e+01 1.618814580000000092e+01 1.618709390000000070e+01 1.618604810000000072e+01 1.618500849999999858e+01 1.618397500000000022e+01 1.618294769999999971e+01 1.618192639999999827e+01 1.618091130000000177e+01 1.617990229999999841e+01 1.617889939999999882e+01 1.617790259999999947e+01 1.617691179999999918e+01 1.617592709999999911e+01 1.617494840000000167e+01 1.617397569999999973e+01 1.617300910000000158e+01 1.617204840000000132e+01 1.617109380000000129e+01 1.617014509999999916e+01 1.616920250000000081e+01 1.616826569999999919e+01 1.616733500000000134e+01 1.616641010000000023e+01 1.616549129999999934e+01 1.616457829999999873e+01 1.616367130000000074e+01 1.616277009999999947e+01 1.616187490000000082e+01 1.616098549999999889e+01 1.616010199999999841e+01 1.615922439999999938e+01 1.615835269999999824e+01 1.615748680000000093e+01 1.615662670000000034e+01 1.615577240000000003e+01
1.504816349999999936e+01 1.504651460000000007e+01 1.504487480000000055e+01 1.504324429999999957e+01 1.504162280000000074e+01 1.504001049999999928e+01 1.503840710000000058e+01 1.503681270000000048e+01 1.503522719999999957e+01 1.503365059999999964e+01 1.503208270000000013e+01 1.503052360000000043e+01 1.502897319999999937e+01 1.502743150000000050e+01 1.502589829999999971e+01 1.502437360000000055e+01 1.502285739999999947e+01 1.502134970000000003e+01 1.501985029999999988e+01 1.501835920000000080e+01 1.501687639999999924e+01 1.501540179999999935e+01 1.501393529999999998e+01 1.501247700000000052e+01 1.501102670000000039e+01 1.500958439999999960e+01 1.500815000000000055e+01 1.500672360000000083e+01 1.500530499999999989e+01 1.500389419999999951e+01 1.500249110000000030e+01 1.500109570000000048e+01 1.499970800000000004e+01 1.499832780000000021e+01 1.499695529999999977e+01 1.499559020000000054e+01 1.499423250000000074e+01 1.499288229999999977e+01 1.499153940000000063e+01 1.499020389999999914e+01 1.498887560000000008e+01 1.498755449999999989e+01 1.498624060000000036e+01 1.498493380000000030e+01 1.498363419999999913e+01 1.498234159999999981e+01 1.498105589999999943e+01 1.497977730000000030e+01 1.497850560000000009e+01 1.497724069999999941e+01
1.350221870000000024e+01 1.350126260000000045e+01 1.350031169999999925e+01 1.349936620000000076e+01 1.349842590000000087e+01 1.349749090000000074e+01 1.349656120000000037e+01 1.349563679999999977e+01 1.349471759999999954e+01 1.349380359999999968e+01 1.349289480000000019e+01 1.349199130000000046e+01 1.349109289999999994e+01 1.349019969999999979e+01 1.348931170000000002e+01 1.348842879999999944e+01 1.348755109999999924e+01 1.348667850000000001e+01 1.348581099999999999e+01 1.348494870000000034e+01 1.348409149999999990e+01 1.348323929999999926e+01 1.348239230000000077e+01 1.348155030000000032e+01 1.348071340000000085e+01 1.347988160000000057e+01 1.347905480000000011e+01 1.347823299999999946e+01 1.347741629999999979e+01 1.347660469999999933e+01 1.347579799999999928e+01 1.347499640000000021e+01 1.347419979999999917e+01 1.347340819999999972e+01 1.347262150000000069e+01 1.347183990000000087e+01 1.347106319999999968e+01 1.347029150000000008e+01 1.346952480000000030e+01 1.346876310000000032e+01 1.346800619999999959e+01 1.346725439999999985e+01 1.346650739999999935e+01 1.346576540000000044e+01 1.346502830000000017e+01 1.346429619999999971e+01 1.346356890000000028e+01 1.346284660000000066e+01 1.346212910000000029e+01 1.346141650000000034e+01
1.230958940000000013e+01 1.230824430000000014e+01 1.230690680000000015e+01 1.230557680000000076e+01 1.230425409999999964e+01 1.230293879999999973e+01 1.230163089999999926e+01 1.230033019999999944e+01 1.229903679999999966e+01 1.229775049999999936e+01 1.229647139999999972e+01 1.229519939999999956e+01 1.229393439999999948e+01 1.229267639999999950e+01 1.229142539999999961e+01 1.229018139999999981e+01 1.228894419999999954e+01 1.228771380000000057e+01 1.228649019999999936e+01 1.228527330000000006e+01 1.228406309999999912e+01 1.228285960000000010e+01 1.228166270000000004e+01 1.228047240000000073e+01 1.227928849999999983e+01 1.227811119999999967e+01 1.227694029999999970e+01 1.227577570000000051e+01 1.227461749999999974e+01 1.227346569999999915e+01 1.227232009999999995e+01 1.227118070000000039e+01 1.227004750000000044e+01 1.226892040000000073e+01 1.226779939999999947e+01 1.226668450000000021e+01 1.226557569999999942e+01 1.226447280000000006e+01 1.226337589999999977e+01 1.226228479999999976e+01 1.226119970000000059e+01 1.226012039999999992e+01 1.225904689999999952e+01 1.225797910000000002e+01 1.225691710000000079e+01 1.225586080000000067e+01 1.225481010000000026e+01 1.225376510000000074e+01 1.225272569999999916e+01 1.225169179999999969e+01
1.079906330000000025e+01 1.079829789999999967e+01 1.079753670000000021e+01 1.079677970000000009e+01 1.079602689999999932e+01 1.079527829999999966e+01 1.079453400000000052e+01 1.079379379999999955e+01 1.079305779999999970e+01 1.079232589999999981e+01 1.079159819999999925e+01 1.079087469999999982e+01 1.079015530000000034e+01 1.078944000000000081e+01 1.078872890000000062e+01 1.078802190000000039e+01 1.078731900000000010e+01 1.078662019999999977e+01 1.078592540000000000e+01 1.078523479999999957e+01 1.078454830000000086e+01 1.078386579999999917e+01 1.078318739999999920e+01 1.078251309999999918e+01 1.078184279999999973e+01 1.078117660000000022e+01 1.078051439999999950e+01 1.077985630000000050e+01 1.077920220000000029e+01 1.077855210000000064e+01 1.077790609999999916e+01 1.077726410000000001e+01 1.077662609999999965e+01 1.077599209999999985e+01 1.077536220000000000e+01 1.077473619999999954e+01 1.077411419999999964e+01 1.077349620000000030e+01 1.077288229999999913e+01 1.077227219999999974e+01 1.077166620000000030e+01 1.077106419999999964e+01 1.077046610000000015e+01 1.076987190000000005e+01 1.076928179999999990e+01 1.076869559999999915e+01 1.076811329999999955e+01 1.076753500000000052e+01 1.076696060000000088e+01 1.076639020000000002e+01
9.570605849999999748e+00 9.569562570000000434e+00 9.568525100000000450e+00 9.567493389999999209e+00 9.566467420000000388e+00 9.565447139999999848e+00 9.564432520000000437e+00 9.563423520000000622e+00 9.562420109999999696e+00 9.561422249999999678e+00 9.560429909999999865e+00 9.559443050000000497e+00 9.558461630000000042e+00 9.557485619999999571e+00 9.556514990000000154e+00 9.555549689999999430e+00 9.554589690000000246e+00 9.553634960000000120e+00 9.552685459999999296e+00 9.551741149999999791e+00 9.550802009999999953e+00 9.549867989999999196e+00 9.548939069999999418e+00 9.548015200000000036e+00 9.547096359999999393e+00 9.546182500000000459e+00 9.545273610000000630e+00 9.544369630000000271e+00 9.543470550000000330e+00 9.542576320000000223e+00 9.541686909999999244e+00 9.540802299999999292e+00 9.539922450000000609e+00 9.539047330000000713e+00 9.538176910000000674e+00 9.537311150000000737e+00 9.536450040000000072e+00 9.535593529999999873e+00 9.534741600000000261e+00 9.533894220000000530e+00 9.533051359999999974e+00 9.532212989999999664e+00 9.531379089999999721e+00 9.530549620000000388e+00 9.529724570000000838e+00 9.528903899999999538e+00 9.528087579999999335e+00 9.527275599999999400e+00 9.526467930000000806e+00 9.525664539999999292e+00
8.095335990000000592e+00 8.094761840000000319e+00 8.094190839999999554e+00 8.093623009999999951e+00 8.093058320000000805e+00 8.092496770000000339e+00 8.091938360000000330e+00 8.091383069999999123e+00 8.090830909999999321e+00 8.090281859999999270e+00 8.089735929999999797e+00 8.089193090000000197e+00 8.088653360000000347e+00 8.088116720000000370e+00 8.087583159999999438e+00 8.087052690000000155e+00 8.086525299999999916e+00 8.086000990000000499e+00 8.085479740000000248e+00 8.084961559999999992e+00 8.084446440000000678e+00 8.083934380000000530e+00 8.083425379999999549e+00 8.082919419999999633e+00 8.082416509999999832e+00 8.081916639999999319e+00 8.081419809999999870e+00 8.080926019999999710e+00 8.080435259999999786e+00 8.079947530000000100e+00 8.079462819999999823e+00 8.078981139999999783e+00 8.078502479999999153e+00 8.078026839999999709e+00 8.077554210000000623e+00 8.077084590000000119e+00 8.076617969999999147e+00 8.076154369999999361e+00 8.075693760000000054e+00 8.075236150000000279e+00 8.074781540000000035e+00 8.074329920000000271e+00 8.073881289999999211e+00 8.073435650000000408e+00 8.072992989999999480e+00 8.072553309999999982e+00 8.072116610000000136e+00 8.071682879999999116e+00 8.071252120000000474e+00 8.070824330000000657e+00
6.831315270000000162e+00 6.830572039999999845e+00 6.829832940000000185e+00 6.829097929999999650e+00 6.828366990000000136e+00 6.827640090000000050e+00 6.826917220000000341e+00 6.826198340000000364e+00 6.825483420000000301e+00 6.824772450000000212e+00 6.824065400000000281e+00 6.823362229999999862e+00 6.822662929999999903e+00 6.821967459999999761e+00 6.821275810000000384e+00 6.820587940000000238e+00 6.819903830000000333e+00 6.819223459999999903e+00 6.818546800000000019e+00 6.817873819999999974e+00 6.817204509999999829e+00 6.816538819999999888e+00 6.815876750000000150e+00 6.815218259999999972e+00 6.814563330000000363e+00 6.813911939999999667e+00 6.813264059999999844e+00 6.812619670000000127e+00 6.811978739999999810e+00 6.811341249999999903e+00 6.810707179999999639e+00 6.810076510000000027e+00 6.809449210000000363e+00 6.808825249999999940e+00 6.808204629999999646e+00 6.807587309999999725e+00 6.806973280000000237e+00 6.806362509999999588e+00 6.805754979999999676e+00 6.805150669999999735e+00 6.804549569999999825e+00 6.803951640000000189e+00 6.803356879999999940e+00 6.802765260000000147e+00 6.802176760000000044e+00 6.801591369999999692e+00 6.801009060000000161e+00 6.800429819999999737e+00 6.799853640000000254e+00 6.799280480000000182e+00
5.391123290000000345e+00 5.390741079999999741e+00 5.390360969999999696e+00 5.389982950000000272e+00 5.389607029999999632e+00 5.389233189999999674e+00 5.388861440000000336e+00 5.388491769999999903e+00 5.388124170000000213e+00 5.387758650000000316e+00 5.387395190000000333e+00 5.387033800000000205e+00 5.386674469999999992e+00 5.386317199999999694e+00 5.385961980000000260e+00 5.385608819999999852e+00 5.385257700000000369e+00 5.384908639999999913e+00 5.384561610000000442e+00 5.384216630000000059e+00 5.383873689999999712e+00 5.383532790000000290e+00 5.383193920000000077e+00 5.382857079999999961e+00 5.382522279999999881e+00 5.382189499999999960e+00 5.381858750000000136e+00 5.381530019999999581e+00 5.381203320000000012e+00 5.380878639999999713e+00 5.380555979999999572e+00 5.380235329999999649e+00 5.379916699999999885e+00 5.379600090000000279e+00 5.379285480000000064e+00 5.378972890000000007e+00 5.378662300000000229e+00 5.378353719999999782e+00 5.378047150000000443e+00 5.377742579999999606e+00 5.377440009999999937e+00 5.377139439999999659e+00 5.376840869999999661e+00 5.376544290000000004e+00 5.376249709999999737e+00 5.375957119999999811e+00 5.375666520000000226e+00 5.375377910000000092e+00 5.375091280000000360e+00 5.374806640000000080e+00
4.091683470000000433e+00 4.091239200000000409e+00 4.090797389999999645e+00 4.090358029999999978e+00 4.089921099999999754e+00 4.089486589999999921e+00 4.089054469999999775e+00 4.088624740000000202e+00 4.088197380000000436e+00 4.087772369999999711e+00 4.087349689999999924e+00 4.086929340000000188e+00 4.086511289999999796e+00 4.086095529999999698e+00 4.085682040000000015e+00 4.085270819999999858e+00 4.084861830000000360e+00 4.084455079999999683e+00 4.084050529999999846e+00 4.083648179999999961e+00 4.083248020000000089e+00 4.082850020000000413e+00 4.082454170000000104e+00 4.082060460000000113e+00 4.081668879999999611e+00 4.081279399999999669e+00 4.080892010000000347e+00 4.080506699999999931e+00 4.080123460000000257e+00 4.079742269999999671e+00 4.079363120000000009e+00 4.078985989999999617e+00 4.078610860000000393e+00 4.078237739999999611e+00 4.077866600000000119e+00 4.077497420000000261e+00 4.077130209999999977e+00 4.076764940000000337e+00 4.076401599999999625e+00 4.076040179999999680e+00 4.075680669999999672e+00 4.075323049999999725e+00 4.074967319999999837e+00 4.074613460000000131e+00 4.074261459999999779e+00 4.073911309999999730e+00 4.073563000000000045e+00 4.073216519999999896e+00 4.072871860000000233e+00 4.072529000000000288e+00
2.686768330000000038e+00 2.686578359999999943e+00 2.686389440000000128e+00 2.686201570000000149e+00 2.686014740000000067e+00 2.685828949999999882e+00 2.685644200000000037e+00 2.685460480000000150e+00 2.685277810000000098e+00 2.685096160000000065e+00 2.684915549999999929e+00 2.684735970000000194e+00 2.684557419999999972e+00 2.684379900000000152e+00 2.684203409999999845e+00 2.684027940000000001e+00 2.683853490000000175e+00 2.683680069999999862e+00 2.683507660000000072e+00 2.683336279999999796e+00 2.683165919999999982e+00 2.682996569999999803e+00 2.682828250000000025e+00 2.682660939999999883e+00 2.682494639999999819e+00 2.682329360000000218e+00 2.682165100000000191e+00 2.682001839999999859e+00 2.681839599999999990e+00 2.681678370000000200e+00 2.681518150000000045e+00 2.681358939999999969e+00 2.681200739999999971e+00 2.681043540000000114e+00 2.680887349999999891e+00 2.680732170000000192e+00 2.680578000000000127e+00 2.680424830000000203e+00 2.680272659999999973e+00 2.680121489999999884e+00 2.679971329999999874e+00 2.679822170000000003e+00 2.679674009999999829e+00 2.679526849999999794e+00 2.679380689999999898e+00 2.679235520000000204e+00 2.679091360000000144e+00 2.678948189999999840e+00 2.678806010000000182e+00 2.678664830000000219e+00
1.351914660000000046e+00 1.351768649999999905e+00 1.351623449999999949e+00 1.351479059999999954e+00 1.351335469999999983e+00 1.351192670000000096e+00 1.351050670000000009e+00 1.350909460000000006e+00 1.350769019999999987e+00 1.350629359999999890e+00 1.350490469999999998e+00 1.350352350000000090e+00 1.350214990000000004e+00 1.350078380000000022e+00 1.349942519999999924e+00 1.349807409999999930e+00 1.349673040000000102e+00 1.349539400000000056e+00 1.349406490000000014e+00 1.349274309999999977e+00 1.349142840000000065e+00 1.349012089999999997e+00 1.348882050000000055e+00 1.348752720000000016e+00 1.348624089999999942e+00 1.348496149999999894e+00 1.348368900000000092e+00 1.348242340000000095e+00 1.348116459999999961e+00 1.347991249999999974e+00 1.347866720000000074e+00 1.347742849999999937e+00 1.347619649999999947e+00 1.347497109999999942e+00 1.347375219999999985e+00 1.347253980000000073e+00 1.347133389999999986e+00 1.347013440000000006e+00 1.346894129999999912e+00 1.346775449999999985e+00 1.346657400000000004e+00 1.346539970000000030e+00 1.346423170000000002e+00 1.346306989999999981e+00 1.346191420000000027e+00 1.346076459999999919e+00 1.345962110000000100e+00 1.345848359999999966e+00 1.345735219999999899e+00 1.345622670000000021e+00
-1.785277869999999864e-02 -1.785009280000000170e-02 -1.784740989999999972e-02 -1.784473010000000096e-02 -1.784205319999999928e-02 -1.783937929999999950e-02 -1.783670840000000160e-02 -1.783404049999999866e-02 -1.783137560000000107e-02 -1.782871360000000058e-02 -1.782605469999999984e-02 -1.782339880000000099e-02 -1.782074590000000056e-02 -1.781809599999999855e-02 -1.781544919999999976e-02 -1.781280539999999940e-02 -1.781016469999999879e-02 -1.780752710000000141e-02 -1.780489260000000032e-02 -1.780226119999999898e-02 -1.779963299999999873e-02 -1.779700799999999958e-02 -1.779438620000000151e-02 -1.779176760000000107e-02 -1.778915229999999958e-02 -1.778654030000000053e-02 -1.778393160000000042e-02 -1.778132630000000061e-02 -1.777872440000000109e-02 -1.777612589999999840e-02 -1.777353090000000080e-02 -1.777093949999999922e-02 -1.776835159999999927e-02 -1.776576729999999882e-02 -1.776318660000000133e-02 -1.776060969999999906e-02 -1.775803650000000108e-02 -1.775546709999999834e-02 -1.775290159999999909e-02 -1.775033989999999853e-02 -1.774778219999999934e-02 -1.774522859999999938e-02 -1.774267889999999945e-02 -1.774013340000000008e-02 -1.773759210000000128e-02 -1.773505499999999957e-02 -1.773252219999999976e-02 -1.772999379999999972e-02 -1.772746970000000158e-02 -1.772495019999999893e-02
-1.388116750000000010e+00 -1.387964809999999938e+00 -1.387813710000000089e+00 -1.387663429999999920e+00 -1.387513980000000036e+00 -1.387365350000000053e+00 -1.387217539999999971e+00 -1.387070529999999913e+00 -1.386924320000000099e+00 -1.386778910000000087e+00 -1.386634300000000097e+00 -1.386490470000000030e+00 -1.386347420000000108e+00 -1.386205150000000108e+00 -1.386063639999999930e+00 -1.385922899999999958e+00 -1.385782920000000029e+00 -1.385643699999999923e+00 -1.385505219999999982e+00 -1.385367489999999924e+00 -1.385230490000000092e+00 -1.385094229999999982e+00 -1.384958689999999937e+00 -1.384823879999999896e+00 -1.384689789999999920e+00 -1.384556399999999909e+00 -1.384423729999999964e+00 -1.384291759999999982e+00 -1.384160480000000026e+00 -1.384029900000000035e+00 -1.383900010000000069e+00 -1.383770799999999968e+00 -1.383642269999999952e+00 -1.383514410000000083e+00 -1.383387219999999918e+00 -1.383260699999999899e+00 -1.383134829999999926e+00 -1.383009630000000101e+00 -1.382885069999999939e+00 -1.382761160000000045e+00 -1.382637899999999975e+00 -1.382515270000000074e+00 -1.382393280000000058e+00 -1.382271919999999987e+00 -1.382151190000000085e+00 -1.382031079999999967e+00 -1.381911590000000079e+00 -1.381792710000000035e+00 -1.381674449999999998e+00 -1.381556800000000029e+00
-2.722354310000000055e+00 -2.722159140000000033e+00 -2.721965019999999846e+00 -2.721771949999999940e+00 -2.721579929999999869e+00 -2.721388960000000079e+00 -2.721199030000000185e+00 -2.721010140000000188e+00 -2.720822290000000088e+00 -2.720635479999999884e+00 -2.720449710000000021e+00 -2.720264970000000115e+00 -2.720081270000000107e+00 -2.719898600000000055e+00 -2.719716959999999961e+00 -2.719536349999999825e+00 -2.719356770000000090e+00 -2.719178209999999929e+00 -2.719000680000000170e+00 -2.718824179999999924e+00 -2.718648700000000140e+00 -2.718474239999999931e+00 -2.718300800000000184e+00 -2.718128389999999950e+00 -2.717956989999999795e+00 -2.717786620000000042e+00 -2.717617259999999924e+00 -2.717448919999999823e+00 -2.717281589999999802e+00 -2.717115279999999800e+00 -2.716949989999999815e+00 -2.716785709999999909e+00 -2.716622440000000083e+00 -2.716460189999999830e+00 -2.716298940000000162e+00 -2.716138710000000067e+00 -2.715979490000000052e+00 -2.715821280000000115e+00 -2.715664069999999874e+00 -2.715507880000000096e+00 -2.715352690000000013e+00 -2.715198510000000010e+00 -2.715045330000000146e+00 -2.714893159999999916e+00 -2.714741989999999827e+00 -2.714591819999999878e+00 -2.714442660000000007e+00 -2.714294499999999832e+00 -2.714147339999999797e+00 -2.714001179999999902e+00
-4.127668889999999813e+00 -4.127218580000000081e+00 -4.126770760000000315e+00 -4.126325409999999749e+00 -4.125882510000000281e+00 -4.125442050000000194e+00 -4.125004009999999610e+00 -4.124568370000000428e+00 -4.124135120000000043e+00 -4.123704240000000354e+00 -4.123275729999999584e+00 -4.122849549999999752e+00 -4.122425699999999971e+00 -4.122004150000000422e+00 -4.121584900000000218e+00 -4.121167930000000368e+00 -4.120753220000000105e+00 -4.120340760000000380e+00 -4.119930519999999596e+00 -4.119522500000000420e+00 -4.119116680000000308e+00 -4.118713050000000209e+00 -4.118311580000000305e+00 -4.117912269999999708e+00 -4.117515100000000317e+00 -4.117120060000000414e+00 -4.116727120000000184e+00 -4.116336279999999626e+00 -4.115947519999999749e+00 -4.115560819999999786e+00 -4.115176179999999739e+00 -4.114793569999999789e+00 -4.114412999999999876e+00 -4.114034430000000242e+00 -4.113657859999999999e+00 -4.113283270000000158e+00 -4.112910659999999829e+00 -4.112540000000000084e+00 -4.112171290000000035e+00 -4.111804509999999802e+00 -4.111439650000000334e+00 -4.111076699999999917e+00 -4.110715650000000387e+00 -4.110356490000000029e+00 -4.109999189999999913e+00 -4.109643759999999979e+00 -4.109290180000000348e+00 -4.108938440000000192e+00 -4.108588529999999572e+00 -4.108240440000000326e+00
-5.426794469999999926e+00 -5.426406980000000324e+00 -5.426021600000000333e+00 -5.425638329999999954e+00 -5.425257150000000195e+00 -5.424878060000000168e+00 -5.424501069999999814e+00 -5.424126150000000202e+00 -5.423753320000000322e+00 -5.423382570000000236e+00 -5.423013890000000004e+00 -5.422647279999999625e+00 -5.422282739999999990e+00 -5.421920260000000269e+00 -5.421559839999999575e+00 -5.421201479999999684e+00 -5.420845179999999708e+00 -5.420490929999999707e+00 -5.420138729999999683e+00 -5.419788569999999694e+00 -5.419440459999999682e+00 -5.419094399999999645e+00 -5.418750369999999705e+00 -5.418408389999999741e+00 -5.418068439999999875e+00 -5.417730520000000105e+00 -5.417394640000000372e+00 -5.417060779999999909e+00 -5.416728960000000370e+00 -5.416399160000000101e+00 -5.416071389999999930e+00 -5.415745639999999916e+00 -5.415421910000000061e+00 -5.415100210000000303e+00 -5.414780519999999875e+00 -5.414462849999999605e+00 -5.414147190000000442e+00 -5.413833539999999722e+00 -5.413521910000000048e+00 -5.413212279999999765e+00 -5.412904669999999641e+00 -5.412599059999999795e+00 -5.412295450000000230e+00 -5.411993849999999995e+00 -5.411694250000000039e+00 -5.411396650000000363e+00 -5.411101040000000140e+00 -5.410807430000000195e+00 -5.410515809999999703e+00 -5.410226180000000440e+00
-6.867297019999999641e+00 -6.866547709999999860e+00 -6.865802539999999787e+00 -6.865061490000000433e+00 -6.864324530000000202e+00 -6.863591640000000105e+00 -6.862862790000000324e+00 -6.862137960000000092e+00 -6.861417119999999592e+00 -6.860700239999999894e+00 -6.859987300000000232e+00 -6.859278269999999900e+00 -6.858573119999999967e+00 -6.857871829999999669e+00 -6.857174370000000074e+00 -6.856480720000000417e+00 -6.855790840000000053e+00 -6.855104719999999929e+00 -6.854422330000000230e+00 -6.853743650000000187e+00 -6.853068640000000045e+00 -6.852397279999999924e+00 -6.851729549999999946e+00 -6.851065420000000294e+00 -6.850404870000000201e+00 -6.849747879999999789e+00 -6.849094410000000188e+00 -6.848444439999999744e+00 -6.847797960000000295e+00 -6.847154930000000306e+00 -6.846515339999999838e+00 -6.845879159999999963e+00 -6.845246369999999914e+00 -6.844616939999999872e+00 -6.843990849999999959e+00 -6.843368090000000237e+00 -6.842748620000000059e+00 -6.842132430000000376e+00 -6.841519500000000420e+00 -6.840909800000000374e+00 -6.840303320000000298e+00 -6.839700030000000375e+00 -6.839099909999999838e+00 -6.838502949999999636e+00 -6.837909129999999891e+00 -6.837318429999999836e+00 -6.836730819999999653e+00 -6.836146290000000292e+00 -6.835564830000000036e+00 -6.834986409999999957e+00
-8.130987740000000130e+00 -8.130408389999999486e+00 -8.129832199999999176e+00 -8.129259180000000029e+00 -8.128689310000000390e+00 -8.128122590000000258e+00 -8.127559010000000583e+00 -8.126998560000000538e+00 -8.126441240000000121e+00 -8.125887040000000283e+00 -8.125335950000000196e+00 -8.124787980000000687e+00 -8.124243099999999274e+00 -8.123701329999999388e+00 -8.123162649999999374e+00 -8.122627059999999233e+00 -8.122094549999999913e+00 -8.121565119999999638e+00 -8.121038770000000184e+00 -8.120515490000000725e+00 -8.119995270000000431e+00 -8.119478120000000132e+00 -8.118964030000000776e+00 -8.118452989999999758e+00 -8.117945000000000633e+00 -8.117440059999999846e+00 -8.116938169999999175e+00 -8.116439319999999569e+00 -8.115943500000000199e+00 -8.115450720000000118e+00 -8.114960970000000273e+00 -8.114474250000000666e+00 -8.113990559999999519e+00 -8.113509880000000507e+00 -8.113032229999999956e+00 -8.112557589999999763e+00 -8.112085970000000756e+00 -8.111617360000000332e+00 -8.111151749999999439e+00 -8.110689150000000680e+00 -8.110229549999999676e+00 -8.109772949999999980e+00 -8.109319340000000764e+00 -8.108868720000000252e+00 -8.108421099999999271e+00 -8.107976459999999719e+00 -8.107534799999999819e+00 -8.107096130000000400e+00 -8.106660420000000755e+00 -8.106227699999999814e+00
-9.606721170000000143e+00 -9.605671600000000865e+00 -9.604627849999999967e+00 -9.603589899999999346e+00 -9.602557700000000196e+00 -9.601531209999999206e+00 -9.600510410000000050e+00 -9.599495250000000368e+00 -9.598485699999999454e+00 -9.597481730000000155e+00 -9.596483290000000110e+00 -9.595490350000000390e+00 -9.594502880000000289e+00 -9.593520829999999222e+00 -9.592544180000000864e+00 -9.591572890000000129e+00 -9.590606920000000812e+00 -9.589646229999999605e+00 -9.588690789999999353e+00 -9.587740569999999352e+00 -9.586795520000000792e+00 -9.585855620000000243e+00 -9.584920840000000553e+00 -9.583991120000000308e+00 -9.583066450000000458e+00 -9.582146780000000419e+00 -9.581232090000000312e+00 -9.580322329999999553e+00 -9.579417480000000040e+00 -9.578517509999999291e+00 -9.577622370000000274e+00 -9.576732050000000385e+00 -9.575846500000000816e+00 -9.574965690000000862e+00 -9.574089600000000644e+00 -9.573218190000000405e+00 -9.572351440000000267e+00 -9.571489299999999645e+00 -9.570631759999999488e+00 -9.569778790000000868e+00 -9.568930339999999646e+00 -9.568086409999999375e+00 -9.567246949999999472e+00 -9.566411940000000058e+00 -9.565581359999999478e+00 -9.564755169999999751e+00 -9.563933349999999223e+00 -9.563115879999999791e+00 -9.562302730000000750e+00 -9.561493869999999617e+00
-1.083479920000000085e+01 -1.083402859999999990e+01 -1.083326220000000006e+01 -1.083249999999999957e+01 -1.083174200000000020e+01 -1.083098820000000018e+01 -1.083023870000000066e+01 -1.082949329999999932e+01 -1.082875210000000088e+01 -1.082801510000000000e+01 -1.082728230000000025e+01 -1.082655360000000044e+01 -1.082582900000000059e+01 -1.082510860000000008e+01 -1.082439229999999952e+01 -1.082368020000000008e+01 -1.082297209999999943e+01 -1.082226819999999989e+01 -1.082156840000000031e+01 -1.082087259999999951e+01 -1.082018099999999983e+01 -1.081949340000000070e+01 -1.081880999999999915e+01 -1.081813050000000054e+01 -1.081745519999999949e+01 -1.081678390000000078e+01 -1.081611670000000025e+01 -1.081545350000000028e+01 -1.081479440000000025e+01 -1.081413930000000079e+01 -1.081348820000000011e+01 -1.081284109999999998e+01 -1.081219809999999981e+01 -1.081155910000000020e+01 -1.081092409999999937e+01 -1.081029320000000027e+01 -1.080966620000000056e+01 -1.080904319999999963e+01 -1.080842419999999926e+01 -1.080780930000000062e+01 -1.080719829999999959e+01 -1.080659119999999973e+01 -1.080598819999999982e+01 -1.080538909999999930e+01 -1.080479399999999934e+01 -1.080420289999999994e+01 -1.080361569999999993e+01 -1.080303239999999931e+01 -1.080245309999999925e+01 -1.080187779999999975e+01
-1.234597789999999939e+01 -1.234462629999999983e+01 -1.234328209999999970e+01 -1.234194540000000018e+01 -1.234061619999999948e+01 -1.233929430000000060e+01 -1.233797979999999939e+01 -1.233667259999999999e+01 -1.233537259999999947e+01 -1.233407990000000076e+01 -1.233279429999999977e+01 -1.233151580000000003e+01 -1.233024439999999977e+01 -1.232897999999999961e+01 -1.232772270000000070e+01 -1.232647219999999955e+01 -1.232522870000000026e+01 -1.232399189999999933e+01 -1.232276200000000088e+01 -1.232153890000000018e+01 -1.232032240000000023e+01 -1.231911269999999980e+01 -1.231790950000000073e+01 -1.231671290000000063e+01 -1.231552289999999950e+01 -1.231433939999999971e+01 -1.231316230000000012e+01 -1.231199160000000070e+01 -1.231082729999999970e+01 -1.230966929999999948e+01 -1.230851760000000006e+01 -1.230737210000000026e+01 -1.230623280000000008e+01 -1.230509969999999953e+01 -1.230397269999999921e+01 -1.230285179999999912e+01 -1.230173689999999986e+01 -1.230062799999999967e+01 -1.229952510000000032e+01 -1.229842810000000064e+01 -1.229733700000000063e+01 -1.229625180000000029e+01 -1.229517240000000022e+01 -1.229409869999999927e+01 -1.229303080000000037e+01 -1.229196860000000058e+01 -1.229091209999999990e+01 -1.228986120000000071e+01 -1.228881600000000063e+01 -1.228777630000000087e+01
-1.353812579999999954e+01 -1.353716439999999999e+01 -1.353620820000000080e+01 -1.353525740000000077e+01 -1.353431190000000051e+01 -1.353337170000000000e+01 -1.353243669999999987e+01 -1.353150699999999951e+01 -1.353058260000000068e+01 -1.352966340000000045e+01 -1.352874940000000059e+01 -1.352784059999999933e+01 -1.352693700000000021e+01 -1.352603859999999969e+01 -1.352514539999999954e+01 -1.352425739999999976e+01 -1.352337449999999919e+01 -1.352249669999999959e+01 -1.352162410000000037e+01 -1.352075660000000035e+01 -1.351989419999999953e+01 -1.351903700000000086e+01 -1.351818480000000022e+01 -1.351733770000000057e+01 -1.351649570000000011e+01 -1.351565880000000064e+01 -1.351482689999999920e+01 -1.351400010000000051e+01 -1.351317829999999987e+01 -1.351236160000000019e+01 -1.351154990000000033e+01 -1.351074320000000029e+01 -1.350994150000000005e+01 -1.350914490000000079e+01 -1.350835320000000017e+01 -1.350756660000000053e+01 -1.350678489999999954e+01 -1.350600820000000013e+01 -1.350523650000000053e+01 -1.350446980000000075e+01 -1.350370799999999960e+01 -1.350295110000000065e+01 -1.350219929999999913e+01 -1.350145230000000041e+01 -1.350071029999999972e+01 -1.349997319999999945e+01 -1.349924099999999960e+01 -1.349851379999999956e+01 -1.349779140000000055e+01 -1.349707399999999957e+01
-1.508474520000000041e+01 -1.508308929999999926e+01 -1.508144260000000081e+01 -1.507980509999999974e+01 -1.507817670000000021e+01 -1.507655749999999983e+01 -1.507494720000000044e+01 -1.507334600000000080e+01 -1.507175370000000036e+01 -1.507017019999999974e+01 -1.506859560000000009e+01 -1.506702970000000086e+01 -1.506547259999999966e+01 -1.506392409999999948e+01 -1.506238420000000033e+01 -1.506085290000000043e+01 -1.505932999999999922e+01 -1.505781559999999963e+01 -1.505630960000000051e+01 -1.505481200000000008e+01 -1.505332259999999955e+01 -1.505184140000000070e+01 -1.505036839999999998e+01 -1.504890349999999977e+01 -1.504744670000000006e+01 -1.504599800000000087e+01 -1.504455710000000046e+01 -1.504312419999999939e+01 -1.504169920000000005e+01 -1.504028199999999948e+01 -1.503887250000000009e+01 -1.503747079999999947e+01 -1.503607670000000063e+01 -1.503469020000000000e+01 -1.503331129999999938e+01 -1.503193989999999935e+01 -1.503057590000000054e+01 -1.502921940000000056e+01 -1.502787030000000001e+01 -1.502652849999999951e+01 -1.502519400000000083e+01 -1.502386669999999924e+01 -1.502254660000000008e+01 -1.502123360000000041e+01 -1.501992779999999961e+01 -1.501862900000000067e+01 -1.501733729999999944e+01 -1.501605250000000069e+01 -1.501477470000000025e+01 -1.501350369999999934e+01
-1.624084609999999884e+01 -1.623969419999999886e+01 -1.623854869999999906e+01 -1.623740959999999944e+01 -1.623627690000000001e+01 -1.623515060000000076e+01 -1.623403070000000170e+01 -1.623291710000000165e+01 -1.623180989999999824e+01 -1.623070900000000094e+01 -1.622961430000000149e+01 -1.622852599999999867e+01 -1.622744390000000081e+01 -1.622636800000000079e+01 -1.622529839999999979e+01 -1.622423500000000018e+01 -1.622317779999999843e+01 -1.622212680000000162e+01 -1.622108199999999911e+01 -1.622004330000000039e+01 -1.621901079999999951e+01 -1.621798439999999886e+01 -1.621696419999999961e+01 -1.621594999999999942e+01 -1.621494189999999946e+01 -1.621394000000000091e+01 -1.621294410000000141e+01 -1.621195420000000098e+01 -1.621097040000000078e+01 -1.620999270000000081e+01 -1.620902099999999990e+01 -1.620805530000000161e+01 -1.620709559999999883e+01 -1.620614189999999866e+01 -1.620519420000000110e+01 -1.620425240000000144e+01 -1.620331669999999846e+01 -1.620238690000000048e+01 -1.620146300000000039e+01 -1.620054509999999937e+01 -1.619963309999999979e+01 -1.619872700000000165e+01 -1.619782680000000141e+01 -1.619693249999999907e+01 -1.619604410000000172e+01 -1.619516159999999871e+01 -1.619428500000000071e+01 -1.619341419999999943e+01 -1.619254929999999959e+01 -1.619169020000000003e+01
-1.782294560000000061e+01 -1.782098269999999829e+01 -1.781903090000000134e+01 -1.781709000000000032e+01 -1.781515999999999877e+01 -1.781324079999999910e+01 -1.781133230000000012e+01 -1.780943459999999945e+01 -1.780754749999999831e+01 -1.780567089999999908e+01 -1.780380480000000176e+01 -1.780194919999999925e+01 -1.780010400000000104e+01 -1.779826909999999884e+01 -1.779644439999999861e+01 -1.779462990000000033e+01 -1.779282560000000046e+01 -1.779103140000000138e+01 -1.778924710000000076e+01 -1.778747279999999975e+01 -1.778570840000000075e+01 -1.778395390000000020e+01 -1.778220900000000171e+01 -1.778047390000000050e+01 -1.777874840000000134e+01 -1.777703259999999830e+01 -1.777532619999999852e+01 -1.777362929999999963e+01 -1.777194180000000046e+01 -1.777026359999999983e+01 -1.776859470000000130e+01 -1.776693510000000131e+01 -1.776528460000000109e+01 -1.776364320000000063e+01 -1.776201089999999994e+01 -1.776038750000000022e+01 -1.775877309999999909e+01 -1.775716759999999894e+01 -1.775557089999999860e+01 -1.775398300000000162e+01 -1.775240379999999973e+01 -1.775083330000000004e+01 -1.774927140000000136e+01 -1.774771810000000016e+01 -1.774617320000000120e+01 -1.774463679999999854e+01 -1.774310889999999930e+01 -1.774158930000000112e+01 -1.774007800000000046e+01 -1.773857500000000087e+01
-1.894275880000000001e+01 -1.894141640000000137e+01 -1.894008159999999918e+01 -1.893875440000000054e+01 -1.893743459999999956e+01 -1.893612239999999858e+01 -1.893481769999999997e+01 -1.893352039999999903e+01 -1.893223049999999930e+01 -1.893094809999999839e+01 -1.892967300000000108e+01 -1.892840530000000143e+01 -1.892714499999999944e+01 -1.892589200000000105e+01 -1.892464620000000153e+01 -1.892340779999999967e+01 -1.892217660000000024e+01 -1.892095270000000085e+01 -1.891973600000000033e+01 -1.891852649999999869e+01 -1.891732419999999948e+01 -1.891612909999999914e+01 -1.891494110000000006e+01 -1.891376029999999986e+01 -1.891258660000000091e+01 -1.891141999999999967e+01 -1.891026049999999969e+01 -1.890910799999999981e+01 -1.890796260000000117e+01 -1.890682430000000025e+01 -1.890569299999999942e+01 -1.890456860000000106e+01 -1.890345130000000040e+01 -1.890234099999999984e+01 -1.890123769999999936e+01 -1.890014130000000137e+01 -1.889905179999999874e+01 -1.889796929999999975e+01 -1.889689369999999968e+01 -1.889582499999999854e+01 -1.889476319999999987e+01 -1.889370830000000012e+01 -1.889266020000000168e+01 -1.889161899999999861e+01 -1.889058460000000039e+01 -1.888955710000000110e+01 -1.888853629999999839e+01 -1.888752240000000171e+01 -1.888651529999999923e+01 -1.888551490000000044e+01
-2.056084740000000011e+01 -2.055857430000000008e+01 -2.055631389999999925e+01 -2.055406620000000117e+01 -2.055183110000000113e+01 -2.054960859999999911e+01 -2.054739860000000107e+01 -2.054520099999999871e+01 -2.054301579999999916e+01 -2.054084280000000007e+01 -2.053868209999999905e+01 -2.053653350000000088e+01 -2.053439699999999846e+01 -2.053227250000000126e+01 -2.053015990000000102e+01 -2.052805929999999890e+01 -2.052597039999999851e+01 -2.052389330000000101e+01 -2.052182780000000051e+01 -2.051977390000000057e+01 -2.051773160000000118e+01 -2.051570070000000001e+01 -2.051368120000000062e+01 -2.051167299999999827e+01 -2.050967610000000008e+01 -2.050769030000000015e+01 -2.050571569999999966e+01 -2.050375209999999981e+01 -2.050179950000000062e+01 -2.049985789999999852e+01 -2.049792700000000067e+01 -2.049600699999999875e+01 -2.049409770000000108e+01 -2.049219899999999939e+01 -2.049031090000000077e+01 -2.048843330000000051e+01 -2.048656619999999862e+01 -2.048470939999999985e+01 -2.048286299999999827e+01 -2.048102689999999981e+01 -2.047920089999999860e+01 -2.047738520000000051e+01 -2.047557940000000087e+01 -2.047378379999999964e+01 -2.047199799999999925e+01 -2.047022219999999848e+01 -2.046845619999999855e+01 -2.046669999999999945e+01 -2.046495360000000119e+01 -2.046321680000000143e+01
-2.164371429999999918e+01 -2.164218079999999844e+01 -2.164065610000000106e+01 -2.163914019999999994e+01 -2.163763289999999984e+01 -2.163613429999999838e+01 -2.163464420000000032e+01 -2.163316280000000091e+01 -2.163168999999999897e+01 -2.163022570000000044e+01 -2.162876990000000177e+01 -2.162732249999999823e+01 -2.162588369999999927e+01 -2.162445320000000137e+01 -2.162303119999999979e+01 -2.162161749999999927e+01 -2.162021220000000099e+01 -2.161881520000000023e+01 -2.161742639999999938e+01 -2.161604600000000076e+01 -2.161467379999999849e+01 -2.161330990000000085e+01 -2.161195409999999839e+01 -2.161060649999999939e+01 -2.160926710000000028e+01 -2.160793590000000108e+01 -2.160661269999999945e+01 -2.160529770000000127e+01 -2.160399070000000066e+01 -2.160269179999999878e+01 -2.160140090000000157e+01 -2.160011799999999837e+01 -2.159884320000000102e+01 -2.159757630000000006e+01 -2.159631740000000022e+01 -2.159506650000000150e+01 -2.159382340000000156e+01 -2.159258829999999918e+01 -2.159136110000000031e+01 -2.159014170000000021e+01 -2.158893020000000007e+01 -2.158772659999999988e+01 -2.158653079999999846e+01 -2.158534279999999939e+01 -2.158416250000000147e+01 -2.158299009999999996e+01 -2.158182539999999960e+01 -2.158066850000000159e+01 -2.157951930000000118e+01 -2.157837779999999839e+01
-2.329823620000000162e+01 -2.329564909999999855e+01 -2.329307650000000152e+01 -2.329051839999999984e+01 -2.328797459999999830e+01 -2.328544520000000162e+01 -2.328292989999999918e+01 -2.328042890000000043e+01 -2.327794199999999947e+01 -2.327546900000000107e+01 -2.327301010000000048e+01 -2.327056490000000011e+01 -2.326813359999999875e+01 -2.326571609999999879e+01 -2.326331210000000027e+01 -2.326092179999999843e+01 -2.325854490000000041e+01 -2.325618150000000028e+01 -2.325383139999999926e+01 -2.325149460000000090e+01 -2.324917100000000048e+01 -2.324686060000000154e+01 -2.324456310000000059e+01 -2.324227869999999996e+01 -2.324000709999999970e+01 -2.323774840000000097e+01 -2.323550240000000144e+01 -2.323326910000000112e+01 -2.323104839999999882e+01 -2.322884020000000049e+01 -2.322664449999999903e+01 -2.322446109999999919e+01 -2.322229000000000099e+01 -2.322013120000000086e+01 -2.321798450000000003e+01 -2.321584999999999965e+01 -2.321372739999999979e+01 -2.321161670000000044e+01 -2.320951799999999920e+01 -2.320743099999999970e+01 -2.320535579999999953e+01 -2.320329219999999992e+01 -2.320124029999999848e+01 -2.319919979999999882e+01 -2.319717079999999854e+01 -2.319515320000000003e+01 -2.319314699999999974e+01 -2.319115199999999888e+01 -2.318916820000000101e+01 -2.318719550000000140e+01
-2.434417499999999990e+01 -2.434244939999999957e+01 -2.434073370000000125e+01 -2.433902790000000138e+01 -2.433733210000000113e+01 -2.433564600000000056e+01 -2.433396979999999843e+01 -2.433230329999999952e+01 -2.433064660000000146e+01 -2.432899949999999833e+01 -2.432736209999999843e+01 -2.432573430000000059e+01 -2.432411610000000124e+01 -2.432250750000000039e+01 -2.432090840000000043e+01 -2.431931870000000018e+01 -2.431773850000000081e+01 -2.431616779999999878e+01 -2.431460639999999884e+01 -2.431305439999999862e+01 -2.431151180000000167e+01 -2.430997839999999854e+01 -2.430845430000000107e+01 -2.430693949999999859e+01 -2.430543390000000059e+01 -2.430393749999999997e+01 -2.430245019999999911e+01 -2.430097209999999919e+01 -2.429950320000000019e+01 -2.429804329999999979e+01 -2.429659240000000153e+01 -2.429515070000000065e+01 -2.429371790000000075e+01 -2.429229409999999945e+01 -2.429087930000000028e+01 -2.428947349999999972e+01 -2.428807660000000013e+01 -2.428668860000000151e+01 -2.428530939999999916e+01 -2.428393919999999895e+01 -2.428257779999999855e+01 -2.428122520000000151e+01 -2.427988140000000072e+01 -2.427854629999999858e+01 -2.427722010000000097e+01 -2.427590250000000083e+01 -2.427459370000000050e+01 -2.427329359999999880e+01 -2.427200219999999931e+01 -2.427071949999999845e+01
-2.603455370000000002e+01 -2.603164789999999940e+01 -2.602875849999999858e+01 -2.602588520000000116e+01 -2.602302810000000122e+01 -2.602018710000000112e+01 -2.601736209999999971e+01 -2.601455290000000176e+01 -2.601175969999999893e+01 -2.600898219999999839e+01 -2.600622040000000013e+01 -2.600347419999999943e+01 -2.600074349999999868e+01 -2.599802830000000142e+01 -2.599532839999999823e+01 -2.599264390000000091e+01 -2.598997460000000004e+01 -2.598732040000000154e+01 -2.598468129999999832e+01 -2.598205719999999985e+01 -2.597944800000000143e+01 -2.597685359999999832e+01 -2.597427390000000003e+01 -2.597170889999999943e+01 -2.596915840000000131e+01 -2.596662249999999972e+01 -2.596410099999999943e+01 -2.596159379999999928e+01 -2.595910080000000164e+01 -2.595662210000000059e+01 -2.595415739999999971e+01 -2.595170680000000019e+01 -2.594927009999999967e+01 -2.594684720000000056e+01 -2.594443809999999928e+01 -2.594204279999999940e+01 -2.593966100000000097e+01 -2.593729280000000159e+01 -2.593493799999999894e+01 -2.593259660000000011e+01 -2.593026860000000156e+01 -2.592795380000000094e+01 -2.592565210000000064e+01 -2.592336350000000067e+01 -2.592108789999999985e+01 -2.591882530000000173e+01 -2.591657550000000043e+01 -2.591433849999999950e+01 -2.591211420000000132e+01 -2.590990259999999878e+01
-2.704339140000000086e+01 -2.704147169999999889e+01 -2.703956319999999991e+01 -2.703766579999999919e+01 -2.703577950000000030e+01 -2.703390429999999967e+01 -2.703204009999999968e+01 -2.703018690000000035e+01 -2.702834460000000050e+01 -2.702651309999999896e+01 -2.702469260000000162e+01 -2.702288280000000142e+01 -2.702108379999999954e+01 -2.701929540000000074e+01 -2.701751780000000025e+01 -2.701575079999999929e+01 -2.701399440000000141e+01 -2.701224859999999950e+01 -2.701051329999999950e+01 -2.700878840000000025e+01 -2.700707410000000053e+01 -2.700537010000000038e+01 -2.700367650000000097e+01 -2.700199329999999875e+01 -2.700032039999999967e+01 -2.699865780000000015e+01 -2.699700539999999904e+01 -2.699536319999999989e+01 -2.699373130000000032e+01 -2.699210940000000036e+01 -2.699049769999999882e+01 -2.698889610000000161e+01 -2.698730460000000164e+01 -2.698572310000000130e+01 -2.698415160000000057e+01 -2.698259009999999947e+01 -2.698103850000000037e+01 -2.697949690000000089e+01 -2.697796509999999870e+01 -2.697644329999999968e+01 -2.697493130000000150e+01 -2.697342910000000060e+01 -2.697193670000000054e+01 -2.697045410000000132e+01 -2.696898120000000176e+01 -2.696751809999999949e+01 -2.696606470000000044e+01 -2.696462089999999989e+01 -2.696318679999999901e+01 -2.696176240000000135e+01
-2.877054890000000142e+01 -2.876731949999999927e+01 -2.876410810000000140e+01 -2.876091470000000072e+01 -2.875773909999999844e+01 -2.875458130000000168e+01 -2.875144129999999976e+01 -2.874831890000000101e+01 -2.874521409999999833e+01 -2.874212680000000120e+01 -2.873905690000000135e+01 -2.873600439999999878e+01 -2.873296909999999826e+01 -2.872995110000000096e+01 -2.872695009999999982e+01 -2.872396609999999839e+01 -2.872099910000000023e+01 -2.871804889999999943e+01 -2.871511560000000074e+01 -2.871219890000000063e+01 -2.870929879999999912e+01 -2.870641519999999858e+01 -2.870354809999999901e+01 -2.870069739999999925e+01 -2.869786290000000051e+01 -2.869504459999999924e+01 -2.869224249999999898e+01 -2.868945629999999980e+01 -2.868668609999999930e+01 -2.868393169999999870e+01 -2.868119310000000155e+01 -2.867847019999999958e+01 -2.867576289999999872e+01 -2.867307110000000137e+01 -2.867039469999999923e+01 -2.866773369999999943e+01 -2.866508800000000079e+01 -2.866245740000000097e+01 -2.865984189999999998e+01 -2.865724140000000020e+01 -2.865465590000000162e+01 -2.865208519999999837e+01 -2.864952930000000109e+01 -2.864698800000000034e+01 -2.864446140000000085e+01 -2.864194930000000028e+01 -2.863945160000000101e+01 -2.863696829999999949e+01 -2.863449930000000165e+01 -2.863204449999999923e+01
2.831456139999999877e+01 2.831264369999999886e+01 2.831073729999999955e+01 2.830884209999999968e+01 2.830695830000000157e+01 2.830508560000000173e+01 2.830322410000000133e+01 2.830137369999999919e+01 2.829953439999999887e+01 2.829770609999999920e+01 2.829588890000000134e+01 2.829408259999999942e+01 2.829228720000000052e+01 2.829050259999999994e+01 2.828872900000000001e+01 2.828696610000000078e+01 2.828521399999999986e+01 2.828347259999999963e+01 2.828174190000000010e+01 2.828002190000000127e+01 2.827831259999999958e+01 2.827661379999999980e+01 2.827492549999999838e+01 2.827324790000000121e+01 2.827158070000000123e+01 2.826992389999999844e+01 2.826827760000000112e+01 2.826664170000000098e+01 2.826501620000000159e+01 2.826340109999999939e+01 2.826179619999999915e+01 2.826020169999999965e+01 2.825861739999999855e+01 2.825704329999999942e+01 2.825547939999999869e+01 2.825392580000000109e+01 2.825238219999999956e+01 2.825084890000000115e+01 2.824932559999999881e+01 2.824781240000000082e+01 2.824630919999999890e+01 2.824481610000000131e+01 2.824333299999999980e+01 2.824185990000000146e+01 2.824039670000000157e+01 2.823894350000000131e+01 2.823750019999999950e+01 2.823606679999999969e+01 2.823464329999999833e+01 2.823322960000000137e+01
3.013271669999999958e+01 3.012919319999999956e+01 3.012568920000000006e+01 3.012220459999999989e+01 3.011873930000000144e+01 3.011529319999999998e+01 3.011186629999999909e+01 3.010845850000000112e+01 3.010506970000000138e+01 3.010169989999999984e+01 3.009834890000000129e+01 3.009501669999999862e+01 3.009170320000000132e+01 3.008840839999999872e+01 3.008513209999999916e+01 3.008187429999999907e+01 3.007863479999999967e+01 3.007541369999999858e+01 3.007221090000000174e+01 3.006902609999999854e+01 3.006585949999999841e+01 3.006271080000000140e+01 3.005958000000000041e+01 3.005646700000000138e+01 3.005337180000000075e+01 3.005029419999999973e+01 3.004723410000000072e+01 3.004419150000000016e+01 3.004116630000000043e+01 3.003815840000000037e+01 3.003516760000000119e+01 3.003219400000000050e+01 3.002923739999999952e+01 3.002629779999999826e+01 3.002337500000000148e+01 3.002046899999999852e+01 3.001757960000000125e+01 3.001470679999999902e+01 3.001185050000000132e+01 3.000901070000000104e+01 3.000618709999999822e+01 3.000337980000000115e+01 3.000058860000000038e+01 2.999781339999999830e+01 2.999505429999999961e+01 2.999231100000000083e+01 2.998958349999999839e+01 2.998687169999999824e+01 2.998417549999999920e+01 2.998149490000000128e+01
2.562014470000000088e+01 2.561841259999999920e+01 2.561669069999999948e+01 2.561497900000000172e+01 2.561327730000000003e+01 2.561158569999999912e+01 2.560990410000000139e+01 2.560823249999999973e+01 2.560657080000000008e+01 2.560491910000000004e+01 2.560327729999999846e+01 2.560164530000000127e+01 2.560002319999999898e+01 2.559841079999999991e+01 2.559680820000000168e+01 2.559521529999999956e+01 2.559363219999999828e+01 2.559205860000000143e+01 2.559049479999999832e+01 2.558894049999999964e+01 2.558739579999999947e+01 2.558586070000000134e+01 2.558433510000000055e+01 2.558281900000000064e+01 2.558131240000000162e+01 2.557981519999999875e+01 2.557832739999999916e+01 2.557684910000000045e+01 2.557538010000000028e+01 2.557392039999999866e+01 2.557247010000000031e+01 2.557102899999999934e+01 2.556959730000000164e+01 2.556817480000000131e+01 2.556676149999999836e+01 2.556535739999999990e+01 2.556396249999999881e+01 2.556257679999999866e+01 2.556120019999999826e+01 2.555983270000000118e+01 2.555847430000000031e+01 2.555712499999999920e+01 2.555578480000000141e+01 2.555445350000000104e+01 2.555313140000000161e+01 2.555181819999999959e+01 2.555051399999999973e+01 2.554921870000000084e+01 2.554793240000000054e+01 2.554665500000000122e+01
2.739479259999999883e+01 2.739160569999999950e+01 2.738843650000000096e+01 2.738528499999999966e+01 2.738215089999999918e+01 2.737903439999999833e+01 2.737593529999999831e+01 2.737285350000000150e+01 2.736978900000000081e+01 2.736674160000000100e+01 2.736371139999999968e+01 2.736069820000000163e+01 2.735770199999999974e+01 2.735472269999999995e+01 2.735176029999999869e+01 2.734881449999999958e+01 2.734588540000000023e+01 2.734297289999999947e+01 2.734007679999999851e+01 2.733719719999999853e+01 2.733433399999999835e+01 2.733148690000000158e+01 2.732865609999999990e+01 2.732584130000000044e+01 2.732304260000000085e+01 2.732025979999999876e+01 2.731749280000000013e+01 2.731474160000000140e+01 2.731200600000000023e+01 2.730928600000000017e+01 2.730658160000000123e+01 2.730389260000000107e+01 2.730121889999999851e+01 2.729856039999999950e+01 2.729591720000000166e+01 2.729328900000000147e+01 2.729067579999999893e+01 2.728807749999999999e+01 2.728549410000000108e+01 2.728292539999999988e+01 2.728037139999999994e+01 2.727783200000000008e+01 2.727530709999999914e+01 2.727279659999999950e+01 2.727030040000000000e+01 2.726781859999999824e+01 2.726535080000000022e+01 2.726289720000000116e+01 2.726045759999999873e+01 2.725803189999999887e+01
2.292473299999999981e+01 2.292318450000000141e+01 2.292164500000000160e+01 2.292011460000000156e+01 2.291859309999999894e+01 2.291708059999999847e+01 2.291557699999999897e+01 2.291408219999999929e+01 2.291259640000000175e+01 2.291111929999999930e+01 2.290965110000000138e+01 2.290819159999999854e+01 2.290674089999999907e+01 2.290529899999999941e+01 2.290386570000000077e+01 2.290244110000000077e+01 2.290102509999999825e+01 2.289961780000000147e+01 2.289821909999999860e+01 2.289682889999999915e+01 2.289544730000000072e+01 2.289407429999999977e+01 2.289270970000000105e+01 2.289135369999999980e+01 2.289000610000000080e+01 2.288866690000000048e+01 2.288733620000000002e+01 2.288601389999999824e+01 2.288469999999999871e+01 2.288339440000000025e+01 2.288209720000000047e+01 2.288080830000000176e+01 2.287952770000000058e+01 2.287825540000000046e+01 2.287699140000000142e+01 2.287573559999999873e+01 2.287448810000000066e+01 2.287324870000000132e+01 2.287201759999999950e+01 2.287079459999999997e+01 2.286957990000000152e+01 2.286837320000000062e+01 2.286717469999999963e+01 2.286598430000000093e+01 2.286480200000000096e+01 2.286362779999999972e+01 2.286246159999999961e+01 2.286130350000000178e+01 2.286015340000000151e+01 2.285901129999999881e+01
2.465652710000000170e+01 2.465367240000000137e+01 2.465083359999999857e+01 2.464801070000000038e+01 2.464520350000000093e+01 2.464241210000000137e+01 2.463963629999999938e+01 2.463687600000000089e+01 2.463413129999999995e+01 2.463140200000000135e+01 2.462868800000000036e+01 2.462598930000000053e+01 2.462330580000000069e+01 2.462063750000000084e+01 2.461798419999999865e+01 2.461534599999999884e+01 2.461272260000000145e+01 2.461011399999999938e+01 2.460752030000000090e+01 2.460494119999999896e+01 2.460237670000000065e+01 2.459982679999999888e+01 2.459729129999999842e+01 2.459477010000000163e+01 2.459226329999999905e+01 2.458977069999999898e+01 2.458729220000000026e+01 2.458482779999999934e+01 2.458237739999999860e+01 2.457994079999999926e+01 2.457751809999999892e+01 2.457510919999999999e+01 2.457271390000000011e+01 2.457033219999999929e+01 2.456796399999999991e+01 2.456560929999999843e+01 2.456326789999999960e+01 2.456093969999999871e+01 2.455862480000000048e+01 2.455632299999999901e+01 2.455403430000000142e+01 2.455175849999999826e+01 2.454949560000000019e+01 2.454724560000000011e+01 2.454500820000000161e+01 2.454278359999999992e+01 2.454057149999999865e+01 2.453837199999999896e+01 2.453618489999999852e+01 2.453401020000000088e+01
2.022900599999999827e+01 2.022763949999999866e+01 2.022628089999999901e+01 2.022493019999999930e+01 2.022358739999999955e+01 2.022225239999999857e+01 2.022092530000000110e+01 2.021960590000000124e+01 2.021829430000000016e+01 2.021699040000000025e+01 2.021569429999999912e+01 2.021440589999999915e+01 2.021312520000000035e+01 2.021185219999999916e+01 2.021058680000000152e+01 2.020932900000000032e+01 2.020807890000000029e+01 2.020683629999999908e+01 2.020560130000000143e+01 2.020437390000000022e+01 2.020315400000000139e+01 2.020194160000000139e+01 2.020073680000000138e+01 2.019953939999999903e+01 2.019834949999999907e+01 2.019716700000000031e+01 2.019599200000000039e+01 2.019482440000000167e+01 2.019366420000000062e+01 2.019251129999999961e+01 2.019136590000000098e+01 2.019022779999999884e+01 2.018909710000000146e+01 2.018797370000000058e+01 2.018685759999999974e+01 2.018574879999999894e+01 2.018464730000000174e+01 2.018355310000000102e+01 2.018246609999999919e+01 2.018138629999999978e+01 2.018031380000000041e+01 2.017924849999999992e+01 2.017819039999999831e+01 2.017713949999999912e+01 2.017609579999999880e+01 2.017505919999999975e+01 2.017402979999999957e+01 2.017300750000000065e+01 2.017199229999999943e+01 2.017098430000000064e+01
2.191742670000000004e+01 2.191490040000000050e+01 2.191238840000000110e+01 2.190989030000000071e+01 2.190740620000000050e+01 2.190493610000000047e+01 2.190247979999999828e+01 2.190003730000000104e+01 2.189760850000000048e+01 2.189519340000000014e+01 2.189279189999999886e+01 2.189040380000000141e+01 2.188802929999999947e+01 2.188566810000000018e+01 2.188332020000000000e+01 2.188098559999999893e+01 2.187866410000000172e+01 2.187635570000000129e+01 2.187406040000000118e+01 2.187177799999999905e+01 2.186950849999999846e+01 2.186725179999999824e+01 2.186500789999999839e+01 2.186277660000000012e+01 2.186055789999999988e+01 2.185835180000000122e+01 2.185615809999999826e+01 2.185397670000000048e+01 2.185180769999999839e+01 2.184965090000000032e+01 2.184750629999999916e+01 2.184537380000000084e+01 2.184325319999999948e+01 2.184114470000000097e+01 2.183904799999999824e+01 2.183696309999999841e+01 2.183488990000000030e+01 2.183282840000000036e+01 2.183077850000000097e+01 2.182874010000000098e+01 2.182671309999999920e+01 2.182469760000000036e+01 2.182269330000000096e+01 2.182070029999999861e+01 2.181871849999999924e+01 2.181674780000000169e+01 2.181478810000000124e+01 2.181283940000000143e+01 2.181090160000000111e+01 2.180897459999999910e+01
1.753224619999999945e+01 1.753106109999999873e+01 1.752988279999999932e+01 1.752871130000000122e+01 1.752754649999999970e+01 1.752638860000000065e+01 1.752523730000000057e+01 1.752409279999999825e+01 1.752295499999999961e+01 1.752182390000000112e+01 1.752069949999999920e+01 1.751958180000000098e+01 1.751847070000000173e+01 1.751736620000000144e+01 1.751626830000000012e+01 1.751517700000000133e+01 1.751409239999999912e+01 1.751301429999999826e+01 1.751194269999999875e+01 1.751087770000000177e+01 1.750981919999999903e+01 1.750876729999999881e+01 1.750772179999999878e+01 1.750668290000000127e+01 1.750565040000000039e+01 1.750462440000000086e+01 1.750360480000000152e+01 1.750259169999999997e+01 1.750158499999999862e+01 1.750058479999999861e+01 1.749959090000000117e+01 1.749860350000000153e+01 1.749762240000000091e+01 1.749664770000000047e+01 1.749567940000000021e+01 1.749471739999999897e+01 1.749376180000000147e+01 1.749281249999999943e+01 1.749186949999999996e+01 1.749093279999999950e+01 1.749000240000000161e+01 1.748907829999999919e+01 1.748816049999999933e+01 1.748724899999999849e+01 1.748634369999999905e+01 1.748544460000000100e+01 1.748455179999999842e+01 1.748366520000000079e+01 1.748278480000000101e+01 1.748191059999999908e+01
1.917784599999999884e+01 1.917564450000000065e+01 1.917345519999999937e+01 1.917127819999999971e+01 1.916911340000000052e+01 1.916696070000000063e+01 1.916482010000000002e+01 1.916269150000000110e+01 1.916057490000000030e+01 1.915847009999999884e+01 1.915637710000000027e+01 1.915429599999999866e+01 1.915222650000000115e+01 1.915016860000000065e+01 1.914812230000000071e+01 1.914608750000000015e+01 1.914406419999999898e+01 1.914205219999999841e+01 1.914005159999999961e+01 1.913806209999999908e+01 1.913608389999999915e+01 1.913411680000000104e+01 1.913216070000000002e+01 1.913021559999999965e+01 1.912828149999999994e+01 1.912635810000000092e+01 1.912444560000000138e+01 1.912254379999999898e+01 1.912065259999999967e+01 1.911877210000000105e+01 1.911690210000000079e+01 1.911504250000000127e+01 1.911319329999999894e+01 1.911135439999999974e+01 1.910952590000000129e+01 1.910770750000000007e+01 1.910589930000000081e+01 1.910410110000000117e+01 1.910231299999999877e+01 1.910053479999999837e+01 1.909876649999999998e+01 1.909700799999999887e+01 1.909525929999999860e+01 1.909352030000000155e+01 1.909179100000000062e+01 1.909007120000000057e+01 1.908836099999999902e+01 1.908666029999999836e+01 1.908496889999999979e+01 1.908328690000000094e+01
1.483457590000000081e+01 1.483357209999999959e+01 1.483257399999999926e+01 1.483158159999999981e+01 1.483059500000000064e+01 1.482961399999999941e+01 1.482863870000000084e+01 1.482766909999999960e+01 1.482670519999999925e+01 1.482574690000000039e+01 1.482479430000000065e+01 1.482384719999999945e+01 1.482290579999999913e+01 1.482197000000000031e+01 1.482103979999999943e+01 1.482011520000000004e+01 1.481919609999999921e+01 1.481828259999999986e+01 1.481737470000000023e+01 1.481647229999999915e+01 1.481557540000000017e+01 1.481468399999999974e+01 1.481379820000000080e+01 1.481291779999999925e+01 1.481204299999999918e+01 1.481117360000000005e+01 1.481030980000000064e+01 1.480945140000000038e+01 1.480859839999999927e+01 1.480775090000000027e+01 1.480690880000000043e+01 1.480607219999999913e+01 1.480524100000000054e+01 1.480441530000000050e+01 1.480359490000000022e+01 1.480277990000000088e+01 1.480197040000000008e+01 1.480116620000000083e+01 1.480036740000000073e+01 1.479957390000000039e+01 1.479878590000000038e+01 1.479800310000000074e+01 1.479722579999999965e+01 1.479645370000000071e+01 1.479568699999999914e+01 1.479492559999999912e+01 1.479416950000000064e+01 1.479341870000000014e+01 1.479267319999999941e+01 1.479193300000000022e+01
1.643744609999999895e+01 1.643556600000000145e+01 1.643369639999999876e+01 1.643183730000000153e+01 1.642998860000000150e+01 1.642815029999999865e+01 1.642632220000000132e+01 1.642450440000000000e+01 1.642269669999999948e+01 1.642089920000000092e+01 1.641911179999999959e+01 1.641733430000000027e+01 1.641556690000000174e+01 1.641380930000000049e+01 1.641206160000000125e+01 1.641032369999999929e+01 1.640859550000000056e+01 1.640687700000000149e+01 1.640516799999999975e+01 1.640346870000000123e+01 1.640177879999999888e+01 1.640009840000000096e+01 1.639842739999999921e+01 1.639676569999999955e+01 1.639511329999999845e+01 1.639347009999999827e+01 1.639183600000000141e+01 1.639021100000000075e+01 1.638859509999999986e+01 1.638698809999999995e+01 1.638539009999999863e+01 1.638380090000000067e+01 1.638222060000000013e+01 1.638064899999999824e+01 1.637908609999999854e+01 1.637753179999999986e+01 1.637598609999999866e+01 1.637444899999999848e+01 1.637292030000000054e+01 1.637140009999999890e+01 1.636988819999999833e+01 1.636838459999999884e+01 1.636688930000000042e+01 1.636540229999999951e+01 1.636392340000000090e+01 1.636245249999999984e+01 1.636098979999999870e+01 1.635953509999999866e+01 1.635808829999999858e+01 1.635664939999999845e+01
1.213609680000000068e+01 1.213527460000000069e+01 1.213445710000000055e+01 1.213364420000000088e+01 1.213283599999999929e+01 1.213203249999999933e+01 1.213123359999999984e+01 1.213043930000000081e+01 1.212964960000000048e+01 1.212886460000000000e+01 1.212808419999999998e+01 1.212730829999999926e+01 1.212653710000000018e+01 1.212577040000000039e+01 1.212500840000000046e+01 1.212425080000000044e+01 1.212349790000000027e+01 1.212274949999999940e+01 1.212200559999999960e+01 1.212126630000000027e+01 1.212053150000000024e+01 1.211980130000000067e+01 1.211907549999999922e+01 1.211835430000000002e+01 1.211763760000000012e+01 1.211692539999999951e+01 1.211621760000000059e+01 1.211551440000000035e+01 1.211481569999999941e+01 1.211412140000000015e+01 1.211343160000000019e+01 1.211274629999999952e+01 1.211206540000000054e+01 1.211138900000000085e+01 1.211071699999999929e+01 1.211004950000000058e+01 1.210938639999999999e+01 1.210872780000000049e+01 1.210807360000000088e+01 1.210742379999999940e+01 1.210677839999999961e+01 1.210613739999999972e+01 1.210550079999999973e+01 1.210486859999999965e+01 1.210424079999999947e+01 1.210361739999999919e+01 1.210299840000000060e+01 1.210238370000000074e+01 1.210177340000000079e+01 1.210116750000000074e+01
1.369673970000000018e+01 1.369517789999999913e+01 1.369362480000000026e+01 1.369208049999999943e+01 1.369054470000000023e+01 1.368901750000000028e+01 1.368749880000000019e+01 1.368598869999999934e+01 1.368448689999999957e+01 1.368299359999999965e+01 1.368150860000000080e+01 1.368003189999999947e+01 1.367856339999999982e+01 1.367710310000000007e+01 1.367565100000000022e+01 1.367420699999999911e+01 1.367277099999999912e+01 1.367134300000000025e+01 1.366992300000000071e+01 1.366851089999999935e+01 1.366710660000000033e+01 1.366571010000000008e+01 1.366432140000000039e+01 1.366294030000000070e+01 1.366156699999999979e+01 1.366020119999999949e+01 1.365884289999999979e+01 1.365749220000000008e+01 1.365614899999999921e+01 1.365481310000000015e+01 1.365348460000000053e+01 1.365216339999999917e+01 1.365084949999999964e+01 1.364954269999999958e+01 1.364824319999999958e+01 1.364695080000000083e+01 1.364566540000000039e+01 1.364438709999999944e+01 1.364311569999999918e+01 1.364185130000000079e+01 1.364059379999999955e+01 1.363934320000000078e+01 1.363809930000000037e+01 1.363686219999999949e+01 1.363563180000000052e+01 1.363440809999999992e+01 1.363319100000000006e+01 1.363198060000000034e+01 1.363077660000000080e+01 1.362957920000000023e+01
9.436966229999999456e+00 9.436326250000000471e+00 9.435689890000000801e+00 9.435057170000000326e+00 9.434428049999999288e+00 9.433802549999999343e+00 9.433180650000000611e+00 9.432562340000000489e+00 9.431947629999999805e+00 9.431336500000000456e+00 9.430728959999999717e+00 9.430124980000000434e+00 9.429524580000000711e+00 9.428927740000000668e+00 9.428334460000000306e+00 9.427744730000000573e+00 9.427158549999999693e+00 9.426575919999999442e+00 9.425996830000000770e+00 9.425421269999999296e+00 9.424849249999999401e+00 9.424280749999999429e+00 9.423715780000000208e+00 9.423154329999999135e+00 9.422596390000000710e+00 9.422041970000000433e+00 9.421491050000000200e+00 9.420943640000000840e+00 9.420399729999999749e+00 9.419859309999999653e+00 9.419322389999999601e+00 9.418788960000000543e+00 9.418259009999999876e+00 9.417732539999999375e+00 9.417209550000000817e+00 9.416690029999999823e+00 9.416173979999999943e+00 9.415661390000000353e+00 9.415152270000000101e+00 9.414646610000000138e+00 9.414144390000000584e+00 9.413645629999999542e+00 9.413150310000000687e+00 9.412658430000000465e+00 9.412169979999999825e+00 9.411684969999999595e+00 9.411203390000000724e+00 9.410725219999999780e+00 9.410250480000000195e+00 9.409779139999999487e+00
1.095548119999999948e+01 1.095423519999999940e+01 1.095299619999999940e+01 1.095176410000000011e+01 1.095053889999999974e+01 1.094932050000000068e+01 1.094810889999999937e+01 1.094690399999999997e+01 1.094570590000000010e+01 1.094451439999999920e+01 1.094332950000000082e+01 1.094215130000000080e+01 1.094097960000000036e+01 1.093981439999999949e+01 1.093865569999999998e+01 1.093750340000000065e+01 1.093635749999999973e+01 1.093521800000000077e+01 1.093408480000000083e+01 1.093295780000000050e+01 1.093183709999999920e+01 1.093072259999999929e+01 1.092961419999999961e+01 1.092851190000000017e+01 1.092741569999999918e+01 1.092632550000000080e+01 1.092524140000000088e+01 1.092416309999999946e+01 1.092309080000000066e+01 1.092202430000000035e+01 1.092096369999999972e+01 1.091990879999999997e+01 1.091885970000000050e+01 1.091781639999999953e+01 1.091677870000000006e+01 1.091574660000000030e+01 1.091472019999999965e+01 1.091369929999999933e+01 1.091268389999999933e+01 1.091167399999999965e+01 1.091066960000000030e+01 1.090967060000000011e+01 1.090867700000000085e+01 1.090768869999999957e+01 1.090670569999999984e+01 1.090572809999999926e+01 1.090475559999999966e+01 1.090378839999999983e+01 1.090282640000000036e+01 1.090186950000000010e+01
6.737389560000000444e+00 6.736932409999999649e+00 6.736477840000000050e+00 6.736025849999999870e+00 6.735576439999999998e+00 6.735129610000000433e+00 6.734685350000000348e+00 6.734243659999999743e+00 6.733804529999999566e+00 6.733367959999999819e+00 6.732933949999999612e+00 6.732502489999999895e+00 6.732073579999999779e+00 6.731647220000000154e+00 6.731223410000000129e+00 6.730802129999999828e+00 6.730383400000000016e+00 6.729967199999999927e+00 6.729553529999999562e+00 6.729142389999999807e+00 6.728733779999999776e+00 6.728327700000000355e+00 6.727924139999999831e+00 6.727523099999999978e+00 6.727124579999999909e+00 6.726728579999999624e+00 6.726335090000000072e+00 6.725944110000000364e+00 6.725555639999999613e+00 6.725169679999999595e+00 6.724786220000000370e+00 6.724405260000000162e+00 6.724026799999999859e+00 6.723650840000000350e+00 6.723277379999999859e+00 6.722906400000000282e+00 6.722537919999999723e+00 6.722171920000000078e+00 6.721808410000000400e+00 6.721447379999999860e+00 6.721088830000000236e+00 6.720732759999999750e+00 6.720379160000000240e+00 6.720028029999999930e+00 6.719679369999999707e+00 6.719333179999999572e+00 6.718989439999999647e+00 6.718648169999999809e+00 6.718309350000000180e+00 6.717972989999999811e+00
8.213707760000000135e+00 8.212775710000000728e+00 8.211848850000000866e+00 8.210927149999999841e+00 8.210010580000000502e+00 8.209099099999999538e+00 8.208192699999999675e+00 8.207291339999999380e+00 8.206394989999999723e+00 8.205503609999999171e+00 8.204617190000000448e+00 8.203735679999999419e+00 8.202859059999999758e+00 8.201987300000000758e+00 8.201120360000000886e+00 8.200258220000000264e+00 8.199400839999999135e+00 8.198548199999999397e+00 8.197700250000000466e+00 8.196856979999999737e+00 8.196018349999999231e+00 8.195184330000000017e+00 8.194354880000000563e+00 8.193529990000000041e+00 8.192709609999999643e+00 8.191893710000000439e+00 8.191082279999999827e+00 8.190275270000000774e+00 8.189472659999999848e+00 8.188674410000000847e+00 8.187880500000000339e+00 8.187090899999999394e+00 8.186305570000000031e+00 8.185524499999999648e+00 8.184747650000000263e+00 8.183974980000000343e+00 8.183206489999999889e+00 8.182442119999999264e+00 8.181681870000000245e+00 8.180925699999999523e+00 8.180173579999999944e+00 8.179425480000000803e+00 8.178681389999999496e+00 8.177941269999999818e+00 8.177205100000000115e+00 8.176472860000000509e+00 8.175744509999999465e+00 8.175020039999999710e+00 8.174299409999999710e+00 8.173582610000000415e+00
4.037286349999999580e+00 4.037012609999999668e+00 4.036740430000000046e+00 4.036469789999999946e+00 4.036200700000000197e+00 4.035933149999999969e+00 4.035667140000000153e+00 4.035402679999999798e+00 4.035139749999999914e+00 4.034878360000000441e+00 4.034618509999999603e+00 4.034360190000000124e+00 4.034103400000000228e+00 4.033848139999999916e+00 4.033594410000000074e+00 4.033342199999999877e+00 4.033091530000000091e+00 4.032842370000000010e+00 4.032594740000000400e+00 4.032348630000000433e+00 4.032104040000000111e+00 4.031860970000000322e+00 4.031619410000000236e+00 4.031379369999999795e+00 4.031140849999999887e+00 4.030903839999999683e+00 4.030668340000000072e+00 4.030434360000000105e+00 4.030201879999999903e+00 4.029970910000000295e+00 4.029741450000000391e+00 4.029513500000000192e+00 4.029287049999999759e+00 4.029062109999999919e+00 4.028838669999999844e+00 4.028616730000000423e+00 4.028396289999999880e+00 4.028177349999999990e+00 4.027959899999999926e+00 4.027743949999999629e+00 4.027529499999999985e+00 4.027316540000000167e+00 4.027105070000000175e+00 4.026895090000000010e+00 4.026686589999999732e+00 4.026479590000000108e+00 4.026274060000000432e+00 4.026070019999999694e+00 4.025867459999999731e+00 4.025666379999999656e+00
5.471618789999999954e+00 5.470999130000000044e+00 5.470382919999999594e+00 5.469770129999999675e+00 5.469160750000000348e+00 5.468554750000000020e+00 5.467952119999999638e+00 5.467352840000000214e+00 5.466756880000000152e+00 5.466164219999999574e+00 5.465574850000000318e+00 5.464988749999999840e+00 5.464405880000000160e+00 5.463826240000000389e+00 5.463249799999999823e+00 5.462676540000000358e+00 5.462106440000000340e+00 5.461539479999999891e+00 5.460975630000000081e+00 5.460414880000000082e+00 5.459857210000000016e+00 5.459302590000000066e+00 5.458751010000000292e+00 5.458202439999999989e+00 5.457656860000000165e+00 5.457114259999999994e+00 5.456574609999999659e+00 5.456037890000000168e+00 5.455504079999999867e+00 5.454973169999999705e+00 5.454445129999999864e+00 5.453919939999999578e+00 5.453397579999999856e+00 5.452878029999999931e+00 5.452361289999999805e+00 5.451847309999999780e+00 5.451336089999999857e+00 5.450827610000000156e+00 5.450321849999999912e+00 5.449818790000000135e+00 5.449318419999999996e+00 5.448820699999999739e+00 5.448325640000000192e+00 5.447833209999999760e+00 5.447343380000000401e+00 5.446856160000000280e+00 5.446371519999999578e+00 5.445889430000000253e+00 5.445409899999999581e+00 5.444932889999999581e+00
1.337143720000000036e+00 1.337053959999999986e+00 1.336964709999999945e+00 1.336875980000000075e+00 1.336787759999999992e+00 1.336700060000000079e+00 1.336612860000000014e+00 1.336526190000000058e+00 1.336440019999999951e+00 1.336354370000000014e+00 1.336269219999999924e+00 1.336184590000000005e+00 1.336100470000000096e+00 1.336016850000000034e+00 1.335933749999999920e+00 1.335851150000000098e+00 1.335769060000000064e+00 1.335687480000000038e+00 1.335606410000000022e+00 1.335525840000000075e+00 1.335445779999999916e+00 1.335366220000000048e+00 1.335287169999999968e+00 1.335208629999999896e+00 1.335130589999999895e+00 1.335053049999999963e+00 1.334976020000000041e+00 1.334899489999999966e+00 1.334823459999999962e+00 1.334747930000000027e+00 1.334672910000000101e+00 1.334598390000000023e+00 1.334524370000000015e+00 1.334450850000000077e+00 1.334377829999999987e+00 1.334305309999999967e+00 1.334233290000000016e+00 1.334161769999999914e+00 1.334090750000000103e+00 1.334020219999999979e+00 1.333950200000000086e+00 1.333880670000000102e+00 1.333811630000000026e+00 1.333743090000000020e+00 1.333675050000000084e+00 1.333607500000000057e+00 1.333540450000000099e+00 1.333473890000000051e+00 1.333407819999999910e+00 1.333342239999999901e+00
2.729073150000000059e+00 2.728764799999999990e+00 2.728458170000000127e+00 2.728153240000000146e+00 2.727850010000000047e+00 2.727548459999999952e+00 2.727248579999999922e+00 2.726950369999999957e+00 2.726653810000000178e+00 2.726358900000000141e+00 2.726065619999999967e+00 2.725773970000000102e+00 2.725483919999999838e+00 2.725195480000000003e+00 2.724908629999999832e+00 2.724623359999999828e+00 2.724339669999999991e+00 2.724057530000000060e+00 2.723776940000000035e+00 2.723497899999999916e+00 2.723220379999999885e+00 2.722944379999999942e+00 2.722669890000000148e+00 2.722396890000000180e+00 2.722125389999999978e+00 2.721855360000000168e+00 2.721586799999999862e+00 2.721319700000000008e+00 2.721054039999999841e+00 2.720789819999999803e+00 2.720527029999999957e+00 2.720265659999999919e+00 2.720005689999999809e+00 2.719747130000000013e+00 2.719489949999999823e+00 2.719234150000000128e+00 2.718979720000000100e+00 2.718726649999999800e+00 2.718474930000000178e+00 2.718224549999999962e+00 2.717975510000000039e+00 2.717727790000000088e+00 2.717481390000000108e+00 2.717236290000000221e+00 2.716992489999999982e+00 2.716749979999999898e+00 2.716508759999999967e+00 2.716268799999999928e+00 2.716030120000000103e+00 2.715792689999999787e+00
-1.363167479999999987e+00 -1.363073210000000035e+00 -1.362979460000000032e+00 -1.362886220000000037e+00 -1.362793499999999991e+00 -1.362701299999999893e+00 -1.362609600000000087e+00 -1.362518429999999947e+00 -1.362427760000000099e+00 -1.362337609999999977e+00 -1.362247970000000086e+00 -1.362158839999999982e+00 -1.362070220000000109e+00 -1.361982110000000024e+00 -1.361894520000000108e+00 -1.361807430000000041e+00 -1.361720849999999983e+00 -1.361634779999999934e+00 -1.361549219999999893e+00 -1.361464159999999923e+00 -1.361379619999999901e+00 -1.361295579999999950e+00 -1.361212040000000068e+00 -1.361129019999999912e+00 -1.361046500000000048e+00 -1.360964480000000032e+00 -1.360882970000000025e+00 -1.360801970000000027e+00 -1.360721470000000100e+00 -1.360641479999999959e+00 -1.360561990000000110e+00 -1.360483000000000109e+00 -1.360404519999999895e+00 -1.360326539999999973e+00 -1.360249059999999899e+00 -1.360172079999999895e+00 -1.360095609999999899e+00 -1.360019639999999974e+00 -1.359944169999999897e+00 -1.359869199999999889e+00 -1.359794729999999952e+00 -1.359720760000000084e+00 -1.359647290000000064e+00 -1.359574319999999892e+00 -1.359501840000000072e+00 -1.359429870000000040e+00 -1.359358389999999916e+00 -1.359287410000000085e+00 -1.359216930000000101e+00 -1.359146940000000026e+00
-1.302079440000000060e-02 -1.301829019999999927e-02 -1.301579549999999988e-02 -1.301331009999999976e-02 -1.301083370000000010e-02 -1.300836629999999917e-02 -1.300590769999999952e-02 -1.300345770000000019e-02 -1.300101619999999986e-02 -1.299858310000000065e-02 -1.299615819999999991e-02 -1.299374130000000016e-02 -1.299133239999999967e-02 -1.298893129999999924e-02 -1.298653789999999926e-02 -1.298415210000000014e-02 -1.298177369999999921e-02 -1.297940260000000033e-02 -1.297703870000000044e-02 -1.297468189999999993e-02 -1.297233209999999921e-02 -1.296998910000000081e-02 -1.296765289999999952e-02 -1.296532329999999962e-02 -1.296300019999999976e-02 -1.296068359999999996e-02 -1.295837319999999966e-02 -1.295606910000000021e-02 -1.295377099999999934e-02 -1.295147900000000012e-02 -1.294919289999999987e-02 -1.294691249999999939e-02 -1.294463790000000003e-02 -1.294236890000000084e-02 -1.294010529999999916e-02 -1.293784719999999978e-02 -1.293559440000000005e-02 -1.293334680000000035e-02 -1.293110429999999936e-02 -1.292886679999999920e-02 -1.292663429999999988e-02 -1.292440660000000047e-02 -1.292218359999999962e-02 -1.291996530000000080e-02 -1.291775149999999962e-02 -1.291554219999999954e-02 -1.291333719999999963e-02 -1.291113659999999948e-02 -1.290894010000000029e-02 -1.290674760000000074e-02
-4.063430959999999814e+00 -4.063152790000000181e+00 -4.062876179999999948e+00 -4.062601120000000066e+00 -4.062327609999999645e+00 -4.062055639999999634e+00 -4.061785210000000035e+00 -4.061516329999999897e+00 -4.061248980000000230e+00 -4.060983170000000086e+00 -4.060718900000000353e+00 -4.060456160000000203e+00 -4.060194949999999636e+00 -4.059935270000000429e+00 -4.059677119999999917e+00 -4.059420489999999937e+00 -4.059165400000000368e+00 -4.058911819999999615e+00 -4.058659770000000222e+00 -4.058409239999999585e+00 -4.058160240000000307e+00 -4.057912749999999846e+00 -4.057666769999999978e+00 -4.057422319999999694e+00 -4.057179380000000002e+00 -4.056937950000000015e+00 -4.056698039999999672e+00 -4.056459639999999922e+00 -4.056222749999999877e+00 -4.055987370000000425e+00 -4.055753499999999789e+00 -4.055521129999999808e+00 -4.055290280000000358e+00 -4.055060919999999847e+00 -4.054833069999999928e+00 -4.054606719999999775e+00 -4.054381880000000216e+00 -4.054158529999999594e+00 -4.053936679999999626e+00 -4.053716330000000312e+00 -4.053497469999999936e+00 -4.053280110000000214e+00 -4.053064240000000318e+00 -4.052849870000000188e+00 -4.052636979999999944e+00 -4.052425580000000416e+00 -4.052215659999999886e+00 -4.052007230000000071e+00 -4.051800290000000082e+00 -4.051594820000000041e+00
-2.755383820000000039e+00 -2.755070499999999978e+00 -2.754758920000000000e+00 -2.754449070000000166e+00 -2.754140930000000154e+00 -2.753834490000000024e+00 -2.753529739999999837e+00 -2.753226680000000037e+00 -2.752925289999999858e+00 -2.752625559999999805e+00 -2.752327489999999877e+00 -2.752031049999999812e+00 -2.751736240000000056e+00 -2.751443049999999779e+00 -2.751151469999999932e+00 -2.750861490000000131e+00 -2.750573090000000054e+00 -2.750286270000000144e+00 -2.750001010000000079e+00 -2.749717309999999859e+00 -2.749435150000000050e+00 -2.749154519999999824e+00 -2.748875420000000069e+00 -2.748597830000000020e+00 -2.748321740000000180e+00 -2.748047140000000166e+00 -2.747774020000000039e+00 -2.747502379999999800e+00 -2.747232190000000074e+00 -2.746963449999999973e+00 -2.746696150000000003e+00 -2.746430290000000163e+00 -2.746165840000000191e+00 -2.745902800000000088e+00 -2.745641159999999914e+00 -2.745380910000000174e+00 -2.745122049999999980e+00 -2.744864549999999959e+00 -2.744608420000000049e+00 -2.744353639999999928e+00 -2.744100200000000100e+00 -2.743848100000000123e+00 -2.743597320000000117e+00 -2.743347860000000082e+00 -2.743099700000000141e+00 -2.742852849999999787e+00 -2.742607290000000031e+00 -2.742363010000000045e+00 -2.742119999999999891e+00 -2.741878260000000012e+00
-6.763582360000000016e+00 -6.763120630000000411e+00 -6.762661490000000164e+00 -6.762204930000000225e+00 -6.761750959999999644e+00 -6.761299570000000259e+00 -6.760850750000000353e+00 -6.760404499999999928e+00 -6.759960819999999870e+00 -6.759519700000000242e+00 -6.759081140000000154e+00 -6.758645139999999607e+00 -6.758211690000000438e+00 -6.757780799999999921e+00 -6.757352449999999955e+00 -6.756926639999999651e+00 -6.756503379999999837e+00 -6.756082649999999745e+00 -6.755664470000000144e+00 -6.755248810000000326e+00 -6.754835690000000170e+00 -6.754425099999999738e+00 -6.754017039999999916e+00 -6.753611499999999879e+00 -6.753208479999999625e+00 -6.752807980000000043e+00 -6.752410010000000185e+00 -6.752014540000000231e+00 -6.751621590000000062e+00 -6.751231149999999737e+00 -6.750843220000000144e+00 -6.750457800000000397e+00 -6.750074879999999666e+00 -6.749694459999999729e+00 -6.749316549999999637e+00 -6.748941130000000399e+00 -6.748568200000000239e+00 -6.748197769999999984e+00 -6.747829829999999696e+00 -6.747464380000000261e+00 -6.747101409999999966e+00 -6.746740919999999697e+00 -6.746382920000000283e+00 -6.746027390000000068e+00 -6.745674329999999941e+00 -6.745323749999999841e+00 -6.744975639999999828e+00 -6.744629989999999964e+00 -6.744286800000000248e+00 -6.743946079999999732e+00
-5.497682369999999707e+00 -5.497057709999999986e+00 -5.496436509999999664e+00 -5.495818759999999692e+00 -5.495204440000000190e+00 -5.494593519999999565e+00 -5.493985989999999653e+00 -5.493381819999999749e+00 -5.492780989999999974e+00 -5.492183490000000390e+00 -5.491589280000000350e+00 -5.490998359999999856e+00 -5.490410690000000038e+00 -5.489826260000000069e+00 -5.489245050000000070e+00 -5.488667040000000164e+00 -5.488092189999999704e+00 -5.487520510000000407e+00 -5.486951949999999911e+00 -5.486386509999999994e+00 -5.485824150000000010e+00 -5.485264869999999959e+00 -5.484708630000000085e+00 -5.484155419999999559e+00 -5.483605220000000280e+00 -5.483057999999999765e+00 -5.482513749999999852e+00 -5.481972439999999835e+00 -5.481434049999999836e+00 -5.480898569999999914e+00 -5.480365980000000192e+00 -5.479836249999999964e+00 -5.479309360000000240e+00 -5.478785300000000191e+00 -5.478264040000000001e+00 -5.477745569999999731e+00 -5.477229870000000389e+00 -5.476716920000000322e+00 -5.476206689999999710e+00 -5.475699180000000332e+00 -5.475194359999999705e+00 -5.474692209999999726e+00 -5.474192719999999568e+00 -5.473695870000000241e+00 -5.473201640000000090e+00 -5.472710020000000064e+00 -5.472220980000000345e+00 -5.471734520000000046e+00 -5.471250620000000175e+00 -5.470769250000000028e+00
-9.463346380000000835e+00 -9.462701759999999851e+00 -9.462060779999999838e+00 -9.461423429999999968e+00 -9.460789699999999414e+00 -9.460159589999999952e+00 -9.459533079999999927e+00 -9.458910169999999340e+00 -9.458290859999999967e+00 -9.457675139999999203e+00 -9.457062999999999775e+00 -9.456454439999999906e+00 -9.455849459999999596e+00 -9.455248049999999793e+00 -9.454650199999999671e+00 -9.454055909999999230e+00 -9.453465180000000245e+00 -9.452878000000000114e+00 -9.452294359999999784e+00 -9.451714270000000084e+00 -9.451137709999999359e+00 -9.450564690000000212e+00 -9.449995200000000040e+00 -9.449429229999999791e+00 -9.448866790000000293e+00 -9.448307870000000719e+00 -9.447752460000000241e+00 -9.447200560000000635e+00 -9.446652170000000126e+00 -9.446107279999999662e+00 -9.445565889999999243e+00 -9.445028000000000645e+00 -9.444493599999999489e+00 -9.443962689999999327e+00 -9.443435259999999332e+00 -9.442911320000000330e+00 -9.442390850000000668e+00 -9.441873850000000346e+00 -9.441360319999999362e+00 -9.440850259999999494e+00 -9.440343659999999915e+00 -9.439840520000000623e+00 -9.439340830000000793e+00 -9.438844590000000423e+00 -9.438351799999999514e+00 -9.437862439999999964e+00 -9.437376520000000824e+00 -9.436894029999999489e+00 -9.436414969999999514e+00 -9.435939330000000069e+00
-8.239921779999999529e+00 -8.238984629999999143e+00 -8.238052689999999956e+00 -8.237125920000000434e+00 -8.236204300000000700e+00 -8.235287789999999220e+00 -8.234376380000000495e+00 -8.233470020000000389e+00 -8.232568690000000800e+00 -8.231672359999999244e+00 -8.230780989999999520e+00 -8.229894549999999143e+00 -8.229013020000000012e+00 -8.228136360000000593e+00 -8.227264540000000181e+00 -8.226397529999999847e+00 -8.225535300000000660e+00 -8.224677820000000139e+00 -8.223825059999999354e+00 -8.222976969999999497e+00 -8.222133550000000568e+00 -8.221294739999999379e+00 -8.220460530000000432e+00 -8.219630880000000417e+00 -8.218805760000000404e+00 -8.217985139999999689e+00 -8.217168980000000289e+00 -8.216357269999999602e+00 -8.215549960000000596e+00 -8.214747040000000666e+00 -8.213948459999999230e+00 -8.213154199999999960e+00 -8.212364219999999548e+00 -8.211578510000000719e+00 -8.210797030000000163e+00 -8.210019759999999778e+00 -8.209246650000000756e+00 -8.208477699999999544e+00 -8.207712860000000887e+00 -8.206952109999999578e+00 -8.206195429999999291e+00 -8.205442780000000269e+00 -8.204694140000000857e+00 -8.203949489999999400e+00 -8.203208789999999695e+00 -8.202472020000000086e+00 -8.201739160000000695e+00 -8.201010189999999866e+00 -8.200285069999999621e+00 -8.199563780000000079e+00
-1.216278239999999933e+01 -1.216195549999999947e+01 -1.216113320000000009e+01 -1.216031569999999995e+01 -1.215950270000000089e+01 -1.215869449999999929e+01 -1.215789089999999995e+01 -1.215709189999999928e+01 -1.215629760000000026e+01 -1.215550789999999992e+01 -1.215472280000000005e+01 -1.215394230000000064e+01 -1.215316639999999992e+01 -1.215239509999999967e+01 -1.215162839999999989e+01 -1.215086630000000056e+01 -1.215010870000000054e+01 -1.214935569999999920e+01 -1.214860720000000072e+01 -1.214786329999999914e+01 -1.214712399999999981e+01 -1.214638919999999978e+01 -1.214565890000000081e+01 -1.214493309999999937e+01 -1.214421190000000017e+01 -1.214349510000000087e+01 -1.214278290000000027e+01 -1.214207520000000073e+01 -1.214137189999999933e+01 -1.214067320000000016e+01 -1.213997889999999913e+01 -1.213928920000000033e+01 -1.213860389999999967e+01 -1.213792300000000068e+01 -1.213724659999999922e+01 -1.213657470000000060e+01 -1.213590729999999951e+01 -1.213524420000000070e+01 -1.213458559999999942e+01 -1.213393149999999920e+01 -1.213328169999999950e+01 -1.213263640000000088e+01 -1.213199550000000038e+01 -1.213135909999999917e+01 -1.213072700000000026e+01 -1.213009929999999947e+01 -1.212947600000000037e+01 -1.212885709999999939e+01 -1.212824260000000010e+01 -1.212763239999999954e+01
-1.098185890000000065e+01 -1.098060770000000019e+01 -1.097936349999999983e+01 -1.097812620000000017e+01 -1.097689590000000059e+01 -1.097567229999999938e+01 -1.097445560000000064e+01 -1.097324560000000027e+01 -1.097204239999999942e+01 -1.097084590000000048e+01 -1.096965600000000052e+01 -1.096847269999999952e+01 -1.096729599999999927e+01 -1.096612580000000037e+01 -1.096496209999999927e+01 -1.096380489999999952e+01 -1.096265400000000056e+01 -1.096150959999999941e+01 -1.096037139999999965e+01 -1.095923960000000008e+01 -1.095811390000000074e+01 -1.095699450000000041e+01 -1.095588129999999971e+01 -1.095477409999999985e+01 -1.095367309999999961e+01 -1.095257810000000021e+01 -1.095148900000000047e+01 -1.095040599999999920e+01 -1.094932889999999936e+01 -1.094825759999999981e+01 -1.094719219999999993e+01 -1.094613260000000032e+01 -1.094507879999999922e+01 -1.094403059999999961e+01 -1.094298820000000028e+01 -1.094195140000000066e+01 -1.094092030000000015e+01 -1.093989469999999997e+01 -1.093887460000000011e+01 -1.093786000000000058e+01 -1.093685089999999960e+01 -1.093584730000000071e+01 -1.093484899999999982e+01 -1.093385609999999986e+01 -1.093286849999999966e+01 -1.093188619999999922e+01 -1.093090909999999916e+01 -1.092993730000000063e+01 -1.092897070000000070e+01 -1.092800919999999998e+01
-1.486165599999999998e+01 -1.486064730000000012e+01 -1.485964440000000053e+01 -1.485864720000000005e+01 -1.485765579999999986e+01 -1.485666999999999938e+01 -1.485568999999999917e+01 -1.485471560000000046e+01 -1.485374700000000026e+01 -1.485278390000000037e+01 -1.485182660000000077e+01 -1.485087490000000088e+01 -1.484992880000000071e+01 -1.484898830000000025e+01 -1.484805339999999951e+01 -1.484712410000000027e+01 -1.484620040000000074e+01 -1.484528229999999915e+01 -1.484436980000000084e+01 -1.484346279999999929e+01 -1.484256129999999985e+01 -1.484166540000000012e+01 -1.484077500000000072e+01 -1.483989019999999925e+01 -1.483901080000000050e+01 -1.483813699999999969e+01 -1.483726859999999981e+01 -1.483640570000000025e+01 -1.483554829999999924e+01 -1.483469640000000034e+01 -1.483384990000000059e+01 -1.483300889999999939e+01 -1.483217329999999912e+01 -1.483134319999999917e+01 -1.483051850000000016e+01 -1.482969920000000030e+01 -1.482888529999999960e+01 -1.482807689999999923e+01 -1.482727380000000039e+01 -1.482647610000000071e+01 -1.482568380000000019e+01 -1.482489679999999943e+01 -1.482411519999999960e+01 -1.482333900000000071e+01 -1.482256819999999919e+01 -1.482180259999999983e+01 -1.482104239999999962e+01 -1.482028749999999917e+01 -1.481953799999999966e+01 -1.481879370000000051e+01
-1.372354119999999966e+01 -1.372197380000000067e+01 -1.372041519999999970e+01 -1.371886529999999915e+01 -1.371732410000000080e+01 -1.371579140000000052e+01 -1.371426729999999949e+01 -1.371275170000000010e+01 -1.371124460000000056e+01 -1.370974580000000032e+01 -1.370825540000000053e+01 -1.370677330000000005e+01 -1.370529950000000063e+01 -1.370383389999999935e+01 -1.370237649999999974e+01 -1.370092709999999947e+01 -1.369948579999999971e+01 -1.369805260000000047e+01 -1.369662729999999939e+01 -1.369520990000000005e+01 -1.369380029999999948e+01 -1.369239860000000064e+01 -1.369100470000000058e+01 -1.368961840000000052e+01 -1.368823989999999924e+01 -1.368686890000000034e+01 -1.368550549999999966e+01 -1.368414959999999958e+01 -1.368280120000000011e+01 -1.368146020000000007e+01 -1.368012659999999947e+01 -1.367880030000000069e+01 -1.367748120000000078e+01 -1.367616939999999914e+01 -1.367486479999999993e+01 -1.367356730000000020e+01 -1.367227689999999996e+01 -1.367099349999999980e+01 -1.366971709999999973e+01 -1.366844769999999976e+01 -1.366718509999999931e+01 -1.366592950000000073e+01 -1.366468060000000051e+01 -1.366343849999999982e+01 -1.366220309999999927e+01 -1.366097450000000002e+01 -1.365975240000000035e+01 -1.365853700000000082e+01 -1.365732810000000086e+01 -1.365612570000000048e+01
-1.755979440000000125e+01 -1.755860450000000128e+01 -1.755742130000000145e+01 -1.755624500000000054e+01 -1.755507539999999977e+01 -1.755391270000000148e+01 -1.755275669999999977e+01 -1.755160749999999936e+01 -1.755046490000000148e+01 -1.754932910000000135e+01 -1.754820000000000135e+01 -1.754707760000000150e+01 -1.754596180000000061e+01 -1.754485269999999986e+01 -1.754375020000000163e+01 -1.754265439999999998e+01 -1.754156509999999969e+01 -1.754048239999999836e+01 -1.753940629999999956e+01 -1.753833679999999973e+01 -1.753727380000000124e+01 -1.753621740000000173e+01 -1.753516750000000002e+01 -1.753412409999999966e+01 -1.753308720000000065e+01 -1.753205679999999944e+01 -1.753103289999999959e+01 -1.753001539999999991e+01 -1.752900440000000160e+01 -1.752799979999999991e+01 -1.752700169999999957e+01 -1.752600999999999942e+01 -1.752502469999999946e+01 -1.752404569999999850e+01 -1.752307319999999891e+01 -1.752210709999999949e+01 -1.752114729999999909e+01 -1.752019380000000126e+01 -1.751924670000000006e+01 -1.751830599999999905e+01 -1.751737149999999943e+01 -1.751644340000000000e+01 -1.751552159999999958e+01 -1.751460600000000056e+01 -1.751369680000000173e+01 -1.751279380000000074e+01 -1.751189709999999877e+01 -1.751100660000000175e+01 -1.751012229999999903e+01 -1.750924429999999887e+01
-1.646486820000000151e+01 -1.646298210000000140e+01 -1.646110649999999964e+01 -1.645924139999999980e+01 -1.645738659999999953e+01 -1.645554230000000118e+01 -1.645370829999999884e+01 -1.645188449999999847e+01 -1.645007090000000005e+01 -1.644826750000000004e+01 -1.644647409999999965e+01 -1.644469080000000005e+01 -1.644291739999999891e+01 -1.644115400000000093e+01 -1.643940040000000025e+01 -1.643765670000000156e+01 -1.643592260000000138e+01 -1.643419829999999848e+01 -1.643248360000000119e+01 -1.643077849999999884e+01 -1.642908290000000093e+01 -1.642739669999999919e+01 -1.642571990000000071e+01 -1.642405249999999839e+01 -1.642239430000000056e+01 -1.642074540000000127e+01 -1.641910569999999936e+01 -1.641747499999999960e+01 -1.641585339999999960e+01 -1.641424080000000174e+01 -1.641263710000000131e+01 -1.641104229999999831e+01 -1.640945639999999983e+01 -1.640787920000000000e+01 -1.640631069999999880e+01 -1.640475079999999863e+01 -1.640319960000000066e+01 -1.640165689999999898e+01 -1.640012270000000072e+01 -1.639859690000000114e+01 -1.639707950000000025e+01 -1.639557040000000043e+01 -1.639406969999999930e+01 -1.639257710000000046e+01 -1.639109270000000151e+01 -1.638961640000000131e+01 -1.638814819999999983e+01 -1.638668810000000065e+01 -1.638523590000000141e+01 -1.638379159999999857e+01
-2.025698630000000122e+01 -2.025561480000000003e+01 -2.025425129999999996e+01 -2.025289569999999983e+01 -2.025154789999999849e+01 -2.025020809999999827e+01 -2.024887610000000038e+01 -2.024755190000000127e+01 -2.024623550000000094e+01 -2.024492689999999939e+01 -2.024362599999999901e+01 -2.024233290000000096e+01 -2.024104750000000053e+01 -2.023976980000000125e+01 -2.023849979999999960e+01 -2.023723740000000149e+01 -2.023598259999999982e+01 -2.023473549999999932e+01 -2.023349599999999882e+01 -2.023226400000000069e+01 -2.023103970000000018e+01 -2.022982280000000088e+01 -2.022861350000000158e+01 -2.022741170000000110e+01 -2.022621739999999946e+01 -2.022503060000000019e+01 -2.022385129999999975e+01 -2.022267940000000053e+01 -2.022151489999999896e+01 -2.022035789999999977e+01 -2.021920820000000063e+01 -2.021806600000000032e+01 -2.021693110000000004e+01 -2.021580360000000098e+01 -2.021468339999999841e+01 -2.021357060000000061e+01 -2.021246500000000168e+01 -2.021136680000000041e+01 -2.021027589999999918e+01 -2.020919220000000038e+01 -2.020811580000000163e+01 -2.020704660000000175e+01 -2.020598469999999836e+01 -2.020493000000000094e+01 -2.020388249999999886e+01 -2.020284219999999920e+01 -2.020180909999999841e+01 -2.020078309999999888e+01 -2.019976429999999823e+01 -2.019875270000000000e+01
-1.920584500000000006e+01 -1.920363689999999934e+01 -1.920144120000000143e+01 -1.919925770000000043e+01 -1.919708639999999988e+01 -1.919492729999999980e+01 -1.919278020000000140e+01 -1.919064519999999874e+01 -1.918852210000000014e+01 -1.918641099999999966e+01 -1.918431160000000091e+01 -1.918222409999999911e+01 -1.918014820000000142e+01 -1.917808399999999835e+01 -1.917603139999999939e+01 -1.917399029999999982e+01 -1.917196069999999963e+01 -1.916994240000000005e+01 -1.916793549999999868e+01 -1.916593980000000030e+01 -1.916395539999999897e+01 -1.916198199999999829e+01 -1.916001969999999943e+01 -1.915806849999999883e+01 -1.915612810000000010e+01 -1.915419860000000085e+01 -1.915227989999999991e+01 -1.915037200000000084e+01 -1.914847470000000129e+01 -1.914658809999999889e+01 -1.914471190000000078e+01 -1.914284629999999865e+01 -1.914099099999999964e+01 -1.913914610000000138e+01 -1.913731149999999914e+01 -1.913548709999999886e+01 -1.913367290000000054e+01 -1.913186869999999828e+01 -1.913007460000000037e+01 -1.912829049999999853e+01 -1.912651620000000108e+01 -1.912475179999999852e+01 -1.912299720000000036e+01 -1.912125229999999831e+01 -1.911951709999999949e+01 -1.911779149999999916e+01 -1.911607539999999972e+01 -1.911436880000000116e+01 -1.911267159999999876e+01 -1.911098379999999963e+01
-2.295280640000000005e+01 -2.295125260000000011e+01 -2.294970789999999994e+01 -2.294817219999999836e+01 -2.294664549999999892e+01 -2.294512780000000163e+01 -2.294361900000000176e+01 -2.294211909999999932e+01 -2.294062819999999903e+01 -2.293914609999999854e+01 -2.293767280000000142e+01 -2.293620830000000055e+01 -2.293475270000000066e+01 -2.293330569999999824e+01 -2.293186760000000035e+01 -2.293043809999999993e+01 -2.292901730000000171e+01 -2.292760510000000096e+01 -2.292620159999999885e+01 -2.292480670000000131e+01 -2.292342040000000125e+01 -2.292204269999999866e+01 -2.292067349999999948e+01 -2.291931280000000015e+01 -2.291796069999999830e+01 -2.291661699999999868e+01 -2.291528179999999892e+01 -2.291395500000000141e+01 -2.291263659999999902e+01 -2.291132670000000005e+01 -2.291002509999999859e+01 -2.290873189999999937e+01 -2.290744700000000122e+01 -2.290617050000000177e+01 -2.290490229999999983e+01 -2.290364230000000134e+01 -2.290239070000000154e+01 -2.290114730000000165e+01 -2.289991210000000166e+01 -2.289868510000000157e+01 -2.289746639999999900e+01 -2.289625579999999871e+01 -2.289505349999999950e+01 -2.289385920000000141e+01 -2.289267320000000083e+01 -2.289149520000000138e+01 -2.289032539999999827e+01 -2.288916359999999983e+01 -2.288800990000000013e+01 -2.288686429999999916e+01
-2.194641209999999987e+01 -2.194387860000000146e+01 -2.194135909999999967e+01 -2.193885369999999924e+01 -2.193636240000000015e+01 -2.193388489999999891e+01 -2.193142130000000023e+01 -2.192897149999999939e+01 -2.192653549999999996e+01 -2.192411309999999958e+01 -2.192170429999999826e+01 -2.191930899999999838e+01 -2.191692719999999994e+01 -2.191455879999999823e+01 -2.191220369999999917e+01 -2.190986189999999922e+01 -2.190753330000000076e+01 -2.190521779999999907e+01 -2.190291530000000009e+01 -2.190062580000000025e+01 -2.189834919999999840e+01 -2.189608540000000048e+01 -2.189383439999999936e+01 -2.189159610000000100e+01 -2.188937029999999950e+01 -2.188715720000000076e+01 -2.188495650000000126e+01 -2.188276809999999983e+01 -2.188059219999999883e+01 -2.187842840000000066e+01 -2.187627690000000058e+01 -2.187413739999999862e+01 -2.187200999999999951e+01 -2.186989459999999852e+01 -2.186779100000000042e+01 -2.186569929999999928e+01 -2.186361929999999987e+01 -2.186155109999999979e+01 -2.185949439999999910e+01 -2.185744920000000135e+01 -2.185541560000000061e+01 -2.185339330000000047e+01 -2.185138239999999854e+01 -2.184938269999999960e+01 -2.184739420000000010e+01 -2.184541690000000003e+01 -2.184345060000000061e+01 -2.184149539999999945e+01 -2.183955100000000016e+01 -2.183761750000000035e+01
-2.564752269999999967e+01 -2.564578519999999884e+01 -2.564405800000000113e+01 -2.564234099999999827e+01 -2.564063409999999976e+01 -2.563893729999999849e+01 -2.563725060000000155e+01 -2.563557399999999831e+01 -2.563390730000000062e+01 -2.563225059999999900e+01 -2.563060390000000055e+01 -2.562896710000000056e+01 -2.562734010000000140e+01 -2.562572300000000070e+01 -2.562411570000000083e+01 -2.562251810000000063e+01 -2.562093030000000127e+01 -2.561935229999999919e+01 -2.561778389999999916e+01 -2.561622519999999881e+01 -2.561467610000000050e+01 -2.561313660000000070e+01 -2.561160669999999939e+01 -2.561008640000000014e+01 -2.560857550000000060e+01 -2.560707419999999956e+01 -2.560558239999999941e+01 -2.560409999999999897e+01 -2.560262699999999825e+01 -2.560116349999999841e+01 -2.559970930000000067e+01 -2.559826449999999909e+01 -2.559682899999999961e+01 -2.559540279999999868e+01 -2.559398589999999984e+01 -2.559257829999999956e+01 -2.559117990000000020e+01 -2.558979079999999939e+01 -2.558841089999999951e+01 -2.558704009999999940e+01 -2.558567850000000021e+01 -2.558432609999999841e+01 -2.558298279999999991e+01 -2.558164860000000118e+01 -2.558032349999999866e+01 -2.557900739999999828e+01 -2.557770040000000122e+01 -2.557640250000000037e+01 -2.557511360000000167e+01 -2.557383370000000156e+01
-2.468629400000000018e+01 -2.468343129999999874e+01 -2.468058459999999954e+01 -2.467775380000000141e+01 -2.467493869999999845e+01 -2.467213930000000133e+01 -2.466935559999999938e+01 -2.466658749999999856e+01 -2.466383480000000006e+01 -2.466109760000000151e+01 -2.465837580000000173e+01 -2.465566919999999840e+01 -2.465297789999999978e+01 -2.465030169999999998e+01 -2.464764059999999901e+01 -2.464499449999999925e+01 -2.464236340000000069e+01 -2.463974710000000101e+01 -2.463714549999999903e+01 -2.463455869999999948e+01 -2.463198650000000001e+01 -2.462942879999999946e+01 -2.462688560000000138e+01 -2.462435680000000104e+01 -2.462184230000000085e+01 -2.461934210000000078e+01 -2.461685599999999852e+01 -2.461438400000000115e+01 -2.461192600000000041e+01 -2.460948189999999869e+01 -2.460705169999999953e+01 -2.460463520000000059e+01 -2.460223249999999950e+01 -2.459984329999999986e+01 -2.459746769999999927e+01 -2.459510549999999895e+01 -2.459275669999999892e+01 -2.459042129999999915e+01 -2.458809899999999971e+01 -2.458578990000000175e+01 -2.458349390000000056e+01 -2.458121089999999853e+01 -2.457894070000000042e+01 -2.457668350000000146e+01 -2.457443900000000170e+01 -2.457220720000000114e+01 -2.456998799999999861e+01 -2.456778140000000121e+01 -2.456558719999999951e+01 -2.456340549999999823e+01
-2.834105220000000003e+01 -2.833912910000000096e+01 -2.833721740000000011e+01 -2.833531710000000103e+01 -2.833342800000000139e+01 -2.833155029999999996e+01 -2.832968380000000153e+01 -2.832782849999999897e+01 -2.832598429999999823e+01 -2.832415130000000048e+01 -2.832232929999999982e+01 -2.832051840000000098e+01 -2.831871840000000162e+01 -2.831692939999999936e+01 -2.831515130000000013e+01 -2.831338410000000039e+01 -2.831162780000000012e+01 -2.830988230000000172e+01 -2.830814750000000046e+01 -2.830642350000000107e+01 -2.830471019999999882e+01 -2.830300760000000082e+01 -2.830131559999999880e+01 -2.829963419999999985e+01 -2.829796340000000043e+01 -2.829630320000000054e+01 -2.829465349999999901e+01 -2.829301429999999939e+01 -2.829138550000000052e+01 -2.828976720000000000e+01 -2.828815930000000023e+01 -2.828656180000000120e+01 -2.828497460000000174e+01 -2.828339769999999831e+01 -2.828183119999999917e+01 -2.828027489999999844e+01 -2.827872890000000083e+01 -2.827719310000000164e+01 -2.827566750000000084e+01 -2.827415219999999962e+01 -2.827264690000000158e+01 -2.827115179999999839e+01 -2.826966679999999954e+01 -2.826819199999999910e+01 -2.826672719999999828e+01 -2.826527240000000063e+01 -2.826382770000000022e+01 -2.826239299999999943e+01 -2.826096839999999943e+01 -2.825955370000000144e+01
-2.742572099999999935e+01 -2.742252510000000143e+01 -2.741934690000000074e+01 -2.741618629999999968e+01 -2.741304320000000061e+01 -2.740991759999999999e+01 -2.740680940000000021e+01 -2.740371850000000009e+01 -2.740064500000000081e+01 -2.739758859999999885e+01 -2.739454930000000132e+01 -2.739152699999999996e+01 -2.738852179999999947e+01 -2.738553339999999992e+01 -2.738256189999999890e+01 -2.737960710000000120e+01 -2.737666889999999853e+01 -2.737374739999999917e+01 -2.737084240000000079e+01 -2.736795379999999867e+01 -2.736508149999999873e+01 -2.736222559999999859e+01 -2.735938579999999831e+01 -2.735656210000000144e+01 -2.735375450000000086e+01 -2.735096280000000135e+01 -2.734818690000000174e+01 -2.734542689999999965e+01 -2.734268249999999867e+01 -2.733995379999999997e+01 -2.733724060000000122e+01 -2.733454289999999887e+01 -2.733186050000000122e+01 -2.732919340000000119e+01 -2.732654150000000115e+01 -2.732390469999999993e+01 -2.732128300000000110e+01 -2.731867619999999874e+01 -2.731608429999999998e+01 -2.731350720000000010e+01 -2.731094480000000146e+01 -2.730839699999999937e+01 -2.730586380000000091e+01 -2.730334500000000020e+01 -2.730084060000000079e+01 -2.729835050000000152e+01 -2.729587460000000121e+01 -2.729341279999999870e+01 -2.729096510000000109e+01 -2.728853140000000010e+01
