4.008358835600000020e+03 4.008219536000000062e+03 4.008081061400000181e+03 4.007943398600000364e+03 4.007806554199999937e+03 4.007670514999999796e+03 4.007535280999999941e+03 4.007400852200000372e+03 4.007267215400000168e+03 4.007134377200000017e+03 4.007002330999999685e+03 4.006871076800000083e+03 4.006740601399999832e+03 4.006610918000000311e+03 4.006482006799999908e+03 4.006353867799999989e+03 4.006226507599999877e+03 4.006099919600000248e+03 4.005974097199999960e+03 4.005849033800000143e+03 4.005724742599999900e+03 4.005601203799999894e+03 4.005478417400000126e+03 4.005356389999999919e+03 4.005235114999999951e+03 4.005114585799999986e+03 4.004994802400000026e+03 4.004875758199999837e+03 4.004757459800000106e+03 4.004639900600000146e+03 4.004523073999999724e+03 4.004406979999999749e+03 4.004291625199999999e+03 4.004176989800000229e+03 4.004063086999999996e+03 4.003949910199999977e+03 4.003837452799999937e+03 4.003725714799999878e+03 4.003614696200000253e+03 4.003504396999999699e+03 4.003394804000000022e+03 4.003285930399999870e+03 4.003177769599999920e+03 4.003070308400000158e+03 4.002963560000000143e+03 4.002857517800000096e+03 4.002752175200000238e+03 4.002647538799999893e+03 4.002543595399999958e+03 4.002440351600000213e+03
3.944321358799999871e+03 3.944109023600000000e+03 3.943897876400000314e+03 3.943687910600000123e+03 3.943479126199999882e+03 3.943271523200000047e+03 3.943065081800000371e+03 3.942859808600000179e+03 3.942655690399999912e+03 3.942452733799999805e+03 3.942250919000000067e+03 3.942050252600000022e+03 3.941850721400000111e+03 3.941652325400000336e+03 3.941455051400000229e+03 3.941258906000000025e+03 3.941063869399999930e+03 3.940869948200000181e+03 3.940677135800000087e+03 3.940485418999999638e+03 3.940294797800000197e+03 3.940105258999999933e+03 3.939916809199999989e+03 3.939729435199999898e+03 3.939543130400000337e+03 3.939357894800000395e+03 3.939173715200000061e+03 3.938990591599999789e+03 3.938808517399999801e+03 3.938627485999999863e+03 3.938447490800000196e+03 3.938268531800000346e+03 3.938090595800000301e+03 3.937913682800000061e+03 3.937737779600000067e+03 3.937562886199999866e+03 3.937389002599999912e+03 3.937216108999999960e+03 3.937044211999999789e+03 3.936873305000000073e+03 3.936703374799999892e+03 3.936534421399999701e+03 3.936366444799999954e+03 3.936199425199999951e+03 3.936033369199999925e+03 3.935868263600000319e+03 3.935704108400000223e+03 3.935540903600000092e+03 3.935378629400000136e+03 3.935217292399999678e+03
3.830310767599999963e+03 3.830184456799999680e+03 3.830058878599999844e+03 3.829934032999999999e+03 3.829809919999999693e+03 3.829686539599999833e+03 3.829563878599999953e+03 3.829441937000000053e+03 3.829320721399999911e+03 3.829200211999999738e+03 3.829080421999999999e+03 3.828961344800000006e+03 3.828842967200000203e+03 3.828725295799999913e+03 3.828608330600000045e+03 3.828492064999999911e+03 3.828376492399999734e+03 3.828261619400000200e+03 3.828147432799999933e+03 3.828033939200000077e+03 3.827921131999999943e+03 3.827809004599999753e+03 3.827697570199999973e+03 3.827586808999999903e+03 3.827476727600000231e+03 3.827367319400000270e+03 3.827258590999999797e+03 3.827150529200000165e+03 3.827043140599999788e+03 3.826936412000000018e+03 3.826830356599999959e+03 3.826724961200000052e+03 3.826620232400000077e+03 3.826516157000000021e+03 3.826412741600000118e+03 3.826309986199999912e+03 3.826207877599999847e+03 3.826106428999999935e+03 3.826005627200000163e+03 3.825905472200000077e+03 3.825805964000000131e+03 3.825707102600000326e+03 3.825608887999999752e+03 3.825511313599999994e+03 3.825414379400000144e+03 3.825318085400000200e+03 3.825222424999999930e+03 3.825127404800000022e+03 3.825033018199999788e+03 3.824939265200000136e+03
3.763784952200000134e+03 3.763593829399999777e+03 3.763403782400000182e+03 3.763214797999999973e+03 3.763026882799999839e+03 3.762840023600000222e+03 3.762654226999999992e+03 3.762469473199999811e+03 3.762285762200000136e+03 3.762103087399999822e+03 3.761921455400000013e+03 3.761740846400000009e+03 3.761561260399999810e+03 3.761382697400000325e+03 3.761205144200000177e+03 3.761028594200000043e+03 3.760853054000000157e+03 3.760678510400000050e+03 3.760504956799999945e+03 3.760332386600000063e+03 3.760160806400000183e+03 3.759990196400000059e+03 3.759820556599999691e+03 3.759651880399999754e+03 3.759484167800000250e+03 3.759317412200000035e+03 3.759151600400000007e+03 3.758986738999999943e+03 3.758822808200000054e+03 3.758659814599999663e+03 3.758497751599999901e+03 3.758336605999999847e+03 3.758176384400000188e+03 3.758017066999999770e+03 3.757858660400000190e+03 3.757701157999999850e+03 3.757544546600000103e+03 3.757388832800000273e+03 3.757233996800000114e+03 3.757080045199999859e+03 3.756926971400000184e+03 3.756774768799999947e+03 3.756623430799999824e+03 3.756472957400000269e+03 3.756323335400000360e+03 3.756174564799999644e+03 3.756026645599999938e+03 3.755879564599999867e+03 3.755733315200000106e+03 3.755587903999999980e+03
3.652222835599999598e+03 3.652109322199999951e+03 3.651996462199999769e+03 3.651884262200000194e+03 3.651772702399999616e+03 3.651661796000000322e+03 3.651551529800000026e+03 3.651441910399999870e+03 3.651332931200000075e+03 3.651224592200000188e+03 3.651116880200000196e+03 3.651009808400000111e+03 3.650903363599999921e+03 3.650797552399999859e+03 3.650692361599999913e+03 3.650587797799999862e+03 3.650483854400000382e+03 3.650380538000000342e+03 3.650277835400000185e+03 3.650175746599999911e+03 3.650074271600000429e+03 3.649973410399999921e+03 3.649873163000000204e+03 3.649773522800000137e+03 3.649674489799999719e+03 3.649576057400000082e+03 3.649478232200000093e+03 3.649381007599999975e+03 3.649284383600000183e+03 3.649188360199999806e+03 3.649092924200000198e+03 3.648998095400000238e+03 3.648903854000000138e+03 3.648810199999999895e+03 3.648717139999999745e+03 3.648624667400000362e+03 3.648532788800000162e+03 3.648441491000000042e+03 3.648350774000000001e+03 3.648260644400000274e+03 3.648171095599999717e+03 3.648082127599999694e+03 3.647993733799999973e+03 3.647905920799999876e+03 3.647818682000000081e+03 3.647732023999999910e+03 3.647645933599999807e+03 3.647560417400000006e+03 3.647475468800000272e+03 3.647391094399999929e+03
3.583191244399999960e+03 3.583021063400000003e+03 3.582851839400000244e+03 3.582683572400000230e+03 3.582516249199999947e+03 3.582349869799999851e+03 3.582184427600000163e+03 3.582019922599999973e+03 3.581856341599999723e+03 3.581693684599999870e+03 3.581531951599999957e+03 3.581371129399999973e+03 3.581211211400000138e+03 3.581052204200000233e+03 3.580894094600000244e+03 3.580736882600000172e+03 3.580580555000000004e+03 3.580425111800000195e+03 3.580270546400000057e+03 3.580116858800000045e+03 3.579964042399999926e+03 3.579812090599999920e+03 3.579660996800000248e+03 3.579510754400000224e+03 3.579361363400000300e+03 3.579212817199999790e+03 3.579065115800000058e+03 3.578918239399999948e+03 3.578772201199999927e+03 3.578626981400000204e+03 3.578482586600000104e+03 3.578339003600000069e+03 3.578196232400000099e+03 3.578054273000000194e+03 3.577913105599999653e+03 3.577772736800000075e+03 3.577633159999999862e+03 3.577494368599999689e+03 3.577356356000000233e+03 3.577219128799999908e+03 3.577082667200000287e+03 3.576946977800000241e+03 3.576812047399999756e+03 3.576677882599999975e+03 3.576544463600000199e+03 3.576411803599999985e+03 3.576279882799999996e+03 3.576148707800000011e+03 3.576018265400000018e+03 3.575888562199999797e+03
3.474055149200000415e+03 3.473954307799999697e+03 3.473854047199999968e+03 3.473754360799999631e+03 3.473655241999999816e+03 3.473556697400000303e+03 3.473458720399999947e+03 3.473361311000000114e+03 3.473264462600000115e+03 3.473168175199999951e+03 3.473072455399999853e+03 3.472977283400000033e+03 3.472882672400000047e+03 3.472788615800000116e+03 3.472695113599999786e+03 3.472602165799999966e+03 3.472509765799999968e+03 3.472417907000000014e+03 3.472326602600000115e+03 3.472235839399999804e+03 3.472145617399999992e+03 3.472055943200000002e+03 3.471966803600000276e+03 3.471878205199999684e+03 3.471790141399999811e+03 3.471702618799999982e+03 3.471615624199999729e+03 3.471529164200000196e+03 3.471443238799999563e+03 3.471357841400000325e+03 3.471272978599999988e+03 3.471188637199999903e+03 3.471104823800000304e+03 3.471021538399999827e+03 3.470938774400000057e+03 3.470856538400000318e+03 3.470774817200000143e+03 3.470693617400000221e+03 3.470612945599999875e+03 3.470532782000000225e+03 3.470453139799999917e+03 3.470374012400000083e+03 3.470295406400000047e+03 3.470217308600000251e+03 3.470139718999999786e+03 3.470062650800000029e+03 3.469986090800000056e+03 3.469910039000000324e+03 3.469834495399999923e+03 3.469759460000000217e+03
3.402566853199999969e+03 3.402417343400000391e+03 3.402268671799999993e+03 3.402120838400000139e+03 3.401973836600000141e+03 3.401827659800000220e+03 3.401682301400000142e+03 3.401537768000000142e+03 3.401394046399999752e+03 3.401251136599999882e+03 3.401109032000000298e+03 3.400967719400000078e+03 3.400827212000000145e+03 3.400687490000000253e+03 3.400548560000000180e+03 3.400410408799999914e+03 3.400273036399999910e+03 3.400136436200000389e+03 3.400000601600000209e+03 3.399865532599999824e+03 3.399731222599999910e+03 3.399597671600000012e+03 3.399464866400000119e+03 3.399332813600000009e+03 3.399201493399999890e+03 3.399070912399999997e+03 3.398941070599999875e+03 3.398811948200000188e+03 3.398683551799999805e+03 3.398555874800000311e+03 3.398428910599999654e+03 3.398302659200000107e+03 3.398177114000000074e+03 3.398052268399999775e+03 3.397928122400000120e+03 3.397804669400000421e+03 3.397681902799999989e+03 3.397559822600000189e+03 3.397438415599999644e+03 3.397317694999999730e+03 3.397197640999999749e+03 3.397078253599999698e+03 3.396959539399999812e+03 3.396841478600000301e+03 3.396724071200000253e+03 3.396607323799999904e+03 3.396491216599999916e+03 3.396375762799999848e+03 3.396260942599999908e+03 3.396146762599999875e+03
3.295814572400000088e+03 3.295726337000000058e+03 3.295638596599999801e+03 3.295551357800000005e+03 3.295464607400000205e+03 3.295378358599999956e+03 3.295292604799999935e+03 3.295207332800000131e+03 3.295122555800000100e+03 3.295038273799999843e+03 3.294954467000000022e+03 3.294871155199999976e+03 3.294788318599999911e+03 3.294705970400000297e+03 3.294624103999999988e+03 3.294542712800000118e+03 3.294461803400000008e+03 3.294381369199999881e+03 3.294301410200000191e+03 3.294221926400000029e+03 3.294142917799999850e+03 3.294064384400000108e+03 3.293986319599999661e+03 3.293908723399999872e+03 3.293831595799999832e+03 3.293754943400000229e+03 3.293678746399999909e+03 3.293603024600000026e+03 3.293527764800000114e+03 3.293452967000000172e+03 3.293378637799999979e+03 3.293304763999999977e+03 3.293231352200000401e+03 3.293158402399999886e+03 3.293085908000000018e+03 3.293013875599999665e+03 3.292942298599999958e+03 3.292871183600000222e+03 3.292800517399999990e+03 3.292730306599999949e+03 3.292660551200000100e+03 3.292591251199999988e+03 3.292522399999999834e+03 3.292453997600000093e+03 3.292386050600000090e+03 3.292318545799999811e+03 3.292251496400000178e+03 3.292184895800000049e+03 3.292118737400000100e+03 3.292053027800000109e+03
3.221891041400000177e+03 3.221761978399999862e+03 3.221633634799999982e+03 3.221506010600000081e+03 3.221379105799999707e+03 3.221252913799999988e+03 3.221127427999999782e+03 3.221002641800000220e+03 3.220878561800000170e+03 3.220755174800000077e+03 3.220632480799999939e+03 3.220510473199999979e+03 3.220389151999999740e+03 3.220268510599999900e+03 3.220148542400000224e+03 3.220029247399999804e+03 3.219910619000000224e+03 3.219792650600000343e+03 3.219675348799999938e+03 3.219558693800000128e+03 3.219442698800000016e+03 3.219327344000000267e+03 3.219212636000000202e+03 3.219098568200000045e+03 3.218985134000000016e+03 3.218872326799999882e+03 3.218760153199999877e+03 3.218648600000000442e+03 3.218537660599999981e+03 3.218427341600000091e+03 3.218317636400000083e+03 3.218208538400000180e+03 3.218100040999999692e+03 3.217992144199999984e+03 3.217884848000000147e+03 3.217778139199999714e+03 3.217672017800000049e+03 3.217566483800000242e+03 3.217461537199999839e+03 3.217357158199999958e+03 3.217253359999999702e+03 3.217150136000000202e+03 3.217047472999999627e+03 3.216945377600000029e+03 3.216843843200000265e+03 3.216742863200000102e+03 3.216642437599999994e+03 3.216542566399999941e+03 3.216443236400000387e+03 3.216344454199999745e+03
3.117508695200000147e+03 3.117433026200000313e+03 3.117357772999999725e+03 3.117282948799999758e+03 3.117208547000000181e+03 3.117134567600000082e+03 3.117061004000000139e+03 3.116987856199999896e+03 3.116915130800000043e+03 3.116842821199999889e+03 3.116770920800000113e+03 3.116699442799999815e+03 3.116628367400000116e+03 3.116557707799999662e+03 3.116487463999999818e+03 3.116417622800000117e+03 3.116348197400000117e+03 3.116279174600000260e+03 3.116210560999999871e+03 3.116142350000000079e+03 3.116074548200000208e+03 3.116007142399999793e+03 3.115940145800000209e+03 3.115873551799999859e+03 3.115807360400000107e+03 3.115741571600000043e+03 3.115676178799999889e+03 3.115611188599999878e+03 3.115546594399999776e+03 3.115482396200000039e+03 3.115418600599999991e+03 3.115355194400000073e+03 3.115292190799999844e+03 3.115229576599999746e+03 3.115167365000000245e+03 3.115105536199999733e+03 3.115044109999999819e+03 3.114983066599999802e+03 3.114922425799999928e+03 3.114862167799999952e+03 3.114802305799999885e+03 3.114742826599999717e+03 3.114683743399999912e+03 3.114625043000000005e+03 3.114566732000000229e+03 3.114508810399999675e+03 3.114451278200000161e+03 3.114394128800000090e+03 3.114337362199999916e+03 3.114280978400000095e+03
3.041178790999999819e+03 3.041069963599999937e+03 3.040961736799999926e+03 3.040854123799999797e+03 3.040747104800000216e+03 3.040640692999999828e+03 3.040534868599999754e+03 3.040429638200000227e+03 3.040324995200000103e+03 3.040220939599999838e+03 3.040117458199999874e+03 3.040014557599999989e+03 3.039912231199999951e+03 3.039810478999999759e+03 3.039709287799999856e+03 3.039608657599999788e+03 3.039508588400000008e+03 3.039409080200000062e+03 3.039310119799999939e+03 3.039211707200000092e+03 3.039113842400000067e+03 3.039016518800000085e+03 3.038919729799999914e+03 3.038823481999999785e+03 3.038727762200000143e+03 3.038632570400000077e+03 3.038537900000000263e+03 3.038443757600000026e+03 3.038350129999999808e+03 3.038257017200000064e+03 3.038164412600000105e+03 3.038072316199999932e+03 3.037980727999999999e+03 3.037889634799999840e+03 3.037799049799999921e+03 3.037708953199999996e+03 3.037619345000000067e+03 3.037530231799999910e+03 3.037441600399999970e+03 3.037353457400000025e+03 3.037265789600000062e+03 3.037178597000000082e+03 3.037091879600000084e+03 3.037005630800000290e+03 3.036919857200000024e+03 3.036834545599999728e+03 3.036749689400000079e+03 3.036665301800000179e+03 3.036581369600000016e+03 3.036497886199999812e+03
2.939146434199999931e+03 2.939083331599999838e+03 2.939020572200000061e+03 2.938958169200000157e+03 2.938896109400000114e+03 2.938834399400000166e+03 2.938773039199999857e+03 2.938712028800000098e+03 2.938651361600000200e+03 2.938591037600000163e+03 2.938531056799999988e+03 2.938471425799999906e+03 2.938412131399999907e+03 2.938353180199999770e+03 2.938294572199999948e+03 2.938236300800000208e+03 2.938178372599999875e+03 2.938120781000000079e+03 2.938063525999999911e+03 2.938006614200000058e+03 2.937950038999999833e+03 2.937893793799999912e+03 2.937837891799999852e+03 2.937782319800000096e+03 2.937727084399999967e+03 2.937672185599999921e+03 2.937617616800000178e+03 2.937563377999999830e+03 2.937509475800000018e+03 2.937455910199999835e+03 2.937402667999999721e+03 2.937349762400000145e+03 2.937297186799999963e+03 2.937244941200000085e+03 2.937193019000000277e+03 2.937141433400000096e+03 2.937090171199999986e+03 2.937039238999999725e+03 2.936988636799999767e+03 2.936938364600000114e+03 2.936888409199999842e+03 2.936838790400000107e+03 2.936789488399999755e+03 2.936740516400000161e+03 2.936691867800000182e+03 2.936643549200000052e+03 2.936595547400000214e+03 2.936547875600000225e+03 2.936500520600000073e+03 2.936453488999999990e+03
2.860432900400000108e+03 2.860344123800000034e+03 2.860255848799999967e+03 2.860168068800000128e+03 2.860080770600000051e+03 2.859993960799999968e+03 2.859907639399999880e+03 2.859821793199999775e+03 2.859736428799999885e+03 2.859651533000000200e+03 2.859567112400000042e+03 2.859483160400000088e+03 2.859399670400000105e+03 2.859316642400000092e+03 2.859234076400000049e+03 2.859151972399999977e+03 2.859070317199999863e+03 2.858989110800000162e+03 2.858908353199999965e+03 2.858828037799999947e+03 2.858748164600000109e+03 2.858668733599999996e+03 2.858589738200000284e+03 2.858511178400000063e+03 2.858433041000000230e+03 2.858355339199999889e+03 2.858278059799999937e+03 2.858201196200000140e+03 2.858124754999999823e+03 2.858048736199999894e+03 2.857973126599999887e+03 2.857897926200000256e+03 2.857823135000000093e+03 2.857748746400000073e+03 2.857674760400000196e+03 2.857601177000000007e+03 2.857527996199999961e+03 2.857455204800000047e+03 2.857382809400000042e+03 2.857310796799999935e+03 2.857239180200000192e+03 2.857167946399999892e+03 2.857097095399999944e+03 2.857026620600000115e+03 2.856956528600000183e+03 2.856886812799999916e+03 2.856817466599999989e+03 2.856748496600000180e+03 2.856679896199999803e+03 2.856611658799999987e+03
2.760738177799999903e+03 2.760687661400000252e+03 2.760637422199999946e+03 2.760587460199999896e+03 2.760537775400000100e+03 2.760488367800000105e+03 2.760439244000000144e+03 2.760390390800000205e+03 2.760341814800000066e+03 2.760293509399999948e+03 2.760245481200000086e+03 2.760197730200000024e+03 2.760150249799999983e+03 2.760103039999999964e+03 2.760056107400000201e+03 2.760009445400000004e+03 2.759963053999999829e+03 2.759916933200000130e+03 2.759871076399999765e+03 2.759825496800000110e+03 2.759780187800000022e+03 2.759735142800000176e+03 2.759690368399999898e+03 2.759645864600000095e+03 2.759601624800000081e+03 2.759557655600000089e+03 2.759513950399999885e+03 2.759470515800000157e+03 2.759427345199999763e+03 2.759384438600000067e+03 2.759341802599999937e+03 2.759299430600000051e+03 2.759257322599999952e+03 2.759215478600000097e+03 2.759173905200000263e+03 2.759132589199999984e+03 2.759091537199999948e+03 2.759050749200000155e+03 2.759010231799999929e+03 2.758969965199999933e+03 2.758929969199999960e+03 2.758890237200000229e+03 2.758850762600000053e+03 2.758811545399999886e+03 2.758772598800000196e+03 2.758733909600000061e+03 2.758695477799999935e+03 2.758657310000000052e+03 2.758619399600000179e+03 2.758581753200000094e+03
2.679659986099999969e+03 2.679591129620000174e+03 2.679522656600000118e+03 2.679454563739999685e+03 2.679386849720000100e+03 2.679319511239999883e+03 2.679252546319999965e+03 2.679185952320000069e+03 2.679119727260000218e+03 2.679053868500000135e+03 2.678988374059999842e+03 2.678923241299999972e+03 2.678858467580000251e+03 2.678794050919999790e+03 2.678729989339999975e+03 2.678666279539999778e+03 2.678602919540000130e+03 2.678539907360000143e+03 2.678477240359999996e+03 2.678414915899999869e+03 2.678352932660000079e+03 2.678291287340000054e+03 2.678229978620000111e+03 2.678169003200000134e+03 2.678108359759999985e+03 2.678048045000000002e+03 2.677988058259999889e+03 2.677928395580000142e+03 2.677869056300000011e+03 2.677810037119999834e+03 2.677751336060000085e+03 2.677692951799999719e+03 2.677634881699999823e+03 2.677577123779999965e+03 2.677519676060000165e+03 2.677462535900000148e+03 2.677405702640000072e+03 2.677349172979999821e+03 2.677292945600000166e+03 2.677237018519999765e+03 2.677181389760000002e+03 2.677126057339999988e+03 2.677071019940000042e+03 2.677016274919999887e+03 2.676961821620000137e+03 2.676907657400000062e+03 2.676853780280000137e+03 2.676800189600000067e+03 2.676746883380000327e+03 2.676693859640000028e+03
2.582292175340000085e+03 2.582254281439999886e+03 2.582216595439999764e+03 2.582179118659999858e+03 2.582141849120000188e+03 2.582104786820000299e+03 2.582067931759999738e+03 2.582031282619999729e+03 2.581994840060000115e+03 2.581958602759999849e+03 2.581922571380000136e+03 2.581886743940000088e+03 2.581851121759999842e+03 2.581815703520000170e+03 2.581780488559999867e+03 2.581745477540000138e+03 2.581710669799999778e+03 2.581676065340000150e+03 2.581641662840000208e+03 2.581607462959999793e+03 2.581573465039999974e+03 2.581539669079999840e+03 2.581506075079999846e+03 2.581472681719999855e+03 2.581439489659999708e+03 2.581406498240000019e+03 2.581373707459999878e+03 2.581341117320000194e+03 2.581308727159999762e+03 2.581276536979999946e+03 2.581244546119999995e+03 2.581212755239999751e+03 2.581181163679999827e+03 2.581149771440000222e+03 2.581118577860000187e+03 2.581087582940000175e+03 2.581056786019999890e+03 2.581026188419999926e+03 2.580995788159999847e+03 2.580965585899999951e+03 2.580935581640000237e+03 2.580905774719999954e+03 2.580876165140000012e+03 2.580846752899999956e+03 2.580817537339999944e+03 2.580788518459999977e+03 2.580759696260000055e+03 2.580731070079999881e+03 2.580702639919999910e+03 2.580674405780000143e+03
2.498866807819999849e+03 2.498817754640000203e+03 2.498768974040000103e+03 2.498720463380000183e+03 2.498672221339999851e+03 2.498624245940000037e+03 2.498576536519999991e+03 2.498529090439999891e+03 2.498481905720000213e+03 2.498434981700000208e+03 2.498388316399999894e+03 2.498341907179999907e+03 2.498295753379999951e+03 2.498249852359999750e+03 2.498204203459999917e+03 2.498158804040000177e+03 2.498113652779999939e+03 2.498068748359999972e+03 2.498024088799999845e+03 2.497979672120000032e+03 2.497935497659999783e+03 2.497891562119999890e+03 2.497847865499999898e+03 2.497804405159999988e+03 2.497761179780000020e+03 2.497718188039999859e+03 2.497675427959999979e+03 2.497632898220000243e+03 2.497590596840000217e+03 2.497548522500000217e+03 2.497506673880000108e+03 2.497465049659999750e+03 2.497423647860000074e+03 2.497382466500000191e+03 2.497341505580000103e+03 2.497300762459999987e+03 2.497260236480000003e+03 2.497219925659999717e+03 2.497179828679999900e+03 2.497139944219999961e+03 2.497100271620000058e+03 2.497060808239999915e+03 2.497021554079999987e+03 2.496982507159999841e+03 2.496943666160000248e+03 2.496905030420000003e+03 2.496866597960000036e+03 2.496828368120000050e+03 2.496790340240000205e+03 2.496752511679999770e+03
2.403814137140000184e+03 2.403788911279999866e+03 2.403763824019999902e+03 2.403738874699999997e+03 2.403714063979999992e+03 2.403689390540000204e+03 2.403664855040000020e+03 2.403640456820000054e+03 2.403616195220000009e+03 2.403592070900000181e+03 2.403568082539999978e+03 2.403544230800000150e+03 2.403520515019999948e+03 2.403496935199999825e+03 2.403473490679999941e+03 2.403450182120000136e+03 2.403427008200000273e+03 2.403403970240000035e+03 2.403381066259999898e+03 2.403358297579999999e+03 2.403335663540000041e+03 2.403313164140000026e+03 2.403290798720000112e+03 2.403268567279999843e+03 2.403246470479999971e+03 2.403224506999999903e+03 2.403202677499999936e+03 2.403180981319999773e+03 2.403159419120000166e+03 2.403137990239999908e+03 2.403116694679999910e+03 2.403095531779999874e+03 2.403074502200000097e+03 2.403053605940000125e+03 2.403032841679999819e+03 2.403012210740000228e+03 2.402991711799999848e+03 2.402971345519999886e+03 2.402951111899999887e+03 2.402931010280000010e+03 2.402911040659999799e+03 2.402891203040000164e+03 2.402871497420000196e+03 2.402851923140000054e+03 2.402832480860000032e+03 2.402813169919999837e+03 2.402793990319999921e+03 2.402774942059999830e+03 2.402756024480000178e+03 2.402737238239999897e+03
2.318051109019999785e+03 2.318021787199999835e+03 2.317992627739999989e+03 2.317963629979999951e+03 2.317934792600000037e+03 2.317906114939999952e+03 2.317877595020000172e+03 2.317849232839999786e+03 2.317821027080000022e+03 2.317792976419999832e+03 2.317765079539999988e+03 2.317737336440000036e+03 2.317709745139999995e+03 2.317682304980000026e+03 2.317655014639999990e+03 2.317627874119999888e+03 2.317600880779999898e+03 2.317574035279999862e+03 2.317547334979999960e+03 2.317520779880000191e+03 2.317494369320000260e+03 2.317468101320000187e+03 2.317441975220000131e+03 2.317415990360000251e+03 2.317390146079999795e+03 2.317364440400000149e+03 2.317338872660000106e+03 2.317313442199999827e+03 2.317288148359999923e+03 2.317262989819999802e+03 2.317237965920000079e+03 2.317213075340000159e+03 2.317188316759999907e+03 2.317163690840000072e+03 2.317139195599999766e+03 2.317114829719999761e+03 2.317090593859999899e+03 2.317066486040000200e+03 2.317042505599999913e+03 2.317018651880000107e+03 2.316994924220000030e+03 2.316971321300000000e+03 2.316947843120000016e+03 2.316924488359999941e+03 2.316901256359999934e+03 2.316878146460000153e+03 2.316855157999999847e+03 2.316832290320000084e+03 2.316809542760000113e+03 2.316786914000000252e+03
2.225326709779999874e+03 2.225314171760000136e+03 2.225301703040000120e+03 2.225289303619999828e+03 2.225276972839999871e+03 2.225264710699999796e+03 2.225252517200000057e+03 2.225240391679999902e+03 2.225228335459999926e+03 2.225216346560000147e+03 2.225204426299999795e+03 2.225192574019999938e+03 2.225180789720000121e+03 2.225169073399999888e+03 2.225157425060000151e+03 2.225145844040000156e+03 2.225134330339999906e+03 2.225122884620000150e+03 2.225111505559999841e+03 2.225100194480000027e+03 2.225088950719999957e+03 2.225077773619999789e+03 2.225066664500000115e+03 2.225055622039999889e+03 2.225044646240000020e+03 2.225033737759999894e+03 2.225022896599999967e+03 2.225012121440000101e+03 2.225001413599999978e+03 2.224990772420000212e+03 2.224980197899999894e+03 2.224969690039999932e+03 2.224959248839999873e+03 2.224948873639999874e+03 2.224938565100000233e+03 2.224928323220000038e+03 2.224918148000000201e+03 2.224908038779999970e+03 2.224897995559999799e+03 2.224888018340000144e+03 2.224878107779999937e+03 2.224868263219999790e+03 2.224858484660000158e+03 2.224848772100000133e+03 2.224839125540000168e+03 2.224829544319999968e+03 2.224820029760000125e+03 2.224810580540000046e+03 2.224801196660000187e+03 2.224791878779999934e+03
2.137226367560000199e+03 2.137216730900000130e+03 2.137207147699999950e+03 2.137197617960000116e+03 2.137188141019999875e+03 2.137178716219999842e+03 2.137169344219999857e+03 2.137160024360000079e+03 2.137150755319999917e+03 2.137141537760000119e+03 2.137132371019999937e+03 2.137123255099999824e+03 2.137114189339999939e+03 2.137105173079999986e+03 2.137096206319999965e+03 2.137087289059999875e+03 2.137078420639999877e+03 2.137069600400000127e+03 2.137060828340000171e+03 2.137052104460000010e+03 2.137043427439999959e+03 2.137034797939999862e+03 2.137026215299999876e+03 2.137017679520000002e+03 2.137009189939999942e+03 2.137000745899999856e+03 2.136992347400000199e+03 2.136983994440000060e+03 2.136975686360000054e+03 2.136967422499999884e+03 2.136959203519999846e+03 2.136951028099999803e+03 2.136942896900000051e+03 2.136934809259999838e+03 2.136926764519999779e+03 2.136918762679999872e+03 2.136910803740000119e+03 2.136902887039999769e+03 2.136895012580000184e+03 2.136887179700000161e+03 2.136879388400000153e+03 2.136871638019999864e+03 2.136863929220000045e+03 2.136856261339999946e+03 2.136848633720000180e+03 2.136841046359999837e+03 2.136833499259999826e+03 2.136825991759999852e+03 2.136818524520000210e+03 2.136811096219999854e+03
2.046821716605800020e+03 2.046821893875199976e+03 2.046822070946599979e+03 2.046822247813400054e+03 2.046822424488799925e+03 2.046822600966200071e+03 2.046822777245600037e+03 2.046822953327000050e+03 2.046823129210400111e+03 2.046823304902399968e+03 2.046823480389799897e+03 2.046823655679200101e+03 2.046823830770599898e+03 2.046824005663999969e+03 2.046824180352800113e+03 2.046824354843600076e+03 2.046824529129800112e+03 2.046824703211399992e+03 2.046824877088399944e+03 2.046825050760799968e+03 2.046825224222000088e+03 2.046825397472000077e+03 2.046825570510799935e+03 2.046825743338399889e+03 2.046825915948199963e+03 2.046826088340199931e+03 2.046826260514400019e+03 2.046826432464200025e+03 2.046826604189599948e+03 2.046826775690600016e+03 2.046826946960600026e+03 2.046827117993000002e+03 2.046827288794399919e+03 2.046827459358200031e+03 2.046827629684400108e+03 2.046827799759799973e+03 2.046827969591000056e+03 2.046828139171399926e+03 2.046828308494400062e+03 2.046828477566599986e+03 2.046828646374799973e+03 2.046828814912400048e+03 2.046828983192599935e+03 2.046829151195599934e+03 2.046829318921400045e+03 2.046829486370000041e+03 2.046829653534799945e+03 2.046829820409200011e+03 2.046829986999799985e+03 2.046830153286799941e+03
1.956384294499999896e+03 1.956394322540000076e+03 1.956404295139999931e+03 1.956414213620000055e+03 1.956424077319999924e+03 1.956433886900000061e+03 1.956443642360000013e+03 1.956453345019999915e+03 1.956462994879999997e+03 1.956472591940000029e+03 1.956482136200000014e+03 1.956491628980000087e+03 1.956501070280000022e+03 1.956510460100000046e+03 1.956519799760000069e+03 1.956529088600000023e+03 1.956538327279999976e+03 1.956547515799999928e+03 1.956556655480000018e+03 1.956565745659999948e+03 1.956574787660000084e+03 1.956583780819999902e+03 1.956592726459999994e+03 1.956601623920000065e+03 1.956610473859999956e+03 1.956619277600000032e+03 1.956628033819999928e+03 1.956636743840000008e+03 1.956645408320000115e+03 1.956654026599999952e+03 1.956662599340000043e+03 1.956671127200000001e+03 1.956679610180000054e+03 1.956688048940000044e+03 1.956696443479999971e+03 1.956704793800000061e+03 1.956713101219999999e+03 1.956721364420000100e+03 1.956729585380000117e+03 1.956737763439999981e+03 1.956745898599999919e+03 1.956753992180000068e+03 1.956762043519999906e+03 1.956770053279999956e+03 1.956778021459999991e+03 1.956785948720000079e+03 1.956793835059999992e+03 1.956801681140000028e+03 1.956809486300000117e+03 1.956817251200000101e+03
1.868324615539999968e+03 1.868337496760000022e+03 1.868350308680000126e+03 1.868363051300000052e+03 1.868375724620000028e+03 1.868388328640000054e+03 1.868400864019999972e+03 1.868413330760000008e+03 1.868425728859999936e+03 1.868438058319999982e+03 1.868450319139999920e+03 1.868462511980000045e+03 1.868474636180000061e+03 1.868486692400000038e+03 1.868498680639999975e+03 1.868510600900000100e+03 1.868522453179999957e+03 1.868534238140000070e+03 1.868545955119999917e+03 1.868557604119999951e+03 1.868569185800000014e+03 1.868580700160000106e+03 1.868592147199999999e+03 1.868603526260000081e+03 1.868614838660000032e+03 1.868626083079999944e+03 1.868637260839999954e+03 1.868648371279999992e+03 1.868659415059999901e+03 1.868670391520000067e+03 1.868681300660000034e+03 1.868692143140000098e+03 1.868702918960000034e+03 1.868713627459999998e+03 1.868724269959999901e+03 1.868734845140000061e+03 1.868745353660000092e+03 1.868755795519999992e+03 1.868766171380000060e+03 1.868776479919999929e+03 1.868786722459999964e+03 1.868796898340000098e+03 1.868807008219999943e+03 1.868817051439999886e+03 1.868827028659999996e+03 1.868836939880000045e+03 1.868846784439999965e+03 1.868856563000000051e+03 1.868866275560000076e+03 1.868875922120000041e+03
1.775573853260000078e+03 1.775603573719999986e+03 1.775633129840000038e+03 1.775662522940000144e+03 1.775691754339999989e+03 1.775720824699999866e+03 1.775749735339999916e+03 1.775778487580000046e+03 1.775807082079999873e+03 1.775835520159999987e+03 1.775863801819999935e+03 1.775891929699999991e+03 1.775919903799999929e+03 1.775947726099999954e+03 1.775975396600000067e+03 1.776002916619999951e+03 1.776030287479999970e+03 1.776057509839999966e+03 1.776084585680000146e+03 1.776111515000000054e+03 1.776138299120000056e+03 1.776164938699999993e+03 1.776191435719999845e+03 1.776217790180000065e+03 1.776244003400000111e+03 1.776270076040000049e+03 1.776296010080000087e+03 1.776321805519999998e+03 1.776347463680000146e+03 1.776372985879999987e+03 1.776398372119999976e+03 1.776423624380000092e+03 1.776448742000000038e+03 1.776473727619999863e+03 1.776498581240000021e+03 1.776523304179999968e+03 1.776547896439999931e+03 1.776572360000000117e+03 1.776596694860000071e+03 1.776620902339999930e+03 1.776644983099999990e+03 1.776668937800000094e+03 1.776692767099999855e+03 1.776716471660000025e+03 1.776740053460000127e+03 1.776763511839999865e+03 1.776786848120000059e+03 1.776810062959999868e+03 1.776833157020000044e+03 1.776856130959999973e+03
1.689831564979999939e+03 1.689857139319999987e+03 1.689882574400000067e+03 1.689907870219999950e+03 1.689933028100000001e+03 1.689958048039999994e+03 1.689982929380000087e+03 1.690007674100000031e+03 1.690032280879999917e+03 1.690056750380000040e+03 1.690081083260000014e+03 1.690105279520000067e+03 1.690129339159999972e+03 1.690153262840000025e+03 1.690177050559999998e+03 1.690200702319999891e+03 1.690224218119999932e+03 1.690247598619999962e+03 1.690270843819999982e+03 1.690293954380000059e+03 1.690316929640000126e+03 1.690339769599999954e+03 1.690362475580000137e+03 1.690385046260000081e+03 1.690407482959999925e+03 1.690429785679999895e+03 1.690451953759999924e+03 1.690473988520000148e+03 1.690495888639999976e+03 1.690517655439999999e+03 1.690539288259999921e+03 1.690560787760000039e+03 1.690582153939999898e+03 1.690603386140000111e+03 1.690624485679999907e+03 1.690645451899999898e+03 1.690666285459999926e+03 1.690686986359999992e+03 1.690707553940000025e+03 1.690727989519999937e+03 1.690748291780000045e+03 1.690768462040000031e+03 1.690788500300000123e+03 1.690808405900000025e+03 1.690828179500000033e+03 1.690847821099999919e+03 1.690867331359999980e+03 1.690886709619999920e+03 1.690905956540000034e+03 1.690925072120000095e+03
1.594758396680000033e+03 1.594807851139999912e+03 1.594857032359999948e+03 1.594905941660000053e+03 1.594954581019999978e+03 1.595002951760000087e+03 1.595051055859999906e+03 1.595098894640000026e+03 1.595146470079999972e+03 1.595193784159999950e+03 1.595240838199999871e+03 1.595287634179999941e+03 1.595334174080000139e+03 1.595380459219999921e+03 1.595426491579999947e+03 1.595472272479999901e+03 1.595517804560000059e+03 1.595563088480000033e+03 1.595608126220000031e+03 1.595652919099999963e+03 1.595697469759999876e+03 1.595741779519999909e+03 1.595785849699999972e+03 1.595829682280000043e+03 1.595873278580000033e+03 1.595916639920000080e+03 1.595959768940000004e+03 1.596002666959999942e+03 1.596045334639999965e+03 1.596087774619999891e+03 1.596129987560000018e+03 1.596171975440000097e+03 1.596213739580000038e+03 1.596255281960000048e+03 1.596296603900000036e+03 1.596337706060000073e+03 1.596378591079999978e+03 1.596419259620000048e+03 1.596459712999999965e+03 1.596499953199999936e+03 1.596539980880000030e+03 1.596579798019999998e+03 1.596619405939999979e+03 1.596658805300000040e+03 1.596697997419999865e+03 1.596736983620000046e+03 1.596775765880000108e+03 1.596814344859999892e+03 1.596852721219999921e+03 1.596890896939999948e+03
1.511354809160000059e+03 1.511393046260000119e+03 1.511431074800000033e+03 1.511468894119999959e+03 1.511506505540000035e+03 1.511543909060000033e+03 1.511581105339999795e+03 1.511618095039999844e+03 1.511654878159999953e+03 1.511691455359999964e+03 1.511727827299999944e+03 1.511763993319999827e+03 1.511799955400000044e+03 1.511835712220000005e+03 1.511871265100000073e+03 1.511906614040000022e+03 1.511941759700000148e+03 1.511976702079999995e+03 1.512011441180000020e+03 1.512045977660000062e+03 1.512080312179999964e+03 1.512114444079999885e+03 1.512148374019999892e+03 1.512182102660000055e+03 1.512215629999999919e+03 1.512248956039999939e+03 1.512282080779999887e+03 1.512315004880000060e+03 1.512347729000000072e+03 1.512380252479999854e+03 1.512412575979999929e+03 1.512444699499999842e+03 1.512476623040000050e+03 1.512508347920000006e+03 1.512539872820000028e+03 1.512571199060000026e+03 1.512602325979999932e+03 1.512633254240000042e+03 1.512663984499999970e+03 1.512694516099999873e+03 1.512724849700000050e+03 1.512754985300000044e+03 1.512784923559999925e+03 1.512814664479999919e+03 1.512844207399999959e+03 1.512873553639999955e+03 1.512902703199999905e+03 1.512931655419999970e+03 1.512960412279999900e+03 1.512988971799999945e+03
1.413956402779999962e+03 1.414025674399999843e+03 1.414094561899999917e+03 1.414163066600000093e+03 1.414231191800000033e+03 1.414298940140000013e+03 1.414366312939999943e+03 1.414433313499999940e+03 1.414499943799999983e+03 1.414566205820000050e+03 1.414632102860000032e+03 1.414697636899999907e+03 1.414762809920000109e+03 1.414827625220000073e+03 1.414892084119999936e+03 1.414956189259999974e+03 1.415019943280000007e+03 1.415083348820000083e+03 1.415146407860000181e+03 1.415209122380000053e+03 1.415271495680000044e+03 1.415333529080000062e+03 1.415395224559999861e+03 1.415456586079999852e+03 1.415517614299999877e+03 1.415578312520000054e+03 1.415638682060000065e+03 1.415698726220000026e+03 1.415758446320000076e+03 1.415817844340000192e+03 1.415876923580000039e+03 1.415935684699999911e+03 1.415994130999999925e+03 1.416052264460000060e+03 1.416110086400000000e+03 1.416167599460000019e+03 1.416224804960000029e+03 1.416281706199999917e+03 1.416338303839999980e+03 1.416394599859999971e+03 1.416450597560000006e+03 1.416506296940000084e+03 1.416561701300000095e+03 1.416616811959999950e+03 1.416671630240000013e+03 1.416726158779999878e+03 1.416780398899999909e+03 1.416834351920000017e+03 1.416888019819999954e+03 1.416941404579999926e+03
1.332903252799999791e+03 1.332954112399999985e+03 1.333004694799999925e+03 1.333055000000000064e+03 1.333105027999999947e+03 1.333154778800000031e+03 1.333204245800000081e+03 1.333253442199999881e+03 1.333302361399999882e+03 1.333351003400000081e+03 1.333399368200000026e+03 1.333447462399999949e+03 1.333495285999999851e+03 1.333542832399999952e+03 1.333590108200000032e+03 1.333637106799999856e+03 1.333683841399999892e+03 1.333730298800000128e+03 1.333776485599999887e+03 1.333822408400000086e+03 1.333868054000000029e+03 1.333913435599999957e+03 1.333958540000000085e+03 1.334003386999999975e+03 1.334047956800000065e+03 1.334092262599999913e+03 1.334136297799999966e+03 1.334180069000000003e+03 1.334223569600000019e+03 1.334266806199999792e+03 1.334309778800000004e+03 1.334352487399999973e+03 1.334394925399999920e+03 1.334437099400000079e+03 1.334479009399999995e+03 1.334520648799999890e+03 1.334562030800000002e+03 1.334603148799999872e+03 1.334644002800000180e+03 1.334684586200000012e+03 1.334724912200000063e+03 1.334764980800000103e+03 1.334804778799999895e+03 1.334844319400000131e+03 1.334883596000000125e+03 1.334922608599999876e+03 1.334961363800000072e+03 1.334999861600000031e+03 1.335038095400000202e+03 1.335076065199999903e+03
1.233165458599999965e+03 1.233254664199999979e+03 1.233343381399999998e+03 1.233431603600000017e+03 1.233519330800000034e+03 1.233606576199999836e+03 1.233693333200000097e+03 1.233779608400000143e+03 1.233865408399999978e+03 1.233950726600000053e+03 1.234035576199999923e+03 1.234119957200000044e+03 1.234203869599999962e+03 1.234287319999999909e+03 1.234370301800000107e+03 1.234452834799999891e+03 1.234534905799999933e+03 1.234616534600000023e+03 1.234697707999999921e+03 1.234778432600000087e+03 1.234858721600000081e+03 1.234938561800000116e+03 1.235017972999999984e+03 1.235096948599999905e+03 1.235175488599999881e+03 1.235253599600000143e+03 1.235331288200000017e+03 1.235408554399999957e+03 1.235485398199999963e+03 1.235561826200000041e+03 1.235637838399999964e+03 1.235713441399999965e+03 1.235788635200000044e+03 1.235863419799999974e+03 1.235937801800000216e+03 1.236011781200000087e+03 1.236085364600000048e+03 1.236158551999999872e+03 1.236231343400000014e+03 1.236303745400000025e+03 1.236375757999999905e+03 1.236447381200000109e+03 1.236518621599999960e+03 1.236589485800000148e+03 1.236659967199999983e+03 1.236730072399999926e+03 1.236799801399999978e+03 1.236869160799999918e+03 1.236938143999999966e+03 1.237006764199999907e+03
1.154483697200000051e+03 1.154547149600000012e+03 1.154610258799999883e+03 1.154673011599999882e+03 1.154735414600000013e+03 1.154797467800000049e+03 1.154859177799999998e+03 1.154920538000000079e+03 1.154981548400000065e+03 1.155042215599999963e+03 1.155102539600000000e+03 1.155162520400000176e+03 1.155222158000000036e+03 1.155281452400000035e+03 1.155340403600000172e+03 1.155399011599999994e+03 1.155457283000000189e+03 1.155515217800000073e+03 1.155572809400000097e+03 1.155630064399999810e+03 1.155686982799999896e+03 1.155743557999999894e+03 1.155799803200000042e+03 1.155855711799999881e+03 1.155911283800000092e+03 1.155966519199999993e+03 1.156021424600000046e+03 1.156075993400000016e+03 1.156130232200000137e+03 1.156184134399999948e+03 1.156237706599999910e+03 1.156290948800000024e+03 1.156343860999999833e+03 1.156396436600000015e+03 1.156448688800000127e+03 1.156500604399999929e+03 1.156552196600000116e+03 1.156603458799999999e+03 1.156654391000000032e+03 1.156704993199999990e+03 1.156755271999999877e+03 1.156805227399999922e+03 1.156854846200000111e+03 1.156904148200000009e+03 1.156953120200000058e+03 1.157001768800000036e+03 1.157050094000000172e+03 1.157098089200000004e+03 1.157145767599999999e+03 1.157193115999999918e+03
1.052406816799999888e+03 1.052516106200000195e+03 1.052624788399999943e+03 1.052732863400000042e+03 1.052840337800000043e+03 1.052947204999999940e+03 1.053053484799999978e+03 1.053159163999999919e+03 1.053264255800000001e+03 1.053368766800000003e+03 1.053472690399999919e+03 1.053576039799999990e+03 1.053678808399999980e+03 1.053781009400000130e+03 1.053882642799999985e+03 1.053983708600000000e+03 1.054084220000000187e+03 1.054184170399999857e+03 1.054283566399999927e+03 1.054382407999999941e+03 1.054480708399999912e+03 1.054578467599999840e+03 1.054675685599999952e+03 1.054772369000000026e+03 1.054868517800000063e+03 1.054964132000000063e+03 1.055059231400000044e+03 1.055153802799999994e+03 1.055247852800000146e+03 1.055341388000000052e+03 1.055434414999999944e+03 1.055526927200000046e+03 1.055618937799999912e+03 1.055710446800000000e+03 1.055801454200000080e+03 1.055891966600000160e+03 1.055981990600000017e+03 1.056071519600000101e+03 1.056160560199999964e+03 1.056249119000000064e+03 1.056337195999999949e+03 1.056424797800000078e+03 1.056511924399999998e+03 1.056598582399999941e+03 1.056684765200000129e+03 1.056770485999999892e+03 1.056855738199999905e+03 1.056940534999999954e+03 1.057024869800000033e+03 1.057108755799999926e+03
9.761041574000000764e+02 9.761801828000000114e+02 9.762557858000000124e+02 9.763309664000000794e+02 9.764057245999999850e+02 9.764800603999999566e+02 9.765539737999999943e+02 9.766274713999998767e+02 9.767005466000000524e+02 9.767732059999998455e+02 9.768454561999999441e+02 9.769172840000001088e+02 9.769887025999998968e+02 9.770597119999999904e+02 9.771303055999999287e+02 9.772004899999999452e+02 9.772702652000000398e+02 9.773396311999999853e+02 9.774085880000000088e+02 9.774771421999998893e+02 9.775452872000000752e+02 9.776130296000001181e+02 9.776803628000000117e+02 9.777472999999999956e+02 9.778138346000000638e+02 9.778799599999999828e+02 9.779456893999999920e+02 9.780110227999998642e+02 9.780759536000000480e+02 9.781404817999998613e+02 9.782046139999999923e+02 9.782683501999999862e+02 9.783316904000000704e+02 9.783946346000000176e+02 9.784571827999998277e+02 9.785193415999999615e+02 9.785810978000001796e+02 9.786424646000000394e+02 9.787034419999999955e+02 9.787640234000000419e+02 9.788242153999999573e+02 9.788840179999999691e+02 9.789434311999998499e+02 9.790024550000000545e+02 9.790610893999999007e+02 9.791193344000000707e+02 9.791771899999998823e+02 9.792346628000000237e+02 9.792917462000000342e+02 9.793484467999999197e+02
8.716855903999999100e+02 8.718151418000002195e+02 8.719439605999998548e+02 8.720720599999999649e+02 8.721994400000000951e+02 8.723261072000000240e+02 8.724520681999999852e+02 8.725773163999999724e+02 8.727018649999999980e+02 8.728257206000000679e+02 8.729488831999999547e+02 8.730713528000001133e+02 8.731931359999998676e+02 8.733142394000001332e+02 8.734346696000000065e+02 8.735544265999999425e+02 8.736735103999999410e+02 8.737919276000000082e+02 8.739096913999999288e+02 8.740267951999999241e+02 8.741432456000000002e+02 8.742590425999999297e+02 8.743742059999999583e+02 8.744887226000000737e+02 8.746026055999998334e+02 8.747158484000001408e+02 8.748284708000001046e+02 8.749404661999999462e+02 8.750518411999998989e+02 8.751626023999999688e+02 8.752727497999999287e+02 8.753822834000000057e+02 8.754912163999999848e+02 8.755995487999998659e+02 8.757072806000001037e+02 8.758144250000000284e+02 8.759209754000000885e+02 8.760269384000000628e+02 8.761323206000001846e+02 8.762371219999999994e+02 8.763413491999999678e+02 8.764450022000000899e+02 8.765480875999999171e+02 8.766506053999999040e+02 8.767525687999998354e+02 8.768539712000001600e+02 8.769548125999999684e+02 8.770551061999999547e+02 8.771548519999998916e+02 8.772540500000000065e+02
7.977779192000000421e+02 7.978665175999999519e+02 7.979546144000000822e+02 7.980422095999999783e+02 7.981293164000001070e+02 7.982159216000000015e+02 7.983020317999998952e+02 7.983876536000000215e+02 7.984727870000001531e+02 7.985574254000000565e+02 7.986415819999999712e+02 7.987252501999998913e+02 7.988084300000000439e+02 7.988911279999999806e+02 7.989733507999999347e+02 7.990550852000001214e+02 7.991363443999998708e+02 7.992171217999998589e+02 7.992974239999998645e+02 7.993772510000001148e+02 7.994566027999999278e+02 7.995354793999999856e+02 7.996138874000000669e+02 7.996918201999999383e+02 7.997692843999998331e+02 7.998462799999999788e+02 7.999228069999999207e+02 7.999988720000001194e+02 8.000744683999998870e+02 8.001495961999999054e+02 8.002242619999999533e+02 8.002984724000000369e+02 8.003722141999999167e+02 8.004454940000000533e+02 8.005183117999999922e+02 8.005906741999999667e+02 8.006625811999999769e+02 8.007340262000000166e+02 8.008050158000000920e+02 8.008755500000002030e+02 8.009456288000001223e+02 8.010152522000000772e+02 8.010844267999998465e+02 8.011531460000001061e+02 8.012214163999999528e+02 8.012892313999998350e+02 8.013566042000002199e+02 8.014235215999999582e+02 8.014899901999999656e+02 8.015560166000000208e+02
6.909840715999998793e+02 6.911340961999999308e+02 6.912832826000001205e+02 6.914316307999999935e+02 6.915791474000000107e+02 6.917258323999999448e+02 6.918716924000000290e+02 6.920167340000000422e+02 6.921609571999999844e+02 6.923043752000000950e+02 6.924469814000001406e+02 6.925887889999999061e+02 6.927297980000000734e+02 6.928700149999999667e+02 6.930094466000000466e+02 6.931480862000000798e+02 6.932859536000000844e+02 6.934230421999998271e+02 6.935593652000000020e+02 6.936949225999999271e+02 6.938297143999998298e+02 6.939637537999999495e+02 6.940970408000000589e+02 6.942295820000001640e+02 6.943613774000000376e+02 6.944924401999999191e+02 6.946227638000000297e+02 6.947523613999999270e+02 6.948812330000000657e+02 6.950093785999999909e+02 6.951368179999999484e+02 6.952635380000001533e+02 6.953895517999999356e+02 6.955148659999999836e+02 6.956394805999998425e+02 6.957634021999999732e+02 6.958866308000001482e+02 6.960091795999999249e+02 6.961310420000002068e+02 6.962522246000000905e+02 6.963727406000000428e+02 6.964925768000000517e+02 6.966117595999999139e+02 6.967302692000000661e+02 6.968481320000000778e+02 6.969653348000001643e+02 6.970818908000001102e+02 6.971978000000001430e+02 6.973130624000000353e+02 6.974276911999997992e+02
6.195148561999999401e+02 6.196160672000000886e+02 6.197166973999999300e+02 6.198167467999999189e+02 6.199162286000000677e+02 6.200151362000001427e+02 6.201134827999999288e+02 6.202112551999998686e+02 6.203084599999999682e+02 6.204051038000000062e+02 6.205011865999999827e+02 6.205967150000001311e+02 6.206916757999999845e+02 6.207860888000000159e+02 6.208799407999999858e+02 6.209732450000001336e+02 6.210659947999999986e+02 6.211581968000000415e+02 6.212498576000000412e+02 6.213409639999999854e+02 6.214315292000001136e+02 6.215215465999999651e+02 6.216110294000000067e+02 6.216999710000000050e+02 6.217883713999999600e+02 6.218762305999998716e+02 6.219635617999999795e+02 6.220503517999998166e+02 6.221366137999998500e+02 6.222223412000000735e+02 6.223075405999998111e+02 6.223922120000001996e+02 6.224763487999998688e+02 6.225599641999999676e+02 6.226430516000000353e+02 6.227256109999998444e+02 6.228076555999998618e+02 6.228891722000000755e+02 6.229701674000000367e+02 6.230506477999999788e+02 6.231306067999998959e+02 6.232100444000000152e+02 6.232889672000001156e+02 6.233673751999999695e+02 6.234452749999998105e+02 6.235226534000000811e+02 6.235995236000001114e+02 6.236758789999998953e+02 6.237517261999998937e+02 6.238270652000001064e+02
5.103164107999998578e+02 5.104871594000001096e+02 5.106569509999999354e+02 5.108257856000000174e+02 5.109936764000001403e+02 5.111606167999998434e+02 5.113266266000000542e+02 5.114916926000000785e+02 5.116558279999999286e+02 5.118190459999998438e+02 5.119813334000000395e+02 5.121427166000000852e+02 5.123031823999999688e+02 5.124627374000001510e+02 5.126214013999999679e+02 5.127791612000000896e+02 5.129360366000000795e+02 5.130920209999999315e+02 5.132471276000001126e+02 5.134013563999999405e+02 5.135547139999998763e+02 5.137072003999999197e+02 5.138588353999998617e+02 5.140096057999999175e+02 5.141595314000001054e+02 5.143086055999999644e+02 5.144568415999999615e+02 5.146042393999998694e+02 5.147508056000001488e+02 5.148965467999998964e+02 5.150414630000000216e+02 5.151855674000000818e+02 5.153288599999998496e+02 5.154713408000000072e+02 5.156130229999998846e+02 5.157538999999999305e+02 5.158939915999999357e+02 5.160332977999999002e+02 5.161718120000000454e+02 5.163095539999999346e+02 5.164465172000000166e+02 5.165827148000000761e+02 5.167181402000001071e+02 5.168528132000001278e+02 5.169867272000001321e+02 5.171198887999998988e+02 5.172522980000001098e+02 5.173839680000000953e+02 5.175148987999998553e+02 5.176450969999998506e+02
4.412844500000001062e+02 4.413983396000000994e+02 4.415115757999999460e+02 4.416241585999998733e+02 4.417360813999998754e+02 4.418473639999999705e+02 4.419579932000001463e+02 4.420679821999999604e+02 4.421773243999998613e+02 4.422860330000000886e+02 4.423941014000001815e+02 4.425015361999999186e+02 4.426083373999999822e+02 4.427145049999999173e+02 4.428200455999999576e+02 4.429249657999998817e+02 4.430292589999999109e+02 4.431329252000000452e+02 4.432359776000000693e+02 4.433384095999999772e+02 4.434402211999999963e+02 4.435414256000001387e+02 4.436420161999999436e+02 4.437419930000000932e+02 4.438413625999999113e+02 4.439401250000000800e+02 4.440382868000001508e+02 4.441358414000001176e+02 4.442327887999999803e+02 4.443291421999999784e+02 4.444249015999998846e+02 4.445200537999999142e+02 4.446146185999998579e+02 4.447085893999999371e+02 4.448019661999999244e+02 4.448947490000000471e+02 4.449869444000000840e+02 4.450785523999998077e+02 4.451695796000001337e+02 4.452600128000001405e+02 4.453498652000000675e+02 4.454391367999999147e+02 4.455278275999999096e+02 4.456159442000000581e+02 4.457034733999998934e+02 4.457904349999998885e+02 4.458768158000000312e+02 4.459626224000001002e+02 4.460478548000000956e+02 4.461325130000000172e+02
3.297194558000001052e+02 3.299112385999999333e+02 3.301019390000001295e+02 3.302915768000000298e+02 3.304801453999998557e+02 3.306676513999998406e+02 3.308541013999999905e+02 3.310395085999998628e+02 3.312238598000001275e+02 3.314071748000001207e+02 3.315894536000000699e+02 3.317707027999999809e+02 3.319509290000000874e+02 3.321301321999999345e+02 3.323083256000002166e+02 3.324855026000000180e+02 3.326616764000000330e+02 3.328368535999998130e+02 3.330110342000000401e+02 3.331842248000000382e+02 3.333564319999998133e+02 3.335276624000000538e+02 3.336979226000000835e+02 3.338672126000001299e+02 3.340355455999999776e+02 3.342029150000000755e+02 3.343693339999999807e+02 3.345348092000001543e+02 3.346993471999999201e+02 3.348629413999999542e+02 3.350256116000000475e+02 3.351873511999999664e+02 3.353481733999999506e+02 3.355080848000000060e+02 3.356670854000001327e+02 3.358251752000001034e+02 3.359823739999999361e+02 3.361386751999998523e+02 3.362940920000000915e+02 3.364486243999999715e+02 3.366022723999999471e+02 3.367550492000000304e+02 3.369069614000000001e+02 3.370580089999998563e+02 3.372081986000000597e+02 3.373575301999999283e+02 3.375060169999999289e+02 3.376536590000000615e+02 3.378004627999998775e+02 3.379464284000000589e+02
2.631361675999999079e+02 2.632628678000000946e+02 2.633888288000000557e+02 2.635140572000000247e+02 2.636385530000000017e+02 2.637623161999999866e+02 2.638853533999999854e+02 2.640076645999999982e+02 2.641292564000000311e+02 2.642501354000000902e+02 2.643702883999999358e+02 2.644897351999998136e+02 2.646084691999999450e+02 2.647265035999998872e+02 2.648438252000000830e+02 2.649604472000000897e+02 2.650763695999999072e+02 2.651915923999999904e+02 2.653061222000001180e+02 2.654199656000000687e+02 2.655331094000000576e+02 2.656455733999998756e+02 2.657573509999999715e+02 2.658684422000001177e+02 2.659788536000000931e+02 2.660885851999998977e+02 2.661976435999999921e+02 2.663060287999999218e+02 2.664137341999999080e+02 2.665207795999999689e+02 2.666271518000000924e+02 2.667328573999998298e+02 2.668378963999998632e+02 2.669422753999999713e+02 2.670459943999999268e+02 2.671490533999999570e+02 2.672514590000000680e+02 2.673532046000000264e+02 2.674543034000000716e+02 2.675547421999999642e+02 2.676545341999999437e+02 2.677536794000000100e+02 2.678521777999999358e+02 2.679500293999999485e+02 2.680472407999998268e+02 2.681438054000000193e+02 2.682397298000000774e+02 2.683350206000000071e+02 2.684296712000000298e+02 2.685236815999999180e+02
1.491437725999999202e+02 1.493569130000000769e+02 1.495688653999998223e+02 1.497796297999998387e+02 1.499892194000001382e+02 1.501976341999998112e+02 1.504048741999999947e+02 1.506109526000000187e+02 1.508158694000001105e+02 1.510196311999998215e+02 1.512222445999998399e+02 1.514237096000001657e+02 1.516240394000001288e+02 1.518232273999999506e+02 1.520212934000001042e+02 1.522182374000001346e+02 1.524140594000000419e+02 1.526087726000000657e+02 1.528023703999999725e+02 1.529948726000000079e+02 1.531862792000001718e+02 1.533765968000000157e+02 1.535658253999999943e+02 1.537539716000001135e+02 1.539410485999999310e+02 1.541270564000001286e+02 1.543119950000000244e+02 1.544958842000000914e+02 1.546787174000000959e+02 1.548605078000000503e+02 1.550412553999999545e+02 1.552209668000000420e+02 1.553996486000000914e+02 1.555773073999998815e+02 1.557539498000001004e+02 1.559295758000000660e+02 1.561041920000000118e+02 1.562778115999999500e+02 1.564504346000001078e+02 1.566220676000000367e+02 1.567927105999999640e+02 1.569623768000001292e+02 1.571310661999998501e+02 1.572987920000000486e+02 1.574655476000000363e+02 1.576313462000000527e+02 1.577961943999998766e+02 1.579600921999999628e+02 1.581230461999998624e+02 1.582850630000000365e+02
3.916761052400000153e+03 3.916634484199999861e+03 3.916508661800000027e+03 3.916383578599999964e+03 3.916259247800000139e+03 3.916135649599999851e+03 3.916012790599999789e+03 3.915890664200000174e+03 3.915769270400000096e+03 3.915648602600000231e+03 3.915528667399999904e+03 3.915409451600000011e+03 3.915290955200000099e+03 3.915173171599999932e+03 3.915056113999999980e+03 3.914939762599999995e+03 3.914824123999999756e+03 3.914709191599999940e+03 3.914594965400000092e+03 3.914481445399999757e+03 3.914368631600000299e+03 3.914256510799999887e+03 3.914145082999999886e+03 3.914034361400000307e+03 3.913924326199999996e+03 3.913814977399999862e+03 3.913706321600000138e+03 3.913598352200000136e+03 3.913491069200000311e+03 3.913384472599999754e+03 3.913278549200000271e+03 3.913173312200000055e+03 3.913068748400000004e+03 3.912964857799999663e+03 3.912861640399999942e+03 3.912759102800000164e+03 3.912657225200000084e+03 3.912556027399999948e+03 3.912455489599999964e+03 3.912355618399999912e+03 3.912256407200000012e+03 3.912157862600000044e+03 3.912059978000000228e+03 3.911962753400000111e+03 3.911866182200000367e+03 3.911770271000000321e+03 3.911675013199999739e+03 3.911580408799999987e+03 3.911486457799999698e+03 3.911393153600000005e+03
4.036759302200000093e+03 4.036526751200000035e+03 4.036295487200000025e+03 4.036065503599999829e+03 4.035836793800000123e+03 4.035609351199999765e+03 4.035383175799999663e+03 4.035158261000000039e+03 4.034934600200000204e+03 4.034712193399999705e+03 4.034491027400000348e+03 4.034271102199999859e+03 4.034052411200000279e+03 4.033834954400000242e+03 4.033618718599999738e+03 4.033403703799999676e+03 4.033189896800000042e+03 4.032977304199999708e+03 4.032765919399999802e+03 4.032555722600000081e+03 4.032346727000000101e+03 4.032138912800000071e+03 4.031932279999999992e+03 4.031726822000000084e+03 4.031522538799999893e+03 4.031319417200000316e+03 4.031117450599999756e+03 4.030916639000000032e+03 4.030716975800000000e+03 4.030518454400000337e+03 4.030321061600000121e+03 4.030124804000000040e+03 4.029929668400000082e+03 4.029735654799999793e+03 4.029542750000000069e+03 4.029350954000000002e+03 4.029160253600000033e+03 4.028970648800000163e+03 4.028782133000000158e+03 4.028594706200000019e+03 4.028408348599999954e+03 4.028223066800000197e+03 4.028038847599999826e+03 4.027855684399999973e+03 4.027673583799999960e+03 4.027492525999999998e+03 4.027312511000000086e+03 4.027133532199999991e+03 4.026955582999999933e+03 4.026778663400000369e+03
3.738929550199999994e+03 3.738815231600000061e+03 3.738701586199999838e+03 3.738588614000000234e+03 3.738476301800000329e+03 3.738364656199999899e+03 3.738253670600000078e+03 3.738143344999999954e+03 3.738033672800000204e+03 3.737924660599999697e+03 3.737816301799999565e+03 3.737708589800000027e+03 3.737601531199999954e+03 3.737495112800000243e+03 3.737389341200000217e+03 3.737284209800000099e+03 3.737179725199999666e+03 3.737075867600000038e+03 3.736972656799999640e+03 3.736870073000000048e+03 3.736768122800000128e+03 3.736666806199999883e+03 3.736566116599999987e+03 3.736466053999999986e+03 3.736366618400000334e+03 3.736267803199999889e+03 3.736169608400000016e+03 3.736072040600000037e+03 3.735975086599999941e+03 3.735878746399999727e+03 3.735783026600000085e+03 3.735687914000000092e+03 3.735593421800000215e+03 3.735499536799999987e+03 3.735406258999999864e+03 3.735313588400000299e+03 3.735221524999999929e+03 3.735130068800000117e+03 3.735039213199999722e+03 3.734948958200000106e+03 3.734859303799999907e+03 3.734770250000000033e+03 3.734681796800000029e+03 3.734593931000000339e+03 3.734506672399999843e+03 3.734420001200000115e+03 3.734333924000000025e+03 3.734248434199999792e+03 3.734163538400000107e+03 3.734079230000000280e+03
3.856056311599999844e+03 3.855845976200000223e+03 3.855636809000000085e+03 3.855428809999999885e+03 3.855221959399999832e+03 3.855016270399999939e+03 3.854811729799999739e+03 3.854608331000000362e+03 3.854406073999999990e+03 3.854204945599999974e+03 3.854004952400000093e+03 3.853806081200000335e+03 3.853608331999999791e+03 3.853411698200000046e+03 3.853216179799999736e+03 3.853021756999999980e+03 3.852828436400000101e+03 3.852636211399999866e+03 3.852445068799999717e+03 3.852255015199999889e+03 3.852066044000000147e+03 3.851878135400000247e+03 3.851691302600000199e+03 3.851505525800000214e+03 3.851320811600000070e+03 3.851137146799999755e+03 3.850954524799999945e+03 3.850772945600000185e+03 3.850592396000000008e+03 3.850412876000000324e+03 3.850234385599999769e+03 3.850056911600000149e+03 3.849880447399999866e+03 3.849704986400000053e+03 3.849530535200000031e+03 3.849357074000000011e+03 3.849184602799999993e+03 3.849013114999999743e+03 3.848842610600000171e+03 3.848673076399999900e+03 3.848504512399999840e+03 3.848336911999999757e+03 3.848170268599999872e+03 3.848004575599999953e+03 3.847839826399999765e+03 3.847676027599999998e+03 3.847513152800000171e+03 3.847351215200000297e+03 3.847190201599999909e+03 3.847030105400000139e+03
3.561032377999999881e+03 3.560930177000000185e+03 3.560828570000000127e+03 3.560727563600000394e+03 3.560627144600000065e+03 3.560527319599999828e+03 3.560428081999999904e+03 3.560329425200000060e+03 3.560231362399999853e+03 3.560133873799999947e+03 3.560036972599999899e+03 3.559940645599999698e+03 3.559844899400000031e+03 3.559749733999999989e+03 3.559655136200000015e+03 3.559561112600000342e+03 3.559467656599999827e+03 3.559374774800000068e+03 3.559282460599999922e+03 3.559190707400000065e+03 3.559099521799999820e+03 3.559008903800000098e+03 3.558918840199999977e+03 3.558829344199999923e+03 3.558740402600000380e+03 3.558652015399999982e+03 3.558564189200000328e+03 3.558476917399999820e+03 3.558390199999999822e+03 3.558304030400000102e+03 3.558218415199999981e+03 3.558133347800000138e+03 3.558048828200000116e+03 3.557964856399999917e+03 3.557881432399999994e+03 3.557798549600000115e+03 3.557716214600000058e+03 3.557634414199999810e+03 3.557553161599999839e+03 3.557472443599999679e+03 3.557392273399999794e+03 3.557312631199999942e+03 3.557233530200000132e+03 3.557154963800000132e+03 3.557076931999999942e+03 3.556999434800000017e+03 3.556922465599999668e+03 3.556846031000000039e+03 3.556770124399999986e+03 3.556694745799999964e+03
3.675330788600000233e+03 3.675142378399999870e+03 3.674955017599999792e+03 3.674768706199999997e+03 3.674583431000000019e+03 3.674399198600000091e+03 3.674215995800000201e+03 3.674033816000000115e+03 3.673852665800000068e+03 3.673672532000000047e+03 3.673493408000000272e+03 3.673315293800000291e+03 3.673138182800000322e+03 3.672962075000000368e+03 3.672786957199999961e+03 3.672612836000000243e+03 3.672439691600000060e+03 3.672267523999999867e+03 3.672096339800000351e+03 3.671926119199999903e+03 3.671756862199999887e+03 3.671588568799999848e+03 3.671421225799999775e+03 3.671254826600000342e+03 3.671089377799999966e+03 3.670924866199999997e+03 3.670761285200000202e+03 3.670598634799999672e+03 3.670436908399999993e+03 3.670276092799999788e+03 3.670116194600000199e+03 3.669957207200000084e+03 3.669799117399999886e+03 3.669641925200000060e+03 3.669485623999999916e+03 3.669330213799999910e+03 3.669175681400000030e+03 3.669022020200000043e+03 3.668869236800000181e+03 3.668717317999999977e+03 3.668566263800000343e+03 3.668416060999999900e+03 3.668266709600000013e+03 3.668118209600000228e+03 3.667970541200000298e+03 3.667823717600000236e+03 3.667677718999999797e+03 3.667532551999999669e+03 3.667388203399999838e+03 3.667244673199999852e+03
3.383114395999999942e+03 3.383024206999999933e+03 3.382934539400000176e+03 3.382845393200000217e+03 3.382756768400000055e+03 3.382668658399999913e+03 3.382581069800000023e+03 3.382493989399999919e+03 3.382407423800000288e+03 3.382321366399999988e+03 3.382235823799999707e+03 3.382150789399999667e+03 3.382066263200000321e+03 3.381982245199999852e+03 3.381898728799999844e+03 3.381815714000000298e+03 3.381733207400000083e+03 3.381651195800000096e+03 3.381569685800000116e+03 3.381488677399999688e+03 3.381408164000000397e+03 3.381328145600000425e+03 3.381248628800000006e+03 3.381169600400000036e+03 3.381091066999999839e+03 3.381013022000000092e+03 3.380935472000000118e+03 3.380858410400000139e+03 3.380781837200000155e+03 3.380705745799999931e+03 3.380630149399999937e+03 3.380555034799999703e+03 3.380480408600000374e+03 3.380406264199999896e+03 3.380332601600000089e+03 3.380259420800000044e+03 3.380186721800000214e+03 3.380114504600000146e+03 3.380042762600000060e+03 3.379971495799999957e+03 3.379900710800000070e+03 3.379830401000000165e+03 3.379760566399999789e+03 3.379691206999999849e+03 3.379622322799999893e+03 3.379553907200000140e+03 3.379485966799999915e+03 3.379418494999999893e+03 3.379351491800000076e+03 3.379284963799999787e+03
3.494550162200000159e+03 3.494383426399999735e+03 3.494217634399999952e+03 3.494052759799999876e+03 3.493888809199999741e+03 3.493725782600000002e+03 3.493563666799999737e+03 3.493402461800000310e+03 3.493242161000000124e+03 3.493082764400000087e+03 3.492924265399999967e+03 3.492766650800000207e+03 3.492609933799999908e+03 3.492454094599999735e+03 3.492299133200000142e+03 3.492145049599999766e+03 3.491991830599999957e+03 3.491839476199999808e+03 3.491687986400000227e+03 3.491537347999999838e+03 3.491387561000000005e+03 3.491238618800000040e+03 3.491090521399999943e+03 3.490943255600000157e+03 3.490796821400000226e+03 3.490651218800000152e+03 3.490506434599999920e+03 3.490362462199999754e+03 3.490219308199999887e+03 3.490076959400000305e+03 3.489935415799999646e+03 3.489794670799999949e+03 3.489654711199999838e+03 3.489515550199999780e+03 3.489377167999999983e+03 3.489239564599999994e+03 3.489102733400000034e+03 3.488966674400000102e+03 3.488831380999999965e+03 3.488696846599999844e+03 3.488563064599999962e+03 3.488430041600000095e+03 3.488297757799999999e+03 3.488166219799999908e+03 3.488035421000000042e+03 3.487905354800000168e+03 3.487776014600000053e+03 3.487647400400000151e+03 3.487519505600000230e+03 3.487392323600000054e+03
3.205128249200000027e+03 3.205050032600000122e+03 3.204972264799999721e+03 3.204894945800000187e+03 3.204818068999999923e+03 3.204741647599999851e+03 3.204665661799999725e+03 3.204590124800000012e+03 3.204515030000000024e+03 3.204440377400000216e+03 3.204366167000000132e+03 3.204292398800000228e+03 3.204219066200000270e+03 3.204146169200000259e+03 3.204073707800000193e+03 3.204001682000000073e+03 3.203930098400000134e+03 3.203858943799999906e+03 3.203788218199999847e+03 3.203717928200000188e+03 3.203648067199999787e+03 3.203578641799999787e+03 3.203509638800000175e+03 3.203441071400000055e+03 3.203372926400000324e+03 3.203305210399999851e+03 3.203237916799999766e+03 3.203171052200000304e+03 3.203104609999999866e+03 3.203038596800000050e+03 3.202972999399999935e+03 3.202907830999999987e+03 3.202843078400000195e+03 3.202778748200000337e+03 3.202714840399999957e+03 3.202651348399999733e+03 3.202588278799999898e+03 3.202525625000000218e+03 3.202463386999999784e+03 3.202401564799999960e+03 3.202340158400000291e+03 3.202279167799999868e+03 3.202218593000000055e+03 3.202158433999999943e+03 3.202098684200000207e+03 3.202039343600000393e+03 3.201980418799999825e+03 3.201921903200000088e+03 3.201863796800000273e+03 3.201806099599999925e+03
3.313737836000000243e+03 3.313592536999999993e+03 3.313448043200000029e+03 3.313304361200000130e+03 3.313161484400000063e+03 3.313019406200000049e+03 3.312878126600000087e+03 3.312737638999999945e+03 3.312597943400000077e+03 3.312459026600000016e+03 3.312320888600000217e+03 3.312183536000000004e+03 3.312046949000000041e+03 3.311911127600000327e+03 3.311776071799999954e+03 3.311641775000000052e+03 3.311508237199999712e+03 3.311375445199999831e+03 3.311243405600000187e+03 3.311112098599999626e+03 3.310981537399999979e+03 3.310851708799999869e+03 3.310722606199999973e+03 3.310594229600000290e+03 3.310466578999999911e+03 3.310339634599999954e+03 3.310213409599999977e+03 3.310087890799999968e+03 3.309963071600000148e+03 3.309838958600000296e+03 3.309715538599999945e+03 3.309592805000000226e+03 3.309470757799999774e+03 3.309349390399999720e+03 3.309228709400000298e+03 3.309108694999999898e+03 3.308989353800000117e+03 3.308870672600000034e+03 3.308752657999999883e+03 3.308635296800000106e+03 3.308518589000000247e+03 3.308402527999999620e+03 3.308287113800000043e+03 3.308172339800000373e+03 3.308058206000000155e+03 3.307944699200000287e+03 3.307831825999999637e+03 3.307719579799999792e+03 3.307607947399999830e+03 3.307496935399999984e+03
3.027082009400000061e+03 3.027015758600000026e+03 3.026949884000000111e+03 3.026884385599999860e+03 3.026819269999999960e+03 3.026754523999999947e+03 3.026690154200000052e+03 3.026626160599999821e+03 3.026562543199999709e+03 3.026499295399999937e+03 3.026436423799999829e+03 3.026373915199999828e+03 3.026311782799999946e+03 3.026250019999999950e+03 3.026188626799999838e+03 3.026127603200000067e+03 3.026066942599999948e+03 3.026006651599999714e+03 3.025946730200000275e+03 3.025887171800000033e+03 3.025827976399999898e+03 3.025769143999999869e+03 3.025710681200000181e+03 3.025652574799999911e+03 3.025594837999999982e+03 3.025537457599999925e+03 3.025480446800000209e+03 3.025423792399999911e+03 3.025367494399999941e+03 3.025311559400000078e+03 3.025255980800000088e+03 3.025200765200000205e+03 3.025145906000000195e+03 3.025091409800000292e+03 3.025037263400000029e+03 3.024983473400000094e+03 3.024930046399999810e+03 3.024876969200000076e+03 3.024824248400000215e+03 3.024771877399999994e+03 3.024719869399999880e+03 3.024668204600000081e+03 3.024616902799999934e+03 3.024565944200000104e+03 3.024515341999999691e+03 3.024465089599999828e+03 3.024415187000000060e+03 3.024365634199999931e+03 3.024316431199999897e+03 3.024267577999999958e+03
3.132871442599999682e+03 3.132747355999999854e+03 3.132623962399999982e+03 3.132501261800000066e+03 3.132379247599999871e+03 3.132257919799999854e+03 3.132137265200000002e+03 3.132017290400000093e+03 3.131897982200000115e+03 3.131779347200000302e+03 3.131661378799999966e+03 3.131544063800000004e+03 3.131427415400000427e+03 3.131311413800000082e+03 3.131196065600000111e+03 3.131081364200000280e+03 3.130967303000000356e+03 3.130853882000000340e+03 3.130741087999999763e+03 3.130628934200000003e+03 3.130517400799999905e+03 3.130406494400000156e+03 3.130296208400000069e+03 3.130186536199999864e+03 3.130077477799999997e+03 3.129969026599999779e+03 3.129861176000000341e+03 3.129753926000000320e+03 3.129647276599999714e+03 3.129541214599999876e+03 3.129435746600000130e+03 3.129330859400000008e+03 3.129226559599999746e+03 3.129122833999999784e+03 3.129019682600000124e+03 3.128917098800000076e+03 3.128815082600000096e+03 3.128713633999999729e+03 3.128612739799999872e+03 3.128512406599999849e+03 3.128412621200000103e+03 3.128313383599999725e+03 3.128214693800000077e+03 3.128116551799999797e+03 3.128018944399999782e+03 3.127921865000000253e+03 3.127825326799999857e+03 3.127729316599999947e+03 3.127633827799999835e+03 3.127538860399999976e+03
2.848982388800000081e+03 2.848928123600000163e+03 2.848874168600000303e+03 2.848820517199999813e+03 2.848767175999999836e+03 2.848714144999999917e+03 2.848661417599999822e+03 2.848608993800000007e+03 2.848556873600000017e+03 2.848505063600000085e+03 2.848453557199999977e+03 2.848402347799999916e+03 2.848351448599999912e+03 2.848300846399999955e+03 2.848250554400000055e+03 2.848200552799999969e+03 2.848150861399999940e+03 2.848101466999999957e+03 2.848052369600000020e+03 2.848003575799999908e+03 2.847955079000000296e+03 2.847906885800000055e+03 2.847858983000000080e+03 2.847811383799999930e+03 2.847764081600000281e+03 2.847717076400000224e+03 2.847670361599999978e+03 2.847623950400000012e+03 2.847577836200000093e+03 2.847532012399999985e+03 2.847486485599999924e+03 2.847441255799999908e+03 2.847396316400000160e+03 2.847351674000000003e+03 2.847307322000000113e+03 2.847263267000000269e+03 2.847219502400000238e+03 2.847176034799999798e+03 2.847132857600000079e+03 2.847089970799999719e+03 2.847047374400000081e+03 2.847005068399999800e+03 2.846963052799999787e+03 2.846921327600000041e+03 2.846879892800000107e+03 2.846838748399999986e+03 2.846797894400000132e+03 2.846757324199999857e+03 2.846717044400000304e+03 2.846677055000000109e+03
2.951984820200000286e+03 2.951881741400000010e+03 2.951779236800000035e+03 2.951677313000000140e+03 2.951575950200000079e+03 2.951475155000000086e+03 2.951374920799999927e+03 2.951275254199999836e+03 2.951176135400000021e+03 2.951077577600000041e+03 2.950979567600000337e+03 2.950882105400000000e+03 2.950785184399999707e+03 2.950688804599999912e+03 2.950592966000000160e+03 2.950497661999999764e+03 2.950402885999999853e+03 2.950308637999999974e+03 2.950214918000000125e+03 2.950121719400000075e+03 2.950029035600000043e+03 2.949936866600000030e+03 2.949845212400000037e+03 2.949754059800000050e+03 2.949663422000000082e+03 2.949573279199999888e+03 2.949483631399999922e+03 2.949394485199999963e+03 2.949305833999999777e+03 2.949217664599999807e+03 2.949129983599999832e+03 2.949042784400000073e+03 2.948956067000000075e+03 2.948869818199999827e+03 2.948784051200000249e+03 2.948698752799999966e+03 2.948613916400000107e+03 2.948529548599999998e+03 2.948445636200000081e+03 2.948362185800000134e+03 2.948279190799999924e+03 2.948196651199999906e+03 2.948114553800000067e+03 2.948032905199999732e+03 2.947951698800000031e+03 2.947870934600000055e+03 2.947790606000000025e+03 2.947710719600000175e+03 2.947631255600000259e+03 2.947552227199999834e+03
2.670839771179999843e+03 2.670797532499999761e+03 2.670755532740000035e+03 2.670713773219999894e+03 2.670672251299999971e+03 2.670630968299999950e+03 2.670589922900000147e+03 2.670549114440000267e+03 2.670508543580000151e+03 2.670468209000000115e+03 2.670428111360000003e+03 2.670388248680000288e+03 2.670348622280000200e+03 2.670309230840000055e+03 2.670270074359999853e+03 2.670231152180000208e+03 2.670192464300000211e+03 2.670154010719999860e+03 2.670115790779999770e+03 2.670077803820000099e+03 2.670040050499999779e+03 2.670002529500000037e+03 2.669965241480000259e+03 2.669928185779999694e+03 2.669891361740000320e+03 2.669854770020000160e+03 2.669818409299999985e+03 2.669782280240000091e+03 2.669746382180000182e+03 2.669710714459999963e+03 2.669675277739999729e+03 2.669640071360000093e+03 2.669605094659999850e+03 2.669570347639999909e+03 2.669535830300000271e+03 2.669501541980000184e+03 2.669467482680000103e+03 2.669433651740000187e+03 2.669400049820000277e+03 2.669366676260000077e+03 2.669333529739999904e+03 2.669300611579999895e+03 2.669267920459999914e+03 2.669235456379999960e+03 2.669203218679999736e+03 2.669171208019999995e+03 2.669139423739999984e+03 2.669107864520000021e+03 2.669076531679999789e+03 2.669045423239999764e+03
2.771061759199999869e+03 2.770979523199999676e+03 2.770897749199999907e+03 2.770816430599999876e+03 2.770735567400000036e+03 2.770655153000000155e+03 2.770575187399999777e+03 2.770495664000000033e+03 2.770416589399999793e+03 2.770337950399999954e+03 2.770259747000000061e+03 2.770181985799999893e+03 2.770104653599999892e+03 2.770027750400000059e+03 2.769951276199999938e+03 2.769875224400000207e+03 2.769799594999999954e+03 2.769724388000000090e+03 2.769649596799999927e+03 2.769575214800000140e+03 2.769501248600000054e+03 2.769427691599999889e+03 2.769354537199999868e+03 2.769281785399999990e+03 2.769209436199999800e+03 2.769137482999999975e+03 2.769065932399999838e+03 2.768994764600000053e+03 2.768923992800000178e+03 2.768853603800000201e+03 2.768783604199999900e+03 2.768713980800000172e+03 2.768644740199999887e+03 2.768575882399999955e+03 2.768507394199999908e+03 2.768439275599999746e+03 2.768371533200000158e+03 2.768304153799999767e+03 2.768237137399999938e+03 2.768170484000000215e+03 2.768104193600000144e+03 2.768038259599999947e+03 2.767972682000000077e+03 2.767907454199999847e+03 2.767842576199999712e+03 2.767778054599999905e+03 2.767713869600000180e+03 2.767650034400000095e+03 2.767586542399999871e+03 2.767523387000000184e+03
2.492667710960000022e+03 2.492637539060000108e+03 2.492607537439999760e+03 2.492577706099999887e+03 2.492548045040000034e+03 2.492518554260000201e+03 2.492489233100000092e+03 2.492460081560000162e+03 2.492431098980000115e+03 2.492402285359999951e+03 2.492373640700000124e+03 2.492345164339999883e+03 2.492316856280000138e+03 2.492288716519999980e+03 2.492260745059999863e+03 2.492232940580000104e+03 2.492205304399999932e+03 2.492177835200000118e+03 2.492150532980000207e+03 2.492123397739999746e+03 2.492096429480000097e+03 2.492069628199999897e+03 2.492042993240000214e+03 2.492016524600000139e+03 2.491990222280000125e+03 2.491964086279999719e+03 2.491938115939999989e+03 2.491912311260000024e+03 2.491886672239999825e+03 2.491861198879999847e+03 2.491835890520000248e+03 2.491810747160000119e+03 2.491785768799999914e+03 2.491760955440000089e+03 2.491736307080000188e+03 2.491711822400000074e+03 2.491687502719999884e+03 2.491663346719999936e+03 2.491639355060000071e+03 2.491615527079999993e+03 2.491591862780000156e+03 2.491568362160000106e+03 2.491545024560000002e+03 2.491521849979999843e+03 2.491498838420000084e+03 2.491475989879999815e+03 2.491453303039999810e+03 2.491430779219999749e+03 2.491408417099999951e+03 2.491386217339999803e+03
2.590104712159999963e+03 2.590043196860000080e+03 2.589982024100000217e+03 2.589921191899999940e+03 2.589860698280000179e+03 2.589800540600000204e+03 2.589740718199999719e+03 2.589681228439999813e+03 2.589622069340000053e+03 2.589563238259999707e+03 2.589504734539999845e+03 2.589446554879999894e+03 2.589388697960000172e+03 2.589331161799999791e+03 2.589273943760000293e+03 2.589217042520000177e+03 2.589160455440000078e+03 2.589104181199999857e+03 2.589048216500000308e+03 2.588992560679999769e+03 2.588937211099999786e+03 2.588882165779999923e+03 2.588827422079999906e+03 2.588772979339999893e+03 2.588718834260000222e+03 2.588664984860000004e+03 2.588611430479999854e+03 2.588558167820000108e+03 2.588505195560000175e+03 2.588452511059999779e+03 2.588400113000000147e+03 2.588347999399999935e+03 2.588296167620000233e+03 2.588244616999999835e+03 2.588193344899999829e+03 2.588142348679999941e+03 2.588091628340000170e+03 2.588041179920000104e+03 2.587991003420000197e+03 2.587941096200000175e+03 2.587891456280000057e+03 2.587842081679999865e+03 2.587792971740000212e+03 2.587744123819999913e+03 2.587695536600000196e+03 2.587647208760000012e+03 2.587599137659999997e+03 2.587551322639999853e+03 2.587503761060000215e+03 2.587456452259999878e+03
2.314460899100000006e+03 2.314442832260000159e+03 2.314424868380000134e+03 2.314407006139999794e+03 2.314389246199999889e+03 2.314371587900000122e+03 2.314354031240000040e+03 2.314336576879999939e+03 2.314319223500000135e+03 2.314301971760000015e+03 2.314284821660000034e+03 2.314267772539999896e+03 2.314250824400000056e+03 2.314233977240000058e+03 2.314217231059999904e+03 2.314200585200000205e+03 2.314184040980000191e+03 2.314167596419999882e+03 2.314151252839999870e+03 2.314135009579999860e+03 2.314118866639999851e+03 2.314102824019999844e+03 2.314086881059999996e+03 2.314071038420000150e+03 2.314055296099999850e+03 2.314039653440000166e+03 2.314024110440000186e+03 2.314008667760000208e+03 2.313993324080000093e+03 2.313978080060000138e+03 2.313962935699999889e+03 2.313947890999999800e+03 2.313932945300000029e+03 2.313918099259999963e+03 2.313903352219999761e+03 2.313888704179999877e+03 2.313874155139999857e+03 2.313859705100000156e+03 2.313845353400000022e+03 2.313831100700000206e+03 2.313816947000000255e+03 2.313802891639999871e+03 2.313788934619999964e+03 2.313775075940000079e+03 2.313761314939999920e+03 2.313747652940000080e+03 2.313734087960000124e+03 2.313720621319999736e+03 2.313707252359999984e+03 2.313693981079999958e+03
2.409126840140000240e+03 2.409085942579999937e+03 2.409045272719999957e+03 2.409004828579999867e+03 2.408964609499999824e+03 2.408924613499999850e+03 2.408884839920000104e+03 2.408845287439999993e+03 2.408805954079999992e+03 2.408766838519999965e+03 2.408727940100000069e+03 2.408689257500000167e+03 2.408650788079999984e+03 2.408612531839999974e+03 2.408574486800000159e+03 2.408536651639999945e+03 2.408499025040000106e+03 2.408461605680000048e+03 2.408424391579999792e+03 2.408387382079999952e+03 2.408350575859999935e+03 2.408313970940000218e+03 2.408277566660000048e+03 2.408241361039999902e+03 2.408205352760000096e+03 2.408169541159999881e+03 2.408133924259999731e+03 2.408098500739999963e+03 2.408063269279999986e+03 2.408028229219999957e+03 2.407993378579999899e+03 2.407958716040000127e+03 2.407924240280000049e+03 2.407889949979999983e+03 2.407855845139999929e+03 2.407821922459999769e+03 2.407788181939999959e+03 2.407754622259999906e+03 2.407721242099999927e+03 2.407688040139999885e+03 2.407655015719999938e+03 2.407622166199999810e+03 2.407589492240000254e+03 2.407556991859999926e+03 2.407524663080000209e+03 2.407492506560000038e+03 2.407460520319999887e+03 2.407428702379999777e+03 2.407397053400000004e+03 2.407365570739999839e+03
2.136251485520000188e+03 2.136245561360000011e+03 2.136239670859999933e+03 2.136233814679999796e+03 2.136227992160000213e+03 2.136222203960000115e+03 2.136216448759999821e+03 2.136210728540000218e+03 2.136205041319999964e+03 2.136199388420000105e+03 2.136193768520000049e+03 2.136188182939999933e+03 2.136182631019999917e+03 2.136177112100000159e+03 2.136171627499999886e+03 2.136166175899999871e+03 2.136160757959999955e+03 2.136155373680000139e+03 2.136150023059999967e+03 2.136144705440000052e+03 2.136139421479999783e+03 2.136134170520000225e+03 2.136128953219999858e+03 2.136123769580000044e+03 2.136118618940000033e+03 2.136113501299999825e+03 2.136108417320000171e+03 2.136103366339999866e+03 2.136098348359999818e+03 2.136093363380000028e+03 2.136088412059999882e+03 2.136083493739999994e+03 2.136078608419999910e+03 2.136073756100000082e+03 2.136068936780000058e+03 2.136064150459999837e+03 2.136059397139999874e+03 2.136054676820000168e+03 2.136049989499999811e+03 2.136045334519999869e+03 2.136040713200000027e+03 2.136036124220000147e+03 2.136031567580000228e+03 2.136027043940000112e+03 2.136022553299999799e+03 2.136018094999999903e+03 2.136013669699999809e+03 2.136009276740000132e+03 2.136004916119999962e+03 2.136000587840000208e+03
2.228118827899999815e+03 2.228098476799999844e+03 2.228078239219999887e+03 2.228058113839999805e+03 2.228038100660000055e+03 2.228018198360000042e+03 2.227998406279999926e+03 2.227978724420000162e+03 2.227959151460000157e+03 2.227939687399999912e+03 2.227920330920000197e+03 2.227901082020000104e+03 2.227881938720000107e+03 2.227862901680000050e+03 2.227843969579999793e+03 2.227825141759999951e+03 2.227806418220000069e+03 2.227787796980000167e+03 2.227769278039999790e+03 2.227750861399999849e+03 2.227732545079999909e+03 2.227714329079999970e+03 2.227696212740000192e+03 2.227678194739999981e+03 2.227660275740000088e+03 2.227642453760000080e+03 2.227624728799999957e+03 2.227607100199999877e+03 2.227589566640000157e+03 2.227572128119999888e+03 2.227554783980000138e+03 2.227537533560000156e+03 2.227520375539999804e+03 2.227503310579999834e+03 2.227486336699999811e+03 2.227469453900000190e+03 2.227452661520000220e+03 2.227435958900000060e+03 2.227419345379999868e+03 2.227402820299999803e+03 2.227386383659999865e+03 2.227370034139999916e+03 2.227353771739999956e+03 2.227337595139999848e+03 2.227321504340000047e+03 2.227305498679999801e+03 2.227289578160000019e+03 2.227273740799999814e+03 2.227257987920000232e+03 2.227242317539999931e+03
1.958030946320000112e+03 1.958037168139999949e+03 1.958043355640000073e+03 1.958049509480000097e+03 1.958055628999999954e+03 1.958061714200000097e+03 1.958067766399999982e+03 1.958073783620000086e+03 1.958079767839999931e+03 1.958085717740000064e+03 1.958091633980000097e+03 1.958097516560000031e+03 1.958103365480000093e+03 1.958109180740000056e+03 1.958114961680000079e+03 1.958120709620000071e+03 1.958126423899999963e+03 1.958132104519999984e+03 1.958137751479999906e+03 1.958143365440000025e+03 1.958148945079999976e+03 1.958154491719999896e+03 1.958160005360000014e+03 1.958165484679999963e+03 1.958170931000000110e+03 1.958176344319999998e+03 1.958181723980000015e+03 1.958187069979999933e+03 1.958192382980000048e+03 1.958197662320000063e+03 1.958202908660000048e+03 1.958208122000000003e+03 1.958213301680000086e+03 1.958218448359999911e+03 1.958223562039999933e+03 1.958228642719999925e+03 1.958233689740000045e+03 1.958238703759999908e+03 1.958243684779999967e+03 1.958248632799999996e+03 1.958253547819999994e+03 1.958258429839999962e+03 1.958263278859999900e+03 1.958268094880000035e+03 1.958272878559999981e+03 1.958277628580000055e+03 1.958282346259999940e+03 1.958287030940000022e+03 1.958291682620000074e+03 1.958296301959999937e+03
2.047140627569599928e+03 2.047140792846799968e+03 2.047140957497000045e+03 2.047141121533400110e+03 2.047141284975800090e+03 2.047141447824199986e+03 2.047141610091799976e+03 2.047141771791800011e+03 2.047141932930800067e+03 2.047142093515399893e+03 2.047142253558799894e+03 2.047142413074200022e+03 2.047142572061600049e+03 2.047142730534199927e+03 2.047142888498600087e+03 2.047143045961400048e+03 2.047143202935799991e+03 2.047143359428399890e+03 2.047143515445799949e+03 2.047143670994599916e+03 2.047143826081399993e+03 2.047143980719399906e+03 2.047144134908600108e+03 2.047144288662200097e+03 2.047144441986800075e+03 2.047144594882400042e+03 2.047144747368799926e+03 2.047144899439399978e+03 2.047145051113999898e+03 2.047145202385999937e+03 2.047145353268600047e+03 2.047145503774999952e+03 2.047145653898599903e+03 2.047145803652600080e+03 2.047145953050199978e+03 2.047146102084800077e+03 2.047146250769600101e+03 2.047146399111200026e+03 2.047146547116200054e+03 2.047146694791199934e+03 2.047146842136199894e+03 2.047146989164400111e+03 2.047147135882400107e+03 2.047147282290200110e+03 2.047147428401000070e+03 2.047147574214799988e+03 2.047147719744800042e+03 2.047147864984400030e+03 2.047148009953400106e+03 2.047148154658400017e+03
1.779813556640000115e+03 1.779831915859999981e+03 1.779850172120000025e+03 1.779868326079999861e+03 1.779886377739999944e+03 1.779904327759999887e+03 1.779922176139999920e+03 1.779939922219999971e+03 1.779957567319999953e+03 1.779975110780000023e+03 1.779992552599999954e+03 1.780009893440000042e+03 1.780027133300000060e+03 1.780044272180000007e+03 1.780061310080000112e+03 1.780078247659999988e+03 1.780095083599999953e+03 1.780111819879999985e+03 1.780128455179999946e+03 1.780144990159999907e+03 1.780161424160000024e+03 1.780177758499999982e+03 1.780193993180000007e+03 1.780210126879999962e+03 1.780226160919999984e+03 1.780242095300000074e+03 1.780257929360000162e+03 1.780273663760000090e+03 1.780289298500000086e+03 1.780304833579999922e+03 1.780320269000000053e+03 1.780335605420000093e+03 1.780350841519999904e+03 1.780365979279999920e+03 1.780381017380000003e+03 1.780395956479999995e+03 1.780410795920000055e+03 1.780425537020000093e+03 1.780440179120000039e+03 1.780454722219999894e+03 1.780469166979999954e+03 1.780483512739999924e+03 1.780497760159999871e+03 1.780511908579999954e+03 1.780525959320000084e+03 1.780539911719999964e+03 1.780553766439999890e+03 1.780567522820000022e+03 1.780581180860000131e+03 1.780594741880000129e+03
1.866144667880000043e+03 1.866165347000000111e+03 1.866185911280000028e+03 1.866206361380000089e+03 1.866226698619999979e+03 1.866246923659999993e+03 1.866267037159999973e+03 1.866287039119999918e+03 1.866306930859999966e+03 1.866326713039999959e+03 1.866346385660000124e+03 1.866365950699999985e+03 1.866385408159999997e+03 1.866404758700000002e+03 1.866424002980000068e+03 1.866443141660000038e+03 1.866462176060000047e+03 1.866481106180000097e+03 1.866499933340000098e+03 1.866518657540000049e+03 1.866537280100000089e+03 1.866555801680000059e+03 1.866574222279999958e+03 1.866592543219999925e+03 1.866610765160000028e+03 1.866628888759999882e+03 1.866646914680000009e+03 1.866664842919999955e+03 1.866682675459999928e+03 1.866700412299999925e+03 1.866718054100000018e+03 1.866735600859999977e+03 1.866753054560000010e+03 1.866770415200000116e+03 1.866787683439999910e+03 1.866804859939999915e+03 1.866821944699999904e+03 1.866838939700000083e+03 1.866855844279999928e+03 1.866872659760000033e+03 1.866889386800000011e+03 1.866906025400000090e+03 1.866922576879999951e+03 1.866939041240000051e+03 1.866955419800000072e+03 1.866971711899999946e+03 1.866987918860000036e+03 1.867004041339999958e+03 1.867020080000000007e+03 1.867036034839999957e+03
1.601603564239999969e+03 1.601634038420000024e+03 1.601664341659999991e+03 1.601694474619999937e+03 1.601724436640000022e+03 1.601754228379999859e+03 1.601783850499999971e+03 1.601813302999999905e+03 1.601842585880000115e+03 1.601871699799999988e+03 1.601900644759999977e+03 1.601929420760000085e+03 1.601958028459999923e+03 1.601986467199999879e+03 1.602014738299999863e+03 1.602042841760000101e+03 1.602070776920000071e+03 1.602098545100000138e+03 1.602126144979999935e+03 1.602153578539999899e+03 1.602180844460000117e+03 1.602207943399999976e+03 1.602234875359999933e+03 1.602261641000000054e+03 1.602288240320000114e+03 1.602314673320000111e+03 1.602340939339999977e+03 1.602367040359999919e+03 1.602392975060000026e+03 1.602418744099999913e+03 1.602444347480000033e+03 1.602469785199999933e+03 1.602495057919999908e+03 1.602520165639999959e+03 1.602545107700000017e+03 1.602569885419999991e+03 1.602594498800000110e+03 1.602618947180000077e+03 1.602643231219999961e+03 1.602667350919999990e+03 1.602691306940000004e+03 1.602715099280000004e+03 1.602738727279999921e+03 1.602762192260000120e+03 1.602785494220000146e+03 1.602808632499999931e+03 1.602831607759999997e+03 1.602854420659999960e+03 1.602877071200000046e+03 1.602899558719999959e+03
1.685152963580000005e+03 1.685194191139999930e+03 1.685235190339999917e+03 1.685275961840000036e+03 1.685316506959999970e+03 1.685356827680000151e+03 1.685396924659999968e+03 1.685436799880000081e+03 1.685476454659999945e+03 1.685515889660000084e+03 1.685555107520000092e+03 1.685594108239999969e+03 1.685632894459999989e+03 1.685671466839999994e+03 1.685709826700000121e+03 1.685747975360000055e+03 1.685785915460000069e+03 1.685823646339999868e+03 1.685861171300000024e+03 1.685898490340000080e+03 1.685935606099999859e+03 1.685972518580000042e+03 1.686009230419999994e+03 1.686045742280000013e+03 1.686082055480000008e+03 1.686118171999999959e+03 1.686154092499999933e+03 1.686189818960000139e+03 1.686225352700000030e+03 1.686260694380000132e+03 1.686295845319999898e+03 1.686330807499999992e+03 1.686365582240000094e+03 1.686400170200000048e+03 1.686434573360000059e+03 1.686468792379999968e+03 1.686502828579999914e+03 1.686536683280000034e+03 1.686570358460000080e+03 1.686603854120000051e+03 1.686637172239999927e+03 1.686670314140000073e+03 1.686703280480000103e+03 1.686736072579999927e+03 1.686768691759999911e+03 1.686801138679999895e+03 1.686833415319999858e+03 1.686865521680000029e+03 1.686897459079999862e+03 1.686929229500000019e+03
1.423419138920000023e+03 1.423461683839999978e+03 1.423503988519999893e+03 1.423546053619999839e+03 1.423587879799999882e+03 1.423629467060000025e+03 1.423670816719999948e+03 1.423711928780000108e+03 1.423752803240000048e+03 1.423793440760000067e+03 1.423833842000000004e+03 1.423874006959999861e+03 1.423913935640000091e+03 1.423953628700000081e+03 1.423993086800000128e+03 1.424032309940000005e+03 1.424071298119999938e+03 1.424110051999999996e+03 1.424148572240000021e+03 1.424186858179999945e+03 1.424224911140000131e+03 1.424262730460000057e+03 1.424300316800000019e+03 1.424337670819999857e+03 1.424374791859999959e+03 1.424411680579999938e+03 1.424448337639999863e+03 1.424484763039999962e+03 1.424520956780000006e+03 1.424556919520000065e+03 1.424592651259999911e+03 1.424628152000000000e+03 1.424663422399999945e+03 1.424698462459999973e+03 1.424733272840000154e+03 1.424767852879999964e+03 1.424802203899999995e+03 1.424836325900000020e+03 1.424870218880000039e+03 1.424903882840000051e+03 1.424937318440000126e+03 1.424970525679999810e+03 1.425003505220000079e+03 1.425036257060000025e+03 1.425068781200000103e+03 1.425101078959999995e+03 1.425133149679999860e+03 1.425164994019999995e+03 1.425196611979999943e+03 1.425228004220000003e+03
1.504165162520000194e+03 1.504227014420000160e+03 1.504288522459999967e+03 1.504349689279999893e+03 1.504410516200000075e+03 1.504471005860000105e+03 1.504531158920000053e+03 1.504590978679999807e+03 1.504650466459999961e+03 1.504709624240000039e+03 1.504768454660000089e+03 1.504826959700000089e+03 1.504885140679999949e+03 1.504943000239999947e+03 1.505000540359999832e+03 1.505057763020000039e+03 1.505114670200000091e+03 1.505171263879999970e+03 1.505227546040000107e+03 1.505283519980000165e+03 1.505339185699999916e+03 1.505394547160000002e+03 1.505449605020000035e+03 1.505504361920000065e+03 1.505558819840000069e+03 1.505612980760000028e+03 1.505666847319999988e+03 1.505720420180000019e+03 1.505773702640000010e+03 1.505826695360000031e+03 1.505879401640000196e+03 1.505931822799999964e+03 1.505983961480000062e+03 1.506035818339999878e+03 1.506087396020000142e+03 1.506138695839999855e+03 1.506189721100000042e+03 1.506240471800000023e+03 1.506290951239999913e+03 1.506341160740000078e+03 1.506391101619999972e+03 1.506440776519999872e+03 1.506490186759999915e+03 1.506539333660000011e+03 1.506588219859999981e+03 1.506636846679999962e+03 1.506685215439999865e+03 1.506733327460000055e+03 1.506781185379999897e+03 1.506828790519999984e+03
1.245256361599999991e+03 1.245310937000000195e+03 1.245365208799999891e+03 1.245419163799999978e+03 1.245472821800000020e+03 1.245526162999999997e+03 1.245579200600000149e+03 1.245631934600000022e+03 1.245684358399999837e+03 1.245736478600000055e+03 1.245788295199999993e+03 1.245839808199999879e+03 1.245891017599999941e+03 1.245941923400000178e+03 1.245992525600000135e+03 1.246042824199999814e+03 1.246092825799999900e+03 1.246142523800000163e+03 1.246191924799999924e+03 1.246241022200000089e+03 1.246289815999999973e+03 1.246338312800000040e+03 1.246386512600000060e+03 1.246434415400000034e+03 1.246482014599999957e+03 1.246529323400000067e+03 1.246576328600000124e+03 1.246623036799999909e+03 1.246669454599999881e+03 1.246715568800000028e+03 1.246761392599999908e+03 1.246806912799999964e+03 1.246852142599999979e+03 1.246897081999999955e+03 1.246941724400000112e+03 1.246986069799999996e+03 1.247030118200000061e+03 1.247073882799999865e+03 1.247117350400000078e+03 1.247160521000000017e+03 1.247203407800000150e+03 1.247245997600000010e+03 1.247288297000000057e+03 1.247330299400000058e+03 1.247372018000000025e+03 1.247413446200000180e+03 1.247454584000000068e+03 1.247495431400000143e+03 1.247535988399999951e+03 1.247576261600000180e+03
1.323197312599999805e+03 1.323279891799999859e+03 1.323362008999999944e+03 1.323443670799999836e+03 1.323524870599999986e+03 1.323605628199999956e+03 1.323685930399999961e+03 1.323765790400000014e+03 1.323845201600000109e+03 1.323924170600000025e+03 1.324002703999999994e+03 1.324080801800000017e+03 1.324158464000000095e+03 1.324235697200000004e+03 1.324312501400000201e+03 1.324388876600000003e+03 1.324464836000000105e+03 1.324540366400000039e+03 1.324615487600000051e+03 1.324690186400000130e+03 1.324764482600000065e+03 1.324838362999999845e+03 1.324911834200000158e+03 1.324984909400000106e+03 1.325057575400000133e+03 1.325129845400000022e+03 1.325201726000000008e+03 1.325273204000000078e+03 1.325344292600000017e+03 1.325414998400000059e+03 1.325485314799999969e+03 1.325555248399999982e+03 1.325624799200000098e+03 1.325693980399999873e+03 1.325762778799999978e+03 1.325831207599999971e+03 1.325899260199999844e+03 1.325966949799999838e+03 1.326034276399999953e+03 1.326101239999999962e+03 1.326167840600000090e+03 1.326234078200000113e+03 1.326299966000000040e+03 1.326365497400000095e+03 1.326430679000000055e+03 1.326495510799999920e+03 1.326559999399999924e+03 1.326624138199999834e+03 1.326687933799999882e+03 1.326751392799999849e+03
1.067130704000000151e+03 1.067197278200000028e+03 1.067263469600000008e+03 1.067329284800000096e+03 1.067394717200000059e+03 1.067459780000000137e+03 1.067524460000000090e+03 1.067588770399999930e+03 1.067652697999999873e+03 1.067716262599999936e+03 1.067779444400000102e+03 1.067842256599999928e+03 1.067904699199999868e+03 1.067966772199999923e+03 1.068028475600000093e+03 1.068089809399999922e+03 1.068150773599999866e+03 1.068211368199999924e+03 1.068271593200000098e+03 1.068331455200000164e+03 1.068390954200000124e+03 1.068450083599999971e+03 1.068508849999999939e+03 1.068567246800000021e+03 1.068625287200000002e+03 1.068682957999999871e+03 1.068740272399999867e+03 1.068797223799999983e+03 1.068853812199999993e+03 1.068910037600000123e+03 1.068965906599999926e+03 1.069021412600000076e+03 1.069076562199999898e+03 1.069131348800000069e+03 1.069185778999999911e+03 1.069239852799999881e+03 1.069293570199999976e+03 1.069346924599999966e+03 1.069399929199999860e+03 1.069452577399999882e+03 1.069504869200000030e+03 1.069556811200000084e+03 1.069608396800000037e+03 1.069659626000000117e+03 1.069710498800000096e+03 1.069761028399999987e+03 1.069811201600000004e+03 1.069861025000000154e+03 1.069910491999999977e+03 1.069959615799999938e+03
1.142246280800000022e+03 1.142349729199999956e+03 1.142452596800000038e+03 1.142554890200000045e+03 1.142656609399999979e+03 1.142757767600000079e+03 1.142858358200000112e+03 1.142958387799999855e+03 1.143057856399999991e+03 1.143156777199999851e+03 1.143255143599999883e+03 1.143352962200000093e+03 1.143450233000000026e+03 1.143546962599999915e+03 1.143643150999999989e+03 1.143738811400000031e+03 1.143833937200000037e+03 1.143928528400000005e+03 1.144022598200000175e+03 1.144116146599999865e+03 1.144209180199999992e+03 1.144301692399999865e+03 1.144393689799999947e+03 1.144485185600000023e+03 1.144576166600000079e+03 1.144666652599999907e+03 1.144756636999999955e+03 1.144846126400000003e+03 1.144935120800000050e+03 1.145023626799999874e+03 1.145111644399999932e+03 1.145199180200000001e+03 1.145286240800000087e+03 1.145372819600000184e+03 1.145458923199999845e+03 1.145544558199999983e+03 1.145629724599999918e+03 1.145714429000000109e+03 1.145798671399999876e+03 1.145882451800000126e+03 1.145965783399999964e+03 1.146048652999999831e+03 1.146131080399999973e+03 1.146213059000000158e+03 1.146294595400000162e+03 1.146375682999999981e+03 1.146456341600000087e+03 1.146536557999999786e+03 1.146616345400000000e+03 1.146695703800000047e+03
8.890535695999999461e+02 8.891321029999999155e+02 8.892101941999999326e+02 8.892878299999999854e+02 8.893650236000000859e+02 8.894417617999999948e+02 8.895180577999999514e+02 8.895939049999999497e+02 8.896693166000000019e+02 8.897442793999998685e+02 8.898188000000000102e+02 8.898928783999999723e+02 8.899665211999999883e+02 8.900397218000000521e+02 8.901124867999999424e+02 8.901848096000001078e+02 8.902567034000001058e+02 8.903281616000001577e+02 8.903991842000000361e+02 8.904697711999999683e+02 8.905399291999999605e+02 8.906096515999997791e+02 8.906789450000001125e+02 8.907478094000000510e+02 8.908162448000000495e+02 8.908842512000001079e+02 8.909518285999999989e+02 8.910189835999999559e+02 8.910857095999999729e+02 8.911520132000000558e+02 8.912178877999999713e+02 8.912833399999999529e+02 8.913483698000000004e+02 8.914129838000001200e+02 8.914771688000000722e+02 8.915409314000000904e+02 8.916042781999999534e+02 8.916672091999998884e+02 8.917297177999998894e+02 8.917918039999999564e+02 8.918534810000001016e+02 8.919147356000000855e+02 8.919755743999999140e+02 8.920360040000000481e+02 8.920960111999997935e+02 8.921556091999998443e+02 8.922147914000001947e+02 8.922735643999999411e+02 8.923319281999999930e+02 8.923898762000001170e+02
9.613186987999999928e+02 9.614431813999999576e+02 9.615669709999999668e+02 9.616900676000000203e+02 9.618124844000001303e+02 9.619342081999998300e+02 9.620552522000000408e+02 9.621756230000000869e+02 9.622953205999999682e+02 9.624143449999999120e+02 9.625327093999999306e+02 9.626504072000000178e+02 9.627674516000001859e+02 9.628838359999999739e+02 9.629995736000000761e+02 9.631146577999998044e+02 9.632291083999998591e+02 9.633429122000000007e+02 9.634560824000000139e+02 9.635686190000001261e+02 9.636805285999998887e+02 9.637918177999999898e+02 9.639024865999999747e+02 9.640125350000000708e+02 9.641219762000000628e+02 9.642308035999999447e+02 9.643390237999999499e+02 9.644466500000000906e+02 9.645536756000001333e+02 9.646601071999998567e+02 9.647659513999999490e+02 9.648712082000001828e+02 9.649758776000001035e+02 9.650799727999999504e+02 9.651834938000001785e+02 9.652864472000001115e+02 9.653888263999999708e+02 9.654906445999999960e+02 9.655919017999999596e+02 9.656926045999998678e+02 9.657927529999999479e+02 9.658923535999999785e+02 9.659913997999999538e+02 9.660899113999998917e+02 9.661878818000000138e+02 9.662853175999998712e+02 9.663822187999999187e+02 9.664785853999999290e+02 9.665744305999999142e+02 9.666697544000001017e+02
7.110389041999999336e+02 7.111294232000000193e+02 7.112194142000000738e+02 7.113088838000001033e+02 7.113978386000001137e+02 7.114862654000000930e+02 7.115741774000000532e+02 7.116615745999999945e+02 7.117484569999999167e+02 7.118348246000000472e+02 7.119206840000001648e+02 7.120060286000000360e+02 7.120908649999998943e+02 7.121751931999999670e+02 7.122590132000000267e+02 7.123423315999998522e+02 7.124251484000001255e+02 7.125074570000001586e+02 7.125892640000001848e+02 7.126705759999999827e+02 7.127513797999999952e+02 7.128316952000000128e+02 7.129115089999997963e+02 7.129908278000000337e+02 7.130696516000000429e+02 7.131479804000000513e+02 7.132258142000000589e+02 7.133031596000000718e+02 7.133800166000000900e+02 7.134563786000001073e+02 7.135322587999999087e+02 7.136076439999999366e+02 7.136825473999999758e+02 7.137569624000000204e+02 7.138308956000000762e+02 7.139043403999999100e+02 7.139773099999999886e+02 7.140497912000000724e+02 7.141217906000001676e+02 7.141933148000000529e+02 7.142643571999999494e+02 7.143349243999998635e+02 7.144050098000000162e+02 7.144746199999999590e+02 7.145437550000001465e+02 7.146124148000001242e+02 7.146805994000001192e+02 7.147483154000001377e+02 7.148155562000001737e+02 7.148823217999999997e+02
7.804142300000000887e+02 7.805599646000000575e+02 7.807048807999999553e+02 7.808489918000000216e+02 7.809922976000000290e+02 7.811347981999999774e+02 7.812765067999998791e+02 7.814174168000001828e+02 7.815575413999999910e+02 7.816968739999999798e+02 7.818354343999999401e+02 7.819732094000000870e+02 7.821102187999999842e+02 7.822464560000000802e+02 7.823819275999999263e+02 7.825166401999999835e+02 7.826505938000000242e+02 7.827838016000000607e+02 7.829162570000000869e+02 7.830479731999998876e+02 7.831789436000001388e+02 7.833091880000001765e+02 7.834386997999999949e+02 7.835674790000000485e+02 7.836955453999999008e+02 7.838228924000000006e+02 7.839495265999998992e+02 7.840754480000000513e+02 7.842006698000000142e+02 7.843251854000000094e+02 7.844490146000000550e+02 7.845721442000001389e+02 7.846945940000000519e+02 7.848163574000000153e+02 7.849374410000000353e+02 7.850578514000001178e+02 7.851775886000000355e+02 7.852966658000000280e+02 7.854150764000000891e+02 7.855328269999999975e+02 7.856499307999999928e+02 7.857663812000000689e+02 7.858821848000000045e+02 7.859973482000000331e+02 7.861118713999999272e+02 7.862257610000001478e+02 7.863390236000000186e+02 7.864516591999999946e+02 7.865636744000000817e+02 7.866750692000000527e+02
5.331147776000000249e+02 5.332173284000000422e+02 5.333192785999999614e+02 5.334206348000000162e+02 5.335213969999999790e+02 5.336215651999998499e+02 5.337211459999998624e+02 5.338201394000000164e+02 5.339185388000000785e+02 5.340163574000000608e+02 5.341135951999999634e+02 5.342102522000000135e+02 5.343063217999999779e+02 5.344018238000001020e+02 5.344967383999999129e+02 5.345910854000001109e+02 5.346848581999997805e+02 5.347780633999998372e+02 5.348706944000000476e+02 5.349627577999999630e+02 5.350542535999998108e+02 5.351451818000000458e+02 5.352355489999999918e+02 5.353253552000001037e+02 5.354145938000001479e+02 5.355032780000001367e+02 5.355914012000000639e+02 5.356789699999999357e+02 5.357659843999999794e+02 5.358524377999999615e+02 5.359383434000001216e+02 5.360236945999999989e+02 5.361084979999998268e+02 5.361927469999998266e+02 5.362764482000000044e+02 5.363596081999999114e+02 5.364422137999999904e+02 5.365242781999997987e+02 5.366058013999997911e+02 5.366867833999999675e+02 5.367672176000000945e+02 5.368471172000001843e+02 5.369264689999999973e+02 5.370052928000000065e+02 5.370835687999999664e+02 5.371613167999998950e+02 5.372385236000000077e+02 5.373152024000000893e+02 5.373913465999999062e+02 5.374669562000001406e+02
5.995368014000000585e+02 5.997040124000000105e+02 5.998702994000000217e+02 6.000356558000000859e+02 6.002000815999999759e+02 6.003635966000001645e+02 6.005261941999999635e+02 6.006878810000000612e+02 6.008486570000000029e+02 6.010085354000000279e+02 6.011675162000001365e+02 6.013256060000001071e+02 6.014828047999999399e+02 6.016391192000000956e+02 6.017945558000001256e+02 6.019491146000000299e+02 6.021028022000000419e+02 6.022556252000001678e+02 6.024075901999999587e+02 6.025586972000000969e+02 6.027089528000001337e+02 6.028583636000000752e+02 6.030069296000001486e+02 6.031546573999999055e+02 6.033015602000000399e+02 6.034476247999998577e+02 6.035928709999998318e+02 6.037373053999999684e+02 6.038809148000000278e+02 6.040237256000000343e+02 6.041657245999999759e+02 6.043069316000000981e+02 6.044473399999999401e+02 6.045869564000001901e+02 6.047257939999999508e+02 6.048638462000001255e+02 6.050011262000000443e+02 6.051376273999999285e+02 6.052733696000000236e+02 6.054083527999998751e+02 6.055425703999999314e+02 6.056760421999999835e+02 6.058087616000000253e+02 6.059407418000000689e+02 6.060719827999998870e+02 6.062024845999999343e+02 6.063322603999999956e+02 6.064613036000000648e+02 6.065896339999999327e+02 6.067172450000000481e+02
3.552635018000000855e+02 3.553781768000001193e+02 3.554921719999999823e+02 3.556054940000001352e+02 3.557181494000001294e+02 3.558301382000001922e+02 3.559414603999998690e+02 3.560521160000000691e+02 3.561621181999998953e+02 3.562714604000000236e+02 3.563801425999999992e+02 3.564881714000000557e+02 3.565955533999999716e+02 3.567022819999999683e+02 3.568083638000000519e+02 3.569138054000000011e+02 3.570186001999998098e+02 3.571227482000001601e+02 3.572262626000001546e+02 3.573291368000000148e+02 3.574313773999999739e+02 3.575329844000000321e+02 3.576339577999999619e+02 3.577342975999999908e+02 3.578340169999999034e+02 3.579331028000001425e+02 3.580315616000000318e+02 3.581294000000000324e+02 3.582266180000001441e+02 3.583232090000001335e+02 3.584191862000000128e+02 3.585145430000000033e+02 3.586092860000001110e+02 3.587034152000001086e+02 3.587969305999999960e+02 3.588898322000000007e+02 3.589821265999999014e+02 3.590738072000001466e+02 3.591648806000000604e+02 3.592553534000001036e+02 3.593452190000000428e+02 3.594344774000001053e+02 3.595231352000000697e+02 3.596111923999999362e+02 3.596986490000001595e+02 3.597855116000000635e+02 3.598717735999998695e+02 3.599574350000000322e+02 3.600425023999998757e+02 3.601269757999998546e+02
4.187045960000000377e+02 4.188935341999999764e+02 4.190814164000000801e+02 4.192682491999999002e+02 4.194540458000001308e+02 4.196388061999998627e+02 4.198225304000000051e+02 4.200052250000001095e+02 4.201869031999999606e+02 4.203675584000000072e+02 4.205471971999998004e+02 4.207258328000000347e+02 4.209034586000000218e+02 4.210800878000000012e+02 4.212557203999999729e+02 4.214303629999999430e+02 4.216040155999999115e+02 4.217766913999998906e+02 4.219483970000001136e+02 4.221191258000001199e+02 4.222888909999999214e+02 4.224576991999999791e+02 4.226255503999998382e+02 4.227924511999999595e+02 4.229584081999998944e+02 4.231234213999998701e+02 4.232875040000001263e+02 4.234506559999999808e+02 4.236128839999998945e+02 4.237741946000001008e+02 4.239345877999999175e+02 4.240940768000000389e+02 4.242526550000000043e+02 4.244103422000000592e+02 4.245671317999999701e+02 4.247230369999999766e+02 4.248780578000000787e+02 4.250321942000000490e+02 4.251854659999999058e+02 4.253378665999998702e+02 4.254894025999999485e+02 4.256400806000001467e+02 4.257899138000000221e+02 4.259388890000000174e+02 4.260870259999999234e+02 4.262343247999999676e+02 4.263807920000001559e+02 4.265264275999998063e+02 4.266712448000000677e+02 4.268152370000000246e+02
1.774905547999999271e+02 1.776174793999998656e+02 1.777436516000000211e+02 1.778690713999999389e+02 1.779937519999998585e+02 1.781176801999999952e+02 1.782408691999999064e+02 1.783633190000000468e+02 1.784850362000001951e+02 1.786060141999998905e+02 1.787262662000000546e+02 1.788457855999999992e+02 1.789645855999999640e+02 1.790826595999999427e+02 1.792000141999999414e+02 1.793166493999999602e+02 1.794325651999999991e+02 1.795477681999998367e+02 1.796622649999999339e+02 1.797760489999998299e+02 1.798891267999999855e+02 1.800014983999999458e+02 1.801131704000001719e+02 1.802241427999999814e+02 1.803344156000000567e+02 1.804439887999999428e+02 1.805528690000001006e+02 1.806610562000000755e+02 1.807685569999998734e+02 1.808753647999999430e+02 1.809814862000000630e+02 1.810869212000000061e+02 1.811916763999997784e+02 1.812957518000000618e+02 1.813991408000001684e+02 1.815018566000001101e+02 1.816038925999998810e+02 1.817052553999999418e+02 1.818059449999998378e+02 1.819059548000000177e+02 1.820053045999998176e+02 1.821039812000001348e+02 1.822019912000000659e+02 1.822993280000000595e+02 1.823960048000001279e+02 1.824920216000000437e+02 1.825873718000000281e+02 1.826820620000000872e+02 1.827760855999999876e+02 1.828694557999999688e+02
2.379024140000001353e+02 2.381133433999998488e+02 2.383231045999998514e+02 2.385317041999999219e+02 2.387391488000000663e+02 2.389454384000000573e+02 2.391505795999999009e+02 2.393545790000000579e+02 2.395574299999998402e+02 2.397591524000001755e+02 2.399597461999999268e+02 2.401592180000000099e+02 2.403575611999999637e+02 2.405547956000000340e+02 2.407509145999999873e+02 2.409459313999998358e+02 2.411398526000000402e+02 2.413326716000001397e+02 2.415244015999999192e+02 2.417150492000000668e+02 2.419046210000001338e+02 2.420931104000001142e+02 2.422805372000000261e+02 2.424669013999998697e+02 2.426522029999998722e+02 2.428364551999998184e+02 2.430196645999999419e+02 2.432018246000000090e+02 2.433829550000000381e+02 2.435630492000000231e+02 2.437421203999999761e+02 2.439201686000001246e+02 2.440972070000000258e+02 2.442732355999999072e+02 2.444482610000000022e+02 2.446222898000000896e+02 2.447953219999999419e+02 2.449673708000000261e+02 2.451384361999998873e+02 2.453085247999999865e+02 2.454776431999998749e+02 2.456457980000000134e+02 2.458129891999999472e+02 2.459792299999999159e+02 2.461445203999999194e+02 2.463088669999999638e+02 2.464722763999998278e+02 2.466347552000001997e+02 2.467963033999999425e+02 2.469569275999999718e+02
