4.028625264199999947e+03 4.028403886999999941e+03 4.028183539399999972e+03 4.027964221400000042e+03 4.027745926399999917e+03 4.027528654400000050e+03 4.027312405399999989e+03 4.027097179399999732e+03 4.026882963199999722e+03 4.026669763400000193e+03 4.026457573400000001e+03 4.026246393200000057e+03 4.026036222800000360e+03 4.025827048999999988e+03 4.025618878400000085e+03 4.025411704399999962e+03 4.025205527000000075e+03 4.025000339600000189e+03 4.024796142199999849e+03 4.024592928200000188e+03 4.024390697599999839e+03 4.024189443799999935e+03 4.023989173400000254e+03 4.023789873200000329e+03 4.023591543200000160e+03 4.023394176800000423e+03 4.023197780599999987e+03 4.023002334799999971e+03 4.022807852599999933e+03 4.022614327400000093e+03 4.022421745999999985e+03 4.022230115000000296e+03 4.022039421200000106e+03 4.021849671199999648e+03 4.021660858400000052e+03 4.021472976199999721e+03 4.021286017999999785e+03 4.021099990400000024e+03 4.020914880199999971e+03 4.020730693999999858e+03 4.020547411999999895e+03 4.020365047400000094e+03 4.020183586999999989e+03 4.020003030800000033e+03 4.019823372199999994e+03 4.019644604600000093e+03 4.019466734600000109e+03 4.019289749000000029e+03 4.019113641199999620e+03 4.018938417800000025e+03
3.974126496800000041e+03 3.973805360600000313e+03 3.973486012999999730e+03 3.973168427600000086e+03 3.972852571399999761e+03 3.972538404799999626e+03 3.972225908000000345e+03 3.971915041400000064e+03 3.971605785200000355e+03 3.971298106400000052e+03 3.970991985200000272e+03 3.970687388599999849e+03 3.970384296799999902e+03 3.970082690000000184e+03 3.969782535199999984e+03 3.969483825799999977e+03 3.969186535400000139e+03 3.968890637599999991e+03 3.968596125799999754e+03 3.968302973599999859e+03 3.968011167800000294e+03 3.967720688599999903e+03 3.967494090799999867e+03 3.967206113000000187e+03 3.966919415599999866e+03 3.966633985399999801e+03 3.966349822399999994e+03 3.966066900200000418e+03 3.965785212200000387e+03 3.965504745199999888e+03 3.965225499199999831e+03 3.964947447800000191e+03 3.964670591000000059e+03 3.964394915599999877e+03 3.964120421599999645e+03 3.963847089200000028e+03 3.963574911800000336e+03 3.963303889400000116e+03 3.963034008800000265e+03 3.962765263399999640e+03 3.962497653200000059e+03 3.962231165000000146e+03 3.961965792200000124e+03 3.961701534799999990e+03 3.961438379600000189e+03 3.961176333200000045e+03 3.960915375800000220e+03 3.960655520600000273e+03 3.960396747799999957e+03 3.960139063999999962e+03
3.848660945600000105e+03 3.848460609199999908e+03 3.848261216599999898e+03 3.848062767800000074e+03 3.847865243000000191e+03 3.847668662000000040e+03 3.847473004999999830e+03 3.847278278599999794e+03 3.847084476200000154e+03 3.846891604399999778e+03 3.846699643400000241e+03 3.846508612999999968e+03 3.846318486799999846e+03 3.846129284600000119e+03 3.845940986599999633e+03 3.845753592799999751e+03 3.845567109800000253e+03 3.845381530999999995e+03 3.845196849799999654e+03 3.845013059599999906e+03 3.844830167000000074e+03 3.844648165399999925e+03 3.844467048200000136e+03 3.844286822000000029e+03 3.844107466999999815e+03 3.843928996399999960e+03 3.843751396999999997e+03 3.843574675400000160e+03 3.843398818399999982e+03 3.843223819400000139e+03 3.843049691600000187e+03 3.842876415199999883e+03 3.842703996799999913e+03 3.842532429800000045e+03 3.842361714200000279e+03 3.842191836800000146e+03 3.842022804199999882e+03 3.841854603199999929e+03 3.841687240400000064e+03 3.841520709200000056e+03 3.841355002999999670e+03 3.841190121800000270e+03 3.841026052400000026e+03 3.840862807999999859e+03 3.840700368799999978e+03 3.840538741399999708e+03 3.840377919200000179e+03 3.840217895599999792e+03 3.840058670599999914e+03 3.839900244200000088e+03
3.790651334600000155e+03 3.790363086199999998e+03 3.790076382199999898e+03 3.789791183000000274e+03 3.789507468799999970e+03 3.789225206600000092e+03 3.788944383199999720e+03 3.788664972200000193e+03 3.788386940599999889e+03 3.788110281799999939e+03 3.787834962800000085e+03 3.787560963800000081e+03 3.787288271599999916e+03 3.787016866400000254e+03 3.786746728399999938e+03 3.786477844400000322e+03 3.786210201200000029e+03 3.785943772399999943e+03 3.785678544800000054e+03 3.785414518399999906e+03 3.785151660200000151e+03 3.784889976800000113e+03 3.784685752999999750e+03 3.784426254199999676e+03 3.784167890600000192e+03 3.783910642400000143e+03 3.783654509599999983e+03 3.783399472400000377e+03 3.783145530800000415e+03 3.782892671600000085e+03 3.782640888199999608e+03 3.782390174000000115e+03 3.782140515799999775e+03 3.781891913599999953e+03 3.781644354199999725e+03 3.781397837600000003e+03 3.781152350600000318e+03 3.780907899799999996e+03 3.780664465400000154e+03 3.780422047399999883e+03 3.780180645800000093e+03 3.779940247399999862e+03 3.779700858799999878e+03 3.779462466799999675e+03 3.779225064799999927e+03 3.778988666000000194e+03 3.778753243999999995e+03 3.778518818600000031e+03 3.778285363399999824e+03 3.778052898200000072e+03
3.668680311799999799e+03 3.668500844600000164e+03 3.668322222199999942e+03 3.668144451199999821e+03 3.667967525000000023e+03 3.667791436999999860e+03 3.667616193800000019e+03 3.667441782200000034e+03 3.667268208800000139e+03 3.667095473600000332e+03 3.666923563399999694e+03 3.666752478200000041e+03 3.666582224599999790e+03 3.666412789400000293e+03 3.666244179199999962e+03 3.666076380800000152e+03 3.665909400800000185e+03 3.665743232599999828e+03 3.665577869599999758e+03 3.665413318400000207e+03 3.665249565799999800e+03 3.665086618399999679e+03 3.664924463000000287e+03 3.664763106200000038e+03 3.664602534800000285e+03 3.664442755399999896e+03 3.664283761400000003e+03 3.664125546199999917e+03 3.663968116400000326e+03 3.663811458799999855e+03 3.663655573399999867e+03 3.663500453599999673e+03 3.663346105999999963e+03 3.663192517399999815e+03 3.663039687800000138e+03 3.662887617200000022e+03 3.662736292399999911e+03 3.662585726600000271e+03 3.662435899999999947e+03 3.662286812599999848e+03 3.662138471000000209e+03 3.661990861999999652e+03 3.661843985599999996e+03 3.661697841799999878e+03 3.661552417400000195e+03 3.661407718999999815e+03 3.661263733400000092e+03 3.661120467199999894e+03 3.660977913800000351e+03 3.660836066599999867e+03
3.607152854599999955e+03 3.606896576600000117e+03 3.606641618600000129e+03 3.606387954199999967e+03 3.606135563599999841e+03 3.605884426999999960e+03 3.605634517999999844e+03 3.605385816799999702e+03 3.605138316800000212e+03 3.604891991599999983e+03 3.604646827999999914e+03 3.604402806199999759e+03 3.604159912999999960e+03 3.603918135199999597e+03 3.603677453000000241e+03 3.603437866399999621e+03 3.603199349000000439e+03 3.602961887599999955e+03 3.602725482199999988e+03 3.602490119600000071e+03 3.602255780000000414e+03 3.602022456799999873e+03 3.601840336400000069e+03 3.601608933800000159e+03 3.601378527800000029e+03 3.601149098599999888e+03 3.600920646200000192e+03 3.600693164000000252e+03 3.600466645399999834e+03 3.600241083800000069e+03 3.600016466000000037e+03 3.599792792000000190e+03 3.599570055199999842e+03 3.599348249000000123e+03 3.599127373400000124e+03 3.598907415199999832e+03 3.598688374399999702e+03 3.598470250999999735e+03 3.598253031799999917e+03 3.598036716800000249e+03 3.597821305999999822e+03 3.597606792800000221e+03 3.597393177200000082e+03 3.597180452600000081e+03 3.596968612399999984e+03 3.596757663200000025e+03 3.596547591800000191e+03 3.596338404799999807e+03 3.596130095600000004e+03 3.595922664200000327e+03
3.488643947600000047e+03 3.488485131800000090e+03 3.488327068399999916e+03 3.488169757399999980e+03 3.488013198800000282e+03 3.487857392599999912e+03 3.487702338799999779e+03 3.487548024199999873e+03 3.487394455399999970e+03 3.487241625800000293e+03 3.487089535400000386e+03 3.486938184200000251e+03 3.486787559000000329e+03 3.486637673000000177e+03 3.486488513000000239e+03 3.486340072400000281e+03 3.486192364399999860e+03 3.486045369200000096e+03 3.485899093400000311e+03 3.485753537000000051e+03 3.485608693399999993e+03 3.485464555999999902e+03 3.485321124799999779e+03 3.485178399800000079e+03 3.485036374399999659e+03 3.484895042000000103e+03 3.484754409199999827e+03 3.484614469399999962e+03 3.484475222600000052e+03 3.484336655600000086e+03 3.484198774999999841e+03 3.484061574199999995e+03 3.483925046599999860e+03 3.483789192199999889e+03 3.483654017599999861e+03 3.483519502999999986e+03 3.483385655000000042e+03 3.483252467000000252e+03 3.483119939000000159e+03 3.482988064399999985e+03 3.482856843200000185e+03 3.482726268800000071e+03 3.482596341200000097e+03 3.482467053800000031e+03 3.482338406599999871e+03 3.482210393000000295e+03 3.482083013000000392e+03 3.481956266600000163e+03 3.481830140600000050e+03 3.481704641600000286e+03
3.423653067799999917e+03 3.423428080399999999e+03 3.423204208400000425e+03 3.422981445200000053e+03 3.422759771000000001e+03 3.422539166000000023e+03 3.422319617000000108e+03 3.422101097599999775e+03 3.421883607799999936e+03 3.421667134399999668e+03 3.421451650999999856e+03 3.421237151000000267e+03 3.421023621199999980e+03 3.420811048399999891e+03 3.420599432600000000e+03 3.420388747400000284e+03 3.420178992799999833e+03 3.419970155599999998e+03 3.419762229200000093e+03 3.419555200400000103e+03 3.419349062599999797e+03 3.419143809199999851e+03 3.418983442400000058e+03 3.418779858800000056e+03 3.418577133199999935e+03 3.418375265599999693e+03 3.418174249400000008e+03 3.417974084599999969e+03 3.417774751400000241e+03 3.417576256399999693e+03 3.417378586400000131e+03 3.417181747999999970e+03 3.416985728000000108e+03 3.416790519799999856e+03 3.416596129999999903e+03 3.416402545400000236e+03 3.416209772600000178e+03 3.416017791799999941e+03 3.415826616199999989e+03 3.415636239200000091e+03 3.415446654200000012e+03 3.415257854599999973e+03 3.415069846999999754e+03 3.414882624800000031e+03 3.414696187999999893e+03 3.414510536599999796e+03 3.414325657400000182e+03 3.414141563600000154e+03 3.413958241999999700e+03 3.413775699199999963e+03
3.308555218999999852e+03 3.308416836800000056e+03 3.308279121200000191e+03 3.308142065600000024e+03 3.308005663399999776e+03 3.307869921200000135e+03 3.307734838999999738e+03 3.307600403599999936e+03 3.307466615000000274e+03 3.307333479800000077e+03 3.307200991400000021e+03 3.307069143199999871e+03 3.306937935199999629e+03 3.306807367399999748e+03 3.306677433199999996e+03 3.306548132599999917e+03 3.306419465599999967e+03 3.306291432199999690e+03 3.306164019199999984e+03 3.306037226599999940e+03 3.305911060999999791e+03 3.305785515800000212e+03 3.305660584400000062e+03 3.305536260200000015e+03 3.305412556399999630e+03 3.305289453200000025e+03 3.305166957200000070e+03 3.305045068399999764e+03 3.304923773600000004e+03 3.304803079400000115e+03 3.304682979199999863e+03 3.304563466399999925e+03 3.304444540999999845e+03 3.304326209599999856e+03 3.304208452400000169e+03 3.304091276000000107e+03 3.303974680400000125e+03 3.303858658999999989e+03 3.303743205199999920e+03 3.303628325600000153e+03 3.303514006999999765e+03 3.303400249400000121e+03 3.303287059400000089e+03 3.303174417199999880e+03 3.303062335999999959e+03 3.302950796000000082e+03 3.302839810399999806e+03 3.302729372599999806e+03 3.302619475999999850e+03 3.302510114000000158e+03
3.240126570800000081e+03 3.239932392199999867e+03 3.239739157400000295e+03 3.239546853199999987e+03 3.239355466399999841e+03 3.239164983800000300e+03 3.238975392199999987e+03 3.238786685000000034e+03 3.238598835799999961e+03 3.238411851200000001e+03 3.238225704800000130e+03 3.238040396600000349e+03 3.237855913399999736e+03 3.237672248599999875e+03 3.237489389000000301e+03 3.237307327999999870e+03 3.237126059000000168e+03 3.236945568799999819e+03 3.236765863999999965e+03 3.236586918200000127e+03 3.236408744600000318e+03 3.236231323400000292e+03 3.236054654600000049e+03 3.235916265800000019e+03 3.235741015999999945e+03 3.235566498799999863e+03 3.235392714200000228e+03 3.235219655599999896e+03 3.235047316400000000e+03 3.234875703199999862e+03 3.234704796199999691e+03 3.234534608599999956e+03 3.234365120599999955e+03 3.234196345400000155e+03 3.234028269800000089e+03 3.233860887199999979e+03 3.233694210800000292e+03 3.233528220799999872e+03 3.233362930400000096e+03 3.233198319799999808e+03 3.233034402199999931e+03 3.232871170999999777e+03 3.232708619600000020e+03 3.232546754599999986e+03 3.232385569399999895e+03 3.232225057399999969e+03 3.232065225199999986e+03 3.231906072799999947e+03 3.231747593600000073e+03 3.231589781000000130e+03
3.128418033200000082e+03 3.128299886599999809e+03 3.128182314200000292e+03 3.128065309399999933e+03 3.127948865599999863e+03 3.127832982800000082e+03 3.127717660999999680e+03 3.127602900200000022e+03 3.127488693799999965e+03 3.127375041799999963e+03 3.127261944200000016e+03 3.127149401000000125e+03 3.127037398999999823e+03 3.126925944800000252e+03 3.126815038400000049e+03 3.126704673199999888e+03 3.126594842599999993e+03 3.126485553200000140e+03 3.126376798400000098e+03 3.126268571600000087e+03 3.126160879399999885e+03 3.126053715199999715e+03 3.125947079000000031e+03 3.125840964199999689e+03 3.125735364199999822e+03 3.125630292199999985e+03 3.125525728399999934e+03 3.125421679400000357e+03 3.125318145199999890e+03 3.125215119200000117e+03 3.125112594799999897e+03 3.125010578599999917e+03 3.124909057400000165e+03 3.124808037799999966e+03 3.124707513199999994e+03 3.124607483599999796e+03 3.124507948999999826e+03 3.124408896199999617e+03 3.124310331800000313e+03 3.124212249199999860e+03 3.124114641799999845e+03 3.124017522799999824e+03 3.123920872400000007e+03 3.123824697199999719e+03 3.123728990600000088e+03 3.123633745999999974e+03 3.123538976599999842e+03 3.123444662599999901e+03 3.123350810599999932e+03 3.123257420599999932e+03
3.056585514200000034e+03 3.056421788000000106e+03 3.056258847199999764e+03 3.056096671999999671e+03 3.055935262399999829e+03 3.055774598599999990e+03 3.055614673999999923e+03 3.055455481999999847e+03 3.055297009400000206e+03 3.055139243000000079e+03 3.054982189400000152e+03 3.054825822199999948e+03 3.054670148000000154e+03 3.054515153600000303e+03 3.054360832400000163e+03 3.054207177799999954e+03 3.054054189800000131e+03 3.053901848599999994e+03 3.053750160800000231e+03 3.053599119800000153e+03 3.053448712399999749e+03 3.053298945200000162e+03 3.053149805000000015e+03 3.053032146800000191e+03 3.052884201200000007e+03 3.052736869400000160e+03 3.052590157999999974e+03 3.052444053799999892e+03 3.052298556799999915e+03 3.052153667000000041e+03 3.052009377800000038e+03 3.051865695800000140e+03 3.051722601200000099e+03 3.051580107199999929e+03 3.051438207199999852e+03 3.051296894600000087e+03 3.051156175999999959e+03 3.051016038199999912e+03 3.050876487800000177e+03 3.050737524799999846e+03 3.050599135999999817e+03 3.050461334600000100e+03 3.050324107399999775e+03 3.050187460999999985e+03 3.050051395399999819e+03 3.049915897400000176e+03 3.049780980200000158e+03 3.049646630600000208e+03 3.049512855200000104e+03 3.049379653999999846e+03
2.948237498599999981e+03 2.948139409399999749e+03 2.948041795399999955e+03 2.947944656600000144e+03 2.947847986400000082e+03 2.947751784799999768e+03 2.947656045199999880e+03 2.947560774200000196e+03 2.947465965200000028e+03 2.947371618199999830e+03 2.947277733200000057e+03 2.947184303600000021e+03 2.947091329400000177e+03 2.946998810600000070e+03 2.946906740599999921e+03 2.946815125999999964e+03 2.946723953600000186e+03 2.946633229999999912e+03 2.946542948600000273e+03 2.946453116000000136e+03 2.946363718999999946e+03 2.946274757600000157e+03 2.946186231799999860e+03 2.946098141599999963e+03 2.946010487000000012e+03 2.945923254799999995e+03 2.945836458199999925e+03 2.945750077400000009e+03 2.945664125599999807e+03 2.945578596199999993e+03 2.945493482599999879e+03 2.945408791400000155e+03 2.945324509399999897e+03 2.945240636600000016e+03 2.945157179599999836e+03 2.945074131800000032e+03 2.944991486599999917e+03 2.944909243999999944e+03 2.944827404000000115e+03 2.944745966599999974e+03 2.944664918599999964e+03 2.944584273200000098e+03 2.944504017199999907e+03 2.944424150599999848e+03 2.944344673399999920e+03 2.944265578999999889e+03 2.944186867399999755e+03 2.944108545199999753e+03 2.944030592600000091e+03 2.943953022799999871e+03
2.873029937600000267e+03 2.872896386599999914e+03 2.872763469200000145e+03 2.872631165599999804e+03 2.872499475800000255e+03 2.872368393199999900e+03 2.872237904600000093e+03 2.872108003400000143e+03 2.871978683000000274e+03 2.871849936800000251e+03 2.871721758199999840e+03 2.871594147199999952e+03 2.871467083999999886e+03 2.871340575199999876e+03 2.871214614200000142e+03 2.871089194399999997e+03 2.870964302599999883e+03 2.870839951999999812e+03 2.870716122799999994e+03 2.870592814999999973e+03 2.870470028599999750e+03 2.870347763599999780e+03 2.870226006800000050e+03 2.870104758200000106e+03 2.870007903200000328e+03 2.869887618199999906e+03 2.869767834799999946e+03 2.869648552999999993e+03 2.869529766200000267e+03 2.869411474399999861e+03 2.869293670999999904e+03 2.869176362600000175e+03 2.869059535999999753e+03 2.868943204400000013e+03 2.868827347999999802e+03 2.868711980000000040e+03 2.868597093800000039e+03 2.868482689399999799e+03 2.868368760199999997e+03 2.868255312799999956e+03 2.868142340599999898e+03 2.868029843600000277e+03 2.867917821800000183e+03 2.867806268599999839e+03 2.867695197199999711e+03 2.867584594400000242e+03 2.867474460200000067e+03 2.867364794600000096e+03 2.867255604200000107e+03 2.867146882399999868e+03
2.768021046800000022e+03 2.767942856599999686e+03 2.767865049200000158e+03 2.767787611400000060e+03 2.767710549800000081e+03 2.767633864399999766e+03 2.767557555200000024e+03 2.767481608999999935e+03 2.767406038999999964e+03 2.767330832000000100e+03 2.767256001199999901e+03 2.767181526800000029e+03 2.767107415399999809e+03 2.767033673599999929e+03 2.766960288199999923e+03 2.766887259199999789e+03 2.766814593199999763e+03 2.766742277000000286e+03 2.766670317199999772e+03 2.766598707199999808e+03 2.766527453600000172e+03 2.766456543199999942e+03 2.766385982599999807e+03 2.766315771800000221e+03 2.766245897599999807e+03 2.766176366600000165e+03 2.766107178799999929e+03 2.766038327600000230e+03 2.765969813000000158e+03 2.765901635000000169e+03 2.765833787000000029e+03 2.765766268999999738e+03 2.765699087599999984e+03 2.765632229599999846e+03 2.765565695000000233e+03 2.765499483800000235e+03 2.765433602600000086e+03 2.765368038200000228e+03 2.765302790600000208e+03 2.765237859800000024e+03 2.765173245800000132e+03 2.765108941999999843e+03 2.765044955000000300e+03 2.764981278199999906e+03 2.764917905000000246e+03 2.764854835399999956e+03 2.764792075999999724e+03 2.764729613599999993e+03 2.764667454800000087e+03 2.764605599600000005e+03
2.689463466379999772e+03 2.689359883340000124e+03 2.689256782760000078e+03 2.689154158700000153e+03 2.689052003899999818e+03 2.688950312420000046e+03 2.688849079640000127e+03 2.688748298959999829e+03 2.688647965760000261e+03 2.688548074759999963e+03 2.688448621340000045e+03 2.688349600879999798e+03 2.688251009419999718e+03 2.688152842999999848e+03 2.688055097659999774e+03 2.687957769439999993e+03 2.687860855699999775e+03 2.687764352480000070e+03 2.687668257139999696e+03 2.687572567039999740e+03 2.687477278880000085e+03 2.687382389360000161e+03 2.687287897820000126e+03 2.687193800959999862e+03 2.687116836379999768e+03 2.687023487299999942e+03 2.686930526959999952e+03 2.686837953379999817e+03 2.686745765239999855e+03 2.686653961219999928e+03 2.686562539340000058e+03 2.686471497620000264e+03 2.686380836060000092e+03 2.686290552020000177e+03 2.686200645500000064e+03 2.686111114520000228e+03 2.686021959079999760e+03 2.685933177200000046e+03 2.685844768219999878e+03 2.685756730820000030e+03 2.685669065659999887e+03 2.685581770100000085e+03 2.685494844800000010e+03 2.685408289099999820e+03 2.685322101019999991e+03 2.685236281219999910e+03 2.685150828379999894e+03 2.685065741840000101e+03 2.684981021600000076e+03 2.684896666999999979e+03
2.587773890479999864e+03 2.587715462659999957e+03 2.587657318640000085e+03 2.587599456439999813e+03 2.587541876060000050e+03 2.587484576180000204e+03 2.587427554820000296e+03 2.587370811320000030e+03 2.587314345020000019e+03 2.587258154600000125e+03 2.587202238740000212e+03 2.587146595459999844e+03 2.587091224759999932e+03 2.587036124660000041e+03 2.586981294500000331e+03 2.586926732960000209e+03 2.586872438060000150e+03 2.586818409139999858e+03 2.586764644880000105e+03 2.586711143959999845e+03 2.586657904400000007e+03 2.586604926200000136e+03 2.586552206719999958e+03 2.586499745959999927e+03 2.586447541280000223e+03 2.586395592679999936e+03 2.586343897520000155e+03 2.586292455140000129e+03 2.586241263559999879e+03 2.586190322120000019e+03 2.586139629499999955e+03 2.586089183720000165e+03 2.586038984119999895e+03 2.585989028720000078e+03 2.585939316200000121e+03 2.585889845900000182e+03 2.585840615179999986e+03 2.585791624039999988e+03 2.585742869839999912e+03 2.585694351919999917e+03 2.585646068959999866e+03 2.585598018980000234e+03 2.585550201320000269e+03 2.585502614660000290e+03 2.585455257020000317e+03 2.585408127079999758e+03 2.585361223519999839e+03 2.585314545680000265e+03 2.585268091580000146e+03 2.585221860560000096e+03
2.505889615699999922e+03 2.505815846179999880e+03 2.505742418540000017e+03 2.505669327499999781e+03 2.505596568439999828e+03 2.505524138060000041e+03 2.505452031740000166e+03 2.505380246180000086e+03 2.505308777419999842e+03 2.505237622820000070e+03 2.505166777760000059e+03 2.505096240920000128e+03 2.505026008339999862e+03 2.504956077379999897e+03 2.504886445399999957e+03 2.504817110420000063e+03 2.504748069140000098e+03 2.504679320239999925e+03 2.504610861740000018e+03 2.504542691000000104e+03 2.504474806700000045e+03 2.504407206859999860e+03 2.504339890159999868e+03 2.504272853960000248e+03 2.504206098260000090e+03 2.504149004960000184e+03 2.504082779899999878e+03 2.504016831379999985e+03 2.503951156760000231e+03 2.503885756700000002e+03 2.503820629220000228e+03 2.503755773660000159e+03 2.503691188700000112e+03 2.503626874340000086e+03 2.503562829259999944e+03 2.503499052140000003e+03 2.503435543640000105e+03 2.503372301779999816e+03 2.503309326560000045e+03 2.503246617979999883e+03 2.503184174060000259e+03 2.503121995460000107e+03 2.503060081520000040e+03 2.502998431580000215e+03 2.502937044979999882e+03 2.502875921719999951e+03 2.502815060479999829e+03 2.502754462580000109e+03 2.502694126039999901e+03 2.502634050860000116e+03
2.407498868959999982e+03 2.407460105180000028e+03 2.407421530159999747e+03 2.407383143240000209e+03 2.407344944420000047e+03 2.407306931720000193e+03 2.407269105139999738e+03 2.407231463359999907e+03 2.407194005719999950e+03 2.407156732219999867e+03 2.407119641539999975e+03 2.407082732360000136e+03 2.407046004020000055e+03 2.407009456520000185e+03 2.406973087880000094e+03 2.406936898099999780e+03 2.406900886519999858e+03 2.406865051159999894e+03 2.406829392019999887e+03 2.406793907780000154e+03 2.406758597779999945e+03 2.406723460700000032e+03 2.406688496539999960e+03 2.406653703980000046e+03 2.406619081700000152e+03 2.406584629039999982e+03 2.406550345340000149e+03 2.406516229280000061e+03 2.406482280199999877e+03 2.406448496779999914e+03 2.406414879020000171e+03 2.406381424940000215e+03 2.406348134540000046e+03 2.406315005840000140e+03 2.406282038840000041e+03 2.406249232220000067e+03 2.406216585319999922e+03 2.406184096819999922e+03 2.406151766060000227e+03 2.406119591720000244e+03 2.406087573140000131e+03 2.406055709000000206e+03 2.406023999300000014e+03 2.405992442719999872e+03 2.405961037940000097e+03 2.405929784299999938e+03 2.405898681140000008e+03 2.405867727140000170e+03 2.405836921640000128e+03 2.405806263320000198e+03
2.322302675899999940e+03 2.322258599780000168e+03 2.322214727600000060e+03 2.322171056059999955e+03 2.322127583179999874e+03 2.322084306319999996e+03 2.322041222840000046e+03 2.321998331419999886e+03 2.321955628759999854e+03 2.321913114200000109e+03 2.321870785099999921e+03 2.321828639479999765e+03 2.321786676019999959e+03 2.321744894060000206e+03 2.321703290299999935e+03 2.321661864080000214e+03 2.321620614739999837e+03 2.321579540300000190e+03 2.321538639440000225e+03 2.321497911500000100e+03 2.321457355160000134e+03 2.321416969100000188e+03 2.321376752659999966e+03 2.321336705180000081e+03 2.321296825999999783e+03 2.321257113799999843e+03 2.321219500400000015e+03 2.321180105660000208e+03 2.321140875919999871e+03 2.321101811179999913e+03 2.321062909459999901e+03 2.321024171420000130e+03 2.320985596399999849e+03 2.320947183740000128e+03 2.320908932119999918e+03 2.320870842860000266e+03 2.320832913979999830e+03 2.320795146139999815e+03 2.320757538020000084e+03 2.320720090280000022e+03 2.320682802259999789e+03 2.320645673299999999e+03 2.320608703400000195e+03 2.320571891900000082e+03 2.320535239459999957e+03 2.320498744760000136e+03 2.320462408460000006e+03 2.320426229239999884e+03 2.320390208419999908e+03 2.320354344020000099e+03
2.227218805040000007e+03 2.227199628740000207e+03 2.227180547479999859e+03 2.227161559279999892e+03 2.227142665459999989e+03 2.227123864700000013e+03 2.227105156999999963e+03 2.227086541040000156e+03 2.227068018139999822e+03 2.227049586319999889e+03 2.227031245579999904e+03 2.227012995919999867e+03 2.226994836679999935e+03 2.226976767860000109e+03 2.226958788139999797e+03 2.226940897519999908e+03 2.226923095999999987e+03 2.226905382259999897e+03 2.226887756959999933e+03 2.226870218120000118e+03 2.226852767060000133e+03 2.226835401800000000e+03 2.226818123000000014e+03 2.226800929999999880e+03 2.226783821479999915e+03 2.226766798099999960e+03 2.226749858539999877e+03 2.226733002800000122e+03 2.226716230219999943e+03 2.226699540800000250e+03 2.226682933219999995e+03 2.226666408139999930e+03 2.226649963580000076e+03 2.226633600860000115e+03 2.226617318000000068e+03 2.226601114999999936e+03 2.226584991860000173e+03 2.226568947260000186e+03 2.226552981859999818e+03 2.226537094339999840e+03 2.226521284039999955e+03 2.226505551620000006e+03 2.226489895100000012e+03 2.226474315139999817e+03 2.226458811080000032e+03 2.226443382920000204e+03 2.226428028679999898e+03 2.226412749019999865e+03 2.226397543940000105e+03 2.226382411460000185e+03
2.138712489559999995e+03 2.138698047440000209e+03 2.138683673300000009e+03 2.138669365820000166e+03 2.138655124339999929e+03 2.138640948199999912e+03 2.138626836739999817e+03 2.138612788639999962e+03 2.138598804560000190e+03 2.138584882520000065e+03 2.138571022520000042e+03 2.138557223899999826e+03 2.138543486000000030e+03 2.138529808820000198e+03 2.138516191040000194e+03 2.138502633319999859e+03 2.138489133680000123e+03 2.138475693440000214e+03 2.138462310620000153e+03 2.138448986540000078e+03 2.138435719220000010e+03 2.138422509319999790e+03 2.138409355520000190e+03 2.138396259139999984e+03 2.138383218859999943e+03 2.138370234019999771e+03 2.138354505559999780e+03 2.138338840460000029e+03 2.138326019300000098e+03 2.138313252259999899e+03 2.138300540660000024e+03 2.138287883840000177e+03 2.138275281140000061e+03 2.138262733219999973e+03 2.138250240079999912e+03 2.138237800400000197e+03 2.138225414840000212e+03 2.138213082740000118e+03 2.138200804760000210e+03 2.138188580240000192e+03 2.138176409180000064e+03 2.138164292240000123e+03 2.138152227439999933e+03 2.138140216759999930e+03 2.138128258879999976e+03 2.138116353800000070e+03 2.138104502180000054e+03 2.138092703360000087e+03 2.138080956679999872e+03 2.138069263460000002e+03
2.046921438810800055e+03 2.046921821102600006e+03 2.046922203506599999e+03 2.046922586016200057e+03 2.046922968624799978e+03 2.046923351325800013e+03 2.046923734125799911e+03 2.046924117004999971e+03 2.046924499969999943e+03 2.046924883000999898e+03 2.046925266111200017e+03 2.046925649287399892e+03 2.046926032529599979e+03 2.046926415831200075e+03 2.046926799185599975e+03 2.046927182599400112e+03 2.046927566059400078e+03 2.046927949565600102e+03 2.046928333117999955e+03 2.046928716716600093e+03 2.046929100354800084e+03 2.046929484032599930e+03 2.046929867750000085e+03 2.046930251500399891e+03 2.046930635283800029e+03 2.046931019093600071e+03 2.046931402942999966e+03 2.046931786818799992e+03 2.046932170727599896e+03 2.046932554662799930e+03 2.046932938624400094e+03 2.046933322612399934e+03 2.046933706626799903e+03 2.046934090667600003e+03 2.046934474734800006e+03 2.046934858821799935e+03 2.046935242935199994e+03 2.046935627081599932e+03 2.046936011241200049e+03 2.046936395433800044e+03 2.046936779646199966e+03 2.046937163885000018e+03 2.046937548143599997e+03 2.046937932428600107e+03 2.046938316739999891e+03 2.046938701077800033e+03 2.046939085435400102e+03 2.046939469819400074e+03 2.046939854223199973e+03 2.046940238653400002e+03
1.955106553639999902e+03 1.955121749480000062e+03 1.955136877339999955e+03 1.955151938539999946e+03 1.955166933080000035e+03 1.955181862279999905e+03 1.955196727459999920e+03 1.955211528620000081e+03 1.955226266420000002e+03 1.955240941519999978e+03 1.955255555239999921e+03 1.955270108239999900e+03 1.955284599860000071e+03 1.955299032079999961e+03 1.955313404239999954e+03 1.955327717659999962e+03 1.955341973000000053e+03 1.955356169599999930e+03 1.955370308779999959e+03 1.955384389880000072e+03 1.955398414880000018e+03 1.955412383119999959e+03 1.955426294599999892e+03 1.955440150639999956e+03 1.955453950580000082e+03 1.955467695079999885e+03 1.955481384140000046e+03 1.955481894320000038e+03 1.955495480419999922e+03 1.955509012400000074e+03 1.955522489599999972e+03 1.955535912679999910e+03 1.955549281639999890e+03 1.955562597139999980e+03 1.955575858520000111e+03 1.955589066439999897e+03 1.955602220900000020e+03 1.955615322560000095e+03 1.955628370099999984e+03 1.955641365500000120e+03 1.955654307439999911e+03 1.955667196580000109e+03 1.955680032259999962e+03 1.955692815800000062e+03 1.955705547199999955e+03 1.955718225139999959e+03 1.955730850939999982e+03 1.955743424600000026e+03 1.955755945460000021e+03 1.955768414180000036e+03
1.866633474440000100e+03 1.866653408420000005e+03 1.866673248020000074e+03 1.866692993899999919e+03 1.866712646059999997e+03 1.866732205159999921e+03 1.866751671199999919e+03 1.866771044840000059e+03 1.866790326739999955e+03 1.866809516900000062e+03 1.866828615979999995e+03 1.866847623979999980e+03 1.866866542219999928e+03 1.866885370039999998e+03 1.866904108100000030e+03 1.866922757060000094e+03 1.866941317580000032e+03 1.866959789660000069e+03 1.866978174620000118e+03 1.866996471140000040e+03 1.867014681200000041e+03 1.867032805459999963e+03 1.867050842599999896e+03 1.867068794600000047e+03 1.867086662120000028e+03 1.867104443839999931e+03 1.867122142400000030e+03 1.867139756479999960e+03 1.867157288059999928e+03 1.867174735820000024e+03 1.867192102400000067e+03 1.867209386479999921e+03 1.867226588720000109e+03 1.867243711099999928e+03 1.867260752299999922e+03 1.867277713640000002e+03 1.867294595119999940e+03 1.867311398060000101e+03 1.867328122460000031e+03 1.867344768319999957e+03 1.867361336960000017e+03 1.867377828379999983e+03 1.867394243239999923e+03 1.867410581540000067e+03 1.867426843940000026e+03 1.867443031100000098e+03 1.867459143680000125e+03 1.867475181679999878e+03 1.867491145100000040e+03 1.867507035919999907e+03
1.771531435760000022e+03 1.771576253059999999e+03 1.771620867080000153e+03 1.771665280460000076e+03 1.771709495179999976e+03 1.771753513879999900e+03 1.771797339199999897e+03 1.771840973119999944e+03 1.771884417620000022e+03 1.771927675339999951e+03 1.771970747600000095e+03 1.772013637040000049e+03 1.772056344319999880e+03 1.772098871420000023e+03 1.772141220320000002e+03 1.772183392339999955e+03 1.772225388139999950e+03 1.772267209699999967e+03 1.772308858339999915e+03 1.772350334719999864e+03 1.772391640820000021e+03 1.772432776639999929e+03 1.772473743499999955e+03 1.772514542059999940e+03 1.772555173640000021e+03 1.772595639560000109e+03 1.772635939159999907e+03 1.772676074420000077e+03 1.772695405819999905e+03 1.772735229559999880e+03 1.772774890939999977e+03 1.772814389299999903e+03 1.772853725960000020e+03 1.772892901579999943e+03 1.772931915500000059e+03 1.772970769040000050e+03 1.773009462200000144e+03 1.773047994980000112e+03 1.773086369359999935e+03 1.773124584019999929e+03 1.773162639619999936e+03 1.773200536820000025e+03 1.773238275619999968e+03 1.773275856679999833e+03 1.773313279340000008e+03 1.773350544919999948e+03 1.773387653419999879e+03 1.773424604840000029e+03 1.773461398520000103e+03 1.773498036439999851e+03
1.686347766859999865e+03 1.686387289640000063e+03 1.686426624319999974e+03 1.686465770239999983e+03 1.686504729380000072e+03 1.686543501740000011e+03 1.686582088639999938e+03 1.686620490079999854e+03 1.686658707379999896e+03 1.686696741859999975e+03 1.686734592860000021e+03 1.686772262360000013e+03 1.686809751020000022e+03 1.686847058840000045e+03 1.686884187800000063e+03 1.686921138559999918e+03 1.686957911120000063e+03 1.686994506799999954e+03 1.687030926919999956e+03 1.687067171480000070e+03 1.687103242460000047e+03 1.687139139859999887e+03 1.687174864999999954e+03 1.687210418540000092e+03 1.687245801799999981e+03 1.687281015439999919e+03 1.687316059459999906e+03 1.687350936499999989e+03 1.687385646559999941e+03 1.687420190300000058e+03 1.687454569040000024e+03 1.687488783439999906e+03 1.687522834820000071e+03 1.687556723839999904e+03 1.687590451159999930e+03 1.687624018760000126e+03 1.687657426640000040e+03 1.687690675459999966e+03 1.687723767200000111e+03 1.687756701860000021e+03 1.687789481419999902e+03 1.687822105220000140e+03 1.687854575240000031e+03 1.687886892799999941e+03 1.687919057900000098e+03 1.687951071859999956e+03 1.687982935340000040e+03 1.688014649660000032e+03 1.688046215480000001e+03 1.688077634119999857e+03
1.587945341419999977e+03 1.588019869940000035e+03 1.588094056580000142e+03 1.588167905960000098e+03 1.588241422699999930e+03 1.588314610760000051e+03 1.588387474760000032e+03 1.588460017339999922e+03 1.588532243119999976e+03 1.588604155400000081e+03 1.588675757479999902e+03 1.588747051999999940e+03 1.588818042260000084e+03 1.588888730899999928e+03 1.588959120559999974e+03 1.589029213880000043e+03 1.589099013499999955e+03 1.589168520740000076e+03 1.589237738900000068e+03 1.589306669300000067e+03 1.589375313920000053e+03 1.589443674079999937e+03 1.589511752419999993e+03 1.589579550259999905e+03 1.589647068259999969e+03 1.589714308399999936e+03 1.589781271999999944e+03 1.589847960380000131e+03 1.589914374200000111e+03 1.589952477979999912e+03 1.590018373699999984e+03 1.590083998820000033e+03 1.590149353340000062e+03 1.590214437919999909e+03 1.590279254540000011e+03 1.590343802540000070e+03 1.590408083900000065e+03 1.590472098619999997e+03 1.590535846700000093e+03 1.590599330120000104e+03 1.590662548219999962e+03 1.590725501659999964e+03 1.590788191760000018e+03 1.590850618519999898e+03 1.590912781940000059e+03 1.590974683339999956e+03 1.591036322059999975e+03 1.591097699420000026e+03 1.591158814760000041e+03 1.591219670059999999e+03
1.506075557600000138e+03 1.506134739139999965e+03 1.506193636879999985e+03 1.506252252799999951e+03 1.506310586900000089e+03 1.506368641160000152e+03 1.506426416899999822e+03 1.506483914120000009e+03 1.506541134800000009e+03 1.506598079599999892e+03 1.506654749840000022e+03 1.506711146840000083e+03 1.506767271919999985e+03 1.506823126400000092e+03 1.506878710940000019e+03 1.506934027519999972e+03 1.506989076139999952e+03 1.507043859440000006e+03 1.507098378079999975e+03 1.507152633379999997e+03 1.507206626659999984e+03 1.507260359240000071e+03 1.507313832440000169e+03 1.507367047579999962e+03 1.507420006640000111e+03 1.507472709619999932e+03 1.507525158500000089e+03 1.507577354600000035e+03 1.507629299899999978e+03 1.507680994400000145e+03 1.507732440740000129e+03 1.507783640240000068e+03 1.507834593560000030e+03 1.507885302019999926e+03 1.507935767599999963e+03 1.507985991620000050e+03 1.508035975400000098e+03 1.508085719600000175e+03 1.508135226859999875e+03 1.508184497839999949e+03 1.508233533200000011e+03 1.508282335580000108e+03 1.508330905640000083e+03 1.508379245359999913e+03 1.508427355400000124e+03 1.508475237740000011e+03 1.508522893039999872e+03 1.508570322619999843e+03 1.508617529119999972e+03 1.508664512540000032e+03
1.404363579320000099e+03 1.404467927959999997e+03 1.404571792820000155e+03 1.404675181159999966e+03 1.404778099579999889e+03 1.404880553360000022e+03 1.404982548439999846e+03 1.405084091420000050e+03 1.405185186260000137e+03 1.405285839560000113e+03 1.405386053960000027e+03 1.405485836060000111e+03 1.405585189160000027e+03 1.405684117219999962e+03 1.405782624200000100e+03 1.405880714059999946e+03 1.405978390759999911e+03 1.406075656279999976e+03 1.406172514580000097e+03 1.406268968299999869e+03 1.406365020740000091e+03 1.406460673880000058e+03 1.406555930359999820e+03 1.406650792819999879e+03 1.406745263239999986e+03 1.406839343600000120e+03 1.406933035880000034e+03 1.407026342059999934e+03 1.407119264120000025e+03 1.407211802719999923e+03 1.407268680199999835e+03 1.407360494779999954e+03 1.407451930519999905e+03 1.407542989399999897e+03 1.407633671420000155e+03 1.407723978559999978e+03 1.407813911480000115e+03 1.407903470839999954e+03 1.407992658619999929e+03 1.408081474160000198e+03 1.408169920100000127e+03 1.408257995779999874e+03 1.408345702520000032e+03 1.408433040979999987e+03 1.408520011160000195e+03 1.408606615039999951e+03 1.408692851960000098e+03 1.408778723240000090e+03 1.408864228879999928e+03 1.408949369540000134e+03
1.325823855200000025e+03 1.325902791200000138e+03 1.325981357600000138e+03 1.326059547800000018e+03 1.326137355200000002e+03 1.326214793000000100e+03 1.326291861200000085e+03 1.326368553199999951e+03 1.326444875600000159e+03 1.326520834999999806e+03 1.326596418199999789e+03 1.326671644999999899e+03 1.326746502199999895e+03 1.326821003000000019e+03 1.326895140800000036e+03 1.326968922199999952e+03 1.327042340599999989e+03 1.327115409200000158e+03 1.327188121400000000e+03 1.327260477199999968e+03 1.327332489800000076e+03 1.327404145999999855e+03 1.327475459000000001e+03 1.327546428799999831e+03 1.327617048800000020e+03 1.327687332200000128e+03 1.327757272400000147e+03 1.327826876000000084e+03 1.327896142999999938e+03 1.327965073400000165e+03 1.328033673800000088e+03 1.328101937599999928e+03 1.328169878000000153e+03 1.328237481799999841e+03 1.328304768800000147e+03 1.328371725800000149e+03 1.328438359400000081e+03 1.328504676200000176e+03 1.328570676199999980e+03 1.328636352800000168e+03 1.328701719199999843e+03 1.328766768800000136e+03 1.328831508199999917e+03 1.328895937400000093e+03 1.328960056399999985e+03 1.329023871800000052e+03 1.329087383600000067e+03 1.329150591800000029e+03 1.329213496400000167e+03 1.329276104000000032e+03
1.220780367200000001e+03 1.220914677199999915e+03 1.221048353599999928e+03 1.221181416200000058e+03 1.221313858400000072e+03 1.221445699999999988e+03 1.221576947600000040e+03 1.221707601199999999e+03 1.221837673999999879e+03 1.221967179199999919e+03 1.222096110200000112e+03 1.222224480200000016e+03 1.222352295799999865e+03 1.222479557000000113e+03 1.222606276999999864e+03 1.222732455800000025e+03 1.222858093400000143e+03 1.222983209600000009e+03 1.223107791200000065e+03 1.223231858000000102e+03 1.223355396800000108e+03 1.223478427399999873e+03 1.223600943200000074e+03 1.223722950800000035e+03 1.223844456799999989e+03 1.223965454599999930e+03 1.224085957400000098e+03 1.224205958600000031e+03 1.224325464800000191e+03 1.224444482599999901e+03 1.224563005399999838e+03 1.224638674400000127e+03 1.224756273200000123e+03 1.224873383600000125e+03 1.224990012199999910e+03 1.225106152400000155e+03 1.225221817399999964e+03 1.225337000600000010e+03 1.225451708600000075e+03 1.225565941399999929e+03 1.225679692400000022e+03 1.225792974799999911e+03 1.225905782000000045e+03 1.226018113999999969e+03 1.226129977399999916e+03 1.226241365599999881e+03 1.226352291799999875e+03 1.226462742799999887e+03 1.226572725200000150e+03 1.226682238999999981e+03
1.145596783999999843e+03 1.145695619000000079e+03 1.145793985400000111e+03 1.145891876599999932e+03 1.145989299200000005e+03 1.146086253200000101e+03 1.146182745199999999e+03 1.146278768600000149e+03 1.146374330000000100e+03 1.146469429400000081e+03 1.146564066800000091e+03 1.146658255400000144e+03 1.146751981999999998e+03 1.146845253200000116e+03 1.146938075600000047e+03 1.147030449200000021e+03 1.147122367400000030e+03 1.147213850000000093e+03 1.147304877200000192e+03 1.147395468799999890e+03 1.147485624800000096e+03 1.147575338600000123e+03 1.147664610199999970e+03 1.147753452800000105e+03 1.147841866400000072e+03 1.147929850999999871e+03 1.148017399999999952e+03 1.148104533199999878e+03 1.148191237399999864e+03 1.148277519199999915e+03 1.148363385200000039e+03 1.148448835400000007e+03 1.148533869800000048e+03 1.148618488399999933e+03 1.148702697799999896e+03 1.148786497999999938e+03 1.148869895599999836e+03 1.148952890600000046e+03 1.149035483000000113e+03 1.149117672800000037e+03 1.149199466600000051e+03 1.149280870999999934e+03 1.149361872800000128e+03 1.149442491799999971e+03 1.149522721399999909e+03 1.149602561599999945e+03 1.149682018999999855e+03 1.149761093600000095e+03 1.149839791999999989e+03 1.149918114199999991e+03
1.037213550800000121e+03 1.037378049200000078e+03 1.037541762199999994e+03 1.037704709600000115e+03 1.037866891399999986e+03 1.038028320800000074e+03 1.038189010999999937e+03 1.038348968600000035e+03 1.038508206799999925e+03 1.038666732200000069e+03 1.038824551400000018e+03 1.038981677600000012e+03 1.039138117400000056e+03 1.039293870800000150e+03 1.039448957600000085e+03 1.039603371199999856e+03 1.039757131399999935e+03 1.039910231599999861e+03 1.040062678400000095e+03 1.040214491599999974e+03 1.040365658000000167e+03 1.040516190800000004e+03 1.040666096599999946e+03 1.040815375399999994e+03 1.040964033799999925e+03 1.041112078399999973e+03 1.041259502599999905e+03 1.041406319600000188e+03 1.041552535999999918e+03 1.041698138599999993e+03 1.041843147199999976e+03 1.041987548600000082e+03 1.042082205799999883e+03 1.042225478599999860e+03 1.042368163999999979e+03 1.042510255400000005e+03 1.042651759399999946e+03 1.042792682600000035e+03 1.042933018400000037e+03 1.043072773400000187e+03 1.043211941000000024e+03 1.043350534400000015e+03 1.043488553600000159e+03 1.043625991999999997e+03 1.043762856199999987e+03 1.043899146199999905e+03 1.044034861999999976e+03 1.044170003599999973e+03 1.044304577599999902e+03 1.044438583999999992e+03
9.653993666000001213e+02 9.655182589999999436e+02 9.656365903999999318e+02 9.657543542000000798e+02 9.658715503999999328e+02 9.659881855999999516e+02 9.661042664000001423e+02 9.662197796000000380e+02 9.663347450000001118e+02 9.664491493999998966e+02 9.665630060000000867e+02 9.666763081999999940e+02 9.667890625999998520e+02 9.669012758000001213e+02 9.670129412000001139e+02 9.671240653999998358e+02 9.672346549999999752e+02 9.673447034000000713e+02 9.674542171999999027e+02 9.675631964000001517e+02 9.676716476000001421e+02 9.677795708000001014e+02 9.678869660000000295e+02 9.679938397999999324e+02 9.681001922000000377e+02 9.682060298000001239e+02 9.683113459999999577e+02 9.684161540000000059e+02 9.685204472000000351e+02 9.686242321999998239e+02 9.687275156000000607e+02 9.688302908000000571e+02 9.689325643999998192e+02 9.690343430000000353e+02 9.691356199999997898e+02 9.692364086000000043e+02 9.693367021999999906e+02 9.694365139999999883e+02 9.695358308000002125e+02 9.696346723999999995e+02 9.697330322000000251e+02 9.698309102000000621e+02 9.699283130000001165e+02 9.700252471999999671e+02 9.701217061999998350e+02 9.702177031999999599e+02 9.703132249999998749e+02 9.704082913999998254e+02 9.705028957999998056e+02 9.705970448000000488e+02
8.536651549999999133e+02 8.538601387999999588e+02 8.540541788000000452e+02 8.542472749999999451e+02 8.544394603999999163e+02 8.546307349999999587e+02 8.548211186000000907e+02 8.550106178000000909e+02 8.551992523999999776e+02 8.553870289999999841e+02 8.555739542000001165e+02 8.557600477999999384e+02 8.559453164000001379e+02 8.561297666000000390e+02 8.563134050000001025e+02 8.564962447999998858e+02 8.566782992000000831e+02 8.568595616000000064e+02 8.570400518000001284e+02 8.572197764000000006e+02 8.573987288000000717e+02 8.575769287999999051e+02 8.577543829999999616e+02 8.579310848000000078e+02 8.581070540000000619e+02 8.582822839999998905e+02 8.584567813999999544e+02 8.586305528000000322e+02 8.588036048000001301e+02 8.589759439999997994e+02 8.591475637999999435e+02 8.593184773999998924e+02 8.594886782000000949e+02 8.596304593999998360e+02 8.597714750000000095e+02 8.599396429999999327e+02 8.601071179999999003e+02 8.602738999999999123e+02 8.604399890000001960e+02 8.606053916000000754e+02 8.607701078000000052e+02 8.609341441999999915e+02 8.610974941999998009e+02 8.612601643999998942e+02 8.614221548000000439e+02 8.615834654000000228e+02 8.617441027999998369e+02 8.619040669999999409e+02 8.620633514000001014e+02 8.622219691999998759e+02
7.852421300000000883e+02 7.853812645999998949e+02 7.855197458000000097e+02 7.856575603999999657e+02 7.857947149999999965e+02 7.859312161999998807e+02 7.860670640000000731e+02 7.862022650000001249e+02 7.863368059999997968e+02 7.864707068000000163e+02 7.866039608000000953e+02 7.867365746000000399e+02 7.868685416000000714e+02 7.869998749999999745e+02 7.871305681999999706e+02 7.872606344000000718e+02 7.873900669999998172e+02 7.875188659999998890e+02 7.876470446000000720e+02 7.877745961999999054e+02 7.879015340000000833e+02 7.880278448000001390e+02 7.881535418000000845e+02 7.882786249999999200e+02 7.884031009999998787e+02 7.885269697999999607e+02 7.886502314000001661e+02 7.887728858000000400e+02 7.888949461999998221e+02 7.890164059999999608e+02 7.891372718000000077e+02 7.892575501999999688e+02 7.893772412000000713e+02 7.894963382000000820e+02 7.896148610000000190e+02 7.897327963999998701e+02 7.898501575999998749e+02 7.899669446000000335e+02 7.900831574000001183e+02 7.901988092000001416e+02 7.903138868000000912e+02 7.904284033999999792e+02 7.905423655999998118e+02 7.906557668000000376e+02 7.907686136000002080e+02 7.908809059999998681e+02 7.909926572000001670e+02 7.911038605999999618e+02 7.912145161999999345e+02 7.913246371999998701e+02
6.701151884000000791e+02 6.703409875999998349e+02 6.705656648000001496e+02 6.707892266000001200e+02 6.710116993999999977e+02 6.712331030000000283e+02 6.714534439999999904e+02 6.716727487999999084e+02 6.718910240000000158e+02 6.721082894000001033e+02 6.723245515999999498e+02 6.725398304000000280e+02 6.727541389999998955e+02 6.729674840000000131e+02 6.731798785999999382e+02 6.733913359999999102e+02 6.736018627999999353e+02 6.738114721999997982e+02 6.740201707999999599e+02 6.742279717999999775e+02 6.744348818000000847e+02 6.746409008000000540e+02 6.748460486000001310e+02 6.750503252000000884e+02 6.752537438000001657e+02 6.754563043999999081e+02 6.756580135999997765e+02 6.758588846000000103e+02 6.760589107999999214e+02 6.762581053999999767e+02 6.764564749999999549e+02 6.766540196000000833e+02 6.768507392000001346e+02 6.770466536000001270e+02 6.772417495999998209e+02 6.773743633999999929e+02 6.775679281999998693e+02 6.777606943999999203e+02 6.779526620000001458e+02 6.781438376000000972e+02 6.783342212000000018e+02 6.785238127999998596e+02 6.787126189999999042e+02 6.789006398000001354e+02 6.790878751999998713e+02 6.792743384000000333e+02 6.794600161999999273e+02 6.796449218000000201e+02 6.798290486000000783e+02 6.800124098000001140e+02
6.051295754000000215e+02 6.052891634000000067e+02 6.054479923999999755e+02 6.056060689999999340e+02 6.057633997999998883e+02 6.059199782000000596e+02 6.060758107999999993e+02 6.062308975999999348e+02 6.063852451999998721e+02 6.065388536000000386e+02 6.066917161999999735e+02 6.068438527999999224e+02 6.069952567999998791e+02 6.071459215999998378e+02 6.072958669999998165e+02 6.074450864000000365e+02 6.075935798000000432e+02 6.077413538000000699e+02 6.078884150000001227e+02 6.080347567999999683e+02 6.081803924000000734e+02 6.083253151999999773e+02 6.084695318000001407e+02 6.086130421999998816e+02 6.087558530000001156e+02 6.088979707999999391e+02 6.090393890000000283e+02 6.091801141999999345e+02 6.093201530000001185e+02 6.094595054000001255e+02 6.095981780000001891e+02 6.097361642000000757e+02 6.098734772000000248e+02 6.100101170000000366e+02 6.101460836000001109e+02 6.102813836000000265e+02 6.104160236000000168e+02 6.105499969999998484e+02 6.106833103999999821e+02 6.108159704000001966e+02 6.109479770000000372e+02 6.110793367999999646e+02 6.112100497999999789e+02 6.113401226000000861e+02 6.114695552000000589e+02 6.115983475999998973e+02 6.117265129999998408e+02 6.118540447999998833e+02 6.119809496000000308e+02 6.121072340000000622e+02
4.865751943999998730e+02 4.868322643999999855e+02 4.870880078000000140e+02 4.873424575999999888e+02 4.875956269999999222e+02 4.878475358000000597e+02 4.880982103999999708e+02 4.883476706000001286e+02 4.885959296000000904e+02 4.888430072000001019e+02 4.890889232000001812e+02 4.893336973999998918e+02 4.895773297999999158e+02 4.898198534000000564e+02 4.900612748000000920e+02 4.903016072000000349e+02 4.905408637999998973e+02 4.907790511999999126e+02 4.910161957999998776e+02 4.912522976000000199e+02 4.914873763999999028e+02 4.917214321999999811e+02 4.919544781999998122e+02 4.921865210000000843e+02 4.924175803999999061e+02 4.926476497999999538e+02 4.928767490000000180e+02 4.931048846000001049e+02 4.933320565999999872e+02 4.935582781999999042e+02 4.937835493999998562e+02 4.940078834000000825e+02 4.942312801999999010e+02 4.944537530000000061e+02 4.946752951999999368e+02 4.948959199999999328e+02 4.950481357999999545e+02 4.952670247999999447e+02 4.954850096000000121e+02 4.957020901999999296e+02 4.959182665999999244e+02 4.961335586000000148e+02 4.963479529999999613e+02 4.965614563999999973e+02 4.967740754000001289e+02 4.969858099999999013e+02 4.971966668000000027e+02 4.974066457999999784e+02 4.976157470000000558e+02 4.978239770000000135e+02
4.250285378000000946e+02 4.252087903999999980e+02 4.253881916000000274e+02 4.255667479999999614e+02 4.257444595999998000e+02 4.259213330000000042e+02 4.260973681999998917e+02 4.262725717999999233e+02 4.264469372000000931e+02 4.266204709999999523e+02 4.267931731999999556e+02 4.269650570000001153e+02 4.271361157999999705e+02 4.273063495999999759e+02 4.274757650000001377e+02 4.276443620000000010e+02 4.278121538000000328e+02 4.279791271999999935e+02 4.281452953999998954e+02 4.283106583999999657e+02 4.284752227999999832e+02 4.286389820000001691e+02 4.288019492000000810e+02 4.289641243999999460e+02 4.291255009999999857e+02 4.292860987999999907e+02 4.294459045999999489e+02 4.296049315999998726e+02 4.297631797999999890e+02 4.299206558000000769e+02 4.300773595999999088e+02 4.302332912000001670e+02 4.303884571999999480e+02 4.305428641999999400e+02 4.306965056000001368e+02 4.308493946000000960e+02 4.310015312000000449e+02 4.311529219999999896e+02 4.313035603999999239e+02 4.314534595999998601e+02 4.316026196000000255e+02 4.317510469999999714e+02 4.318987351999999191e+02 4.320456974000001082e+02 4.321919336000000840e+02 4.323374503999998524e+02 4.324822411999998621e+02 4.326263257999999041e+02 4.327696909999999662e+02 4.329123499999998330e+02
3.030795853999998144e+02 3.033685861999999815e+02 3.036560360000000856e+02 3.039419678000001568e+02 3.042264013999999861e+02 3.045093631999998252e+02 3.047908862000001591e+02 3.050709902000000966e+02 3.053497015999998894e+02 3.056270402000000104e+02 3.059030258000000231e+02 3.061776781999999457e+02 3.064510303999998087e+02 3.067230824000000666e+02 3.069938671999998405e+02 3.072633914000000459e+02 3.075316813999997976e+02 3.077987504000000172e+02 3.080646050000000287e+02 3.083292716000000837e+02 3.085927567999999610e+02 3.088550803999999061e+02 3.091162423999999191e+02 3.093762692000000243e+02 3.096351674000000003e+02 3.098929436000000806e+02 3.101496110000000499e+02 3.104051762000001418e+02 3.106596590000001470e+02 3.109130593999998382e+02 3.111653839999999036e+02 3.114166459999999006e+02 3.116668586000000687e+02 3.119160152000001744e+02 3.121641290000000026e+02 3.124112132000000202e+02 3.126572677999999996e+02 3.128291119999998955e+02 3.130732195999999021e+02 3.133163174000001163e+02 3.135584053999998559e+02 3.137994902000000366e+02 3.140395783999999821e+02 3.142786699999999200e+02 3.145167716000000837e+02 3.147538832000000184e+02 3.149900179999999636e+02 3.152251693999999134e+02 3.154593439999998736e+02 3.156925484000000779e+02
2.449844252000000324e+02 2.451855403999998089e+02 2.453857249999998658e+02 2.455849658000001909e+02 2.457832826000001205e+02 2.459806687999998758e+02 2.461771243999999115e+02 2.463726560000000063e+02 2.465672635999999329e+02 2.467609537999999247e+02 2.469537266000002091e+02 2.471455820000001040e+02 2.473365200000000641e+02 2.475265538000001015e+02 2.477156767999999829e+02 2.479038956000001690e+02 2.480912101999999777e+02 2.482776206000000911e+02 2.484631400000000667e+02 2.486477617999998984e+02 2.488314992000000530e+02 2.490143390000000636e+02 2.491963009999999485e+02 2.493773720000001504e+02 2.495575718000000052e+02 2.497368871999999556e+02 2.499153313999997863e+02 2.500929109999999582e+02 2.502696194000000105e+02 2.504454631999999492e+02 2.506204490000000078e+02 2.507945702000001802e+02 2.509678466000000299e+02 2.511402649999999994e+02 2.513118386000001010e+02 2.514825739999998859e+02 2.516524646000000303e+02 2.518215170000000853e+02 2.519897311999998237e+02 2.521571203999999398e+02 2.523236845999999787e+02 2.524894237999999405e+02 2.526543446000000586e+02 2.528184469999998782e+02 2.529817375999998603e+02 2.531442230000000109e+02 2.533058966000000964e+02 2.534667782000001353e+02 2.536268546000001152e+02 2.537861390000000483e+02
1.195773829999998270e+02 1.198991924000001745e+02 1.202191801999999825e+02 1.205373793999999634e+02 1.208538295999999264e+02 1.211685571999998956e+02 1.214816083999999137e+02 1.217929963999999927e+02 1.221027607999999418e+02 1.224109346000000187e+02 1.227175376000000142e+02 1.230225961999999527e+02 1.233261368000000857e+02 1.236281857999999829e+02 1.239287630000001172e+02 1.242278948000000582e+02 1.245256009999998241e+02 1.248219013999998879e+02 1.251168092000000343e+02 1.254103573999998389e+02 1.257025591999999961e+02 1.259934211999998297e+02 1.262829764000000523e+02 1.265712247999999818e+02 1.268581927999998697e+02 1.271438870000001771e+02 1.274283272000000125e+02 1.277115200000000641e+02 1.279934852000001229e+02 1.282742293999999674e+02 1.285537657999998373e+02 1.288321075999999721e+02 1.291092613999999230e+02 1.293852337999999236e+02 1.296600445999999920e+02 1.299336938000001282e+02 1.302061879999998837e+02 1.304775403999999526e+02 1.306687159999999039e+02 1.309379233999998178e+02 1.312060022000000572e+02 1.314729655999999522e+02 1.317388268000001972e+02 1.320035792000001038e+02 1.322672359999999117e+02 1.325297972000000755e+02 1.327912693999999192e+02 1.330516658000001371e+02 1.333109732000000349e+02 1.335692180000000917e+02
3.935189975000000231e+03 3.934988391200000024e+03 3.934787777600000027e+03 3.934588120999999774e+03 3.934389427999999953e+03 3.934191692000000330e+03 3.933994912999999997e+03 3.933799084400000083e+03 3.933604199599999902e+03 3.933410265200000140e+03 3.933217267999999876e+03 3.933025214600000254e+03 3.932834091799999896e+03 3.932643906199999947e+03 3.932454644600000393e+03 3.932266313600000103e+03 3.932078899999999976e+03 3.931892410399999790e+03 3.931706838199999765e+03 3.931522170199999891e+03 3.931338419600000179e+03 3.931155566600000384e+03 3.930973617800000284e+03 3.930792566600000100e+03 3.930612412999999833e+03 3.930433150400000159e+03 3.930254772199999934e+03 3.930077278400000068e+03 3.929900662399999874e+03 3.929724924199999805e+03 3.929550057200000083e+03 3.929376054800000020e+03 3.929202923599999849e+03 3.929030650400000013e+03 3.928859235200000057e+03 3.928688671400000203e+03 3.928518958999999995e+03 3.928350091399999656e+03 3.928182061999999860e+03 3.928014870799999699e+03 3.927848517800000081e+03 3.927682989800000087e+03 3.927518293399999948e+03 3.927354415400000107e+03 3.927191355799999656e+03 3.927029107999999724e+03 3.926867678600000090e+03 3.926707047799999600e+03 3.926547222199999851e+03 3.926388195200000155e+03
4.069330592599999818e+03 4.068974555599999803e+03 4.068620815400000083e+03 4.068269319200000155e+03 4.067920034000000214e+03 4.067572893800000202e+03 4.067227865599999859e+03 4.066884896599999593e+03 4.066543953800000054e+03 4.066204991000000064e+03 4.065867962000000261e+03 4.065532840400000168e+03 4.065199586599999748e+03 4.064868160999999873e+03 4.064538537200000064e+03 4.064210675600000286e+03 4.063884549800000059e+03 4.063560120199999801e+03 4.063237366999999722e+03 4.062916263799999797e+03 4.062596777599999768e+03 4.062278888599999846e+03 4.061962563799999771e+03 4.061647783399999753e+03 4.061334527600000001e+03 4.061022776599999816e+03 4.060712504000000081e+03 4.060403690000000097e+03 4.060096314800000073e+03 4.059790365199999997e+03 4.059548462000000200e+03 4.059245185400000082e+03 4.058943274999999630e+03 4.058642724199999975e+03 4.058343513199999961e+03 4.058045635399999810e+03 4.057749071000000185e+03 4.057453813399999945e+03 4.057159836199999972e+03 4.056867145999999593e+03 4.056575722999999925e+03 4.056285554000000047e+03 4.055996632400000180e+03 4.055708944999999858e+03 4.055422491799999989e+03 4.055137252999999873e+03 4.054853228599999966e+03 4.054570412000000033e+03 4.054288783399999829e+03 4.054008349400000043e+03
3.755547967399999834e+03 3.755366447600000356e+03 3.755185805600000094e+03 3.755006028199999946e+03 3.754827121999999690e+03 3.754649080400000003e+03 3.754471903399999974e+03 3.754295591000000059e+03 3.754120130000000245e+03 3.753945520400000078e+03 3.753771768800000245e+03 3.753598861999999826e+03 3.753426800000000185e+03 3.753255582799999956e+03 3.753085197200000039e+03 3.752915656399999989e+03 3.752746940600000016e+03 3.752579056399999899e+03 3.752411997199999860e+03 3.752245762999999897e+03 3.752080347199999778e+03 3.751915749799999958e+03 3.751751964199999748e+03 3.751588983800000278e+03 3.751426815199999965e+03 3.751265445200000158e+03 3.751104873799999950e+03 3.750945094400000016e+03 3.750786113600000135e+03 3.750627918199999840e+03 3.750470508200000040e+03 3.750313876999999593e+03 3.750158024600000317e+03 3.750002944400000160e+03 3.749848636400000032e+03 3.749695094000000154e+03 3.749542317200000070e+03 3.749390299400000004e+03 3.749239034000000174e+03 3.749088520999999673e+03 3.748938760399999865e+03 3.748789745600000060e+03 3.748641470000000027e+03 3.748493926999999985e+03 3.748347123200000169e+03 3.748201045400000112e+03 3.748055700200000047e+03 3.747911074399999961e+03 3.747767168000000311e+03 3.747623980999999731e+03
3.885540557599999829e+03 3.885220371800000066e+03 3.884902152800000295e+03 3.884585854399999789e+03 3.884271443599999657e+03 3.883958874199999627e+03 3.883648119800000131e+03 3.883339127600000211e+03 3.883031877800000075e+03 3.882726324199999908e+03 3.882422440400000141e+03 3.882120200000000295e+03 3.881819563399999879e+03 3.881520510800000011e+03 3.881223009199999979e+03 3.880927032200000212e+03 3.880632560000000012e+03 3.880339559600000030e+03 3.880048011200000019e+03 3.879757888399999956e+03 3.879469178000000284e+03 3.879181860200000301e+03 3.878895902000000206e+03 3.878611296799999764e+03 3.878328018199999860e+03 3.878046053000000029e+03 3.877765387999999803e+03 3.877486003400000300e+03 3.877207879399999911e+03 3.876931009400000221e+03 3.876712430599999607e+03 3.876437903600000027e+03 3.876164597599999979e+03 3.875892486199999894e+03 3.875621562799999992e+03 3.875351814200000263e+03 3.875083233800000016e+03 3.874815814999999930e+03 3.874549538000000211e+03 3.874284396199999719e+03 3.874020389600000271e+03 3.873757505000000037e+03 3.873495729199999914e+03 3.873235062199999902e+03 3.872975497399999767e+03 3.872717021599999953e+03 3.872459634800000003e+03 3.872203323800000362e+03 3.871948095199999898e+03 3.871693929199999729e+03
3.575863772599999720e+03 3.575702092399999856e+03 3.575541184400000020e+03 3.575381061800000225e+03 3.575221711400000004e+03 3.575063139800000044e+03 3.574905333799999880e+03 3.574748300000000199e+03 3.574592031799999859e+03 3.574436522599999989e+03 3.574281778999999915e+03 3.574127787800000078e+03 3.573974549000000025e+03 3.573822069199999987e+03 3.573670328600000175e+03 3.573519340400000146e+03 3.573369091399999888e+03 3.573219581600000311e+03 3.573070804399999815e+03 3.572922766400000000e+03 3.572775454399999944e+03 3.572628868400000101e+03 3.572483008400000017e+03 3.572337867799999913e+03 3.572193446600000243e+03 3.572049738200000320e+03 3.571906742600000143e+03 3.571764446600000156e+03 3.571622863399999915e+03 3.571481973199999629e+03 3.571341789199999766e+03 3.571202291599999626e+03 3.571063486999999895e+03 3.570925368799999887e+03 3.570787937000000056e+03 3.570651185000000169e+03 3.570515112799999770e+03 3.570379713799999990e+03 3.570244981400000142e+03 3.570110922200000005e+03 3.569977523000000019e+03 3.569844783800000187e+03 3.569712704600000052e+03 3.569581278799999836e+03 3.569450506399999995e+03 3.569320374199999605e+03 3.569190888799999811e+03 3.569062043599999924e+03 3.568933838599999945e+03 3.568806267200000093e+03
3.701772183799999766e+03 3.701486449999999877e+03 3.701202399199999945e+03 3.700920004999999946e+03 3.700639214599999832e+03 3.700360014800000044e+03 3.700082366000000093e+03 3.699806235199999719e+03 3.699531602600000042e+03 3.699258428600000116e+03 3.698986699999999928e+03 3.698716383799999676e+03 3.698447447000000011e+03 3.698179882999999791e+03 3.697913658800000121e+03 3.697648754599999847e+03 3.697385150600000088e+03 3.697122827000000143e+03 3.696861764000000221e+03 3.696601941799999622e+03 3.696343347199999698e+03 3.696085953799999970e+03 3.695829761599999983e+03 3.695574737599999935e+03 3.695320875200000046e+03 3.695068167800000083e+03 3.694816589000000022e+03 3.694566132200000084e+03 3.694316790800000035e+03 3.694068545000000086e+03 3.693821381599999768e+03 3.693626648599999953e+03 3.693381531200000154e+03 3.693137476400000196e+03 3.692894464399999833e+03 3.692652495199999976e+03 3.692411562199999935e+03 3.692171645600000375e+03 3.691932751999999709e+03 3.691694861599999967e+03 3.691457981000000018e+03 3.691222090400000070e+03 3.690987196399999902e+03 3.690753279200000179e+03 3.690520352000000003e+03 3.690288388400000258e+03 3.690057401600000048e+03 3.689827378400000271e+03 3.689598312199999782e+03 3.689370209599999725e+03
3.396175584800000252e+03 3.396033566000000064e+03 3.395892233600000054e+03 3.395751594200000000e+03 3.395611634599999888e+03 3.395472354800000176e+03 3.395333761400000185e+03 3.395195841200000359e+03 3.395058587600000010e+03 3.394922013800000059e+03 3.394786106599999584e+03 3.394650865999999951e+03 3.394516285400000015e+03 3.394382371400000011e+03 3.394249110799999926e+03 3.394116503600000215e+03 3.393984549799999968e+03 3.393853249400000095e+03 3.393722589200000129e+03 3.393592575799999850e+03 3.393463202599999931e+03 3.393334469599999920e+03 3.393206370200000038e+03 3.393078897800000050e+03 3.392952059000000190e+03 3.392825840599999992e+03 3.392700249200000144e+03 3.392575278199999957e+03 3.392450921000000108e+03 3.392327177600000141e+03 3.392204047999999602e+03 3.392081525600000077e+03 3.391959603799999968e+03 3.391838282600000184e+03 3.391717561999999816e+03 3.391597442000000228e+03 3.391477902799999811e+03 3.391358964199999718e+03 3.391240606399999706e+03 3.391122829400000228e+03 3.391005633200000375e+03 3.390889017800000147e+03 3.390772969999999987e+03 3.390657496400000127e+03 3.390542590399999881e+03 3.390428245399999923e+03 3.390314467999999579e+03 3.390201245000000199e+03 3.390088576399999965e+03 3.389976462200000242e+03
3.517982729600000312e+03 3.517730537000000368e+03 3.517479769999999917e+03 3.517230415399999856e+03 3.516982433600000149e+03 3.516735798199999863e+03 3.516490496000000348e+03 3.516246487399999751e+03 3.516003752599999643e+03 3.515762278400000014e+03 3.515522031800000150e+03 3.515282992999999806e+03 3.515045155400000112e+03 3.514808479400000124e+03 3.514572958400000061e+03 3.514338579199999913e+03 3.514105315400000109e+03 3.513873153800000182e+03 3.513642074600000342e+03 3.513412071200000355e+03 3.513183130399999754e+03 3.512955232399999659e+03 3.512728364000000056e+03 3.512502518600000258e+03 3.512277676400000018e+03 3.512053837399999793e+03 3.511830981799999790e+03 3.511609102999999777e+03 3.511388187800000196e+03 3.511168236200000138e+03 3.510949228399999811e+03 3.510776611999999659e+03 3.510559392799999841e+03 3.510343097599999965e+03 3.510127726400000029e+03 3.509913259400000243e+03 3.509699703199999931e+03 3.509487044599999990e+03 3.509275283599999966e+03 3.509064406999999846e+03 3.508854408199999853e+03 3.508645293800000218e+03 3.508437057199999799e+03 3.508229678599999716e+03 3.508023171199999979e+03 3.507817528399999901e+03 3.507612736999999925e+03 3.507408803600000283e+03 3.507205721599999833e+03 3.507003484400000161e+03
3.216435837799999717e+03 3.216313275800000156e+03 3.216191314400000010e+03 3.216069940399999723e+03 3.215949160399999982e+03 3.215828974400000334e+03 3.215709369199999855e+03 3.215590351400000145e+03 3.215471914400000060e+03 3.215354058200000054e+03 3.215236782800000128e+03 3.215120081600000049e+03 3.215003948000000037e+03 3.214888388600000326e+03 3.214773396800000228e+03 3.214658965999999964e+03 3.214545096199999989e+03 3.214431794000000082e+03 3.214319039599999996e+03 3.214206846199999745e+03 3.214095207200000004e+03 3.213984109400000307e+03 3.213873559399999976e+03 3.213763557199999923e+03 3.213654096199999913e+03 3.213545169799999712e+03 3.213436778000000231e+03 3.213328927399999884e+03 3.213221598199999789e+03 3.213114797000000181e+03 3.213008523800000148e+03 3.212902771999999914e+03 3.212797541599999931e+03 3.212692825999999968e+03 3.212588618599999791e+03 3.212484932600000320e+03 3.212381748199999947e+03 3.212279065400000036e+03 3.212176890799999910e+03 3.212075217800000246e+03 3.211974039800000355e+03 3.211873350200000004e+03 3.211773162200000115e+03 3.211673455999999987e+03 3.211574238199999854e+03 3.211475508800000171e+03 3.211377254600000015e+03 3.211279482200000075e+03 3.211182178399999884e+03 3.211085356399999910e+03
3.334190496799999892e+03 3.333971145800000158e+03 3.333753002600000400e+03 3.333536047399999916e+03 3.333320247199999812e+03 3.333105595399999856e+03 3.332892058999999790e+03 3.332679624800000056e+03 3.332468273000000409e+03 3.332257977199999914e+03 3.332048730800000158e+03 3.331840507400000206e+03 3.331633300399999825e+03 3.331427090000000135e+03 3.331221856399999979e+03 3.331017592999999579e+03 3.330814280000000053e+03 3.330611910800000260e+03 3.330410465599999952e+03 3.330209937800000262e+03 3.330010314199999812e+03 3.329811588200000187e+03 3.329613746600000013e+03 3.329416776199999731e+03 3.329220670400000017e+03 3.329025422599999729e+03 3.328831019600000218e+03 3.328637461400000120e+03 3.328444734800000333e+03 3.328252833200000168e+03 3.328061743400000069e+03 3.327910570400000324e+03 3.327721031600000060e+03 3.327532291399999849e+03 3.327344343200000367e+03 3.327157186999999794e+03 3.326970816199999717e+03 3.326785224199999902e+03 3.326600404400000116e+03 3.326416356799999903e+03 3.326233081399999719e+03 3.326050565000000006e+03 3.325868814200000088e+03 3.325687815799999953e+03 3.325507569800000056e+03 3.325328076200000396e+03 3.325149335000000065e+03 3.324971332999999959e+03 3.324794076799999857e+03 3.324617559799999981e+03
3.036649343000000044e+03 3.036546046399999796e+03 3.036443244799999775e+03 3.036340951399999994e+03 3.036239152999999988e+03 3.036137856199999987e+03 3.036037047799999982e+03 3.035936740999999984e+03 3.035836916000000201e+03 3.035737586000000192e+03 3.035638744400000178e+03 3.035540384599999925e+03 3.035442506600000343e+03 3.035345103799999833e+03 3.035248189400000228e+03 3.035151743599999918e+03 3.035055773000000045e+03 3.034960270999999921e+03 3.034865237600000000e+03 3.034770672800000284e+03 3.034676570000000083e+03 3.034582929199999853e+03 3.034489750400000048e+03 3.034397026999999980e+03 3.034304759000000104e+03 3.034212939799999731e+03 3.034121576000000005e+03 3.034030654400000003e+03 3.033940181599999960e+03 3.033850144400000318e+03 3.033760556000000179e+03 3.033671396600000207e+03 3.033582679399999961e+03 3.033494397800000115e+03 3.033406538600000204e+03 3.033319115000000238e+03 3.033232113799999752e+03 3.033145535000000109e+03 3.033059378599999945e+03 3.032973637999999937e+03 3.032888319799999863e+03 3.032803410800000165e+03 3.032718910999999935e+03 3.032634826999999859e+03 3.032551145599999927e+03 3.032467873399999917e+03 3.032384997199999816e+03 3.032302523599999859e+03 3.032220452600000044e+03 3.032138770999999906e+03
3.150370141400000193e+03 3.150183044599999903e+03 3.149996951000000081e+03 3.149811847400000261e+03 3.149627707399999963e+03 3.149444517799999630e+03 3.149262258799999927e+03 3.149080917199999931e+03 3.148900479799999630e+03 3.148720926799999688e+03 3.148542244999999639e+03 3.148364421199999924e+03 3.148187448800000311e+03 3.148011308000000099e+03 3.147835985599999731e+03 3.147661474999999882e+03 3.147487769600000320e+03 3.147314849600000343e+03 3.147142714999999953e+03 3.146971346000000267e+03 3.146800742599999921e+03 3.146630885000000035e+03 3.146461779799999931e+03 3.146293413800000053e+03 3.146125773800000388e+03 3.145958859800000027e+03 3.145792665199999647e+03 3.145627176799999688e+03 3.145462394600000152e+03 3.145298311999999896e+03 3.145134928999999829e+03 3.144972225800000160e+03 3.144842700799999875e+03 3.144681304400000045e+03 3.144520581199999924e+03 3.144360531199999969e+03 3.144201154399999723e+03 3.144042437600000085e+03 3.143884387399999923e+03 3.143726990600000136e+03 3.143570247199999812e+03 3.143414163800000097e+03 3.143258720599999833e+03 3.143103930799999944e+03 3.142949787800000195e+03 3.142796278400000119e+03 3.142643415800000184e+03 3.142491193400000157e+03 3.142339604599999802e+03 3.142188649400000031e+03
2.856819050600000082e+03 2.856734841200000119e+03 2.856651034399999844e+03 2.856567643400000179e+03 2.856484661599999981e+03 2.856402082399999927e+03 2.856319905800000015e+03 2.856238131799999792e+03 2.856156760400000167e+03 2.856075784999999996e+03 2.855995205600000190e+03 2.855915022199999839e+03 2.855835234799999853e+03 2.855755836799999997e+03 2.855676828199999818e+03 2.855598202399999991e+03 2.855519965999999840e+03 2.855442112400000042e+03 2.855364634999999907e+03 2.855287540399999671e+03 2.855210822000000007e+03 2.855134479800000008e+03 2.855058513800000128e+03 2.854982917399999678e+03 2.854907690600000024e+03 2.854832826800000021e+03 2.854758332599999903e+03 2.854684201399999893e+03 2.854610433199999989e+03 2.854537021399999958e+03 2.854463966000000255e+03 2.854391266999999971e+03 2.854318924400000014e+03 2.854246931599999698e+03 2.854175288599999931e+03 2.854103988800000025e+03 2.854033038800000213e+03 2.853962425400000029e+03 2.853892161799999940e+03 2.853822234799999933e+03 2.853752644400000008e+03 2.853683390600000166e+03 2.853614466800000173e+03 2.853545873000000029e+03 2.853477615799999967e+03 2.853409681999999975e+03 2.853342078199999833e+03 2.853274791199999981e+03 2.853207834199999979e+03 2.853141187400000035e+03
2.966551125800000136e+03 2.966395880600000055e+03 2.966241447200000039e+03 2.966087812400000075e+03 2.965934969599999931e+03 2.965782898999999816e+03 2.965631580799999938e+03 2.965481014999999843e+03 2.965331181800000195e+03 2.965182074599999851e+03 2.965033673599999929e+03 2.964885978799999975e+03 2.964738970399999744e+03 2.964592648400000144e+03 2.964446999599999799e+03 2.964302010800000062e+03 2.964157675399999789e+03 2.964013993399999890e+03 2.963870945000000120e+03 2.963728536799999802e+03 2.963586749000000054e+03 2.963445581599999969e+03 2.963305028000000220e+03 2.963165081600000121e+03 2.963025735799999893e+03 2.962886983999999757e+03 2.962748826199999712e+03 2.962611255799999981e+03 2.962474266199999875e+03 2.962337857399999848e+03 2.962202016199999889e+03 2.962066749200000231e+03 2.961957605000000058e+03 2.961823413799999798e+03 2.961689783599999828e+03 2.961556707799999913e+03 2.961424192999999832e+03 2.961292226000000028e+03 2.961160806800000046e+03 2.961029928800000107e+03 2.960899605200000224e+03 2.960769816200000150e+03 2.960640568400000120e+03 2.960511861800000133e+03 2.960383689799999956e+03 2.960256059000000278e+03 2.960128956200000175e+03 2.960002381400000104e+03 2.959876341199999843e+03 2.959750829000000067e+03
2.676952430479999748e+03 2.676887163079999937e+03 2.676822214459999941e+03 2.676757582639999782e+03 2.676693267619999915e+03 2.676629266760000064e+03 2.676565579399999933e+03 2.676502203559999998e+03 2.676439137920000121e+03 2.676376381820000006e+03 2.676313931959999991e+03 2.676251788340000076e+03 2.676189949640000123e+03 2.676128412560000015e+03 2.676067177760000050e+03 2.676006241940000109e+03 2.675945604439999897e+03 2.675885263940000186e+03 2.675825217800000246e+03 2.675765465360000235e+03 2.675706005300000015e+03 2.675646834979999767e+03 2.675587953740000103e+03 2.675529359600000134e+03 2.675471050579999883e+03 2.675413026019999961e+03 2.675355283280000094e+03 2.675297821699999986e+03 2.675240639300000112e+03 2.675183734759999879e+03 2.675127105439999923e+03 2.675070751340000243e+03 2.675014669159999812e+03 2.674958858899999996e+03 2.674903317920000063e+03 2.674848044899999877e+03 2.674793038520000209e+03 2.674738297460000013e+03 2.674683819079999921e+03 2.674629602720000094e+03 2.674575647059999937e+03 2.674521949460000087e+03 2.674468509260000246e+03 2.674415324479999981e+03 2.674362394459999905e+03 2.674309716560000197e+03 2.674257289459999811e+03 2.674205112499999814e+03 2.674153183700000227e+03 2.674101501740000003e+03
2.782714356200000111e+03 2.782590606199999911e+03 2.782467496400000073e+03 2.782345013600000129e+03 2.782223144600000069e+03 2.782101882800000112e+03 2.781981221600000026e+03 2.781861141200000020e+03 2.781741641600000094e+03 2.781622709599999780e+03 2.781504338599999755e+03 2.781386521999999786e+03 2.781269246599999860e+03 2.781152505799999744e+03 2.781036299599999893e+03 2.780920614799999839e+03 2.780805451400000038e+03 2.780690796200000023e+03 2.780576649200000247e+03 2.780462997200000245e+03 2.780349846799999796e+03 2.780237178200000017e+03 2.780125004600000011e+03 2.780013306199999988e+03 2.779902089600000181e+03 2.779791341600000123e+03 2.779681062199999815e+03 2.779571251400000165e+03 2.779461902600000030e+03 2.779353009200000088e+03 2.779244577800000116e+03 2.779136595200000102e+03 2.779029067999999825e+03 2.778940377200000057e+03 2.778833701399999882e+03 2.778727467799999886e+03 2.778621682999999848e+03 2.778516333800000211e+03 2.778411420200000066e+03 2.778306942199999867e+03 2.778202899800000068e+03 2.778099293000000216e+03 2.777996115200000077e+03 2.777893372999999883e+03 2.777791053200000079e+03 2.777689162399999987e+03 2.777587700600000062e+03 2.777486661200000071e+03 2.777386050799999794e+03 2.777285862799999904e+03
2.497061295980000068e+03 2.497014855079999961e+03 2.496968641219999881e+03 2.496922653739999987e+03 2.496876891979999982e+03 2.496831353959999888e+03 2.496786039019999862e+03 2.496740945839999767e+03 2.496696074420000059e+03 2.496651422120000007e+03 2.496606989599999906e+03 2.496562774219999937e+03 2.496518775319999804e+03 2.496474992240000120e+03 2.496431422999999995e+03 2.496388067599999886e+03 2.496344924060000267e+03 2.496301991719999933e+03 2.496259269260000110e+03 2.496216756020000048e+03 2.496174449359999926e+03 2.496132349940000040e+03 2.496090455120000115e+03 2.496048764900000151e+03 2.496007277300000169e+03 2.495965991659999872e+03 2.495924907319999875e+03 2.495884021639999901e+03 2.495843334619999951e+03 2.495802844939999886e+03 2.495762550620000184e+03 2.495722451659999933e+03 2.495682546739999907e+03 2.495642833880000126e+03 2.495603313080000135e+03 2.495563981700000113e+03 2.495524840399999903e+03 2.495485886540000138e+03 2.495447119460000067e+03 2.495408538499999850e+03 2.495370142339999802e+03 2.495331929659999787e+03 2.495293899140000121e+03 2.495256050120000054e+03 2.495218381939999745e+03 2.495180891959999826e+03 2.495143580840000141e+03 2.495106446599999799e+03 2.495069487920000029e+03 2.495032704799999919e+03
2.598858818839999913e+03 2.598766292780000185e+03 2.598674237960000028e+03 2.598582647119999820e+03 2.598491512340000099e+03 2.598400825700000041e+03 2.598310579940000025e+03 2.598220768459999817e+03 2.598131384000000253e+03 2.598042421279999871e+03 2.597953873700000258e+03 2.597865735320000113e+03 2.597778000860000247e+03 2.597690665040000113e+03 2.597603723239999908e+03 2.597517170179999994e+03 2.597431001240000114e+03 2.597345213120000153e+03 2.597259801199999856e+03 2.597174760859999878e+03 2.597090089459999945e+03 2.597005783699999938e+03 2.596921838960000059e+03 2.596838253259999874e+03 2.596755023300000175e+03 2.596672146439999779e+03 2.596589619379999931e+03 2.596507440139999744e+03 2.596425606740000148e+03 2.596344115880000118e+03 2.596262966239999969e+03 2.596182155840000178e+03 2.596101682700000310e+03 2.596032663200000115e+03 2.595952829599999859e+03 2.595873327979999885e+03 2.595794157679999898e+03 2.595715316719999919e+03 2.595636803779999809e+03 2.595558618200000183e+03 2.595480758000000151e+03 2.595403223180000168e+03 2.595326011760000256e+03 2.595249123080000118e+03 2.595172556479999912e+03 2.595096311299999797e+03 2.595020385560000250e+03 2.594944779920000201e+03 2.594869493059999968e+03 2.594794524320000164e+03
2.317137911899999835e+03 2.317110216319999836e+03 2.317082656040000074e+03 2.317055232380000234e+03 2.317027942700000040e+03 2.317000787659999787e+03 2.316973766600000090e+03 2.316946878199999901e+03 2.316920122460000130e+03 2.316893498060000184e+03 2.316867004339999767e+03 2.316840641300000243e+03 2.316814408279999952e+03 2.316788303960000121e+03 2.316762328339999840e+03 2.316736480099999881e+03 2.316710758579999947e+03 2.316685163120000198e+03 2.316659693720000178e+03 2.316634349060000204e+03 2.316609128479999981e+03 2.316584031320000122e+03 2.316559057580000172e+03 2.316534205280000151e+03 2.316509474420000060e+03 2.316484864340000058e+03 2.316460374379999848e+03 2.316436003220000202e+03 2.316411751520000053e+03 2.316387616640000033e+03 2.316363599899999826e+03 2.316339698660000067e+03 2.316315914239999984e+03 2.316292244000000210e+03 2.316268688600000132e+03 2.316245247379999910e+03 2.316221918360000018e+03 2.316198702199999843e+03 2.316175597580000158e+03 2.316152603839999756e+03 2.316129720320000160e+03 2.316106947020000007e+03 2.316084281960000226e+03 2.316061725800000204e+03 2.316039277220000258e+03 2.316016935560000093e+03 2.315994700159999866e+03 2.315972570360000191e+03 2.315950546160000158e+03 2.315928625579999789e+03
2.414993819719999919e+03 2.414932332800000040e+03 2.414871157399999902e+03 2.414810287580000022e+03 2.414749718720000146e+03 2.414689445539999724e+03 2.414629464080000162e+03 2.414569769059999999e+03 2.414510357180000028e+03 2.414451223160000154e+03 2.414392364360000101e+03 2.414333776160000070e+03 2.414275455259999944e+03 2.414217399019999903e+03 2.414159602820000146e+03 2.414102064679999785e+03 2.414044781300000068e+03 2.413987750700000106e+03 2.413930968919999941e+03 2.413874433980000049e+03 2.413818144559999837e+03 2.413762096699999802e+03 2.413706289740000102e+03 2.413650721040000008e+03 2.413595388619999994e+03 2.413540291159999924e+03 2.413485426679999819e+03 2.413430793200000153e+03 2.413376389399999880e+03 2.413322214620000068e+03 2.413268266879999828e+03 2.413214544859999933e+03 2.413161047239999789e+03 2.413107773360000010e+03 2.413058390839999902e+03 2.413005541340000036e+03 2.412952912279999964e+03 2.412900503660000140e+03 2.412848313500000131e+03 2.412796341140000095e+03 2.412744587239999873e+03 2.412693049160000101e+03 2.412641727560000163e+03 2.412590621119999923e+03 2.412539730500000132e+03 2.412489053719999902e+03 2.412438590780000141e+03 2.412388341020000098e+03 2.412338304439999774e+03 2.412288481040000079e+03
2.137212056119999943e+03 2.137203060979999918e+03 2.137194112040000164e+03 2.137185207319999790e+03 2.137176348800000142e+03 2.137167534499999874e+03 2.137158764419999898e+03 2.137150039220000053e+03 2.137141358240000045e+03 2.137132721479999873e+03 2.137124128280000150e+03 2.137115578639999967e+03 2.137107071899999937e+03 2.137098608719999902e+03 2.137090187780000178e+03 2.137081810399999995e+03 2.137073474599999827e+03 2.137065181039999970e+03 2.137056929719999971e+03 2.137048719979999987e+03 2.137040551160000177e+03 2.137032423919999928e+03 2.137024338260000150e+03 2.137016292199999953e+03 2.137008287720000226e+03 2.137000322840000081e+03 2.136992398219999814e+03 2.136984513200000038e+03 2.136976667779999843e+03 2.136968861960000140e+03 2.136961095080000177e+03 2.136953366480000113e+03 2.136945677480000086e+03 2.136938026100000116e+03 2.136930413000000044e+03 2.136922838179999871e+03 2.136915300980000211e+03 2.136907801400000153e+03 2.136900338779999856e+03 2.136892913120000230e+03 2.136885524419999911e+03 2.136878172019999965e+03 2.136870855919999940e+03 2.136863576119999834e+03 2.136856332620000103e+03 2.136849124100000154e+03 2.136841951219999828e+03 2.136834813980000035e+03 2.136827711060000183e+03 2.136820643779999955e+03
2.231105595200000153e+03 2.231075051719999919e+03 2.231044662020000032e+03 2.231014424120000058e+03 2.230984336040000017e+03 2.230954395140000088e+03 2.230924598779999997e+03 2.230894944980000218e+03 2.230865431759999865e+03 2.230836056480000025e+03 2.230806818479999947e+03 2.230777715119999812e+03 2.230748744420000094e+03 2.230719905720000042e+03 2.230691196379999838e+03 2.230662615740000092e+03 2.230634162479999759e+03 2.230605833959999927e+03 2.230577630839999983e+03 2.230549550480000107e+03 2.230521591560000161e+03 2.230493754080000144e+03 2.230466036719999920e+03 2.230438438159999805e+03 2.230410957739999958e+03 2.230383594139999786e+03 2.230356346699999904e+03 2.230329215419999855e+03 2.230302198979999957e+03 2.230275296060000073e+03 2.230248507320000044e+03 2.230221831440000187e+03 2.230195267760000206e+03 2.230168815619999805e+03 2.230142475019999893e+03 2.230112370440000177e+03 2.230086242360000142e+03 2.230060223840000162e+03 2.230034314219999942e+03 2.230008514820000073e+03 2.229982823660000122e+03 2.229957241399999930e+03 2.229931766719999814e+03 2.229906400280000071e+03 2.229881141419999949e+03 2.229855990139999903e+03 2.229830945780000093e+03 2.229806008340000062e+03 2.229781177819999812e+03 2.229756453559999954e+03
1.957276195400000006e+03 1.957285880899999938e+03 1.957295520860000124e+03 1.957305116600000019e+03 1.957314666799999941e+03 1.957324173440000095e+03 1.957333635200000117e+03 1.957343052740000076e+03 1.957352426720000039e+03 1.957361757140000009e+03 1.957371043999999983e+03 1.957380287960000032e+03 1.957389488360000087e+03 1.957398646520000057e+03 1.957407761780000101e+03 1.957416835459999902e+03 1.957425866240000005e+03 1.957434855440000092e+03 1.957443803059999937e+03 1.957452709760000062e+03 1.957461574879999944e+03 1.957470399079999879e+03 1.957479182360000095e+03 1.957487926040000048e+03 1.957496628800000053e+03 1.957505291960000022e+03 1.957513914860000114e+03 1.957522498820000010e+03 1.957531043180000097e+03 1.957539548599999989e+03 1.957548015079999914e+03 1.957556442620000098e+03 1.957564832539999998e+03 1.957573184179999998e+03 1.957581497540000100e+03 1.957589773939999986e+03 1.957598012059999974e+03 1.957606213880000041e+03 1.957614378080000051e+03 1.957622505320000073e+03 1.957630596920000016e+03 1.957638651559999971e+03 1.957646670560000075e+03 1.957654653260000032e+03 1.957662600319999910e+03 1.957670512400000007e+03 1.957678388840000025e+03 1.957686230960000103e+03 1.957694037440000102e+03 1.957701809599999933e+03
2.047251947373800022e+03 2.047252262873600102e+03 2.047252578340400078e+03 2.047252893813800029e+03 2.047253209340000012e+03 2.047253524958600110e+03 2.047253840715799925e+03 2.047254156651199992e+03 2.047254472791199987e+03 2.047254789175399992e+03 2.047255105843400088e+03 2.047255422808399999e+03 2.047255740116600009e+03 2.047256057781200070e+03 2.047256375841800036e+03 2.047256694311600086e+03 2.047257013210399919e+03 2.047257332571200095e+03 2.047257652400599909e+03 2.047257972724999945e+03 2.047258293557599927e+03 2.047258614911600034e+03 2.047258936806799966e+03 2.047259259249799925e+03 2.047259582253800090e+03 2.047259905831999959e+03 2.047260229990999960e+03 2.047260554744000046e+03 2.047260880090999990e+03 2.047261206038599994e+03 2.047261532593400034e+03 2.047261859768600061e+03 2.047262187557600100e+03 2.047262515960399924e+03 2.047262844990199937e+03 2.047263174640399939e+03 2.047252062807800030e+03 2.047252395018799916e+03 2.047252727863399969e+03 2.047253061321800033e+03 2.047253395400600084e+03 2.047253730099799895e+03 2.047254065412799946e+03 2.047254401339600008e+03 2.047254737866999903e+03 2.047255074995000086e+03 2.047255412723600102e+03 2.047255751039600000e+03 2.047256089943000006e+03 2.047256429420599943e+03
1.777343079620000026e+03 1.777371461599999975e+03 1.777399707619999845e+03 1.777427819000000000e+03 1.777455795079999916e+03 1.777483637840000029e+03 1.777511346620000040e+03 1.777538923399999931e+03 1.777566367520000085e+03 1.777593680960000029e+03 1.777620863059999920e+03 1.777647915139999895e+03 1.777674837860000025e+03 1.777701631880000150e+03 1.777728297860000112e+03 1.777754836459999979e+03 1.777781247679999979e+03 1.777807533499999863e+03 1.777833694579999928e+03 1.777859730260000106e+03 1.777885641860000078e+03 1.777911430699999983e+03 1.777937096780000047e+03 1.777962640759999886e+03 1.777988063960000090e+03 1.778013367040000048e+03 1.778038549999999987e+03 1.778063613499999974e+03 1.778088558859999921e+03 1.778113386739999896e+03 1.778138097799999969e+03 1.778162692039999911e+03 1.778187171439999929e+03 1.778211535339999955e+03 1.778235785060000126e+03 1.778259921920000124e+03 1.778283945260000110e+03 1.778307857060000060e+03 1.778331656659999908e+03 1.778355346039999858e+03 1.778378925200000140e+03 1.778402394799999911e+03 1.778425755499999923e+03 1.778449008620000086e+03 1.778472153499999877e+03 1.778495192119999956e+03 1.778518124480000097e+03 1.778540951240000140e+03 1.778563673059999928e+03 1.778586290599999984e+03
1.863379571479999868e+03 1.863410769020000089e+03 1.863441811460000054e+03 1.863472702099999879e+03 1.863503442919999998e+03 1.863534037220000073e+03 1.863564485659999946e+03 1.863594792200000029e+03 1.863624958820000074e+03 1.863654986179999923e+03 1.863684878239999989e+03 1.863714635000000044e+03 1.863744259099999908e+03 1.863773752520000016e+03 1.863803115919999982e+03 1.863832351940000081e+03 1.863861461239999926e+03 1.863890445139999883e+03 1.863919306280000001e+03 1.863948043999999982e+03 1.863976660939999874e+03 1.864005157099999906e+03 1.864033534460000055e+03 1.864061793020000096e+03 1.864089935420000074e+03 1.864117960340000081e+03 1.864145870419999937e+03 1.864173665660000097e+03 1.864201346719999947e+03 1.864228914920000079e+03 1.864256370260000040e+03 1.864283714059999966e+03 1.864310945660000016e+03 1.864338067039999942e+03 1.864365077539999902e+03 1.864391978480000034e+03 1.864418769859999884e+03 1.864426476019999882e+03 1.864453061480000088e+03 1.864479538699999921e+03 1.864505908340000133e+03 1.864532170400000041e+03 1.864558324879999873e+03 1.864584372439999925e+03 1.864610313740000038e+03 1.864636148119999916e+03 1.864661876240000083e+03 1.864687498759999926e+03 1.864713015020000057e+03 1.864738426339999933e+03
1.597415236580000055e+03 1.597462369159999980e+03 1.597509275359999947e+03 1.597555955179999955e+03 1.597602410599999985e+03 1.597648642279999876e+03 1.597694650879999926e+03 1.597740437720000045e+03 1.597786004119999916e+03 1.597831350740000062e+03 1.597876478899999938e+03 1.597921389919999910e+03 1.597966084460000047e+03 1.598010563840000032e+03 1.598054829380000001e+03 1.598098881740000024e+03 1.598142722240000012e+03 1.598186352199999874e+03 1.598229772279999906e+03 1.598272983800000020e+03 1.598315988739999966e+03 1.598358787099999972e+03 1.598401380199999949e+03 1.598443769360000033e+03 1.598485955899999908e+03 1.598527941139999939e+03 1.598569725739999967e+03 1.598611311019999903e+03 1.598652698299999884e+03 1.598693888900000047e+03 1.598734882819999939e+03 1.598775682700000061e+03 1.598816289200000028e+03 1.598856702980000136e+03 1.598896925360000068e+03 1.598936958320000031e+03 1.598976801860000023e+03 1.599016457299999956e+03 1.599055926620000037e+03 1.599095209820000036e+03 1.599134308879999935e+03 1.599173224460000029e+03 1.599211957219999931e+03 1.599250509139999849e+03 1.599288881540000148e+03 1.599327074419999917e+03 1.599365089099999977e+03 1.599402927560000080e+03 1.599440589799999998e+03 1.599478077140000096e+03
1.679507165839999971e+03 1.679569304840000086e+03 1.679631131659999937e+03 1.679692652239999916e+03 1.679753871859999890e+03 1.679814795799999956e+03 1.679875428020000072e+03 1.679935773140000038e+03 1.679995836439999948e+03 1.680055620560000079e+03 1.680115130780000072e+03 1.680174370400000043e+03 1.680233343379999951e+03 1.680292052360000071e+03 1.680350500640000064e+03 1.680408692179999889e+03 1.680466628959999980e+03 1.680524314939999840e+03 1.680581751440000062e+03 1.680638941759999852e+03 1.680695887880000100e+03 1.680752592439999944e+03 1.680809057420000045e+03 1.680865285459999996e+03 1.680921277220000093e+03 1.680977035339999929e+03 1.681032561139999871e+03 1.681087857259999964e+03 1.681142923699999983e+03 1.681197763099999975e+03 1.681252376120000008e+03 1.681306764079999994e+03 1.681360928959999910e+03 1.681414870759999985e+03 1.681468591459999971e+03 1.681522091719999935e+03 1.681575372199999947e+03 1.681628433560000076e+03 1.681654859299999998e+03 1.681707508160000089e+03 1.681759940540000116e+03 1.681812157100000150e+03 1.681864158500000030e+03 1.681915945400000055e+03 1.681967518460000065e+03 1.682018877680000060e+03 1.682070024379999950e+03 1.682120959220000032e+03 1.682171680879999940e+03 1.682222191999999950e+03
1.417511083580000104e+03 1.417577045300000009e+03 1.417642688899999939e+03 1.417708015039999964e+03 1.417773026360000131e+03 1.417837722859999985e+03 1.417902106519999961e+03 1.417966179320000037e+03 1.418029941920000056e+03 1.418093396299999995e+03 1.418156543779999993e+03 1.418219385679999959e+03 1.418281923320000033e+03 1.418344158679999964e+03 1.418406093739999960e+03 1.418467728499999794e+03 1.418529065600000195e+03 1.418590107020000005e+03 1.418650852759999907e+03 1.418711306120000017e+03 1.418771467099999882e+03 1.418831338340000002e+03 1.418890921159999834e+03 1.418950216879999971e+03 1.419009227479999936e+03 1.419067954279999867e+03 1.419126398599999902e+03 1.419184562420000020e+03 1.419242447719999973e+03 1.419300055159999829e+03 1.419357386720000022e+03 1.419414444380000077e+03 1.419471229459999904e+03 1.419527743279999868e+03 1.419583987160000106e+03 1.419639963739999985e+03 1.419695673680000027e+03 1.419751118959999985e+03 1.419806300239999928e+03 1.419861220819999971e+03 1.419915880699999889e+03 1.419970282519999955e+03 1.420024426940000012e+03 1.420078315279999970e+03 1.420131950179999876e+03 1.420185332300000027e+03 1.420238463619999948e+03 1.420291345460000002e+03 1.420343978480000033e+03 1.420396365320000086e+03
1.495630730899999890e+03 1.495723913000000039e+03 1.495816623200000095e+03 1.495908868759999905e+03 1.496000658259999909e+03 1.496091998960000183e+03 1.496182899440000028e+03 1.496273364979999997e+03 1.496363403500000004e+03 1.496453020279999919e+03 1.496542223240000112e+03 1.496631016340000087e+03 1.496719405520000009e+03 1.496807396719999815e+03 1.496894995220000055e+03 1.496982204319999937e+03 1.497069029960000080e+03 1.497155476099999987e+03 1.497241546700000072e+03 1.497327245720000064e+03 1.497412576459999855e+03 1.497497543540000152e+03 1.497582148940000025e+03 1.497666396619999887e+03 1.497750289879999855e+03 1.497833830699999908e+03 1.497917022380000162e+03 1.497999867559999984e+03 1.498082368220000035e+03 1.498164526340000066e+03 1.498246344560000125e+03 1.498327824199999895e+03 1.498408968560000176e+03 1.498489777640000057e+03 1.498570254740000109e+03 1.498650400519999948e+03 1.498730216299999938e+03 1.498809703399999989e+03 1.498888864459999922e+03 1.498933960939999906e+03 1.499012502919999861e+03 1.499090720839999904e+03 1.499168616680000014e+03 1.499246190440000191e+03 1.499323443440000119e+03 1.499400376340000093e+03 1.499476990459999797e+03 1.499553285800000140e+03 1.499629263020000053e+03 1.499704923440000130e+03
1.237622781799999984e+03 1.237707697400000143e+03 1.237792203799999925e+03 1.237876294400000006e+03 1.237959982399999944e+03 1.238043267799999967e+03 1.238126143999999840e+03 1.238208624200000031e+03 1.238290701800000079e+03 1.238372383400000217e+03 1.238453668999999991e+03 1.238534558599999855e+03 1.238615052200000036e+03 1.238695162999999866e+03 1.238774877800000013e+03 1.238854209799999808e+03 1.238933152399999926e+03 1.239011718799999926e+03 1.239089902400000028e+03 1.239167703200000005e+03 1.239245127799999864e+03 1.239322182800000064e+03 1.239398861600000146e+03 1.239475164200000108e+03 1.239551103799999964e+03 1.239626673799999935e+03 1.239701880800000026e+03 1.239776724800000011e+03 1.239851205800000116e+03 1.239925323800000115e+03 1.239999092000000019e+03 1.240072497199999816e+03 1.240145552599999974e+03 1.240218258200000037e+03 1.240290614000000005e+03 1.240362620000000106e+03 1.240434282799999892e+03 1.240505602400000043e+03 1.240576585400000113e+03 1.240647225199999866e+03 1.240717521799999986e+03 1.240787488400000029e+03 1.240857124999999996e+03 1.240926425000000108e+03 1.240995394999999917e+03 1.241064041600000110e+03 1.241132358199999999e+03 1.241200351400000045e+03 1.241268021200000021e+03 1.241335374199999933e+03
1.311762139400000024e+03 1.311886555999999928e+03 1.312010332400000152e+03 1.312133488400000033e+03 1.312256017400000019e+03 1.312377945799999907e+03 1.312499280199999930e+03 1.312620020599999862e+03 1.312740186799999947e+03 1.312859785399999964e+03 1.312978822999999920e+03 1.313097306200000048e+03 1.313215248200000133e+03 1.313332655600000180e+03 1.313449528399999963e+03 1.313565879799999948e+03 1.313681709800000135e+03 1.313797031600000082e+03 1.313911851800000022e+03 1.314026170399999955e+03 1.314139994000000115e+03 1.314253322600000047e+03 1.314366175999999996e+03 1.314478540999999950e+03 1.314590437400000155e+03 1.314701852000000144e+03 1.314812804600000163e+03 1.314923295199999984e+03 1.315033317200000056e+03 1.315142883799999936e+03 1.315251995000000079e+03 1.315360650800000030e+03 1.315468864400000029e+03 1.315576622600000064e+03 1.315683938600000147e+03 1.315790812400000050e+03 1.315897250600000007e+03 1.316003240000000005e+03 1.316108800400000064e+03 1.316213925199999949e+03 1.316277760400000034e+03 1.316382060200000069e+03 1.316485930999999937e+03 1.316589366199999859e+03 1.316692379000000074e+03 1.316794962800000121e+03 1.316897124200000007e+03 1.316998863199999960e+03 1.317100173199999972e+03 1.317201060800000050e+03
1.057764478999999938e+03 1.057868488399999933e+03 1.057972002800000155e+03 1.058075008999999909e+03 1.058177520199999890e+03 1.058279536400000097e+03 1.058381057600000076e+03 1.058482083800000055e+03 1.058582621600000039e+03 1.058682671000000028e+03 1.058782232000000022e+03 1.058881311199999800e+03 1.058979908600000044e+03 1.059078024200000073e+03 1.059175664599999891e+03 1.059272829799999954e+03 1.059369519800000035e+03 1.059465741200000139e+03 1.059561494000000039e+03 1.059656778199999962e+03 1.059751600399999916e+03 1.059845967199999905e+03 1.059939865400000144e+03 1.060033314799999971e+03 1.060126302199999827e+03 1.060218847399999959e+03 1.060310937199999898e+03 1.060402578199999880e+03 1.060493777000000136e+03 1.060584526999999980e+03 1.060674841400000105e+03 1.060764720200000056e+03 1.060854163399999834e+03 1.060943170999999893e+03 1.061031749600000012e+03 1.061119899199999963e+03 1.061207619799999975e+03 1.061294918000000052e+03 1.061381800399999975e+03 1.061468260399999963e+03 1.061554298000000017e+03 1.061639926400000149e+03 1.061725145599999905e+03 1.061809955600000194e+03 1.061894356400000106e+03 1.061978348000000096e+03 1.062061943599999950e+03 1.062145136600000114e+03 1.062227926999999909e+03 1.062310328000000027e+03
1.127894963599999983e+03 1.128050862199999983e+03 1.128205942399999913e+03 1.128360230600000023e+03 1.128513720200000080e+03 1.128666444200000115e+03 1.128818409200000133e+03 1.128969621799999913e+03 1.129120108399999936e+03 1.129269862399999965e+03 1.129418910200000028e+03 1.129567258399999901e+03 1.129714913600000045e+03 1.129861882400000013e+03 1.130008184600000050e+03 1.130153826799999933e+03 1.130298808999999892e+03 1.130443144399999937e+03 1.130586846199999854e+03 1.130729907800000092e+03 1.130872355599999992e+03 1.131014176399999997e+03 1.131155389999999898e+03 1.131295996399999922e+03 1.131436002200000075e+03 1.131575407399999904e+03 1.131714231800000107e+03 1.131852462199999991e+03 1.131990118400000028e+03 1.132127200399999992e+03 1.132263701599999877e+03 1.132399641799999927e+03 1.132535014399999909e+03 1.132669826000000057e+03 1.132804076599999917e+03 1.132937779399999954e+03 1.133070921200000157e+03 1.133203515199999856e+03 1.133335567999999967e+03 1.133467073000000028e+03 1.133598030199999812e+03 1.133680695199999946e+03 1.133810629399999925e+03 1.133940028999999868e+03 1.134068894000000000e+03 1.134197224399999868e+03 1.134325020199999926e+03 1.134452287999999953e+03 1.134579027799999949e+03 1.134705239599999913e+03
8.779448059999999714e+02 8.780680939999999737e+02 8.781907814000001054e+02 8.783128814000001512e+02 8.784343874000001051e+02 8.785553060000002006e+02 8.786756371999999828e+02 8.787953810000001340e+02 8.789145505999999841e+02 8.790331327999999758e+02 8.791511474000001272e+02 8.792685811999999714e+02 8.793854473999999755e+02 8.795017394000001332e+02 8.796174704000000020e+02 8.797326338000000305e+02 8.798472295999999915e+02 8.799612775999999030e+02 8.800747579999999743e+02 8.801876905999999963e+02 8.803000687999999627e+02 8.804118992000001072e+02 8.805231883999999809e+02 8.806339298000000326e+02 8.807441300000000410e+02 8.808537889999997788e+02 8.809629133999999340e+02 8.810715098000000580e+02 8.811795715999999175e+02 8.812871054000002005e+02 8.813941178000000036e+02 8.815006088000000091e+02 8.816065784000002168e+02 8.817120331999999507e+02 8.818169665999998870e+02 8.819213983999998163e+02 8.820253153999999540e+02 8.821287307999998575e+02 8.822316379999999754e+02 8.823340501999998651e+02 8.824359607999999753e+02 8.825373830000000908e+02 8.826383102000002054e+02 8.827387423999998646e+02 8.828386927999999898e+02 8.829381613999998990e+02 8.830371415999998135e+02 8.831356465999999728e+02 8.832336763999999221e+02 8.833312309999998888e+02
9.440323022000000037e+02 9.442200193999999556e+02 9.444067268000001150e+02 9.445924442000000454e+02 9.447771979999999985e+02 9.449610013999999865e+02 9.451438742000000275e+02 9.453258229999999003e+02 9.455068742000000839e+02 9.456870410000001357e+02 9.458663366000000678e+02 9.460447676000001138e+02 9.462223604000000705e+02 9.463991150000001653e+02 9.465750511999999617e+02 9.467501755999999205e+02 9.469244948000000477e+02 9.470980352000001403e+02 9.472707901999999649e+02 9.474427795999999944e+02 9.476140100000000075e+02 9.477844880000000103e+02 9.479542202000000088e+02 9.481232198000000153e+02 9.482914868000000297e+02 9.484590343999998368e+02 9.486258626000001186e+02 9.487919845999999779e+02 9.489574069999998756e+02 9.491221298000000388e+02 9.492861596000000191e+02 9.494495030000000497e+02 9.496121599999999034e+02 9.497741438000000471e+02 9.499354544000000260e+02 9.500960984000000735e+02 9.502560691999999563e+02 9.504153866000001472e+02 9.505740439999999580e+02 9.507320414000000710e+02 9.508893854000000374e+02 9.510460826000000907e+02 9.511477225999999519e+02 9.513031922000000122e+02 9.514580215999999382e+02 9.516122041999999510e+02 9.517657531999998355e+02 9.519186686000000464e+02 9.520709437999998954e+02 9.522225920000000770e+02
6.981731084000000465e+02 6.983158597999999984e+02 6.984579248000000007e+02 6.985993034000000534e+02 6.987400022000001627e+02 6.988800146000000950e+02 6.990193537999998625e+02 6.991580197999999200e+02 6.992960060000000340e+02 6.994333256000002166e+02 6.995699786000000131e+02 6.997059650000001056e+02 6.998412914000000455e+02 6.999759578000000602e+02 7.001099707999999282e+02 7.002433237999998710e+02 7.003760299999999006e+02 7.005080828000000110e+02 7.006394887999999810e+02 7.007702546000000439e+02 7.009003867999999784e+02 7.010298721999999998e+02 7.011587306000001263e+02 7.012869488000001184e+02 7.014145465999999942e+02 7.015415173999999752e+02 7.016678611999998338e+02 7.017935912000000371e+02 7.019187007999998968e+02 7.020431965999998738e+02 7.021670851999999741e+02 7.022903665999999703e+02 7.024130408000000898e+02 7.025351144000001113e+02 7.026565874000000349e+02 7.027774663999998666e+02 7.028977514000000610e+02 7.030174489999999423e+02 7.031365591999999651e+02 7.032550885999999082e+02 7.033730371999999988e+02 7.034904050000000097e+02 7.036071986000001743e+02 7.037234246000000439e+02 7.038390830000000733e+02 7.039541738000000350e+02 7.040687035999999352e+02 7.041826724000000013e+02 7.042960868000000119e+02 7.044089467999999670e+02
7.601708485999999994e+02 7.603907936000000518e+02 7.606095307999999022e+02 7.608270800000000236e+02 7.610434675999999854e+02 7.612587134000000333e+02 7.614728305999999520e+02 7.616858588000000054e+02 7.618977979999999661e+02 7.621086745999998584e+02 7.623185083999999279e+02 7.625273125999999593e+02 7.627351069999999709e+02 7.629419113999999809e+02 7.631477323999999953e+02 7.633525832000000264e+02 7.635564836000000923e+02 7.637594467999999779e+02 7.639614793999999165e+02 7.641626012000001538e+02 7.643628188000000137e+02 7.645621453999999630e+02 7.647605876000000080e+02 7.649581585999999334e+02 7.651548650000001999e+02 7.653507199999999102e+02 7.655457235999999739e+02 7.657398955999999544e+02 7.659332425999998577e+02 7.661257580000001326e+02 7.663174615999998878e+02 7.665083599999998114e+02 7.666984466000001248e+02 7.668877412000001641e+02 7.670762504000001627e+02 7.672639676000001145e+02 7.674509060000000318e+02 7.676370655999999144e+02 7.678224529999999959e+02 7.680070748000000549e+02 7.681909309999998641e+02 7.683740281999998842e+02 7.685563664000001154e+02 7.686771266000000651e+02 7.688580392000001211e+02 7.690381993999999395e+02 7.692176203999999871e+02 7.693962956000000304e+02 7.695742316000000756e+02 7.697514284000001226e+02
5.184744662000000517e+02 5.186368724000001293e+02 5.187984997999999450e+02 5.189593549999999595e+02 5.191194314000001668e+02 5.192787355999998908e+02 5.194372742000000471e+02 5.195950471999999536e+02 5.197520546000000650e+02 5.199083029999999326e+02 5.200637924000000112e+02 5.202185228000000734e+02 5.203725073999999040e+02 5.205257395999999517e+02 5.206782259999999951e+02 5.208299666000000343e+02 5.209809679999998480e+02 5.211312302000001182e+02 5.212807532000001629e+02 5.214295501999999942e+02 5.215776212000000669e+02 5.217249595999999201e+02 5.218715786000000207e+02 5.220174781999999141e+02 5.221626649999998335e+02 5.223071324000000004e+02 5.224508935999999721e+02 5.225939419999999700e+02 5.227362974000000122e+02 5.228779466000000866e+02 5.230188961999999719e+02 5.231591528000001290e+02 5.232987230000001091e+02 5.234376067999999123e+02 5.235758041999999932e+02 5.237133151999998972e+02 5.238501595999998699e+02 5.239863242000001264e+02 5.241218155999999908e+02 5.242566469999999299e+02 5.243908051999999316e+02 5.245243099999997867e+02 5.246571548000001712e+02 5.247893461999999545e+02 5.249208842000000459e+02 5.250517753999999968e+02 5.251820264000000407e+02 5.253116371999999501e+02 5.254406011999999464e+02 5.255689382000000478e+02
5.763112694000001284e+02 5.765640097999998943e+02 5.768153113999999277e+02 5.770652006000000256e+02 5.773137103999999908e+02 5.775608672000000752e+02 5.778066974000000755e+02 5.780512208000000101e+02 5.782944704000001366e+02 5.785364660000000185e+02 5.787772207999998955e+02 5.790167678000000251e+02 5.792551267999999709e+02 5.794923109999999724e+02 5.797283402000000478e+02 5.799632341999999880e+02 5.801970128000000386e+02 5.804296891999999843e+02 5.806612766000000647e+02 5.808917948000000706e+02 5.811212570000000142e+02 5.813496764000001349e+02 5.815770661999999902e+02 5.818034396000000470e+02 5.820288098000000900e+02 5.822531833999998980e+02 5.824765735999999379e+02 5.826989869999999883e+02 5.829204434000000674e+02 5.831409428000001753e+02 5.833604983999998694e+02 5.835791168000000653e+02 5.837968111999998655e+02 5.840135816000001796e+02 5.842294346000001042e+02 5.844443900000001122e+02 5.846584345999999641e+02 5.848715948000001390e+02 5.850838574000001699e+02 5.852952422000000752e+02 5.855057491999998547e+02 5.857153784000001906e+02 5.859241429999999582e+02 5.861320495999998457e+02 5.862720950000000357e+02 5.864783647999997811e+02 5.866837832000001072e+02 5.868883501999998771e+02 5.870920724000000064e+02 5.872949498000000403e+02
3.388275548000001436e+02 3.390098336000000927e+02 3.391912345999999161e+02 3.393717775999998594e+02 3.395514559999999165e+02 3.397302698000000873e+02 3.399082189999999173e+02 3.400853233999998793e+02 3.402615632000001824e+02 3.404369581999999355e+02 3.406115084000000479e+02 3.407852072000000589e+02 3.409580677999999807e+02 3.411300902000000406e+02 3.413012744000000112e+02 3.414716270000001259e+02 3.416411479999999301e+02 3.418098440000001119e+02 3.419777149999999892e+02 3.421447676000000229e+02 3.423109951999999794e+02 3.424764176000001044e+02 3.426410282000001644e+02 3.428048269999999320e+02 3.429678206000000955e+02 3.431300155999999788e+02 3.432914119999998093e+02 3.434520164000000477e+02 3.436118288000000121e+02 3.437708558000001631e+02 3.439290974000000460e+02 3.440865601999998944e+02 3.442432442000001629e+02 3.443991493999999420e+02 3.445542955999999322e+02 3.447086695999998938e+02 3.448622780000000603e+02 3.450151273999999830e+02 3.451672244000001228e+02 3.453185690000000250e+02 3.454691612000001442e+02 3.456190075999998044e+02 3.457681147999999212e+02 3.459164893999998185e+02 3.460641247999999450e+02 3.462110276000000795e+02 3.463572044000000005e+02 3.465026552000001629e+02 3.466473866000001181e+02 3.467914052000000993e+02
3.924672398000000157e+02 3.927535213999999542e+02 3.930381133999999292e+02 3.933210421999999653e+02 3.936023539999998775e+02 3.938820686000001388e+02 3.941602321999998821e+02 3.944368580000000293e+02 3.947119922000001679e+02 3.949856546000000890e+02 3.952578716000000441e+02 3.955286762000000635e+02 3.957980881999999383e+02 3.960661339999999200e+02 3.963328334000000268e+02 3.965982128000000557e+02 3.968622854000000189e+02 3.971250842000001740e+02 3.973866224000000784e+02 3.976469197999999778e+02 3.979059895999998844e+02 3.981638516000000436e+02 3.984205256000000190e+02 3.986760248000000502e+02 3.989303623999999218e+02 3.991835581999998794e+02 3.994356187999999293e+02 3.996865573999998560e+02 3.999363937999999052e+02 4.001851412000000892e+02 4.004327995999999530e+02 4.006793821999999636e+02 4.009249088000001393e+02 4.011693794000000253e+02 4.014128072000000884e+02 4.016551987999998801e+02 4.018965674000000945e+02 4.021369129999998222e+02 4.023762553999999909e+02 4.026145880000001398e+02 4.028519240000000536e+02 4.030882699999999659e+02 4.033236326000001100e+02 4.035580183999998098e+02 4.037914273999999750e+02 4.039511539999998604e+02 4.041827215999999225e+02 4.044133388000000195e+02 4.046429990000001453e+02 4.048717088000000786e+02
1.592337337999999818e+02 1.594360897999999906e+02 1.596374888000000283e+02 1.598379374000001008e+02 1.600374289999999746e+02 1.602359701999998833e+02 1.604335610000000543e+02 1.606302146000000448e+02 1.608259177999998428e+02 1.610206903999999213e+02 1.612145192000000407e+02 1.614074173999999857e+02 1.615993915999999899e+02 1.617904285999998137e+02 1.619805481999999301e+02 1.621697438000001057e+02 1.623580219999998917e+02 1.625453893999999764e+02 1.627318394000001263e+02 1.629173852000001261e+02 1.631020201999999699e+02 1.632857575999998971e+02 1.634685973999999078e+02 1.636505396000000019e+02 1.638315907999999581e+02 1.640117576000000099e+02 1.641910334000001512e+02 1.643694314000001668e+02 1.645469515999998293e+02 1.647235940000000483e+02 1.648993717999999262e+02 1.650742783999999119e+02 1.652483204000000114e+02 1.654215044000000034e+02 1.655938369999998940e+02 1.657653115999999045e+02 1.659359414000000470e+02 1.661057198000000881e+02 1.662746600000000399e+02 1.664427620000001298e+02 1.666100323999999091e+02 1.667764711999998326e+02 1.669420849999999064e+02 1.671068738000001304e+02 1.672708442000000559e+02 1.674340027999999165e+02 1.675963495999999395e+02 1.677578845999998975e+02 1.679186210000000301e+02 1.680785522000001038e+02
2.086212103999998817e+02 2.089419967999999699e+02 2.092607965999998214e+02 2.095776493999999275e+02 2.098926013999998759e+02 2.102056855999999243e+02 2.105169482000001153e+02 2.108264288000000306e+02 2.111341537999999218e+02 2.114401628000000528e+02 2.117444887999999992e+02 2.120471648000000187e+02 2.123482237999999143e+02 2.126476987999999437e+02 2.129456030000001192e+02 2.132419826000000285e+02 2.135368507999999110e+02 2.138302340000000186e+02 2.141221651999999267e+02 2.144126642000001084e+02 2.147017507999998998e+02 2.149894448000000011e+02 2.152757659999999760e+02 2.155607474000000821e+02 2.158443890000000920e+02 2.161267238000000361e+02 2.164077583999999206e+02 2.166875191999999970e+02 2.169660128000000441e+02 2.172432590000000801e+02 2.175192709999998897e+02 2.177940619999999399e+02 2.180676452000000154e+02 2.183400337999999010e+02 2.186112410000000637e+02 2.188812734000000546e+02 2.191501507999998921e+02 2.194178731999998035e+02 2.196844604000000345e+02 2.199499123999999028e+02 2.202142358000000968e+02 2.204774569999999585e+02 2.207395627999999306e+02 2.210005730000000312e+02 2.212604942000000392e+02 2.215193263999999544e+02 2.216987672000000202e+02 2.219555533999998715e+02 2.222112769999998818e+02 2.224659379999998237e+02
