2.868180800000000019e+01 2.867861040000000017e+01 2.867542770000000019e+01 2.867225979999999907e+01 2.866910670000000039e+01 2.866596840000000057e+01 2.866284470000000084e+01 2.865973579999999998e+01 2.865664160000000038e+01 2.865356200000000086e+01 2.865049690000000027e+01 2.864744650000000092e+01 2.864441049999999933e+01 2.864138900000000021e+01 2.863838189999999884e+01 2.863538929999999993e+01 2.863241090000000000e+01 2.862944690000000136e+01 2.862649719999999931e+01 2.862356169999999977e+01 2.862064039999999920e+01 2.861773319999999998e+01 2.861484009999999856e+01 2.861196100000000087e+01 2.860909600000000097e+01 2.860624490000000009e+01 2.860340770000000177e+01 2.860058430000000129e+01 2.859777479999999983e+01 2.859497899999999859e+01 2.859219699999999875e+01 2.858942860000000152e+01 2.858667379999999980e+01 2.858393260000000069e+01 2.858120489999999947e+01 2.857849059999999852e+01 2.857578970000000140e+01 2.857310220000000101e+01 2.857042799999999971e+01 2.856776699999999991e+01 2.856511929999999921e+01 2.856248460000000122e+01 2.855986300000000000e+01 2.855725449999999910e+01 2.855465889999999973e+01 2.855207619999999835e+01 2.854950639999999851e+01 2.854694939999999903e+01 2.854440509999999875e+01 2.854187350000000123e+01
2.782895279999999971e+01 2.782433560000000128e+01 2.781974380000000124e+01 2.781517709999999965e+01 2.781063490000000016e+01 2.780611680000000163e+01 2.780162229999999823e+01 2.779715099999999950e+01 2.779270250000000075e+01 2.778827649999999849e+01 2.778387259999999870e+01 2.777949029999999908e+01 2.777512940000000086e+01 2.777078960000000052e+01 2.776647050000000050e+01 2.776217180000000084e+01 2.775789329999999921e+01 2.775363460000000160e+01 2.774939559999999972e+01 2.774517589999999956e+01 2.774097529999999878e+01 2.773679359999999861e+01 2.773263060000000024e+01 2.772848600000000019e+01 2.772435979999999844e+01 2.772025149999999982e+01 2.771616119999999839e+01 2.771208860000000129e+01 2.770803360000000026e+01 2.770399600000000007e+01 2.769997559999999837e+01 2.769597230000000110e+01 2.769198599999999999e+01 2.768801660000000098e+01 2.768406380000000055e+01 2.768012769999999989e+01 2.767620810000000020e+01 2.767348009999999903e+01 2.766959160000000040e+01 2.766571929999999924e+01 2.766186310000000148e+01 2.765802300000000002e+01 2.765419890000000080e+01 2.765039060000000148e+01 2.764659819999999968e+01 2.764282150000000016e+01 2.763906049999999937e+01 2.763531509999999969e+01 2.763158530000000113e+01 2.762787099999999896e+01
2.595519439999999989e+01 2.595231400000000122e+01 2.594944699999999926e+01 2.594659359999999992e+01 2.594375349999999969e+01 2.594092699999999851e+01 2.593811380000000000e+01 2.593531390000000059e+01 2.593252740000000145e+01 2.592975410000000025e+01 2.592699410000000171e+01 2.592424730000000110e+01 2.592151369999999844e+01 2.591879319999999964e+01 2.591608580000000117e+01 2.591339139999999830e+01 2.591071009999999930e+01 2.590804169999999829e+01 2.590538629999999998e+01 2.590274369999999848e+01 2.590011399999999853e+01 2.589749700000000132e+01 2.589489289999999855e+01 2.589230140000000091e+01 2.588972259999999892e+01 2.588715639999999851e+01 2.588460279999999969e+01 2.588206170000000128e+01 2.587953309999999973e+01 2.587701690000000099e+01 2.587451310000000149e+01 2.587202170000000123e+01 2.586954250000000144e+01 2.586707549999999856e+01 2.586462069999999969e+01 2.586217810000000128e+01 2.585974750000000100e+01 2.585732900000000001e+01 2.585492239999999953e+01 2.585252769999999956e+01 2.585014500000000126e+01 2.584777400000000114e+01 2.584541480000000035e+01 2.584306739999999891e+01 2.584073160000000158e+01 2.583840740000000125e+01 2.583609470000000030e+01 2.583379359999999991e+01 2.583150390000000129e+01 2.582922560000000090e+01
2.504894760000000176e+01 2.504482020000000020e+01 2.504071460000000116e+01 2.503663029999999878e+01 2.503256700000000023e+01 2.502852419999999967e+01 2.502450169999999829e+01 2.502049909999999855e+01 2.501651620000000165e+01 2.501255250000000174e+01 2.500860780000000005e+01 2.500468180000000018e+01 2.500077429999999978e+01 2.499688510000000008e+01 2.499301369999999878e+01 2.498916009999999943e+01 2.498532399999999853e+01 2.498150520000000085e+01 2.497770339999999933e+01 2.497391860000000108e+01 2.497015040000000141e+01 2.496639880000000034e+01 2.496266359999999906e+01 2.495894450000000120e+01 2.495524149999999963e+01 2.495155439999999913e+01 2.494788309999999854e+01 2.494422739999999905e+01 2.494058730000000068e+01 2.493696249999999992e+01 2.493335300000000032e+01 2.492975870000000072e+01 2.492617939999999876e+01 2.492261510000000158e+01 2.491906579999999849e+01 2.491553120000000021e+01 2.491309409999999858e+01 2.490958750000000066e+01 2.490609549999999928e+01 2.490261789999999920e+01 2.489915489999999920e+01 2.489570619999999934e+01 2.489227179999999962e+01 2.488885170000000002e+01 2.488544579999999939e+01 2.488205410000000128e+01 2.487867659999999859e+01 2.487531309999999962e+01 2.487196360000000084e+01 2.486862819999999985e+01
2.322731669999999937e+01 2.322475079999999892e+01 2.322219709999999893e+01 2.321965540000000061e+01 2.321712589999999921e+01 2.321460829999999831e+01 2.321210280000000026e+01 2.320960930000000033e+01 2.320712770000000091e+01 2.320465809999999962e+01 2.320220030000000122e+01 2.319975429999999861e+01 2.319732020000000006e+01 2.319489779999999968e+01 2.319248710000000102e+01 2.319008820000000171e+01 2.318770079999999822e+01 2.318532510000000002e+01 2.318296090000000120e+01 2.318060829999999939e+01 2.317826709999999935e+01 2.317593739999999869e+01 2.317361909999999980e+01 2.317131210000000152e+01 2.316901640000000029e+01 2.316673199999999966e+01 2.316445879999999846e+01 2.316219680000000025e+01 2.315994590000000031e+01 2.315770609999999863e+01 2.315547730000000115e+01 2.315325950000000077e+01 2.315105259999999987e+01 2.314885669999999962e+01 2.314667150000000007e+01 2.314449719999999999e+01 2.314233360000000062e+01 2.314018069999999838e+01 2.313803850000000040e+01 2.313590689999999839e+01 2.313378579999999829e+01 2.313167520000000010e+01 2.312957499999999911e+01 2.312748530000000002e+01 2.312540590000000051e+01 2.312333680000000058e+01 2.312127800000000022e+01 2.311922930000000065e+01 2.311719079999999948e+01 2.311516239999999911e+01
2.226876379999999855e+01 2.226511479999999921e+01 2.226148440000000051e+01 2.225787210000000016e+01 2.225427780000000055e+01 2.225070099999999940e+01 2.224714159999999907e+01 2.224359929999999963e+01 2.224007369999999995e+01 2.223656480000000002e+01 2.223307210000000111e+01 2.222959559999999968e+01 2.222613499999999931e+01 2.222269010000000122e+01 2.221926069999999953e+01 2.221584670000000017e+01 2.221244779999999963e+01 2.220906390000000030e+01 2.220569479999999984e+01 2.220234040000000064e+01 2.219900060000000153e+01 2.219567509999999899e+01 2.219236400000000131e+01 2.218906690000000026e+01 2.218578390000000056e+01 2.218251479999999987e+01 2.217925960000000174e+01 2.217601799999999912e+01 2.217279010000000028e+01 2.216957569999999933e+01 2.216637469999999865e+01 2.216318709999999825e+01 2.216001280000000051e+01 2.215685170000000070e+01 2.215370370000000122e+01 2.215156029999999987e+01 2.214843720000000005e+01 2.214532700000000176e+01 2.214222979999999907e+01 2.213914550000000148e+01 2.213607400000000069e+01 2.213301519999999911e+01 2.212996920000000145e+01 2.212693589999999944e+01 2.212391519999999900e+01 2.212090710000000016e+01 2.211791170000000051e+01 2.211492870000000011e+01 2.211195830000000129e+01 2.210900039999999933e+01
2.049878179999999972e+01 2.049652730000000034e+01 2.049428350000000165e+01 2.049205040000000011e+01 2.048982799999999926e+01 2.048761629999999911e+01 2.048541519999999849e+01 2.048322459999999978e+01 2.048104470000000177e+01 2.047887520000000094e+01 2.047671619999999848e+01 2.047456770000000148e+01 2.047242960000000167e+01 2.047030180000000144e+01 2.046818439999999839e+01 2.046607729999999847e+01 2.046398050000000168e+01 2.046189379999999858e+01 2.045981739999999860e+01 2.045775109999999941e+01 2.045569499999999863e+01 2.045364879999999985e+01 2.045161279999999948e+01 2.044958670000000112e+01 2.044757050000000120e+01 2.044556419999999974e+01 2.044356780000000029e+01 2.044158129999999929e+01 2.043960440000000034e+01 2.043763739999999984e+01 2.043568000000000140e+01 2.043373220000000146e+01 2.043179400000000001e+01 2.042986540000000062e+01 2.042794629999999856e+01 2.042603670000000093e+01 2.042413639999999830e+01 2.042224560000000011e+01 2.042036399999999929e+01 2.041849180000000175e+01 2.041662880000000158e+01 2.041477490000000117e+01 2.041293020000000169e+01 2.041109459999999842e+01 2.040926809999999847e+01 2.040745049999999949e+01 2.040564200000000028e+01 2.040384230000000088e+01 2.040205149999999890e+01 2.040026950000000028e+01
1.948807770000000161e+01 1.948489879999999985e+01 1.948173560000000037e+01 1.947858779999999967e+01 1.947545519999999897e+01 1.947233749999999830e+01 1.946923460000000006e+01 1.946614629999999835e+01 1.946307230000000033e+01 1.946001240000000010e+01 1.945696650000000005e+01 1.945393430000000023e+01 1.945091580000000064e+01 1.944791070000000133e+01 1.944491890000000112e+01 1.944194029999999884e+01 1.943897460000000166e+01 1.943602190000000007e+01 1.943308190000000124e+01 1.943015460000000161e+01 1.942723979999999884e+01 1.942433739999999887e+01 1.942144740000000169e+01 1.941856960000000143e+01 1.941570390000000046e+01 1.941285020000000117e+01 1.941000860000000117e+01 1.940717880000000051e+01 1.940436079999999919e+01 1.940155460000000076e+01 1.939876010000000051e+01 1.939597720000000081e+01 1.939320590000000166e+01 1.939044600000000074e+01 1.938859640000000084e+01 1.938585840000000005e+01 1.938313169999999985e+01 1.938041630000000026e+01 1.937771220000000127e+01 1.937501939999999934e+01 1.937233780000000039e+01 1.936966729999999970e+01 1.936700799999999845e+01 1.936435990000000018e+01 1.936172270000000140e+01 1.935909669999999849e+01 1.935648169999999979e+01 1.935387770000000174e+01 1.935128459999999961e+01 1.934870259999999931e+01
1.776963729999999941e+01 1.776769099999999924e+01 1.776575400000000116e+01 1.776382630000000162e+01 1.776190790000000064e+01 1.775999870000000058e+01 1.775809870000000146e+01 1.775620789999999971e+01 1.775432629999999889e+01 1.775245370000000023e+01 1.775059029999999893e+01 1.774873579999999862e+01 1.774689040000000162e+01 1.774505399999999966e+01 1.774322649999999868e+01 1.774140799999999984e+01 1.773959830000000082e+01 1.773779740000000160e+01 1.773600539999999981e+01 1.773422210000000021e+01 1.773244749999999925e+01 1.773068170000000165e+01 1.772892450000000153e+01 1.772717589999999888e+01 1.772543590000000080e+01 1.772370439999999903e+01 1.772198149999999828e+01 1.772026689999999860e+01 1.771856089999999995e+01 1.771686319999999881e+01 1.771517379999999875e+01 1.771349280000000093e+01 1.771181999999999945e+01 1.771015540000000144e+01 1.770849899999999977e+01 1.770685080000000156e+01 1.770521069999999852e+01 1.770357860000000016e+01 1.770195449999999937e+01 1.770033839999999969e+01 1.769873019999999997e+01 1.769713000000000136e+01 1.769553760000000153e+01 1.769395300000000049e+01 1.769237610000000060e+01 1.769080699999999950e+01 1.768924559999999957e+01 1.768769179999999963e+01 1.768614559999999969e+01 1.768460699999999974e+01
1.670732410000000101e+01 1.670460930000000133e+01 1.670190769999999958e+01 1.669921890000000175e+01 1.669654290000000074e+01 1.669387940000000015e+01 1.669122820000000118e+01 1.668858930000000029e+01 1.668596240000000108e+01 1.668334730000000121e+01 1.668074400000000068e+01 1.667815230000000071e+01 1.667557199999999895e+01 1.667300309999999897e+01 1.667044539999999841e+01 1.666789879999999968e+01 1.666536320000000160e+01 1.666283849999999944e+01 1.666032450000000154e+01 1.665782129999999839e+01 1.665532869999999832e+01 1.665284670000000133e+01 1.665037510000000154e+01 1.664791389999999893e+01 1.664546289999999829e+01 1.664302229999999838e+01 1.664059179999999927e+01 1.663817149999999856e+01 1.663576120000000103e+01 1.663336089999999956e+01 1.663097069999999889e+01 1.662859029999999905e+01 1.662621980000000121e+01 1.662466159999999959e+01 1.662230980000000002e+01 1.661996780000000129e+01 1.661763549999999867e+01 1.661531289999999927e+01 1.661299989999999838e+01 1.661069660000000070e+01 1.660840290000000152e+01 1.660611880000000085e+01 1.660384429999999867e+01 1.660157919999999976e+01 1.659932380000000052e+01 1.659707780000000099e+01 1.659484120000000118e+01 1.659261419999999987e+01 1.659039659999999827e+01 1.658818839999999994e+01
1.503998840000000037e+01 1.503834739999999925e+01 1.503671420000000047e+01 1.503508889999999987e+01 1.503347139999999982e+01 1.503186179999999972e+01 1.503025990000000078e+01 1.502866580000000063e+01 1.502707949999999926e+01 1.502550079999999966e+01 1.502392979999999945e+01 1.502236639999999923e+01 1.502081070000000018e+01 1.501926259999999935e+01 1.501772199999999913e+01 1.501618889999999951e+01 1.501466330000000049e+01 1.501314520000000030e+01 1.501163440000000016e+01 1.501013110000000061e+01 1.500863520000000051e+01 1.500714649999999928e+01 1.500566519999999926e+01 1.500419109999999989e+01 1.500272430000000057e+01 1.500126460000000073e+01 1.499981209999999976e+01 1.499836670000000005e+01 1.499692839999999983e+01 1.499549720000000086e+01 1.499407300000000021e+01 1.499265570000000025e+01 1.499124540000000039e+01 1.498984199999999944e+01 1.498844549999999920e+01 1.498705580000000026e+01 1.498567290000000085e+01 1.498429679999999919e+01 1.498292739999999945e+01 1.498156469999999985e+01 1.498020870000000038e+01 1.497885920000000048e+01 1.497751640000000073e+01 1.497618010000000055e+01 1.497485029999999995e+01 1.497352700000000070e+01 1.497221019999999925e+01 1.497089970000000037e+01 1.496959569999999928e+01 1.496829789999999960e+01
1.392637840000000082e+01 1.392412290000000041e+01 1.392187820000000009e+01 1.391964399999999991e+01 1.391742020000000046e+01 1.391520670000000059e+01 1.391300320000000035e+01 1.391080979999999911e+01 1.390862620000000049e+01 1.390645239999999916e+01 1.390428819999999988e+01 1.390213349999999970e+01 1.389998830000000041e+01 1.389785230000000027e+01 1.389572560000000045e+01 1.389360809999999979e+01 1.389149959999999950e+01 1.388940009999999958e+01 1.388730950000000064e+01 1.388522779999999912e+01 1.388315479999999980e+01 1.388109060000000028e+01 1.387903500000000001e+01 1.387698789999999960e+01 1.387494949999999960e+01 1.387291950000000007e+01 1.387089800000000039e+01 1.386888489999999940e+01 1.386688009999999949e+01 1.386488370000000003e+01 1.386289550000000048e+01 1.386091560000000023e+01 1.385964560000000034e+01 1.385768129999999942e+01 1.385572510000000079e+01 1.385377710000000029e+01 1.385183720000000029e+01 1.384990540000000081e+01 1.384798160000000067e+01 1.384606589999999926e+01 1.384415820000000075e+01 1.384225849999999980e+01 1.384036670000000058e+01 1.383848300000000009e+01 1.383660710000000016e+01 1.383473930000000074e+01 1.383287930000000010e+01 1.383102719999999941e+01 1.382918309999999984e+01 1.382734680000000083e+01
1.230976380000000070e+01 1.230842529999999968e+01 1.230709330000000001e+01 1.230576770000000053e+01 1.230444860000000062e+01 1.230313579999999973e+01 1.230182940000000080e+01 1.230052930000000089e+01 1.229923559999999938e+01 1.229794809999999927e+01 1.229666689999999996e+01 1.229539199999999965e+01 1.229412319999999958e+01 1.229286070000000031e+01 1.229160429999999948e+01 1.229035410000000006e+01 1.228910989999999970e+01 1.228787190000000074e+01 1.228663990000000084e+01 1.228541390000000000e+01 1.228419390000000000e+01 1.228297990000000084e+01 1.228177190000000074e+01 1.228056969999999914e+01 1.227937350000000016e+01 1.227818300000000029e+01 1.227699849999999948e+01 1.227581969999999956e+01 1.227464660000000052e+01 1.227347939999999937e+01 1.227231779999999972e+01 1.227116189999999918e+01 1.227001160000000013e+01 1.226886700000000019e+01 1.226772790000000057e+01 1.226659440000000068e+01 1.226546639999999933e+01 1.226434390000000008e+01 1.226322689999999938e+01 1.226211529999999961e+01 1.226100920000000016e+01 1.225990840000000048e+01 1.225881290000000057e+01 1.225772270000000042e+01 1.225663789999999942e+01 1.225555830000000057e+01 1.225448390000000032e+01 1.225341470000000044e+01 1.225235059999999976e+01 1.225129169999999945e+01
1.114528589999999930e+01 1.114348610000000050e+01 1.114169470000000040e+01 1.113991159999999958e+01 1.113813679999999984e+01 1.113636999999999944e+01 1.113461110000000076e+01 1.113286019999999965e+01 1.113111710000000087e+01 1.112938160000000032e+01 1.112765379999999915e+01 1.112593350000000036e+01 1.112422070000000041e+01 1.112251529999999988e+01 1.112081719999999940e+01 1.111912640000000074e+01 1.111744269999999979e+01 1.111576619999999949e+01 1.111409680000000044e+01 1.111243430000000032e+01 1.111077889999999968e+01 1.110913039999999974e+01 1.110748880000000050e+01 1.110585400000000078e+01 1.110422609999999999e+01 1.110260489999999933e+01 1.110099049999999998e+01 1.109938269999999960e+01 1.109778159999999936e+01 1.109618719999999925e+01 1.109459939999999989e+01 1.109361499999999978e+01 1.109203970000000083e+01 1.109047100000000086e+01 1.108890880000000045e+01 1.108735309999999963e+01 1.108580380000000076e+01 1.108426110000000087e+01 1.108272479999999938e+01 1.108119489999999985e+01 1.107967140000000050e+01 1.107815440000000073e+01 1.107664379999999937e+01 1.107513950000000058e+01 1.107364160000000020e+01 1.107215009999999999e+01 1.107066499999999998e+01 1.106918609999999958e+01 1.106771359999999937e+01 1.106624749999999935e+01
9.579149819999999593e+00 9.578111699999999118e+00 9.577078589999999281e+00 9.576050490000000082e+00 9.575027379999999866e+00 9.574009220000000653e+00 9.572996019999999717e+00 9.571987740000000855e+00 9.570984369999999686e+00 9.569985889999999884e+00 9.568992270000000744e+00 9.568003499999999661e+00 9.567019549999999484e+00 9.566040409999999383e+00 9.565066050000000430e+00 9.564096449999999194e+00 9.563131589999999349e+00 9.562171449999999240e+00 9.561215999999999937e+00 9.560265219999999786e+00 9.559319099999999736e+00 9.558377600000000029e+00 9.557440700000000788e+00 9.556508389999999409e+00 9.555580629999999687e+00 9.554657410000000795e+00 9.553738700000000250e+00 9.552824469999999124e+00 9.551914710000000142e+00 9.551009390000000820e+00 9.550108480000000455e+00 9.549211969999999994e+00 9.548319819999999680e+00 9.547432020000000463e+00 9.546548539999999861e+00 9.545669350000000719e+00 9.544794429999999608e+00 9.543923760000000200e+00 9.543057320000000843e+00 9.542195070000000001e+00 9.541337000000000401e+00 9.540483079999999561e+00 9.539633280000000326e+00 9.538787590000000094e+00 9.537945979999999935e+00 9.537108419999999143e+00 9.536274900000000443e+00 9.535445380000000526e+00 9.534619839999999513e+00 9.533798270000000130e+00
8.364052689999999401e+00 8.362705630000000667e+00 8.361364809999999537e+00 8.360030150000000049e+00 8.358701579999999964e+00 8.357379010000000719e+00 8.356062379999999123e+00 8.354751600000000167e+00 8.353446619999999712e+00 8.352147370000000848e+00 8.350853790000000387e+00 8.349565820000000471e+00 8.348283399999999688e+00 8.347006500000000884e+00 8.345735050000000044e+00 8.344469009999999187e+00 8.343208340000000334e+00 8.341953000000000173e+00 8.340702939999999899e+00 8.339458130000000580e+00 8.338218539999999734e+00 8.336984129999999382e+00 8.335754870000000594e+00 8.334530730000000887e+00 8.333311690000000382e+00 8.332097720000000152e+00 8.330888780000000438e+00 8.329684869999999464e+00 8.328485960000000077e+00 8.327292030000000622e+00 8.326591609999999477e+00 8.325407090000000565e+00 8.324227499999999225e+00 8.323052819999999130e+00 8.321883039999999454e+00 8.320718140000000318e+00 8.319558109999999118e+00 8.318402949999999407e+00 8.317252619999999652e+00 8.316107139999999731e+00 8.314966480000000715e+00 8.313830640000000827e+00 8.312699600000000189e+00 8.311573360000000577e+00 8.310451920000000214e+00 8.309335250000000173e+00 8.308223359999999502e+00 8.307116239999999152e+00 8.306013880000000071e+00 8.304916280000000484e+00
6.848202800000000146e+00 6.847463199999999972e+00 6.846727200000000124e+00 6.845994769999999896e+00 6.845265890000000297e+00 6.844540570000000379e+00 6.843818770000000384e+00 6.843100490000000313e+00 6.842385720000000227e+00 6.841674430000000307e+00 6.840966609999999726e+00 6.840262250000000321e+00 6.839561340000000378e+00 6.838863850000000078e+00 6.838169770000000369e+00 6.837479090000000426e+00 6.836791780000000429e+00 6.836107840000000380e+00 6.835427250000000399e+00 6.834749979999999780e+00 6.834076030000000301e+00 6.833405370000000367e+00 6.832737999999999978e+00 6.832073890000000205e+00 6.831413020000000280e+00 6.830755390000000205e+00 6.830100960000000221e+00 6.829449730000000329e+00 6.828801679999999763e+00 6.828156790000000420e+00 6.827515039999999757e+00 6.826876419999999612e+00 6.826240900000000167e+00 6.825608469999999706e+00 6.824979120000000066e+00 6.824352819999999653e+00 6.823729560000000305e+00 6.823109320000000366e+00 6.822492089999999898e+00 6.821877830000000031e+00 6.821266549999999818e+00 6.820658220000000327e+00 6.820052809999999965e+00 6.819450329999999560e+00 6.818850740000000243e+00 6.818254040000000238e+00 6.817660189999999787e+00 6.817069199999999718e+00 6.816481030000000274e+00 6.815895679999999679e+00
5.582692739999999709e+00 5.581796289999999772e+00 5.580903980000000431e+00 5.580015760000000213e+00 5.579131570000000373e+00 5.578251350000000386e+00 5.577375070000000434e+00 5.576502679999999934e+00 5.575634130000000077e+00 5.574769390000000158e+00 5.573908409999999591e+00 5.573051160000000337e+00 5.572197590000000034e+00 5.571347689999999631e+00 5.570501420000000259e+00 5.569658750000000325e+00 5.568819640000000071e+00 5.567984079999999558e+00 5.567152039999999857e+00 5.566323490000000263e+00 5.565498410000000007e+00 5.564676790000000040e+00 5.563858599999999655e+00 5.563043819999999862e+00 5.562232429999999894e+00 5.561424429999999752e+00 5.560619789999999618e+00 5.559818500000000441e+00 5.559020539999999677e+00 5.558603259999999935e+00 5.557811599999999963e+00 5.557023240000000364e+00 5.556238180000000249e+00 5.555456389999999800e+00 5.554677869999999906e+00 5.553902619999999679e+00 5.553130610000000189e+00 5.552361860000000426e+00 5.551596339999999685e+00 5.550834059999999681e+00 5.550074999999999648e+00 5.549319159999999584e+00 5.548566530000000441e+00 5.547817110000000440e+00 5.547070899999999583e+00 5.546327879999999766e+00 5.545588060000000041e+00 5.544851429999999581e+00 5.544117970000000284e+00 5.543387700000000251e+00
4.117075520000000211e+00 4.116633110000000428e+00 4.116192840000000075e+00 4.115754729999999917e+00 4.115318750000000136e+00 4.114884899999999845e+00 4.114453169999999993e+00 4.114023549999999751e+00 4.113596040000000009e+00 4.113170610000000060e+00 4.112747279999999783e+00 4.112326010000000309e+00 4.111906819999999740e+00 4.111489670000000096e+00 4.111074580000000367e+00 4.110661519999999847e+00 4.110250490000000312e+00 4.109841480000000047e+00 4.109434470000000061e+00 4.109029470000000295e+00 4.108626450000000041e+00 4.108225400000000249e+00 4.107826329999999970e+00 4.107429210000000275e+00 4.107034030000000335e+00 4.106640790000000152e+00 4.106249479999999785e+00 4.105860090000000184e+00 4.105472589999999755e+00 4.105086990000000213e+00 4.104703279999999843e+00 4.104321439999999654e+00 4.103941459999999708e+00 4.103563330000000065e+00 4.103187039999999897e+00 4.102812580000000153e+00 4.102439949999999946e+00 4.102069120000000346e+00 4.101700089999999577e+00 4.101332850000000363e+00 4.100967380000000162e+00 4.100603679999999862e+00 4.100241740000000412e+00 4.099881550000000097e+00 4.099523089999999925e+00 4.099166349999999959e+00 4.098811330000000197e+00 4.098458009999999874e+00 4.098106389999999877e+00 4.097756450000000328e+00
2.801357639999999982e+00 2.800910650000000057e+00 2.800465729999999986e+00 2.800022849999999952e+00 2.799581990000000076e+00 2.799143110000000156e+00 2.798706189999999872e+00 2.798271220000000170e+00 2.797838159999999963e+00 2.797407010000000138e+00 2.796977739999999990e+00 2.796550330000000084e+00 2.796124770000000037e+00 2.795701039999999971e+00 2.795279120000000006e+00 2.794859000000000204e+00 2.794440670000000182e+00 2.794024110000000061e+00 2.793609309999999901e+00 2.793196260000000208e+00 2.792784950000000155e+00 2.792375369999999801e+00 2.791967500000000157e+00 2.791561349999999830e+00 2.791156889999999891e+00 2.790754129999999833e+00 2.790353060000000163e+00 2.789953660000000113e+00 2.789820290000000202e+00 2.789424050000000044e+00 2.789029460000000071e+00 2.788636529999999780e+00 2.788245260000000059e+00 2.787855620000000201e+00 2.787467630000000085e+00 2.787081269999999833e+00 2.786696549999999828e+00 2.786313450000000191e+00 2.785931979999999974e+00 2.785552130000000126e+00 2.785173900000000202e+00 2.784797279999999819e+00 2.784422279999999805e+00 2.784048890000000220e+00 2.783677099999999793e+00 2.783306919999999796e+00 2.782938349999999783e+00 2.782571369999999877e+00 2.782205990000000018e+00 2.781842210000000204e+00
1.385644050000000016e+00 1.385498139999999934e+00 1.385352949999999916e+00 1.385208479999999964e+00 1.385064730000000077e+00 1.384921700000000033e+00 1.384779379999999893e+00 1.384637780000000040e+00 1.384496879999999930e+00 1.384356680000000006e+00 1.384217189999999986e+00 1.384078399999999931e+00 1.383940299999999901e+00 1.383802900000000058e+00 1.383666180000000079e+00 1.383530149999999903e+00 1.383394800000000036e+00 1.383260130000000032e+00 1.383126139999999893e+00 1.382992819999999901e+00 1.382860170000000055e+00 1.382728189999999913e+00 1.382596869999999978e+00 1.382466200000000089e+00 1.382336189999999965e+00 1.382206840000000048e+00 1.382078130000000016e+00 1.381950070000000030e+00 1.381822649999999930e+00 1.381695869999999937e+00 1.381569719999999890e+00 1.381444200000000011e+00 1.381319310000000078e+00 1.381195039999999929e+00 1.381071390000000010e+00 1.380948360000000097e+00 1.380825949999999969e+00 1.380704139999999969e+00 1.380582940000000036e+00 1.380462330000000071e+00 1.380342329999999951e+00 1.380222929999999959e+00 1.380104109999999995e+00 1.379985879999999998e+00 1.379868239999999968e+00 1.379751179999999966e+00 1.379634699999999992e+00 1.379518790000000106e+00 1.379403450000000086e+00 1.379288679999999934e+00
1.998247100000000165e-02 1.998422000000000046e-02 1.998598299999999883e-02 1.998775980000000105e-02 1.998955009999999963e-02 1.999135339999999830e-02 1.999316970000000054e-02 1.999499849999999967e-02 1.999683970000000130e-02 1.999869309999999928e-02 2.000055850000000135e-02 2.000243549999999870e-02 2.000432419999999961e-02 2.000622419999999874e-02 2.000813549999999955e-02 2.001005789999999937e-02 2.001199130000000034e-02 2.001393549999999980e-02 2.001589050000000120e-02 2.001785609999999840e-02 2.001983229999999836e-02 2.002181889999999839e-02 2.002381599999999984e-02 2.002582340000000002e-02 2.002784120000000029e-02 2.002986920000000143e-02 2.003190739999999997e-02 2.018387049999999933e-02 2.018590389999999971e-02 2.018794770000000016e-02 2.019000179999999936e-02 2.019206620000000077e-02 2.019414099999999879e-02 2.019622609999999902e-02 2.019832150000000145e-02 2.020042730000000050e-02 2.020254349999999963e-02 2.020467009999999883e-02 2.020680710000000158e-02 2.020895470000000013e-02 2.021111269999999877e-02 2.021328130000000015e-02 2.021546039999999947e-02 2.021765030000000074e-02 2.021985080000000129e-02 2.022206210000000032e-02 2.022428409999999996e-02 2.022651699999999941e-02 2.022876090000000002e-02 2.023101570000000043e-02
-1.345698620000000068e+00 -1.345548390000000039e+00 -1.345398869999999913e+00 -1.345250049999999975e+00 -1.345101920000000062e+00 -1.344954500000000053e+00 -1.344807759999999908e+00 -1.344661719999999949e+00 -1.344516360000000077e+00 -1.344371690000000008e+00 -1.344227690000000086e+00 -1.344084379999999967e+00 -1.343941730000000057e+00 -1.343799760000000010e+00 -1.343658460000000110e+00 -1.343517819999999974e+00 -1.343377840000000045e+00 -1.343238520000000102e+00 -1.343099849999999984e+00 -1.342961829999999912e+00 -1.342824460000000109e+00 -1.342687739999999907e+00 -1.342551650000000096e+00 -1.342416199999999948e+00 -1.342281389999999908e+00 -1.342147210000000035e+00 -1.342013649999999947e+00 -1.341880710000000088e+00 -1.341748399999999952e+00 -1.341616700000000106e+00 -1.341485610000000106e+00 -1.341355129999999951e+00 -1.341225260000000086e+00 -1.341095989999999905e+00 -1.340967320000000074e+00 -1.340839239999999988e+00 -1.340711750000000091e+00 -1.340584849999999939e+00 -1.340458530000000037e+00 -1.340332800000000102e+00 -1.340207640000000033e+00 -1.340083050000000053e+00 -1.339959040000000101e+00 -1.339835590000000076e+00 -1.339712699999999979e+00 -1.339590379999999969e+00 -1.339468600000000009e+00 -1.339347389999999915e+00 -1.339226720000000093e+00 -1.339106590000000097e+00
-2.761199980000000220e+00 -2.760749860000000222e+00 -2.760301769999999877e+00 -2.759855679999999811e+00 -2.759411580000000086e+00 -2.758969430000000056e+00 -2.758529209999999843e+00 -2.758090909999999951e+00 -2.757654490000000180e+00 -2.757219940000000147e+00 -2.756787249999999911e+00 -2.756356380000000161e+00 -2.755927339999999948e+00 -2.755500089999999958e+00 -2.755074630000000191e+00 -2.754650949999999821e+00 -2.754229019999999917e+00 -2.753808830000000096e+00 -2.753390379999999915e+00 -2.752973649999999939e+00 -2.752558619999999845e+00 -2.752145309999999956e+00 -2.751733680000000071e+00 -2.751323730000000189e+00 -2.750915459999999868e+00 -2.750508850000000116e+00 -2.750068870000000221e+00 -2.749665450000000178e+00 -2.749263669999999937e+00 -2.748863529999999944e+00 -2.748465019999999814e+00 -2.748068139999999993e+00 -2.747672890000000034e+00 -2.747279250000000062e+00 -2.746887230000000013e+00 -2.746496810000000011e+00 -2.746108009999999933e+00 -2.745720799999999961e+00 -2.745335199999999976e+00 -2.744951190000000096e+00 -2.744568769999999880e+00 -2.744187940000000214e+00 -2.743808700000000211e+00 -2.743431039999999932e+00 -2.743054959999999820e+00 -2.742680459999999876e+00 -2.742307540000000099e+00 -2.741936200000000046e+00 -2.741566419999999837e+00 -2.741198219999999797e+00
-4.077123939999999891e+00 -4.076677189999999840e+00 -4.076232580000000105e+00 -4.075790089999999921e+00 -4.075349710000000236e+00 -4.074911450000000102e+00 -4.074475279999999699e+00 -4.074041199999999918e+00 -4.073609199999999930e+00 -4.073179279999999736e+00 -4.072751420000000344e+00 -4.072325610000000040e+00 -4.071901849999999712e+00 -4.071480120000000369e+00 -4.071060410000000296e+00 -4.070642720000000381e+00 -4.070227039999999796e+00 -4.069813350000000440e+00 -4.069401649999999648e+00 -4.068991920000000206e+00 -4.068584160000000338e+00 -4.068178350000000165e+00 -4.067774489999999687e+00 -4.067372559999999915e+00 -4.066972559999999959e+00 -4.066574469999999941e+00 -4.066178279999999923e+00 -4.065783989999999903e+00 -4.065391580000000005e+00 -4.065001040000000287e+00 -4.064612359999999924e+00 -4.064225529999999864e+00 -4.063840540000000168e+00 -4.063457380000000008e+00 -4.063076040000000333e+00 -4.062696510000000316e+00 -4.062318780000000018e+00 -4.061942829999999560e+00 -4.061568659999999831e+00 -4.061196260000000002e+00 -4.060825610000000196e+00 -4.060456710000000413e+00 -4.060089539999999886e+00 -4.059724089999999563e+00 -4.059360360000000334e+00 -4.058998329999999655e+00 -4.058637990000000251e+00 -4.058279330000000407e+00 -4.057922350000000122e+00 -4.057567019999999580e+00
-5.542715929999999958e+00 -5.541816250000000110e+00 -5.540920680000000154e+00 -5.540029170000000391e+00 -5.539141650000000361e+00 -5.538258080000000305e+00 -5.537378419999999579e+00 -5.536502610000000324e+00 -5.535630620000000057e+00 -5.534762399999999971e+00 -5.533897920000000248e+00 -5.533037140000000242e+00 -5.532180020000000198e+00 -5.531326540000000236e+00 -5.530476659999999711e+00 -5.529630349999999694e+00 -5.528787580000000368e+00 -5.527948330000000077e+00 -5.527112569999999891e+00 -5.526280289999999873e+00 -5.525451450000000264e+00 -5.524626040000000238e+00 -5.523804029999999976e+00 -5.522985420000000367e+00 -5.522170169999999878e+00 -5.521437950000000150e+00 -5.520629109999999784e+00 -5.519823599999999608e+00 -5.519021389999999805e+00 -5.518222490000000313e+00 -5.517426880000000367e+00 -5.516634540000000086e+00 -5.515845470000000361e+00 -5.515059660000000363e+00 -5.514277090000000214e+00 -5.513497759999999914e+00 -5.512721660000000412e+00 -5.511948779999999992e+00 -5.511179120000000431e+00 -5.510412660000000074e+00 -5.509649409999999747e+00 -5.508889349999999574e+00 -5.508132480000000442e+00 -5.507378789999999746e+00 -5.506628290000000092e+00 -5.505880949999999885e+00 -5.505136789999999891e+00 -5.504395790000000233e+00 -5.503657950000000021e+00 -5.502923270000000144e+00
-6.808307110000000328e+00 -6.807563090000000372e+00 -6.806822640000000035e+00 -6.806085730000000389e+00 -6.805352369999999596e+00 -6.804622529999999614e+00 -6.803896199999999617e+00 -6.803173359999999725e+00 -6.802454009999999940e+00 -6.801738120000000443e+00 -6.801025680000000406e+00 -6.800316669999999952e+00 -6.799611089999999969e+00 -6.798908909999999750e+00 -6.798210120000000245e+00 -6.797514699999999799e+00 -6.796822630000000309e+00 -6.796133910000000000e+00 -6.795448509999999942e+00 -6.794766420000000196e+00 -6.794087619999999994e+00 -6.793412090000000347e+00 -6.792739820000000428e+00 -6.792070790000000358e+00 -6.791404990000000197e+00 -6.790742390000000128e+00 -6.790082980000000212e+00 -6.789426739999999683e+00 -6.788773650000000437e+00 -6.788123699999999872e+00 -6.787476879999999824e+00 -6.786833149999999648e+00 -6.786192510000000233e+00 -6.785554939999999924e+00 -6.784920409999999791e+00 -6.784288919999999834e+00 -6.783660440000000236e+00 -6.783034960000000169e+00 -6.782412459999999754e+00 -6.781792920000000002e+00 -6.781176330000000085e+00 -6.780562660000000186e+00 -6.779951910000000304e+00 -6.779344039999999794e+00 -6.778739060000000372e+00 -6.778136929999999616e+00 -6.777537640000000252e+00 -6.776941169999999737e+00 -6.776347509999999907e+00 -6.775756639999999997e+00
-8.323954820000000865e+00 -8.322604610000000847e+00 -8.321260620000000330e+00 -8.319922760000000750e+00 -8.318590959999999868e+00 -8.317265120000000067e+00 -8.315945190000000764e+00 -8.314631090000000668e+00 -8.313322749999999317e+00 -8.312020119999999679e+00 -8.310723120000000463e+00 -8.309431710000000137e+00 -8.308145830000000842e+00 -8.306865430000000217e+00 -8.305590459999999453e+00 -8.304320880000000571e+00 -8.303056630000000382e+00 -8.301797690000000784e+00 -8.300544009999999417e+00 -8.299295550000000077e+00 -8.298052280000000280e+00 -8.296814169999999322e+00 -8.295581190000000049e+00 -8.294353299999999152e+00 -8.293130480000000304e+00 -8.292105290000000295e+00 -8.290892089999999826e+00 -8.289683889999999167e+00 -8.288480670000000217e+00 -8.287282400000000493e+00 -8.286089079999999996e+00 -8.284900670000000744e+00 -8.283717169999999186e+00 -8.282538560000000771e+00 -8.281364820000000293e+00 -8.280195940000000476e+00 -8.279031910000000494e+00 -8.277872710000000467e+00 -8.276718340000000396e+00 -8.275568769999999574e+00 -8.274424010000000607e+00 -8.273284049999999112e+00 -8.272148859999999715e+00 -8.271018449999999689e+00 -8.269892809999999983e+00 -8.268771929999999770e+00 -8.267655789999999172e+00 -8.266544400000000792e+00 -8.265437750000000250e+00 -8.264335830000000271e+00
-9.539200949999999679e+00 -9.538158360000000613e+00 -9.537120769999999581e+00 -9.536088160000000258e+00 -9.535060509999999212e+00 -9.534037809999999169e+00 -9.533020029999999423e+00 -9.532007159999999146e+00 -9.530999169999999410e+00 -9.529996049999999386e+00 -9.528997770000000145e+00 -9.528004320000000860e+00 -9.527015670000000824e+00 -9.526031800000000160e+00 -9.525052690000000766e+00 -9.524078319999999209e+00 -9.523108669999999165e+00 -9.522143709999999928e+00 -9.521183419999999842e+00 -9.520227789999999857e+00 -9.519276780000000215e+00 -9.518330369999999263e+00 -9.517388540000000674e+00 -9.516451280000000068e+00 -9.515518540000000414e+00 -9.514590319999999934e+00 -9.513666589999999701e+00 -9.512747320000000784e+00 -9.511832489999999751e+00 -9.510922069999999451e+00 -9.510016050000000831e+00 -9.509114399999999634e+00 -9.508217090000000482e+00 -9.507324099999999945e+00 -9.506435409999999919e+00 -9.505550989999999700e+00 -9.504670810000000358e+00 -9.503794859999999289e+00 -9.502923109999999340e+00 -9.502055540000000633e+00 -9.501192120000000685e+00 -9.500332820000000567e+00 -9.499477629999999451e+00 -9.498626509999999357e+00 -9.497779460000000284e+00 -9.496936429999999874e+00 -9.496097410000000849e+00 -9.495262379999999780e+00 -9.494431300000000462e+00 -9.493604160000000292e+00
-1.110504120000000050e+01 -1.110323840000000040e+01 -1.110144400000000076e+01 -1.109965790000000041e+01 -1.109787990000000057e+01 -1.109610999999999947e+01 -1.109434800000000010e+01 -1.109259390000000067e+01 -1.109084760000000003e+01 -1.108910900000000055e+01 -1.108737789999999990e+01 -1.108565429999999985e+01 -1.108393820000000041e+01 -1.108222939999999923e+01 -1.108052789999999987e+01 -1.107883370000000056e+01 -1.107714660000000073e+01 -1.107546669999999978e+01 -1.107379369999999952e+01 -1.107212780000000052e+01 -1.107046889999999983e+01 -1.106881680000000046e+01 -1.106717160000000000e+01 -1.106553330000000024e+01 -1.106420549999999992e+01 -1.106258000000000052e+01 -1.106096130000000066e+01 -1.105934919999999977e+01 -1.105774380000000079e+01 -1.105614510000000017e+01 -1.105455289999999913e+01 -1.105296730000000061e+01 -1.105138819999999988e+01 -1.104981569999999991e+01 -1.104824960000000011e+01 -1.104669009999999929e+01 -1.104513700000000043e+01 -1.104359029999999997e+01 -1.104205010000000087e+01 -1.104051630000000017e+01 -1.103898889999999966e+01 -1.103746789999999933e+01 -1.103595319999999980e+01 -1.103444490000000044e+01 -1.103294299999999950e+01 -1.103144739999999935e+01 -1.102995809999999999e+01 -1.102847509999999964e+01 -1.102699849999999948e+01 -1.102552810000000072e+01
-1.226970709999999976e+01 -1.226836420000000061e+01 -1.226702769999999987e+01 -1.226569759999999931e+01 -1.226437379999999955e+01 -1.226305649999999936e+01 -1.226174549999999996e+01 -1.226044079999999958e+01 -1.225914239999999999e+01 -1.225785029999999942e+01 -1.225656449999999964e+01 -1.225528480000000009e+01 -1.225401139999999955e+01 -1.225274409999999925e+01 -1.225148300000000035e+01 -1.225022790000000050e+01 -1.224897900000000028e+01 -1.224773609999999913e+01 -1.224649929999999998e+01 -1.224526840000000050e+01 -1.224404359999999947e+01 -1.224282469999999989e+01 -1.224161169999999998e+01 -1.224040450000000035e+01 -1.223920329999999979e+01 -1.223800789999999949e+01 -1.223681829999999948e+01 -1.223563440000000035e+01 -1.223445629999999973e+01 -1.223328389999999999e+01 -1.223211719999999936e+01 -1.223095619999999961e+01 -1.222980070000000019e+01 -1.222865089999999988e+01 -1.222750659999999989e+01 -1.222636789999999962e+01 -1.222523460000000028e+01 -1.222410690000000066e+01 -1.222298450000000081e+01 -1.222186759999999950e+01 -1.222075609999999912e+01 -1.221964990000000029e+01 -1.221854899999999944e+01 -1.221745340000000013e+01 -1.221636310000000059e+01 -1.221527799999999964e+01 -1.221419810000000084e+01 -1.221312329999999946e+01 -1.221205370000000023e+01 -1.221098929999999960e+01
-1.388581940000000081e+01 -1.388356090000000087e+01 -1.388131309999999985e+01 -1.387907580000000074e+01 -1.387684890000000060e+01 -1.387463209999999947e+01 -1.387242550000000030e+01 -1.387022890000000075e+01 -1.386804200000000087e+01 -1.386586490000000005e+01 -1.386369739999999950e+01 -1.386153939999999984e+01 -1.385939079999999990e+01 -1.385725150000000028e+01 -1.385512139999999981e+01 -1.385300040000000088e+01 -1.385088849999999994e+01 -1.384878549999999997e+01 -1.384669139999999921e+01 -1.384460619999999942e+01 -1.384252970000000005e+01 -1.384046179999999993e+01 -1.383840269999999961e+01 -1.383676509999999915e+01 -1.383472219999999986e+01 -1.383268780000000042e+01 -1.383066190000000084e+01 -1.382864430000000056e+01 -1.382663510000000073e+01 -1.382463420000000021e+01 -1.382264160000000075e+01 -1.382065719999999942e+01 -1.381868099999999977e+01 -1.381671290000000063e+01 -1.381475299999999962e+01 -1.381280119999999911e+01 -1.381085749999999912e+01 -1.380892189999999964e+01 -1.380699429999999950e+01 -1.380507470000000048e+01 -1.380316310000000080e+01 -1.380125950000000046e+01 -1.379936389999999946e+01 -1.379747620000000019e+01 -1.379559640000000087e+01 -1.379372449999999972e+01 -1.379186059999999969e+01 -1.379000450000000022e+01 -1.378815630000000070e+01 -1.378631599999999935e+01
-1.499970000000000070e+01 -1.499805450000000029e+01 -1.499641680000000044e+01 -1.499478700000000053e+01 -1.499316499999999941e+01 -1.499155080000000062e+01 -1.498994440000000061e+01 -1.498834569999999999e+01 -1.498675470000000054e+01 -1.498517149999999987e+01 -1.498359579999999980e+01 -1.498202779999999912e+01 -1.498046740000000021e+01 -1.497891450000000013e+01 -1.497736920000000005e+01 -1.497583140000000057e+01 -1.497430109999999992e+01 -1.497277809999999931e+01 -1.497126259999999931e+01 -1.496975450000000052e+01 -1.496825369999999999e+01 -1.496676019999999951e+01 -1.496527400000000085e+01 -1.496379499999999929e+01 -1.496232320000000016e+01 -1.496085859999999990e+01 -1.495940109999999912e+01 -1.495795069999999960e+01 -1.495650739999999956e+01 -1.495507109999999962e+01 -1.495364179999999976e+01 -1.495221940000000060e+01 -1.495080399999999976e+01 -1.494939540000000022e+01 -1.494799369999999961e+01 -1.494659889999999969e+01 -1.494521079999999991e+01 -1.494382940000000026e+01 -1.494245470000000076e+01 -1.494108669999999961e+01 -1.493972540000000038e+01 -1.493837060000000072e+01 -1.493702240000000003e+01 -1.493568070000000070e+01 -1.493434549999999916e+01 -1.493301680000000076e+01 -1.493169450000000076e+01 -1.493037849999999978e+01 -1.492906890000000075e+01 -1.492776560000000075e+01
-1.666649400000000014e+01 -1.666377629999999854e+01 -1.666107170000000082e+01 -1.665838000000000108e+01 -1.665570089999999936e+01 -1.665303439999999924e+01 -1.665038020000000074e+01 -1.664773810000000154e+01 -1.664510800000000046e+01 -1.664248979999999989e+01 -1.663988330000000104e+01 -1.663728839999999920e+01 -1.663470489999999913e+01 -1.663213269999999966e+01 -1.662957169999999962e+01 -1.662702180000000141e+01 -1.662448279999999912e+01 -1.662195480000000103e+01 -1.661943750000000009e+01 -1.661693079999999867e+01 -1.661443480000000150e+01 -1.661194929999999914e+01 -1.660947429999999869e+01 -1.660752689999999987e+01 -1.660507159999999871e+01 -1.660262649999999951e+01 -1.660019150000000110e+01 -1.659776670000000109e+01 -1.659535190000000071e+01 -1.659294720000000112e+01 -1.659055239999999998e+01 -1.658816750000000084e+01 -1.658579239999999899e+01 -1.658342719999999915e+01 -1.658107180000000014e+01 -1.657872610000000080e+01 -1.657639019999999874e+01 -1.657406389999999874e+01 -1.657174720000000079e+01 -1.656944019999999895e+01 -1.656714279999999917e+01 -1.656485490000000027e+01 -1.656257659999999987e+01 -1.656030780000000036e+01 -1.655804850000000172e+01 -1.655579870000000042e+01 -1.655355829999999884e+01 -1.655132740000000169e+01 -1.654910590000000070e+01 -1.654689379999999943e+01
-1.772908629999999874e+01 -1.772713560000000044e+01 -1.772519420000000068e+01 -1.772326209999999946e+01 -1.772133919999999918e+01 -1.771942560000000100e+01 -1.771752109999999902e+01 -1.771562580000000153e+01 -1.771373970000000142e+01 -1.771186259999999990e+01 -1.770999460000000170e+01 -1.770813569999999970e+01 -1.770628569999999868e+01 -1.770444469999999981e+01 -1.770261259999999837e+01 -1.770078940000000145e+01 -1.769897509999999841e+01 -1.769716959999999872e+01 -1.769537289999999885e+01 -1.769358490000000117e+01 -1.769180569999999975e+01 -1.769003509999999935e+01 -1.768827309999999997e+01 -1.768651979999999924e+01 -1.768477499999999836e+01 -1.768303870000000089e+01 -1.768131089999999972e+01 -1.767959150000000079e+01 -1.767788060000000172e+01 -1.767617800000000017e+01 -1.767448369999999969e+01 -1.767279770000000028e+01 -1.767111999999999838e+01 -1.766945039999999878e+01 -1.766778899999999908e+01 -1.766613570000000166e+01 -1.766449049999999943e+01 -1.766285329999999831e+01 -1.766122409999999832e+01 -1.765960289999999944e+01 -1.765798960000000051e+01 -1.765638410000000036e+01 -1.765478650000000016e+01 -1.765319660000000113e+01 -1.765161450000000087e+01 -1.765004009999999823e+01 -1.764847340000000031e+01 -1.764691420000000122e+01 -1.764536269999999973e+01 -1.764381870000000063e+01
-1.944704199999999972e+01 -1.944386060000000072e+01 -1.944069479999999928e+01 -1.943754440000000017e+01 -1.943440909999999988e+01 -1.943128880000000080e+01 -1.942818319999999943e+01 -1.942509199999999936e+01 -1.942201520000000059e+01 -1.941895249999999962e+01 -1.941590370000000121e+01 -1.941286859999999947e+01 -1.940984720000000152e+01 -1.940683909999999912e+01 -1.940384440000000055e+01 -1.940086270000000113e+01 -1.939789409999999847e+01 -1.939493829999999974e+01 -1.939199520000000021e+01 -1.938906469999999871e+01 -1.938614679999999879e+01 -1.938324130000000167e+01 -1.938034800000000146e+01 -1.937808319999999895e+01 -1.937521320000000102e+01 -1.937235520000000122e+01 -1.936950919999999954e+01 -1.936667500000000075e+01 -1.936385260000000130e+01 -1.936104200000000120e+01 -1.935824300000000164e+01 -1.935545570000000026e+01 -1.935267989999999827e+01 -1.934991559999999922e+01 -1.934716269999999838e+01 -1.934442130000000049e+01 -1.934169109999999847e+01 -1.933897229999999823e+01 -1.933626479999999859e+01 -1.933356849999999838e+01 -1.933088329999999999e+01 -1.932820930000000104e+01 -1.932554650000000152e+01 -1.932289469999999909e+01 -1.932025399999999848e+01 -1.931762439999999970e+01 -1.931500570000000039e+01 -1.931239809999999935e+01 -1.930980140000000134e+01 -1.930721559999999926e+01
-2.045787779999999856e+01 -2.045561890000000105e+01 -2.045337079999999830e+01 -2.045113339999999980e+01 -2.044890660000000082e+01 -2.044669049999999899e+01 -2.044448500000000024e+01 -2.044229010000000102e+01 -2.044010580000000132e+01 -2.043793189999999882e+01 -2.043576849999999823e+01 -2.043361559999999955e+01 -2.043147300000000044e+01 -2.042934079999999852e+01 -2.042721900000000090e+01 -2.042510740000000169e+01 -2.042300609999999850e+01 -2.042091500000000082e+01 -2.041883410000000154e+01 -2.041676319999999833e+01 -2.041470250000000064e+01 -2.041265190000000018e+01 -2.041061120000000173e+01 -2.040858049999999935e+01 -2.040655969999999897e+01 -2.040454880000000060e+01 -2.040254780000000068e+01 -2.040055650000000043e+01 -2.039857500000000101e+01 -2.039660320000000127e+01 -2.039464110000000119e+01 -2.039268849999999844e+01 -2.039074559999999892e+01 -2.038881220000000027e+01 -2.038688820000000135e+01 -2.038497369999999975e+01 -2.038306860000000142e+01 -2.038117289999999926e+01 -2.037928640000000158e+01 -2.037740919999999889e+01 -2.037554120000000069e+01 -2.037368229999999869e+01 -2.037183260000000118e+01 -2.036999199999999988e+01 -2.036816029999999955e+01 -2.036633769999999899e+01 -2.036452389999999824e+01 -2.036271909999999963e+01 -2.036092310000000083e+01 -2.035913580000000067e+01
-2.222712569999999843e+01 -2.222347380000000072e+01 -2.221984039999999894e+01 -2.221622509999999906e+01 -2.221262769999999875e+01 -2.220904790000000162e+01 -2.220548529999999943e+01 -2.220193980000000167e+01 -2.219841100000000012e+01 -2.219489880000000070e+01 -2.219140289999999993e+01 -2.218792309999999901e+01 -2.218445910000000154e+01 -2.218101090000000042e+01 -2.217757810000000163e+01 -2.217416070000000161e+01 -2.217075840000000042e+01 -2.216737099999999927e+01 -2.216399850000000171e+01 -2.216064060000000069e+01 -2.215729729999999975e+01 -2.215396829999999895e+01 -2.215136670000000052e+01 -2.214806480000000022e+01 -2.214477700000000127e+01 -2.214150310000000133e+01 -2.213824299999999923e+01 -2.213499660000000091e+01 -2.213176380000000165e+01 -2.212854460000000145e+01 -2.212533870000000036e+01 -2.212214630000000071e+01 -2.211896709999999899e+01 -2.211580119999999994e+01 -2.211264840000000120e+01 -2.210950869999999924e+01 -2.210638199999999998e+01 -2.210326829999999987e+01 -2.210016750000000130e+01 -2.209707949999999954e+01 -2.209400439999999932e+01 -2.209094199999999830e+01 -2.208789230000000003e+01 -2.208485539999999858e+01 -2.208183100000000110e+01 -2.207881929999999926e+01 -2.207582019999999901e+01 -2.207283359999999917e+01 -2.206985949999999974e+01 -2.206689779999999956e+01
-2.318597370000000168e+01 -2.318340369999999950e+01 -2.318084580000000017e+01 -2.317830010000000129e+01 -2.317576640000000054e+01 -2.317324479999999909e+01 -2.317073519999999931e+01 -2.316823760000000121e+01 -2.316575200000000123e+01 -2.316327820000000060e+01 -2.316081630000000047e+01 -2.315836630000000085e+01 -2.315592810000000057e+01 -2.315350159999999846e+01 -2.315108689999999925e+01 -2.314868380000000059e+01 -2.314629240000000010e+01 -2.314391249999999900e+01 -2.314154429999999962e+01 -2.313918749999999847e+01 -2.313684220000000025e+01 -2.313450840000000142e+01 -2.313218589999999963e+01 -2.312987469999999846e+01 -2.312757489999999905e+01 -2.312528629999999907e+01 -2.312300889999999853e+01 -2.312074259999999981e+01 -2.311848750000000052e+01 -2.311624339999999833e+01 -2.311401040000000151e+01 -2.311178830000000062e+01 -2.310957709999999921e+01 -2.310737680000000083e+01 -2.310518730000000076e+01 -2.310300859999999901e+01 -2.310084060000000150e+01 -2.309868330000000114e+01 -2.309653660000000031e+01 -2.309440049999999900e+01 -2.309227489999999960e+01 -2.309015979999999857e+01 -2.308805509999999828e+01 -2.308596070000000111e+01 -2.308387670000000114e+01 -2.308180300000000074e+01 -2.307973949999999874e+01 -2.307768610000000109e+01 -2.307564289999999829e+01 -2.307360969999999867e+01
-2.500689360000000150e+01 -2.500276330000000158e+01 -2.499865459999999828e+01 -2.499456710000000115e+01 -2.499050039999999839e+01 -2.498645409999999956e+01 -2.498242799999999875e+01 -2.497842169999999840e+01 -2.497443480000000093e+01 -2.497046720000000164e+01 -2.496651849999999939e+01 -2.496258840000000134e+01 -2.495867670000000160e+01 -2.495478320000000139e+01 -2.495090749999999957e+01 -2.494704949999999855e+01 -2.494320889999999835e+01 -2.493938560000000138e+01 -2.493557940000000173e+01 -2.493178989999999828e+01 -2.492801719999999932e+01 -2.492426100000000133e+01 -2.492132499999999951e+01 -2.491759980000000141e+01 -2.491389059999999844e+01 -2.491019740000000127e+01 -2.490651989999999927e+01 -2.490285799999999838e+01 -2.489921169999999861e+01 -2.489558080000000118e+01 -2.489196520000000135e+01 -2.488836470000000034e+01 -2.488477939999999933e+01 -2.488120909999999952e+01 -2.487765359999999859e+01 -2.487411300000000125e+01 -2.487058719999999923e+01 -2.486707600000000085e+01 -2.486357939999999900e+01 -2.486009729999999962e+01 -2.485662969999999916e+01 -2.485317660000000117e+01 -2.484973769999999860e+01 -2.484631320000000088e+01 -2.484290289999999857e+01 -2.483950679999999878e+01 -2.483612490000000150e+01 -2.483275709999999847e+01 -2.482940329999999918e+01 -2.482606360000000123e+01
-2.591291060000000002e+01 -2.591002609999999962e+01 -2.590715519999999827e+01 -2.590429779999999838e+01 -2.590145389999999992e+01 -2.589862340000000174e+01 -2.589580640000000145e+01 -2.589300270000000026e+01 -2.589021230000000173e+01 -2.588743519999999876e+01 -2.588467139999999844e+01 -2.588192090000000078e+01 -2.587918349999999990e+01 -2.587645919999999933e+01 -2.587374810000000025e+01 -2.587105000000000032e+01 -2.586836489999999955e+01 -2.586569280000000148e+01 -2.586303360000000140e+01 -2.586038729999999930e+01 -2.585775389999999874e+01 -2.585513329999999854e+01 -2.585252540000000110e+01 -2.584993019999999930e+01 -2.584734770000000026e+01 -2.584477770000000163e+01 -2.584222039999999865e+01 -2.583967559999999963e+01 -2.583714319999999987e+01 -2.583462319999999934e+01 -2.583211560000000162e+01 -2.582962039999999959e+01 -2.582713740000000158e+01 -2.582466660000000047e+01 -2.582220799999999983e+01 -2.581976149999999848e+01 -2.581732699999999880e+01 -2.581490459999999842e+01 -2.581249409999999855e+01 -2.581009549999999919e+01 -2.580770869999999917e+01 -2.580533379999999966e+01 -2.580297059999999831e+01 -2.580061909999999870e+01 -2.579827919999999963e+01 -2.579595090000000113e+01 -2.579363409999999845e+01 -2.579132879999999872e+01 -2.578903490000000076e+01 -2.578675240000000102e+01
-2.778685889999999858e+01 -2.778223810000000071e+01 -2.777764240000000129e+01 -2.777307139999999919e+01 -2.776852470000000039e+01 -2.776400179999999906e+01 -2.775950230000000118e+01 -2.775502570000000091e+01 -2.775057179999999946e+01 -2.774614010000000164e+01 -2.774173030000000040e+01 -2.773734200000000172e+01 -2.773297499999999971e+01 -2.772862879999999919e+01 -2.772430329999999898e+01 -2.771999800000000036e+01 -2.771571289999999976e+01 -2.771144740000000084e+01 -2.770720160000000121e+01 -2.770297499999999857e+01 -2.769876740000000126e+01 -2.769457870000000099e+01 -2.769130189999999914e+01 -2.768714849999999927e+01 -2.768301350000000127e+01 -2.767889650000000046e+01 -2.767479739999999921e+01 -2.767071609999999993e+01 -2.766665229999999909e+01 -2.766260600000000025e+01 -2.765857689999999991e+01 -2.765456500000000162e+01 -2.765057009999999948e+01 -2.764659209999999945e+01 -2.764263079999999917e+01 -2.763868629999999982e+01 -2.763475830000000144e+01 -2.763084669999999932e+01 -2.762695150000000055e+01 -2.762307260000000042e+01 -2.761920990000000131e+01 -2.761536329999999850e+01 -2.761153270000000148e+01 -2.760771809999999959e+01 -2.760391939999999877e+01 -2.760013650000000140e+01 -2.759636940000000038e+01 -2.759261800000000164e+01 -2.758888220000000047e+01 -2.758516210000000157e+01
-2.863915099999999825e+01 -2.863594889999999893e+01 -2.863276180000000082e+01 -2.862958950000000158e+01 -2.862643200000000121e+01 -2.862328940000000088e+01 -2.862016149999999826e+01 -2.861704840000000161e+01 -2.861394999999999911e+01 -2.861086620000000025e+01 -2.860779700000000147e+01 -2.860474250000000040e+01 -2.860170249999999825e+01 -2.859867699999999857e+01 -2.859566590000000019e+01 -2.859266930000000073e+01 -2.858968709999999902e+01 -2.858671920000000100e+01 -2.858376559999999955e+01 -2.858082620000000063e+01 -2.857790100000000066e+01 -2.857498999999999967e+01 -2.857209310000000002e+01 -2.856921020000000055e+01 -2.856634139999999888e+01 -2.856348649999999978e+01 -2.856064560000000085e+01 -2.855781849999999977e+01 -2.855500520000000009e+01 -2.855220569999999825e+01 -2.854941990000000018e+01 -2.854664779999999880e+01 -2.854388919999999885e+01 -2.854114420000000152e+01 -2.853841279999999969e+01 -2.853569480000000169e+01 -2.853299009999999925e+01 -2.853029880000000063e+01 -2.852762080000000111e+01 -2.852495610000000070e+01 -2.852230450000000062e+01 -2.851966600000000085e+01 -2.851704060000000140e+01 -2.851442820000000111e+01 -2.851182869999999880e+01 -2.850924219999999920e+01 -2.850666839999999880e+01 -2.850410749999999993e+01 -2.850155930000000026e+01 -2.849902369999999863e+01
-3.056636400000000009e+01 -3.056123649999999969e+01 -3.055613839999999826e+01 -3.055106890000000064e+01 -3.054602769999999978e+01 -3.054101410000000172e+01 -3.053602770000000177e+01 -3.053106800000000121e+01 -3.052613440000000011e+01 -3.052122659999999854e+01 -3.051634400000000014e+01 -3.051148630000000139e+01 -3.050665310000000119e+01 -3.050184390000000079e+01 -3.049705840000000023e+01 -3.049229629999999958e+01 -3.048755720000000125e+01 -3.048284070000000057e+01 -3.047814659999999876e+01 -3.047347449999999824e+01 -3.046882409999999908e+01 -3.046518379999999837e+01 -3.046057430000000110e+01 -3.045598569999999938e+01 -3.045141789999999915e+01 -3.044687049999999928e+01 -3.044234349999999978e+01 -3.043783639999999835e+01 -3.043334929999999972e+01 -3.042888170000000159e+01 -3.042443370000000158e+01 -3.042000489999999857e+01 -3.041559529999999967e+01 -3.041120460000000136e+01 -3.040683280000000011e+01 -3.040247959999999949e+01 -3.039814489999999836e+01 -3.039382870000000025e+01 -3.038953070000000167e+01 -3.038525089999999906e+01 -3.038098910000000075e+01 -3.037674519999999845e+01 -3.037251919999999927e+01 -3.036831090000000088e+01 -3.036412019999999856e+01 -3.035994709999999941e+01 -3.035579149999999871e+01 -3.035165320000000122e+01 -3.034753230000000102e+01 -3.034342859999999931e+01
2.726534549999999868e+01 2.726243870000000058e+01 2.725954580000000149e+01 2.725666680000000142e+01 2.725380150000000157e+01 2.725094989999999839e+01 2.724811210000000017e+01 2.724528790000000100e+01 2.724247730000000089e+01 2.723968029999999985e+01 2.723689690000000141e+01 2.723412689999999969e+01 2.723137029999999825e+01 2.722862719999999825e+01 2.722589740000000091e+01 2.722318100000000030e+01 2.722047770000000000e+01 2.721778769999999881e+01 2.721511089999999911e+01 2.721244719999999973e+01 2.720979649999999950e+01 2.720715879999999842e+01 2.720453420000000122e+01 2.720192240000000083e+01 2.719932349999999843e+01 2.719673739999999995e+01 2.719416409999999829e+01 2.719160340000000176e+01 2.718905549999999849e+01 2.718652009999999919e+01 2.718399730000000147e+01 2.718148700000000062e+01 2.717898909999999901e+01 2.717650360000000020e+01 2.717403050000000064e+01 2.717156960000000154e+01 2.716912089999999935e+01 2.716668449999999879e+01 2.716426009999999991e+01 2.716184780000000032e+01 2.715944749999999885e+01 2.715705910000000145e+01 2.715468269999999862e+01 2.715231809999999868e+01 2.714996520000000046e+01 2.714762410000000159e+01 2.714529459999999972e+01 2.714297679999999957e+01 2.714067049999999881e+01 2.713837579999999861e+01
2.926968450000000033e+01 2.926455860000000087e+01 2.925946559999999863e+01 2.925440469999999848e+01 2.924937530000000052e+01 2.924437659999999894e+01 2.923940809999999857e+01 2.923446889999999954e+01 2.922955869999999834e+01 2.922467659999999867e+01 2.921982230000000058e+01 2.921499509999999944e+01 2.921019450000000006e+01 2.920542000000000016e+01 2.920067119999999861e+01 2.919594749999999905e+01 2.919124839999999921e+01 2.918657370000000029e+01 2.918192279999999883e+01 2.917729530000000082e+01 2.917269089999999920e+01 2.916810919999999996e+01 2.916354979999999841e+01 2.915901249999999933e+01 2.915449680000000043e+01 2.915000249999999937e+01 2.914552919999999858e+01 2.914107669999999928e+01 2.913664479999999912e+01 2.913223310000000055e+01 2.912784140000000122e+01 2.912346940000000117e+01 2.911911699999999925e+01 2.911478389999999905e+01 2.911046999999999940e+01 2.910617489999999918e+01 2.910189850000000078e+01 2.909764069999999947e+01 2.909340130000000002e+01 2.908918010000000010e+01 2.908497690000000091e+01 2.908079169999999891e+01 2.907662420000000125e+01 2.907247429999999966e+01 2.906834190000000007e+01 2.906422690000000131e+01 2.906012919999999866e+01 2.905727780000000138e+01 2.905321259999999839e+01 2.904916439999999866e+01
2.454359720000000067e+01 2.454099319999999906e+01 2.453840170000000143e+01 2.453582270000000065e+01 2.453325609999999912e+01 2.453070190000000039e+01 2.452816010000000091e+01 2.452563059999999950e+01 2.452311329999999856e+01 2.452060820000000163e+01 2.451811539999999923e+01 2.451563459999999850e+01 2.451316599999999823e+01 2.451070939999999965e+01 2.450826479999999918e+01 2.450583220000000040e+01 2.450341149999999857e+01 2.450100270000000080e+01 2.449860569999999882e+01 2.449622049999999973e+01 2.449384699999999881e+01 2.449148509999999845e+01 2.448913500000000099e+01 2.448679639999999935e+01 2.448446930000000066e+01 2.448215370000000135e+01 2.447984960000000143e+01 2.447755679999999856e+01 2.447527540000000101e+01 2.447300519999999935e+01 2.447074629999999829e+01 2.446849860000000021e+01 2.446626200000000040e+01 2.446403649999999885e+01 2.446182200000000151e+01 2.445961850000000126e+01 2.445742590000000050e+01 2.445524419999999921e+01 2.445307329999999979e+01 2.445091319999999868e+01 2.444876379999999827e+01 2.444662509999999855e+01 2.444449699999999837e+01 2.444237940000000009e+01 2.444027240000000134e+01 2.443817579999999978e+01 2.443608959999999897e+01 2.443401370000000128e+01 2.443194820000000078e+01 2.442989289999999869e+01
2.648415520000000001e+01 2.647956410000000105e+01 2.647500090000000128e+01 2.647046489999999963e+01 2.646595569999999853e+01 2.646147249999999929e+01 2.645701499999999839e+01 2.645258259999999950e+01 2.644817480000000032e+01 2.644379109999999855e+01 2.643943110000000019e+01 2.643509420000000176e+01 2.643078020000000095e+01 2.642648850000000138e+01 2.642221890000000073e+01 2.641797079999999909e+01 2.641374400000000122e+01 2.640953820000000007e+01 2.640535290000000046e+01 2.640118779999999887e+01 2.639704280000000125e+01 2.639291730000000058e+01 2.638881130000000041e+01 2.638472439999999963e+01 2.638065629999999828e+01 2.637660689999999875e+01 2.637257590000000107e+01 2.636856300000000175e+01 2.636456799999999845e+01 2.636059080000000066e+01 2.635663119999999893e+01 2.635268890000000042e+01 2.634876390000000157e+01 2.634485580000000127e+01 2.634096459999999951e+01 2.633709010000000106e+01 2.633323220000000120e+01 2.632939070000000115e+01 2.632556560000000090e+01 2.632175660000000050e+01 2.631796359999999879e+01 2.631418659999999932e+01 2.631042550000000091e+01 2.630668010000000123e+01 2.630295029999999912e+01 2.629923610000000167e+01 2.629668679999999981e+01 2.629300200000000132e+01 2.628933250000000044e+01 2.628567819999999955e+01
2.182090219999999903e+01 2.181859790000000032e+01 2.181630469999999988e+01 2.181402260000000126e+01 2.181175160000000091e+01 2.180949150000000003e+01 2.180724250000000097e+01 2.180500430000000023e+01 2.180277710000000013e+01 2.180056069999999835e+01 2.179835509999999843e+01 2.179616040000000154e+01 2.179397630000000063e+01 2.179180290000000042e+01 2.178964020000000090e+01 2.178748810000000091e+01 2.178534649999999928e+01 2.178321550000000073e+01 2.178109489999999937e+01 2.177898479999999992e+01 2.177688510000000122e+01 2.177479560000000092e+01 2.177271650000000136e+01 2.177064770000000138e+01 2.176858899999999863e+01 2.176654050000000140e+01 2.176450210000000141e+01 2.176247379999999865e+01 2.176045540000000145e+01 2.175844710000000148e+01 2.175644869999999997e+01 2.175446009999999930e+01 2.175248140000000063e+01 2.175051240000000163e+01 2.174855319999999992e+01 2.174660360000000026e+01 2.174466370000000026e+01 2.174273339999999877e+01 2.174081260000000171e+01 2.173890120000000081e+01 2.173699939999999842e+01 2.173510690000000167e+01 2.173322380000000109e+01 2.173134990000000144e+01 2.172948530000000034e+01 2.172762990000000016e+01 2.172578370000000092e+01 2.172394650000000027e+01 2.172211850000000055e+01 2.172029939999999826e+01
2.369815140000000042e+01 2.369407530000000150e+01 2.369002300000000005e+01 2.368599389999999971e+01 2.368198759999999936e+01 2.367800360000000026e+01 2.367404140000000012e+01 2.367010069999999899e+01 2.366618100000000169e+01 2.366228200000000115e+01 2.365840329999999980e+01 2.365454439999999892e+01 2.365070509999999970e+01 2.364688509999999866e+01 2.364308400000000177e+01 2.363930149999999841e+01 2.363553729999999931e+01 2.363179119999999855e+01 2.362806279999999859e+01 2.362435199999999824e+01 2.362065850000000111e+01 2.361698200000000014e+01 2.361332230000000010e+01 2.360967919999999864e+01 2.360605260000000172e+01 2.360244210000000109e+01 2.359884770000000032e+01 2.359526920000000061e+01 2.359170629999999846e+01 2.358815889999999982e+01 2.358462689999999995e+01 2.358111020000000124e+01 2.357760850000000019e+01 2.357412180000000035e+01 2.357064989999999938e+01 2.356719280000000083e+01 2.356375020000000120e+01 2.356032210000000049e+01 2.355690849999999870e+01 2.355350909999999942e+01 2.355012400000000028e+01 2.354675299999999893e+01 2.354339600000000132e+01 2.354005300000000034e+01 2.353672389999999837e+01 2.353447720000000132e+01 2.353117429999999999e+01 2.352788520000000005e+01 2.352460969999999918e+01 2.352134780000000092e+01
1.909683719999999951e+01 1.909482969999999824e+01 1.909283190000000019e+01 1.909084379999999825e+01 1.908886529999999837e+01 1.908689650000000171e+01 1.908493729999999999e+01 1.908298759999999916e+01 1.908104739999999921e+01 1.907911670000000015e+01 1.907719549999999842e+01 1.907528369999999995e+01 1.907338120000000004e+01 1.907148799999999866e+01 1.906960409999999939e+01 1.906772949999999867e+01 1.906586409999999887e+01 1.906400779999999884e+01 1.906216059999999857e+01 1.906032259999999923e+01 1.905849350000000086e+01 1.905667349999999871e+01 1.905486240000000109e+01 1.905306020000000089e+01 1.905126690000000167e+01 1.904948249999999987e+01 1.904770680000000027e+01 1.904593979999999931e+01 1.904418160000000171e+01 1.904243200000000158e+01 1.904069099999999892e+01 1.903895849999999967e+01 1.903723460000000145e+01 1.903551919999999953e+01 1.903381219999999985e+01 1.903211359999999885e+01 1.903042329999999893e+01 1.902874140000000125e+01 1.902706769999999992e+01 1.902540219999999849e+01 1.902374490000000051e+01 1.902209570000000127e+01 1.902045460000000077e+01 1.901882159999999899e+01 1.901719659999999834e+01 1.901557950000000119e+01 1.901397030000000044e+01 1.901236899999999963e+01 1.901077550000000116e+01 1.900918980000000147e+01
2.091219620000000035e+01 2.090862279999999984e+01 2.090506939999999858e+01 2.090153570000000016e+01 2.089802129999999991e+01 2.089452580000000026e+01 2.089104880000000009e+01 2.088759010000000060e+01 2.088414919999999952e+01 2.088072590000000162e+01 2.087731979999999865e+01 2.087393069999999895e+01 2.087055829999999901e+01 2.086720229999999887e+01 2.086386249999999976e+01 2.086053860000000171e+01 2.085723039999999884e+01 2.085393759999999830e+01 2.085066009999999892e+01 2.084739769999999837e+01 2.084415010000000024e+01 2.084091719999999981e+01 2.083769870000000068e+01 2.083449459999999931e+01 2.083130470000000045e+01 2.082812870000000061e+01 2.082496659999999977e+01 2.082181819999999917e+01 2.081868340000000117e+01 2.081556210000000107e+01 2.081245410000000007e+01 2.080935940000000173e+01 2.080627769999999899e+01 2.080320910000000012e+01 2.080015350000000041e+01 2.079711059999999989e+01 2.079408049999999974e+01 2.079106309999999880e+01 2.078805829999999943e+01 2.078506589999999932e+01 2.078208599999999961e+01 2.077911849999999916e+01 2.077616340000000150e+01 2.077322050000000075e+01 2.077127210000000090e+01 2.076835240000000127e+01 2.076544469999999976e+01 2.076254919999999871e+01 2.075966560000000172e+01 2.075679410000000047e+01
1.637214420000000104e+01 1.637043029999999888e+01 1.636872470000000135e+01 1.636702740000000134e+01 1.636533839999999884e+01 1.636365759999999980e+01 1.636198500000000067e+01 1.636032050000000027e+01 1.635866419999999977e+01 1.635701600000000155e+01 1.635537580000000091e+01 1.635374369999999900e+01 1.635211960000000175e+01 1.635050340000000091e+01 1.634889520000000118e+01 1.634729480000000024e+01 1.634570229999999924e+01 1.634411760000000058e+01 1.634254070000000070e+01 1.634097149999999843e+01 1.633941000000000088e+01 1.633785620000000094e+01 1.633631000000000100e+01 1.633477140000000105e+01 1.633324029999999993e+01 1.633171670000000120e+01 1.633020060000000129e+01 1.632869200000000021e+01 1.632719069999999917e+01 1.632569679999999934e+01 1.632421030000000073e+01 1.632273100000000099e+01 1.632125890000000012e+01 1.631979400000000169e+01 1.631833629999999857e+01 1.631688570000000027e+01 1.631544230000000084e+01 1.631400580000000033e+01 1.631257640000000109e+01 1.631115390000000076e+01 1.630973840000000052e+01 1.630832970000000159e+01 1.630692790000000159e+01 1.630553300000000050e+01 1.630414479999999955e+01 1.630276329999999874e+01 1.630138850000000161e+01 1.630002049999999869e+01 1.629865900000000067e+01 1.629730410000000163e+01
1.812602899999999906e+01 1.812294800000000095e+01 1.811988390000000138e+01 1.811683620000000161e+01 1.811380469999999931e+01 1.811078900000000047e+01 1.810778889999999919e+01 1.810480409999999907e+01 1.810183430000000016e+01 1.809887930000000011e+01 1.809593879999999899e+01 1.809301260000000156e+01 1.809010049999999836e+01 1.808720220000000012e+01 1.808431750000000093e+01 1.808144640000000081e+01 1.807858849999999862e+01 1.807574370000000030e+01 1.807291179999999997e+01 1.807009270000000001e+01 1.806728620000000163e+01 1.806449220000000011e+01 1.806171050000000022e+01 1.805894100000000080e+01 1.805618360000000067e+01 1.805343810000000104e+01 1.805070440000000076e+01 1.804798249999999982e+01 1.804527219999999943e+01 1.804257339999999843e+01 1.803988599999999920e+01 1.803721000000000174e+01 1.803454530000000133e+01 1.803189169999999919e+01 1.802924930000000003e+01 1.802661780000000036e+01 1.802399739999999895e+01 1.802138790000000057e+01 1.801878920000000051e+01 1.801620129999999875e+01 1.801362419999999886e+01 1.801105769999999850e+01 1.800850189999999884e+01 1.800684569999999951e+01 1.800431000000000026e+01 1.800178490000000053e+01 1.799927020000000155e+01 1.799676600000000093e+01 1.799427220000000105e+01 1.799178889999999953e+01
1.364688379999999945e+01 1.364546059999999983e+01 1.364404429999999913e+01 1.364263489999999912e+01 1.364123239999999981e+01 1.363983679999999943e+01 1.363844789999999918e+01 1.363706580000000024e+01 1.363569050000000082e+01 1.363432199999999916e+01 1.363296010000000003e+01 1.363160489999999925e+01 1.363025629999999921e+01 1.362891429999999993e+01 1.362757889999999961e+01 1.362625000000000064e+01 1.362492759999999947e+01 1.362361169999999966e+01 1.362230229999999942e+01 1.362099919999999997e+01 1.361970260000000010e+01 1.361841229999999925e+01 1.361712829999999919e+01 1.361585050000000052e+01 1.361457910000000027e+01 1.361331380000000024e+01 1.361205469999999984e+01 1.361080180000000084e+01 1.360955500000000029e+01 1.360831420000000058e+01 1.360707960000000050e+01 1.360585090000000008e+01 1.360462820000000050e+01 1.360341149999999999e+01 1.360220059999999975e+01 1.360099570000000035e+01 1.359979659999999946e+01 1.359860330000000062e+01 1.359741580000000027e+01 1.359623410000000021e+01 1.359505799999999986e+01 1.359388769999999980e+01 1.359272299999999944e+01 1.359156390000000059e+01 1.359041050000000084e+01 1.358926250000000024e+01 1.358812009999999937e+01 1.358698320000000059e+01 1.358585180000000037e+01 1.358472579999999930e+01
1.533995329999999946e+01 1.533735779999999949e+01 1.533477609999999913e+01 1.533220790000000022e+01 1.532965300000000042e+01 1.532711119999999916e+01 1.532458220000000004e+01 1.532206580000000073e+01 1.531956180000000067e+01 1.531706999999999930e+01 1.531459019999999960e+01 1.531212219999999924e+01 1.530966590000000060e+01 1.530722100000000019e+01 1.530478749999999977e+01 1.530236509999999939e+01 1.529995369999999966e+01 1.529755330000000058e+01 1.529516349999999925e+01 1.529278440000000039e+01 1.529041579999999989e+01 1.528805760000000014e+01 1.528570960000000056e+01 1.528337190000000057e+01 1.528104420000000019e+01 1.527872649999999943e+01 1.527641870000000068e+01 1.527412069999999922e+01 1.527183239999999920e+01 1.526955380000000062e+01 1.526728480000000054e+01 1.526502529999999958e+01 1.526277520000000010e+01 1.526053459999999973e+01 1.525830329999999968e+01 1.525608129999999996e+01 1.525386849999999939e+01 1.525166489999999975e+01 1.524947049999999926e+01 1.524728509999999915e+01 1.524510889999999996e+01 1.524294159999999998e+01 1.524157540000000033e+01 1.523942519999999945e+01 1.523728400000000072e+01 1.523515160000000002e+01 1.523302819999999969e+01 1.523091359999999916e+01 1.522880780000000023e+01 1.522671079999999932e+01
1.092116369999999925e+01 1.092002869999999959e+01 1.091889929999999964e+01 1.091777540000000002e+01 1.091665689999999955e+01 1.091554400000000058e+01 1.091443639999999959e+01 1.091333430000000071e+01 1.091223749999999981e+01 1.091114619999999924e+01 1.091006010000000082e+01 1.090897939999999977e+01 1.090790390000000087e+01 1.090683369999999996e+01 1.090576880000000060e+01 1.090470900000000043e+01 1.090365450000000003e+01 1.090260499999999944e+01 1.090156080000000038e+01 1.090052159999999937e+01 1.089948749999999933e+01 1.089845840000000088e+01 1.089743439999999985e+01 1.089641529999999925e+01 1.089540120000000023e+01 1.089439209999999925e+01 1.089338790000000046e+01 1.089238849999999914e+01 1.089139400000000002e+01 1.089040439999999954e+01 1.088941950000000070e+01 1.088843950000000049e+01 1.088746410000000076e+01 1.088649350000000027e+01 1.088552759999999964e+01 1.088456640000000064e+01 1.088360980000000033e+01 1.088265780000000049e+01 1.088171039999999934e+01 1.088076760000000043e+01 1.087982930000000081e+01 1.087889550000000050e+01 1.087796610000000008e+01 1.087704130000000013e+01 1.087612080000000070e+01 1.087520480000000056e+01 1.087429320000000033e+01 1.087338590000000060e+01 1.087248289999999962e+01 1.087158419999999914e+01
1.255360980000000026e+01 1.255149340000000002e+01 1.254938800000000043e+01 1.254729350000000032e+01 1.254520959999999974e+01 1.254313619999999929e+01 1.254107300000000080e+01 1.253902000000000072e+01 1.253697690000000087e+01 1.253494350000000068e+01 1.253291989999999956e+01 1.253090569999999992e+01 1.252890099999999940e+01 1.252690540000000041e+01 1.252491900000000058e+01 1.252294159999999934e+01 1.252097299999999969e+01 1.251901329999999923e+01 1.251706219999999981e+01 1.251511969999999963e+01 1.251318569999999930e+01 1.251126020000000061e+01 1.250934290000000004e+01 1.250743390000000055e+01 1.250553309999999918e+01 1.250364030000000071e+01 1.250175559999999919e+01 1.249987890000000057e+01 1.249801010000000012e+01 1.249614919999999962e+01 1.249429600000000029e+01 1.249245059999999974e+01 1.249061290000000035e+01 1.248878290000000035e+01 1.248696050000000035e+01 1.248514559999999918e+01 1.248333839999999917e+01 1.248153860000000037e+01 1.247974630000000040e+01 1.247796139999999987e+01 1.247687379999999990e+01 1.247510300000000072e+01 1.247333949999999980e+01 1.247158340000000010e+01 1.246983469999999983e+01 1.246809320000000021e+01 1.246635900000000063e+01 1.246463199999999993e+01 1.246291229999999928e+01 1.246119979999999927e+01
8.195052340000000157e+00 8.194203590000000759e+00 8.193358979999999292e+00 8.192518489999999431e+00 8.191682110000000350e+00 8.190849809999999565e+00 8.190021579999999801e+00 8.189197399999999405e+00 8.188377250000000274e+00 8.187561110000000753e+00 8.186748959999999187e+00 8.185940779999999251e+00 8.185136549999999289e+00 8.184336249999999424e+00 8.183539870000000604e+00 8.182747369999999520e+00 8.181958749999999725e+00 8.181173980000000512e+00 8.180393029999999399e+00 8.179615899999999939e+00 8.178842559999999651e+00 8.178072979999999603e+00 8.177307150000000746e+00 8.176545049999999648e+00 8.175786659999999983e+00 8.175031949999999270e+00 8.174280910000000233e+00 8.173533510000000391e+00 8.172789729999999864e+00 8.172049559999999602e+00 8.171312959999999848e+00 8.170579930000000601e+00 8.169850439999999381e+00 8.169124460000000809e+00 8.168401989999999557e+00 8.167682989999999421e+00 8.166967449999999573e+00 8.166255350000000135e+00 8.165546660000000401e+00 8.164841380000000370e+00 8.164139459999999460e+00 8.163440910000000272e+00 8.162745689999999499e+00 8.162053780000000813e+00 8.161365180000000663e+00 8.160679840000000240e+00 8.159997770000000372e+00 8.159318940000000353e+00 8.158643319999999477e+00 8.157970909999999520e+00
9.767264239999999376e+00 9.765622719999999646e+00 9.763989629999999309e+00 9.762364820000000165e+00 9.760748160000000340e+00 9.759139499999999856e+00 9.757538710000000393e+00 9.755945679999999953e+00 9.754360269999999389e+00 9.752782370000000256e+00 9.751211879999999610e+00 9.749648690000000784e+00 9.748092690000000005e+00 9.746543799999999536e+00 9.745001919999999984e+00 9.743466970000000060e+00 9.741938859999999423e+00 9.740417519999999385e+00 9.738902870000000433e+00 9.737394840000000329e+00 9.735893369999999436e+00 9.734398380000000017e+00 9.732909830000000539e+00 9.731427639999999712e+00 9.729951780000000383e+00 9.728482180000000312e+00 9.727018799999999743e+00 9.725561600000000695e+00 9.724110519999999980e+00 9.722665530000000444e+00 9.721226590000000556e+00 9.719793660000000557e+00 9.718366709999999742e+00 9.716945709999999181e+00 9.715530619999999118e+00 9.714121419999999674e+00 9.712718080000000143e+00 9.711320569999999819e+00 9.709928879999999651e+00 9.709126519999999871e+00 9.707745810000000475e+00 9.706370850000000772e+00 9.705001629999999935e+00 9.703638109999999983e+00 9.702280299999999968e+00 9.700928160000000133e+00 9.699581690000000478e+00 9.698240880000000175e+00 9.696905700000000294e+00 9.695576159999999888e+00
5.468578769999999700e+00 5.468014740000000096e+00 5.467453479999999644e+00 5.466894970000000242e+00 5.466339190000000237e+00 5.465786129999999687e+00 5.465235780000000432e+00 5.464688119999999927e+00 5.464143149999999949e+00 5.463600849999999731e+00 5.463061200000000284e+00 5.462524199999999830e+00 5.461989830000000268e+00 5.461458069999999942e+00 5.460928919999999742e+00 5.460402349999999849e+00 5.459878360000000264e+00 5.459356940000000158e+00 5.458838049999999775e+00 5.458321709999999882e+00 5.457807879999999834e+00 5.457296559999999630e+00 5.456787730000000280e+00 5.456281370000000130e+00 5.455777480000000068e+00 5.455276040000000215e+00 5.454777039999999744e+00 5.454280459999999664e+00 5.453786280000000097e+00 5.453294500000000156e+00 5.452805090000000021e+00 5.452318059999999633e+00 5.451833370000000123e+00 5.451351019999999714e+00 5.450870990000000305e+00 5.450393270000000179e+00 5.449917850000000286e+00 5.449444709999999858e+00 5.448973839999999846e+00 5.448505220000000371e+00 5.448038839999999716e+00 5.447574689999999720e+00 5.447112760000000442e+00 5.446653020000000289e+00 5.446195480000000089e+00 5.445740100000000083e+00 5.445286890000000213e+00 5.444835829999999710e+00 5.444386899999999585e+00 5.443940099999999838e+00
6.980972020000000278e+00 6.979802430000000335e+00 6.978638789999999759e+00 6.977481000000000044e+00 6.976328960000000023e+00 6.975182570000000304e+00 6.974041749999999595e+00 6.972906400000000282e+00 6.971776440000000186e+00 6.970651799999999731e+00 6.969532390000000355e+00 6.968418149999999756e+00 6.967309010000000136e+00 6.966204900000000144e+00 6.965105760000000146e+00 6.964011529999999617e+00 6.962922149999999810e+00 6.961837570000000142e+00 6.960757740000000027e+00 6.959682609999999769e+00 6.958612139999999613e+00 6.957546269999999922e+00 6.956484979999999929e+00 6.955428219999999939e+00 6.954375950000000195e+00 6.953328139999999991e+00 6.952284749999999569e+00 6.951245759999999940e+00 6.950211140000000398e+00 6.949180850000000298e+00 6.948154869999999761e+00 6.947133179999999797e+00 6.946115749999999700e+00 6.945102570000000419e+00 6.944093600000000421e+00 6.943088839999999706e+00 6.942088260000000233e+00 6.941091840000000346e+00 6.940574220000000238e+00 6.939585680000000423e+00 6.938601260000000437e+00 6.937620950000000342e+00 6.936644730000000258e+00 6.935672600000000187e+00 6.934704540000000250e+00 6.933740549999999558e+00 6.932780600000000071e+00 6.931824709999999889e+00 6.930872850000000085e+00 6.929925019999999769e+00
2.742107040000000051e+00 2.741826699999999839e+00 2.741547750000000061e+00 2.741270169999999951e+00 2.740993969999999891e+00 2.740719120000000064e+00 2.740445639999999905e+00 2.740173509999999979e+00 2.739902719999999903e+00 2.739633270000000120e+00 2.739365149999999804e+00 2.739098359999999843e+00 2.738832879999999914e+00 2.738568710000000017e+00 2.738305850000000152e+00 2.738044279999999997e+00 2.737784009999999935e+00 2.737525010000000147e+00 2.737267300000000070e+00 2.737010849999999884e+00 2.736755660000000034e+00 2.736501730000000077e+00 2.736249050000000071e+00 2.735997600000000141e+00 2.735747389999999779e+00 2.735498409999999936e+00 2.735250649999999784e+00 2.735004089999999888e+00 2.734758750000000127e+00 2.734514599999999795e+00 2.734271639999999781e+00 2.734029870000000084e+00 2.733789269999999938e+00 2.733549839999999786e+00 2.733311580000000074e+00 2.733074470000000034e+00 2.732838510000000110e+00 2.732603689999999919e+00 2.732369999999999965e+00 2.732137450000000189e+00 2.731906009999999885e+00 2.731675699999999818e+00 2.731446479999999788e+00 2.731218370000000117e+00 2.730991359999999979e+00 2.730765429999999938e+00 2.730540579999999995e+00 2.730316810000000149e+00 2.730094110000000018e+00 2.729872470000000106e+00
4.194659429999999745e+00 4.193959590000000404e+00 4.193263299999999916e+00 4.192570500000000422e+00 4.191881109999999744e+00 4.191195099999999840e+00 4.190512410000000187e+00 4.189832980000000262e+00 4.189156770000000307e+00 4.188483729999999738e+00 4.187813809999999748e+00 4.187146979999999630e+00 4.186483189999999688e+00 4.185822410000000104e+00 4.185164590000000295e+00 4.184509710000000382e+00 4.183857729999999719e+00 4.183208620000000266e+00 4.182562350000000428e+00 4.181918890000000388e+00 4.181278210000000328e+00 4.180640300000000309e+00 4.180005109999999746e+00 4.179372650000000355e+00 4.178742869999999776e+00 4.178115759999999845e+00 4.177491309999999736e+00 4.176869489999999630e+00 4.176250279999999648e+00 4.175633669999999853e+00 4.175019650000000304e+00 4.174408200000000235e+00 4.173799309999999707e+00 4.173192959999999729e+00 4.172589140000000363e+00 4.171987849999999831e+00 4.171389070000000032e+00 4.171156110000000083e+00 4.170562059999999960e+00 4.169970499999999802e+00 4.169381409999999732e+00 4.168794779999999811e+00 4.168210619999999977e+00 4.167628920000000292e+00 4.167049659999999989e+00 4.166472839999999955e+00 4.165898460000000192e+00 4.165326519999999810e+00 4.164756989999999881e+00 4.164189890000000283e+00
1.529114900000000041e-02 1.529388909999999935e-02 1.529663770000000075e-02 1.529939479999999942e-02 1.530216050000000015e-02 1.530493469999999988e-02 1.530771759999999954e-02 1.531050909999999952e-02 1.531330929999999944e-02 1.531611830000000063e-02 1.531893590000000041e-02 1.532176229999999972e-02 1.532459740000000070e-02 1.532744129999999948e-02 1.533029399999999952e-02 1.533315550000000083e-02 1.533602589999999953e-02 1.533890499999999990e-02 1.534179310000000074e-02 1.534468989999999977e-02 1.534759569999999927e-02 1.535051030000000004e-02 1.535343379999999994e-02 1.535636620000000070e-02 1.535930750000000060e-02 1.536225760000000003e-02 1.536521669999999992e-02 1.536818470000000068e-02 1.537116160000000058e-02 1.537414739999999960e-02 1.537714209999999949e-02 1.538014570000000025e-02 1.538315820000000014e-02 1.538617970000000050e-02 1.538921009999999999e-02 1.539224930000000074e-02 1.539529759999999983e-02 1.539835470000000019e-02 1.540142069999999967e-02 1.540449569999999962e-02 1.540757960000000044e-02 1.541067240000000040e-02 1.541377420000000081e-02 1.541688490000000036e-02 1.542000450000000078e-02 1.542313300000000033e-02 1.542627050000000034e-02 1.542941700000000083e-02 1.543257240000000044e-02 1.543573669999999919e-02
1.408545170000000013e+00 1.408313490000000057e+00 1.408082990000000034e+00 1.407853669999999946e+00 1.407625499999999974e+00 1.407398450000000079e+00 1.407172520000000038e+00 1.406947689999999973e+00 1.406723930000000067e+00 1.406501240000000097e+00 1.406279599999999963e+00 1.406058990000000009e+00 1.405839410000000012e+00 1.405620829999999932e+00 1.405403249999999993e+00 1.405186660000000032e+00 1.404971039999999949e+00 1.404756389999999966e+00 1.404542680000000043e+00 1.404329930000000060e+00 1.404118109999999975e+00 1.403907220000000011e+00 1.403697250000000007e+00 1.403488190000000024e+00 1.403280029999999901e+00 1.403072770000000080e+00 1.402866409999999897e+00 1.402660929999999917e+00 1.402456329999999918e+00 1.402252609999999899e+00 1.402049749999999984e+00 1.401847760000000109e+00 1.401646629999999893e+00 1.401446360000000002e+00 1.401246940000000052e+00 1.401048370000000043e+00 1.401100720000000077e+00 1.400903730000000014e+00 1.400707579999999952e+00 1.400512269999999893e+00 1.400317789999999896e+00 1.400124139999999962e+00 1.399931320000000090e+00 1.399739330000000059e+00 1.399548159999999930e+00 1.399357820000000086e+00 1.399168299999999920e+00 1.398979589999999940e+00 1.398791700000000082e+00 1.398604629999999904e+00
-2.711386969999999952e+00 -2.711101100000000041e+00 -2.710816589999999859e+00 -2.710533449999999789e+00 -2.710251650000000012e+00 -2.709971200000000024e+00 -2.709692089999999887e+00 -2.709414310000000103e+00 -2.709137859999999787e+00 -2.708862729999999885e+00 -2.708588910000000016e+00 -2.708316400000000179e+00 -2.708045180000000052e+00 -2.707775260000000017e+00 -2.707506630000000136e+00 -2.707239270000000086e+00 -2.706973189999999807e+00 -2.706708359999999924e+00 -2.706444799999999873e+00 -2.706182490000000218e+00 -2.705921420000000133e+00 -2.705661580000000122e+00 -2.705402980000000124e+00 -2.705145599999999817e+00 -2.704889430000000150e+00 -2.704634469999999791e+00 -2.704380710000000132e+00 -2.704128149999999842e+00 -2.703876769999999929e+00 -2.703626569999999951e+00 -2.703377549999999907e+00 -2.703129689999999918e+00 -2.702882989999999985e+00 -2.702637440000000169e+00 -2.702393030000000085e+00 -2.702149760000000178e+00 -2.701907620000000065e+00 -2.701666610000000190e+00 -2.701426709999999787e+00 -2.701187920000000187e+00 -2.700950230000000118e+00 -2.700713640000000026e+00 -2.700478139999999971e+00 -2.700243729999999953e+00 -2.700010380000000154e+00 -2.699778110000000009e+00 -2.699546900000000083e+00 -2.699316749999999931e+00 -2.699087650000000060e+00 -2.698859590000000086e+00
-1.378042970000000089e+00 -1.377806569999999953e+00 -1.377571340000000033e+00 -1.377337239999999907e+00 -1.377104249999999919e+00 -1.376872370000000068e+00 -1.376641570000000092e+00 -1.376411840000000053e+00 -1.376183149999999911e+00 -1.375955500000000109e+00 -1.375728880000000043e+00 -1.375503259999999894e+00 -1.375278640000000108e+00 -1.375054999999999916e+00 -1.374832330000000047e+00 -1.374610630000000056e+00 -1.374389869999999902e+00 -1.374170050000000032e+00 -1.373951160000000060e+00 -1.373733199999999988e+00 -1.373516139999999996e+00 -1.373299990000000026e+00 -1.373084739999999915e+00 -1.372870370000000007e+00 -1.372656890000000018e+00 -1.372444280000000072e+00 -1.372232539999999945e+00 -1.372021670000000082e+00 -1.371811660000000099e+00 -1.371602500000000058e+00 -1.371394180000000018e+00 -1.371186709999999920e+00 -1.370980080000000045e+00 -1.370774289999999951e+00 -1.370569329999999919e+00 -1.370296860000000061e+00 -1.370025489999999957e+00 -1.369822950000000095e+00 -1.369621229999999912e+00 -1.369420330000000074e+00 -1.369220230000000038e+00 -1.369020949999999903e+00 -1.368822479999999953e+00 -1.368624810000000025e+00 -1.368427950000000060e+00 -1.368231889999999895e+00 -1.368036629999999976e+00 -1.367842159999999918e+00 -1.367648500000000045e+00 -1.367455630000000033e+00
-5.437930060000000232e+00 -5.437360540000000242e+00 -5.436793770000000414e+00 -5.436229720000000043e+00 -5.435668390000000016e+00 -5.435109770000000395e+00 -5.434553840000000413e+00 -5.434000590000000130e+00 -5.433449999999999669e+00 -5.432902059999999977e+00 -5.432356770000000168e+00 -5.431814100000000423e+00 -5.431274039999999914e+00 -5.430736579999999591e+00 -5.430201710000000404e+00 -5.429669399999999868e+00 -5.429139659999999701e+00 -5.428612460000000084e+00 -5.428087780000000251e+00 -5.427565630000000141e+00 -5.427045969999999997e+00 -5.426528799999999819e+00 -5.426014109999999668e+00 -5.425501879999999666e+00 -5.424992089999999934e+00 -5.424484729999999644e+00 -5.423979789999999745e+00 -5.423477260000000300e+00 -5.422977109999999712e+00 -5.422479339999999759e+00 -5.421983929999999674e+00 -5.421490870000000406e+00 -5.421000140000000300e+00 -5.420511730000000306e+00 -5.420025619999999655e+00 -5.419541810000000126e+00 -5.419060270000000124e+00 -5.418580989999999709e+00 -5.418103969999999769e+00 -5.417629179999999600e+00 -5.417156620000000089e+00 -5.416686259999999642e+00 -5.416218109999999974e+00 -5.415752130000000442e+00 -5.415288320000000155e+00 -5.414826670000000064e+00 -5.414367160000000290e+00 -5.413909789999999944e+00 -5.413454530000000098e+00 -5.413001369999999923e+00
-4.164387940000000121e+00 -4.163683360000000278e+00 -4.162982300000000357e+00 -4.162284689999999898e+00 -4.161590470000000153e+00 -4.160899589999999648e+00 -4.160211989999999638e+00 -4.159527630000000364e+00 -4.158846460000000356e+00 -4.158168429999999915e+00 -4.157493500000000175e+00 -4.156821619999999662e+00 -4.156152760000000335e+00 -4.155486879999999772e+00 -4.154823949999999932e+00 -4.154163920000000232e+00 -4.153506759999999964e+00 -4.152852450000000140e+00 -4.152200960000000052e+00 -4.151552259999999883e+00 -4.150906309999999877e+00 -4.150263100000000094e+00 -4.149622609999999767e+00 -4.148984800000000028e+00 -4.148349669999999989e+00 -4.147717179999999892e+00 -4.147087319999999799e+00 -4.146460079999999770e+00 -4.145835429999999988e+00 -4.145213359999999625e+00 -4.144593849999999691e+00 -4.143976890000000246e+00 -4.143362469999999576e+00 -4.142750580000000404e+00 -4.142141200000000190e+00 -4.141511480000000134e+00 -4.140906890000000118e+00 -4.140304770000000190e+00 -4.139705130000000288e+00 -4.139107949999999647e+00 -4.138513220000000103e+00 -4.137920949999999820e+00 -4.137331119999999807e+00 -4.136743720000000124e+00 -4.136158749999999884e+00 -4.135576209999999975e+00 -4.134996079999999630e+00 -4.134418359999999737e+00 -4.133843050000000297e+00 -4.133270139999999593e+00
-8.164141120000000029e+00 -8.163287009999999455e+00 -8.162437029999999538e+00 -8.161591149999999573e+00 -8.160749369999999558e+00 -8.159911649999999739e+00 -8.159077979999999286e+00 -8.158248349999999149e+00 -8.157422739999999450e+00 -8.156601110000000432e+00 -8.155783460000000318e+00 -8.154969769999999230e+00 -8.154160010000000014e+00 -8.153354159999999240e+00 -8.152552209999999633e+00 -8.151754139999999538e+00 -8.150959920000000025e+00 -8.150169529999999440e+00 -8.149382960000000509e+00 -8.148600180000000748e+00 -8.147821170000000279e+00 -8.147045909999999225e+00 -8.146274390000000309e+00 -8.145506570000000224e+00 -8.144742439999999917e+00 -8.143981979999999510e+00 -8.143225169999999125e+00 -8.142471990000000659e+00 -8.141722409999999854e+00 -8.140976410000000385e+00 -8.140233979999999647e+00 -8.139495090000000488e+00 -8.138759730000000303e+00 -8.138027859999999336e+00 -8.137299479999999363e+00 -8.136574559999999678e+00 -8.135853069999999576e+00 -8.135135010000000833e+00 -8.134420340000000138e+00 -8.133709059999999269e+00 -8.133001130000000245e+00 -8.132296540000000462e+00 -8.131595270000000042e+00 -8.130897290000000055e+00 -8.130202600000000501e+00 -8.129511159999999848e+00 -8.128822969999999870e+00 -8.128137990000000812e+00 -8.127456210000000070e+00 -8.126777620000000368e+00
-6.950666459999999880e+00 -6.949492430000000276e+00 -6.948324320000000220e+00 -6.947162010000000443e+00 -6.946005419999999653e+00 -6.944854440000000295e+00 -6.943708980000000253e+00 -6.942568969999999950e+00 -6.941434309999999996e+00 -6.940304929999999928e+00 -6.939180760000000170e+00 -6.938061710000000382e+00 -6.936947739999999918e+00 -6.935838760000000214e+00 -6.934734719999999797e+00 -6.933635569999999859e+00 -6.932541229999999999e+00 -6.931451670000000398e+00 -6.930366819999999706e+00 -6.929286649999999881e+00 -6.928211110000000339e+00 -6.927140149999999608e+00 -6.926073729999999706e+00 -6.925011819999999929e+00 -6.923954369999999692e+00 -6.922901360000000004e+00 -6.921852750000000221e+00 -6.920808499999999697e+00 -6.919768600000000269e+00 -6.918733010000000405e+00 -6.917701710000000226e+00 -6.916674669999999914e+00 -6.915651869999999590e+00 -6.914633290000000265e+00 -6.913708589999999710e+00 -6.912698009999999726e+00 -6.911691600000000157e+00 -6.910689340000000236e+00 -6.909691200000000144e+00 -6.908697179999999882e+00 -6.907707249999999632e+00 -6.906721420000000222e+00 -6.905739660000000057e+00 -6.904761960000000087e+00 -6.903788320000000311e+00 -6.902818710000000024e+00 -6.901853140000000053e+00 -6.900891589999999631e+00 -6.899934059999999647e+00 -6.898980530000000222e+00
-1.089008409999999927e+01 -1.088894379999999984e+01 -1.088780900000000074e+01 -1.088667970000000018e+01 -1.088555589999999995e+01 -1.088443750000000065e+01 -1.088332459999999990e+01 -1.088221700000000070e+01 -1.088111490000000003e+01 -1.088001799999999974e+01 -1.087892650000000039e+01 -1.087784030000000079e+01 -1.087675929999999980e+01 -1.087568360000000034e+01 -1.087461309999999948e+01 -1.087354780000000076e+01 -1.087248770000000064e+01 -1.087143269999999973e+01 -1.087038279999999979e+01 -1.086933800000000083e+01 -1.086829829999999930e+01 -1.086726359999999936e+01 -1.086623389999999922e+01 -1.086520909999999951e+01 -1.086418940000000077e+01 -1.086317449999999951e+01 -1.086216450000000044e+01 -1.086115940000000002e+01 -1.086015920000000001e+01 -1.085916369999999986e+01 -1.085817310000000013e+01 -1.085718720000000026e+01 -1.085620600000000024e+01 -1.085522959999999948e+01 -1.085425779999999918e+01 -1.085329059999999934e+01 -1.085232809999999937e+01 -1.085137019999999985e+01 -1.085041679999999964e+01 -1.084946799999999989e+01 -1.084852369999999944e+01 -1.084758390000000006e+01 -1.084664859999999997e+01 -1.084571769999999979e+01 -1.084479119999999952e+01 -1.084386909999999915e+01 -1.084295129999999929e+01 -1.084203789999999934e+01 -1.084112879999999990e+01 -1.084022389999999980e+01
-9.736756339999999454e+00 -9.735110439999999699e+00 -9.733472929999999579e+00 -9.731843659999999119e+00 -9.730222489999999169e+00 -9.728609289999999632e+00 -9.727003919999999582e+00 -9.725406259999999747e+00 -9.723816180000000031e+00 -9.722233590000000092e+00 -9.720658359999999831e+00 -9.719090400000000685e+00 -9.717529600000000656e+00 -9.715975869999999404e+00 -9.714429120000000140e+00 -9.712889269999999797e+00 -9.711356240000000639e+00 -9.709829940000000548e+00 -9.708310300000000836e+00 -9.706797249999999266e+00 -9.705290740000000582e+00 -9.703790679999999114e+00 -9.702297030000000433e+00 -9.700809729999999576e+00 -9.699328720000000459e+00 -9.697853950000000722e+00 -9.696385369999999781e+00 -9.694922950000000483e+00 -9.693466629999999640e+00 -9.692016380000000098e+00 -9.690572149999999496e+00 -9.689133910000000682e+00 -9.687701640000000225e+00 -9.686476049999999560e+00 -9.685055059999999827e+00 -9.683639949999999885e+00 -9.682230669999999151e+00 -9.680827210000000349e+00 -9.679429550000000049e+00 -9.678037650000000269e+00 -9.676651509999999234e+00 -9.675271090000000740e+00 -9.673896389999999457e+00 -9.672527380000000008e+00 -9.671164049999999790e+00 -9.669806380000000701e+00 -9.668454360000000136e+00 -9.667107969999999995e+00 -9.665767210000000276e+00 -9.664432059999999325e+00
-1.361541229999999914e+01 -1.361398400000000031e+01 -1.361256260000000040e+01 -1.361114800000000002e+01 -1.360974030000000035e+01 -1.360833949999999959e+01 -1.360694540000000075e+01 -1.360555820000000082e+01 -1.360417759999999987e+01 -1.360280380000000022e+01 -1.360143659999999954e+01 -1.360007610000000078e+01 -1.359872230000000037e+01 -1.359737499999999955e+01 -1.359603420000000007e+01 -1.359469999999999956e+01 -1.359337230000000041e+01 -1.359205099999999966e+01 -1.359073620000000027e+01 -1.358942779999999928e+01 -1.358812570000000086e+01 -1.358682989999999968e+01 -1.358554050000000046e+01 -1.358425730000000087e+01 -1.358298029999999912e+01 -1.358170959999999994e+01 -1.358044499999999921e+01 -1.357918650000000049e+01 -1.357793410000000023e+01 -1.357668780000000019e+01 -1.357544760000000039e+01 -1.357421330000000026e+01 -1.357298499999999919e+01 -1.357176259999999957e+01 -1.357054609999999961e+01 -1.356933549999999933e+01 -1.356813069999999932e+01 -1.356693169999999959e+01 -1.356573840000000075e+01 -1.356455090000000041e+01 -1.356336909999999918e+01 -1.356219300000000061e+01 -1.356102249999999998e+01 -1.355985760000000084e+01 -1.355869829999999965e+01 -1.355754450000000055e+01 -1.355639620000000001e+01 -1.355525330000000039e+01 -1.355411589999999933e+01 -1.355298400000000036e+01
-1.252279320000000062e+01 -1.252067240000000048e+01 -1.251856249999999982e+01 -1.251646350000000041e+01 -1.251437499999999936e+01 -1.251229690000000083e+01 -1.251022910000000010e+01 -1.250817140000000016e+01 -1.250612349999999928e+01 -1.250408550000000041e+01 -1.250205700000000064e+01 -1.250003799999999998e+01 -1.249802829999999965e+01 -1.249602780000000024e+01 -1.249403640000000060e+01 -1.249205399999999955e+01 -1.249008049999999947e+01 -1.248811569999999982e+01 -1.248615949999999941e+01 -1.248421199999999942e+01 -1.248227289999999989e+01 -1.248034209999999966e+01 -1.247841969999999989e+01 -1.247650550000000003e+01 -1.247459940000000067e+01 -1.247270149999999944e+01 -1.247081149999999994e+01 -1.246892949999999978e+01 -1.246705539999999957e+01 -1.246518919999999930e+01 -1.246333070000000021e+01 -1.246147990000000050e+01 -1.245963689999999957e+01 -1.245810990000000018e+01 -1.245628139999999995e+01 -1.245446049999999971e+01 -1.245264710000000008e+01 -1.245084119999999928e+01 -1.244904280000000085e+01 -1.244725180000000009e+01 -1.244546820000000054e+01 -1.244369189999999925e+01 -1.244192310000000035e+01 -1.244016150000000032e+01 -1.243840720000000033e+01 -1.243666029999999978e+01 -1.243492050000000049e+01 -1.243318810000000063e+01 -1.243146280000000026e+01 -1.242974479999999993e+01
-1.634015540000000044e+01 -1.633843660000000142e+01 -1.633672609999999992e+01 -1.633502389999999949e+01 -1.633332989999999896e+01 -1.633164419999999950e+01 -1.632996669999999995e+01 -1.632829729999999913e+01 -1.632663600000000059e+01 -1.632498289999999841e+01 -1.632333769999999973e+01 -1.632170059999999978e+01 -1.632007150000000095e+01 -1.631845029999999852e+01 -1.631683710000000076e+01 -1.631523169999999823e+01 -1.631363410000000158e+01 -1.631204430000000016e+01 -1.631046230000000108e+01 -1.630888799999999961e+01 -1.630732139999999930e+01 -1.630576250000000016e+01 -1.630421109999999985e+01 -1.630266729999999953e+01 -1.630113109999999921e+01 -1.629960240000000127e+01 -1.629808110000000099e+01 -1.629656719999999837e+01 -1.629506070000000051e+01 -1.629356149999999914e+01 -1.629206960000000137e+01 -1.629058500000000009e+01 -1.628910760000000124e+01 -1.628763740000000126e+01 -1.628617440000000016e+01 -1.628471839999999915e+01 -1.628326949999999940e+01 -1.628182759999999973e+01 -1.628039280000000133e+01 -1.627896480000000068e+01 -1.627754380000000012e+01 -1.627612969999999848e+01 -1.627472230000000053e+01 -1.627332180000000150e+01 -1.627192799999999906e+01 -1.627054100000000147e+01 -1.626916059999999931e+01 -1.626778690000000083e+01 -1.626641980000000132e+01 -1.626505919999999961e+01
-1.530862379999999945e+01 -1.530602359999999962e+01 -1.530343700000000062e+01 -1.530086400000000069e+01 -1.529830409999999929e+01 -1.529575730000000000e+01 -1.529322329999999930e+01 -1.529070180000000079e+01 -1.528819260000000035e+01 -1.528569560000000038e+01 -1.528321060000000031e+01 -1.528073739999999958e+01 -1.527827570000000001e+01 -1.527582559999999923e+01 -1.527338669999999965e+01 -1.527095890000000011e+01 -1.526854209999999945e+01 -1.526613620000000004e+01 -1.526374099999999956e+01 -1.526135640000000038e+01 -1.525898229999999955e+01 -1.525661859999999947e+01 -1.525426509999999958e+01 -1.525192179999999986e+01 -1.524958849999999977e+01 -1.524726530000000047e+01 -1.524495190000000022e+01 -1.524264830000000082e+01 -1.524035439999999930e+01 -1.523807019999999923e+01 -1.523579559999999944e+01 -1.523353039999999936e+01 -1.523168880000000058e+01 -1.522944159999999947e+01 -1.522720379999999984e+01 -1.522497530000000054e+01 -1.522275609999999979e+01 -1.522054600000000057e+01 -1.521834510000000051e+01 -1.521615330000000021e+01 -1.521397059999999968e+01 -1.521179689999999951e+01 -1.520963219999999971e+01 -1.520747639999999912e+01 -1.520532960000000067e+01 -1.520319169999999964e+01 -1.520106260000000020e+01 -1.519894239999999996e+01 -1.519683110000000070e+01 -1.519472850000000008e+01
-1.906428379999999834e+01 -1.906227170000000015e+01 -1.906026930000000164e+01 -1.905827650000000162e+01 -1.905629349999999889e+01 -1.905432000000000059e+01 -1.905235619999999841e+01 -1.905040190000000067e+01 -1.904845710000000025e+01 -1.904652169999999956e+01 -1.904459579999999974e+01 -1.904267929999999964e+01 -1.904077210000000164e+01 -1.903887429999999981e+01 -1.903698569999999890e+01 -1.903510629999999892e+01 -1.903323620000000105e+01 -1.903137510000000177e+01 -1.902952319999999986e+01 -1.902768040000000127e+01 -1.902584660000000127e+01 -1.902402169999999870e+01 -1.902220579999999828e+01 -1.902039879999999883e+01 -1.901860070000000036e+01 -1.901681130000000053e+01 -1.901503070000000051e+01 -1.901325890000000030e+01 -1.901149570000000111e+01 -1.900974120000000056e+01 -1.900799519999999987e+01 -1.900625780000000020e+01 -1.900452890000000039e+01 -1.900280839999999927e+01 -1.900109640000000155e+01 -1.899939270000000135e+01 -1.899769739999999985e+01 -1.899601029999999824e+01 -1.899433150000000126e+01 -1.899266090000000062e+01 -1.899099839999999872e+01 -1.898934399999999911e+01 -1.898769769999999824e+01 -1.898605939999999848e+01 -1.898442909999999983e+01 -1.898280670000000114e+01 -1.898119219999999885e+01 -1.897958560000000006e+01 -1.897798669999999888e+01 -1.897639560000000003e+01
-1.809425859999999986e+01 -1.809117300000000128e+01 -1.808810409999999891e+01 -1.808505170000000106e+01 -1.808201529999999835e+01 -1.807899460000000147e+01 -1.807598949999999860e+01 -1.807299959999999928e+01 -1.807002459999999999e+01 -1.806706439999999958e+01 -1.806411860000000047e+01 -1.806118710000000149e+01 -1.805826959999999914e+01 -1.805536590000000174e+01 -1.805247590000000102e+01 -1.804959919999999940e+01 -1.804673580000000044e+01 -1.804388549999999825e+01 -1.804104810000000114e+01 -1.803822339999999969e+01 -1.803541129999999981e+01 -1.803261170000000035e+01 -1.802982430000000136e+01 -1.802704909999999927e+01 -1.802428600000000003e+01 -1.802153489999999891e+01 -1.801879549999999952e+01 -1.801606789999999947e+01 -1.801335179999999880e+01 -1.801064729999999869e+01 -1.800795430000000152e+01 -1.800527250000000024e+01 -1.800311719999999838e+01 -1.800045689999999965e+01 -1.799780769999999919e+01 -1.799516960000000054e+01 -1.799254240000000138e+01 -1.798992619999999931e+01 -1.798732079999999911e+01 -1.798472620000000077e+01 -1.798214240000000075e+01 -1.797956930000000142e+01 -1.797700680000000162e+01 -1.797445499999999896e+01 -1.797191370000000177e+01 -1.796938300000000055e+01 -1.796686270000000007e+01 -1.796435299999999913e+01 -1.796185360000000131e+01 -1.795936469999999829e+01
-2.178778489999999834e+01 -2.178547650000000147e+01 -2.178317940000000164e+01 -2.178089329999999890e+01 -2.177861830000000154e+01 -2.177635430000000127e+01 -2.177410120000000049e+01 -2.177185920000000152e+01 -2.176962800000000087e+01 -2.176740759999999852e+01 -2.176519809999999922e+01 -2.176299930000000060e+01 -2.176081130000000030e+01 -2.175863400000000070e+01 -2.175646730000000062e+01 -2.175431120000000007e+01 -2.175216560000000143e+01 -2.175003059999999877e+01 -2.174790600000000040e+01 -2.174579190000000040e+01 -2.174368809999999996e+01 -2.174159459999999910e+01 -2.173951140000000137e+01 -2.173743849999999966e+01 -2.173537569999999874e+01 -2.173332309999999978e+01 -2.173128060000000161e+01 -2.172924809999999951e+01 -2.172722560000000058e+01 -2.172521300000000011e+01 -2.172321039999999925e+01 -2.172121759999999924e+01 -2.171923460000000006e+01 -2.171726140000000171e+01 -2.171529779999999832e+01 -2.171334390000000170e+01 -2.171139970000000119e+01 -2.170946490000000040e+01 -2.170753970000000166e+01 -2.170562400000000025e+01 -2.170371760000000094e+01 -2.170182069999999896e+01 -2.169993300000000147e+01 -2.169805459999999897e+01 -2.169618540000000095e+01 -2.169432540000000031e+01 -2.169247449999999944e+01 -2.169063269999999832e+01 -2.168879989999999935e+01 -2.168697609999999898e+01
-2.087960449999999923e+01 -2.087602599999999953e+01 -2.087246749999999906e+01 -2.086892849999999910e+01 -2.086540869999999970e+01 -2.086190769999999972e+01 -2.085842510000000161e+01 -2.085496069999999946e+01 -2.085151400000000166e+01 -2.084808489999999992e+01 -2.084467289999999906e+01 -2.084127780000000030e+01 -2.083789930000000012e+01 -2.083453719999999976e+01 -2.083119119999999924e+01 -2.082786109999999979e+01 -2.082454660000000146e+01 -2.082124759999999952e+01 -2.081796369999999996e+01 -2.081469489999999922e+01 -2.081144099999999852e+01 -2.080820160000000030e+01 -2.080497679999999860e+01 -2.080176630000000060e+01 -2.079856990000000039e+01 -2.079538750000000036e+01 -2.079221890000000172e+01 -2.078906410000000093e+01 -2.078592289999999920e+01 -2.078279510000000130e+01 -2.077968070000000012e+01 -2.077719390000000033e+01 -2.077410460000000114e+01 -2.077102839999999873e+01 -2.076796519999999902e+01 -2.076491479999999967e+01 -2.076187720000000070e+01 -2.075885230000000092e+01 -2.075584010000000035e+01 -2.075284029999999902e+01 -2.074985309999999927e+01 -2.074687829999999877e+01 -2.074391579999999990e+01 -2.074096559999999911e+01 -2.073802759999999878e+01 -2.073510190000000009e+01 -2.073218830000000068e+01 -2.072928680000000057e+01 -2.072639729999999858e+01 -2.072351989999999944e+01
-2.451092750000000109e+01 -2.450832030000000117e+01 -2.450572560000000166e+01 -2.450314350000000019e+01 -2.450057380000000151e+01 -2.449801649999999853e+01 -2.449547159999999835e+01 -2.449293899999999979e+01 -2.449041869999999932e+01 -2.448791059999999931e+01 -2.448541469999999975e+01 -2.448293100000000067e+01 -2.448045940000000087e+01 -2.447799990000000037e+01 -2.447555230000000037e+01 -2.447311679999999967e+01 -2.447069309999999831e+01 -2.446828139999999863e+01 -2.446588140000000067e+01 -2.446349329999999966e+01 -2.446111679999999922e+01 -2.445875210000000166e+01 -2.445639889999999994e+01 -2.445405739999999994e+01 -2.445172730000000172e+01 -2.444940880000000050e+01 -2.444710159999999988e+01 -2.444480589999999864e+01 -2.444252140000000040e+01 -2.444024830000000037e+01 -2.443798629999999861e+01 -2.443573549999999983e+01 -2.443349579999999932e+01 -2.443126720000000063e+01 -2.442904959999999903e+01 -2.442684290000000047e+01 -2.442464710000000139e+01 -2.442246219999999823e+01 -2.442028810000000050e+01 -2.441812469999999990e+01 -2.441597200000000001e+01 -2.441382989999999964e+01 -2.441169839999999880e+01 -2.440957750000000104e+01 -2.440746700000000047e+01 -2.440536690000000064e+01 -2.440327720000000156e+01 -2.440119779999999849e+01 -2.439912869999999856e+01 -2.439706969999999941e+01
-2.366465330000000122e+01 -2.366057229999999834e+01 -2.365651480000000006e+01 -2.365248040000000174e+01 -2.364846849999999989e+01 -2.364447880000000168e+01 -2.364051080000000127e+01 -2.363656399999999991e+01 -2.363263819999999882e+01 -2.362873289999999926e+01 -2.362484770000000012e+01 -2.362098239999999905e+01 -2.361713650000000086e+01 -2.361330969999999851e+01 -2.360950180000000032e+01 -2.360571240000000159e+01 -2.360194130000000001e+01 -2.359818819999999917e+01 -2.359445279999999912e+01 -2.359073490000000106e+01 -2.358703420000000150e+01 -2.358335050000000166e+01 -2.357968370000000036e+01 -2.357603340000000003e+01 -2.357239949999999951e+01 -2.356878180000000000e+01 -2.356518020000000035e+01 -2.356159440000000060e+01 -2.355802419999999842e+01 -2.355446969999999851e+01 -2.355093039999999860e+01 -2.354811540000000036e+01 -2.354460519999999946e+01 -2.354110989999999859e+01 -2.353762950000000131e+01 -2.353416389999999936e+01 -2.353071290000000104e+01 -2.352727649999999926e+01 -2.352385449999999878e+01 -2.352044679999999843e+01 -2.351705349999999939e+01 -2.351367430000000169e+01 -2.351030919999999824e+01 -2.350695809999999852e+01 -2.350362090000000137e+01 -2.350029770000000084e+01 -2.349698830000000171e+01 -2.349369259999999926e+01 -2.349041070000000175e+01 -2.348714239999999975e+01
-2.723322620000000072e+01 -2.723031669999999949e+01 -2.722742110000000082e+01 -2.722453940000000117e+01 -2.722167160000000052e+01 -2.721881760000000128e+01 -2.721597729999999871e+01 -2.721315069999999992e+01 -2.721033789999999897e+01 -2.720753859999999946e+01 -2.720475289999999902e+01 -2.720198080000000118e+01 -2.719922210000000007e+01 -2.719647679999999923e+01 -2.719374499999999983e+01 -2.719102649999999954e+01 -2.718832120000000074e+01 -2.718562920000000105e+01 -2.718295039999999929e+01 -2.718028479999999902e+01 -2.717763220000000146e+01 -2.717499259999999950e+01 -2.717236600000000024e+01 -2.716975229999999897e+01 -2.716715149999999923e+01 -2.716456360000000103e+01 -2.716198830000000086e+01 -2.715942580000000106e+01 -2.715687600000000046e+01 -2.715433870000000027e+01 -2.715181400000000167e+01 -2.714930169999999876e+01 -2.714680189999999982e+01 -2.714431450000000012e+01 -2.714183939999999851e+01 -2.713937650000000090e+01 -2.713692590000000138e+01 -2.713448740000000114e+01 -2.713206100000000021e+01 -2.712964660000000094e+01 -2.712724419999999981e+01 -2.712485369999999918e+01 -2.712247500000000144e+01 -2.712010820000000066e+01 -2.711775310000000161e+01 -2.711540970000000073e+01 -2.711307800000000157e+01 -2.711075779999999824e+01 -2.710844910000000141e+01 -2.710615190000000041e+01
-2.644970550000000031e+01 -2.644511029999999963e+01 -2.644054260000000056e+01 -2.643600190000000083e+01 -2.643148749999999936e+01 -2.642699899999999857e+01 -2.642253589999999974e+01 -2.641809759999999940e+01 -2.641368369999999999e+01 -2.640929360000000159e+01 -2.640492709999999832e+01 -2.640058349999999976e+01 -2.639626260000000002e+01 -2.639196390000000036e+01 -2.638768699999999967e+01 -2.638343160000000154e+01 -2.637919739999999891e+01 -2.637498390000000015e+01 -2.637079089999999937e+01 -2.636661810000000017e+01 -2.636246519999999904e+01 -2.635833179999999842e+01 -2.635421780000000069e+01 -2.635012280000000118e+01 -2.634604669999999871e+01 -2.634198909999999927e+01 -2.633794990000000169e+01 -2.633392890000000008e+01 -2.632992570000000043e+01 -2.632594040000000035e+01 -2.632277150000000177e+01 -2.631881939999999886e+01 -2.631488459999999918e+01 -2.631096679999999921e+01 -2.630706590000000134e+01 -2.630318180000000083e+01 -2.629931429999999892e+01 -2.629546330000000154e+01 -2.629162859999999924e+01 -2.628781019999999913e+01 -2.628400780000000125e+01 -2.628022149999999968e+01 -2.627645109999999917e+01 -2.627269649999999857e+01 -2.626895770000000141e+01 -2.626523440000000065e+01 -2.626152670000000100e+01 -2.625783450000000130e+01 -2.625415770000000037e+01 -2.625049609999999944e+01
-2.995459089999999946e+01 -2.995137550000000104e+01 -2.994817550000000139e+01 -2.994499079999999935e+01 -2.994182119999999969e+01 -2.993866690000000119e+01 -2.993552760000000035e+01 -2.993240349999999950e+01 -2.992929439999999985e+01 -2.992620030000000142e+01 -2.992312109999999947e+01 -2.992005680000000112e+01 -2.991700739999999925e+01 -2.991397279999999981e+01 -2.991095290000000162e+01 -2.990794770000000113e+01 -2.990495719999999835e+01 -2.990198120000000159e+01 -2.989901980000000137e+01 -2.989607290000000006e+01 -2.989314040000000006e+01 -2.989022230000000135e+01 -2.988731849999999923e+01 -2.988442889999999963e+01 -2.988155360000000016e+01 -2.987869249999999965e+01 -2.987584539999999933e+01 -2.987301240000000035e+01 -2.987019330000000039e+01 -2.986738820000000061e+01 -2.986459699999999984e+01 -2.986181960000000046e+01 -2.985905590000000132e+01 -2.985630589999999884e+01 -2.985356949999999898e+01 -2.985084670000000173e+01 -2.984813749999999999e+01 -2.984544160000000090e+01 -2.984275919999999971e+01 -2.984009010000000117e+01 -2.983743430000000174e+01 -2.983479170000000025e+01 -2.983216219999999907e+01 -2.982954580000000178e+01 -2.982694250000000125e+01 -2.982435209999999870e+01 -2.982177469999999886e+01 -2.981921000000000177e+01 -2.981665819999999911e+01 -2.981411909999999921e+01
-2.923440799999999840e+01 -2.922928220000000010e+01 -2.922418850000000035e+01 -2.921912620000000160e+01 -2.921409470000000042e+01 -2.920909329999999926e+01 -2.920412130000000062e+01 -2.919917829999999981e+01 -2.919426350000000170e+01 -2.918937650000000161e+01 -2.918451669999999964e+01 -2.917968349999999944e+01 -2.917487649999999988e+01 -2.917009519999999867e+01 -2.916533919999999824e+01 -2.916060799999999986e+01 -2.915590110000000124e+01 -2.915121819999999886e+01 -2.914655880000000110e+01 -2.914192260000000090e+01 -2.913730929999999830e+01 -2.913271840000000168e+01 -2.912814960000000042e+01 -2.912360269999999929e+01 -2.911907730000000072e+01 -2.911457310000000120e+01 -2.911008989999999841e+01 -2.910562729999999831e+01 -2.910118509999999858e+01 -2.909676310000000043e+01 -2.909324739999999920e+01 -2.908886319999999870e+01 -2.908449859999999987e+01 -2.908015329999999921e+01 -2.907582700000000031e+01 -2.907151969999999963e+01 -2.906723110000000077e+01 -2.906296109999999899e+01 -2.905870960000000025e+01 -2.905447619999999986e+01 -2.905026099999999900e+01 -2.904606370000000126e+01 -2.904188429999999954e+01 -2.903772259999999861e+01 -2.903357850000000084e+01 -2.902945180000000036e+01 -2.902534250000000071e+01 -2.902125050000000073e+01 -2.901717569999999924e+01 -2.901311790000000101e+01
