2.979137400000000113e+01 2.978889210000000176e+01 2.978642380000000145e+01 2.978396890000000141e+01 2.978152740000000165e+01 2.977909909999999982e+01 2.977668410000000065e+01 2.977428219999999826e+01 2.977189339999999973e+01 2.976951760000000036e+01 2.976715480000000014e+01 2.976480480000000028e+01 2.976246769999999842e+01 2.976014320000000168e+01 2.975783150000000177e+01 2.975553239999999988e+01 2.975324579999999841e+01 2.975097170000000091e+01 2.974871010000000027e+01 2.974646080000000126e+01 2.974422380000000032e+01 2.974199899999999985e+01 2.973978639999999984e+01 2.973758589999999913e+01 2.973539750000000126e+01 2.973322110000000151e+01 2.973105659999999872e+01 2.972890400000000000e+01 2.972676329999999822e+01 2.972463430000000173e+01 2.972251699999999985e+01 2.972041139999999970e+01 2.971831740000000011e+01 2.971623489999999990e+01 2.971416400000000024e+01 2.971210449999999881e+01 2.971005639999999914e+01 2.970801970000000125e+01 2.970599419999999924e+01 2.970398000000000138e+01 2.970197699999999941e+01 2.969998520000000042e+01 2.969800439999999853e+01 2.969603469999999845e+01 2.969407610000000020e+01 2.969212830000000025e+01 2.969019159999999857e+01 2.968826569999999876e+01 2.968635060000000081e+01 2.968444630000000117e+01
2.886651919999999905e+01 2.886279419999999973e+01 2.885908729999999878e+01 2.885539819999999978e+01 2.885172710000000151e+01 2.884807389999999927e+01 2.884443849999999898e+01 2.884082099999999826e+01 2.883722129999999950e+01 2.883363930000000153e+01 2.883007500000000078e+01 2.882652840000000083e+01 2.882299950000000166e+01 2.881948819999999856e+01 2.881599440000000101e+01 2.881251819999999952e+01 2.880905950000000004e+01 2.880561820000000139e+01 2.880219440000000120e+01 2.879878790000000066e+01 2.879539869999999979e+01 2.879202679999999859e+01 2.878867220000000060e+01 2.878533469999999994e+01 2.878201440000000133e+01 2.877871120000000005e+01 2.877542499999999848e+01 2.877215580000000017e+01 2.876890350000000041e+01 2.876566809999999919e+01 2.876244960000000006e+01 2.875924780000000069e+01 2.875606279999999870e+01 2.875289450000000002e+01 2.874974269999999876e+01 2.874660749999999965e+01 2.874348889999999912e+01 2.874038660000000078e+01 2.873730069999999870e+01 2.873423119999999997e+01 2.873117789999999871e+01 2.872814079999999848e+01 2.872511980000000165e+01 2.872211490000000111e+01 2.871912599999999927e+01 2.871615299999999849e+01 2.871319589999999877e+01 2.871025459999999896e+01 2.870732909999999904e+01 2.870441920000000025e+01
2.708534480000000144e+01 2.708309889999999953e+01 2.708086510000000047e+01 2.707864340000000070e+01 2.707643369999999905e+01 2.707423580000000030e+01 2.707204989999999967e+01 2.706987570000000076e+01 2.706771330000000120e+01 2.706556259999999980e+01 2.706342349999999897e+01 2.706129590000000107e+01 2.705917979999999901e+01 2.705707509999999871e+01 2.705498180000000019e+01 2.705289989999999989e+01 2.705082910000000140e+01 2.704876959999999997e+01 2.704672120000000035e+01 2.704468400000000017e+01 2.704265769999999947e+01 2.704064239999999941e+01 2.703863810000000001e+01 2.703664459999999892e+01 2.703466189999999969e+01 2.703268999999999878e+01 2.703072879999999856e+01 2.702877829999999904e+01 2.702683830000000142e+01 2.702490900000000096e+01 2.702299010000000123e+01 2.702108180000000104e+01 2.701918380000000042e+01 2.701729620000000054e+01 2.701541900000000140e+01 2.701355200000000067e+01 2.701169529999999952e+01 2.700984869999999916e+01 2.700801230000000075e+01 2.700618610000000075e+01 2.700436979999999920e+01 2.700256359999999844e+01 2.700076740000000086e+01 2.699898110000000173e+01 2.699720479999999867e+01 2.699543830000000000e+01 2.699368159999999861e+01 2.699193470000000161e+01 2.699019759999999835e+01 2.698847010000000068e+01
2.611782350000000008e+01 2.611446580000000139e+01 2.611112430000000018e+01 2.610779929999999993e+01 2.610449059999999832e+01 2.610119810000000129e+01 2.609792189999999934e+01 2.609466199999999958e+01 2.609141819999999967e+01 2.608819060000000079e+01 2.608497910000000175e+01 2.608178369999999902e+01 2.607860439999999969e+01 2.607544100000000142e+01 2.607229369999999946e+01 2.606916229999999857e+01 2.606604679999999874e+01 2.606294719999999998e+01 2.605986329999999995e+01 2.605679530000000099e+01 2.605374300000000076e+01 2.605070639999999926e+01 2.604768539999999888e+01 2.604467999999999961e+01 2.604169020000000145e+01 2.603871589999999969e+01 2.603575700000000026e+01 2.603281349999999961e+01 2.602988540000000128e+01 2.602697260000000057e+01 2.602407510000000102e+01 2.602119270000000029e+01 2.601832549999999955e+01 2.601547330000000002e+01 2.601263619999999932e+01 2.600981409999999983e+01 2.600700679999999920e+01 2.600421449999999979e+01 2.600143690000000163e+01 2.599867409999999879e+01 2.599592589999999959e+01 2.599319240000000164e+01 2.599047339999999906e+01 2.598776889999999895e+01 2.598507880000000014e+01 2.598240309999999909e+01 2.597974170000000171e+01 2.597709449999999975e+01 2.597446150000000031e+01 2.597184259999999867e+01
2.437883199999999917e+01 2.437681870000000117e+01 2.437481610000000032e+01 2.437282430000000133e+01 2.437084300000000070e+01 2.436887240000000077e+01 2.436691229999999919e+01 2.436496259999999836e+01 2.436302329999999827e+01 2.436109439999999893e+01 2.435917579999999916e+01 2.435726740000000135e+01 2.435536919999999839e+01 2.435348120000000094e+01 2.435160319999999956e+01 2.434973520000000136e+01 2.434787730000000039e+01 2.434602920000000026e+01 2.434419109999999975e+01 2.434236269999999891e+01 2.434054420000000007e+01 2.433873540000000091e+01 2.433693620000000024e+01 2.433514680000000041e+01 2.433336690000000146e+01 2.433159649999999985e+01 2.432983570000000029e+01 2.432808430000000044e+01 2.432634230000000031e+01 2.432460980000000106e+01 2.432288649999999919e+01 2.432117260000000059e+01 2.431946780000000174e+01 2.431777239999999907e+01 2.431608599999999853e+01 2.431440879999999893e+01 2.431274080000000026e+01 2.431108169999999902e+01 2.430943170000000109e+01 2.430779070000000175e+01 2.430615859999999984e+01 2.430453550000000007e+01 2.430292120000000011e+01 2.430131569999999996e+01 2.429971910000000079e+01 2.429813130000000143e+01 2.429655220000000071e+01 2.429498179999999863e+01 2.429342009999999874e+01 2.429186710000000105e+01
2.336839349999999982e+01 2.336540009999999867e+01 2.336242139999999878e+01 2.335945740000000015e+01 2.335650809999999922e+01 2.335357349999999954e+01 2.335065349999999995e+01 2.334774810000000045e+01 2.334485719999999986e+01 2.334198089999999937e+01 2.333911900000000017e+01 2.333627170000000106e+01 2.333343869999999853e+01 2.333062019999999848e+01 2.332781599999999855e+01 2.332502609999999876e+01 2.332225049999999911e+01 2.331948919999999958e+01 2.331674200000000141e+01 2.331400899999999865e+01 2.331129010000000079e+01 2.330858530000000073e+01 2.330589439999999968e+01 2.330321759999999998e+01 2.330055469999999929e+01 2.329790570000000116e+01 2.329527059999999850e+01 2.329264919999999961e+01 2.329004150000000095e+01 2.328744760000000014e+01 2.328486729999999838e+01 2.328230059999999924e+01 2.327974740000000153e+01 2.327720770000000172e+01 2.327468139999999863e+01 2.327216849999999937e+01 2.326966889999999921e+01 2.326718250000000054e+01 2.326470940000000098e+01 2.326224940000000174e+01 2.325980249999999927e+01 2.325736859999999950e+01 2.325494769999999889e+01 2.325253959999999864e+01 2.325014450000000110e+01 2.324776209999999921e+01 2.324539240000000007e+01 2.324303550000000129e+01 2.324069109999999938e+01 2.323835920000000144e+01
2.167120840000000115e+01 2.166942459999999926e+01 2.166765020000000064e+01 2.166588510000000056e+01 2.166412929999999903e+01 2.166238279999999961e+01 2.166064550000000111e+01 2.165891739999999999e+01 2.165719830000000101e+01 2.165548839999999942e+01 2.165378739999999880e+01 2.165209540000000032e+01 2.165041229999999928e+01 2.164873820000000038e+01 2.164707280000000011e+01 2.164541619999999966e+01 2.164376839999999902e+01 2.164212919999999940e+01 2.164049869999999842e+01 2.163887679999999847e+01 2.163726349999999954e+01 2.163565870000000047e+01 2.163406240000000125e+01 2.163247459999999833e+01 2.163089510000000004e+01 2.162932410000000161e+01 2.162776129999999952e+01 2.162620689999999968e+01 2.162466069999999974e+01 2.162312269999999970e+01 2.162159289999999956e+01 2.162007129999999933e+01 2.161855780000000138e+01 2.161705239999999861e+01 2.161555500000000052e+01 2.161406570000000116e+01 2.161258430000000175e+01 2.161111089999999990e+01 2.160964549999999917e+01 2.160818790000000078e+01 2.160673819999999878e+01 2.160529629999999912e+01 2.160386229999999941e+01 2.160243600000000086e+01 2.160101750000000109e+01 2.159960669999999894e+01 2.159820360000000150e+01 2.159680820000000168e+01 2.159542049999999946e+01 2.159404040000000080e+01
2.061864119999999900e+01 2.061600909999999942e+01 2.061339010000000016e+01 2.061078410000000005e+01 2.060819109999999910e+01 2.060561099999999968e+01 2.060304400000000058e+01 2.060048979999999830e+01 2.059794859999999872e+01 2.059542019999999951e+01 2.059290469999999829e+01 2.059040189999999981e+01 2.058791199999999932e+01 2.058543470000000042e+01 2.058297019999999833e+01 2.058051830000000137e+01 2.057807899999999890e+01 2.057565230000000156e+01 2.057323819999999870e+01 2.057083649999999864e+01 2.056844740000000016e+01 2.056607059999999976e+01 2.056370629999999977e+01 2.056135420000000025e+01 2.055901449999999997e+01 2.055668700000000015e+01 2.055437170000000080e+01 2.055206859999999836e+01 2.054977759999999876e+01 2.054749869999999845e+01 2.054523169999999865e+01 2.054297670000000053e+01 2.054073370000000054e+01 2.053850249999999988e+01 2.053628309999999857e+01 2.053407550000000015e+01 2.053187959999999990e+01 2.052969530000000020e+01 2.052752269999999868e+01 2.052536149999999893e+01 2.052321189999999973e+01 2.052107369999999875e+01 2.051894689999999954e+01 2.051683149999999856e+01 2.051472730000000055e+01 2.051263429999999843e+01 2.051055249999999930e+01 2.050848170000000081e+01 2.050642200000000059e+01 2.050437330000000102e+01
1.896255160000000117e+01 1.896099470000000053e+01 1.895944589999999863e+01 1.895790510000000140e+01 1.895637239999999935e+01 1.895484769999999841e+01 1.895333090000000098e+01 1.895182199999999995e+01 1.895032099999999886e+01 1.894882769999999894e+01 1.894734229999999897e+01 1.894586449999999900e+01 1.894439450000000136e+01 1.894293210000000016e+01 1.894147740000000013e+01 1.894003019999999893e+01 1.893859050000000011e+01 1.893715830000000011e+01 1.893573370000000011e+01 1.893431640000000016e+01 1.893290650000000142e+01 1.893150400000000033e+01 1.893010879999999929e+01 1.892872089999999830e+01 1.892734030000000089e+01 1.892596689999999882e+01 1.892460069999999916e+01 1.892324160000000077e+01 1.892188970000000126e+01 1.892054489999999944e+01 1.891920719999999889e+01 1.891787649999999843e+01 1.891655289999999923e+01 1.891523619999999895e+01 1.891392649999999875e+01 1.891262379999999865e+01 1.891132789999999986e+01 1.891003900000000115e+01 1.890875690000000020e+01 1.890748160000000055e+01 1.890621319999999983e+01 1.890495149999999924e+01 1.890369670000000113e+01 1.890244859999999960e+01 1.890120720000000176e+01 1.889997250000000051e+01 1.889874449999999939e+01 1.889752310000000080e+01 1.889630849999999995e+01 1.889510040000000046e+01
1.786823300000000003e+01 1.786595940000000127e+01 1.786369720000000072e+01 1.786144630000000078e+01 1.785920670000000143e+01 1.785697839999999914e+01 1.785476140000000100e+01 1.785255559999999875e+01 1.785036099999999948e+01 1.784817759999999964e+01 1.784600530000000163e+01 1.784384419999999949e+01 1.784169410000000155e+01 1.783955509999999833e+01 1.783742709999999931e+01 1.783531010000000094e+01 1.783320409999999967e+01 1.783110890000000026e+01 1.782902470000000150e+01 1.782695130000000105e+01 1.782488869999999892e+01 1.782283680000000103e+01 1.782079570000000146e+01 1.781876529999999903e+01 1.781674549999999968e+01 1.781473629999999986e+01 1.781273769999999956e+01 1.781074960000000118e+01 1.780877189999999999e+01 1.780680470000000071e+01 1.780484789999999862e+01 1.780290139999999965e+01 1.780096520000000027e+01 1.779903930000000045e+01 1.779712359999999904e+01 1.779521799999999843e+01 1.779332249999999860e+01 1.779143709999999956e+01 1.778956159999999898e+01 1.778769619999999918e+01 1.778584060000000022e+01 1.778399489999999972e+01 1.778215900000000005e+01 1.778033290000000122e+01 1.777851649999999850e+01 1.777670970000000139e+01 1.777491249999999923e+01 1.777312489999999912e+01 1.777134679999999989e+01 1.776957810000000038e+01
1.625295129999999943e+01 1.625161939999999916e+01 1.625029430000000019e+01 1.624897610000000014e+01 1.624766470000000140e+01 1.624635999999999925e+01 1.624506209999999840e+01 1.624377080000000007e+01 1.624248610000000070e+01 1.624120810000000148e+01 1.623993660000000006e+01 1.623867159999999998e+01 1.623741319999999888e+01 1.623616120000000151e+01 1.623491569999999840e+01 1.623367650000000140e+01 1.623244379999999865e+01 1.623121739999999846e+01 1.622999730000000085e+01 1.622878340000000108e+01 1.622757590000000150e+01 1.622637449999999859e+01 1.622517939999999825e+01 1.622399040000000170e+01 1.622280759999999944e+01 1.622163090000000096e+01 1.622046029999999917e+01 1.621929580000000115e+01 1.621813729999999865e+01 1.621698479999999876e+01 1.621583830000000148e+01 1.621469790000000089e+01 1.621356330000000057e+01 1.621243469999999931e+01 1.621131199999999950e+01 1.621019520000000114e+01 1.620908430000000067e+01 1.620797920000000047e+01 1.620687990000000056e+01 1.620578649999999854e+01 1.620469879999999918e+01 1.620361690000000010e+01 1.620254080000000130e+01 1.620147040000000160e+01 1.620040570000000102e+01 1.619934680000000071e+01 1.619829349999999835e+01 1.619724589999999864e+01 1.619620400000000160e+01 1.619516769999999894e+01
1.511739200000000061e+01 1.511547419999999953e+01 1.511356600000000050e+01 1.511166739999999997e+01 1.510977839999999972e+01 1.510789899999999975e+01 1.510602910000000065e+01 1.510416880000000006e+01 1.510231789999999918e+01 1.510047660000000036e+01 1.509864460000000008e+01 1.509682210000000069e+01 1.509500899999999923e+01 1.509320529999999927e+01 1.509141080000000024e+01 1.508962569999999914e+01 1.508784990000000015e+01 1.508608319999999914e+01 1.508432580000000023e+01 1.508257760000000047e+01 1.508083850000000048e+01 1.507910840000000086e+01 1.507738750000000039e+01 1.507567560000000029e+01 1.507397259999999939e+01 1.507227870000000003e+01 1.507059360000000048e+01 1.506891740000000013e+01 1.506725010000000076e+01 1.506559150000000002e+01 1.506394170000000088e+01 1.506230069999999976e+01 1.506066829999999968e+01 1.505904450000000061e+01 1.505742940000000019e+01 1.505582270000000022e+01 1.505422470000000068e+01 1.505263500000000043e+01 1.505105380000000004e+01 1.504948100000000011e+01 1.504791649999999947e+01 1.504636029999999991e+01 1.504481230000000025e+01 1.504327259999999988e+01 1.504174100000000003e+01 1.504021750000000068e+01 1.503870210000000007e+01 1.503719470000000058e+01 1.503569530000000043e+01 1.503420380000000023e+01
1.354252059999999958e+01 1.354141249999999985e+01 1.354030999999999985e+01 1.353921309999999956e+01 1.353812180000000076e+01 1.353703600000000051e+01 1.353595579999999998e+01 1.353488100000000038e+01 1.353381169999999933e+01 1.353274790000000039e+01 1.353168939999999942e+01 1.353063629999999939e+01 1.352958860000000030e+01 1.352854619999999919e+01 1.352750909999999962e+01 1.352647729999999981e+01 1.352545070000000038e+01 1.352442929999999954e+01 1.352341310000000085e+01 1.352240220000000015e+01 1.352139629999999926e+01 1.352039560000000051e+01 1.351939999999999920e+01 1.351840950000000063e+01 1.351742400000000011e+01 1.351644360000000056e+01 1.351546820000000082e+01 1.351449790000000029e+01 1.351353250000000017e+01 1.351257209999999986e+01 1.351161659999999998e+01 1.351066600000000051e+01 1.350972040000000085e+01 1.350877969999999983e+01 1.350784379999999985e+01 1.350691280000000027e+01 1.350598669999999935e+01 1.350506539999999944e+01 1.350414890000000057e+01 1.350323730000000033e+01 1.350233039999999995e+01 1.350142830000000060e+01 1.350053089999999933e+01 1.349963830000000087e+01 1.349875049999999987e+01 1.349786729999999935e+01 1.349698889999999984e+01 1.349611520000000020e+01 1.349524620000000041e+01 1.349438179999999932e+01
1.236614690000000039e+01 1.236458230000000036e+01 1.236302560000000028e+01 1.236147670000000076e+01 1.235993580000000058e+01 1.235840259999999979e+01 1.235687730000000073e+01 1.235535980000000045e+01 1.235385010000000072e+01 1.235234819999999978e+01 1.235085390000000061e+01 1.234936740000000022e+01 1.234788859999999922e+01 1.234641739999999999e+01 1.234495380000000075e+01 1.234349789999999913e+01 1.234204949999999990e+01 1.234060870000000065e+01 1.233917549999999963e+01 1.233774969999999982e+01 1.233633129999999944e+01 1.233492039999999967e+01 1.233351689999999934e+01 1.233212080000000022e+01 1.233073199999999936e+01 1.232935059999999972e+01 1.232797640000000072e+01 1.232660940000000060e+01 1.232524970000000053e+01 1.232389709999999994e+01 1.232255170000000000e+01 1.232121339999999954e+01 1.231988209999999917e+01 1.231855790000000006e+01 1.231724069999999926e+01 1.231593050000000034e+01 1.231462720000000033e+01 1.231333069999999985e+01 1.231204119999999946e+01 1.231075839999999921e+01 1.230948249999999966e+01 1.230821330000000025e+01 1.230695069999999980e+01 1.230569490000000066e+01 1.230444570000000049e+01 1.230320309999999928e+01 1.230196699999999943e+01 1.230073739999999916e+01 1.229951439999999963e+01 1.229829770000000089e+01
1.083140200000000064e+01 1.083051679999999983e+01 1.082963600000000071e+01 1.082875959999999971e+01 1.082788769999999978e+01 1.082702019999999976e+01 1.082615700000000025e+01 1.082529809999999948e+01 1.082444360000000039e+01 1.082359340000000003e+01 1.082274740000000079e+01 1.082190570000000029e+01 1.082106830000000031e+01 1.082023500000000027e+01 1.081940600000000074e+01 1.081858109999999940e+01 1.081776029999999977e+01 1.081694369999999950e+01 1.081613130000000034e+01 1.081532289999999996e+01 1.081451859999999954e+01 1.081371829999999967e+01 1.081292209999999976e+01 1.081212999999999980e+01 1.081134179999999922e+01 1.081055770000000038e+01 1.080977749999999915e+01 1.080900130000000026e+01 1.080822900000000075e+01 1.080746070000000003e+01 1.080669630000000048e+01 1.080593589999999971e+01 1.080517930000000071e+01 1.080442659999999933e+01 1.080367780000000089e+01 1.080293290000000006e+01 1.080219179999999923e+01 1.080145450000000018e+01 1.080072110000000052e+01 1.079999150000000085e+01 1.079926569999999941e+01 1.079854369999999975e+01 1.079782550000000008e+01 1.079711110000000041e+01 1.079640039999999956e+01 1.079569350000000050e+01 1.079499039999999965e+01 1.079429099999999941e+01 1.079359529999999978e+01 1.079290340000000015e+01
9.614582990000000606e+00 9.613369379999999964e+00 9.612161920000000137e+00 9.610960589999999470e+00 9.609765389999999741e+00 9.608576299999999293e+00 9.607393300000000025e+00 9.606216359999999455e+00 9.605045479999999358e+00 9.603880630000000806e+00 9.602721799999999419e+00 9.601568959999999819e+00 9.600422099999999404e+00 9.599281189999999242e+00 9.598146209999999456e+00 9.597017140000000168e+00 9.595893959999999723e+00 9.594776650000000018e+00 9.593665180000000348e+00 9.592559530000000834e+00 9.591459679999999821e+00 9.590365589999999330e+00 9.589277259999999359e+00 9.588194639999999325e+00 9.587117720000000176e+00 9.586046469999999431e+00 9.584980870000000763e+00 9.583920880000000864e+00 9.582866479999999854e+00 9.581817640000000580e+00 9.580774339999999611e+00 9.579736549999999795e+00 9.578704240000000425e+00 9.577677380000000795e+00 9.576655940000000200e+00 9.575639889999999710e+00 9.574629209999999446e+00 9.573623859999999652e+00 9.572623820000000450e+00 9.571629059999999356e+00 9.570639540000000167e+00 9.569655239999999452e+00 9.568676130000000057e+00 9.567702170000000450e+00 9.566733340000000752e+00 9.565769599999999429e+00 9.564810930000000155e+00 9.563857300000000450e+00 9.562908670000000555e+00 9.561965009999999765e+00
8.119708940000000652e+00 8.119046120000000144e+00 8.118386609999999948e+00 8.117730399999999236e+00 8.117077469999999906e+00 8.116427789999999476e+00 8.115781359999999722e+00 8.115138149999999939e+00 8.114498160000000127e+00 8.113861350000000527e+00 8.113227719999999366e+00 8.112597250000000315e+00 8.111969930000000772e+00 8.111345740000000859e+00 8.110724660000000696e+00 8.110106690000000285e+00 8.109491800000000694e+00 8.108879979999999321e+00 8.108271229999999719e+00 8.107665519999999404e+00 8.107062850000000154e+00 8.106463200000000313e+00 8.105866560000000831e+00 8.105272920000000880e+00 8.104682269999999633e+00 8.104094590000000764e+00 8.103509869999999893e+00 8.102928110000000572e+00 8.102349289999999371e+00 8.101773409999999842e+00 8.101200450000000330e+00 8.100630410000000836e+00 8.100063269999999704e+00 8.099499030000000488e+00 8.098937680000000583e+00 8.098379200000000111e+00 8.097823599999999900e+00 8.097270869999999121e+00 8.096720989999999674e+00 8.096173959999999781e+00 8.095629770000000391e+00 8.095088410000000678e+00 8.094549889999999692e+00 8.094014189999999331e+00 8.093481300000000545e+00 8.092951219999999779e+00 8.092423950000000588e+00 8.091899480000000366e+00 8.091377800000000065e+00 8.090858909999999682e+00
6.862785249999999948e+00 6.861920839999999799e+00 6.861060819999999616e+00 6.860205180000000347e+00 6.859353920000000215e+00 6.858507020000000232e+00 6.857664459999999629e+00 6.856826240000000183e+00 6.855992350000000179e+00 6.855162749999999861e+00 6.854337450000000054e+00 6.853516429999999993e+00 6.852699669999999799e+00 6.851887160000000421e+00 6.851078880000000204e+00 6.850274820000000098e+00 6.849474950000000284e+00 6.848679269999999875e+00 6.847887759999999879e+00 6.847100389999999592e+00 6.846317149999999963e+00 6.845538030000000163e+00 6.844763010000000314e+00 6.843992059999999711e+00 6.843225170000000190e+00 6.842462310000000159e+00 6.841703479999999615e+00 6.840948649999999631e+00 6.840197800000000328e+00 6.839450910000000050e+00 6.838707959999999808e+00 6.837968929999999723e+00 6.837233789999999978e+00 6.836502539999999684e+00 6.835775149999999911e+00 6.835051589999999955e+00 6.834331849999999875e+00 6.833615899999999854e+00 6.832903729999999953e+00 6.832195310000000354e+00 6.831490620000000291e+00 6.830789629999999946e+00 6.830092330000000267e+00 6.829398699999999600e+00 6.828708709999999904e+00 6.828022329999999585e+00 6.827339560000000418e+00 6.826660359999999983e+00 6.825984720000000117e+00 6.825312610000000113e+00
5.407519839999999967e+00 5.407079290000000427e+00 5.406640930000000012e+00 5.406204749999999670e+00 5.405770740000000352e+00 5.405338890000000340e+00 5.404909179999999758e+00 5.404481610000000380e+00 5.404056159999999664e+00 5.403632820000000336e+00 5.403211589999999731e+00 5.402792439999999807e+00 5.402375379999999616e+00 5.401960390000000167e+00 5.401547459999999745e+00 5.401136590000000126e+00 5.400727749999999716e+00 5.400320960000000170e+00 5.399916189999999894e+00 5.399513429999999836e+00 5.399112689999999937e+00 5.398713950000000317e+00 5.398317200000000149e+00 5.397922440000000321e+00 5.397529650000000068e+00 5.397138840000000215e+00 5.396749989999999997e+00 5.396363100000000301e+00 5.395978160000000301e+00 5.395595160000000057e+00 5.395214099999999569e+00 5.394834979999999724e+00 5.394457779999999758e+00 5.394082499999999669e+00 5.393709130000000407e+00 5.393337680000000134e+00 5.392968129999999860e+00 5.392600479999999585e+00 5.392234730000000198e+00 5.391870869999999982e+00 5.391508889999999887e+00 5.391148799999999852e+00 5.390790579999999999e+00 5.390434240000000266e+00 5.390079769999999826e+00 5.389727159999999628e+00 5.389376419999999612e+00 5.389027529999999899e+00 5.388680500000000428e+00 5.388335330000000312e+00
4.110695830000000051e+00 4.110179340000000181e+00 4.109665480000000315e+00 4.109154260000000392e+00 4.108645649999999705e+00 4.108139659999999971e+00 4.107636270000000422e+00 4.107135470000000232e+00 4.106637270000000228e+00 4.106141649999999643e+00 4.105648590000000375e+00 4.105158099999999699e+00 4.104670170000000340e+00 4.104184769999999816e+00 4.103701909999999842e+00 4.103221579999999591e+00 4.102743760000000073e+00 4.102268439999999572e+00 4.101795619999999865e+00 4.101325280000000184e+00 4.100857409999999703e+00 4.100392000000000259e+00 4.099929050000000075e+00 4.099468540000000161e+00 4.099010449999999750e+00 4.098554779999999731e+00 4.098101510000000225e+00 4.097650640000000344e+00 4.097202140000000270e+00 4.096756019999999943e+00 4.096312250000000432e+00 4.095870829999999962e+00 4.095431729999999604e+00 4.094994960000000184e+00 4.094560490000000108e+00 4.094128320000000265e+00 4.093698429999999888e+00 4.093270799999999987e+00 4.092845429999999673e+00 4.092422299999999957e+00 4.092001390000000072e+00 4.091582709999999956e+00 4.091166219999999853e+00 4.090751919999999764e+00 4.090339799999999748e+00 4.089929839999999928e+00 4.089522030000000363e+00 4.089116360000000228e+00 4.088712799999999703e+00 4.088311349999999678e+00
2.695188790000000001e+00 2.694970230000000022e+00 2.694752770000000019e+00 2.694536380000000175e+00 2.694321079999999924e+00 2.694106839999999892e+00 2.693893670000000018e+00 2.693681559999999919e+00 2.693470510000000040e+00 2.693260500000000057e+00 2.693051539999999910e+00 2.692843620000000104e+00 2.692636740000000195e+00 2.692430879999999860e+00 2.692226049999999926e+00 2.692022230000000071e+00 2.691819440000000174e+00 2.691617649999999973e+00 2.691416869999999850e+00 2.691217099999999807e+00 2.691018319999999964e+00 2.690820539999999816e+00 2.690623749999999870e+00 2.690427940000000184e+00 2.690233119999999811e+00 2.690039280000000144e+00 2.689846419999999849e+00 2.689654529999999877e+00 2.689463609999999782e+00 2.689273660000000010e+00 2.689084670000000177e+00 2.688896639999999838e+00 2.688709569999999882e+00 2.688523459999999865e+00 2.688338299999999848e+00 2.688154089999999830e+00 2.687970819999999872e+00 2.687788509999999853e+00 2.687607129999999955e+00 2.687426700000000057e+00 2.687247199999999836e+00 2.687068650000000058e+00 2.686891020000000019e+00 2.686714330000000039e+00 2.686538570000000181e+00 2.686363749999999939e+00 2.686189839999999940e+00 2.686016870000000001e+00 2.685844819999999800e+00 2.685673689999999780e+00
1.358502579999999904e+00 1.358333210000000069e+00 1.358164710000000053e+00 1.357997069999999917e+00 1.357830309999999985e+00 1.357664399999999993e+00 1.357499360000000044e+00 1.357335170000000035e+00 1.357171839999999907e+00 1.357009359999999942e+00 1.356847729999999919e+00 1.356686950000000058e+00 1.356527009999999978e+00 1.356367909999999899e+00 1.356209650000000044e+00 1.356052220000000030e+00 1.355895630000000018e+00 1.355739859999999908e+00 1.355584909999999921e+00 1.355430789999999996e+00 1.355277489999999974e+00 1.355124989999999974e+00 1.354973310000000097e+00 1.354822430000000022e+00 1.354672359999999909e+00 1.354523080000000101e+00 1.354374600000000095e+00 1.354226909999999950e+00 1.354080009999999890e+00 1.353933889999999973e+00 1.353788540000000040e+00 1.353643970000000030e+00 1.353500179999999942e+00 1.353357149999999898e+00 1.353214879999999898e+00 1.353073360000000003e+00 1.352932599999999930e+00 1.352792599999999901e+00 1.352653330000000098e+00 1.352514809999999956e+00 1.352377020000000041e+00 1.352239959999999908e+00 1.352103630000000001e+00 1.351968030000000098e+00 1.351833140000000100e+00 1.351698969999999944e+00 1.351565509999999914e+00 1.351432750000000071e+00 1.351300689999999971e+00 1.351169330000000057e+00
-1.741934289999999899e-02 -1.741577789999999848e-02 -1.741221780000000094e-02 -1.740866259999999943e-02 -1.740511230000000090e-02 -1.740156689999999839e-02 -1.739802639999999886e-02 -1.739449079999999884e-02 -1.739096000000000045e-02 -1.738743419999999942e-02 -1.738391320000000004e-02 -1.738039710000000015e-02 -1.737688589999999977e-02 -1.737337970000000023e-02 -1.736987829999999886e-02 -1.736638189999999832e-02 -1.736289040000000075e-02 -1.735940390000000055e-02 -1.735592240000000119e-02 -1.735244589999999920e-02 -1.734897440000000152e-02 -1.734550799999999907e-02 -1.734204660000000092e-02 -1.733859039999999935e-02 -1.733513940000000128e-02 -1.733169349999999845e-02 -1.732825279999999912e-02 -1.732481740000000117e-02 -1.732138730000000112e-02 -1.731796260000000032e-02 -1.731454329999999875e-02 -1.731112939999999989e-02 -1.730772090000000027e-02 -1.730431810000000042e-02 -1.730092080000000115e-02 -1.729752910000000032e-02 -1.729414320000000060e-02 -1.729076300000000066e-02 -1.728738869999999969e-02 -1.728402019999999983e-02 -1.728065770000000029e-02 -1.727730129999999892e-02 -1.727395090000000133e-02 -1.727060659999999845e-02 -1.726726859999999988e-02 -1.726393689999999870e-02 -1.726061159999999969e-02 -1.725729269999999940e-02 -1.725398040000000049e-02 -1.725067460000000164e-02
-1.393938689999999925e+00 -1.393761220000000023e+00 -1.393584649999999980e+00 -1.393408980000000019e+00 -1.393234190000000039e+00 -1.393060299999999918e+00 -1.392887290000000000e+00 -1.392715170000000002e+00 -1.392543929999999985e+00 -1.392373560000000010e+00 -1.392204070000000016e+00 -1.392035439999999902e+00 -1.391867689999999991e+00 -1.391700799999999960e+00 -1.391534770000000032e+00 -1.391369599999999984e+00 -1.391205280000000100e+00 -1.391041809999999934e+00 -1.390879189999999932e+00 -1.390717409999999932e+00 -1.390556469999999933e+00 -1.390396369999999937e+00 -1.390237090000000064e+00 -1.390078649999999971e+00 -1.389921030000000002e+00 -1.389764219999999995e+00 -1.389608230000000111e+00 -1.389453059999999907e+00 -1.389298689999999947e+00 -1.389145120000000011e+00 -1.388992350000000098e+00 -1.388840370000000046e+00 -1.388689190000000018e+00 -1.388538789999999912e+00 -1.388389169999999950e+00 -1.388240319999999972e+00 -1.388092249999999916e+00 -1.387944950000000066e+00 -1.387798410000000038e+00 -1.387652619999999892e+00 -1.387507590000000013e+00 -1.387363310000000016e+00 -1.387219779999999902e+00 -1.387076989999999954e+00 -1.386934930000000010e+00 -1.386793600000000071e+00 -1.386652999999999913e+00 -1.386513120000000043e+00 -1.386373950000000077e+00 -1.386235499999999954e+00
-2.729899409999999804e+00 -2.729673909999999815e+00 -2.729449509999999801e+00 -2.729226189999999885e+00 -2.729003969999999946e+00 -2.728782830000000104e+00 -2.728562759999999976e+00 -2.728343760000000007e+00 -2.728125830000000196e+00 -2.727908960000000160e+00 -2.727693139999999961e+00 -2.727478370000000041e+00 -2.727264649999999957e+00 -2.727051959999999831e+00 -2.726840310000000045e+00 -2.726629690000000217e+00 -2.726420099999999902e+00 -2.726211520000000110e+00 -2.726003969999999832e+00 -2.725797420000000137e+00 -2.725591880000000078e+00 -2.725387350000000097e+00 -2.725183819999999812e+00 -2.724981290000000111e+00 -2.724779750000000167e+00 -2.724579199999999979e+00 -2.724379639999999991e+00 -2.724181059999999821e+00 -2.723983459999999912e+00 -2.723786839999999820e+00 -2.723591190000000051e+00 -2.723396510000000159e+00 -2.723202800000000146e+00 -2.723010060000000010e+00 -2.722818279999999813e+00 -2.722627459999999999e+00 -2.722437610000000063e+00 -2.722248700000000188e+00 -2.722060749999999807e+00 -2.721873759999999809e+00 -2.721687709999999871e+00 -2.721502609999999933e+00 -2.721318450000000055e+00 -2.721135250000000116e+00 -2.720952979999999854e+00 -2.720771650000000097e+00 -2.720591259999999956e+00 -2.720411809999999875e+00 -2.720233299999999854e+00 -2.720055719999999955e+00
-4.145913969999999615e+00 -4.145389340000000367e+00 -4.144867360000000112e+00 -4.144348039999999678e+00 -4.143831360000000075e+00 -4.143317320000000414e+00 -4.142805899999999930e+00 -4.142297110000000337e+00 -4.141790929999999982e+00 -4.141287349999999812e+00 -4.140786369999999827e+00 -4.140287970000000151e+00 -4.139792149999999893e+00 -4.139298890000000064e+00 -4.138808189999999776e+00 -4.138320030000000038e+00 -4.137834419999999902e+00 -4.137351319999999610e+00 -4.136870749999999930e+00 -4.136392680000000155e+00 -4.135917100000000346e+00 -4.135443999999999676e+00 -4.134973369999999981e+00 -4.134505210000000375e+00 -4.134039490000000150e+00 -4.133576210000000195e+00 -4.133115349999999744e+00 -4.132656899999999744e+00 -4.132200860000000198e+00 -4.131747200000000397e+00 -4.131295920000000343e+00 -4.130847000000000158e+00 -4.130400429999999901e+00 -4.129956199999999633e+00 -4.129514290000000365e+00 -4.129074690000000381e+00 -4.128637399999999680e+00 -4.128202380000000282e+00 -4.127769640000000351e+00 -4.127339160000000007e+00 -4.126910920000000260e+00 -4.126484920000000223e+00 -4.126061130000000077e+00 -4.125639549999999822e+00 -4.125220159999999581e+00 -4.124802950000000301e+00 -4.124387910000000268e+00 -4.123975009999999664e+00 -4.123564250000000264e+00 -4.123155620000000354e+00
-5.442315989999999992e+00 -5.441868440000000362e+00 -5.441423099999999735e+00 -5.440979940000000070e+00 -5.440538970000000418e+00 -5.440100160000000074e+00 -5.439663509999999924e+00 -5.439229000000000092e+00 -5.438796629999999688e+00 -5.438366379999999722e+00 -5.437938240000000256e+00 -5.437512199999999574e+00 -5.437088250000000400e+00 -5.436666390000000071e+00 -5.436246599999999596e+00 -5.435828869999999924e+00 -5.435413200000000167e+00 -5.434999569999999558e+00 -5.434587969999999935e+00 -5.434178410000000348e+00 -5.433770870000000031e+00 -5.433365329999999993e+00 -5.432961800000000174e+00 -5.432560269999999747e+00 -5.432160719999999721e+00 -5.431763160000000035e+00 -5.431367569999999922e+00 -5.430973960000000211e+00 -5.430582300000000195e+00 -5.430192589999999875e+00 -5.429804840000000077e+00 -5.429419030000000035e+00 -5.429035159999999749e+00 -5.428653220000000168e+00 -5.428273199999999576e+00 -5.427895109999999690e+00 -5.427518929999999742e+00 -5.427144659999999732e+00 -5.426772299999999660e+00 -5.426401850000000415e+00 -5.426033290000000342e+00 -5.425666620000000329e+00 -5.425301850000000314e+00 -5.424938960000000421e+00 -5.424577949999999760e+00 -5.424218820000000107e+00 -5.423861569999999688e+00 -5.423506180000000398e+00 -5.423152670000000342e+00 -5.422801019999999639e+00
-6.897992620000000130e+00 -6.897119990000000200e+00 -6.896251780000000053e+00 -6.895387979999999750e+00 -6.894528580000000240e+00 -6.893673559999999867e+00 -6.892822920000000408e+00 -6.891976630000000270e+00 -6.891134700000000279e+00 -6.890297089999999791e+00 -6.889463799999999694e+00 -6.888634810000000108e+00 -6.887810110000000208e+00 -6.886989680000000114e+00 -6.886173499999999947e+00 -6.885361559999999770e+00 -6.884553849999999642e+00 -6.883750339999999746e+00 -6.882951020000000142e+00 -6.882155870000000064e+00 -6.881364879999999573e+00 -6.880578019999999739e+00 -6.879795269999999796e+00 -6.879016629999999743e+00 -6.878242059999999825e+00 -6.877471550000000100e+00 -6.876705089999999743e+00 -6.875942639999999884e+00 -6.875184199999999635e+00 -6.874429740000000066e+00 -6.873679229999999585e+00 -6.872932669999999966e+00 -6.872190029999999616e+00 -6.871451279999999606e+00 -6.870716409999999996e+00 -6.869985400000000020e+00 -6.869258219999999859e+00 -6.868534859999999576e+00 -6.867815290000000239e+00 -6.867099480000000256e+00 -6.866387429999999625e+00 -6.865679100000000368e+00 -6.864974479999999879e+00 -6.864273530000000179e+00 -6.863576250000000378e+00 -6.862882599999999833e+00 -6.862192570000000380e+00 -6.861506140000000364e+00 -6.860823270000000029e+00 -6.860143950000000324e+00
-8.154477480000000611e+00 -8.153807779999999283e+00 -8.153141409999999922e+00 -8.152478350000000873e+00 -8.151818569999999653e+00 -8.151162069999999815e+00 -8.150508809999999826e+00 -8.149858800000000514e+00 -8.149212000000000344e+00 -8.148568409999999318e+00 -8.147928000000000281e+00 -8.147290769999999682e+00 -8.146656690000000367e+00 -8.146025749999999732e+00 -8.145397940000000503e+00 -8.144773239999999248e+00 -8.144151629999999642e+00 -8.143533120000000736e+00 -8.142917669999999219e+00 -8.142305280000000423e+00 -8.141695929999999137e+00 -8.141089620000000693e+00 -8.140486329999999882e+00 -8.139886049999999429e+00 -8.139288759999999456e+00 -8.138694470000000791e+00 -8.138103140000000124e+00 -8.137514780000000059e+00 -8.136929379999999767e+00 -8.136346919999999372e+00 -8.135767400000000649e+00 -8.135190800000000166e+00 -8.134617119999999701e+00 -8.134046350000000203e+00 -8.133478470000000016e+00 -8.132913489999999967e+00 -8.132351390000000180e+00 -8.131792159999999825e+00 -8.131235809999999731e+00 -8.130682309999999191e+00 -8.130131670000000810e+00 -8.129583880000000207e+00 -8.129038919999999280e+00 -8.128496800000000633e+00 -8.127957509999999886e+00 -8.127421039999999763e+00 -8.126887379999999439e+00 -8.126356539999999740e+00 -8.125828500000000787e+00 -8.125303269999999856e+00
-9.649918440000000430e+00 -9.648696429999999324e+00 -9.647480599999999740e+00 -9.646270940000000849e+00 -9.645067420000000169e+00 -9.643870039999999477e+00 -9.642678769999999844e+00 -9.641493589999999614e+00 -9.640314489999999736e+00 -9.639141450000000333e+00 -9.637974449999999749e+00 -9.636813469999999882e+00 -9.635658480000000026e+00 -9.634509469999999354e+00 -9.633366419999999763e+00 -9.632229300000000549e+00 -9.631098090000000056e+00 -9.629972770000000182e+00 -9.628853319999999272e+00 -9.627739699999999345e+00 -9.626631910000000403e+00 -9.625529909999999134e+00 -9.624433670000000163e+00 -9.623343180000000885e+00 -9.622258410000000595e+00 -9.621179319999999535e+00 -9.620105900000000432e+00 -9.619038120000000802e+00 -9.617975949999999941e+00 -9.616919369999999745e+00 -9.615868340000000458e+00 -9.614822829999999598e+00 -9.613782829999999890e+00 -9.612748299999999801e+00 -9.611719210000000402e+00 -9.610695529999999209e+00 -9.609677239999999898e+00 -9.608664299999999159e+00 -9.607656690000000665e+00 -9.606654369999999332e+00 -9.605657309999999782e+00 -9.604665499999999412e+00 -9.603678880000000362e+00 -9.602697440000000029e+00 -9.601721149999999483e+00 -9.600749970000000744e+00 -9.599783869999999553e+00 -9.598822829999999584e+00 -9.597866809999999305e+00 -9.596915779999999785e+00
-1.086624929999999978e+01 -1.086535720000000005e+01 -1.086446959999999962e+01 -1.086358640000000086e+01 -1.086270769999999963e+01 -1.086183340000000008e+01 -1.086096339999999927e+01 -1.086009780000000013e+01 -1.085923649999999974e+01 -1.085837949999999985e+01 -1.085752680000000048e+01 -1.085667839999999984e+01 -1.085583420000000032e+01 -1.085499420000000015e+01 -1.085415850000000049e+01 -1.085332690000000078e+01 -1.085249950000000041e+01 -1.085167619999999999e+01 -1.085085710000000070e+01 -1.085004200000000019e+01 -1.084923110000000079e+01 -1.084842420000000018e+01 -1.084762139999999953e+01 -1.084682270000000059e+01 -1.084602789999999928e+01 -1.084523719999999969e+01 -1.084445050000000066e+01 -1.084366769999999924e+01 -1.084288890000000016e+01 -1.084211409999999987e+01 -1.084134320000000073e+01 -1.084057619999999922e+01 -1.083981310000000065e+01 -1.083905389999999969e+01 -1.083829869999999929e+01 -1.083754730000000066e+01 -1.083679970000000026e+01 -1.083605599999999924e+01 -1.083531619999999940e+01 -1.083458019999999955e+01 -1.083384799999999970e+01 -1.083311959999999985e+01 -1.083239500000000000e+01 -1.083167420000000014e+01 -1.083095720000000028e+01 -1.083024400000000043e+01 -1.082953449999999940e+01 -1.082882880000000014e+01 -1.082812679999999972e+01 -1.082742859999999929e+01
-1.240175220000000067e+01 -1.240017890000000023e+01 -1.239861359999999912e+01 -1.239705610000000036e+01 -1.239550649999999976e+01 -1.239396479999999912e+01 -1.239243100000000020e+01 -1.239090490000000067e+01 -1.238938669999999931e+01 -1.238787619999999912e+01 -1.238637360000000065e+01 -1.238487860000000040e+01 -1.238339129999999955e+01 -1.238191169999999985e+01 -1.238043979999999955e+01 -1.237897549999999924e+01 -1.237751880000000071e+01 -1.237606970000000040e+01 -1.237462810000000069e+01 -1.237319399999999980e+01 -1.237176750000000069e+01 -1.237034829999999985e+01 -1.236893659999999961e+01 -1.236753230000000059e+01 -1.236613539999999922e+01 -1.236474570000000028e+01 -1.236336340000000078e+01 -1.236198830000000015e+01 -1.236062049999999957e+01 -1.235925989999999963e+01 -1.235790639999999918e+01 -1.235655999999999999e+01 -1.235522079999999967e+01 -1.235388859999999944e+01 -1.235256339999999931e+01 -1.235124519999999926e+01 -1.234993399999999930e+01 -1.234862960000000065e+01 -1.234733220000000031e+01 -1.234604150000000011e+01 -1.234475770000000061e+01 -1.234348070000000064e+01 -1.234221029999999963e+01 -1.234094669999999994e+01 -1.233968969999999921e+01 -1.233843929999999922e+01 -1.233719549999999998e+01 -1.233595820000000032e+01 -1.233472740000000023e+01 -1.233350309999999972e+01
-1.357753489999999985e+01 -1.357641989999999943e+01 -1.357531059999999989e+01 -1.357420680000000068e+01 -1.357310870000000058e+01 -1.357201610000000080e+01 -1.357092899999999958e+01 -1.356984749999999984e+01 -1.356877139999999926e+01 -1.356770069999999961e+01 -1.356663550000000029e+01 -1.356557570000000013e+01 -1.356452119999999972e+01 -1.356347210000000025e+01 -1.356242830000000055e+01 -1.356138969999999944e+01 -1.356035639999999987e+01 -1.355932840000000006e+01 -1.355830549999999945e+01 -1.355728790000000039e+01 -1.355627540000000053e+01 -1.355526809999999927e+01 -1.355426579999999959e+01 -1.355326870000000028e+01 -1.355227670000000018e+01 -1.355128969999999988e+01 -1.355030769999999940e+01 -1.354933079999999990e+01 -1.354835880000000081e+01 -1.354739189999999915e+01 -1.354642989999999969e+01 -1.354547280000000065e+01 -1.354452069999999964e+01 -1.354357350000000082e+01 -1.354263120000000065e+01 -1.354169369999999972e+01 -1.354076120000000039e+01 -1.353983339999999913e+01 -1.353891050000000007e+01 -1.353799249999999965e+01 -1.353707920000000087e+01 -1.353617069999999956e+01 -1.353526699999999927e+01 -1.353436800000000062e+01 -1.353347390000000061e+01 -1.353258439999999929e+01 -1.353169970000000077e+01 -1.353081970000000034e+01 -1.352994439999999976e+01 -1.352907380000000082e+01
-1.515318159999999992e+01 -1.515125480000000024e+01 -1.514933770000000024e+01 -1.514743020000000051e+01 -1.514553229999999928e+01 -1.514364409999999950e+01 -1.514176540000000060e+01 -1.513989630000000020e+01 -1.513803659999999951e+01 -1.513618650000000088e+01 -1.513434589999999957e+01 -1.513251460000000037e+01 -1.513069280000000028e+01 -1.512888039999999990e+01 -1.512707729999999984e+01 -1.512528359999999950e+01 -1.512349910000000008e+01 -1.512172389999999922e+01 -1.511995789999999928e+01 -1.511820110000000028e+01 -1.511645339999999926e+01 -1.511471489999999918e+01 -1.511298550000000063e+01 -1.511126510000000067e+01 -1.510955369999999931e+01 -1.510785130000000009e+01 -1.510615780000000008e+01 -1.510447330000000044e+01 -1.510279760000000060e+01 -1.510113070000000057e+01 -1.509947260000000036e+01 -1.509782320000000055e+01 -1.509618249999999939e+01 -1.509455050000000043e+01 -1.509292710000000071e+01 -1.509131230000000023e+01 -1.508970599999999962e+01 -1.508810820000000064e+01 -1.508651880000000034e+01 -1.508493780000000051e+01 -1.508336519999999936e+01 -1.508180089999999929e+01 -1.508024479999999912e+01 -1.507869700000000002e+01 -1.507715740000000082e+01 -1.507562590000000036e+01 -1.507410250000000040e+01 -1.507258709999999979e+01 -1.507107970000000030e+01 -1.506958030000000015e+01
-1.628822369999999964e+01 -1.628688490000000044e+01 -1.628555289999999900e+01 -1.628422780000000003e+01 -1.628290940000000120e+01 -1.628159790000000129e+01 -1.628029300000000035e+01 -1.627899490000000071e+01 -1.627770329999999888e+01 -1.627641840000000073e+01 -1.627514010000000155e+01 -1.627386840000000134e+01 -1.627260310000000132e+01 -1.627134429999999909e+01 -1.627009200000000178e+01 -1.626884610000000109e+01 -1.626760660000000058e+01 -1.626637339999999909e+01 -1.626514660000000134e+01 -1.626392609999999905e+01 -1.626271180000000172e+01 -1.626150379999999984e+01 -1.626030199999999937e+01 -1.625910640000000029e+01 -1.625791690000000145e+01 -1.625673360000000045e+01 -1.625555639999999968e+01 -1.625438529999999915e+01 -1.625322020000000123e+01 -1.625206119999999999e+01 -1.625090820000000136e+01 -1.624976110000000062e+01 -1.624862010000000012e+01 -1.624748500000000107e+01 -1.624635579999999990e+01 -1.624523250000000019e+01 -1.624411509999999836e+01 -1.624300360000000154e+01 -1.624189790000000144e+01 -1.624079800000000162e+01 -1.623970389999999853e+01 -1.623861570000000043e+01 -1.623753320000000144e+01 -1.623645640000000157e+01 -1.623538539999999841e+01 -1.623432019999999909e+01 -1.623326060000000126e+01 -1.623220669999999899e+01 -1.623115849999999938e+01 -1.623011599999999888e+01
-1.790414529999999971e+01 -1.790186250000000001e+01 -1.789959109999999853e+01 -1.789733109999999883e+01 -1.789508239999999972e+01 -1.789284500000000122e+01 -1.789061889999999977e+01 -1.788840400000000130e+01 -1.788620039999999989e+01 -1.788400800000000146e+01 -1.788182670000000130e+01 -1.787965660000000057e+01 -1.787749760000000165e+01 -1.787534970000000101e+01 -1.787321280000000101e+01 -1.787108690000000166e+01 -1.786897199999999941e+01 -1.786686800000000019e+01 -1.786477490000000046e+01 -1.786269270000000020e+01 -1.786062129999999826e+01 -1.785856070000000173e+01 -1.785651089999999996e+01 -1.785447170000000128e+01 -1.785244330000000090e+01 -1.785042539999999889e+01 -1.784841809999999995e+01 -1.784642140000000055e+01 -1.784443519999999950e+01 -1.784245939999999919e+01 -1.784049399999999963e+01 -1.783853900000000081e+01 -1.783659430000000157e+01 -1.783465980000000073e+01 -1.783273559999999947e+01 -1.783082160000000016e+01 -1.782891760000000048e+01 -1.782702379999999920e+01 -1.782514000000000109e+01 -1.782326619999999906e+01 -1.782140220000000141e+01 -1.781954819999999984e+01 -1.781770399999999910e+01 -1.781586959999999920e+01 -1.781404489999999896e+01 -1.781222989999999839e+01 -1.781042449999999988e+01 -1.780862859999999870e+01 -1.780684229999999957e+01 -1.780506550000000132e+01
-1.899812770000000128e+01 -1.899656369999999939e+01 -1.899500790000000094e+01 -1.899346010000000007e+01 -1.899192040000000148e+01 -1.899038870000000045e+01 -1.898886489999999938e+01 -1.898734909999999942e+01 -1.898584109999999825e+01 -1.898434100000000058e+01 -1.898284860000000052e+01 -1.898136399999999924e+01 -1.897988709999999912e+01 -1.897841779999999900e+01 -1.897695620000000005e+01 -1.897550220000000110e+01 -1.897405570000000097e+01 -1.897261680000000084e+01 -1.897118529999999836e+01 -1.896976129999999827e+01 -1.896834469999999939e+01 -1.896693550000000172e+01 -1.896553360000000055e+01 -1.896413899999999941e+01 -1.896275169999999832e+01 -1.896137159999999966e+01 -1.895999880000000104e+01 -1.895863310000000013e+01 -1.895727460000000164e+01 -1.895592320000000086e+01 -1.895457890000000134e+01 -1.895324169999999953e+01 -1.895191150000000135e+01 -1.895058840000000089e+01 -1.894927219999999934e+01 -1.894796290000000027e+01 -1.894666060000000130e+01 -1.894536520000000124e+01 -1.894407670000000010e+01 -1.894279510000000144e+01 -1.894152019999999936e+01 -1.894025219999999976e+01 -1.893899100000000146e+01 -1.893773660000000092e+01 -1.893648890000000051e+01 -1.893524790000000024e+01 -1.893401360000000011e+01 -1.893278600000000012e+01 -1.893156510000000026e+01 -1.893035079999999937e+01
-2.065493689999999916e+01 -2.065229520000000107e+01 -2.064966659999999976e+01 -2.064705100000000115e+01 -2.064444849999999931e+01 -2.064185900000000018e+01 -2.063928250000000020e+01 -2.063671890000000175e+01 -2.063416820000000129e+01 -2.063163039999999882e+01 -2.062910540000000026e+01 -2.062659329999999969e+01 -2.062409389999999831e+01 -2.062160730000000086e+01 -2.061913339999999906e+01 -2.061667220000000000e+01 -2.061422359999999898e+01 -2.061178759999999954e+01 -2.060936420000000169e+01 -2.060695339999999831e+01 -2.060455500000000129e+01 -2.060216899999999995e+01 -2.059979540000000142e+01 -2.059743419999999858e+01 -2.059508539999999854e+01 -2.059274870000000135e+01 -2.059042429999999868e+01 -2.058811210000000003e+01 -2.058581200000000067e+01 -2.058352400000000060e+01 -2.058124799999999865e+01 -2.057898409999999956e+01 -2.057673199999999980e+01 -2.057449180000000055e+01 -2.057226349999999826e+01 -2.057004690000000124e+01 -2.056784210000000002e+01 -2.056564889999999934e+01 -2.056346740000000040e+01 -2.056129749999999845e+01 -2.055913899999999828e+01 -2.055699200000000104e+01 -2.055485639999999847e+01 -2.055273220000000123e+01 -2.055061930000000103e+01 -2.054851749999999910e+01 -2.054642700000000133e+01 -2.054434759999999827e+01 -2.054227930000000057e+01 -2.054022189999999881e+01
-2.170712639999999993e+01 -2.170533520000000038e+01 -2.170355350000000172e+01 -2.170178110000000160e+01 -2.170001810000000120e+01 -2.169826430000000173e+01 -2.169651980000000080e+01 -2.169478439999999964e+01 -2.169305819999999940e+01 -2.169134100000000132e+01 -2.168963289999999944e+01 -2.168793379999999971e+01 -2.168624369999999857e+01 -2.168456240000000079e+01 -2.168288989999999927e+01 -2.168122629999999873e+01 -2.167957150000000155e+01 -2.167792529999999829e+01 -2.167628780000000077e+01 -2.167465899999999834e+01 -2.167303880000000049e+01 -2.167142709999999894e+01 -2.166982390000000080e+01 -2.166822919999999897e+01 -2.166664289999999937e+01 -2.166506499999999846e+01 -2.166349549999999979e+01 -2.166193420000000103e+01 -2.166038130000000095e+01 -2.165883660000000077e+01 -2.165730010000000050e+01 -2.165577180000000013e+01 -2.165425169999999966e+01 -2.165273960000000031e+01 -2.165123570000000086e+01 -2.164973970000000136e+01 -2.164825180000000060e+01 -2.164677190000000095e+01 -2.164529990000000126e+01 -2.164383580000000151e+01 -2.164237969999999933e+01 -2.164093139999999948e+01 -2.163949089999999842e+01 -2.163805819999999969e+01 -2.163663340000000090e+01 -2.163521619999999857e+01 -2.163380679999999856e+01 -2.163240509999999972e+01 -2.163101109999999849e+01 -2.162962470000000081e+01
-2.340534500000000051e+01 -2.340234159999999974e+01 -2.339935290000000023e+01 -2.339637889999999842e+01 -2.339341960000000142e+01 -2.339047499999999857e+01 -2.338754499999999936e+01 -2.338462960000000024e+01 -2.338172870000000003e+01 -2.337884239999999991e+01 -2.337597059999999871e+01 -2.337311329999999998e+01 -2.337027039999999900e+01 -2.336744189999999932e+01 -2.336462780000000095e+01 -2.336182790000000153e+01 -2.335904239999999987e+01 -2.335627119999999834e+01 -2.335351410000000172e+01 -2.335077120000000050e+01 -2.334804240000000064e+01 -2.334532769999999857e+01 -2.334262700000000024e+01 -2.333994039999999970e+01 -2.333726770000000172e+01 -2.333460880000000159e+01 -2.333196390000000164e+01 -2.332933269999999837e+01 -2.332671530000000004e+01 -2.332411159999999839e+01 -2.332152149999999935e+01 -2.331894510000000054e+01 -2.331638219999999961e+01 -2.331383280000000013e+01 -2.331129680000000093e+01 -2.330877419999999844e+01 -2.330626499999999979e+01 -2.330376899999999907e+01 -2.330128630000000101e+01 -2.329881669999999971e+01 -2.329636019999999874e+01 -2.329391680000000164e+01 -2.329148640000000015e+01 -2.328906879999999902e+01 -2.328666420000000059e+01 -2.328427239999999898e+01 -2.328189330000000012e+01 -2.327952690000000047e+01 -2.327717309999999884e+01 -2.327483189999999880e+01
-2.441570249999999831e+01 -2.441368149999999915e+01 -2.441167120000000068e+01 -2.440967170000000053e+01 -2.440768290000000107e+01 -2.440570459999999997e+01 -2.440373689999999840e+01 -2.440177969999999874e+01 -2.439983289999999982e+01 -2.439789650000000165e+01 -2.439597050000000067e+01 -2.439405460000000048e+01 -2.439214910000000103e+01 -2.439025360000000120e+01 -2.438836829999999978e+01 -2.438649300000000153e+01 -2.438462780000000052e+01 -2.438277250000000151e+01 -2.438092710000000096e+01 -2.437909159999999886e+01 -2.437726590000000115e+01 -2.437544989999999956e+01 -2.437364369999999880e+01 -2.437184720000000127e+01 -2.437006020000000106e+01 -2.436828290000000052e+01 -2.436651510000000087e+01 -2.436475670000000093e+01 -2.436300789999999949e+01 -2.436126840000000016e+01 -2.435953830000000053e+01 -2.435781749999999946e+01 -2.435610600000000048e+01 -2.435440369999999888e+01 -2.435271069999999938e+01 -2.435102679999999964e+01 -2.434935199999999966e+01 -2.434768640000000062e+01 -2.434602969999999900e+01 -2.434438210000000069e+01 -2.434274350000000098e+01 -2.434111379999999869e+01 -2.433949309999999855e+01 -2.433788120000000177e+01 -2.433627819999999886e+01 -2.433468390000000170e+01 -2.433309849999999841e+01 -2.433152180000000087e+01 -2.432995379999999841e+01 -2.432839450000000170e+01
-2.615483280000000121e+01 -2.615146469999999823e+01 -2.614811290000000099e+01 -2.614477739999999883e+01 -2.614145830000000004e+01 -2.613815530000000109e+01 -2.613486860000000078e+01 -2.613159819999999911e+01 -2.612834379999999967e+01 -2.612510560000000126e+01 -2.612188360000000031e+01 -2.611867750000000044e+01 -2.611548760000000158e+01 -2.611231360000000024e+01 -2.610915549999999996e+01 -2.610601339999999837e+01 -2.610288720000000140e+01 -2.609977689999999839e+01 -2.609668230000000122e+01 -2.609360350000000039e+01 -2.609054039999999830e+01 -2.608749299999999849e+01 -2.608446130000000096e+01 -2.608144509999999983e+01 -2.607844449999999981e+01 -2.607545929999999856e+01 -2.607248969999999844e+01 -2.606953539999999947e+01 -2.606659649999999928e+01 -2.606367290000000025e+01 -2.606076450000000122e+01 -2.605787129999999863e+01 -2.605499329999999958e+01 -2.605213039999999936e+01 -2.604928250000000034e+01 -2.604644950000000136e+01 -2.604363150000000005e+01 -2.604082839999999877e+01 -2.603804009999999991e+01 -2.603526649999999876e+01 -2.603250759999999886e+01 -2.602976340000000022e+01 -2.602703370000000049e+01 -2.602431849999999969e+01 -2.602161780000000135e+01 -2.601893139999999960e+01 -2.601625939999999915e+01 -2.601360160000000121e+01 -2.601095799999999869e+01 -2.600832859999999869e+01
-2.712313779999999852e+01 -2.712088370000000026e+01 -2.711864170000000129e+01 -2.711641170000000045e+01 -2.711419379999999890e+01 -2.711198789999999903e+01 -2.710979389999999967e+01 -2.710761159999999848e+01 -2.710544120000000134e+01 -2.710328249999999883e+01 -2.710113540000000043e+01 -2.709899989999999903e+01 -2.709687600000000174e+01 -2.709476349999999911e+01 -2.709266249999999943e+01 -2.709057269999999917e+01 -2.708849430000000069e+01 -2.708642710000000164e+01 -2.708437109999999848e+01 -2.708232629999999830e+01 -2.708029249999999877e+01 -2.707826969999999989e+01 -2.707625790000000165e+01 -2.707425699999999935e+01 -2.707226689999999891e+01 -2.707028770000000151e+01 -2.706831920000000125e+01 -2.706636140000000168e+01 -2.706441429999999926e+01 -2.706247779999999992e+01 -2.706055179999999893e+01 -2.705863629999999986e+01 -2.705673129999999915e+01 -2.705483669999999918e+01 -2.705295249999999996e+01 -2.705107860000000031e+01 -2.704921500000000023e+01 -2.704736169999999973e+01 -2.704551850000000002e+01 -2.704368540000000110e+01 -2.704186250000000058e+01 -2.704004959999999969e+01 -2.703824679999999958e+01 -2.703645390000000148e+01 -2.703467099999999945e+01 -2.703289799999999943e+01 -2.703113490000000141e+01 -2.702938160000000067e+01 -2.702763810000000078e+01 -2.702590430000000055e+01
-2.890414940000000144e+01 -2.890041409999999900e+01 -2.889669680000000085e+01 -2.889299719999999994e+01 -2.888931549999999859e+01 -2.888565159999999921e+01 -2.888200540000000061e+01 -2.887837700000000041e+01 -2.887476619999999983e+01 -2.887117310000000003e+01 -2.886759759999999986e+01 -2.886403969999999930e+01 -2.886049939999999836e+01 -2.885697659999999942e+01 -2.885347129999999893e+01 -2.884998339999999928e+01 -2.884651300000000163e+01 -2.884305990000000008e+01 -2.883962419999999938e+01 -2.883620570000000072e+01 -2.883280459999999934e+01 -2.882942059999999884e+01 -2.882605380000000039e+01 -2.882270409999999927e+01 -2.881937160000000020e+01 -2.881605599999999967e+01 -2.881275750000000002e+01 -2.880947589999999892e+01 -2.880621119999999991e+01 -2.880296329999999827e+01 -2.879973229999999873e+01 -2.879651790000000133e+01 -2.879332030000000131e+01 -2.879013929999999988e+01 -2.878697500000000176e+01 -2.878382709999999989e+01 -2.878069569999999899e+01 -2.877758079999999907e+01 -2.877448220000000134e+01 -2.877139989999999869e+01 -2.876833380000000062e+01 -2.876528400000000119e+01 -2.876225020000000043e+01 -2.875923249999999953e+01 -2.875623089999999848e+01 -2.875324510000000089e+01 -2.875027529999999842e+01 -2.874732119999999824e+01 -2.874438290000000151e+01 -2.874146029999999996e+01
2.839548810000000145e+01 2.839323429999999959e+01 2.839099260000000058e+01 2.838876300000000086e+01 2.838654550000000043e+01 2.838433990000000051e+01 2.838214629999999872e+01 2.837996460000000098e+01 2.837779469999999904e+01 2.837563649999999882e+01 2.837349010000000149e+01 2.837135520000000000e+01 2.836923189999999906e+01 2.836712019999999868e+01 2.836501990000000006e+01 2.836293099999999967e+01 2.836085350000000105e+01 2.835878719999999831e+01 2.835673219999999972e+01 2.835468840000000057e+01 2.835265569999999968e+01 2.835063410000000061e+01 2.834862349999999864e+01 2.834662390000000087e+01 2.834463519999999903e+01 2.834265740000000022e+01 2.834069050000000090e+01 2.833873429999999871e+01 2.833678880000000078e+01 2.833485410000000115e+01 2.833293000000000106e+01 2.833101650000000049e+01 2.832911349999999828e+01 2.832722109999999915e+01 2.832533910000000077e+01 2.832346749999999957e+01 2.832160640000000029e+01 2.831975549999999942e+01 2.831791499999999928e+01 2.831608470000000111e+01 2.831426460000000134e+01 2.831245469999999997e+01 2.831065500000000057e+01 2.830886530000000079e+01 2.830708579999999941e+01 2.830531620000000004e+01 2.830355670000000146e+01 2.830180710000000133e+01 2.830006739999999965e+01 2.829833759999999998e+01
3.027952660000000051e+01 3.027546570000000159e+01 3.027142380000000088e+01 3.026740110000000072e+01 3.026339730000000117e+01 3.025941260000000099e+01 3.025544680000000142e+01 3.025150000000000006e+01 3.024757200000000168e+01 3.024366290000000035e+01 3.023977259999999845e+01 3.023590120000000070e+01 3.023204840000000004e+01 3.022821439999999882e+01 3.022439909999999941e+01 3.022060249999999826e+01 3.021682440000000014e+01 3.021306489999999911e+01 3.020932399999999873e+01 3.020560160000000138e+01 3.020189769999999996e+01 3.019821209999999923e+01 3.019454500000000152e+01 3.019089620000000096e+01 3.018726570000000109e+01 3.018365349999999836e+01 3.018005949999999871e+01 3.017648369999999858e+01 3.017292600000000036e+01 3.016938640000000049e+01 3.016586480000000137e+01 3.016236130000000060e+01 3.015887559999999823e+01 3.015540790000000015e+01 3.015195800000000048e+01 3.014852589999999921e+01 3.014511159999999990e+01 3.014171490000000020e+01 3.013833590000000129e+01 3.013497440000000083e+01 3.013163049999999998e+01 3.012830399999999997e+01 3.012499499999999841e+01 3.012170330000000007e+01 3.011842890000000139e+01 3.011517170000000121e+01 3.011193159999999835e+01 3.010870870000000110e+01 3.010550280000000001e+01 3.010231399999999979e+01
2.569322209999999984e+01 2.569119029999999881e+01 2.568916940000000082e+01 2.568715930000000114e+01 2.568515989999999860e+01 2.568317130000000148e+01 2.568119340000000150e+01 2.567922599999999989e+01 2.567726920000000135e+01 2.567532290000000117e+01 2.567338700000000173e+01 2.567146160000000066e+01 2.566954640000000154e+01 2.566764159999999961e+01 2.566574699999999964e+01 2.566386260000000163e+01 2.566198830000000086e+01 2.566012410000000088e+01 2.565827000000000169e+01 2.565642589999999856e+01 2.565459170000000100e+01 2.565276749999999950e+01 2.565095309999999884e+01 2.564914849999999902e+01 2.564735370000000003e+01 2.564556860000000071e+01 2.564379320000000106e+01 2.564202750000000108e+01 2.564027139999999960e+01 2.563852479999999900e+01 2.563678780000000046e+01 2.563506029999999924e+01 2.563334220000000130e+01 2.563163349999999951e+01 2.562993429999999861e+01 2.562824429999999865e+01 2.562656369999999839e+01 2.562489229999999907e+01 2.562323019999999829e+01 2.562157720000000083e+01 2.561993349999999836e+01 2.561829880000000159e+01 2.561667329999999865e+01 2.561505680000000140e+01 2.561344940000000037e+01 2.561185100000000148e+01 2.561026150000000001e+01 2.560868100000000069e+01 2.560710949999999997e+01 2.560554679999999905e+01
2.752775850000000091e+01 2.752407900000000041e+01 2.752041699999999835e+01 2.751677240000000069e+01 2.751314520000000030e+01 2.750953540000000075e+01 2.750594299999999848e+01 2.750236779999999825e+01 2.749880999999999887e+01 2.749526940000000153e+01 2.749174599999999913e+01 2.748823979999999878e+01 2.748475080000000048e+01 2.748127889999999951e+01 2.747782409999999942e+01 2.747438629999999904e+01 2.747096559999999954e+01 2.746756189999999975e+01 2.746417509999999851e+01 2.746080530000000053e+01 2.745745229999999992e+01 2.745411620000000141e+01 2.745079690000000028e+01 2.744749440000000007e+01 2.744420859999999962e+01 2.744093949999999893e+01 2.743768700000000038e+01 2.743445110000000042e+01 2.743123179999999905e+01 2.742802899999999866e+01 2.742484260000000162e+01 2.742167269999999846e+01 2.741851910000000103e+01 2.741538179999999869e+01 2.741226089999999971e+01 2.740915610000000058e+01 2.740606749999999892e+01 2.740299500000000066e+01 2.739993859999999870e+01 2.739689810000000136e+01 2.739387359999999916e+01 2.739086500000000157e+01 2.738787230000000150e+01 2.738489530000000016e+01 2.738193400000000111e+01 2.737898840000000078e+01 2.737605840000000157e+01 2.737314389999999875e+01 2.737024489999999943e+01 2.736736129999999889e+01
2.299005899999999869e+01 2.298824619999999896e+01 2.298644309999999891e+01 2.298464949999999973e+01 2.298286549999999906e+01 2.298109090000000165e+01 2.297932570000000041e+01 2.297756989999999888e+01 2.297582339999999945e+01 2.297408610000000095e+01 2.297235810000000100e+01 2.297063929999999843e+01 2.296892959999999917e+01 2.296722899999999967e+01 2.296553749999999994e+01 2.296385490000000118e+01 2.296218139999999863e+01 2.296051669999999945e+01 2.295886090000000124e+01 2.295721400000000045e+01 2.295557579999999831e+01 2.295394650000000070e+01 2.295232580000000056e+01 2.295071390000000022e+01 2.294911060000000091e+01 2.294751589999999908e+01 2.294592979999999827e+01 2.294435220000000086e+01 2.294278309999999976e+01 2.294122249999999852e+01 2.293967040000000068e+01 2.293812660000000037e+01 2.293659129999999990e+01 2.293506430000000051e+01 2.293354559999999864e+01 2.293203520000000140e+01 2.293053300000000050e+01 2.292903899999999950e+01 2.292755329999999958e+01 2.292607569999999839e+01 2.292460630000000066e+01 2.292314500000000166e+01 2.292169170000000022e+01 2.292024650000000108e+01 2.291880940000000066e+01 2.291738030000000137e+01 2.291595909999999847e+01 2.291454590000000024e+01 2.291314059999999841e+01 2.291174330000000126e+01
2.477578030000000098e+01 2.477247960000000049e+01 2.476919459999999873e+01 2.476592540000000042e+01 2.476267199999999846e+01 2.475943429999999879e+01 2.475621230000000139e+01 2.475300590000000156e+01 2.474981520000000046e+01 2.474664020000000164e+01 2.474348069999999922e+01 2.474033670000000029e+01 2.473720829999999893e+01 2.473409540000000106e+01 2.473099789999999842e+01 2.472791589999999928e+01 2.472484929999999892e+01 2.472179799999999972e+01 2.471876209999999929e+01 2.471574150000000003e+01 2.471273610000000076e+01 2.470974599999999910e+01 2.470677099999999982e+01 2.470381120000000053e+01 2.470086650000000006e+01 2.469793689999999842e+01 2.469502230000000154e+01 2.469212260000000114e+01 2.468923799999999957e+01 2.468636820000000043e+01 2.468351320000000015e+01 2.468067309999999992e+01 2.467784770000000094e+01 2.467503699999999967e+01 2.467224099999999964e+01 2.466945959999999971e+01 2.466669269999999869e+01 2.466394040000000132e+01 2.466120250000000169e+01 2.465847899999999981e+01 2.465576980000000162e+01 2.465307500000000118e+01 2.465039439999999971e+01 2.464772789999999958e+01 2.464507559999999842e+01 2.464243730000000099e+01 2.463981310000000136e+01 2.463720280000000074e+01 2.463460630000000151e+01 2.463202370000000130e+01
2.028665279999999882e+01 2.028505699999999834e+01 2.028346949999999893e+01 2.028189030000000059e+01 2.028031939999999977e+01 2.027875680000000003e+01 2.027720229999999901e+01 2.027565590000000029e+01 2.027411770000000146e+01 2.027258750000000020e+01 2.027106530000000006e+01 2.026955119999999866e+01 2.026804500000000075e+01 2.026654669999999925e+01 2.026505620000000008e+01 2.026357360000000085e+01 2.026209890000000158e+01 2.026063179999999875e+01 2.025917259999999942e+01 2.025772100000000009e+01 2.025627709999999837e+01 2.025484080000000020e+01 2.025341209999999847e+01 2.025199100000000030e+01 2.025057740000000095e+01 2.024917140000000160e+01 2.024777279999999990e+01 2.024638170000000059e+01 2.024499799999999894e+01 2.024362169999999850e+01 2.024225279999999927e+01 2.024089120000000008e+01 2.023953690000000094e+01 2.023818989999999829e+01 2.023685019999999923e+01 2.023551780000000022e+01 2.023419249999999892e+01 2.023287450000000121e+01 2.023156360000000120e+01 2.023025979999999890e+01 2.022896319999999903e+01 2.022767370000000042e+01 2.022639129999999952e+01 2.022511589999999870e+01 2.022384759999999915e+01 2.022258629999999968e+01 2.022133200000000031e+01 2.022008470000000102e+01 2.021884430000000066e+01 2.021761090000000038e+01
2.202308629999999923e+01 2.202016160000000156e+01 2.201725100000000168e+01 2.201435460000000077e+01 2.201147220000000004e+01 2.200860390000000066e+01 2.200574960000000146e+01 2.200290929999999889e+01 2.200008289999999889e+01 2.199727060000000023e+01 2.199447209999999941e+01 2.199168750000000117e+01 2.198891679999999837e+01 2.198616000000000170e+01 2.198341690000000170e+01 2.198068759999999955e+01 2.197797209999999879e+01 2.197527029999999826e+01 2.197258220000000151e+01 2.196990770000000026e+01 2.196724680000000163e+01 2.196459949999999850e+01 2.196196570000000037e+01 2.195934540000000013e+01 2.195673860000000133e+01 2.195414530000000042e+01 2.195156529999999862e+01 2.194899859999999947e+01 2.194644519999999943e+01 2.194390509999999850e+01 2.194137830000000022e+01 2.193886450000000110e+01 2.193636400000000108e+01 2.193387639999999905e+01 2.193140190000000089e+01 2.192894039999999833e+01 2.192649189999999848e+01 2.192405619999999900e+01 2.192163329999999988e+01 2.191922320000000113e+01 2.191682589999999919e+01 2.191444119999999884e+01 2.191206920000000125e+01 2.190970970000000051e+01 2.190736280000000136e+01 2.190502830000000145e+01 2.190270620000000079e+01 2.190039640000000176e+01 2.189809899999999843e+01 2.189581379999999911e+01
1.758225910000000169e+01 1.758087829999999840e+01 1.757950470000000109e+01 1.757813820000000149e+01 1.757677869999999842e+01 1.757542630000000017e+01 1.757408080000000083e+01 1.757274239999999921e+01 1.757141079999999889e+01 1.757008619999999866e+01 1.756876839999999973e+01 1.756745739999999856e+01 1.756615329999999986e+01 1.756485590000000130e+01 1.756356519999999932e+01 1.756228129999999865e+01 1.756100400000000050e+01 1.755973339999999894e+01 1.755846939999999989e+01 1.755721199999999982e+01 1.755596110000000110e+01 1.755471680000000134e+01 1.755347899999999939e+01 1.755224769999999879e+01 1.755102289999999954e+01 1.754980450000000047e+01 1.754859250000000159e+01 1.754738689999999934e+01 1.754618770000000083e+01 1.754499480000000133e+01 1.754380829999999847e+01 1.754262800000000055e+01 1.754145409999999927e+01 1.754028639999999939e+01 1.753912490000000091e+01 1.753796970000000144e+01 1.753682069999999982e+01 1.753567779999999843e+01 1.753454119999999961e+01 1.753341059999999985e+01 1.753228629999999910e+01 1.753116800000000097e+01 1.753005579999999952e+01 1.752894969999999830e+01 1.752784970000000087e+01 1.752675580000000011e+01 1.752566789999999841e+01 1.752458599999999933e+01 1.752351009999999931e+01 1.752244019999999836e+01
1.927003789999999839e+01 1.926748660000000157e+01 1.926494770000000045e+01 1.926242129999999975e+01 1.925990709999999950e+01 1.925740539999999967e+01 1.925491590000000031e+01 1.925243869999999902e+01 1.924997390000000053e+01 1.924752120000000133e+01 1.924508080000000021e+01 1.924265259999999955e+01 1.924023659999999936e+01 1.923783269999999845e+01 1.923544100000000157e+01 1.923306129999999925e+01 1.923069369999999978e+01 1.922833809999999843e+01 1.922599449999999877e+01 1.922366290000000077e+01 1.922134319999999974e+01 1.921903539999999921e+01 1.921673949999999920e+01 1.921445549999999969e+01 1.921218319999999835e+01 1.920992259999999874e+01 1.920767379999999847e+01 1.920543669999999992e+01 1.920321119999999837e+01 1.920099730000000093e+01 1.919879500000000050e+01 1.919660419999999945e+01 1.919442480000000018e+01 1.919225690000000029e+01 1.919010039999999861e+01 1.918795520000000110e+01 1.918582139999999825e+01 1.918369870000000077e+01 1.918158730000000034e+01 1.917948700000000173e+01 1.917739789999999900e+01 1.917531980000000047e+01 1.917325269999999904e+01 1.917119650000000064e+01 1.916915129999999934e+01 1.916711689999999990e+01 1.916509339999999995e+01 1.916308060000000069e+01 1.916107849999999857e+01 1.915908699999999953e+01
1.487697879999999984e+01 1.487581179999999925e+01 1.487465079999999951e+01 1.487349580000000060e+01 1.487234660000000019e+01 1.487120329999999946e+01 1.487006580000000078e+01 1.486893419999999999e+01 1.486780830000000009e+01 1.486668820000000046e+01 1.486557389999999934e+01 1.486446519999999971e+01 1.486336230000000036e+01 1.486226500000000073e+01 1.486117330000000081e+01 1.486008720000000061e+01 1.485900670000000012e+01 1.485793179999999936e+01 1.485686240000000069e+01 1.485579859999999996e+01 1.485474020000000017e+01 1.485368730000000070e+01 1.485263989999999978e+01 1.485159789999999980e+01 1.485056130000000074e+01 1.484953010000000084e+01 1.484850430000000010e+01 1.484748379999999912e+01 1.484646870000000085e+01 1.484545890000000057e+01 1.484445449999999944e+01 1.484345530000000046e+01 1.484246139999999947e+01 1.484147270000000063e+01 1.484048929999999977e+01 1.483951109999999929e+01 1.483853820000000034e+01 1.483757040000000060e+01 1.483660790000000063e+01 1.483565049999999985e+01 1.483469829999999945e+01 1.483375120000000003e+01 1.483280919999999981e+01 1.483187239999999996e+01 1.483094069999999931e+01 1.483001409999999964e+01 1.482909259999999918e+01 1.482817610000000030e+01 1.482726480000000002e+01 1.482635849999999955e+01
1.651627979999999951e+01 1.651409930000000159e+01 1.651192950000000081e+01 1.650977040000000073e+01 1.650762190000000018e+01 1.650548399999999916e+01 1.650335670000000121e+01 1.650123999999999924e+01 1.649913390000000035e+01 1.649703829999999982e+01 1.649495320000000120e+01 1.649287860000000094e+01 1.649081449999999904e+01 1.648876080000000144e+01 1.648671750000000102e+01 1.648468460000000135e+01 1.648266209999999887e+01 1.648064989999999952e+01 1.647864799999999974e+01 1.647665639999999954e+01 1.647467500000000129e+01 1.647270380000000145e+01 1.647074290000000119e+01 1.646879200000000054e+01 1.646685129999999830e+01 1.646492070000000041e+01 1.646300009999999858e+01 1.646108949999999993e+01 1.645918890000000090e+01 1.645729820000000032e+01 1.645541749999999936e+01 1.645354659999999924e+01 1.645168549999999996e+01 1.644983420000000152e+01 1.644799259999999919e+01 1.644616080000000125e+01 1.644433859999999825e+01 1.644252600000000086e+01 1.644072299999999842e+01 1.643892950000000042e+01 1.643714549999999974e+01 1.643537099999999995e+01 1.643360579999999871e+01 1.643185000000000073e+01 1.643010359999999892e+01 1.642836640000000159e+01 1.642663830000000047e+01 1.642491950000000145e+01 1.642320979999999864e+01 1.642150919999999914e+01
1.217089460000000045e+01 1.216994069999999972e+01 1.216899160000000002e+01 1.216804729999999957e+01 1.216710780000000014e+01 1.216617309999999996e+01 1.216524300000000025e+01 1.216431769999999979e+01 1.216339699999999979e+01 1.216248110000000082e+01 1.216156969999999937e+01 1.216066299999999956e+01 1.215976090000000021e+01 1.215886330000000015e+01 1.215797030000000056e+01 1.215708189999999966e+01 1.215619790000000044e+01 1.215531849999999991e+01 1.215444360000000046e+01 1.215357309999999913e+01 1.215270710000000065e+01 1.215184559999999969e+01 1.215098839999999925e+01 1.215013569999999987e+01 1.214928740000000040e+01 1.214844339999999967e+01 1.214760380000000062e+01 1.214676859999999969e+01 1.214593769999999928e+01 1.214511109999999938e+01 1.214428889999999939e+01 1.214347090000000051e+01 1.214265720000000037e+01 1.214184780000000075e+01 1.214104269999999985e+01 1.214024180000000008e+01 1.213944520000000082e+01 1.213865279999999913e+01 1.213786460000000034e+01 1.213708060000000089e+01 1.213630090000000017e+01 1.213552529999999940e+01 1.213475389999999976e+01 1.213398669999999946e+01 1.213322370000000028e+01 1.213246479999999927e+01 1.213171009999999939e+01 1.213095949999999945e+01 1.213021310000000064e+01 1.212947080000000000e+01
1.376232860000000002e+01 1.376051630000000081e+01 1.375871300000000019e+01 1.375691860000000055e+01 1.375513310000000011e+01 1.375335650000000065e+01 1.375158869999999922e+01 1.374982980000000055e+01 1.374807969999999990e+01 1.374633829999999968e+01 1.374460580000000043e+01 1.374288199999999982e+01 1.374116700000000080e+01 1.373946059999999925e+01 1.373776299999999928e+01 1.373607400000000034e+01 1.373439360000000065e+01 1.373272189999999959e+01 1.373105879999999956e+01 1.372940419999999939e+01 1.372775820000000024e+01 1.372612069999999918e+01 1.372449169999999974e+01 1.372287110000000077e+01 1.372125890000000048e+01 1.371965520000000005e+01 1.371805980000000069e+01 1.371647270000000063e+01 1.371489399999999925e+01 1.371332349999999956e+01 1.371176119999999976e+01 1.371020719999999926e+01 1.370866129999999927e+01 1.370712359999999919e+01 1.370559390000000022e+01 1.370407229999999998e+01 1.370255880000000026e+01 1.370105320000000049e+01 1.369955560000000006e+01 1.369806580000000018e+01 1.369658399999999965e+01 1.369510999999999967e+01 1.369364380000000025e+01 1.369218539999999962e+01 1.369073470000000015e+01 1.368929160000000067e+01 1.368785620000000058e+01 1.368642840000000049e+01 1.368500820000000040e+01 1.368359539999999974e+01
9.464151929999999879e+00 9.463410749999999538e+00 9.462673269999999803e+00 9.461939490000000674e+00 9.461209379999999669e+00 9.460482929999999513e+00 9.459760129999999378e+00 9.459040939999999509e+00 9.458325359999999904e+00 9.457613379999999736e+00 9.456904970000000077e+00 9.456200120000000098e+00 9.455498809999999921e+00 9.454801039999999546e+00 9.454106780000000043e+00 9.453416020000000586e+00 9.452728750000000346e+00 9.452044960000000273e+00 9.451364630000000489e+00 9.450687759999999216e+00 9.450014319999999302e+00 9.449344299999999919e+00 9.448677699999999291e+00 9.448014510000000143e+00 9.447354710000000821e+00 9.446698290000000497e+00 9.446045249999999172e+00 9.445395559999999691e+00 9.444749229999999329e+00 9.444106250000000813e+00 9.443466589999999883e+00 9.442830269999999970e+00 9.442197260000000369e+00 9.441567559999999304e+00 9.440941159999999499e+00 9.440318059999999178e+00 9.439698240000000240e+00 9.439081699999999131e+00 9.438468430000000353e+00 9.437858430000000354e+00 9.437251690000000082e+00 9.436648189999999659e+00 9.436047950000000739e+00 9.435450949999999892e+00 9.434857179999999843e+00 9.434266629999999765e+00 9.433679319999999535e+00 9.433095220000000225e+00 9.432514330000000058e+00 9.431936659999999861e+00
1.100791609999999920e+01 1.100647000000000020e+01 1.100503089999999951e+01 1.100359910000000063e+01 1.100217430000000007e+01 1.100075660000000077e+01 1.099934610000000035e+01 1.099794260000000001e+01 1.099654619999999916e+01 1.099515680000000017e+01 1.099377450000000067e+01 1.099239919999999948e+01 1.099103080000000077e+01 1.098966949999999976e+01 1.098831509999999945e+01 1.098696759999999983e+01 1.098562710000000031e+01 1.098429349999999971e+01 1.098296670000000042e+01 1.098164680000000004e+01 1.098033369999999920e+01 1.097902739999999966e+01 1.097772789999999965e+01 1.097643519999999917e+01 1.097514920000000060e+01 1.097386990000000040e+01 1.097259730000000033e+01 1.097133129999999923e+01 1.097007200000000005e+01 1.096881929999999983e+01 1.096757309999999919e+01 1.096633349999999929e+01 1.096510040000000075e+01 1.096387389999999940e+01 1.096265370000000061e+01 1.096143999999999963e+01 1.096023270000000061e+01 1.095903179999999999e+01 1.095783720000000017e+01 1.095664889999999936e+01 1.095546689999999934e+01 1.095429110000000072e+01 1.095312159999999935e+01 1.095195819999999998e+01 1.095080100000000023e+01 1.094964990000000071e+01 1.094850480000000026e+01 1.094736580000000004e+01 1.094623290000000004e+01 1.094510589999999972e+01
6.756953039999999966e+00 6.756424390000000280e+00 6.755898369999999709e+00 6.755374970000000090e+00 6.754854179999999708e+00 6.754335969999999634e+00 6.753820349999999806e+00 6.753307290000000407e+00 6.752796789999999660e+00 6.752288840000000292e+00 6.751783419999999758e+00 6.751280529999999835e+00 6.750780149999999757e+00 6.750282280000000412e+00 6.749786900000000145e+00 6.749294009999999844e+00 6.748803589999999630e+00 6.748315629999999565e+00 6.747830139999999588e+00 6.747347099999999820e+00 6.746866490000000383e+00 6.746388320000000327e+00 6.745912579999999714e+00 6.745439250000000442e+00 6.744968329999999845e+00 6.744499819999999701e+00 6.744033700000000131e+00 6.743569970000000247e+00 6.743108630000000048e+00 6.742649659999999656e+00 6.742193069999999899e+00 6.741738840000000010e+00 6.741286969999999990e+00 6.740837449999999897e+00 6.740390289999999673e+00 6.739945460000000388e+00 6.739502980000000143e+00 6.739062829999999948e+00 6.738625019999999743e+00 6.738189529999999650e+00 6.737756359999999667e+00 6.737325499999999856e+00 6.736896960000000156e+00 6.736470739999999680e+00 6.736046810000000384e+00 6.735625190000000373e+00 6.735205869999999706e+00 6.734788850000000160e+00 6.734374120000000019e+00 6.733961680000000172e+00
8.253062710000000024e+00 8.251980709999999775e+00 8.250904079999999752e+00 8.249832819999999955e+00 8.248766899999999680e+00 8.247706329999999753e+00 8.246651079999999467e+00 8.245601150000000601e+00 8.244556519999999722e+00 8.243517179999999556e+00 8.242483119999999275e+00 8.241454320000000777e+00 8.240430769999999683e+00 8.239412460000000493e+00 8.238399360000000726e+00 8.237391470000000382e+00 8.236388769999999582e+00 8.235391240000000224e+00 8.234398869999999704e+00 8.233411630000000869e+00 8.232429509999999340e+00 8.231452490000000566e+00 8.230480560000000168e+00 8.229513689999999215e+00 8.228551870000000434e+00 8.227595069999999566e+00 8.226643279999999336e+00 8.225696470000000815e+00 8.224754629999999622e+00 8.223817730000000381e+00 8.222885760000000488e+00 8.221958680000000186e+00 8.221036480000000424e+00 8.220119130000000496e+00 8.219206619999999575e+00 8.218298920000000507e+00 8.217396000000000811e+00 8.216497849999999659e+00 8.215604439999999897e+00 8.214715729999999994e+00 8.213831719999999947e+00 8.212952380000000829e+00 8.212077669999999330e+00 8.211207579999999950e+00 8.210342080000000209e+00 8.209481150000000227e+00 8.208624759999999299e+00 8.207772880000000271e+00 8.206925480000000661e+00 8.206082549999999642e+00
4.049213449999999881e+00 4.048897369999999718e+00 4.048582859999999783e+00 4.048269910000000138e+00 4.047958519999999893e+00 4.047648670000000060e+00 4.047340359999999748e+00 4.047033579999999908e+00 4.046728329999999652e+00 4.046424589999999988e+00 4.046122369999999968e+00 4.045821659999999653e+00 4.045522440000000053e+00 4.045224720000000218e+00 4.044928490000000210e+00 4.044633750000000028e+00 4.044340479999999793e+00 4.044048680000000395e+00 4.043758350000000057e+00 4.043469479999999727e+00 4.043182070000000294e+00 4.042896119999999982e+00 4.042611609999999800e+00 4.042328549999999687e+00 4.042046929999999705e+00 4.041766739999999913e+00 4.041487990000000252e+00 4.041210659999999955e+00 4.040934759999999848e+00 4.040660279999999993e+00 4.040387220000000390e+00 4.040115580000000151e+00 4.039845340000000284e+00 4.039576509999999843e+00 4.039309089999999713e+00 4.039043069999999958e+00 4.038778449999999687e+00 4.038515229999999789e+00 4.038253400000000326e+00 4.037992970000000348e+00 4.037733919999999976e+00 4.037476269999999978e+00 4.037219989999999648e+00 4.036965109999999690e+00 4.036711600000000288e+00 4.036459469999999605e+00 4.036208720000000305e+00 4.035959349999999723e+00 4.035711349999999698e+00 4.035464720000000227e+00
5.497953070000000331e+00 5.497233760000000302e+00 5.496518039999999772e+00 5.495805889999999749e+00 5.495097310000000235e+00 5.494392290000000401e+00 5.493690820000000308e+00 5.492992899999999956e+00 5.492298510000000356e+00 5.491607649999999730e+00 5.490920309999999915e+00 5.490236480000000086e+00 5.489556150000000301e+00 5.488879309999999734e+00 5.488205940000000282e+00 5.487536050000000110e+00 5.486869610000000286e+00 5.486206609999999984e+00 5.485547050000000091e+00 5.484890909999999842e+00 5.484238190000000124e+00 5.483588860000000231e+00 5.482942910000000225e+00 5.482300340000000105e+00 5.481661129999999993e+00 5.481025260000000010e+00 5.480392730000000157e+00 5.479763509999999727e+00 5.479137599999999608e+00 5.478514969999999984e+00 5.477895619999999965e+00 5.477279529999999674e+00 5.476666690000000060e+00 5.476057070000000415e+00 5.475450669999999853e+00 5.474847470000000271e+00 5.474247450000000015e+00 5.473650590000000093e+00 5.473056889999999619e+00 5.472466309999999723e+00 5.471878860000000344e+00 5.471294499999999950e+00 5.470713230000000316e+00 5.470135019999999848e+00 5.469559870000000323e+00 5.468987740000000208e+00 5.468418630000000391e+00 5.467852520000000105e+00 5.467289390000000360e+00 5.466729209999999561e+00
1.341417209999999915e+00 1.341313930000000099e+00 1.341211160000000069e+00 1.341108909999999987e+00 1.341007180000000076e+00 1.340905959999999952e+00 1.340805239999999898e+00 1.340705040000000015e+00 1.340605339999999979e+00 1.340506140000000013e+00 1.340407450000000056e+00 1.340309250000000008e+00 1.340211550000000029e+00 1.340114339999999959e+00 1.340017629999999960e+00 1.339921410000000090e+00 1.339825679999999908e+00 1.339730429999999917e+00 1.339635670000000056e+00 1.339541400000000104e+00 1.339447609999999900e+00 1.339354300000000109e+00 1.339261470000000065e+00 1.339169110000000051e+00 1.339077239999999946e+00 1.338985840000000094e+00 1.338894910000000049e+00 1.338804459999999974e+00 1.338714469999999990e+00 1.338624959999999975e+00 1.338535919999999990e+00 1.338447340000000096e+00 1.338359239999999950e+00 1.338271599999999895e+00 1.338184419999999930e+00 1.338097709999999996e+00 1.338011459999999930e+00 1.337925669999999956e+00 1.337840340000000072e+00 1.337755479999999997e+00 1.337671070000000073e+00 1.337587129999999958e+00 1.337503639999999994e+00 1.337420609999999899e+00 1.337338029999999955e+00 1.337255910000000103e+00 1.337174249999999898e+00 1.337093040000000066e+00 1.337012290000000103e+00 1.336931990000000070e+00
2.742428069999999884e+00 2.742070439999999998e+00 2.741714599999999891e+00 2.741360540000000068e+00 2.741008260000000085e+00 2.740657750000000004e+00 2.740309020000000206e+00 2.739962049999999927e+00 2.739616849999999992e+00 2.739273400000000080e+00 2.738931710000000130e+00 2.738591770000000203e+00 2.738253569999999915e+00 2.737917110000000154e+00 2.737582390000000032e+00 2.737249390000000115e+00 2.736918119999999899e+00 2.736588559999999948e+00 2.736260720000000202e+00 2.735934579999999894e+00 2.735610149999999852e+00 2.735287399999999813e+00 2.734966340000000162e+00 2.734646970000000010e+00 2.734329269999999923e+00 2.734013229999999961e+00 2.733698860000000064e+00 2.733386139999999909e+00 2.733075060000000001e+00 2.732765629999999835e+00 2.732457820000000037e+00 2.732151640000000103e+00 2.731847080000000094e+00 2.731544120000000131e+00 2.731242770000000153e+00 2.730943009999999838e+00 2.730644830000000134e+00 2.730348230000000154e+00 2.730053199999999958e+00 2.729759730000000051e+00 2.729467810000000050e+00 2.729177439999999955e+00 2.728888599999999887e+00 2.728601289999999846e+00 2.728315489999999954e+00 2.728031210000000151e+00 2.727748420000000174e+00 2.727467129999999962e+00 2.727187320000000081e+00 2.726908990000000088e+00
-1.366547680000000042e+00 -1.366438250000000076e+00 -1.366329340000000059e+00 -1.366220959999999929e+00 -1.366113090000000030e+00 -1.366005740000000079e+00 -1.365898910000000077e+00 -1.365792590000000084e+00 -1.365686790000000039e+00 -1.365581490000000064e+00 -1.365476700000000099e+00 -1.365372419999999920e+00 -1.365268630000000094e+00 -1.365165350000000055e+00 -1.365062570000000086e+00 -1.364960289999999965e+00 -1.364858499999999975e+00 -1.364757210000000054e+00 -1.364656410000000042e+00 -1.364556099999999939e+00 -1.364456279999999966e+00 -1.364356949999999902e+00 -1.364258100000000029e+00 -1.364159740000000065e+00 -1.364061860000000070e+00 -1.363964469999999984e+00 -1.363867560000000090e+00 -1.363771120000000003e+00 -1.363675170000000048e+00 -1.363579689999999900e+00 -1.363484700000000105e+00 -1.363390169999999957e+00 -1.363296129999999939e+00 -1.363202550000000013e+00 -1.363109450000000056e+00 -1.363016819999999907e+00 -1.362924669999999949e+00 -1.362832980000000083e+00 -1.362741769999999963e+00 -1.362651019999999935e+00 -1.362560739999999937e+00 -1.362470929999999969e+00 -1.362381590000000031e+00 -1.362292719999999902e+00 -1.362204310000000085e+00 -1.362116359999999915e+00 -1.362028889999999937e+00 -1.361941870000000110e+00 -1.361855330000000031e+00 -1.361769240000000103e+00
-1.262557890000000002e-02 -1.262209050000000048e-02 -1.261861209999999914e-02 -1.261514350000000027e-02 -1.261168460000000081e-02 -1.260823529999999942e-02 -1.260479549999999997e-02 -1.260136490000000019e-02 -1.259794359999999967e-02 -1.259453139999999922e-02 -1.259112809999999964e-02 -1.258773369999999919e-02 -1.258434800000000041e-02 -1.258097090000000022e-02 -1.257760230000000076e-02 -1.257424210000000070e-02 -1.257089020000000043e-02 -1.256754650000000036e-02 -1.256421089999999914e-02 -1.256088330000000065e-02 -1.255756350000000049e-02 -1.255425150000000038e-02 -1.255094720000000073e-02 -1.254765050000000021e-02 -1.254436129999999920e-02 -1.254107959999999945e-02 -1.253780510000000042e-02 -1.253453780000000038e-02 -1.253127769999999933e-02 -1.252802469999999939e-02 -1.252477859999999964e-02 -1.252153940000000007e-02 -1.251830699999999935e-02 -1.251508139999999922e-02 -1.251186240000000047e-02 -1.250864990000000003e-02 -1.250544389999999964e-02 -1.250224429999999970e-02 -1.249905110000000021e-02 -1.249586410000000022e-02 -1.249268329999999975e-02 -1.248950849999999960e-02 -1.248633990000000069e-02 -1.248317709999999942e-02 -1.248002030000000019e-02 -1.247686920000000074e-02 -1.247372390000000067e-02 -1.247058430000000037e-02 -1.246745030000000025e-02 -1.246432180000000070e-02
-4.074461509999999898e+00 -4.074139399999999966e+00 -4.073818850000000324e+00 -4.073499879999999962e+00 -4.073182459999999949e+00 -4.072866600000000226e+00 -4.072552280000000025e+00 -4.072239500000000234e+00 -4.071928250000000027e+00 -4.071618530000000291e+00 -4.071310330000000199e+00 -4.071003639999999812e+00 -4.070698460000000019e+00 -4.070394770000000051e+00 -4.070092589999999788e+00 -4.069791890000000301e+00 -4.069492679999999751e+00 -4.069194940000000038e+00 -4.068898690000000151e+00 -4.068603900000000273e+00 -4.068310570000000403e+00 -4.068018709999999594e+00 -4.067728299999999741e+00 -4.067439339999999959e+00 -4.067151830000000245e+00 -4.066865759999999774e+00 -4.066581130000000321e+00 -4.066297940000000111e+00 -4.066016180000000091e+00 -4.065735840000000323e+00 -4.065456939999999797e+00 -4.065179449999999584e+00 -4.064903389999999561e+00 -4.064628739999999851e+00 -4.064355499999999566e+00 -4.064083669999999593e+00 -4.063813249999999933e+00 -4.063544239999999697e+00 -4.063276629999999834e+00 -4.063010420000000344e+00 -4.062745610000000340e+00 -4.062482189999999882e+00 -4.062220169999999797e+00 -4.061959540000000146e+00 -4.061700300000000041e+00 -4.061442450000000370e+00 -4.061185990000000245e+00 -4.060930909999999727e+00 -4.060677209999999704e+00 -4.060424900000000115e+00
-2.767948759999999897e+00 -2.767584119999999981e+00 -2.767221300000000106e+00 -2.766860270000000011e+00 -2.766501050000000017e+00 -2.766143630000000186e+00 -2.765787990000000196e+00 -2.765434149999999924e+00 -2.765082089999999937e+00 -2.764731809999999790e+00 -2.764383299999999988e+00 -2.764036560000000087e+00 -2.763691590000000087e+00 -2.763348370000000109e+00 -2.763006910000000094e+00 -2.762667190000000161e+00 -2.762329219999999808e+00 -2.761992980000000042e+00 -2.761658479999999916e+00 -2.761325690000000055e+00 -2.760994629999999894e+00 -2.760665270000000060e+00 -2.760337620000000047e+00 -2.760011659999999978e+00 -2.759687399999999791e+00 -2.759364820000000051e+00 -2.759043919999999872e+00 -2.758724679999999818e+00 -2.758407109999999829e+00 -2.758091190000000026e+00 -2.757776919999999965e+00 -2.757464290000000151e+00 -2.757153290000000201e+00 -2.756843910000000175e+00 -2.756536150000000074e+00 -2.756229999999999958e+00 -2.755925439999999949e+00 -2.755622479999999985e+00 -2.755321100000000190e+00 -2.755021290000000178e+00 -2.754723049999999951e+00 -2.754426360000000074e+00 -2.754131220000000102e+00 -2.753837630000000036e+00 -2.753545560000000059e+00 -2.753255020000000108e+00 -2.752965989999999863e+00 -2.752678459999999827e+00 -2.752392430000000001e+00 -2.752107880000000062e+00
-6.782257650000000027e+00 -6.781722819999999707e+00 -6.781190630000000219e+00 -6.780661069999999846e+00 -6.780134109999999659e+00 -6.779609759999999596e+00 -6.779087989999999841e+00 -6.778568789999999566e+00 -6.778052169999999599e+00 -6.777538090000000182e+00 -6.777026560000000366e+00 -6.776517560000000273e+00 -6.776011079999999964e+00 -6.775507110000000388e+00 -6.775005639999999829e+00 -6.774506670000000064e+00 -6.774010180000000325e+00 -6.773516159999999786e+00 -6.773024610000000223e+00 -6.772535519999999920e+00 -6.772048879999999826e+00 -6.771564670000000064e+00 -6.771082899999999682e+00 -6.770603559999999632e+00 -6.770126630000000034e+00 -6.769652119999999940e+00 -6.769180010000000358e+00 -6.768710300000000402e+00 -6.768242990000000070e+00 -6.767778060000000373e+00 -6.767315510000000423e+00 -6.766855330000000279e+00 -6.766397519999999943e+00 -6.765942080000000303e+00 -6.765488989999999703e+00 -6.765038259999999859e+00 -6.764589879999999944e+00 -6.764143849999999958e+00 -6.763700150000000022e+00 -6.763258790000000076e+00 -6.762819760000000180e+00 -6.762383060000000334e+00 -6.761948679999999712e+00 -6.761516630000000028e+00 -6.761086889999999627e+00 -6.760659460000000287e+00 -6.760234350000000170e+00 -6.759811540000000285e+00 -6.759391039999999684e+00 -6.758972840000000204e+00
-5.523230510000000315e+00 -5.522504170000000379e+00 -5.521781439999999819e+00 -5.521062299999999645e+00 -5.520346759999999797e+00 -5.519634789999999569e+00 -5.518926409999999727e+00 -5.518221579999999626e+00 -5.517520320000000034e+00 -5.516822600000000243e+00 -5.516128420000000254e+00 -5.515437760000000189e+00 -5.514750629999999987e+00 -5.514066999999999830e+00 -5.513386869999999718e+00 -5.512710219999999772e+00 -5.512037059999999933e+00 -5.511367350000000442e+00 -5.510701100000000352e+00 -5.510038279999999844e+00 -5.509378899999999746e+00 -5.508722920000000300e+00 -5.508070359999999610e+00 -5.507421169999999755e+00 -5.506775369999999725e+00 -5.506132929999999703e+00 -5.505493829999999811e+00 -5.504858070000000048e+00 -5.504225619999999708e+00 -5.503596489999999619e+00 -5.502970640000000024e+00 -5.502348060000000096e+00 -5.501728749999999835e+00 -5.501112680000000310e+00 -5.500499839999999807e+00 -5.499890210000000224e+00 -5.499283769999999905e+00 -5.498680519999999738e+00 -5.498080429999999907e+00 -5.497483479999999645e+00 -5.496889669999999839e+00 -5.496298969999999784e+00 -5.495711359999999601e+00 -5.495126840000000179e+00 -5.494545369999999984e+00 -5.493966949999999905e+00 -5.493391560000000062e+00 -5.492819179999999690e+00 -5.492249789999999798e+00 -5.491683369999999620e+00
-9.489648889999999781e+00 -9.488901489999999939e+00 -9.488157810000000580e+00 -9.487417830000000052e+00 -9.486681530000000251e+00 -9.485948900000000350e+00 -9.485219920000000471e+00 -9.484494570000000735e+00 -9.483772829999999487e+00 -9.483054689999999454e+00 -9.482340139999999806e+00 -9.481629160000000667e+00 -9.480921730000000380e+00 -9.480217839999999896e+00 -9.479517469999999335e+00 -9.478820620000000474e+00 -9.478127260000000831e+00 -9.477437390000000406e+00 -9.476750989999999319e+00 -9.476068039999999471e+00 -9.475388549999999910e+00 -9.474712489999999931e+00 -9.474039859999999535e+00 -9.473370640000000620e+00 -9.472704829999999632e+00 -9.472042399999999418e+00 -9.471383360000000806e+00 -9.470727690000000365e+00 -9.470075380000000820e+00 -9.469426430000000394e+00 -9.468780819999999210e+00 -9.468138550000000819e+00 -9.467499610000000843e+00 -9.466863990000000229e+00 -9.466231670000000875e+00 -9.465602670000000884e+00 -9.464976959999999551e+00 -9.464354540000000426e+00 -9.463735399999999132e+00 -9.463119539999999219e+00 -9.462506960000000689e+00 -9.461897629999999282e+00 -9.461291570000000206e+00 -9.460688749999999203e+00 -9.460089189999999704e+00 -9.459492859999999226e+00 -9.458899770000000373e+00 -9.458309910000000542e+00 -9.457723279999999733e+00 -9.457139870000000670e+00
-8.278500069999999766e+00 -8.277410939999999329e+00 -8.276327200000000772e+00 -8.275248839999999717e+00 -8.274175859999999716e+00 -8.273108230000000063e+00 -8.272045959999999809e+00 -8.270989020000000025e+00 -8.269937399999999883e+00 -8.268891099999999383e+00 -8.267850089999999597e+00 -8.266814359999999695e+00 -8.265783900000000628e+00 -8.264758699999999791e+00 -8.263738730000000032e+00 -8.262723980000000523e+00 -8.261714440000000437e+00 -8.260710089999999894e+00 -8.259710919999999845e+00 -8.258716890000000532e+00 -8.257728009999999230e+00 -8.256744239999999735e+00 -8.255765569999999443e+00 -8.254791989999999302e+00 -8.253823459999999557e+00 -8.252859980000000206e+00 -8.251901520000000545e+00 -8.250948060000000694e+00 -8.249999580000000776e+00 -8.249056059999999135e+00 -8.248117470000000395e+00 -8.247183800000000176e+00 -8.246255019999999547e+00 -8.245331119999999459e+00 -8.244412060000000153e+00 -8.243497819999999976e+00 -8.242588380000000825e+00 -8.241683719999999269e+00 -8.240783809999999932e+00 -8.239888629999999381e+00 -8.238998150000000464e+00 -8.238112349999999751e+00 -8.237231209999999137e+00 -8.236354690000000645e+00 -8.235482779999999892e+00 -8.234615440000000675e+00 -8.233752660000000390e+00 -8.232894399999999280e+00 -8.232040639999999243e+00 -8.231191360000000401e+00
-1.219670619999999950e+01 -1.219574599999999975e+01 -1.219479059999999926e+01 -1.219383999999999979e+01 -1.219289419999999957e+01 -1.219195309999999921e+01 -1.219101679999999988e+01 -1.219008520000000040e+01 -1.218915830000000078e+01 -1.218823609999999924e+01 -1.218731849999999994e+01 -1.218640549999999934e+01 -1.218549720000000036e+01 -1.218459350000000008e+01 -1.218369430000000087e+01 -1.218279959999999917e+01 -1.218190959999999912e+01 -1.218102400000000074e+01 -1.218014289999999988e+01 -1.217926630000000010e+01 -1.217839419999999961e+01 -1.217752650000000081e+01 -1.217666329999999952e+01 -1.217580449999999992e+01 -1.217495010000000022e+01 -1.217409999999999926e+01 -1.217325439999999936e+01 -1.217241309999999999e+01 -1.217157620000000051e+01 -1.217074359999999977e+01 -1.216991529999999955e+01 -1.216909139999999923e+01 -1.216827170000000002e+01 -1.216745640000000073e+01 -1.216664530000000077e+01 -1.216583849999999956e+01 -1.216503589999999946e+01 -1.216423759999999987e+01 -1.216344349999999963e+01 -1.216265369999999990e+01 -1.216186809999999952e+01 -1.216108670000000025e+01 -1.216030950000000033e+01 -1.215953640000000036e+01 -1.215876759999999912e+01 -1.215800289999999961e+01 -1.215724239999999945e+01 -1.215648610000000041e+01 -1.215573389999999954e+01 -1.215498589999999979e+01
-1.103352929999999965e+01 -1.103207590000000060e+01 -1.103062959999999926e+01 -1.102919050000000034e+01 -1.102775860000000030e+01 -1.102633370000000035e+01 -1.102491599999999927e+01 -1.102350539999999945e+01 -1.102210189999999912e+01 -1.102070540000000065e+01 -1.101931599999999989e+01 -1.101793370000000039e+01 -1.101655829999999980e+01 -1.101518989999999931e+01 -1.101382860000000008e+01 -1.101247410000000038e+01 -1.101112660000000076e+01 -1.100978609999999946e+01 -1.100845239999999947e+01 -1.100712550000000078e+01 -1.100580560000000041e+01 -1.100449240000000017e+01 -1.100318610000000064e+01 -1.100188649999999946e+01 -1.100059369999999959e+01 -1.099930759999999985e+01 -1.099802820000000025e+01 -1.099675550000000079e+01 -1.099548940000000030e+01 -1.099422990000000055e+01 -1.099297709999999917e+01 -1.099173079999999914e+01 -1.099049100000000045e+01 -1.098925769999999957e+01 -1.098803090000000005e+01 -1.098681060000000009e+01 -1.098559670000000033e+01 -1.098438909999999957e+01 -1.098318790000000078e+01 -1.098199310000000040e+01 -1.098080449999999963e+01 -1.097962210000000027e+01 -1.097844599999999993e+01 -1.097727609999999920e+01 -1.097611239999999988e+01 -1.097495480000000079e+01 -1.097380320000000076e+01 -1.097265780000000035e+01 -1.097151829999999961e+01 -1.097038490000000088e+01
-1.490319509999999958e+01 -1.490202170000000059e+01 -1.490085430000000066e+01 -1.489969280000000040e+01 -1.489853719999999981e+01 -1.489738750000000067e+01 -1.489624369999999942e+01 -1.489510570000000023e+01 -1.489397340000000014e+01 -1.489284699999999972e+01 -1.489172630000000019e+01 -1.489061139999999916e+01 -1.488950209999999963e+01 -1.488839849999999920e+01 -1.488730050000000027e+01 -1.488620820000000045e+01 -1.488512150000000034e+01 -1.488404030000000056e+01 -1.488296470000000049e+01 -1.488189470000000014e+01 -1.488083010000000073e+01 -1.487977109999999925e+01 -1.487871750000000048e+01 -1.487766930000000087e+01 -1.487662659999999981e+01 -1.487558929999999968e+01 -1.487455740000000048e+01 -1.487353090000000044e+01 -1.487250970000000017e+01 -1.487149390000000082e+01 -1.487048339999999946e+01 -1.486947819999999965e+01 -1.486847829999999959e+01 -1.486748369999999930e+01 -1.486649429999999938e+01 -1.486551019999999923e+01 -1.486453129999999945e+01 -1.486355769999999943e+01 -1.486258920000000039e+01 -1.486162599999999934e+01 -1.486066789999999926e+01 -1.485971499999999956e+01 -1.485876720000000084e+01 -1.485782460000000071e+01 -1.485688709999999979e+01 -1.485595469999999985e+01 -1.485502750000000027e+01 -1.485410530000000051e+01 -1.485318819999999995e+01 -1.485227620000000037e+01
-1.378838849999999994e+01 -1.378656879999999951e+01 -1.378475809999999946e+01 -1.378295619999999921e+01 -1.378116329999999934e+01 -1.377937919999999927e+01 -1.377760409999999958e+01 -1.377583770000000030e+01 -1.377408020000000022e+01 -1.377233159999999934e+01 -1.377059170000000066e+01 -1.376886060000000001e+01 -1.376713819999999977e+01 -1.376542459999999934e+01 -1.376371969999999934e+01 -1.376202340000000035e+01 -1.376033589999999940e+01 -1.375865690000000008e+01 -1.375698659999999940e+01 -1.375532480000000035e+01 -1.375367160000000055e+01 -1.375202690000000061e+01 -1.375039070000000052e+01 -1.374876300000000029e+01 -1.374714370000000052e+01 -1.374553290000000061e+01 -1.374393039999999999e+01 -1.374233629999999984e+01 -1.374075039999999959e+01 -1.373917289999999980e+01 -1.373760359999999991e+01 -1.373604249999999993e+01 -1.373448969999999925e+01 -1.373294489999999968e+01 -1.373140830000000001e+01 -1.372987969999999969e+01 -1.372835919999999987e+01 -1.372684669999999940e+01 -1.372534210000000066e+01 -1.372384549999999948e+01 -1.372235680000000002e+01 -1.372087589999999935e+01 -1.371940279999999923e+01 -1.371793749999999967e+01 -1.371647989999999950e+01 -1.371503000000000050e+01 -1.371358780000000088e+01 -1.371215319999999949e+01 -1.371072619999999986e+01 -1.370930659999999968e+01
-1.760895389999999949e+01 -1.760756659999999840e+01 -1.760618639999999857e+01 -1.760481330000000000e+01 -1.760344740000000030e+01 -1.760208850000000069e+01 -1.760073660000000118e+01 -1.759939160000000058e+01 -1.759805360000000007e+01 -1.759672259999999966e+01 -1.759539840000000055e+01 -1.759408099999999919e+01 -1.759277050000000031e+01 -1.759146679999999918e+01 -1.759016980000000174e+01 -1.758887950000000089e+01 -1.758759600000000134e+01 -1.758631910000000076e+01 -1.758504879999999915e+01 -1.758378520000000123e+01 -1.758252819999999872e+01 -1.758127770000000112e+01 -1.758003370000000132e+01 -1.757879619999999932e+01 -1.757756529999999984e+01 -1.757634080000000054e+01 -1.757512270000000143e+01 -1.757391099999999895e+01 -1.757270580000000137e+01 -1.757150689999999926e+01 -1.757031429999999972e+01 -1.756912810000000036e+01 -1.756794820000000001e+01 -1.756677459999999869e+01 -1.756560719999999876e+01 -1.756444610000000139e+01 -1.756329119999999833e+01 -1.756214250000000021e+01 -1.756099999999999994e+01 -1.755986370000000107e+01 -1.755873349999999888e+01 -1.755760950000000165e+01 -1.755649160000000109e+01 -1.755537980000000076e+01 -1.755427410000000066e+01 -1.755317439999999962e+01 -1.755208089999999999e+01 -1.755099329999999824e+01 -1.754991180000000028e+01 -1.754883639999999900e+01
-1.654299290000000155e+01 -1.654080460000000130e+01 -1.653862700000000174e+01 -1.653646009999999933e+01 -1.653430390000000116e+01 -1.653215829999999897e+01 -1.653002329999999986e+01 -1.652789879999999911e+01 -1.652578499999999906e+01 -1.652368170000000092e+01 -1.652158890000000113e+01 -1.651950659999999971e+01 -1.651743480000000019e+01 -1.651537340000000142e+01 -1.651332239999999985e+01 -1.651128190000000018e+01 -1.650925170000000008e+01 -1.650723190000000073e+01 -1.650522229999999979e+01 -1.650322309999999959e+01 -1.650123410000000135e+01 -1.649925530000000151e+01 -1.649728680000000125e+01 -1.649532839999999823e+01 -1.649338009999999954e+01 -1.649144190000000165e+01 -1.648951369999999983e+01 -1.648759559999999880e+01 -1.648568750000000094e+01 -1.648378930000000153e+01 -1.648190100000000058e+01 -1.648002260000000163e+01 -1.647815399999999997e+01 -1.647629519999999914e+01 -1.647444619999999915e+01 -1.647260689999999883e+01 -1.647077720000000056e+01 -1.646895719999999841e+01 -1.646714679999999831e+01 -1.646534589999999909e+01 -1.646355450000000076e+01 -1.646177249999999859e+01 -1.646000000000000085e+01 -1.645823689999999928e+01 -1.645648299999999864e+01 -1.645473850000000127e+01 -1.645300310000000010e+01 -1.645127700000000104e+01 -1.644956000000000174e+01 -1.644785200000000103e+01
-2.031379709999999861e+01 -2.031219450000000037e+01 -2.031060019999999966e+01 -2.030901430000000119e+01 -2.030743659999999906e+01 -2.030586729999999918e+01 -2.030430610000000158e+01 -2.030275310000000033e+01 -2.030120820000000137e+01 -2.029967140000000114e+01 -2.029814259999999848e+01 -2.029662190000000166e+01 -2.029510919999999885e+01 -2.029360429999999837e+01 -2.029210739999999902e+01 -2.029061829999999844e+01 -2.028913710000000137e+01 -2.028766369999999952e+01 -2.028619799999999884e+01 -2.028473999999999933e+01 -2.028328979999999859e+01 -2.028184720000000141e+01 -2.028041220000000067e+01 -2.027898479999999992e+01 -2.027756499999999917e+01 -2.027615270000000081e+01 -2.027474799999999888e+01 -2.027335070000000172e+01 -2.027196089999999984e+01 -2.027057840000000155e+01 -2.026920339999999854e+01 -2.026783580000000029e+01 -2.026647549999999853e+01 -2.026512250000000037e+01 -2.026377679999999870e+01 -2.026243840000000063e+01 -2.026110720000000143e+01 -2.025978329999999872e+01 -2.025846650000000082e+01 -2.025715699999999941e+01 -2.025585450000000165e+01 -2.025455919999999921e+01 -2.025327109999999919e+01 -2.025198999999999927e+01 -2.025071600000000061e+01 -2.024944899999999848e+01 -2.024818899999999999e+01 -2.024693609999999921e+01 -2.024569019999999853e+01 -2.024445120000000031e+01
-1.929736229999999964e+01 -1.929480300000000170e+01 -1.929225609999999946e+01 -1.928972160000000002e+01 -1.928719949999999983e+01 -1.928468970000000127e+01 -1.928219220000000078e+01 -1.927970699999999837e+01 -1.927723410000000115e+01 -1.927477340000000083e+01 -1.927232499999999860e+01 -1.926988880000000037e+01 -1.926746470000000144e+01 -1.926505279999999942e+01 -1.926265300000000025e+01 -1.926026530000000037e+01 -1.925788969999999978e+01 -1.925552610000000087e+01 -1.925317450000000008e+01 -1.925083490000000097e+01 -1.924850719999999882e+01 -1.924619149999999834e+01 -1.924388749999999959e+01 -1.924159549999999896e+01 -1.923931520000000006e+01 -1.923704670000000050e+01 -1.923478989999999911e+01 -1.923254479999999944e+01 -1.923031140000000150e+01 -1.922808949999999939e+01 -1.922587920000000139e+01 -1.922368050000000039e+01 -1.922149320000000117e+01 -1.921931740000000133e+01 -1.921715289999999854e+01 -1.921499989999999869e+01 -1.921285809999999827e+01 -1.921072759999999846e+01 -1.920860820000000047e+01 -1.920650009999999952e+01 -1.920440310000000039e+01 -1.920231709999999836e+01 -1.920024220000000170e+01 -1.919817820000000097e+01 -1.919612520000000089e+01 -1.919408299999999912e+01 -1.919205159999999921e+01 -1.919003100000000117e+01 -1.918802110000000027e+01 -1.918602190000000007e+01
-2.301732529999999954e+01 -2.301550539999999856e+01 -2.301369509999999963e+01 -2.301189439999999919e+01 -2.301010330000000081e+01 -2.300832159999999860e+01 -2.300654929999999965e+01 -2.300478650000000158e+01 -2.300303299999999851e+01 -2.300128880000000109e+01 -2.299955380000000105e+01 -2.299782809999999955e+01 -2.299611150000000137e+01 -2.299440399999999940e+01 -2.299270560000000074e+01 -2.299101620000000068e+01 -2.298933579999999921e+01 -2.298766439999999989e+01 -2.298600190000000154e+01 -2.298434830000000062e+01 -2.298270339999999834e+01 -2.298106740000000059e+01 -2.297944010000000148e+01 -2.297782159999999863e+01 -2.297621170000000035e+01 -2.297461050000000071e+01 -2.297301780000000093e+01 -2.297143379999999979e+01 -2.296985829999999851e+01 -2.296829130000000063e+01 -2.296673270000000144e+01 -2.296518259999999856e+01 -2.296364090000000147e+01 -2.296210759999999951e+01 -2.296058269999999979e+01 -2.295906599999999997e+01 -2.295755769999999885e+01 -2.295605750000000000e+01 -2.295456569999999985e+01 -2.295308199999999843e+01 -2.295160650000000047e+01 -2.295013910000000124e+01 -2.294867989999999836e+01 -2.294722870000000015e+01 -2.294578569999999829e+01 -2.294435059999999993e+01 -2.294292360000000031e+01 -2.294150459999999825e+01 -2.294009349999999969e+01 -2.293869039999999870e+01
-2.205144650000000084e+01 -2.204851359999999971e+01 -2.204559469999999877e+01 -2.204269000000000034e+01 -2.203979929999999854e+01 -2.203692260000000047e+01 -2.203405989999999903e+01 -2.203121120000000133e+01 -2.202837639999999908e+01 -2.202555560000000057e+01 -2.202274870000000107e+01 -2.201995559999999941e+01 -2.201717640000000031e+01 -2.201441099999999906e+01 -2.201165939999999921e+01 -2.200892160000000075e+01 -2.200619749999999897e+01 -2.200348710000000096e+01 -2.200079029999999847e+01 -2.199810719999999975e+01 -2.199543770000000009e+01 -2.199278179999999949e+01 -2.199013940000000034e+01 -2.198751049999999907e+01 -2.198489500000000163e+01 -2.198229299999999853e+01 -2.197970430000000164e+01 -2.197712900000000147e+01 -2.197456689999999924e+01 -2.197201809999999966e+01 -2.196948259999999920e+01 -2.196696010000000143e+01 -2.196445089999999922e+01 -2.196195469999999972e+01 -2.195947149999999937e+01 -2.195700130000000172e+01 -2.195454399999999850e+01 -2.195209960000000038e+01 -2.194966810000000024e+01 -2.194724929999999929e+01 -2.194484329999999872e+01 -2.194245000000000090e+01 -2.194006930000000111e+01 -2.193770110000000173e+01 -2.193534550000000038e+01 -2.193300239999999945e+01 -2.193067170000000132e+01 -2.192835330000000127e+01 -2.192604719999999929e+01 -2.192375339999999895e+01
-2.571982510000000133e+01 -2.571778550000000152e+01 -2.571575670000000002e+01 -2.571373880000000156e+01 -2.571173170000000141e+01 -2.570973539999999957e+01 -2.570774979999999843e+01 -2.570577480000000037e+01 -2.570381049999999945e+01 -2.570185659999999928e+01 -2.569991329999999863e+01 -2.569798039999999872e+01 -2.569605779999999839e+01 -2.569414559999999881e+01 -2.569224369999999880e+01 -2.569035200000000074e+01 -2.568847050000000110e+01 -2.568659919999999985e+01 -2.568473789999999823e+01 -2.568288670000000096e+01 -2.568104549999999975e+01 -2.567921430000000171e+01 -2.567739290000000096e+01 -2.567558139999999867e+01 -2.567377979999999837e+01 -2.567198790000000130e+01 -2.567020580000000152e+01 -2.566843330000000023e+01 -2.566667059999999978e+01 -2.566491740000000021e+01 -2.566317379999999915e+01 -2.566143980000000013e+01 -2.565971520000000083e+01 -2.565800009999999887e+01 -2.565629450000000134e+01 -2.565459819999999880e+01 -2.565291129999999953e+01 -2.565123369999999881e+01 -2.564956540000000018e+01 -2.564790640000000010e+01 -2.564625649999999979e+01 -2.564461590000000157e+01 -2.564298439999999957e+01 -2.564136200000000088e+01 -2.563974869999999839e+01 -2.563814449999999923e+01 -2.563654929999999865e+01 -2.563496310000000022e+01 -2.563338579999999922e+01 -2.563181750000000036e+01
-2.480496540000000039e+01 -2.480165639999999883e+01 -2.479836309999999955e+01 -2.479508549999999900e+01 -2.479182369999999835e+01 -2.478857749999999882e+01 -2.478534700000000157e+01 -2.478213209999999833e+01 -2.477893279999999976e+01 -2.477574900000000113e+01 -2.477258080000000007e+01 -2.476942820000000012e+01 -2.476629099999999895e+01 -2.476316930000000127e+01 -2.476006299999999882e+01 -2.475697219999999987e+01 -2.475389669999999853e+01 -2.475083649999999835e+01 -2.474779159999999933e+01 -2.474476209999999909e+01 -2.474174770000000123e+01 -2.473874849999999981e+01 -2.473576449999999838e+01 -2.473279570000000049e+01 -2.472984190000000027e+01 -2.472690319999999886e+01 -2.472397940000000105e+01 -2.472107069999999851e+01 -2.471817679999999839e+01 -2.471529789999999949e+01 -2.471243379999999945e+01 -2.470958440000000067e+01 -2.470674989999999838e+01 -2.470392999999999972e+01 -2.470112470000000116e+01 -2.469833410000000029e+01 -2.469555799999999834e+01 -2.469279639999999887e+01 -2.469004929999999831e+01 -2.468731650000000144e+01 -2.468459819999999993e+01 -2.468189399999999978e+01 -2.467920420000000092e+01 -2.467652849999999987e+01 -2.467386690000000016e+01 -2.467121939999999825e+01 -2.466858590000000007e+01 -2.466596639999999852e+01 -2.466336079999999953e+01 -2.466076890000000077e+01
-2.842124469999999903e+01 -2.841898199999999974e+01 -2.841673159999999854e+01 -2.841449330000000018e+01 -2.841226719999999872e+01 -2.841005309999999895e+01 -2.840785109999999847e+01 -2.840566090000000088e+01 -2.840348270000000142e+01 -2.840131620000000012e+01 -2.839916150000000172e+01 -2.839701850000000150e+01 -2.839488719999999944e+01 -2.839276740000000032e+01 -2.839065920000000176e+01 -2.838856240000000142e+01 -2.838647710000000046e+01 -2.838440310000000011e+01 -2.838234040000000036e+01 -2.838028900000000121e+01 -2.837824880000000149e+01 -2.837621970000000005e+01 -2.837420170000000041e+01 -2.837219479999999905e+01 -2.837019889999999833e+01 -2.836821390000000065e+01 -2.836623990000000006e+01 -2.836427670000000134e+01 -2.836232430000000093e+01 -2.836038260000000122e+01 -2.835845169999999982e+01 -2.835653149999999911e+01 -2.835462180000000032e+01 -2.835272279999999867e+01 -2.835083429999999893e+01 -2.834895630000000111e+01 -2.834708870000000047e+01 -2.834523160000000175e+01 -2.834338479999999905e+01 -2.834154840000000064e+01 -2.833972229999999826e+01 -2.833790640000000138e+01 -2.833610069999999936e+01 -2.833430519999999930e+01 -2.833251980000000003e+01 -2.833074459999999917e+01 -2.832897940000000148e+01 -2.832722419999999985e+01 -2.832547909999999902e+01 -2.832374390000000020e+01
-2.755816139999999947e+01 -2.755447390000000141e+01 -2.755080380000000062e+01 -2.754715110000000067e+01 -2.754351559999999921e+01 -2.753989740000000097e+01 -2.753629649999999884e+01 -2.753271279999999877e+01 -2.752914630000000074e+01 -2.752559700000000120e+01 -2.752206479999999900e+01 -2.751854979999999884e+01 -2.751505179999999839e+01 -2.751157089999999883e+01 -2.750810699999999898e+01 -2.750466009999999883e+01 -2.750123010000000079e+01 -2.749781709999999890e+01 -2.749442090000000150e+01 -2.749104170000000025e+01 -2.748767919999999876e+01 -2.748433350000000175e+01 -2.748100459999999856e+01 -2.747769239999999868e+01 -2.747439689999999857e+01 -2.747111800000000059e+01 -2.746785570000000121e+01 -2.746461000000000041e+01 -2.746138069999999942e+01 -2.745816789999999941e+01 -2.745497160000000036e+01 -2.745179159999999996e+01 -2.744862799999999936e+01 -2.744548059999999978e+01 -2.744234949999999884e+01 -2.743923459999999892e+01 -2.743613579999999885e+01 -2.743305309999999864e+01 -2.742998640000000066e+01 -2.742693579999999898e+01 -2.742390100000000075e+01 -2.742088210000000004e+01 -2.741787899999999922e+01 -2.741489169999999831e+01 -2.741192009999999968e+01 -2.740896419999999978e+01 -2.740602379999999982e+01 -2.740309900000000098e+01 -2.740018960000000092e+01 -2.739729559999999964e+01
