4.003503215599999749e+03 4.003389180799999849e+03 4.003275918199999978e+03 4.003163427800000136e+03 4.003051703000000089e+03 4.002940743799999836e+03 4.002830550200000289e+03 4.002721115600000303e+03 4.002612439999999879e+03 4.002504523399999925e+03 4.002397359200000210e+03 4.002290947399999823e+03 4.002185294599999906e+03 4.002080380999999761e+03 4.001976226400000087e+03 4.001872811000000183e+03 4.001770148000000063e+03 4.001668224199999713e+03 4.001567039600000044e+03 4.001466600799999924e+03 4.001366894599999796e+03 4.001267934200000127e+03 4.001169706399999995e+03 4.001072211200000311e+03 4.000975448600000163e+03 4.000879425199999787e+03 4.000784127799999624e+03 4.000689562999999907e+03 4.000595724199999950e+03 4.000502618000000439e+03 4.000410237799999777e+03 4.000318583600000238e+03 4.000227655400000003e+03 4.000137446599999748e+03 4.000047970399999940e+03 3.999959213600000112e+03 3.999871176200000264e+03 3.999783864799999719e+03 3.999697272800000064e+03 3.999611400200000389e+03 3.999526253600000018e+03 3.999441819799999848e+03 3.999358111999999892e+03 3.999275123599999915e+03 3.999192848000000140e+03 3.999111298400000123e+03 3.999030468199999632e+03 3.998950357400000030e+03 3.998870966000000408e+03 3.998792293999999856e+03
3.936871476799999982e+03 3.936694649600000048e+03 3.936518884999999955e+03 3.936344163200000366e+03 3.936170490800000152e+03 3.935997861199999988e+03 3.935826254599999629e+03 3.935655684199999996e+03 3.935486123599999701e+03 3.935317586000000119e+03 3.935150051599999642e+03 3.934983527000000322e+03 3.934817992400000094e+03 3.934653454400000101e+03 3.934489899799999876e+03 3.934327328600000328e+03 3.934165727600000082e+03 3.934005096800000047e+03 3.933845436200000222e+03 3.933686725999999908e+03 3.933528972799999792e+03 3.933372163400000318e+03 3.933216297800000120e+03 3.933061369399999876e+03 3.932907378200000039e+03 3.932754304399999910e+03 3.932602161200000410e+03 3.932450935400000162e+03 3.932300613800000065e+03 3.932151209599999675e+03 3.932002703000000110e+03 3.931855094000000008e+03 3.931708382599999823e+03 3.931562555599999996e+03 3.931417613000000074e+03 3.931273554800000056e+03 3.931130367800000386e+03 3.930988058599999931e+03 3.930846614000000045e+03 3.930706033999999818e+03 3.930566305400000147e+03 3.930427441400000134e+03 3.930289422199999990e+03 3.930152254399999947e+03 3.930015924799999993e+03 3.929880439999999908e+03 3.929745786800000133e+03 3.929611971799999992e+03 3.929478981799999929e+03 3.929346816799999942e+03
3.825904403000000002e+03 3.825800855599999977e+03 3.825698014399999920e+03 3.825595866200000273e+03 3.825494417599999906e+03 3.825393661999999949e+03 3.825293599399999948e+03 3.825194223200000124e+03 3.825095533400000022e+03 3.824997536599999876e+03 3.824900219600000128e+03 3.824803589000000102e+03 3.824707644799999798e+03 3.824612373799999659e+03 3.824517782599999919e+03 3.824423871199999667e+03 3.824330633000000034e+03 3.824238074599999891e+03 3.824146182800000133e+03 3.824054970799999865e+03 3.823964425399999982e+03 3.823874546600000031e+03 3.823785334400000011e+03 3.823696795400000155e+03 3.823608916399999998e+03 3.823521703999999772e+03 3.823435151599999699e+03 3.823349265800000012e+03 3.823264033399999789e+03 3.823179467599999953e+03 3.823095561799999814e+03 3.823012309400000049e+03 3.822929716999999982e+03 3.822847777999999835e+03 3.822766499000000294e+03 3.822685866799999985e+03 3.822605894599999829e+03 3.822526575800000046e+03 3.822447903799999949e+03 3.822369885199999771e+03 3.822292519999999968e+03 3.822215808200000083e+03 3.822139736600000106e+03 3.822064324999999826e+03 3.821989560200000142e+03 3.821915442200000143e+03 3.821841970999999830e+03 3.821769153199999892e+03 3.821696975599999860e+03 3.821625451400000202e+03
3.757078401799999938e+03 3.756919117399999777e+03 3.756760770200000024e+03 3.756603366800000003e+03 3.756446887399999923e+03 3.756291338600000017e+03 3.756136713800000052e+03 3.755982999800000016e+03 3.755830196599999908e+03 3.755678297600000406e+03 3.755527302800000143e+03 3.755377199000000019e+03 3.755227979600000253e+03 3.755079651199999716e+03 3.754932193999999981e+03 3.754785614600000372e+03 3.754639899799999966e+03 3.754495049600000129e+03 3.754351063999999951e+03 3.754207923200000096e+03 3.754065640400000120e+03 3.753924195800000234e+03 3.753783589399999983e+03 3.753643821200000275e+03 3.753504884599999968e+03 3.753366773000000194e+03 3.753229486400000042e+03 3.753093011599999954e+03 3.752957355200000165e+03 3.752822503999999753e+03 3.752688458000000082e+03 3.752555217199999788e+03 3.752422768399999768e+03 3.752291118199999801e+03 3.752160253400000329e+03 3.752030173999999988e+03 3.751900873399999909e+03 3.751772351599999638e+03 3.751644608600000083e+03 3.751517631199999869e+03 3.751391419399999904e+03 3.751265979799999968e+03 3.751141292600000270e+03 3.751017364400000133e+03 3.750894188600000234e+03 3.750771765200000118e+03 3.750650087600000006e+03 3.750529155799999899e+03 3.750408969799999795e+03 3.750289516400000139e+03
3.648259680799999842e+03 3.648166495399999803e+03 3.648073943599999893e+03 3.647982018799999878e+03 3.647890714399999979e+03 3.647800036999999975e+03 3.647709979999999632e+03 3.647620550000000094e+03 3.647531733799999984e+03 3.647443538000000444e+03 3.647355955999999878e+03 3.647268987800000104e+03 3.647182639999999992e+03 3.647096899399999984e+03 3.647011772599999858e+03 3.646927252999999837e+03 3.646843347199999698e+03 3.646760041999999885e+03 3.646677350599999954e+03 3.646595259799999894e+03 3.646513769600000160e+03 3.646432886600000074e+03 3.646352604200000314e+03 3.646272922399999970e+03 3.646193841199999952e+03 3.646115360599999804e+03 3.646037467399999969e+03 3.645960181399999783e+03 3.645883482799999911e+03 3.645807384799999909e+03 3.645731874199999766e+03 3.645656957600000169e+03 3.645582628400000431e+03 3.645508899800000108e+03 3.645435752000000321e+03 3.645363191599999936e+03 3.645291225200000099e+03 3.645219846199999665e+03 3.645149048000000221e+03 3.645078837199999725e+03 3.645009213799999998e+03 3.644940171199999895e+03 3.644871715999999651e+03 3.644803841599999942e+03 3.644736547999999857e+03 3.644669841800000086e+03 3.644603716399999939e+03 3.644538165200000094e+03 3.644473201400000107e+03 3.644408818400000200e+03
3.577217657000000145e+03 3.577075657999999748e+03 3.576934497199999896e+03 3.576794154799999887e+03 3.576654637399999956e+03 3.576515931799999635e+03 3.576378044600000067e+03 3.576240962599999875e+03 3.576104679199999737e+03 3.575969194400000106e+03 3.575834501600000294e+03 3.575700600799999847e+03 3.575567478800000117e+03 3.575435135600000194e+03 3.575303564599999845e+03 3.575172765799999979e+03 3.575042732599999908e+03 3.574913458399999854e+03 3.574784943200000271e+03 3.574657173800000237e+03 3.574530156799999986e+03 3.574403885600000194e+03 3.574278353599999718e+03 3.574153554200000144e+03 3.574029494000000341e+03 3.573906153200000062e+03 3.573783545000000231e+03 3.573661649600000146e+03 3.573540480199999820e+03 3.573420016999999916e+03 3.573300266600000214e+03 3.573181222400000024e+03 3.573062884400000257e+03 3.572945239399999991e+03 3.572828293999999914e+03 3.572712048200000027e+03 3.572596482200000082e+03 3.572481609200000094e+03 3.572367422600000282e+03 3.572253909199999725e+03 3.572141082199999801e+03 3.572028921799999807e+03 3.571917441200000212e+03 3.571806627199999639e+03 3.571696479799999906e+03 3.571586992399999872e+03 3.571478171599999769e+03 3.571370010799999818e+03 3.571262503399999787e+03 3.571155649400000129e+03
3.470531923999999890e+03 3.470449054400000023e+03 3.470366739199999756e+03 3.470284985000000233e+03 3.470203785200000311e+03 3.470123139799999990e+03 3.470043048800000179e+03 3.469963512199999968e+03 3.469884530000000268e+03 3.469806095599999935e+03 3.469728208999999879e+03 3.469650870200000099e+03 3.469574085799999921e+03 3.469497842599999785e+03 3.469422140599999693e+03 3.469346986399999878e+03 3.469272380000000339e+03 3.469198308200000156e+03 3.469124777600000016e+03 3.469051788199999919e+03 3.468979339999999866e+03 3.468907426400000077e+03 3.468836054000000331e+03 3.468765216199999941e+03 3.468694906400000036e+03 3.468625137799999720e+03 3.468555897199999890e+03 3.468487191199999870e+03 3.468419019799999660e+03 3.468351369800000157e+03 3.468284254400000009e+03 3.468217666999999892e+03 3.468151607599999807e+03 3.468086069599999973e+03 3.468021059599999717e+03 3.467956577599999946e+03 3.467892616999999973e+03 3.467829177800000252e+03 3.467766266599999653e+03 3.467703870199999983e+03 3.467642001799999889e+03 3.467580648199999814e+03 3.467519815999999992e+03 3.467459498600000188e+03 3.467399702599999728e+03 3.467340428000000429e+03 3.467281668200000240e+03 3.467223423200000070e+03 3.467165692999999919e+03 3.467108484200000021e+03
3.397316401399999904e+03 3.397191476599999987e+03 3.397067271199999595e+03 3.396943791800000326e+03 3.396821025199999895e+03 3.396698964799999885e+03 3.396577610599999844e+03 3.396456962600000224e+03 3.396337007600000106e+03 3.396217745599999944e+03 3.396099169999999958e+03 3.395981287399999928e+03 3.395864078000000063e+03 3.395747548400000142e+03 3.395631691999999930e+03 3.395516502200000104e+03 3.395401979000000210e+03 3.395288115800000014e+03 3.395174912599999971e+03 3.395062362799999846e+03 3.394950466400000096e+03 3.394839216800000031e+03 3.394728607399999873e+03 3.394618638200000078e+03 3.394509309200000189e+03 3.394400607200000195e+03 3.394292545400000108e+03 3.394185104000000138e+03 3.394078289600000062e+03 3.393972095600000102e+03 3.393866515400000026e+03 3.393761555600000065e+03 3.393657209599999987e+03 3.393553470800000014e+03 3.393450339199999689e+03 3.393347814800000378e+03 3.393245891000000029e+03 3.393144561199999771e+03 3.393043832000000293e+03 3.392943696799999998e+03 3.392844155599999795e+03 3.392745201799999904e+03 3.392646835399999873e+03 3.392549049799999921e+03 3.392451851599999827e+03 3.392355234200000268e+03 3.392259191000000101e+03 3.392163728600000013e+03 3.392068840400000227e+03 3.391974519800000053e+03
3.292729554200000166e+03 3.292656973999999991e+03 3.292584875600000032e+03 3.292513272199999847e+03 3.292442157200000111e+03 3.292371524000000136e+03 3.292301385799999935e+03 3.292231722800000171e+03 3.292162554800000180e+03 3.292093868599999951e+03 3.292025664199999937e+03 3.291957941600000140e+03 3.291890700800000104e+03 3.291823935200000051e+03 3.291757657999999992e+03 3.291691855999999916e+03 3.291626529199999823e+03 3.291561677599999712e+03 3.291497307800000272e+03 3.291433406600000126e+03 3.291369987199999741e+03 3.291307036400000015e+03 3.291244560799999817e+03 3.291182553800000278e+03 3.291121015400000033e+03 3.291059952200000225e+03 3.290999357599999712e+03 3.290939231600000312e+03 3.290879567599999973e+03 3.290820372199999838e+03 3.290761645399999907e+03 3.290703380599999946e+03 3.290645584400000189e+03 3.290588250199999948e+03 3.290531371400000353e+03 3.290474961200000052e+03 3.290419013000000177e+03 3.290363520200000039e+03 3.290308489400000326e+03 3.290253913999999895e+03 3.290199800600000344e+03 3.290146142600000076e+03 3.290092939999999999e+03 3.290040192800000113e+03 3.289987901000000420e+03 3.289936064600000009e+03 3.289884683600000244e+03 3.289833751399999983e+03 3.289783274600000368e+03 3.289733253200000036e+03
3.217356042800000068e+03 3.217248033800000030e+03 3.217140638599999875e+03 3.217033857200000057e+03 3.216927689600000122e+03 3.216822122600000057e+03 3.216717162800000096e+03 3.216612803600000007e+03 3.216509038400000009e+03 3.216405867200000102e+03 3.216303283400000055e+03 3.216201280399999632e+03 3.216099864799999978e+03 3.215999023400000169e+03 3.215898756200000207e+03 3.215799063200000091e+03 3.215699937800000043e+03 3.215601373399999829e+03 3.215503376600000138e+03 3.215405940800000280e+03 3.215309052800000245e+03 3.215212725800000044e+03 3.215116946600000119e+03 3.215021708600000238e+03 3.214927024999999958e+03 3.214832876000000397e+03 3.214739268199999970e+03 3.214646201600000040e+03 3.214553662999999688e+03 3.214461659000000054e+03 3.214370182999999997e+03 3.214279234999999971e+03 3.214188808400000198e+03 3.214098909800000001e+03 3.214009525999999823e+03 3.213920663599999898e+03 3.213832315999999992e+03 3.213744476599999871e+03 3.213657158600000002e+03 3.213570342200000141e+03 3.213484040600000299e+03 3.213398240600000008e+03 3.213312942200000180e+03 3.213228152000000136e+03 3.213143856800000322e+03 3.213060063200000059e+03 3.212976771200000258e+03 3.212893967599999996e+03 3.212811658999999963e+03 3.212729845400000158e+03
3.114861520999999811e+03 3.114799230200000238e+03 3.114737361800000144e+03 3.114675909200000206e+03 3.114614878999999746e+03 3.114554271199999675e+03 3.114494079199999760e+03 3.114434309600000233e+03 3.114374955799999952e+03 3.114316024400000060e+03 3.114257502200000090e+03 3.114199402400000054e+03 3.114141711799999939e+03 3.114084436999999980e+03 3.114027578000000176e+03 3.113971128199999839e+03 3.113915094199999658e+03 3.113859469399999853e+03 3.113804253799999969e+03 3.113749453999999787e+03 3.113695063399999981e+03 3.113641075399999863e+03 3.113587496600000122e+03 3.113534327000000303e+03 3.113481566600000406e+03 3.113429208800000197e+03 3.113377260199999910e+03 3.113325707599999987e+03 3.113274564199999986e+03 3.113223823399999674e+03 3.113173485199999959e+03 3.113123549599999933e+03 3.113074010000000271e+03 3.113024872999999843e+03 3.112976138600000013e+03 3.112927800200000092e+03 3.112879857800000082e+03 3.112832311399999980e+03 3.112785167600000023e+03 3.112738413199999741e+03 3.112692054799999823e+03 3.112646092399999816e+03 3.112600526000000173e+03 3.112555349000000206e+03 3.112510561399999915e+03 3.112466169799999989e+03 3.112422167599999739e+03 3.112378561399999853e+03 3.112335337999999865e+03 3.112292504000000008e+03
3.037352513599999838e+03 3.037261288400000012e+03 3.037170578000000205e+03 3.037080375800000184e+03 3.036990688400000181e+03 3.036901509199999964e+03 3.036812831600000209e+03 3.036724655600000006e+03 3.036636974600000030e+03 3.036549788600000284e+03 3.036463091000000077e+03 3.036376881799999865e+03 3.036291161000000102e+03 3.036205922000000101e+03 3.036121164799999860e+03 3.036036882800000058e+03 3.035953075999999783e+03 3.035869737799999712e+03 3.035786874800000078e+03 3.035704473799999960e+03 3.035622541400000046e+03 3.035541064400000323e+03 3.035460055999999895e+03 3.035379496399999880e+03 3.035299398799999835e+03 3.035219750000000204e+03 3.035140550000000076e+03 3.035061805400000139e+03 3.034983502999999928e+03 3.034905649400000129e+03 3.034828231399999822e+03 3.034751262199999928e+03 3.034674728599999980e+03 3.034598630599999979e+03 3.034522968199999923e+03 3.034447741400000268e+03 3.034372950200000105e+03 3.034298581399999875e+03 3.034224648200000047e+03 3.034151137400000152e+03 3.034078055599999971e+03 3.034005402799999956e+03 3.033933165800000097e+03 3.033861351200000172e+03 3.033789959000000181e+03 3.033718989200000124e+03 3.033648435199999767e+03 3.033578290399999787e+03 3.033508568000000196e+03 3.033439261399999850e+03
2.936937823400000070e+03 2.936885848400000214e+03 2.936834223199999997e+03 2.936782954400000108e+03 2.936732035399999859e+03 2.936681472799999938e+03 2.936631260000000111e+03 2.936581396999999924e+03 2.936531883800000287e+03 2.936482720399999835e+03 2.936433906799999932e+03 2.936385443000000123e+03 2.936337322399999721e+03 2.936289558200000101e+03 2.936242137199999888e+03 2.936195059399999991e+03 2.936148331399999734e+03 2.936101946599999792e+03 2.936055905000000166e+03 2.936010213200000180e+03 2.935964864600000055e+03 2.935919852600000013e+03 2.935875190400000065e+03 2.935830871399999978e+03 2.935786888999999974e+03 2.935743249799999830e+03 2.935699947199999770e+03 2.935656987800000024e+03 2.935614364999999907e+03 2.935572085400000105e+03 2.935530135800000153e+03 2.935488529400000061e+03 2.935447259600000052e+03 2.935406326400000125e+03 2.935365723200000048e+03 2.935325456600000052e+03 2.935285526600000139e+03 2.935245933199999854e+03 2.935206663200000094e+03 2.935167729799999961e+03 2.935129132999999911e+03 2.935090859599999931e+03 2.935052922800000033e+03 2.935015309399999751e+03 2.934978025999999772e+03 2.934941072600000098e+03 2.934904449200000272e+03 2.934868149200000062e+03 2.934832179199999700e+03 2.934796532599999864e+03
2.857310031199999685e+03 2.857235497399999986e+03 2.857161392599999999e+03 2.857087696999999935e+03 2.857014410599999792e+03 2.856941533400000026e+03 2.856869065400000181e+03 2.856797006599999804e+03 2.856725343799999791e+03 2.856654077000000143e+03 2.856583212800000183e+03 2.856512744600000133e+03 2.856442665800000213e+03 2.856372976399999970e+03 2.856303676399999858e+03 2.856234759200000099e+03 2.856166231400000015e+03 2.856098079800000050e+03 2.856030310999999983e+03 2.855962918400000035e+03 2.855895902000000206e+03 2.855829255200000262e+03 2.855762984599999982e+03 2.855697083600000042e+03 2.855631552199999987e+03 2.855566383800000040e+03 2.855501584999999977e+03 2.855437149200000022e+03 2.855373069799999939e+03 2.855309360000000197e+03 2.855246000000000095e+03 2.855183003000000099e+03 2.855120355799999743e+03 2.855058065000000170e+03 2.854996130600000015e+03 2.854934545999999955e+03 2.854873311199999989e+03 2.854812432799999897e+03 2.854751890999999887e+03 2.854691705600000205e+03 2.854631863399999929e+03 2.854572364399999969e+03 2.854513208600000326e+03 2.854454396000000088e+03 2.854395926600000166e+03 2.854337800400000106e+03 2.854280010800000127e+03 2.854222564400000010e+03 2.854165447999999742e+03 2.854108674799999790e+03
2.758969536200000221e+03 2.758927916600000117e+03 2.758886580800000047e+03 2.758845528800000011e+03 2.758804760600000009e+03 2.758764276200000040e+03 2.758724068999999872e+03 2.758684145600000193e+03 2.758644512599999871e+03 2.758605150200000026e+03 2.758566078199999993e+03 2.758527276799999981e+03 2.758488765799999783e+03 2.758450531999999839e+03 2.758412575400000151e+03 2.758374896000000263e+03 2.758337500399999954e+03 2.758300381999999900e+03 2.758263540800000101e+03 2.758226976800000102e+03 2.758190689999999904e+03 2.758154680399999961e+03 2.758118941400000040e+03 2.758083486200000152e+03 2.758048301599999832e+03 2.758013394200000221e+03 2.757978763999999956e+03 2.757944404400000167e+03 2.757910315399999945e+03 2.757876503599999978e+03 2.757842962400000033e+03 2.757809691800000110e+03 2.757776691799999753e+03 2.757743969000000106e+03 2.757711510199999793e+03 2.757679321999999956e+03 2.757647404400000141e+03 2.757615757399999893e+03 2.757584374399999888e+03 2.757553261999999904e+03 2.757522420199999942e+03 2.757491835799999990e+03 2.757461522000000059e+03 2.757431478800000150e+03 2.757401692999999796e+03 2.757372177799999918e+03 2.757342920000000049e+03 2.757313926199999969e+03 2.757285202999999910e+03 2.757256737200000316e+03
2.677236419899999873e+03 2.677178532619999714e+03 2.677120966760000101e+03 2.677063719020000008e+03 2.677006789399999889e+03 2.676950173940000241e+03 2.676893871979999858e+03 2.676837880879999830e+03 2.676782198660000176e+03 2.676726823999999851e+03 2.676671755580000081e+03 2.676616990099999839e+03 2.676562526900000194e+03 2.676508364000000256e+03 2.676454499420000047e+03 2.676400931839999885e+03 2.676347659940000085e+03 2.676294681739999760e+03 2.676241995920000136e+03 2.676189601160000166e+03 2.676137494820000029e+03 2.676085676900000180e+03 2.676034146080000028e+03 2.675982899720000205e+03 2.675931937819999803e+03 2.675881257739999910e+03 2.675830859480000072e+03 2.675780741720000151e+03 2.675730902480000168e+03 2.675681341100000282e+03 2.675632056920000196e+03 2.675583047959999931e+03 2.675534313560000101e+03 2.675485853059999954e+03 2.675437665139999808e+03 2.675389749139999822e+03 2.675342103739999857e+03 2.675294728280000072e+03 2.675247621439999875e+03 2.675200783880000017e+03 2.675154212960000223e+03 2.675107908680000037e+03 2.675061871039999915e+03 2.675016098059999877e+03 2.674970589739999923e+03 2.674925345420000212e+03 2.674880364439999994e+03 2.674835645480000039e+03 2.674791189200000190e+03 2.674746994279999853e+03
2.580965263160000177e+03 2.580934041859999979e+03 2.580903034400000251e+03 2.580872240780000084e+03 2.580841660340000089e+03 2.580811293740000110e+03 2.580781139660000008e+03 2.580751198760000079e+03 2.580721469720000186e+03 2.580691953860000012e+03 2.580662649200000033e+03 2.580633556400000089e+03 2.580604675460000180e+03 2.580576005060000170e+03 2.580547546519999742e+03 2.580519297859999824e+03 2.580491259739999805e+03 2.580463432160000139e+03 2.580435813799999778e+03 2.580408405319999929e+03 2.580381205399999999e+03 2.580354214699999829e+03 2.580327432560000034e+03 2.580300858980000157e+03 2.580274492640000062e+03 2.580248333540000203e+03 2.580222382339999967e+03 2.580196637059999830e+03 2.580171099019999929e+03 2.580145766239999830e+03 2.580120639379999830e+03 2.580095717780000086e+03 2.580071001440000146e+03 2.580046489039999869e+03 2.580022180580000168e+03 2.579998076060000130e+03 2.579974174819999917e+03 2.579950476859999981e+03 2.579926980860000185e+03 2.579903686820000075e+03 2.579880594079999810e+03 2.579857702639999843e+03 2.579835012499999721e+03 2.579812521679999918e+03 2.579790231500000118e+03 2.579768140639999729e+03 2.579746248439999817e+03 2.579724554899999930e+03 2.579703059360000225e+03 2.579681761159999951e+03
2.497139517860000069e+03 2.497098233539999910e+03 2.497057177579999916e+03 2.497016347339999811e+03 2.496975740840000071e+03 2.496935358079999787e+03 2.496895197079999889e+03 2.496855255859999943e+03 2.496815533760000108e+03 2.496776029460000245e+03 2.496736741640000218e+03 2.496697668320000048e+03 2.496658809500000189e+03 2.496620163200000206e+03 2.496581728760000260e+03 2.496543504199999916e+03 2.496505489520000083e+03 2.496467682739999873e+03 2.496430082540000058e+03 2.496392688920000182e+03 2.496355500560000110e+03 2.496318515479999860e+03 2.496281734340000185e+03 2.496245155160000195e+03 2.496208777280000049e+03 2.496172599380000065e+03 2.496136621460000242e+03 2.496100842199999988e+03 2.496065260939999916e+03 2.496029877020000185e+03 2.495994689120000203e+03 2.495959697239999969e+03 2.495924900059999800e+03 2.495890297580000151e+03 2.495855888479999976e+03 2.495821672099999887e+03 2.495787648439999884e+03 2.495753816840000127e+03 2.495720175980000022e+03 2.495686725860000024e+03 2.495653465819999838e+03 2.495620395859999917e+03 2.495587515319999966e+03 2.495554822879999847e+03 2.495522318540000015e+03 2.495490002300000015e+03 2.495457873500000005e+03 2.495425932139999986e+03 2.495394176899999820e+03 2.495362607779999962e+03
2.402930795119999857e+03 2.402910015680000015e+03 2.402889379459999873e+03 2.402868885140000202e+03 2.402848534040000231e+03 2.402828325500000119e+03 2.402808259519999865e+03 2.402788335440000083e+03 2.402768553920000159e+03 2.402748913639999955e+03 2.402729415259999769e+03 2.402710058780000054e+03 2.402690843540000060e+03 2.402671769539999787e+03 2.402652836780000143e+03 2.402634045259999766e+03 2.402615393659999881e+03 2.402596883299999718e+03 2.402578512860000046e+03 2.402560282339999958e+03 2.402542192400000204e+03 2.402524241719999736e+03 2.402506430960000216e+03 2.402488758800000141e+03 2.402471226560000105e+03 2.402453832260000127e+03 2.402436577219999890e+03 2.402419460120000167e+03 2.402402481619999890e+03 2.402385640399999829e+03 2.402368937119999828e+03 2.402352371120000043e+03 2.402335942400000022e+03 2.402319650299999921e+03 2.402303494159999900e+03 2.402287475300000096e+03 2.402271591740000076e+03 2.402255843479999839e+03 2.402240231180000137e+03 2.402224754180000218e+03 2.402209411820000241e+03 2.402194203439999910e+03 2.402179129699999976e+03 2.402164189940000142e+03 2.402149383500000113e+03 2.402134711040000184e+03 2.402120170579999922e+03 2.402105763439999919e+03 2.402091488300000037e+03 2.402077345820000119e+03
2.317018396460000076e+03 2.316993705200000022e+03 2.316969149900000048e+03 2.316944728580000174e+03 2.316920441239999946e+03 2.316896287219999977e+03 2.316872264539999833e+03 2.316848373859999811e+03 2.316824613199999931e+03 2.316800981899999897e+03 2.316777479960000164e+03 2.316754106719999982e+03 2.316730860199999825e+03 2.316707741059999989e+03 2.316684747320000042e+03 2.316661879639999825e+03 2.316639136040000267e+03 2.316616517179999846e+03 2.316594021739999789e+03 2.316571649059999800e+03 2.316549398480000036e+03 2.316527270000000044e+03 2.316505262300000140e+03 2.316483375379999870e+03 2.316461608579999847e+03 2.316439961240000230e+03 2.316418432699999812e+03 2.316397022959999958e+03 2.316375731359999918e+03 2.316354557900000145e+03 2.316333501260000048e+03 2.316312561440000081e+03 2.316291737779999949e+03 2.316271030939999946e+03 2.316250438940000095e+03 2.316229962440000236e+03 2.316209601439999915e+03 2.316189354619999904e+03 2.316169221980000202e+03 2.316149203519999901e+03 2.316129298580000068e+03 2.316109507160000248e+03 2.316089828600000146e+03 2.316070262899999761e+03 2.316050810060000003e+03 2.316031469420000121e+03 2.316012240980000115e+03 2.315993124739999985e+03 2.315974120039999889e+03 2.315955226219999986e+03
2.224887912080000206e+03 2.224877598919999855e+03 2.224867358359999798e+03 2.224857188420000057e+03 2.224847090419999859e+03 2.224837063699999817e+03 2.224827108259999932e+03 2.224817224760000045e+03 2.224807411220000176e+03 2.224797669619999851e+03 2.224787998639999842e+03 2.224778398939999988e+03 2.224768869859999995e+03 2.224759412060000159e+03 2.224750024219999887e+03 2.224740707660000226e+03 2.224731461060000129e+03 2.224722285740000189e+03 2.224713179719999971e+03 2.224704144320000069e+03 2.224695179540000026e+03 2.224686284060000162e+03 2.224677459200000158e+03 2.224668703639999876e+03 2.224660018040000068e+03 2.224651401739999983e+03 2.224642854740000075e+03 2.224634377700000186e+03 2.224625969300000179e+03 2.224617630860000190e+03 2.224609360399999787e+03 2.224601159240000015e+03 2.224593026720000125e+03 2.224584962840000117e+03 2.224576966940000148e+03 2.224569039680000060e+03 2.224561180400000012e+03 2.224553389100000004e+03 2.224545665780000036e+03 2.224538009779999811e+03 2.224530421760000081e+03 2.224522901060000095e+03 2.224515447020000011e+03 2.224508060959999966e+03 2.224500740899999983e+03 2.224493488160000197e+03 2.224486302079999859e+03 2.224479182000000037e+03 2.224472127919999821e+03 2.224465140499999961e+03
2.136887095879999833e+03 2.136878988439999830e+03 2.136870925220000117e+03 2.136862906880000082e+03 2.136854932759999883e+03 2.136847002200000134e+03 2.136839115199999924e+03 2.136831271760000163e+03 2.136823471879999943e+03 2.136815714240000034e+03 2.136807999499999823e+03 2.136800326999999925e+03 2.136792696080000042e+03 2.136785108059999857e+03 2.136777560959999846e+03 2.136770055439999851e+03 2.136762591499999871e+03 2.136755168480000066e+03 2.136747786379999980e+03 2.136740444539999771e+03 2.136733142959999896e+03 2.136725882300000194e+03 2.136718661240000074e+03 2.136711480439999832e+03 2.136704339240000081e+03 2.136697237639999912e+03 2.136690174979999938e+03 2.136683152579999842e+03 2.136676168460000099e+03 2.136669223280000097e+03 2.136662317039999834e+03 2.136655449740000222e+03 2.136648621379999895e+03 2.136641830640000080e+03 2.136635078840000006e+03 2.136628364659999988e+03 2.136621688759999870e+03 2.136615051140000105e+03 2.136608451139999943e+03 2.136601889420000134e+03 2.136595364660000087e+03 2.136588878179999938e+03 2.136582428660000005e+03 2.136576017419999971e+03 2.136569642479999857e+03 2.136563305820000096e+03 2.136557005459999800e+03 2.136550742720000017e+03 2.136544517599999836e+03 2.136538328780000029e+03
2.046828479374999915e+03 2.046828655060400024e+03 2.046828830455400066e+03 2.046829005560000041e+03 2.046829180367599974e+03 2.046829354878200093e+03 2.046829529085199965e+03 2.046829702982000072e+03 2.046829876568599957e+03 2.046830049838400100e+03 2.046830222784800071e+03 2.046830395407800097e+03 2.046830567694199999e+03 2.046830739650599980e+03 2.046830911263800090e+03 2.046831082527199897e+03 2.046831253447400059e+03 2.046831424004599967e+03 2.046831594205400052e+03 2.046831764036599907e+03 2.046831933498199987e+03 2.046832102576999887e+03 2.046832271279600036e+03 2.046832439592800029e+03 2.046832607516600092e+03 2.046832775044400023e+03 2.046832942163000098e+03 2.046833108872400089e+03 2.046833275172599997e+03 2.046833441050400097e+03 2.046833606499199959e+03 2.046833771519000038e+03 2.046833936103199903e+03 2.046834100245200034e+03 2.046834263944999975e+03 2.046834427182800027e+03 2.046834589965199939e+03 2.046834752285599961e+03 2.046834914137399892e+03 2.046835075507400006e+03 2.046835236402200053e+03 2.046835396802000105e+03 2.046835556713399910e+03 2.046835716129799948e+03 2.046835875038000040e+03 2.046836033437999959e+03 2.046836191316599979e+03 2.046836348680400079e+03 2.046836505516200077e+03 2.046836661817400000e+03
1.956737850559999970e+03 1.956746316380000053e+03 1.956754736659999935e+03 1.956763111400000071e+03 1.956771441260000074e+03 1.956779726239999945e+03 1.956787966339999912e+03 1.956796162879999883e+03 1.956804315200000019e+03 1.956812423300000091e+03 1.956820488500000010e+03 1.956828510800000004e+03 1.956836490200000071e+03 1.956844426039999917e+03 1.956852320299999974e+03 1.956860172319999947e+03 1.956867982100000063e+03 1.956875750299999936e+03 1.956883476920000021e+03 1.956891162619999932e+03 1.956898806740000055e+03 1.956906409940000003e+03 1.956913972880000074e+03 1.956921494899999971e+03 1.956928977320000058e+03 1.956936418819999972e+03 1.956943820720000076e+03 1.956951183019999917e+03 1.956958505060000107e+03 1.956965788160000102e+03 1.956973031660000061e+03 1.956980236220000052e+03 1.956987401840000075e+03 1.956994527860000062e+03 1.957001616259999992e+03 1.957008665060000112e+03 1.957015675580000106e+03 1.957022648480000043e+03 1.957029582440000013e+03 1.957036478120000083e+03 1.957043336180000097e+03 1.957050155959999984e+03 1.957056938120000041e+03 1.957063682660000040e+03 1.957070388919999914e+03 1.957077058220000026e+03 1.957083689900000081e+03 1.957090283960000079e+03 1.957096841060000088e+03 1.957103360540000040e+03
1.868776590140000053e+03 1.868787248480000017e+03 1.868797834219999913e+03 1.868808348680000108e+03 1.868818790540000009e+03 1.868829161119999981e+03 1.868839459759999954e+03 1.868849687119999999e+03 1.868859842540000045e+03 1.868869926679999935e+03 1.868879938880000054e+03 1.868889880460000086e+03 1.868899750099999892e+03 1.868909549120000065e+03 1.868919276860000082e+03 1.868928933319999942e+03 1.868938518500000100e+03 1.868948033059999943e+03 1.868957476999999926e+03 1.868966850320000049e+03 1.868976153020000083e+03 1.868985385100000030e+03 1.868994546559999890e+03 1.869003638059999957e+03 1.869012658939999938e+03 1.869021609859999899e+03 1.869030490820000068e+03 1.869039301819999991e+03 1.869048043519999965e+03 1.869056715259999919e+03 1.869065317040000082e+03 1.869073850180000136e+03 1.869082313359999944e+03 1.869090707899999870e+03 1.869099033140000074e+03 1.869107289739999942e+03 1.869115477699999929e+03 1.869123596359999965e+03 1.869131647039999962e+03 1.869139629739999918e+03 1.869147543799999994e+03 1.869155389880000030e+03 1.869163167980000026e+03 1.869170878760000051e+03 1.869178521560000036e+03 1.869186097040000050e+03 1.869193605200000093e+03 1.869201046700000006e+03 1.869208420219999880e+03 1.869215727739999920e+03
1.776621161060000077e+03 1.776646219940000037e+03 1.776671141540000008e+03 1.776695927839999968e+03 1.776720579499999985e+03 1.776745097839999971e+03 1.776769482859999925e+03 1.776793735219999917e+03 1.776817856899999924e+03 1.776841847899999948e+03 1.776865709539999898e+03 1.776889441820000002e+03 1.776913045400000101e+03 1.776936521600000106e+03 1.776959871739999926e+03 1.776983095159999948e+03 1.777006193180000082e+03 1.777029166459999942e+03 1.777052014999999983e+03 1.777074740779999956e+03 1.777097343140000021e+03 1.777119823399999859e+03 1.777142181559999926e+03 1.777164418939999905e+03 1.777186535540000023e+03 1.777208532019999893e+03 1.777230408379999972e+03 1.777252165939999941e+03 1.777273804700000028e+03 1.777295325319999847e+03 1.777316728459999922e+03 1.777338014120000025e+03 1.777359182299999929e+03 1.777380234320000000e+03 1.777401170840000077e+03 1.777421991200000093e+03 1.777442696059999889e+03 1.777463285419999920e+03 1.777483760600000096e+03 1.777504121599999962e+03 1.777524368419999973e+03 1.777544501060000130e+03 1.777564520840000114e+03 1.777584427100000084e+03 1.777604219840000042e+03 1.777623900380000123e+03 1.777643468719999873e+03 1.777662924859999976e+03 1.777682268799999974e+03 1.777701500539999870e+03
1.690728207979999979e+03 1.690749333920000026e+03 1.690770316639999919e+03 1.690791156140000112e+03 1.690811852419999923e+03 1.690832405480000034e+03 1.690852815980000059e+03 1.690873083919999999e+03 1.690893208640000012e+03 1.690913191460000007e+03 1.690933031720000145e+03 1.690952730080000038e+03 1.690972286539999914e+03 1.690991700439999931e+03 1.691010973100000001e+03 1.691030104519999895e+03 1.691049094700000069e+03 1.691067943640000067e+03 1.691086651340000117e+03 1.691105218460000060e+03 1.691123645659999966e+03 1.691141931619999923e+03 1.691160077660000070e+03 1.691178084440000021e+03 1.691195950639999865e+03 1.691213678240000036e+03 1.691231265919999942e+03 1.691248714339999879e+03 1.691266024819999984e+03 1.691283196039999893e+03 1.691300229319999971e+03 1.691317124659999990e+03 1.691333882059999951e+03 1.691350502179999921e+03 1.691366984360000060e+03 1.691383330579999893e+03 1.691399539519999962e+03 1.691415611840000111e+03 1.691431548199999952e+03 1.691447348599999941e+03 1.691463013699999919e+03 1.691478542840000046e+03 1.691493937340000002e+03 1.691509197200000017e+03 1.691524323080000158e+03 1.691539314319999903e+03 1.691554171580000002e+03 1.691568895520000069e+03 1.691583486139999877e+03 1.691597944099999950e+03
1.596500384179999855e+03 1.596542036779999989e+03 1.596583461680000028e+03 1.596624659540000039e+03 1.596665632340000002e+03 1.596706380739999986e+03 1.596746906719999970e+03 1.596787211599999864e+03 1.596827296700000034e+03 1.596867163339999934e+03 1.596906812839999930e+03 1.596946245860000090e+03 1.596985465040000008e+03 1.597024469720000070e+03 1.597063263199999938e+03 1.597101844819999997e+03 1.597140216559999999e+03 1.597178379739999855e+03 1.597216335019999860e+03 1.597254083060000085e+03 1.597291625840000052e+03 1.597328963359999989e+03 1.597366097600000103e+03 1.597403029220000008e+03 1.597439758219999931e+03 1.597476286580000078e+03 1.597512614960000064e+03 1.597548744019999958e+03 1.597584674420000056e+03 1.597620407480000040e+03 1.597655943199999911e+03 1.597691282900000033e+03 1.597726427240000021e+03 1.597761376219999875e+03 1.597796131820000028e+03 1.597830693379999957e+03 1.597865062220000027e+03 1.597899239000000080e+03 1.597933224379999956e+03 1.597967018360000111e+03 1.598000621599999931e+03 1.598034034759999940e+03 1.598067259160000049e+03 1.598100293479999891e+03 1.598133139699999901e+03 1.598165797820000080e+03 1.598198268500000040e+03 1.598230551079999941e+03 1.598262647539999989e+03 1.598294556560000046e+03
1.512694842800000060e+03 1.512726406640000050e+03 1.512757756640000025e+03 1.512788892139999916e+03 1.512819813800000020e+03 1.512850521620000109e+03 1.512881016260000024e+03 1.512911297719999993e+03 1.512941366000000016e+03 1.512971221759999935e+03 1.513000864999999976e+03 1.513030295720000140e+03 1.513059515240000110e+03 1.513088522239999975e+03 1.513117318699999942e+03 1.513145903300000100e+03 1.513174277359999905e+03 1.513202440880000040e+03 1.513230394520000118e+03 1.513258137620000070e+03 1.513285671500000035e+03 1.513312995499999943e+03 1.513340110940000159e+03 1.513367017820000001e+03 1.513393716139999924e+03 1.513420205899999928e+03 1.513446489079999992e+03 1.513472564359999978e+03 1.513498432399999956e+03 1.513524094520000062e+03 1.513549550060000001e+03 1.513574799680000069e+03 1.513599844039999880e+03 1.513624683139999888e+03 1.513649317639999936e+03 1.513673747540000022e+03 1.513697974159999831e+03 1.513721997500000043e+03 1.513745816900000136e+03 1.513769434339999862e+03 1.513792849819999901e+03 1.513816062679999959e+03 1.513839074900000014e+03 1.513861885819999998e+03 1.513884496099999978e+03 1.513906906400000025e+03 1.513929117379999980e+03 1.513951128380000000e+03 1.513972941380000066e+03 1.513994555719999880e+03
1.416395202440000048e+03 1.416453473179999946e+03 1.416511421839999912e+03 1.416569050399999924e+03 1.416626361500000030e+03 1.416683356460000141e+03 1.416740037260000008e+03 1.416796405880000066e+03 1.416852464959999907e+03 1.416908215160000054e+03 1.416963659779999944e+03 1.417018799479999871e+03 1.417073636240000042e+03 1.417128172039999981e+03 1.417182408199999827e+03 1.417236346700000013e+03 1.417289988859999994e+03 1.417343336659999977e+03 1.417396391419999873e+03 1.417449155119999887e+03 1.417501628420000088e+03 1.417553812639999933e+03 1.417605710419999923e+03 1.417657321759999832e+03 1.417708648639999865e+03 1.417759692379999933e+03 1.417810454299999947e+03 1.417860935059999974e+03 1.417911136639999995e+03 1.417961059700000078e+03 1.418010704899999837e+03 1.418060074219999933e+03 1.418109168319999981e+03 1.418157988519999890e+03 1.418206535479999957e+03 1.418254809860000023e+03 1.418302812979999999e+03 1.418350545499999953e+03 1.418398008740000023e+03 1.418445203360000050e+03 1.418492130019999877e+03 1.418538789380000026e+03 1.418585182759999952e+03 1.418631310159999884e+03 1.418677172239999891e+03 1.418722770320000109e+03 1.418768105059999925e+03 1.418813176460000022e+03 1.418857985180000014e+03 1.418902532540000038e+03
1.334685021799999959e+03 1.334726984599999923e+03 1.334768663600000082e+03 1.334810052199999973e+03 1.334851163599999836e+03 1.334891991200000120e+03 1.334932534999999916e+03 1.334972795000000133e+03 1.335012771199999861e+03 1.335052463600000010e+03 1.335091878799999904e+03 1.335131010199999992e+03 1.335169864399999824e+03 1.335208434800000077e+03 1.335246721399999842e+03 1.335284737400000040e+03 1.335322462999999971e+03 1.335359918000000107e+03 1.335397095799999988e+03 1.335433989799999836e+03 1.335470606599999883e+03 1.335506946200000129e+03 1.335543015199999900e+03 1.335578800400000091e+03 1.335614315000000033e+03 1.335649552399999948e+03 1.335684512600000062e+03 1.335719195599999921e+03 1.335753607999999986e+03 1.335787749800000029e+03 1.335821614400000044e+03 1.335855215000000044e+03 1.335888531800000010e+03 1.335921584599999960e+03 1.335954366800000116e+03 1.335986871800000017e+03 1.336019112800000130e+03 1.336051083199999994e+03 1.336082782999999836e+03 1.336114218799999890e+03 1.336145383999999922e+03 1.336176278599999932e+03 1.336206909200000155e+03 1.336237275800000134e+03 1.336267371800000092e+03 1.336297210400000040e+03 1.336326778399999966e+03 1.336356082400000105e+03 1.336385122400000000e+03 1.336413904999999886e+03
1.236304517600000054e+03 1.236379453999999896e+03 1.236453968000000032e+03 1.236528072800000018e+03 1.236601761800000077e+03 1.236675041599999986e+03 1.236747912199999973e+03 1.236820380200000045e+03 1.236892445599999974e+03 1.236964108399999986e+03 1.237035368599999856e+03 1.237106239400000049e+03 1.237176714199999878e+03 1.237246799600000031e+03 1.237316495600000053e+03 1.237385808799999950e+03 1.237454732599999943e+03 1.237523280200000045e+03 1.237591438400000015e+03 1.237659227000000101e+03 1.237726632800000061e+03 1.237793662399999903e+03 1.237860322399999859e+03 1.237926612799999930e+03 1.237992533600000115e+03 1.238058084799999961e+03 1.238123272999999926e+03 1.238188098200000013e+03 1.238252560399999993e+03 1.238316659600000094e+03 1.238380395799999860e+03 1.238443782199999987e+03 1.238506805600000007e+03 1.238569479199999932e+03 1.238631796399999985e+03 1.238693757200000164e+03 1.238755368200000021e+03 1.238816636000000017e+03 1.238877547399999912e+03 1.238938115599999946e+03 1.238998333999999886e+03 1.239058209199999965e+03 1.239117734599999949e+03 1.239176923399999851e+03 1.239235768999999891e+03 1.239294271400000071e+03 1.239352430599999934e+03 1.239410253200000170e+03 1.239467732600000090e+03 1.239524882000000161e+03
1.156705534400000033e+03 1.156757852600000206e+03 1.156809814400000050e+03 1.156861426400000028e+03 1.156912682000000132e+03 1.156963587799999914e+03 1.157014137200000050e+03 1.157064336800000092e+03 1.157114186599999812e+03 1.157163686599999892e+03 1.157212836799999877e+03 1.157261637199999996e+03 1.157310087800000019e+03 1.157358188600000176e+03 1.157405939600000011e+03 1.157453347399999984e+03 1.157500411999999869e+03 1.157547126800000115e+03 1.157593491799999811e+03 1.157639513600000100e+03 1.157685192200000074e+03 1.157730527599999959e+03 1.157775519799999984e+03 1.157820168799999919e+03 1.157864474599999994e+03 1.157908437200000208e+03 1.157952063199999884e+03 1.157995346000000154e+03 1.158038285600000108e+03 1.158080888599999980e+03 1.158123154999999997e+03 1.158165084799999931e+03 1.158206671400000005e+03 1.158247928000000002e+03 1.158288841399999910e+03 1.158329424799999970e+03 1.158369671599999947e+03 1.158409581800000069e+03 1.158449161999999887e+03 1.158488405600000078e+03 1.158527319199999965e+03 1.158565902800000003e+03 1.158604149799999959e+03 1.158642066800000066e+03 1.158679660400000103e+03 1.158716917400000057e+03 1.158753850999999941e+03 1.158790454599999975e+03 1.158826728200000161e+03 1.158862678400000050e+03
1.056250069400000029e+03 1.056341723600000023e+03 1.056432856399999991e+03 1.056523480999999947e+03 1.056613597399999890e+03 1.056703199000000041e+03 1.056792298999999957e+03 1.056880897399999867e+03 1.056969000800000003e+03 1.057056609199999912e+03 1.057143722599999819e+03 1.057230347600000187e+03 1.057316484200000104e+03 1.057402139000000034e+03 1.057487311999999974e+03 1.057572003199999926e+03 1.057656225799999902e+03 1.057739973199999895e+03 1.057823252000000139e+03 1.057906062199999951e+03 1.057988403800000015e+03 1.058070283399999880e+03 1.058151701000000003e+03 1.058232663199999934e+03 1.058313169999999900e+03 1.058393221400000130e+03 1.058472823999999946e+03 1.058551971200000025e+03 1.058630676199999925e+03 1.058708932400000094e+03 1.058786746400000084e+03 1.058864118200000121e+03 1.058941054399999985e+03 1.059017548400000123e+03 1.059093606800000089e+03 1.059169229600000108e+03 1.059244416799999954e+03 1.059319175000000087e+03 1.059393504200000052e+03 1.059467411000000084e+03 1.059540882199999942e+03 1.059613930999999866e+03 1.059686557399999856e+03 1.059758761399999912e+03 1.059830543000000034e+03 1.059901902199999995e+03 1.059972845599999800e+03 1.060043373200000133e+03 1.060113478400000076e+03 1.060183174400000098e+03
9.787646767999999611e+02 9.788273042000000714e+02 9.788895157999997991e+02 9.789513050000000476e+02 9.790126718000001347e+02 9.790736162000000604e+02 9.791341448000000582e+02 9.791942510000001221e+02 9.792539348000000246e+02 9.793132027999999991e+02 9.793720549999998184e+02 9.794304913999999371e+02 9.794885119999999006e+02 9.795461167999999361e+02 9.796033058000000437e+02 9.796600789999999961e+02 9.797164430000000266e+02 9.797723911999999018e+02 9.798279236000000765e+02 9.798830534000001080e+02 9.799377673999999843e+02 9.799920722000001660e+02 9.800459743999999773e+02 9.800994608000000881e+02 9.801525446000000557e+02 9.802052192000001014e+02 9.802574845999999980e+02 9.803093473999999787e+02 9.803608075999998164e+02 9.804118585999999596e+02 9.804625069999999596e+02 9.805127593999998226e+02 9.805626025999999911e+02 9.806120498000000225e+02 9.806610944000001382e+02 9.807097429999998894e+02 9.807579889999999523e+02 9.808058324000000994e+02 9.808532863999998881e+02 9.809003377999999884e+02 9.809469997999999578e+02 9.809932592000000113e+02 9.810391291999999339e+02 9.810845965999999407e+02 9.811296812000000500e+02 9.811743632000000161e+02 9.812186623999998574e+02 9.812625589999997828e+02 9.813060728000000381e+02 9.813491972000001624e+02
8.762382440000001225e+02 8.763467017999998916e+02 8.764545391999999993e+02 8.765617627999999968e+02 8.766683726000001116e+02 8.767743752000001223e+02 8.768797706000000289e+02 8.769845720000000711e+02 8.770887727999997878e+02 8.771923796000000948e+02 8.772953989999998612e+02 8.773978376000000026e+02 8.774996888000000581e+02 8.776009592000000339e+02 8.777016553999999360e+02 8.778017773999999918e+02 8.779013317999999799e+02 8.780003185999999005e+02 8.780987443999999869e+02 8.781966091999997843e+02 8.782939129999999750e+02 8.783906690000001163e+02 8.784868705999999747e+02 8.785825244000000112e+02 8.786776370000000043e+02 8.787722017999999480e+02 8.788662254000000758e+02 8.789597143999999389e+02 8.790526687999999922e+02 8.791450886000000082e+02 8.792369737999999870e+02 8.793283375999999407e+02 8.794191734000000906e+02 8.795094878000002154e+02 8.795992807999998604e+02 8.796885589999999411e+02 8.797773157999999967e+02 8.798655577999998059e+02 8.799532849999998234e+02 8.800405106000000615e+02 8.801272214000000531e+02 8.802134240000000318e+02 8.802991250000000036e+02 8.803843177999999625e+02 8.804690155999999206e+02 8.805532118000000992e+02 8.806369064000000435e+02 8.807201059999999870e+02 8.808028171999999358e+02 8.808850268000001051e+02
8.008763023999999859e+02 8.009492258000000220e+02 8.010216542000000572e+02 8.010935942000000978e+02 8.011650458000001436e+02 8.012360089999999673e+02 8.013064772000000175e+02 8.013764636000000792e+02 8.014459682000001521e+02 8.015149777999999969e+02 8.015835122000000865e+02 8.016515581999999540e+02 8.017191224000000602e+02 8.017862047999999504e+02 8.018528119999998580e+02 8.019189307999999983e+02 8.019845743999999286e+02 8.020497428000001037e+02 8.021144294000000627e+02 8.021786407999998119e+02 8.022423770000000331e+02 8.023056446000000506e+02 8.023684304000000793e+02 8.024307476000001316e+02 8.024925895999999739e+02 8.025539630000000670e+02 8.026148611999999503e+02 8.026752974000000904e+02 8.027352583999997933e+02 8.027947507999999743e+02 8.028537811999999576e+02 8.029123429999999644e+02 8.029704428000000007e+02 8.030280740000000606e+02 8.030852365999999165e+02 8.031419438000000355e+02 8.031981890000001840e+02 8.032539656000001287e+02 8.033092868000001090e+02 8.033641460000001189e+02 8.034185432000001583e+02 8.034724850000000060e+02 8.035259713999998894e+02 8.035789958000000297e+02 8.036315647999999783e+02 8.036836784000001899e+02 8.037353365999999824e+02 8.037865394000000379e+02 8.038372868000001290e+02 8.038875787999998010e+02
6.962535247999999228e+02 6.963789247999998224e+02 6.965036053999999694e+02 6.966275600000001305e+02 6.967508083999998689e+02 6.968733374000000822e+02 6.969951601999998729e+02 6.971162834000001567e+02 6.972367004000000179e+02 6.973564309999999296e+02 6.974754685999998856e+02 6.975938198000001194e+02 6.977114911999999549e+02 6.978284828000000743e+02 6.979448011999998016e+02 6.980604464000000462e+02 6.981754249999999047e+02 6.982897436000000653e+02 6.984034021999998458e+02 6.985164073999999346e+02 6.986287592000001041e+02 6.987404642000001331e+02 6.988515224000000217e+02 6.989619404000000031e+02 6.990717181999998502e+02 6.991808624000000236e+02 6.992893730000000687e+02 6.993972631999999976e+02 6.995045198000000255e+02 6.996111560000001646e+02 6.997171717999999601e+02 6.998225738000001002e+02 6.999273554000001241e+02 7.000315364000000500e+02 7.001351036000000931e+02 7.002380636000000322e+02 7.003404229999998734e+02 7.004421818000000712e+02 7.005433399999999438e+02 7.006439107999999578e+02 7.007438809999998739e+02 7.008432637999999315e+02 7.009420591999999033e+02 7.010402672000000166e+02 7.011378878000000441e+02 7.012349341999999979e+02 7.013313997999998719e+02 7.014272845999998935e+02 7.015225951999998415e+02 7.016173315999999431e+02
6.230515057999998589e+02 6.231347054000000298e+02 6.232173506000001453e+02 6.232994281999999657e+02 6.233809513999999581e+02 6.234619202000001223e+02 6.235423346000000038e+02 6.236221879999998237e+02 6.237014870000000428e+02 6.237802381999999852e+02 6.238584349999998722e+02 6.239360839999999371e+02 6.240131852000001800e+02 6.240897385999999187e+02 6.241657441999998355e+02 6.242412020000001576e+02 6.243161119999999755e+02 6.243904807999999775e+02 6.244643083999999362e+02 6.245375948000000790e+02 6.246103399999999510e+02 6.246825506000000132e+02 6.247542134000000260e+02 6.248253416000000016e+02 6.248959352000001672e+02 6.249659942000000683e+02 6.250355119999999260e+02 6.251045017999999800e+02 6.251729569999999967e+02 6.252408775999999762e+02 6.253082701999999244e+02 6.253751281999998355e+02 6.254414582000001701e+02 6.255072602000000188e+02 6.255725342000000637e+02 6.256372802000000775e+02 6.257015047999998387e+02 6.257652014000000236e+02 6.258283699999999499e+02 6.258910171999998511e+02 6.259531363999999485e+02 6.260147408000000269e+02 6.260758172000000741e+02 6.261363722000000962e+02 6.261964124000000993e+02 6.262559246000000712e+02 6.263149220000000241e+02 6.263733979999999519e+02 6.264313526000000820e+02 6.264887923999999657e+02
5.163110258000001522e+02 5.164535527999998976e+02 5.165952416000000085e+02 5.167361054000000422e+02 5.168761441999999988e+02 5.170153645999998844e+02 5.171537731999999323e+02 5.172913700000001427e+02 5.174281616000000668e+02 5.175641611999999441e+02 5.176993621999999959e+02 5.178337778000000071e+02 5.179674013999999715e+02 5.181002527999999074e+02 5.182323254000000361e+02 5.183636257999999088e+02 5.184941605999999865e+02 5.186239298000000417e+02 5.187529400000000805e+02 5.188812044000001151e+02 5.190087097999999060e+02 5.191354759999999260e+02 5.192614963999999418e+02 5.193867841999999655e+02 5.195113327999999910e+02 5.196351554000000306e+02 5.197582453999998506e+02 5.198806159999999181e+02 5.200022738000000118e+02 5.201232122000001254e+02 5.202434378000000379e+02 5.203629506000002038e+02 5.204817637999999533e+02 5.205998773999999685e+02 5.207172914000000219e+02 5.208340123999998923e+02 5.209500404000000344e+02 5.210653753999999935e+02 5.211800306000000091e+02 5.212939993999998478e+02 5.214072883999999704e+02 5.215199042000001555e+02 5.216318401999999423e+02 5.217431095999997979e+02 5.218537123999999494e+02 5.219636485999999422e+02 5.220729182000000037e+02 5.221815277999999125e+02 5.222894840000001295e+02 5.223967801999999665e+02
4.452609829999998965e+02 4.453544785999999931e+02 4.454473471999999674e+02 4.455395888000000468e+02 4.456311967999999979e+02 4.457221844000000601e+02 4.458125450000000001e+02 4.459022852000000512e+02 4.459913984000002074e+02 4.460798978000000261e+02 4.461677701999999499e+02 4.462550288000002183e+02 4.463416735999999219e+02 4.464277046000001974e+02 4.465131152000001293e+02 4.465979185999999572e+02 4.466821082000001297e+02 4.467656839999999647e+02 4.468486591999999291e+02 4.469310206000000107e+02 4.470127813999999944e+02 4.470939284000000953e+02 4.471744748000000982e+02 4.472544206000000031e+02 4.473337658000000374e+02 4.474125037999999677e+02 4.474906478000000334e+02 4.475681845999999950e+02 4.476451274000000922e+02 4.477214762000000974e+02 4.477972244000000046e+02 4.478723786000000473e+02 4.479469387999999981e+02 4.480209116000000904e+02 4.480942838000000847e+02 4.481670619999999872e+02 4.482392528000000311e+02 4.483108561999999893e+02 4.483818656000000828e+02 4.484522810000000845e+02 4.485221156000000065e+02 4.485913628000000699e+02 4.486600159999998141e+02 4.487280817999999272e+02 4.487955667999999605e+02 4.488624644000001354e+02 4.489287745999999970e+02 4.489944974000000002e+02 4.490596393999999236e+02 4.491241940000002160e+02
3.364502744000001258e+02 3.366101659999999356e+02 3.367691072000000077e+02 3.369271045999998933e+02 3.370841780000000654e+02 3.372403141999998297e+02 3.373955264000001080e+02 3.375498278000000028e+02 3.377032117999999628e+02 3.378556916000000001e+02 3.380072606000001088e+02 3.381579452000000856e+02 3.383077322000001459e+02 3.384566282000000683e+02 3.386046464000000924e+02 3.387517933999999968e+02 3.388980626000000029e+02 3.390434672000001228e+02 3.391880138000001352e+02 3.393317024000000401e+02 3.394745396000000710e+02 3.396165254000000004e+02 3.397576730000000680e+02 3.398979824000000463e+02 3.400374535999999352e+02 3.401760997999999745e+02 3.403139209999999366e+02 3.404509238000000551e+02 3.405871082000001024e+02 3.407224807999998575e+02 3.408570482000000084e+02 3.409908103999998730e+02 3.411237674000001334e+02 3.412559389999998984e+02 3.413873120000000654e+02 3.415178995999999643e+02 3.416477018000000498e+02 3.417767251999998734e+02 3.419049698000001172e+02 3.420324356000000989e+02 3.421591424000000643e+02 3.422850770000000011e+02 3.424102459999999155e+02 3.425346626000000470e+02 3.426583201999999346e+02 3.427812188000000333e+02 3.429033716000001277e+02 3.430247785999999905e+02 3.431454397999998491e+02 3.432653618000001643e+02
2.675558179999998174e+02 2.676596557999998822e+02 2.677627939999999853e+02 2.678652326000001267e+02 2.679669716000000790e+02 2.680680176000000756e+02 2.681683640000001105e+02 2.682680173999999624e+02 2.683669777999998587e+02 2.684652517999998054e+02 2.685628328000000238e+02 2.686597274000000652e+02 2.687559421999999358e+02 2.688514639999998508e+02 2.689463126000000557e+02 2.690404747999998563e+02 2.691339571999999407e+02 2.692267664000000877e+02 2.693188891999998305e+02 2.694103453999998692e+02 2.695011217999999644e+02 2.695912315999999009e+02 2.696806615999998940e+02 2.697694249999999556e+02 2.698575152000000799e+02 2.699449454000000514e+02 2.700317024000000856e+02 2.701177927999999611e+02 2.702032166000001325e+02 2.702879738000001453e+02 2.703720776000000114e+02 2.704555081999999402e+02 2.705382853999999497e+02 2.706203960000000279e+02 2.707018465999999535e+02 2.707826371999999537e+02 2.708627678000000287e+02 2.709422450000001845e+02 2.710210622000001877e+02 2.710992194000000381e+02 2.711767232000001968e+02 2.712535736000002089e+02 2.713297639999998410e+02 2.714052944000000025e+02 2.714801780000000235e+02 2.715544016000001193e+02 2.716279651999998350e+02 2.717008819999998650e+02 2.717731387999999697e+02 2.718447422000001552e+02
1.566239024000001336e+02 1.568014754000000721e+02 1.569779858000001695e+02 1.571534401999999773e+02 1.573278451999999561e+02 1.575012074000001121e+02 1.576735333999999966e+02 1.578448297999998431e+02 1.580150966000001063e+02 1.581843469999998888e+02 1.583525810000001002e+02 1.585198117999998431e+02 1.586860394000000269e+02 1.588512703999999758e+02 1.590155113999999230e+02 1.591787623999998686e+02 1.593410431999998309e+02 1.595023405999997976e+02 1.596626744000000144e+02 1.598220446000000265e+02 1.599804578000000674e+02 1.601379139999999097e+02 1.602944264000000203e+02 1.604499950000001718e+02 1.606046263999999155e+02 1.607583271999999397e+02 1.609110974000000169e+02 1.610629501999999320e+02 1.612138790000001336e+02 1.613639035999999578e+02 1.615130108000000746e+02 1.616612204000000474e+02 1.618085323999998764e+02 1.619549468000000161e+02 1.621004768000000240e+02 1.622451158000001215e+02 1.623888770000000932e+02 1.625317604000001666e+02 1.626737659999998868e+02 1.628149136000001818e+02 1.629551899999999023e+02 1.630946083999999701e+02 1.632331687999999303e+02 1.633708778000000166e+02 1.635077420000000075e+02 1.636437613999999030e+02 1.637789359999999306e+02 1.639132790000001023e+02 1.640467837999999574e+02 1.641794569999999567e+02
3.912354549200000292e+03 3.912251318600000104e+03 3.912148800799999663e+03 3.912047002400000110e+03 3.911945916800000305e+03 3.911845543999999791e+03 3.911745883999999933e+03 3.911646930200000043e+03 3.911548682599999665e+03 3.911451141200000166e+03 3.911354306000000179e+03 3.911258170399999926e+03 3.911162741000000096e+03 3.911068004599999767e+03 3.910973974399999861e+03 3.910880637199999910e+03 3.910787999600000148e+03 3.910696054999999888e+03 3.910604803400000037e+03 3.910514244799999688e+03 3.910424385799999982e+03 3.910335206599999765e+03 3.910246720399999958e+03 3.910158927200000107e+03 3.910071820399999979e+03 3.909985400000000027e+03 3.909899659400000019e+03 3.909814611799999966e+03 3.909730250599999636e+03 3.909646569200000158e+03 3.909563567600000169e+03 3.909481259000000136e+03 3.909399623600000268e+03 3.909318674600000122e+03 3.909238405399999920e+03 3.909158822599999894e+03 3.909079913000000033e+03 3.909001689800000349e+03 3.908924146399999699e+03 3.908847282799999903e+03 3.908771105599999828e+03 3.908695601600000373e+03 3.908620783999999730e+03 3.908546646199999941e+03 3.908473188199999640e+03 3.908400416599999971e+03 3.908328324799999791e+03 3.908256912800000009e+03 3.908186187199999949e+03 3.908116148000000067e+03
4.028592699799999991e+03 4.028398778599999787e+03 4.028206019000000197e+03 4.028014414400000078e+03 4.027823958200000106e+03 4.027634637199999815e+03 4.027446458000000348e+03 4.027259400799999639e+03 4.027073465599999963e+03 4.026888645799999722e+03 4.026704928199999813e+03 4.026522319400000015e+03 4.026340799600000082e+03 4.026160375399999793e+03 4.025981033600000046e+03 4.025802767600000152e+03 4.025625570799999878e+03 4.025449436599999899e+03 4.025274358399999983e+03 4.025100336200000129e+03 4.024927363400000104e+03 4.024755426800000350e+03 4.024584526399999959e+03 4.024414649000000281e+03 4.024245801199999732e+03 4.024077969799999664e+03 4.023911148199999843e+03 4.023745329800000036e+03 4.023580514600000242e+03 4.023416689399999996e+03 4.023253860799999984e+03 4.023092008999999962e+03 4.022931140600000163e+03 4.022771242400000119e+03 3.979146271999999954e+03 3.978991845200000171e+03 3.978838355599999886e+03 3.978685789999999997e+03 3.978534148400000049e+03 3.978383430800000042e+03 3.978233630599999742e+03 3.978084741200000281e+03 3.977936756000000059e+03 3.977789674999999988e+03 3.977643491599999834e+03 3.977498205800000051e+03 3.977353804400000172e+03 3.977210287400000198e+03 3.977067648199999894e+03 3.976925893399999950e+03
3.734947994600000129e+03 3.734854703599999993e+03 3.734762059399999998e+03 3.734670068599999922e+03 3.734578724599999987e+03 3.734488020799999958e+03 3.734397963800000070e+03 3.734308547000000090e+03 3.734219763799999782e+03 3.734131627400000070e+03 3.734044124600000032e+03 3.733957261999999901e+03 3.733871033000000352e+03 3.733785437600000023e+03 3.733700475800000277e+03 3.733616140999999971e+03 3.733532439800000247e+03 3.733449372199999743e+03 3.733366925000000265e+03 3.733285104800000227e+03 3.733203918199999862e+03 3.733123351999999613e+03 3.733043406200000391e+03 3.732964087400000153e+03 3.732885389000000032e+03 3.732807311000000027e+03 3.732729853400000138e+03 3.732653009599999677e+03 3.732576792800000021e+03 3.732501189800000247e+03 3.732426207200000135e+03 3.732351838399999906e+03 3.732278083400000014e+03 3.732204942200000005e+03 3.732132421400000112e+03 3.732060507799999868e+03 3.731989207999999962e+03 3.731918528600000172e+03 3.731848456400000032e+03 3.731778997999999774e+03 3.731710153400000308e+03 3.731641916000000037e+03 3.731574292399999649e+03 3.731507282600000053e+03 3.731440880000000107e+03 3.731375091200000043e+03 3.731309916199999861e+03 3.731245348399999784e+03 3.731181394400000045e+03 3.731118054200000188e+03
3.848671268000000055e+03 3.848495859799999835e+03 3.848321494400000120e+03 3.848148171800000000e+03 3.847975872200000140e+03 3.847804602199999863e+03 3.847634342000000288e+03 3.847465104800000063e+03 3.847296864199999618e+03 3.847129626799999642e+03 3.846963386000000355e+03 3.846798135199999706e+03 3.846633861199999956e+03 3.846470564000000195e+03 3.846308243599999969e+03 3.846146880199999941e+03 3.845986480399999891e+03 3.845827037600000040e+03 3.845668538599999920e+03 3.845510983399999986e+03 3.845354365400000006e+03 3.845198677999999745e+03 3.845043921200000113e+03 3.844890081800000189e+03 3.844737159799999972e+03 3.844585148600000139e+03 3.844434048199999779e+03 3.844283845400000246e+03 3.844134533599999941e+03 3.843986112799999773e+03 3.843838582999999744e+03 3.843691931000000295e+03 3.843546156800000063e+03 3.843401253799999722e+03 3.843257215399999950e+03 3.843114041599999837e+03 3.842971725800000058e+03 3.842830267999999705e+03 3.842689655000000130e+03 3.842549886799999967e+03 3.842410956799999894e+03 3.842272864999999911e+03 3.842135604799999783e+03 3.841999176199999965e+03 3.841863565999999992e+03 3.841728780800000095e+03 3.841594814000000042e+03 3.841461652400000276e+03 3.841329309200000353e+03 3.841197764600000028e+03
3.557471585600000253e+03 3.557388155000000097e+03 3.557305311799999799e+03 3.557223049399999582e+03 3.557141361200000119e+03 3.557060253800000282e+03 3.556979727199999616e+03 3.556899774800000159e+03 3.556820396600000095e+03 3.556741592600000331e+03 3.556663362799999959e+03 3.556585700600000109e+03 3.556508612600000106e+03 3.556432092200000170e+03 3.556356146000000081e+03 3.556280760800000280e+03 3.556205943200000092e+03 3.556131686599999739e+03 3.556057997599999908e+03 3.555984869599999911e+03 3.555912309199999982e+03 3.555840303200000108e+03 3.555768858200000068e+03 3.555697974200000317e+03 3.555627651199999946e+03 3.555557882600000084e+03 3.555488668399999824e+03 3.555420008600000074e+03 3.555351909799999703e+03 3.555284358800000064e+03 3.555217362200000025e+03 3.555150920000000042e+03 3.555085032199999659e+03 3.555019685600000230e+03 3.554954900000000180e+03 3.554890655600000173e+03 3.554826965600000221e+03 3.554763823400000092e+03 3.554701229000000239e+03 3.554639175799999975e+03 3.554577677000000222e+03 3.554516719400000056e+03 3.554456316199999947e+03 3.554396447600000101e+03 3.554337133399999857e+03 3.554278360399999656e+03 3.554220135200000186e+03 3.554162451199999850e+03 3.554105314999999791e+03 3.554048719999999776e+03
3.668715694399999848e+03 3.668558508799999800e+03 3.668402247199999692e+03 3.668246903000000202e+03 3.668092482799999743e+03 3.667938966799999889e+03 3.667786355000000185e+03 3.667634647400000176e+03 3.667483824200000072e+03 3.667333898599999884e+03 3.667184850800000277e+03 3.667036680799999885e+03 3.666889382000000296e+03 3.666742954400000144e+03 3.666597384800000327e+03 3.666452673199999936e+03 3.666308813000000100e+03 3.666165797599999678e+03 3.666023620400000254e+03 3.665882287999999789e+03 3.665741780600000311e+03 3.665602098200000000e+03 3.665463240799999767e+03 3.665325201799999832e+03 3.665187974600000416e+03 3.665051559200000156e+03 3.664915942399999949e+03 3.664781124199999795e+03 3.664647097999999914e+03 3.664513863799999854e+03 3.664381421600000067e+03 3.664249751599999854e+03 3.664118867000000137e+03 3.663988754599999993e+03 3.663859407799999644e+03 3.663730826600000000e+03 3.663603011000000151e+03 3.663475947800000085e+03 3.663349637000000257e+03 3.663224085199999990e+03 3.663099272599999949e+03 3.662975205800000367e+03 3.662851878200000101e+03 3.662729283200000282e+03 3.662607427400000233e+03 3.662486297599999943e+03 3.662365887199999634e+03 3.662246209400000225e+03 3.662127244400000109e+03 3.662008998799999972e+03
3.379970736799999941e+03 3.379897080800000367e+03 3.379823939599999903e+03 3.379751313200000368e+03 3.379679201599999942e+03 3.379607604799999990e+03 3.379536516199999824e+03 3.379465935799999897e+03 3.379395870199999990e+03 3.379326312799999869e+03 3.379257263599999987e+03 3.379188716000000113e+03 3.379120676600000024e+03 3.379053145400000176e+03 3.378986115800000334e+03 3.378919594399999824e+03 3.378853567999999996e+03 3.378788043200000175e+03 3.378723019999999906e+03 3.378658498400000099e+03 3.378594478400000298e+03 3.378530946800000038e+03 3.378467916800000239e+03 3.378405381800000214e+03 3.378343341799999962e+03 3.378281796799999938e+03 3.378220746800000143e+03 3.378160185199999887e+03 3.378100118600000314e+03 3.378040540400000282e+03 3.377981457200000023e+03 3.377922855799999979e+03 3.377864749399999710e+03 3.377807124799999656e+03 3.377749995199999830e+03 3.377693340799999987e+03 3.377637181399999918e+03 3.377581503800000064e+03 3.377526307999999972e+03 3.377471600599999874e+03 3.377417374999999993e+03 3.377363631199999872e+03 3.377310369199999968e+03 3.377257595600000059e+03 3.377205297200000132e+03 3.377153480599999966e+03 3.377102139200000238e+03 3.377051286200000050e+03 3.377000908400000299e+03 3.376951012399999854e+03
3.488695407799999884e+03 3.488556200600000011e+03 3.488417805199999748e+03 3.488280214999999771e+03 3.488143430000000080e+03 3.488007443599999988e+03 3.487872255799999948e+03 3.487737853399999949e+03 3.487604229800000212e+03 3.487471384999999827e+03 3.487339318999999705e+03 3.487208018600000287e+03 3.487077483799999754e+03 3.486947707999999693e+03 3.486818684599999870e+03 3.486690413599999829e+03 3.486562888399999792e+03 3.486436109000000215e+03 3.486310062200000175e+03 3.486184741399999893e+03 3.486060159799999838e+03 3.485936297600000216e+03 3.485813154800000120e+03 3.485690724799999771e+03 3.485569007600000077e+03 3.485448003200000130e+03 3.485327698399999917e+03 3.485208093199999894e+03 3.485089187600000059e+03 3.484970968399999947e+03 3.484853442199999790e+03 3.484736595800000032e+03 3.484620435799999996e+03 3.484504955599999903e+03 3.484390142000000196e+03 3.484276008199999978e+03 3.484162534399999913e+03 3.484049727200000234e+03 3.483937586600000031e+03 3.483826099400000203e+03 3.483715265599999839e+03 3.483605085199999849e+03 3.483495551599999999e+03 3.483386671400000068e+03 3.483278424799999812e+03 3.483170825000000150e+03 3.483063865399999941e+03 3.482957532800000081e+03 3.482851840399999674e+03 3.482746768400000292e+03
3.202400904799999807e+03 3.202337010199999895e+03 3.202273564399999941e+03 3.202210567399999945e+03 3.202148019199999908e+03 3.202085913200000050e+03 3.202024256000000150e+03 3.201963047600000209e+03 3.201902281399999993e+03 3.201841957399999956e+03 3.201782075600000098e+03 3.201722635999999966e+03 3.201663645200000246e+03 3.201605090000000018e+03 3.201546970399999736e+03 3.201489292999999634e+03 3.201432057799999711e+03 3.201375251599999956e+03 3.201318887599999925e+03 3.201262959200000296e+03 3.201207466400000158e+03 3.201152409199999965e+03 3.201097780999999941e+03 3.201043588399999862e+03 3.200989824799999951e+03 3.200936496799999986e+03 3.200883597799999734e+03 3.200831127800000104e+03 3.200779086800000186e+03 3.200727468199999748e+03 3.200676285200000166e+03 3.200625524600000062e+03 3.200575193000000127e+03 3.200525283799999670e+03 3.200475797000000057e+03 3.200426739200000156e+03 3.200378097199999957e+03 3.200329884200000379e+03 3.200282093599999826e+03 3.200234718800000337e+03 3.200187766400000328e+03 3.200141236399999798e+03 3.200095122200000333e+03 3.200049430399999892e+03 3.200004154400000061e+03 3.199959294199999931e+03 3.199914849799999956e+03 3.199870827799999915e+03 3.199827221600000030e+03 3.199784024600000066e+03
3.308634036200000082e+03 3.308512596200000189e+03 3.308391849200000252e+03 3.308271808399999827e+03 3.308152454000000034e+03 3.308033792600000197e+03 3.307915817600000082e+03 3.307798522399999911e+03 3.307681900399999904e+03 3.307565951600000062e+03 3.307450669400000152e+03 3.307336047199999939e+03 3.307222091600000113e+03 3.307108782799999972e+03 3.306996133999999984e+03 3.306884125399999903e+03 3.306772763599999962e+03 3.306662041999999929e+03 3.306551954000000023e+03 3.306442493000000013e+03 3.306333665600000131e+03 3.306225465200000144e+03 3.306117878600000040e+03 3.306010912400000052e+03 3.305904559999999947e+03 3.305798821399999724e+03 3.305693683399999827e+03 3.305589152600000034e+03 3.305485222400000112e+03 3.305381892800000060e+03 3.305279150600000321e+03 3.305177008999999998e+03 3.305075448200000210e+03 3.304974474800000280e+03 3.304874082199999975e+03 3.304774270400000205e+03 3.304675032799999826e+03 3.304576375999999982e+03 3.304478286800000205e+03 3.304380765200000042e+03 3.304283811199999946e+03 3.304187418200000138e+03 3.304091586200000165e+03 3.303996321800000260e+03 3.303901605199999722e+03 3.303807443000000148e+03 3.303713841800000409e+03 3.303620781800000259e+03 3.303528269599999931e+03 3.303436311800000112e+03
3.024771316400000160e+03 3.024717196399999921e+03 3.024663459200000034e+03 3.024610098199999811e+03 3.024557126600000174e+03 3.024504531200000201e+03 3.024452311999999893e+03 3.024400475599999936e+03 3.024349021999999877e+03 3.024297944599999937e+03 3.024247243400000116e+03 3.024196918399999959e+03 3.024146969599999920e+03 3.024097397000000001e+03 3.024048200600000200e+03 3.023999380400000064e+03 3.023950929799999813e+03 3.023902855399999680e+03 3.023855150599999888e+03 3.023807821999999760e+03 3.023760862999999972e+03 3.023714273600000070e+03 3.023668053800000052e+03 3.023622203599999921e+03 3.023576716399999896e+03 3.023531605399999989e+03 3.023486857400000190e+03 3.023442472400000042e+03 3.023398457000000235e+03 3.023354811199999858e+03 3.023311521800000264e+03 3.023268602000000101e+03 3.023226038599999811e+03 3.023183838200000082e+03 3.023142007399999784e+03 3.023100526400000035e+03 3.023059414999999717e+03 3.023018659999999727e+03 3.022978261400000065e+03 3.022938225800000055e+03 3.022898546599999918e+03 3.022859223800000109e+03 3.022820257400000173e+03 3.022781640799999877e+03 3.022743387200000143e+03 3.022705489999999827e+03 3.022667942600000060e+03 3.022630751600000167e+03 3.022593910399999913e+03 3.022557425599999988e+03
3.128511330799999996e+03 3.128407499599999937e+03 3.128304255799999737e+03 3.128201605999999629e+03 3.128099543600000288e+03 3.127998061999999663e+03 3.127897161200000028e+03 3.127796841200000017e+03 3.127697082200000295e+03 3.127597897399999965e+03 3.127499280199999703e+03 3.127401217399999950e+03 3.127303708999999799e+03 3.127206761600000391e+03 3.127110361999999895e+03 3.127014510199999677e+03 3.126919199599999956e+03 3.126824430200000279e+03 3.126730201999999736e+03 3.126636501800000133e+03 3.126543336200000340e+03 3.126450698600000123e+03 3.126358582400000159e+03 3.126266987599999993e+03 3.126175914200000079e+03 3.126085362199999963e+03 3.125995318399999633e+03 3.125905782799999997e+03 3.125816755400000147e+03 3.125728236199999628e+03 3.125640218600000026e+03 3.125552702599999975e+03 3.125465681600000153e+03 3.125379162199999882e+03 3.125293131200000062e+03 3.125207588600000236e+03 3.125122540999999728e+03 3.125037975199999892e+03 3.124953891199999816e+03 3.124870295599999736e+03 3.124787175200000092e+03 3.124704536600000210e+03 3.124622366599999623e+03 3.124540678399999706e+03 3.124459458799999993e+03 3.124378714399999808e+03 3.124298432000000048e+03 3.124218618199999582e+03 3.124139272999999775e+03 3.124060389799999939e+03
2.847089508799999749e+03 2.847045183199999883e+03 2.847001181000000088e+03 2.846957482400000117e+03 2.846914107200000217e+03 2.846871042199999920e+03 2.846828287400000136e+03 2.846785849400000188e+03 2.846743721599999844e+03 2.846701904000000013e+03 2.846660403200000019e+03 2.846619206000000304e+03 2.846578325599999971e+03 2.846537755400000151e+03 2.846497488799999701e+03 2.846457532399999764e+03 2.846417886199999884e+03 2.846378550200000063e+03 2.846339517800000067e+03 2.846300795600000129e+03 2.846262377000000015e+03 2.846224262000000181e+03 2.846186457199999950e+03 2.846148949399999765e+03 2.846111751800000093e+03 2.846074851200000012e+03 2.846038260799999989e+03 2.846001967400000012e+03 2.845965977599999860e+03 2.845930291399999987e+03 2.845894902199999706e+03 2.845859809999999925e+03 2.845825021399999969e+03 2.845790529800000058e+03 2.845756335199999739e+03 2.845722437599999921e+03 2.845688843599999927e+03 2.845655539999999746e+03 2.845622526799999832e+03 2.845589817199999743e+03 2.845557397999999921e+03 2.845525275800000145e+03 2.845493443999999727e+03 2.845461909200000264e+03 2.845430664800000159e+03 2.845399710800000321e+03 2.845369047199999841e+03 2.845338674000000083e+03 2.845308591200000137e+03 2.845278798800000004e+03
2.948361294799999996e+03 2.948274933800000326e+03 2.948189054599999963e+03 2.948103663800000049e+03 2.948018761400000130e+03 2.947934334200000194e+03 2.947850382200000240e+03 2.947766905399999814e+03 2.947683897200000047e+03 2.947601357600000028e+03 2.947519286599999759e+03 2.947437671000000137e+03 2.947356517400000030e+03 2.947275812599999881e+03 2.947195569800000158e+03 2.947115769200000159e+03 2.947036423999999897e+03 2.946957514400000036e+03 2.946879053600000134e+03 2.946801028400000177e+03 2.946723445399999946e+03 2.946646291399999882e+03 2.946569572999999764e+03 2.946493283599999813e+03 2.946417416599999797e+03 2.946341978599999948e+03 2.946266963000000032e+03 2.946192369800000051e+03 2.946118192400000225e+03 2.946044430800000100e+03 2.945971085000000130e+03 2.945898148400000082e+03 2.945825620999999956e+03 2.945753502800000206e+03 2.945681793799999923e+03 2.945610487400000238e+03 2.945539590200000021e+03 2.945469089000000167e+03 2.945398983799999769e+03 2.945329281199999969e+03 2.945259974600000078e+03 2.945191057399999863e+03 2.945122536200000013e+03 2.945054411000000073e+03 2.944986668600000030e+03 2.944919322199999897e+03 2.944852358600000116e+03 2.944785784400000011e+03 2.944719592999999804e+03 2.944653784399999950e+03
2.669366319199999907e+03 2.669331828920000135e+03 2.669297585480000180e+03 2.669263588220000202e+03 2.669229836479999904e+03 2.669196330920000037e+03 2.669163070220000009e+03 2.669130054379999820e+03 2.669097282740000082e+03 2.669064755960000184e+03 2.669032472719999987e+03 2.669000433019999946e+03 2.668968636200000219e+03 2.668937082919999739e+03 2.668905771199999890e+03 2.668874701700000060e+03 2.668843873100000110e+03 2.668813286720000178e+03 2.668782940579999831e+03 2.668752834679999978e+03 2.668722968359999868e+03 2.668693341619999956e+03 2.668663953799999945e+03 2.668634804899999835e+03 2.668605894259999786e+03 2.668577220560000114e+03 2.668548784460000206e+03 2.668520585299999766e+03 2.668492621760000020e+03 2.668464894499999900e+03 2.668437402200000179e+03 2.668410144859999946e+03 2.668383121819999815e+03 2.668356332419999944e+03 2.668329776659999879e+03 2.668303453219999938e+03 2.668277362759999960e+03 2.668251503960000264e+03 2.668225876160000098e+03 2.668200479359999918e+03 2.668175313560000177e+03 2.668150376779999988e+03 2.668125669680000101e+03 2.668101191599999765e+03 2.668076942539999891e+03 2.668052920520000043e+03 2.668029126859999906e+03 2.668005560239999795e+03 2.667982219999999870e+03 2.667959105480000289e+03
2.768169771200000014e+03 2.768100787999999739e+03 2.768032194200000049e+03 2.767963983200000257e+03 2.767896154999999908e+03 2.767828703000000132e+03 2.767761627200000021e+03 2.767694934199999807e+03 2.767628604200000154e+03 2.767562650400000166e+03 2.767497059599999830e+03 2.767431838399999833e+03 2.767366973600000165e+03 2.767302471800000149e+03 2.767238333000000239e+03 2.767174543999999969e+03 2.767111111400000027e+03 2.767048028600000180e+03 2.766985295599999972e+03 2.766922912400000314e+03 2.766860872400000062e+03 2.766799175600000126e+03 2.766737822000000051e+03 2.766676811599999837e+03 2.766616137800000160e+03 2.766555800600000111e+03 2.766495793399999911e+03 2.766436122799999794e+03 2.766376782199999980e+03 2.766317771600000015e+03 2.766259084400000120e+03 2.766200727200000074e+03 2.766142699999999877e+03 2.766084989599999972e+03 2.766027602600000137e+03 2.765970538999999917e+03 2.765913792199999989e+03 2.765857368800000131e+03 2.765801255599999877e+03 2.765745459199999914e+03 2.765689979599999788e+03 2.765634810200000175e+03 2.765579951000000165e+03 2.765525408599999992e+03 2.765471176399999877e+03 2.765417247800000041e+03 2.765363629399999809e+03 2.765310321200000089e+03 2.765257316600000195e+03 2.765204615600000125e+03
2.491615272320000258e+03 2.491590648379999948e+03 2.491566201980000187e+03 2.491541931799999929e+03 2.491517838499999925e+03 2.491493921419999879e+03 2.491470180559999790e+03 2.491446615920000113e+03 2.491423227499999939e+03 2.491400013980000040e+03 2.491376975359999960e+03 2.491354112299999997e+03 2.491331424139999854e+03 2.491308910220000143e+03 2.491286569880000116e+03 2.491264404439999907e+03 2.491242411919999995e+03 2.491220593640000061e+03 2.491198947620000126e+03 2.491177475179999874e+03 2.491156174339999779e+03 2.491135046419999981e+03 2.491114090099999885e+03 2.491093305379999947e+03 2.491072691599999871e+03 2.491052248760000111e+03 2.491031976860000213e+03 2.491011874580000040e+03 2.490991942579999886e+03 2.490972179540000070e+03 2.490952586119999978e+03 2.490933161660000223e+03 2.490913904840000214e+03 2.490894816980000087e+03 2.490875896099999864e+03 2.490857142859999840e+03 2.490838556600000175e+03 2.490820137319999958e+03 2.490801883699999962e+03 2.490783795739999732e+03 2.490765874100000019e+03 2.490748116799999934e+03 2.490730524499999774e+03 2.490713096540000151e+03 2.490695832920000157e+03 2.490678732320000108e+03 2.490661795399999846e+03 2.490645021499999984e+03 2.490628409959999772e+03 2.490611960780000118e+03
2.587940561599999910e+03 2.587888906700000007e+03 2.587837539560000096e+03 2.587786457539999901e+03 2.587735659980000037e+03 2.587685144240000227e+03 2.587634908340000038e+03 2.587584950959999787e+03 2.587535270119999950e+03 2.587485863840000093e+03 2.587436730139999781e+03 2.587387867699999788e+03 2.587339275199999975e+03 2.587290949340000225e+03 2.587242890120000084e+03 2.587195095560000027e+03 2.587147563020000234e+03 2.587100292500000251e+03 2.587053281360000256e+03 2.587006528939999953e+03 2.586960032599999977e+03 2.586913792339999873e+03 2.586867805519999820e+03 2.586822071479999977e+03 2.586776588900000206e+03 2.586731355800000074e+03 2.586686372180000035e+03 2.586641635400000268e+03 2.586597144800000024e+03 2.586552899719999914e+03 2.586508898179999960e+03 2.586465140180000162e+03 2.586421623080000245e+03 2.586378346880000208e+03 2.586335310919999756e+03 2.586292513219999819e+03 2.586249953120000100e+03 2.586207629960000304e+03 2.586165542419999838e+03 2.586123690500000066e+03 2.586082072220000100e+03 2.586040687579999940e+03 2.585999535259999902e+03 2.585958615259999988e+03 2.585917926260000058e+03 2.585877466939999977e+03 2.585837237960000039e+03 2.585797238000000107e+03 2.585757465740000043e+03 2.585717921839999690e+03
2.313830948239999998e+03 2.313816220340000200e+03 2.313801599360000182e+03 2.313787084640000103e+03 2.313772676839999804e+03 2.313758375299999898e+03 2.313744179360000089e+03 2.313730089679999764e+03 2.313716106259999833e+03 2.313702229099999840e+03 2.313688456880000103e+03 2.313674790260000009e+03 2.313661229240000011e+03 2.313647773820000111e+03 2.313634422680000171e+03 2.313621177139999872e+03 2.313608035879999989e+03 2.313594999559999906e+03 2.313582067520000237e+03 2.313569239100000232e+03 2.313556515620000027e+03 2.313543895759999941e+03 2.313531378860000132e+03 2.313518966239999827e+03 2.313506656579999799e+03 2.313494449880000047e+03 2.313482346140000118e+03 2.313470345360000010e+03 2.313458446879999883e+03 2.313446650039999895e+03 2.313434956160000183e+03 2.313423363259999860e+03 2.313411872000000130e+03 2.313400482380000085e+03 2.313389193739999882e+03 2.313378006079999977e+03 2.313366919399999915e+03 2.313355932380000013e+03 2.313345046339999953e+03 2.313334259960000054e+03 2.313323572580000018e+03 2.313312985519999984e+03 2.313302497459999813e+03 2.313292108399999961e+03 2.313281818339999973e+03 2.313271626620000006e+03 2.313261533240000063e+03 2.313251538200000141e+03 2.313241640839999945e+03 2.313231841159999931e+03
2.407687685060000149e+03 2.407653319519999968e+03 2.407619144060000053e+03 2.407585158020000108e+03 2.407551360079999995e+03 2.407517748260000189e+03 2.407484321899999941e+03 2.407451080339999862e+03 2.407418020940000133e+03 2.407385143699999844e+03 2.407352446639999926e+03 2.407319929100000081e+03 2.407287589760000174e+03 2.407255427300000065e+03 2.407223441059999914e+03 2.407191630379999879e+03 2.407159993279999981e+03 2.407128528440000082e+03 2.407097236520000024e+03 2.407066114879999986e+03 2.407035163519999969e+03 2.407004381119999834e+03 2.406973766359999900e+03 2.406943319240000164e+03 2.406913038440000037e+03 2.406882923300000130e+03 2.406852973160000147e+03 2.406823186040000110e+03 2.406793562599999859e+03 2.406764101520000168e+03 2.406734801479999987e+03 2.406705663140000070e+03 2.406676683860000139e+03 2.406647864959999879e+03 2.406619204460000219e+03 2.406590702359999796e+03 2.406562358000000131e+03 2.406534170720000020e+03 2.406506139199999780e+03 2.406478264100000160e+03 2.406450544100000116e+03 2.406422979200000100e+03 2.406395568079999975e+03 2.406368311400000039e+03 2.406341207840000152e+03 2.406314256740000019e+03 2.406287458759999936e+03 2.406260812579999765e+03 2.406234318199999962e+03 2.406207974959999774e+03
2.136045285019999938e+03 2.136040475599999809e+03 2.136035702480000054e+03 2.136030964340000082e+03 2.136026261179999892e+03 2.136021593659999780e+03 2.136016961780000202e+03 2.136012364879999950e+03 2.136007803620000232e+03 2.136003277339999840e+03 2.135998786699999982e+03 2.135994330380000065e+03 2.135989909699999771e+03 2.135985523339999872e+03 2.135981172620000052e+03 2.135976856220000172e+03 2.135972575459999916e+03 2.135968329020000056e+03 2.135964116900000136e+03 2.135959939759999997e+03 2.135955796939999800e+03 2.135951689099999840e+03 2.135947615579999820e+03 2.135943576380000195e+03 2.135939571500000056e+03 2.135935600939999858e+03 2.135931664040000214e+03 2.135927761460000056e+03 2.135923893199999839e+03 2.135920058600000175e+03 2.135916257660000156e+03 2.135912491040000077e+03 2.135908758080000098e+03 2.135905058119999921e+03 2.135901392480000140e+03 2.135897759840000163e+03 2.135894160199999988e+03 2.135890594219999912e+03 2.135887061899999935e+03 2.135883561919999920e+03 2.135880095600000004e+03 2.135876662279999891e+03 2.135873261300000195e+03 2.135869893319999846e+03 2.135866558340000211e+03 2.135863255700000082e+03 2.135859985399999914e+03 2.135856748100000004e+03 2.135853543140000056e+03 2.135850369859999773e+03
2.227402643420000004e+03 2.227385539519999838e+03 2.227368530000000192e+03 2.227351614199999858e+03 2.227334792120000202e+03 2.227318062440000176e+03 2.227301425159999781e+03 2.227284878960000242e+03 2.227268424500000037e+03 2.227252059800000097e+03 2.227235784859999967e+03 2.227219599019999805e+03 2.227203501619999770e+03 2.227187492000000020e+03 2.227171570819999943e+03 2.227155736100000013e+03 2.227139987839999776e+03 2.227124325379999846e+03 2.227108748720000222e+03 2.227093256539999857e+03 2.227077849499999957e+03 2.227062525620000088e+03 2.227047286219999933e+03 2.227032129979999809e+03 2.227017055580000033e+03 2.227002064339999833e+03 2.226987154939999982e+03 2.226972326720000183e+03 2.226957579679999981e+03 2.226942913819999831e+03 2.226928328479999891e+03 2.226913822340000024e+03 2.226899396719999913e+03 2.226885050299999875e+03 2.226870783079999910e+03 2.226856594400000176e+03 2.226842484259999765e+03 2.226828452000000198e+03 2.226814498279999953e+03 2.226800621779999801e+03 2.226786823160000040e+03 2.226773101100000076e+03 2.226759456260000206e+03 2.226745887980000134e+03 2.226732396259999859e+03 2.226718981099999837e+03 2.226705641839999771e+03 2.226692378480000116e+03 2.226679190360000121e+03 2.226666078140000081e+03
1.958248686259999886e+03 1.958253800599999977e+03 1.958258878639999921e+03 1.958263921700000083e+03 1.958268929119999939e+03 1.958273900240000103e+03 1.958278836380000030e+03 1.958283736880000106e+03 1.958288601740000104e+03 1.958293430960000023e+03 1.958298225199999933e+03 1.958302983139999924e+03 1.958307706759999974e+03 1.958312394080000104e+03 1.958317047080000066e+03 1.958321664439999950e+03 1.958326246159999982e+03 1.958330793560000075e+03 1.958335305320000089e+03 1.958339782100000093e+03 1.958344223900000088e+03 1.958348630720000074e+03 1.958353003219999891e+03 1.958357340739999927e+03 1.958361643279999953e+03 1.958365910839999970e+03 1.958370144739999887e+03 1.958374342999999953e+03 1.958378507599999921e+03 1.958382637220000106e+03 1.958386733179999965e+03 1.958390794160000041e+03 1.958394820819999950e+03 1.958398813819999987e+03 1.958402772500000083e+03 1.958406697520000080e+03 1.958410588219999909e+03 1.958414445260000093e+03 1.958418268639999951e+03 1.958422057700000096e+03 1.958425813759999983e+03 1.958429536159999998e+03 1.958433224240000072e+03 1.958436879979999958e+03 1.958440501399999903e+03 1.958444090479999886e+03 1.958447645899999998e+03 1.958451167660000010e+03 1.958454657080000061e+03 1.958458112840000013e+03
2.047146696368600033e+03 2.047146849712999938e+03 2.047147002714199971e+03 2.047147155378800107e+03 2.047147307706799893e+03 2.047147459717999936e+03 2.047147611405800035e+03 2.047147762783399912e+03 2.047147913857399999e+03 2.047148064641000019e+03 2.047148215127599997e+03 2.047148365330400111e+03 2.047148515262600085e+03 2.047148664924199920e+03 2.047148814321800046e+03 2.047148963461999983e+03 2.047149112357999911e+03 2.047149261009800057e+03 2.047149409423999941e+03 2.047149557613799971e+03 2.047149705572599942e+03 2.047149853320200009e+03 2.047150000863199921e+03 2.047150148201599904e+03 2.047150295341999936e+03 2.047150442290999990e+03 2.047150589061800019e+03 2.047150735654400023e+03 2.047150882075399977e+03 2.047151028331400084e+03 2.047151174435600069e+03 2.047151320381399955e+03 2.047151466188599898e+03 2.047151611857199896e+03 2.047151757393799926e+03 2.047151902798399988e+03 2.047152048090800008e+03 2.047152193264400012e+03 2.047152338332399950e+03 2.047152483294800049e+03 2.047152628164800035e+03 2.047152772942399906e+03 2.047152917634200094e+03 2.047153062246799891e+03 2.047153206793399931e+03 2.047153351260800036e+03 2.047153495675400109e+03 2.047153640023999969e+03 2.047153784326400000e+03 2.047153928582599974e+03
1.780454877979999992e+03 1.780469908159999932e+03 1.780484831419999864e+03 1.780499648420000085e+03 1.780514358500000071e+03 1.780528961660000050e+03 1.780543459219999932e+03 1.780557849860000033e+03 1.780572134900000037e+03 1.780586314339999944e+03 1.780600386860000071e+03 1.780614354439999943e+03 1.780628216419999944e+03 1.780641972800000076e+03 1.780655623579999883e+03 1.780669170079999958e+03 1.780682610979999936e+03 1.780695946939999885e+03 1.780709178619999875e+03 1.780722306019999905e+03 1.780735329139999976e+03 1.780748247320000019e+03 1.780761062540000012e+03 1.780773773480000045e+03 1.780786380799999961e+03 1.780798885160000054e+03 1.780811286560000099e+03 1.780823584340000025e+03 1.780835779819999971e+03 1.780847872340000094e+03 1.780859862560000010e+03 1.780871751140000015e+03 1.780883537420000039e+03 1.780895222059999924e+03 1.780906805059999897e+03 1.780918287080000027e+03 1.780929668120000088e+03 1.780940948179999850e+03 1.780952127259999997e+03 1.780963206679999985e+03 1.780974185119999902e+03 1.780985064559999955e+03 1.780995843680000007e+03 1.781006523139999899e+03 1.781017103599999928e+03 1.781027585060000092e+03 1.781037967519999938e+03 1.781048251639999989e+03 1.781058436759999950e+03 1.781068524199999956e+03
1.866872839939999949e+03 1.866890246120000029e+03 1.866907556600000134e+03 1.866924772699999949e+03 1.866941894419999926e+03 1.866958923079999977e+03 1.866975858679999874e+03 1.866992702539999982e+03 1.867009454660000074e+03 1.867026115699999991e+03 1.867042686320000030e+03 1.867059167840000100e+03 1.867075559599999906e+03 1.867091862920000040e+03 1.867108078459999888e+03 1.867124206219999905e+03 1.867140246859999934e+03 1.867156201040000042e+03 1.867172070079999912e+03 1.867187852660000090e+03 1.867203550760000098e+03 1.867219164379999938e+03 1.867234693520000064e+03 1.867250139499999932e+03 1.867265502319999996e+03 1.867280782640000098e+03 1.867295980460000010e+03 1.867311096440000028e+03 1.867326130579999926e+03 1.867341084200000068e+03 1.867355956639999931e+03 1.867370749220000107e+03 1.867385461280000072e+03 1.867400093479999896e+03 1.867414647139999943e+03 1.867429120940000075e+03 1.867443516860000045e+03 1.867457833579999942e+03 1.867472073079999973e+03 1.867486234039999999e+03 1.867500317779999932e+03 1.867514323639999930e+03 1.867528252940000129e+03 1.867542105020000008e+03 1.867555881199999931e+03 1.867569580820000056e+03 1.867583203879999928e+03 1.867596751040000072e+03 1.867610222960000101e+03 1.867623618979999947e+03
1.602667608980000068e+03 1.602692536519999976e+03 1.602717286520000016e+03 1.602741858979999961e+03 1.602766254560000107e+03 1.602790473259999999e+03 1.602814515080000092e+03 1.602838380680000000e+03 1.602862070059999951e+03 1.602885583219999944e+03 1.602908920820000048e+03 1.602932082860000037e+03 1.602955069999999978e+03 1.602977881580000030e+03 1.603000518920000104e+03 1.603022981359999903e+03 1.603045269559999952e+03 1.603067384179999863e+03 1.603089324560000023e+03 1.603111092019999887e+03 1.603132686559999911e+03 1.603154107520000025e+03 1.603175356879999981e+03 1.603196433980000165e+03 1.603217338819999895e+03 1.603238072059999922e+03 1.603258634360000087e+03 1.603279025719999936e+03 1.603299246799999992e+03 1.603319297600000027e+03 1.603339178120000042e+03 1.603358889679999947e+03 1.603378431619999901e+03 1.603397805260000041e+03 1.603417009940000071e+03 1.603436046979999901e+03 1.603454916379999986e+03 1.603473617480000030e+03 1.603492152260000012e+03 1.603510520719999931e+03 1.603528722199999947e+03 1.603546758019999970e+03 1.603564628180000000e+03 1.603582333339999877e+03 1.603599873500000058e+03 1.603617248659999859e+03 1.603634460140000101e+03 1.603651507940000101e+03 1.603668392059999860e+03 1.603685112500000059e+03
1.686604212499999903e+03 1.686638883619999888e+03 1.686673363339999923e+03 1.686707653639999990e+03 1.686741754520000086e+03 1.686775669280000102e+03 1.686809397259999969e+03 1.686842940439999893e+03 1.686876300800000081e+03 1.686909478340000078e+03 1.686942474380000021e+03 1.686975290899999891e+03 1.687007929220000051e+03 1.687040388679999978e+03 1.687072672580000017e+03 1.687104780260000098e+03 1.687136713699999973e+03 1.687168474220000007e+03 1.687200061819999974e+03 1.687231478480000078e+03 1.687262724199999866e+03 1.687293800959999999e+03 1.687324708760000021e+03 1.687355449579999913e+03 1.687386022760000060e+03 1.687416430940000055e+03 1.687446673460000056e+03 1.687476751639999975e+03 1.687506666799999948e+03 1.687536419600000045e+03 1.687566010040000037e+03 1.687595439440000064e+03 1.687624708459999965e+03 1.687653817760000038e+03 1.687682767340000055e+03 1.687711559179999995e+03 1.687740192620000016e+03 1.687768669640000098e+03 1.687796989579999945e+03 1.687825153759999921e+03 1.687853162180000027e+03 1.687881015500000103e+03 1.687908714379999992e+03 1.687936259479999990e+03 1.687963650799999868e+03 1.687990889659999993e+03 1.688017975400000068e+03 1.688044908679999935e+03 1.688071690819999958e+03 1.688098321819999910e+03
1.424904242540000041e+03 1.424939033780000045e+03 1.424973578180000004e+03 1.425007875740000145e+03 1.425041926460000013e+03 1.425075731660000201e+03 1.425109290020000117e+03 1.425142603520000193e+03 1.425175671500000135e+03 1.425208494620000010e+03 1.425241072880000047e+03 1.425273407599999928e+03 1.425305498120000038e+03 1.425337345099999993e+03 1.425368949199999861e+03 1.425400311079999938e+03 1.425431430080000155e+03 1.425462306859999899e+03 1.425492942739999989e+03 1.425523337059999903e+03 1.425553491140000006e+03 1.425583404980000068e+03 1.425613078580000092e+03 1.425642513259999987e+03 1.425671708359999911e+03 1.425700665200000003e+03 1.425729384440000103e+03 1.425757865420000144e+03 1.425786110120000103e+03 1.425814117219999844e+03 1.425841888700000027e+03 1.425869424559999970e+03 1.425896724799999902e+03 1.425923790079999890e+03 1.425950621060000003e+03 1.425977219060000152e+03 1.426003582759999972e+03 1.426029714140000124e+03 1.426055612540000084e+03 1.426081279940000059e+03 1.426106715020000138e+03 1.426131919760000073e+03 1.426156893500000024e+03 1.426181637560000127e+03 1.426206151939999927e+03 1.426230436639999880e+03 1.426254493639999964e+03 1.426278321620000042e+03 1.426301921900000025e+03 1.426325295139999980e+03
1.506341697979999935e+03 1.506393666380000013e+03 1.506445347020000099e+03 1.506496740560000035e+03 1.506547850299999936e+03 1.506598676900000100e+03 1.506649222340000051e+03 1.506699489919999905e+03 1.506749479640000118e+03 1.506799194799999896e+03 1.506848636059999990e+03 1.506897806059999994e+03 1.506946706120000044e+03 1.506995337560000053e+03 1.507043703020000066e+03 1.507091803159999927e+03 1.507139639960000068e+03 1.507187215400000014e+03 1.507234530140000061e+03 1.507281586159999961e+03 1.507328385440000147e+03 1.507374928640000007e+03 1.507421217080000133e+03 1.507467252739999822e+03 1.507513036939999893e+03 1.507558571000000029e+03 1.507603855580000072e+03 1.507648892000000160e+03 1.507693682239999816e+03 1.507738227620000089e+03 1.507782528140000068e+03 1.507826585119999891e+03 1.507870400539999991e+03 1.507913975059999984e+03 1.507957309339999938e+03 1.508000405360000059e+03 1.508043262459999823e+03 1.508085883279999962e+03 1.508128267159999950e+03 1.508170416740000064e+03 1.508212331360000007e+03 1.508254012339999917e+03 1.508295460999999932e+03 1.508336677339999824e+03 1.508377662020000116e+03 1.508418417020000106e+03 1.508458941679999953e+03 1.508499237320000020e+03 1.508539304599999923e+03 1.508579143519999889e+03
1.247160983000000215e+03 1.247205605600000126e+03 1.247249911399999974e+03 1.247293900399999984e+03 1.247337572599999930e+03 1.247380934599999819e+03 1.247423979799999870e+03 1.247466708200000085e+03 1.247509126400000014e+03 1.247551234399999885e+03 1.247593025600000146e+03 1.247634506599999895e+03 1.247675677400000041e+03 1.247716537999999900e+03 1.247757081799999924e+03 1.247797321999999895e+03 1.247837252000000035e+03 1.247876871800000117e+03 1.247916181399999914e+03 1.247955187400000113e+03 1.247993883199999800e+03 1.248032268800000111e+03 1.248070357399999921e+03 1.248108129199999894e+03 1.248145603999999821e+03 1.248182775199999924e+03 1.248219636199999968e+03 1.248256200199999967e+03 1.248292453999999907e+03 1.248328410800000029e+03 1.248364063999999871e+03 1.248399420199999895e+03 1.248434472800000094e+03 1.248469221800000014e+03 1.248503673799999888e+03 1.248537828800000170e+03 1.248571686799999952e+03 1.248605241199999909e+03 1.248638505200000054e+03 1.248671465599999920e+03 1.248704135599999972e+03 1.248736508599999979e+03 1.248768584599999940e+03 1.248800370200000089e+03 1.248831858799999964e+03 1.248863057000000026e+03 1.248893958200000043e+03 1.248924568999999792e+03 1.248954889399999956e+03 1.248984919399999853e+03
1.326101952799999935e+03 1.326171259400000054e+03 1.326240176600000041e+03 1.326308704399999897e+03 1.326376856000000089e+03 1.326444618199999923e+03 1.326512010800000098e+03 1.326579027199999928e+03 1.326645667400000093e+03 1.326711944600000152e+03 1.326777845600000092e+03 1.326843383599999925e+03 1.326908558600000106e+03 1.326973377199999959e+03 1.327037832799999933e+03 1.327101932000000033e+03 1.327165681400000040e+03 1.327229074399999945e+03 1.327292117599999983e+03 1.327354811000000154e+03 1.327417161200000010e+03 1.327479168200000004e+03 1.327540825399999903e+03 1.327602152599999954e+03 1.327663136600000144e+03 1.327723784000000023e+03 1.327784094799999821e+03 1.327844075599999996e+03 1.327903726399999869e+03 1.327963040600000113e+03 1.328022031399999833e+03 1.328080692199999930e+03 1.328139029599999958e+03 1.328197043600000143e+03 1.328254734199999803e+03 1.328312108000000080e+03 1.328369158400000060e+03 1.328425891999999976e+03 1.328482308799999828e+03 1.328538408800000070e+03 1.328594192000000021e+03 1.328649664999999914e+03 1.328704821199999969e+03 1.328759673799999973e+03 1.328814209599999913e+03 1.328868435200000022e+03 1.328922357200000079e+03 1.328975975599999856e+03 1.329029283800000030e+03 1.329082281800000146e+03
1.069453138399999943e+03 1.069507555400000001e+03 1.069561583000000155e+03 1.069615227799999957e+03 1.069668489799999861e+03 1.069721375600000101e+03 1.069773871999999983e+03 1.069825992200000201e+03 1.069877729599999839e+03 1.069929090800000040e+03 1.069980069199999889e+03 1.070030664800000068e+03 1.070080890799999906e+03 1.070130734000000075e+03 1.070180201000000125e+03 1.070229298400000062e+03 1.070278013000000101e+03 1.070326357999999800e+03 1.070374326799999835e+03 1.070421919399999979e+03 1.070469142400000010e+03 1.070515995799999928e+03 1.070562472999999954e+03 1.070608580600000096e+03 1.070654318599999897e+03 1.070699687000000040e+03 1.070744685800000070e+03 1.070789321599999994e+03 1.070833581200000026e+03 1.070877484399999958e+03 1.070921011399999998e+03 1.070964181999999937e+03 1.071006982999999991e+03 1.071049414399999932e+03 1.071091489400000000e+03 1.071133201399999962e+03 1.071174550400000044e+03 1.071215536400000019e+03 1.071256159399999888e+03 1.071296425999999883e+03 1.071336329599999999e+03 1.071375876800000015e+03 1.071415061000000151e+03 1.071453895399999965e+03 1.071492366800000127e+03 1.071530481799999961e+03 1.071568240399999922e+03 1.071605636000000004e+03 1.071642688400000225e+03 1.071679377800000111e+03
1.145883349400000043e+03 1.145970060199999807e+03 1.146056282600000031e+03 1.146142010000000028e+03 1.146227262200000041e+03 1.146312032599999839e+03 1.146396321199999875e+03 1.146480141200000162e+03 1.146563486000000012e+03 1.146646368799999891e+03 1.146728783000000021e+03 1.146810735199999954e+03 1.146892225399999916e+03 1.146973260199999913e+03 1.147053846199999953e+03 1.147133976799999800e+03 1.147213665199999923e+03 1.147292904800000088e+03 1.147371702200000072e+03 1.147450057399999878e+03 1.147527977000000192e+03 1.147605467599999884e+03 1.147682516000000078e+03 1.147759141999999883e+03 1.147835338999999976e+03 1.147911106999999902e+03 1.147986452600000121e+03 1.148061375799999951e+03 1.148135883200000080e+03 1.148209974800000055e+03 1.148283650599999874e+03 1.148356917199999998e+03 1.148429767999999967e+03 1.148502209600000015e+03 1.148574248599999919e+03 1.148645878400000129e+03 1.148717105599999968e+03 1.148787936799999898e+03 1.148858365399999911e+03 1.148928391399999782e+03 1.148998027999999977e+03 1.149067262000000028e+03 1.149136106599999948e+03 1.149204561800000192e+03 1.149272621000000072e+03 1.149340290800000048e+03 1.149407577800000126e+03 1.149474475399999847e+03 1.149540990199999897e+03 1.149607115599999815e+03
8.917924706000001152e+02 8.918566423999998278e+02 8.919203653999998096e+02 8.919836396000000605e+02 8.920464650000001257e+02 8.921088349999999991e+02 8.921707627999999204e+02 8.922322418000001107e+02 8.922932719999998881e+02 8.923538600000001679e+02 8.924140058000000408e+02 8.924737027999999555e+02 8.925329576000001452e+02 8.925917702000001555e+02 8.926501405999999861e+02 8.927080687999998645e+02 8.927655547999997907e+02 8.928226051999999981e+02 8.928792134000000260e+02 8.929353859999998804e+02 8.929911229999997886e+02 8.930464243999999780e+02 8.931012901999999940e+02 8.931557137999998304e+02 8.932097083999999541e+02 8.932632740000001377e+02 8.933163973999999143e+02 8.933690983999999844e+02 8.934213638000001083e+02 8.934731936000000587e+02 8.935246010000000751e+02 8.935755793999999241e+02 8.936261222000000544e+02 8.936762426000000232e+02 8.937259340000000520e+02 8.937752029999999195e+02 8.938240430000000742e+02 8.938724606000000676e+02 8.939204491999998936e+02 8.939680220000000190e+02 8.940151657999999770e+02 8.940618872000000010e+02 8.941081862000000910e+02 8.941540628000000197e+02 8.941995170000000144e+02 8.942445553999998538e+02 8.942891714000002139e+02 8.943333649999999579e+02 8.943771428000000014e+02 8.944205047999998897e+02
9.656936804000001757e+02 9.657978944000001320e+02 9.659015143999999964e+02 9.660045403999999962e+02 9.661069790000001376e+02 9.662088367999999718e+02 9.663101138000001811e+02 9.664108100000000832e+02 9.665109386000001450e+02 9.666104996000001393e+02 9.667094930000000659e+02 9.668079253999999310e+02 9.669057968000001893e+02 9.670031137999999373e+02 9.670998830000000908e+02 9.671961043999999674e+02 9.672917846000000281e+02 9.673869170000000395e+02 9.674815148000000136e+02 9.675755780000001778e+02 9.676691065999998500e+02 9.677621137999999519e+02 9.678545864000000165e+02 9.679465441999998347e+02 9.680379740000000766e+02 9.681288956000000780e+02 9.682192958000000544e+02 9.683091878000000179e+02 9.683985715999999684e+02 9.684874537999999120e+02 9.685758278000000701e+02 9.686637001999999939e+02 9.687510775999999169e+02 9.688379534000000604e+02 9.689243407999999818e+02 9.690102332000001297e+02 9.690956372000000556e+02 9.691805527999999867e+02 9.692649865999999292e+02 9.693489386000001105e+02 9.694324088000000756e+02 9.695153972000000522e+02 9.695979104000000461e+02 9.696799484000000575e+02 9.697615178000000924e+02 9.698426119999999173e+02 9.699232375999999931e+02 9.700033946000000924e+02 9.700830829999999878e+02 9.701623094000001402e+02
7.141940804000000753e+02 7.142680070000001251e+02 7.143414121999999224e+02 7.144142960000001494e+02 7.144866716000001361e+02 7.145585258000000977e+02 7.146298718000000463e+02 7.147007029999999759e+02 7.147710193999998864e+02 7.148408276000000114e+02 7.149101210000001174e+02 7.149789127999999891e+02 7.150471897999998419e+02 7.151149586000001364e+02 7.151822257999999692e+02 7.152489782000000105e+02 7.153152356000000509e+02 7.153809847999998510e+02 7.154462324000000990e+02 7.155109718000001067e+02 7.155752161999998862e+02 7.156389589999998861e+02 7.157022001999998793e+02 7.157649463999998716e+02 7.158271910000000844e+02 7.158889406000000690e+02 7.159501886000000468e+02 7.160109482000000298e+02 7.160712062000000060e+02 7.161309757999999874e+02 7.161902503999999681e+02 7.162490299999999479e+02 7.163073145999999269e+02 7.163651174000001447e+02 7.164224186000001282e+02 7.164792379999998957e+02 7.165355624000001171e+02 7.165913983999998891e+02 7.166467525999998998e+02 7.167016117999999096e+02 7.167559891999999309e+02 7.168098715999999513e+02 7.168632721999999831e+02 7.169161910000000262e+02 7.169686214000000746e+02 7.170205633999999009e+02 7.170720169999999598e+02 7.171229954000000362e+02 7.171734854000001178e+02 7.172234869999999773e+02
7.855340876000000208e+02 7.856559434000000692e+02 7.857770930000001499e+02 7.858975430000000415e+02 7.860172999999999774e+02 7.861363639999999577e+02 7.862547481999999945e+02 7.863724459999998544e+02 7.864894706000000042e+02 7.866058153999999831e+02 7.867215002000000368e+02 7.868365118000001530e+02 7.869508699999998953e+02 7.870645748000001731e+02 7.871776196000000709e+02 7.872900176000000556e+02 7.874017754000001332e+02 7.875128930000000764e+02 7.876233704000001126e+02 7.877332208000000264e+02 7.878424376000000393e+02 7.879510273999999299e+02 7.880589967999999317e+02 7.881663524000000507e+02 7.882730876000000535e+02 7.883792155999999522e+02 7.884847297999999682e+02 7.885896433999998862e+02 7.886939563999999336e+02 7.887976688000001104e+02 7.889007871999999679e+02 7.890033115999999609e+02 7.891052485999998680e+02 7.892065981999999167e+02 7.893073669999998856e+02 7.894075483999999960e+02 7.895071556000000328e+02 7.896061885999999959e+02 7.897046540000001187e+02 7.898025451999999405e+02 7.898998688000001493e+02 7.899966247999998359e+02 7.900928197999999156e+02 7.901884604000001673e+02 7.902835399999999026e+02 7.903780586000000312e+02 7.904720294000001104e+02 7.905654524000001402e+02 7.906583209999998871e+02 7.907506484000000455e+02
5.366876479999998537e+02 5.367713426000000254e+02 5.368544564000001174e+02 5.369369894000001295e+02 5.370189349999998285e+02 5.371002997999999025e+02 5.371810837999998967e+02 5.372612870000000385e+02 5.373409159999998792e+02 5.374199642000000949e+02 5.374984382000000096e+02 5.375763314000000719e+02 5.376536570000000665e+02 5.377304083999999875e+02 5.378065856000000622e+02 5.378821952000000692e+02 5.379572306000000026e+02 5.380316984000000957e+02 5.381055986000001212e+02 5.381789312000000791e+02 5.382517027999999755e+02 5.383239002000000255e+02 5.383955366000000140e+02 5.384666119999999410e+02 5.385371264000000338e+02 5.386070732000000589e+02 5.386764590000000226e+02 5.387452838000001520e+02 5.388135541999999987e+02 5.388812636000000111e+02 5.389484119999999621e+02 5.390149994000000788e+02 5.390810389999999188e+02 5.391465109999999186e+02 5.392114351999998689e+02 5.392757983999999851e+02 5.393396138000000519e+02 5.394028682000000572e+02 5.394655682000000070e+02 5.395277138000001287e+02 5.395893049999999675e+02 5.396503483999999844e+02 5.397108307999999397e+02 5.397707653999998456e+02 5.398301455999999234e+02 5.398889713999999458e+02 5.399472494000001461e+02 5.400049664000000575e+02 5.400621356000001470e+02 5.401187503999999535e+02
6.054097916000000623e+02 6.055494673999999122e+02 6.056883181999999124e+02 6.058263637999998537e+02 6.059636041999999634e+02 6.061000460000000203e+02 6.062356958000000304e+02 6.063705469999999877e+02 6.065046193999999105e+02 6.066379130000000259e+02 6.067704278000001068e+02 6.069021769999999378e+02 6.070331540000001951e+02 6.071633719999999812e+02 6.072928375999999844e+02 6.074215508000002046e+02 6.075495115999999598e+02 6.076767332000001716e+02 6.078032155999999304e+02 6.079289654000001519e+02 6.080539825999999266e+02 6.081782738000001700e+02 6.083018455999999787e+02 6.084246980000000349e+02 6.085468376000001172e+02 6.086682710000000043e+02 6.087889981999999236e+02 6.089090258000001086e+02 6.090283471999998710e+02 6.091469822000001386e+02 6.092649241999999958e+02 6.093821798000001309e+02 6.094987556000000950e+02 6.096146516000001156e+02 6.097298677999999654e+02 6.098444173999998839e+02 6.099582871999998588e+02 6.100715036000001419e+02 6.101840468000000328e+02 6.102959366000000045e+02 6.104071664000000510e+02 6.105177427999999509e+02 6.106276723999999376e+02 6.107369486000000052e+02 6.108455846000001657e+02 6.109535738000001857e+02 6.110609293999998499e+02 6.111676448000000619e+02 6.112737266000001455e+02 6.113791747999998734e+02
3.592563170000000810e+02 3.593498323999999684e+02 3.594426812000001519e+02 3.595348897999999735e+02 3.596264383999998699e+02 3.597173402000000806e+02 3.598075951999999234e+02 3.598972034000000804e+02 3.599861647999998695e+02 3.600744793999999729e+02 3.601621537999999418e+02 3.602491813999999977e+02 3.603355687999999191e+02 3.604213226000001669e+02 3.605064296000000468e+02 3.605909030000000257e+02 3.606747428000001037e+02 3.607579424000000472e+02 3.608405084000000898e+02 3.609224408000000039e+02 3.610037396000000172e+02 3.610844048000001294e+02 3.611644430000001194e+02 3.612438475999999810e+02 3.613226251999999477e+02 3.614007692000000134e+02 3.614782861999999568e+02 3.615551828000000114e+02 3.616314457999999377e+02 3.617070817999999690e+02 3.617820908000001054e+02 3.618564793999998983e+02 3.619302410000000236e+02 3.620033755999997993e+02 3.620758832000001348e+02 3.621477703999998994e+02 3.622190372000000025e+02 3.622896703999999772e+02 3.623596897999998419e+02 3.624290822000000389e+02 3.624978476000001137e+02 3.625659925999998450e+02 3.626335105999999087e+02 3.627004016000000775e+02 3.627666722000001300e+02 3.628323224000000664e+02 3.628973390000001018e+02 3.629617352000000210e+02 3.630254977999998118e+02 3.630886399999999412e+02
4.253394968000000063e+02 4.254971839999998338e+02 4.256539471999999478e+02 4.258097797999998875e+02 4.259647015999998985e+02 4.261187060000002020e+02 4.262718061999999009e+02 4.264240088000001379e+02 4.265753071999999975e+02 4.267257211999999527e+02 4.268752508000002308e+02 4.270239025999999285e+02 4.271716765999999552e+02 4.273185794000000897e+02 4.274646241999998892e+02 4.276098110000000361e+02 4.277541398000000754e+02 4.278976238000000194e+02 4.280402630000000954e+02 4.281820573999998487e+02 4.283230267999999796e+02 4.284631646000000273e+02 4.286024773999999979e+02 4.287409718000001249e+02 4.288786543999999594e+02 4.290155251999999564e+02 4.291515841999998884e+02 4.292868512000000010e+02 4.294213129999998273e+02 4.295549893999998403e+02 4.296878737999998066e+02 4.298199794000001930e+02 4.299512996000000840e+02 4.300818475999999464e+02 4.302116234000000077e+02 4.303406336000000465e+02 4.304688781999998355e+02 4.305963572000000568e+02 4.307230904000000464e+02 4.308490646000000197e+02 4.309742929999999888e+02 4.310987755999999536e+02 4.312225123999999141e+02 4.313455166000001100e+02 4.314677815999998529e+02 4.315893206000000646e+02 4.317101269999998294e+02 4.318302139999998417e+02 4.319495750000000953e+02 4.320682166000001416e+02
1.819070305999998709e+02 1.820103998000001866e+02 1.821130496000000676e+02 1.822149800000001960e+02 1.823161844000001111e+02 1.824166694000000462e+02 1.825164350000000013e+02 1.826154811999999765e+02 1.827138145999999779e+02 1.828114285999999993e+02 1.829083364000000529e+02 1.830045248000001266e+02 1.831000070000000051e+02 1.831947764000001371e+02 1.832888396000000739e+02 1.833821966000000430e+02 1.834748474000000442e+02 1.835667854000000716e+02 1.836580237999999099e+02 1.837485626000000138e+02 1.838383885999999166e+02 1.839275216000000910e+02 1.840159484000000703e+02 1.841036756000000878e+02 1.841906966000001376e+02 1.842770246000000043e+02 1.843626530000001367e+02 1.844475818000000800e+02 1.845318110000000615e+02 1.846153406000000814e+02 1.846981705999999122e+02 1.847803076000000146e+02 1.848617450000001554e+02 1.849424828000001071e+02 1.850225275999998757e+02 1.851018727999999101e+02 1.851805183999999826e+02 1.852584644000000935e+02 1.853357174000000214e+02 1.854122642000002088e+02 1.854881179999999858e+02 1.855632656000000225e+02 1.856377201999998761e+02 1.857114685999999892e+02 1.857845107999999072e+02 1.858568534000000909e+02 1.859284963999998581e+02 1.859994265999998788e+02 1.860696571999999378e+02 1.861391750000000229e+02
2.453103463999998439e+02 2.454863288000001376e+02 2.456612617999999202e+02 2.458351651999998921e+02 2.460080324000000473e+02 2.461798699999999371e+02 2.463506846000000223e+02 2.465204893999998603e+02 2.466892843999999059e+02 2.468570761999999377e+02 2.470238714000001892e+02 2.471896699999999782e+02 2.473544851999999992e+02 2.475183236000000306e+02 2.476811852000000727e+02 2.478430831999999100e+02 2.480040175999999974e+02 2.481639884000001075e+02 2.483230154000000311e+02 2.484810919999999896e+02 2.486382247999999890e+02 2.487944270000000415e+02 2.489496985999999197e+02 2.491040462000000844e+02 2.492574764000000869e+02 2.494099891999999272e+02 2.495615911999998389e+02 2.497122890000000552e+02 2.498620891999999003e+02 2.500109984000000622e+02 2.501590166000000863e+02 2.503061503999999786e+02 2.504523997999999665e+02 2.505977779999998347e+02 2.507422916000000441e+02 2.508859273999999004e+02 2.510287117999998827e+02 2.511706315999999788e+02 2.513117065999999795e+02 2.514519302000001062e+02 2.515913089999999102e+02 2.517298430000000735e+02 2.518675453999999263e+02 2.520044162000001506e+02 2.521404619999998431e+02 2.522756827999999132e+02 2.524100852000001396e+02 2.525436692000000676e+02 2.526764414000001580e+02 2.528084017999999560e+02
