2.021745370000000008e+01 2.048209140000000161e+01 2.074672569999999894e+01 2.101135700000000028e+01 2.127598580000000084e+01 2.154061250000000172e+01 2.180523760000000166e+01 2.206986159999999941e+01 2.233448489999999964e+01 2.259910800000000108e+01 2.286373139999999893e+01 2.312835559999999901e+01 2.339298090000000130e+01 2.365760789999999858e+01 2.392223699999999909e+01 2.418686870000000155e+01 2.445150340000000000e+01 2.471614160000000027e+01 2.498078369999999993e+01 2.524543020000000126e+01 2.551008149999999830e+01 2.577473820000000160e+01 2.603940049999999928e+01 2.630406909999999954e+01 2.656874429999999876e+01 2.683342659999999924e+01 2.709811639999999855e+01 2.736281419999999898e+01 2.762752040000000164e+01 2.789223550000000174e+01 2.815695990000000037e+01 2.842169399999999868e+01 2.868643840000000012e+01 2.895119349999999869e+01 2.921595960000000147e+01 2.948073730000000126e+01 2.974552699999999916e+01 3.001032909999999987e+01 3.027514409999999856e+01 3.053997250000000108e+01 3.080481460000000027e+01 3.106967099999999959e+01 3.133454210000000018e+01 3.159942829999999958e+01 3.186433010000000010e+01 3.212924799999999692e+01 3.239418229999999710e+01 3.265913359999999699e+01 3.292410230000000126e+01 3.318908890000000156e+01
-3.819225079999999939e-01 -1.154157890000000047e-01 1.510401849999999935e-01 4.174462170000000083e-01 6.838031020000000515e-01 9.501116309999999565e-01 1.216372589999999976e+00 1.482586760000000004e+00 1.748754900000000001e+00 2.014877799999999830e+00 2.280956209999999817e+00 2.546990880000000068e+00 2.812982569999999960e+00 3.078932029999999820e+00 3.344839980000000157e+00 3.610707169999999966e+00 3.876534320000000200e+00 4.142322159999999975e+00 4.408071389999999923e+00 4.673782740000000047e+00 4.939456909999999645e+00 5.205094599999999794e+00 5.470696489999999912e+00 5.736263290000000126e+00 6.001795679999999855e+00 6.267294330000000357e+00 6.532759920000000164e+00 6.798193109999999706e+00 7.063594570000000239e+00 7.328964960000000417e+00 7.594304929999999842e+00 7.859615119999999955e+00 8.124896180000000356e+00 8.390148760000000649e+00 8.655373470000000680e+00 8.920570950000000110e+00 9.185741820000000502e+00 9.450886699999999863e+00 9.716006209999999754e+00 9.981100950000000083e+00 1.024617150000000088e+01 1.051121850000000002e+01 1.077624259999999978e+01 1.104124430000000068e+01 1.130622420000000083e+01 1.157118280000000077e+01 1.183612089999999917e+01 1.210103890000000071e+01 1.236593749999999936e+01 1.263081709999999980e+01
2.004044590000000170e+01 2.030494690000000091e+01 2.056944460000000063e+01 2.083393960000000078e+01 2.109843220000000130e+01 2.136292299999999855e+01 2.162741249999999837e+01 2.189190100000000072e+01 2.215638909999999839e+01 2.242087719999999962e+01 2.268536569999999841e+01 2.294985519999999823e+01 2.321434610000000021e+01 2.347883889999999951e+01 2.374333389999999966e+01 2.400783159999999938e+01 2.427233259999999859e+01 2.453683720000000079e+01 2.480134590000000117e+01 2.506585919999999845e+01 2.533037739999999971e+01 2.559490110000000129e+01 2.585943059999999960e+01 2.612396650000000164e+01 2.638850910000000027e+01 2.665305899999999895e+01 2.691761640000000000e+01 2.718218200000000095e+01 2.744675610000000177e+01 2.771133920000000117e+01 2.797593159999999912e+01 2.824053389999999908e+01 2.850514649999999861e+01 2.876976979999999884e+01 2.903440429999999850e+01 2.929905030000000110e+01 2.956370839999999944e+01 2.982837900000000175e+01 3.009306249999999849e+01 3.035775930000000145e+01 3.062246999999999986e+01 3.088719479999999962e+01 3.115193430000000063e+01 3.141668900000000164e+01 3.168145910000000143e+01 3.194624530000000107e+01 3.221104789999999696e+01 3.247586739999999850e+01 3.274070420000000325e+01 3.300555880000000286e+01
-5.594465549999999565e-01 -2.931005790000000277e-01 -2.680475289999999927e-02 2.394417219999999957e-01 5.056396399999999458e-01 7.717897879999999766e-01 1.037892950000000036e+00 1.303949889999999945e+00 1.569961390000000012e+00 1.835928210000000060e+00 2.101851100000000194e+00 2.367730830000000175e+00 2.633568120000000068e+00 2.899363730000000139e+00 3.165118380000000009e+00 3.430832810000000066e+00 3.696507729999999992e+00 3.962143869999999790e+00 4.227741929999999648e+00 4.493302619999999692e+00 4.758826639999999664e+00 5.024314679999999811e+00 5.289767430000000381e+00 5.555185569999999906e+00 5.820569790000000410e+00 6.085920739999999718e+00 6.351239109999999854e+00 6.616525550000000422e+00 6.881780710000000134e+00 7.147005250000000309e+00 7.412199809999999722e+00 7.677365039999999752e+00 7.942501560000000183e+00 8.207610020000000617e+00 8.472691030000000012e+00 8.737745220000000756e+00 9.002773210000000859e+00 9.267775600000000225e+00 9.532752999999999588e+00 9.797706019999999683e+00 1.006263520000000078e+01 1.032754130000000004e+01 1.059242470000000047e+01 1.085728609999999961e+01 1.112212609999999913e+01 1.138694519999999955e+01 1.165174400000000077e+01 1.191652309999999915e+01 1.218128309999999992e+01 1.244602440000000065e+01
1.987889840000000063e+01 2.014327550000000144e+01 2.040764959999999917e+01 2.067202109999999848e+01 2.093639040000000051e+01 2.120075810000000160e+01 2.146512459999999933e+01 2.172949039999999954e+01 2.199385589999999979e+01 2.225822159999999883e+01 2.252258790000000133e+01 2.278695529999999891e+01 2.305132419999999982e+01 2.331569520000000040e+01 2.358006860000000060e+01 2.384444480000000155e+01 2.410882450000000077e+01 2.437320790000000059e+01 2.463759549999999976e+01 2.490198790000000173e+01 2.516638530000000173e+01 2.543078829999999968e+01 2.569519740000000141e+01 2.595961279999999860e+01 2.622403519999999943e+01 2.648846490000000031e+01 2.675290229999999880e+01 2.701734790000000075e+01 2.728180220000000133e+01 2.754626550000000051e+01 2.781073830000000058e+01 2.807522110000000026e+01 2.833971430000000069e+01 2.860421819999999826e+01 2.886873339999999999e+01 2.913326019999999872e+01 2.939779920000000146e+01 2.966235070000000107e+01 2.992691519999999983e+01 3.019149300000000125e+01 3.045608479999999929e+01 3.072069069999999869e+01 3.098531140000000050e+01 3.124994720000000115e+01 3.151459859999999935e+01 3.177926599999999979e+01 3.204394990000000121e+01 3.230865060000000000e+01 3.257336860000000200e+01 3.283810439999999886e+01
-7.193958040000000276e-01 -4.531932499999999919e-01 -1.870402979999999937e-01 7.906384769999999507e-02 3.451199759999999950e-01 6.111288689999999635e-01 8.770913059999999595e-01 1.143008060000000103e+00 1.408879879999999973e+00 1.674707549999999934e+00 1.940491799999999989e+00 2.206233389999999961e+00 2.471933050000000076e+00 2.737591520000000056e+00 3.003209529999999905e+00 3.268787790000000193e+00 3.534327030000000036e+00 3.799827960000000004e+00 4.065291280000000285e+00 4.330717680000000236e+00 4.596107869999999984e+00 4.861462529999999838e+00 5.126782340000000104e+00 5.392067970000000265e+00 5.657320109999999680e+00 5.922539399999999787e+00 6.187726520000000008e+00 6.452882119999999944e+00 6.718006840000000146e+00 6.983101330000000218e+00 7.248166239999999760e+00 7.513202180000000396e+00 7.778209799999999952e+00 8.043189720000000875e+00 8.308142549999999460e+00 8.573068909999999931e+00 8.837969409999999471e+00 9.102844649999999760e+00 9.367695239999999757e+00 9.632521770000000316e+00 9.897324839999999568e+00 1.016210500000000039e+01 1.042686289999999971e+01 1.069159909999999947e+01 1.095631410000000017e+01 1.122100849999999994e+01 1.148568299999999986e+01 1.175033789999999989e+01 1.201497400000000049e+01 1.227959180000000039e+01
1.973416599999999832e+01 1.999843219999999988e+01 2.026269549999999953e+01 2.052695629999999838e+01 2.079121519999999990e+01 2.105547250000000048e+01 2.131972880000000004e+01 2.158398449999999968e+01 2.184824000000000055e+01 2.211249589999999898e+01 2.237675249999999849e+01 2.264101039999999898e+01 2.290526990000000040e+01 2.316953159999999912e+01 2.343379579999999862e+01 2.369806309999999883e+01 2.396233379999999968e+01 2.422660850000000110e+01 2.449088749999999948e+01 2.475517130000000066e+01 2.501946029999999865e+01 2.528375499999999931e+01 2.554805590000000137e+01 2.581236330000000123e+01 2.607667770000000118e+01 2.634099949999999879e+01 2.660532919999999990e+01 2.686966719999999853e+01 2.713401389999999935e+01 2.739836980000000111e+01 2.766273530000000136e+01 2.792711080000000123e+01 2.819149679999999947e+01 2.845589370000000073e+01 2.872030189999999905e+01 2.898472190000000026e+01 2.924915400000000076e+01 2.951359880000000047e+01 2.977805659999999932e+01 3.004252789999999962e+01 3.030701300000000131e+01 3.057151259999999837e+01 3.083602679999999907e+01 3.110055630000000093e+01 3.136510140000000035e+01 3.162966249999999846e+01 3.189424010000000109e+01 3.215883459999999872e+01 3.242344640000000311e+01 3.268807610000000352e+01
-8.613919070000000122e-01 -5.953154769999999818e-01 -3.292881670000000205e-01 -6.330918439999999592e-02 2.026222550000000011e-01 4.685069299999999881e-01 7.343456130000000082e-01 1.000139069999999908e+00 1.265888059999999982e+00 1.531593339999999914e+00 1.797255650000000093e+00 2.062875739999999958e+00 2.328454339999999956e+00 2.593992169999999930e+00 2.859489969999999825e+00 3.124948439999999827e+00 3.390368300000000001e+00 3.655750250000000090e+00 3.921094989999999836e+00 4.186403209999999930e+00 4.451675609999999672e+00 4.716912849999999935e+00 4.982115620000000078e+00 5.247284589999999582e+00 5.512420409999999826e+00 5.777523760000000230e+00 6.042595279999999569e+00 6.307635620000000110e+00 6.572645419999999739e+00 6.837625319999999896e+00 7.102575960000000244e+00 7.367497959999999679e+00 7.632391939999999764e+00 7.897258520000000281e+00 8.162098320000000129e+00 8.426911940000000101e+00 8.691699990000000042e+00 8.956463060000000809e+00 9.221201750000000530e+00 9.485916639999999234e+00 9.750608330000000379e+00 1.001527740000000044e+01 1.027992440000000052e+01 1.054454999999999920e+01 1.080915459999999939e+01 1.107373890000000038e+01 1.133830339999999914e+01 1.160284869999999913e+01 1.186737530000000085e+01 1.213188380000000066e+01
1.960636540000000139e+01 1.987053339999999935e+01 2.013469860000000011e+01 2.039886149999999887e+01 2.066302250000000029e+01 2.092718209999999956e+01 2.119134079999999898e+01 2.145549899999999965e+01 2.171965709999999916e+01 2.198381570000000096e+01 2.224797519999999906e+01 2.251213600000000170e+01 2.277629860000000050e+01 2.304046340000000015e+01 2.330463089999999937e+01 2.356880149999999929e+01 2.383297569999999865e+01 2.409715389999999857e+01 2.436133650000000017e+01 2.462552409999999981e+01 2.488971700000000098e+01 2.515391569999999888e+01 2.541812050000000056e+01 2.568233210000000000e+01 2.594655069999999952e+01 2.621077689999999905e+01 2.647501109999999969e+01 2.673925360000000140e+01 2.700350500000000054e+01 2.726776560000000060e+01 2.753203590000000034e+01 2.779631630000000087e+01 2.806060730000000092e+01 2.832490930000000162e+01 2.858922270000000054e+01 2.885354789999999880e+01 2.911788539999999870e+01 2.938223560000000134e+01 2.964659890000000075e+01 2.991097579999999923e+01 3.017536660000000026e+01 3.043977179999999905e+01 3.070419190000000143e+01 3.096862720000000024e+01 3.123307820000000135e+01 3.149754529999999875e+01 3.176202899999999829e+01 3.202652960000000348e+01 3.229104749999999768e+01 3.255558330000000211e+01
-9.860500970000000143e-01 -7.200828999999999702e-01 -4.541643960000000257e-01 -1.882937970000000127e-01 7.752967750000000491e-02 3.433068009999999948e-01 6.090383419999999548e-01 8.747250610000000259e-01 1.140367710000000034e+00 1.405967039999999946e+00 1.671523799999999893e+00 1.937038709999999941e+00 2.202512510000000034e+00 2.467945920000000015e+00 2.733339650000000010e+00 2.998694420000000083e+00 3.264010929999999977e+00 3.529289879999999879e+00 3.794531969999999976e+00 4.059737870000000193e+00 4.324908269999999888e+00 4.590043839999999875e+00 4.855145249999999635e+00 5.120213180000000364e+00 5.385248260000000009e+00 5.650251169999999767e+00 5.915222540000000251e+00 6.180163010000000234e+00 6.445073230000000208e+00 6.709953819999999958e+00 6.974805410000000094e+00 7.239628620000000403e+00 7.504424079999999719e+00 7.769192379999999787e+00 8.033934130000000451e+00 8.298649949999999720e+00 8.563340419999999398e+00 8.828006139999999391e+00 9.092647700000000555e+00 9.357265679999999364e+00 9.621860659999999399e+00 9.886433209999999860e+00 1.015098389999999995e+01 1.041551330000000064e+01 1.068002199999999924e+01 1.094451059999999920e+01 1.120897949999999987e+01 1.147342940000000056e+01 1.173786079999999998e+01 1.200227420000000045e+01
1.949560059999999950e+01 1.975968320000000134e+01 2.002376310000000004e+01 2.028784080000000145e+01 2.055191669999999959e+01 2.081599119999999914e+01 2.108006489999999999e+01 2.134413809999999856e+01 2.160821149999999946e+01 2.187228530000000148e+01 2.213636010000000098e+01 2.240043629999999908e+01 2.266451440000000161e+01 2.292859470000000144e+01 2.319267789999999962e+01 2.345676419999999851e+01 2.372085420000000155e+01 2.398494829999999922e+01 2.424904689999999974e+01 2.451315059999999946e+01 2.477725960000000072e+01 2.504137449999999987e+01 2.530549570000000159e+01 2.556962370000000107e+01 2.583375879999999825e+01 2.609790149999999898e+01 2.636205229999999844e+01 2.662621160000000131e+01 2.689037970000000044e+01 2.715455730000000045e+01 2.741874449999999896e+01 2.768294200000000060e+01 2.794715019999999939e+01 2.821136939999999882e+01 2.847560010000000119e+01 2.873984270000000052e+01 2.900409769999999909e+01 2.926836540000000042e+01 2.953264640000000085e+01 2.979694089999999917e+01 3.006124949999999885e+01 3.032557260000000099e+01 3.058991059999999962e+01 3.085426400000000058e+01 3.111863299999999910e+01 3.138301829999999981e+01 3.164742010000000150e+01 3.191183900000000051e+01 3.217627530000000036e+01 3.244072950000000333e+01
-1.093264889999999934e+00 -8.273903030000000491e-01 -5.615640459999999834e-01 -2.957853309999999847e-01 -3.005338230000000055e-02 2.356325689999999862e-01 5.012732850000000129e-01 7.668695220000000257e-01 1.032422029999999991e+00 1.297931549999999934e+00 1.563398819999999967e+00 1.828824580000000033e+00 2.094209530000000097e+00 2.359554409999999880e+00 2.624859920000000013e+00 2.890126759999999795e+00 3.155355639999999795e+00 3.420547249999999817e+00 3.685702270000000169e+00 3.950821390000000211e+00 4.215905280000000310e+00 4.480954599999999566e+00 4.745970029999999618e+00 5.010952220000000068e+00 5.275901819999999631e+00 5.540819479999999686e+00 5.805705839999999895e+00 6.070561539999999923e+00 6.335387200000000441e+00 6.600183450000000285e+00 6.864950920000000067e+00 7.129690209999999695e+00 7.394401949999999779e+00 7.659086720000000348e+00 7.923745150000000237e+00 8.188377819999999474e+00 8.452985319999999803e+00 8.717568240000000301e+00 8.982127170000000049e+00 9.246662680000000023e+00 9.511175350000000250e+00 9.775665749999999932e+00 1.004013439999999946e+01 1.030458199999999991e+01 1.056900899999999943e+01 1.083341590000000032e+01 1.109780340000000010e+01 1.136217189999999988e+01 1.162652199999999958e+01 1.189085430000000088e+01
1.940194959999999824e+01 1.966595960000000076e+01 1.992996700000000132e+01 2.019397209999999987e+01 2.045797560000000104e+01 2.072197770000000006e+01 2.098597910000000155e+01 2.124998009999999837e+01 2.151398119999999992e+01 2.177798290000000137e+01 2.204198549999999912e+01 2.230598970000000136e+01 2.256999580000000094e+01 2.283400430000000014e+01 2.309801549999999892e+01 2.336203009999999836e+01 2.362604839999999840e+01 2.389007080000000016e+01 2.415409779999999884e+01 2.441812990000000028e+01 2.468216740000000087e+01 2.494621090000000052e+01 2.521026080000000036e+01 2.547431750000000150e+01 2.573838140000000152e+01 2.600245299999999915e+01 2.626653269999999907e+01 2.653062089999999884e+01 2.679471819999999838e+01 2.705882490000000118e+01 2.732294140000000127e+01 2.758706820000000093e+01 2.785120570000000129e+01 2.811535429999999991e+01 2.837951449999999909e+01 2.864368669999999995e+01 2.890787130000000005e+01 2.917206880000000169e+01 2.943627959999999888e+01 2.970050399999999868e+01 2.996474260000000100e+01 3.022899569999999869e+01 3.049326380000000114e+01 3.075754729999999881e+01 3.102184670000000111e+01 3.128616219999999970e+01 3.155049449999999922e+01 3.181484379999999845e+01 3.207921060000000324e+01 3.234359539999999811e+01
-1.182934659999999916e+00 -9.171364239999999501e-01 -6.513862089999999938e-01 -3.856832359999999849e-01 -1.200267329999999966e-01 1.455840650000000125e-01 4.111499149999999769e-01 6.766715709999999717e-01 9.421497749999999671e-01 1.207585270000000044e+00 1.472978780000000043e+00 1.738331030000000110e+00 2.003642740000000089e+00 2.268914629999999821e+00 2.534147400000000161e+00 2.799341749999999962e+00 3.064498369999999916e+00 3.329617960000000210e+00 3.594701179999999940e+00 3.859748719999999800e+00 4.124761249999999713e+00 4.389739429999999665e+00 4.654683910000000147e+00 4.919595359999999751e+00 5.184474409999999978e+00 5.449321720000000369e+00 5.714137899999999881e+00 5.978923599999999894e+00 6.243679450000000131e+00 6.508406049999999610e+00 6.773104029999999831e+00 7.037773999999999752e+00 7.302416550000000228e+00 7.567032300000000156e+00 7.831621850000000329e+00 8.096185769999999948e+00 8.360724660000000696e+00 8.625239099999999937e+00 8.889729669999999473e+00 9.154196940000000282e+00 9.418641479999999788e+00 9.683063869999999795e+00 9.947464659999999625e+00 1.021184440000000038e+01 1.047620369999999923e+01 1.074054300000000062e+01 1.100486289999999912e+01 1.126916399999999996e+01 1.153344680000000011e+01 1.179771180000000008e+01
1.932549050000000079e+01 1.958944079999999843e+01 1.985338840000000005e+01 2.011733389999999844e+01 2.038127779999999944e+01 2.064522029999999830e+01 2.090916220000000081e+01 2.117310369999999864e+01 2.143704530000000119e+01 2.170098760000000127e+01 2.196493089999999881e+01 2.222887580000000085e+01 2.249282249999999905e+01 2.275677179999999922e+01 2.302072379999999896e+01 2.328467919999999935e+01 2.354863840000000152e+01 2.381260169999999832e+01 2.407656970000000030e+01 2.434054280000000148e+01 2.460452150000000060e+01 2.486850610000000117e+01 2.513249709999999837e+01 2.539649500000000160e+01 2.566050020000000131e+01 2.592451319999999981e+01 2.618853430000000060e+01 2.645256399999999886e+01 2.671660280000000043e+01 2.698065100000000172e+01 2.724470910000000146e+01 2.750877759999999839e+01 2.777285690000000073e+01 2.803694730000000135e+01 2.830104940000000013e+01 2.856516360000000176e+01 2.882929019999999909e+01 2.909342979999999912e+01 2.935758269999999825e+01 2.962174930000000117e+01 2.988593020000000067e+01 3.015012570000000025e+01 3.041433620000000104e+01 3.067856219999999823e+01 3.094280399999999887e+01 3.120706219999999931e+01 3.147133709999999951e+01 3.173562920000000176e+01 3.199993879999999891e+01 3.226426639999999679e+01
-1.254976670000000016e+00 -9.892388629999999683e-01 -7.235488359999999730e-01 -4.579058109999999959e-01 -1.923090209999999967e-01 7.324229479999999626e-02 3.387488909999999964e-01 6.042115139999999496e-01 8.696309049999999541e-01 1.135007799999999900e+00 1.400342919999999935e+00 1.665636990000000095e+00 1.930890730000000000e+00 2.196104839999999836e+00 2.461280019999999791e+00 2.726416969999999829e+00 2.991516369999999814e+00 3.256578919999999933e+00 3.521605280000000171e+00 3.786596129999999949e+00 4.051552140000000080e+00 4.316473949999999782e+00 4.581362229999999869e+00 4.846217620000000004e+00 5.111040759999999850e+00 5.375832299999999897e+00 5.640592859999999931e+00 5.905323069999999674e+00 6.170023549999999801e+00 6.434694920000000096e+00 6.699337779999999576e+00 6.963952749999999803e+00 7.228540419999999855e+00 7.493101389999999640e+00 7.757636250000000011e+00 8.022145599999999988e+00 8.286630009999999658e+00 8.551090059999999937e+00 8.815526330000000854e+00 9.079939380000000781e+00 9.344329789999999747e+00 9.608698119999999676e+00 9.873044919999999891e+00 1.013737069999999996e+01 1.040167620000000070e+01 1.066596170000000043e+01 1.093022790000000022e+01 1.119447530000000057e+01 1.145870449999999963e+01 1.172291590000000028e+01
1.926626690000000153e+01 1.953017039999999938e+01 1.979407139999999998e+01 2.005797030000000092e+01 2.032186749999999975e+01 2.058576349999999877e+01 2.084965869999999910e+01 2.111355370000000065e+01 2.137744879999999981e+01 2.164134449999999887e+01 2.190524140000000131e+01 2.216913969999999878e+01 2.243304009999999948e+01 2.269694289999999981e+01 2.296084859999999850e+01 2.322475770000000139e+01 2.348867050000000134e+01 2.375258759999999825e+01 2.401650929999999917e+01 2.428043620000000047e+01 2.454436869999999971e+01 2.480830720000000156e+01 2.507225210000000004e+01 2.533620399999999862e+01 2.560016309999999962e+01 2.586413010000000057e+01 2.612810530000000142e+01 2.639208909999999975e+01 2.665608200000000139e+01 2.692008450000000153e+01 2.718409690000000012e+01 2.744811969999999945e+01 2.771215330000000066e+01 2.797619810000000129e+01 2.824025470000000126e+01 2.850432329999999936e+01 2.876840449999999905e+01 2.903249870000000143e+01 2.929660630000000054e+01 2.956072770000000105e+01 2.982486330000000052e+01 3.008901360000000125e+01 3.035317900000000080e+01 3.061735990000000029e+01 3.088155679999999847e+01 3.114576999999999884e+01 3.141000000000000014e+01 3.167424730000000110e+01 3.193851210000000052e+01 3.220279500000000183e+01
-1.309321670000000104e+00 -1.043628699999999965e+00 -7.779833210000000054e-01 -5.123847710000000166e-01 -2.468322819999999862e-01 1.867490390000000125e-02 2.841375380000000228e-01 5.495563639999999639e-01 8.149321189999999548e-01 1.080265529999999918e+00 1.345557330000000107e+00 1.610808229999999952e+00 1.876018940000000024e+00 2.141190169999999782e+00 2.406322610000000140e+00 2.671416960000000174e+00 2.936473889999999809e+00 3.201494100000000120e+00 3.466478250000000205e+00 3.731427009999999989e+00 3.996341039999999900e+00 4.261220989999999986e+00 4.526067529999999728e+00 4.790881279999999798e+00 5.055662899999999738e+00 5.320413000000000281e+00 5.585132230000000142e+00 5.849821200000000054e+00 6.114480529999999803e+00 6.379110840000000060e+00 6.643712729999999844e+00 6.908286799999999950e+00 7.172833650000000283e+00 7.437353869999999922e+00 7.701848059999999663e+00 7.966316800000000420e+00 8.230760670000000445e+00 8.495180239999999827e+00 8.759576080000000431e+00 9.023948770000000508e+00 9.288298859999999380e+00 9.552626919999999799e+00 9.816933499999999313e+00 1.008121910000000021e+01 1.034548440000000014e+01 1.060972989999999960e+01 1.087395599999999973e+01 1.113816339999999983e+01 1.140235260000000039e+01 1.166652410000000017e+01
1.922430870000000169e+01 1.948817869999999886e+01 1.975204610000000116e+01 2.001591150000000141e+01 2.027977509999999839e+01 2.054363760000000028e+01 2.080749929999999992e+01 2.107136080000000078e+01 2.133522250000000042e+01 2.159908479999999997e+01 2.186294820000000172e+01 2.212681309999999968e+01 2.239068010000000086e+01 2.265454950000000167e+01 2.291842180000000084e+01 2.318229750000000067e+01 2.344617709999999988e+01 2.371006080000000082e+01 2.397394930000000102e+01 2.423784300000000158e+01 2.450174219999999892e+01 2.476564750000000004e+01 2.502955920000000134e+01 2.529347789999999918e+01 2.555740399999999823e+01 2.582133789999999962e+01 2.608528000000000091e+01 2.634923080000000084e+01 2.661319070000000053e+01 2.687716019999999872e+01 2.714113970000000009e+01 2.740512959999999865e+01 2.766913029999999907e+01 2.793314240000000126e+01 2.819716610000000045e+01 2.846120210000000128e+01 2.872525059999999897e+01 2.898931209999999936e+01 2.925338700000000003e+01 2.951747579999999971e+01 2.978157889999999952e+01 3.004569670000000059e+01 3.030982970000000165e+01 3.057397819999999911e+01 3.083814269999999880e+01 3.110232359999999829e+01 3.136652139999999989e+01 3.163073639999999997e+01 3.189496910000000085e+01 3.215921980000000246e+01
-1.345915189999999928e+00 -1.080251709999999976e+00 -8.146357130000000391e-01 -5.490664240000000529e-01 -2.835430820000000018e-01 -1.806493010000000121e-02 2.473687790000000108e-01 5.127587879999999654e-01 7.781058320000000528e-01 1.043410640000000056e+00 1.308673930000000096e+00 1.573896420000000074e+00 1.839078819999999892e+00 2.104221819999999799e+00 2.369326130000000141e+00 2.634392440000000057e+00 2.899421419999999916e+00 3.164413750000000025e+00 3.429370109999999805e+00 3.694291160000000129e+00 3.959177550000000156e+00 4.224029950000000255e+00 4.488848990000000150e+00 4.753635319999999886e+00 5.018389580000000016e+00 5.283112400000000264e+00 5.547804389999999586e+00 5.812466190000000310e+00 6.077098409999999618e+00 6.341701650000000079e+00 6.606276519999999763e+00 6.870823630000000293e+00 7.135343569999999858e+00 7.399836930000000201e+00 7.664304289999999575e+00 7.928746239999999723e+00 8.193163359999999784e+00 8.457556220000000735e+00 8.721925389999999112e+00 8.986271430000000393e+00 9.250594910000000226e+00 9.514896379999999709e+00 9.779176389999999941e+00 1.004343549999999929e+01 1.030767430000000040e+01 1.057189319999999988e+01 1.083609290000000058e+01 1.110027380000000008e+01 1.136443659999999944e+01 1.162858160000000041e+01
1.919964919999999964e+01 1.946349890000000116e+01 1.972734609999999833e+01 1.999119110000000177e+01 2.025503450000000072e+01 2.051887659999999869e+01 2.078271810000000031e+01 2.104655929999999842e+01 2.131040069999999886e+01 2.157424269999999922e+01 2.183808589999999938e+01 2.210193059999999932e+01 2.236577730000000130e+01 2.262962650000000053e+01 2.289347869999999929e+01 2.315733420000000109e+01 2.342119350000000111e+01 2.368505710000000164e+01 2.394892540000000025e+01 2.421279889999999924e+01 2.447667810000000088e+01 2.474056320000000042e+01 2.500445489999999893e+01 2.526835349999999991e+01 2.553225949999999855e+01 2.579617340000000070e+01 2.606009549999999919e+01 2.632402629999999988e+01 2.658796620000000033e+01 2.685191580000000044e+01 2.711587529999999902e+01 2.737984529999999950e+01 2.764382619999999946e+01 2.790781829999999886e+01 2.817182229999999876e+01 2.843583840000000151e+01 2.869986709999999874e+01 2.896390879999999868e+01 2.922796400000000006e+01 2.949203310000000045e+01 2.975611650000000097e+01 3.002021470000000036e+01 3.028432799999999858e+01 3.054845690000000147e+01 3.081260179999999949e+01 3.107676319999999848e+01 3.134094139999999840e+01 3.160513690000000153e+01 3.186935019999999952e+01 3.213358149999999824e+01
-1.364717119999999895e+00 -1.099067989999999995e+00 -8.334662870000000279e-01 -5.679112339999999870e-01 -3.024020740000000207e-01 -3.693805000000000005e-02 2.284815839999999876e-01 4.938575689999999963e-01 7.591906379999999732e-01 1.024481519999999923e+00 1.289730929999999942e+00 1.554939590000000038e+00 1.820108199999999954e+00 2.085237470000000037e+00 2.350328080000000153e+00 2.615380730000000042e+00 2.880396090000000076e+00 3.145374850000000055e+00 3.410317669999999968e+00 3.675225209999999798e+00 3.940098139999999916e+00 4.204937100000000427e+00 4.469742740000000047e+00 4.734515700000000216e+00 4.999256619999999707e+00 5.263966120000000082e+00 5.528644840000000116e+00 5.793293379999999715e+00 6.057912360000000440e+00 6.322502400000000300e+00 6.587064090000000149e+00 6.851598039999999834e+00 7.116104840000000209e+00 7.380585070000000414e+00 7.645039330000000355e+00 7.909468200000000060e+00 8.173872250000000506e+00 8.438252049999999116e+00 8.702608180000000360e+00 8.966941190000000006e+00 9.231251659999999859e+00 9.495540119999999362e+00 9.759807150000000320e+00 1.002405330000000028e+01 1.028827910000000045e+01 1.055248500000000078e+01 1.081667179999999995e+01 1.108083970000000029e+01 1.134498950000000050e+01 1.160912159999999993e+01
1.919227689999999953e+01 1.945611960000000096e+01 1.971995980000000159e+01 1.998379780000000139e+01 2.024763420000000025e+01 2.051146930000000168e+01 2.077530379999999965e+01 2.103913800000000123e+01 2.130297240000000158e+01 2.156680749999999946e+01 2.183064369999999954e+01 2.209448139999999938e+01 2.235832119999999890e+01 2.262216340000000159e+01 2.288600860000000026e+01 2.314985719999999958e+01 2.341370960000000068e+01 2.367756629999999873e+01 2.394142769999999842e+01 2.420529420000000087e+01 2.446916650000000004e+01 2.473304470000000066e+01 2.499692950000000025e+01 2.526082119999999875e+01 2.552472039999999964e+01 2.578862730000000170e+01 2.605254259999999888e+01 2.631646650000000065e+01 2.658039959999999979e+01 2.684434230000000099e+01 2.710829499999999825e+01 2.737225820000000098e+01 2.763623219999999847e+01 2.790021760000000128e+01 2.816421469999999871e+01 2.842822400000000016e+01 2.869224600000000081e+01 2.895628089999999943e+01 2.922032940000000067e+01 2.948439180000000093e+01 2.974846840000000014e+01 3.001255989999999940e+01 3.027666650000000104e+01 3.054078870000000023e+01 3.080492690000000167e+01 3.106908160000000052e+01 3.133325320000000147e+01 3.159744209999999853e+01 3.186164869999999993e+01 3.212587340000000324e+01
-1.365694030000000003e+00 -1.100044189999999977e+00 -8.344417769999999956e-01 -5.688860239999999902e-01 -3.033761680000000016e-01 -3.791145469999999962e-02 2.275088640000000051e-01 4.928855280000000172e-01 7.582192720000000552e-01 1.023510820000000043e+00 1.288760899999999987e+00 1.553970220000000069e+00 1.819139480000000031e+00 2.084269400000000161e+00 2.349360649999999939e+00 2.614413939999999936e+00 2.879429940000000077e+00 3.144409329999999780e+00 3.409352769999999921e+00 3.674260939999999920e+00 3.939134479999999883e+00 4.203974060000000179e+00 4.468780309999999645e+00 4.733553869999999719e+00 4.998295390000000005e+00 5.263005490000000286e+00 5.527684800000000287e+00 5.792333929999999853e+00 6.056953499999999657e+00 6.321544109999999606e+00 6.586106380000000371e+00 6.850640900000000144e+00 7.115148269999999719e+00 7.379629070000000013e+00 7.644083890000000103e+00 7.908513319999999958e+00 8.172917919999999725e+00 8.437298280000000261e+00 8.701654949999999999e+00 8.965988510000000744e+00 9.230299510000000041e+00 9.494588520000000642e+00 9.758856079999999267e+00 1.002310270000000081e+01 1.028732909999999912e+01 1.055153559999999935e+01 1.081572279999999964e+01 1.107989129999999989e+01 1.134404160000000061e+01 1.160817420000000055e+01
1.920218859999999950e+01 1.946603759999999994e+01 1.972988409999999959e+01 1.999372839999999840e+01 2.025757109999999983e+01 2.052141260000000145e+01 2.078525349999999960e+01 2.104909400000000019e+01 2.131293469999999957e+01 2.157677610000000001e+01 2.184061870000000027e+01 2.210446280000000030e+01 2.236830889999999883e+01 2.263215750000000170e+01 2.289600899999999939e+01 2.315986390000000128e+01 2.342372260000000139e+01 2.368758569999999963e+01 2.395145339999999834e+01 2.421532630000000097e+01 2.447920489999999916e+01 2.474308949999999996e+01 2.500698059999999856e+01 2.527087870000000080e+01 2.553478409999999954e+01 2.579869739999999823e+01 2.606261900000000153e+01 2.632654919999999876e+01 2.659048870000000164e+01 2.685443769999999830e+01 2.711839670000000169e+01 2.738236619999999988e+01 2.764634649999999993e+01 2.791033820000000176e+01 2.817434160000000176e+01 2.843835729999999984e+01 2.870238549999999833e+01 2.896642669999999953e+01 2.923048149999999978e+01 2.949455010000000144e+01 2.975863299999999967e+01 3.002273070000000033e+01 3.028684360000000098e+01 3.055097209999999919e+01 3.081511659999999964e+01 3.107927749999999989e+01 3.134345529999999869e+01 3.160765040000000070e+01 3.187186319999999995e+01 3.213609410000000111e+01
-1.348854640000000105e+00 -1.083189060000000037e+00 -8.175709780000000038e-01 -5.519996169999999980e-01 -2.864742149999999765e-01 -2.099401799999999971e-02 2.444417239999999991e-01 5.098337530000000006e-01 7.751828029999999758e-01 1.040489599999999903e+00 1.305754869999999901e+00 1.570979329999999896e+00 1.836163690000000015e+00 2.101308630000000122e+00 2.366414880000000220e+00 2.631483100000000075e+00 2.896513989999999872e+00 3.161508210000000041e+00 3.426466449999999941e+00 3.691389370000000003e+00 3.956277619999999828e+00 4.221131859999999847e+00 4.485952740000000105e+00 4.750740890000000327e+00 5.015496960000000115e+00 5.280221570000000142e+00 5.544915360000000071e+00 5.809578929999999808e+00 6.074212909999999965e+00 6.338817899999999561e+00 6.603394520000000156e+00 6.867943359999999942e+00 7.132465019999999711e+00 7.396960080000000382e+00 7.661429140000000082e+00 7.925872779999999729e+00 8.190291569999999410e+00 8.454686089999999155e+00 8.719056910000000826e+00 8.983404600000000073e+00 9.247729709999999770e+00 9.512032800000000066e+00 9.776314429999999334e+00 1.004057509999999986e+01 1.030481550000000013e+01 1.056903600000000054e+01 1.083323730000000040e+01 1.109741980000000083e+01 1.136158400000000057e+01 1.162573060000000069e+01
1.922936400000000035e+01 1.949323259999999891e+01 1.975709870000000024e+01 2.002096269999999834e+01 2.028482500000000144e+01 2.054868619999999879e+01 2.081254660000000101e+01 2.107640680000000089e+01 2.134026709999999838e+01 2.160412820000000167e+01 2.186799029999999888e+01 2.213185400000000058e+01 2.239571970000000078e+01 2.265958789999999823e+01 2.292345900000000114e+01 2.318733350000000115e+01 2.345121179999999939e+01 2.371509440000000168e+01 2.397898169999999851e+01 2.424287419999999926e+01 2.450677230000000151e+01 2.477067650000000043e+01 2.503458709999999954e+01 2.529850469999999873e+01 2.556242960000000153e+01 2.582636240000000072e+01 2.609030350000000098e+01 2.635425319999999871e+01 2.661821210000000093e+01 2.688218050000000048e+01 2.714615889999999965e+01 2.741014780000000073e+01 2.767414750000000012e+01 2.793815860000000129e+01 2.820218140000000062e+01 2.846621629999999925e+01 2.873026379999999946e+01 2.899432440000000000e+01 2.925839840000000081e+01 2.952248619999999946e+01 2.978658839999999941e+01 3.005070530000000062e+01 3.031483730000000065e+01 3.057898499999999942e+01 3.084314859999999925e+01 3.110732859999999889e+01 3.137152550000000062e+01 3.163573969999999846e+01 3.189997149999999948e+01 3.216422140000000240e+01
-1.314175649999999917e+00 -1.048479179999999955e+00 -7.828303309999999904e-01 -5.172283309999999856e-01 -2.516724129999999837e-01 1.383817990000000067e-02 2.793041989999999752e-01 5.447263900000000048e-01 8.101054880000000402e-01 1.075442220000000004e+00 1.340737319999999899e+00 1.605991500000000016e+00 1.871205470000000037e+00 2.136379939999999866e+00 2.401515600000000195e+00 2.666613139999999937e+00 2.931673260000000170e+00 3.196696619999999989e+00 3.461683910000000086e+00 3.726635780000000064e+00 3.991552909999999788e+00 4.256435950000000190e+00 4.521285540000000047e+00 4.786102330000000293e+00 5.050886969999999643e+00 5.315640079999999656e+00 5.580362290000000058e+00 5.845054219999999745e+00 6.109716500000000217e+00 6.374349729999999603e+00 6.638954520000000414e+00 6.903531479999999831e+00 7.168081199999999598e+00 7.432604279999999619e+00 7.697101299999999924e+00 7.961572849999999590e+00 8.226019519999999474e+00 8.490441860000000673e+00 8.754840469999999542e+00 9.019215900000000730e+00 9.283568719999999885e+00 9.547899490000000711e+00 9.812208760000000751e+00 1.007649709999999921e+01 1.034076499999999932e+01 1.060501310000000075e+01 1.086924190000000046e+01 1.113345190000000073e+01 1.139764360000000032e+01 1.166181770000000029e+01
1.927377339999999961e+01 1.953767500000000013e+01 1.980157390000000106e+01 2.006547079999999994e+01 2.032936589999999910e+01 2.059325989999999962e+01 2.085715319999999906e+01 2.112104619999999855e+01 2.138493940000000038e+01 2.164883319999999856e+01 2.191272820000000010e+01 2.217662460000000024e+01 2.244052310000000006e+01 2.270442410000000066e+01 2.296832799999999963e+01 2.323223520000000164e+01 2.349614619999999832e+01 2.376006149999999906e+01 2.402398150000000143e+01 2.428790670000000063e+01 2.455183740000000014e+01 2.481577419999999989e+01 2.507971739999999983e+01 2.534366759999999985e+01 2.560762509999999992e+01 2.587159039999999877e+01 2.613556399999999869e+01 2.639954619999999963e+01 2.666353750000000034e+01 2.692753839999999954e+01 2.719154920000000075e+01 2.745557039999999915e+01 2.771960250000000059e+01 2.798364589999999907e+01 2.824770090000000167e+01 2.851176810000000117e+01 2.877584780000000109e+01 2.903994050000000016e+01 2.930404659999999950e+01 2.956816660000000141e+01 2.983230079999999873e+01 3.009644979999999848e+01 3.036061379999999943e+01 3.062479340000000150e+01 3.088898890000000108e+01 3.115320080000000047e+01 3.141742950000000079e+01 3.168167539999999960e+01 3.194593899999999920e+01 3.221022070000000070e+01
-1.261677909999999958e+00 -9.959352280000000057e-01 -7.302403499999999825e-01 -4.645925060000000162e-01 -1.989909260000000124e-01 6.656514859999999867e-02 3.320764740000000104e-01 5.975437970000000432e-01 8.629678579999999766e-01 1.128349389999999897e+00 1.393689130000000054e+00 1.658987779999999912e+00 1.924246069999999920e+00 2.189464699999999819e+00 2.454644379999999959e+00 2.719785799999999920e+00 2.984889640000000011e+00 3.249956599999999973e+00 3.514987350000000177e+00 3.779982550000000163e+00 4.044942879999999796e+00 4.309868999999999950e+00 4.574761549999999843e+00 4.839621189999999906e+00 5.104448559999999802e+00 5.369244290000000142e+00 5.634009019999999701e+00 5.898743370000000041e+00 6.163447960000000059e+00 6.428123420000000365e+00 6.692770340000000040e+00 6.957389349999999695e+00 7.221981030000000246e+00 7.486545989999999762e+00 7.751084810000000047e+00 8.015598089999999232e+00 8.280086409999999120e+00 8.544550349999999739e+00 8.808990480000000289e+00 9.073407380000000799e+00 9.337801600000000590e+00 9.602173710000000639e+00 9.866524280000000147e+00 1.013085380000000058e+01 1.039516300000000015e+01 1.065945220000000049e+01 1.092372210000000088e+01 1.118797320000000006e+01 1.145220600000000033e+01 1.171642100000000042e+01
1.933537520000000143e+01 1.959932269999999832e+01 1.986326770000000153e+01 2.012721050000000034e+01 2.039115160000000060e+01 2.065509150000000105e+01 2.091903070000000042e+01 2.118296959999999984e+01 2.144690870000000160e+01 2.171084839999999971e+01 2.197478920000000002e+01 2.223873150000000010e+01 2.250267579999999867e+01 2.276662250000000043e+01 2.303057210000000055e+01 2.329452500000000015e+01 2.355848179999999914e+01 2.382244269999999986e+01 2.408640839999999983e+01 2.435037910000000139e+01 2.461435549999999850e+01 2.487833780000000061e+01 2.514232649999999936e+01 2.540632220000000174e+01 2.567032509999999945e+01 2.593433590000000066e+01 2.619835480000000061e+01 2.646238230000000158e+01 2.672641889999999876e+01 2.699046500000000037e+01 2.725452110000000161e+01 2.751858749999999887e+01 2.778266470000000155e+01 2.804675310000000010e+01 2.831085309999999922e+01 2.857496529999999879e+01 2.883908990000000117e+01 2.910322749999999914e+01 2.936737850000000094e+01 2.963154319999999942e+01 2.989572220000000158e+01 3.015991580000000027e+01 3.042412450000000135e+01 3.068834860000000120e+01 3.095258859999999856e+01 3.121684499999999929e+01 3.148111820000000094e+01 3.174540849999999992e+01 3.200971640000000207e+01 3.227404229999999785e+01
-1.191391740000000032e+00 -9.255872389999999506e-01 -6.598307989999999679e-01 -3.941216399999999953e-01 -1.284589909999999946e-01 1.371579139999999919e-01 4.027298329999999815e-01 6.682575170000000231e-01 9.337417120000000015e-01 1.199183160000000026e+00 1.464582580000000078e+00 1.729940709999999937e+00 1.995258259999999950e+00 2.260535959999999900e+00 2.525774489999999872e+00 2.790974569999999932e+00 3.056136879999999945e+00 3.321262120000000095e+00 3.586350969999999805e+00 3.851404089999999947e+00 4.116422169999999880e+00 4.381405860000000096e+00 4.646355830000000076e+00 4.911272720000000369e+00 5.176157179999999691e+00 5.441009860000000309e+00 5.705831390000000169e+00 5.970622399999999885e+00 6.235383510000000129e+00 6.500115359999999676e+00 6.764818540000000269e+00 7.029493679999999856e+00 7.294141380000000119e+00 7.558762240000000077e+00 7.823356859999999635e+00 8.087925829999999650e+00 8.352469729999999259e+00 8.616989150000000208e+00 8.881484670000000747e+00 9.145956869999999128e+00 9.410406300000000002e+00 9.674833550000000670e+00 9.939239159999999629e+00 1.020362369999999963e+01 1.046798770000000012e+01 1.073233180000000075e+01 1.099665640000000089e+01 1.126096219999999981e+01 1.152524969999999982e+01 1.178951930000000026e+01
1.941412070000000156e+01 1.967812729999999988e+01 1.994213119999999861e+01 2.020613290000000006e+01 2.047013289999999941e+01 2.073413169999999894e+01 2.099812969999999979e+01 2.126212740000000068e+01 2.152612530000000035e+01 2.179012369999999876e+01 2.205412319999999937e+01 2.231812419999999975e+01 2.258212710000000101e+01 2.284613239999999834e+01 2.311014060000000114e+01 2.337415199999999871e+01 2.363816720000000160e+01 2.390218660000000028e+01 2.416621070000000060e+01 2.443023970000000133e+01 2.469427440000000118e+01 2.495831490000000130e+01 2.522236189999999922e+01 2.548641569999999845e+01 2.575047680000000128e+01 2.601454550000000054e+01 2.627862250000000088e+01 2.654270800000000108e+01 2.680680249999999987e+01 2.707090639999999837e+01 2.733502019999999888e+01 2.759914440000000013e+01 2.786327920000000091e+01 2.812742529999999874e+01 2.839158289999999951e+01 2.865575249999999841e+01 2.891993460000000127e+01 2.918412959999999856e+01 2.944833789999999851e+01 2.971255989999999869e+01 2.997679600000000022e+01 3.024104669999999828e+01 3.050531249999999872e+01 3.076959360000000032e+01 3.103389059999999944e+01 3.129820390000000074e+01 3.156253380000000064e+01 3.182688089999999903e+01 3.209124549999999942e+01 3.235562809999999700e+01
-1.103361840000000038e+00 -8.374796089999999582e-01 -5.716457560000000049e-01 -3.058594940000000095e-01 -4.012004699999999896e-02 2.255733550000000032e-01 4.912214759999999902e-01 7.568250699999999886e-01 1.022384890000000102e+00 1.287901680000000049e+00 1.553376169999999945e+00 1.818809090000000017e+00 2.084201170000000047e+00 2.349553129999999879e+00 2.614865679999999859e+00 2.880139509999999792e+00 3.145375340000000186e+00 3.410573859999999957e+00 3.675735739999999918e+00 3.940861679999999811e+00 4.205952339999999623e+00 4.471008399999999661e+00 4.736030519999999910e+00 5.001019349999999974e+00 5.265975560000000222e+00 5.530899780000000376e+00 5.795792669999999980e+00 6.060654839999999766e+00 6.325486950000000164e+00 6.590289600000000192e+00 6.855063430000000402e+00 7.119809049999999750e+00 7.384527059999999921e+00 7.649218079999999809e+00 7.913882710000000209e+00 8.178521540000000201e+00 8.443135169999999690e+00 8.707724190000000419e+00 8.972289160000000763e+00 9.236830689999999677e+00 9.501349340000000865e+00 9.765845669999999146e+00 1.003032029999999963e+01 1.029477370000000036e+01 1.055920650000000016e+01 1.082361919999999955e+01 1.108801240000000021e+01 1.135238670000000027e+01 1.161674250000000086e+01 1.188108049999999949e+01
1.950994940000000000e+01 1.977402770000000132e+01 2.003810340000000068e+01 2.030217689999999919e+01 2.056624860000000155e+01 2.083031910000000053e+01 2.109438869999999966e+01 2.135845790000000122e+01 2.162252720000000039e+01 2.188659709999999947e+01 2.215066789999999841e+01 2.241474020000000067e+01 2.267881440000000026e+01 2.294289089999999831e+01 2.320697020000000066e+01 2.347105279999999894e+01 2.373513900000000021e+01 2.399922940000000082e+01 2.426332430000000073e+01 2.452742429999999985e+01 2.479152970000000167e+01 2.505564100000000138e+01 2.531975860000000011e+01 2.558388300000000015e+01 2.584801459999999906e+01 2.611215389999999914e+01 2.637630120000000034e+01 2.664045700000000139e+01 2.690462180000000103e+01 2.716879600000000039e+01 2.743297989999999942e+01 2.769717410000000157e+01 2.796137900000000087e+01 2.822559499999999844e+01 2.848982240000000132e+01 2.875406189999999995e+01 2.901831370000000021e+01 2.928257830000000084e+01 2.954685620000000057e+01 2.981114769999999936e+01 3.007545319999999833e+01 3.033977330000000094e+01 3.060410840000000121e+01 3.086845870000000147e+01 3.113282489999999925e+01 3.139720730000000160e+01 3.166160629999999898e+01 3.192602229999999963e+01 3.219045580000000228e+01 3.245490730000000212e+01
-9.976483950000000211e-01 -7.316721919999999990e-01 -4.657447370000000197e-01 -1.998652429999999980e-01 6.596707070000000506e-02 3.317529790000000034e-01 5.974932499999999758e-01 8.631886439999999494e-01 1.128839920000000108e+00 1.394447819999999894e+00 1.660013090000000080e+00 1.925536460000000005e+00 2.191018670000000057e+00 2.456460439999999856e+00 2.721862470000000034e+00 2.987225500000000089e+00 3.252550209999999886e+00 3.517837319999999934e+00 3.783087500000000158e+00 4.048301460000000240e+00 4.313479860000000166e+00 4.578623379999999798e+00 4.843732700000000335e+00 5.108808480000000429e+00 5.373851379999999622e+00 5.638862040000000242e+00 5.903841120000000053e+00 6.168789259999999608e+00 6.433707090000000406e+00 6.698595260000000273e+00 6.963454370000000004e+00 7.228285060000000151e+00 7.493087949999999609e+00 7.757863640000000061e+00 8.022612739999999576e+00 8.287335849999999837e+00 8.552033579999999802e+00 8.816706509999999497e+00 9.081355229999999779e+00 9.345980329999999725e+00 9.610582389999999364e+00 9.875161979999999673e+00 1.013971970000000056e+01 1.040425600000000017e+01 1.066877170000000064e+01 1.093326710000000013e+01 1.119774280000000033e+01 1.146219950000000054e+01 1.172663760000000011e+01 1.199105770000000071e+01
1.962276430000000005e+01 1.988692729999999997e+01 2.015108749999999915e+01 2.041524539999999988e+01 2.067940139999999971e+01 2.094355619999999973e+01 2.120770999999999873e+01 2.147186329999999899e+01 2.173601670000000041e+01 2.200017049999999941e+01 2.226432519999999826e+01 2.252848129999999927e+01 2.279263919999999999e+01 2.305679939999999917e+01 2.332096230000000148e+01 2.358512839999999855e+01 2.384929809999999861e+01 2.411347179999999923e+01 2.437764999999999915e+01 2.464183309999999949e+01 2.490602159999999898e+01 2.517021599999999992e+01 2.543441650000000109e+01 2.569862380000000002e+01 2.596283820000000020e+01 2.622706020000000038e+01 2.649129010000000051e+01 2.675552850000000049e+01 2.701977580000000145e+01 2.728403229999999979e+01 2.754829859999999897e+01 2.781257499999999894e+01 2.807686209999999960e+01 2.834116009999999974e+01 2.860546959999999928e+01 2.886979090000000170e+01 2.913412459999999982e+01 2.939847089999999952e+01 2.966283049999999832e+01 2.992720359999999857e+01 3.019159069999999900e+01 3.045599229999999835e+01 3.072040870000000012e+01 3.098484050000000067e+01 3.124928789999999879e+01 3.151375150000000147e+01 3.177823160000000158e+01 3.204272869999999784e+01 3.230724330000000322e+01 3.257177570000000344e+01
-8.743371020000000327e-01 -6.082502589999999598e-01 -3.422126019999999769e-01 -7.622333929999999813e-02 1.897183159999999980e-01 4.556131420000000265e-01 7.214619129999999547e-01 9.872653930000000466e-01 1.253024340000000070e+00 1.518739520000000010e+00 1.784411669999999894e+00 2.050041530000000112e+00 2.315629829999999778e+00 2.581177320000000108e+00 2.846684699999999957e+00 3.112152700000000216e+00 3.377582030000000124e+00 3.642973389999999867e+00 3.908327490000000015e+00 4.173644999999999605e+00 4.438926630000000095e+00 4.704173049999999634e+00 4.969384940000000306e+00 5.234562959999999876e+00 5.499707790000000429e+00 5.764820089999999730e+00 6.029900500000000108e+00 6.294949680000000214e+00 6.559968259999999773e+00 6.824956890000000165e+00 7.089916200000000224e+00 7.354846819999999674e+00 7.619749370000000077e+00 7.884624470000000329e+00 8.149472729999999387e+00 8.414294760000000650e+00 8.679091160000000471e+00 8.943862539999999584e+00 9.208609479999999792e+00 9.473332579999999226e+00 9.738032430000000517e+00 1.000270959999999931e+01 1.026736469999999990e+01 1.053199820000000031e+01 1.079661079999999984e+01 1.106120300000000078e+01 1.132577539999999949e+01 1.159032850000000003e+01 1.185486290000000054e+01 1.211937909999999974e+01
1.975252449999999982e+01 2.001678460000000115e+01 2.028104180000000056e+01 2.054529670000000152e+01 2.080954960000000042e+01 2.107380099999999956e+01 2.133805140000000122e+01 2.160230119999999943e+01 2.186655100000000118e+01 2.213080100000000172e+01 2.239505189999999857e+01 2.265930409999999995e+01 2.292355799999999988e+01 2.318781399999999948e+01 2.345207269999999866e+01 2.371633440000000093e+01 2.398059960000000146e+01 2.424486879999999900e+01 2.450914230000000060e+01 2.477342069999999907e+01 2.503770439999999908e+01 2.530199380000000176e+01 2.556628930000000111e+01 2.583059139999999942e+01 2.609490059999999900e+01 2.635921719999999979e+01 2.662354180000000170e+01 2.688787459999999996e+01 2.715221629999999919e+01 2.741656710000000174e+01 2.768092760000000041e+01 2.794529819999999987e+01 2.820967920000000007e+01 2.847407120000000091e+01 2.873847459999999998e+01 2.900288970000000077e+01 2.926731709999999964e+01 2.953175710000000009e+01 2.979621020000000087e+01 3.006067679999999953e+01 3.032515739999999838e+01 3.058965230000000091e+01 3.085416199999999876e+01 3.111868700000000132e+01 3.138322760000000144e+01 3.164778430000000142e+01 3.191235749999999882e+01 3.217694769999999949e+01 3.244155529999999743e+01 3.270618069999999733e+01
-7.335296650000000529e-01 -4.673151750000000271e-01 -2.011503669999999966e-01 6.496555560000000229e-02 3.310333819999999871e-01 5.970538949999999456e-01 8.630278740000000282e-01 1.128956089999999968e+00 1.394839299999999893e+00 1.660678279999999951e+00 1.926473770000000085e+00 2.192226520000000178e+00 2.457937260000000013e+00 2.723606740000000137e+00 2.989235690000000112e+00 3.254824820000000063e+00 3.520374850000000055e+00 3.785886500000000154e+00 4.051360469999999658e+00 4.316797450000000147e+00 4.582198140000000031e+00 4.847563229999999557e+00 5.112893409999999861e+00 5.378189339999999596e+00 5.643451699999999960e+00 5.908681160000000432e+00 6.173878369999999727e+00 6.439043990000000051e+00 6.704178670000000118e+00 6.969283060000000418e+00 7.234357789999999788e+00 7.499403499999999667e+00 7.764420819999999779e+00 8.029410370000000796e+00 8.294372770000000727e+00 8.559308639999999357e+00 8.824218589999999196e+00 9.089103209999999322e+00 9.353963130000000348e+00 9.618798919999999697e+00 9.883611180000000829e+00 1.014840049999999927e+01 1.041316750000000013e+01 1.067791270000000026e+01 1.094263660000000016e+01 1.120734000000000030e+01 1.147202330000000003e+01 1.173668699999999987e+01 1.200133190000000027e+01 1.226595829999999943e+01
1.989909520000000143e+01 2.016346509999999981e+01 2.042783199999999866e+01 2.069219640000000027e+01 2.095655860000000104e+01 2.122091929999999849e+01 2.148527879999999968e+01 2.174963749999999862e+01 2.201399609999999996e+01 2.227835490000000007e+01 2.254271430000000009e+01 2.280707489999999993e+01 2.307143699999999953e+01 2.333580119999999880e+01 2.360016789999999887e+01 2.386453750000000085e+01 2.412891049999999993e+01 2.439328730000000078e+01 2.465766839999999860e+01 2.492205420000000160e+01 2.518644520000000142e+01 2.545084179999999918e+01 2.571524439999999956e+01 2.597965350000000129e+01 2.624406949999999838e+01 2.650849290000000025e+01 2.677292399999999972e+01 2.703736350000000144e+01 2.730181160000000062e+01 2.756626879999999957e+01 2.783073549999999940e+01 2.809521219999999886e+01 2.835969940000000022e+01 2.862419729999999873e+01 2.888870659999999901e+01 2.915322760000000102e+01 2.941776069999999876e+01 2.968230640000000164e+01 2.994686520000000129e+01 3.021143740000000122e+01 3.047602339999999899e+01 3.074062380000000161e+01 3.100523899999999955e+01 3.126986929999999987e+01 3.153451529999999892e+01 3.179917730000000020e+01 3.206385579999999891e+01 3.232855130000000088e+01 3.259326409999999896e+01 3.285799480000000017e+01
-5.745827709999999922e-01 -3.082230189999999870e-01 -4.191352319999999687e-02 2.243465169999999953e-01 4.905578939999999943e-01 7.567213969999999623e-01 1.022837809999999958e+00 1.288907900000000106e+00 1.554932449999999911e+00 1.820912209999999920e+00 2.086847940000000179e+00 2.352740410000000004e+00 2.618590339999999905e+00 2.884398490000000148e+00 3.150165589999999849e+00 3.415892359999999961e+00 3.681579530000000045e+00 3.947227820000000165e+00 4.212837930000000064e+00 4.478410580000000252e+00 4.743946460000000087e+00 5.009446269999999757e+00 5.274910700000000396e+00 5.540340429999999650e+00 5.805736129999999662e+00 6.071098489999999792e+00 6.336428159999999643e+00 6.601725820000000411e+00 6.866992119999999922e+00 7.132227699999999615e+00 7.397433219999999920e+00 7.662609319999999613e+00 7.927756630000000193e+00 8.192875790000000435e+00 8.457967419999999237e+00 8.723032140000000823e+00 8.988070580000000476e+00 9.253083339999999879e+00 9.518071029999999766e+00 9.783034260000000870e+00 1.004797360000000062e+01 1.031288969999999949e+01 1.057778309999999955e+01 1.084265440000000069e+01 1.110750419999999927e+01 1.137233310000000053e+01 1.163714159999999964e+01 1.190193030000000007e+01 1.216669970000000056e+01 1.243145050000000040e+01
2.006236510000000095e+01 2.032685740000000152e+01 2.059134660000000139e+01 2.085583300000000051e+01 2.112031710000000118e+01 2.138479939999999857e+01 2.164928039999999854e+01 2.191376059999999981e+01 2.217824029999999880e+01 2.244272000000000133e+01 2.270720030000000023e+01 2.297168149999999898e+01 2.323616420000000105e+01 2.350064869999999928e+01 2.376513560000000069e+01 2.402962529999999930e+01 2.429411809999999861e+01 2.455861469999999969e+01 2.482311539999999894e+01 2.508762069999999866e+01 2.535213099999999997e+01 2.561664680000000160e+01 2.588116850000000113e+01 2.614569660000000084e+01 2.641023149999999831e+01 2.667477360000000175e+01 2.693932339999999925e+01 2.720388140000000021e+01 2.746844790000000103e+01 2.773302350000000160e+01 2.799760840000000073e+01 2.826220329999999947e+01 2.852680859999999896e+01 2.879142459999999915e+01 2.905605179999999876e+01 2.932069059999999894e+01 2.958534159999999957e+01 2.985000510000000062e+01 3.011468149999999966e+01 3.037937140000000014e+01 3.064407509999999846e+01 3.090879310000000046e+01 3.117352590000000134e+01 3.143827380000000105e+01 3.170303739999999948e+01 3.196781700000000015e+01 3.223261320000000296e+01 3.249742630000000077e+01 3.276225680000000295e+01 3.302710509999999999e+01
-3.981494819999999990e-01 -1.316262930000000053e-01 1.348459979999999947e-01 4.012681960000000214e-01 6.676410940000000460e-01 9.339654859999999559e-01 1.200242150000000008e+00 1.466471880000000061e+00 1.732655440000000047e+00 1.998793590000000009e+00 2.264887110000000092e+00 2.530936740000000018e+00 2.796943240000000053e+00 3.062907360000000079e+00 3.328829820000000161e+00 3.594711380000000123e+00 3.860552750000000088e+00 4.126354659999999619e+00 4.392117830000000112e+00 4.657842959999999977e+00 4.923530770000000167e+00 5.189181959999999982e+00 5.454797219999999669e+00 5.720377230000000424e+00 5.985922699999999708e+00 6.251434279999999788e+00 6.516912669999999963e+00 6.782358529999999774e+00 7.047772519999999652e+00 7.313155300000000025e+00 7.578507530000000436e+00 7.843829849999999659e+00 8.109122909999999962e+00 8.374387349999999230e+00 8.639623789999999914e+00 8.904832880000000728e+00 9.170015230000000628e+00 9.435171470000000227e+00 9.700302199999999431e+00 9.965408050000000628e+00 1.023048960000000029e+01 1.049554750000000070e+01 1.076058229999999938e+01 1.102559459999999980e+01 1.129058500000000009e+01 1.155555400000000077e+01 1.182050240000000052e+01 1.208543049999999930e+01 1.235033909999999935e+01 1.261522869999999941e+01
2.215315730000000016e+01 2.241771119999999939e+01 2.268226539999999858e+01 2.294682020000000122e+01 2.321137609999999896e+01 2.347593369999999879e+01 2.374049319999999952e+01 2.400505529999999865e+01 2.426962029999999970e+01 2.453418879999999902e+01 2.479876099999999894e+01 2.506333760000000055e+01 2.532791900000000140e+01 2.559250550000000146e+01 2.585709770000000063e+01 2.612169600000000003e+01 2.638630089999999839e+01 2.665091269999999923e+01 2.691553199999999890e+01 2.718015919999999852e+01 2.744479480000000038e+01 2.770943910000000088e+01 2.797409259999999875e+01 2.823875579999999985e+01 2.850342910000000174e+01 2.876811299999999960e+01 2.903280780000000050e+01 2.929751419999999840e+01 2.956223239999999919e+01 2.982696290000000161e+01 3.009170629999999846e+01 3.035646279999999919e+01 3.062123310000000131e+01 3.088601740000000007e+01 3.115081640000000007e+01 3.141563030000000012e+01 3.168045980000000128e+01 3.194530509999999879e+01 3.221016689999999727e+01 3.247504539999999906e+01 3.273994129999999814e+01 3.300485489999999800e+01 3.326978669999999738e+01 3.353473710000000096e+01 3.379970670000000155e+01 3.406469589999999670e+01 3.432970509999999820e+01 3.459473479999999768e+01 3.485978550000000098e+01 3.512485769999999974e+01
-2.214170179999999988e+00 -1.947184070000000045e+00 -1.680254949999999914e+00 -1.413381959999999937e+00 -1.146564279999999991e+00 -8.798010769999999869e-01 -6.130915160000000030e-01 -3.464347810000000250e-01 -7.983005510000000526e-02 1.867234700000000025e-01 4.532265990000000078e-01 7.196801299999999735e-01 9.860848549999999824e-01 1.252441560000000065e+00 1.518751030000000002e+00 1.785014040000000080e+00 2.051231360000000059e+00 2.317403749999999985e+00 2.583531980000000061e+00 2.849616779999999849e+00 3.115658929999999938e+00 3.381659140000000008e+00 3.647618169999999882e+00 3.913536740000000069e+00 4.179415579999999686e+00 4.445255399999999746e+00 4.711056929999999809e+00 4.976820860000000124e+00 5.242547909999999867e+00 5.508238770000000173e+00 5.773894140000000341e+00 6.039514689999999852e+00 6.305101119999999781e+00 6.570654099999999609e+00 6.779424320000000392e+00 7.044874629999999804e+00 7.310293569999999796e+00 7.575681770000000093e+00 7.841039890000000234e+00 8.106368579999999824e+00 8.371668469999999473e+00 8.636940199999999734e+00 8.902184410000000270e+00 9.167401710000000037e+00 9.432592729999999648e+00 9.697758090000000664e+00 9.962898389999999438e+00 1.022801420000000050e+01 1.049310630000000089e+01 1.075817499999999960e+01
2.198581430000000125e+01 2.225024060000000148e+01 2.251466729999999927e+01 2.277909490000000048e+01 2.304352379999999911e+01 2.330795439999999985e+01 2.357238720000000143e+01 2.383682269999999903e+01 2.410126130000000089e+01 2.436570349999999863e+01 2.463014970000000048e+01 2.489460040000000163e+01 2.515905589999999847e+01 2.542351680000000158e+01 2.568798350000000141e+01 2.595245650000000026e+01 2.621693610000000163e+01 2.648142280000000071e+01 2.674591709999999978e+01 2.701041939999999997e+01 2.727493009999999884e+01 2.753944969999999870e+01 2.780397860000000065e+01 2.806851729999999989e+01 2.833306609999999992e+01 2.859762560000000065e+01 2.886219609999999847e+01 2.912677809999999923e+01 2.939137210000000167e+01 2.965597849999999980e+01 2.992059760000000068e+01 3.018523000000000067e+01 3.044987610000000089e+01 3.071453629999999890e+01 3.097921110000000056e+01 3.124390089999999987e+01 3.150860610000000150e+01 3.177332720000000066e+01 3.203806459999999845e+01 3.230281879999999717e+01 3.256759009999999677e+01 3.283237919999999832e+01 3.309718629999999706e+01 3.336201189999999883e+01 3.362685660000000354e+01 3.389172070000000048e+01 3.415660470000000259e+01 3.442150900000000036e+01 3.468643409999999960e+01 3.495138039999999791e+01
-2.399768089999999798e+00 -2.132956370000000046e+00 -1.866201020000000099e+00 -1.599501199999999956e+00 -1.332856070000000059e+00 -1.066264799999999902e+00 -7.997265590000000035e-01 -5.332405319999999893e-01 -2.668059059999999816e-01 -4.218714759999999818e-04 2.659123720000000080e-01 5.321976210000000096e-01 7.984346660000000151e-01 1.064624290000000029e+00 1.330767269999999947e+00 1.596864379999999972e+00 1.862916390000000089e+00 2.128924050000000179e+00 2.394888130000000004e+00 2.660809360000000012e+00 2.926688500000000026e+00 3.192526280000000050e+00 3.458323430000000087e+00 3.724080680000000143e+00 3.989798739999999899e+00 4.255478339999999804e+00 4.521120169999999661e+00 4.786724949999999978e+00 5.052293380000000056e+00 5.317826130000000262e+00 5.583323909999999834e+00 5.848787380000000091e+00 6.114217230000000391e+00 6.379614130000000216e+00 6.644978739999999995e+00 6.910311730000000097e+00 7.175613740000000185e+00 7.440885429999999801e+00 7.706127440000000384e+00 7.971340409999999821e+00 8.236524969999999612e+00 8.501681769999999361e+00 8.766811410000000748e+00 9.031914520000000834e+00 9.296991719999999404e+00 9.562043609999999916e+00 9.827070810000000378e+00 1.009207390000000082e+01 1.035705349999999925e+01 1.062201020000000007e+01
2.183499550000000156e+01 2.209930680000000081e+01 2.236361869999999996e+01 2.262793149999999898e+01 2.289224580000000131e+01 2.315656209999999859e+01 2.342088070000000144e+01 2.368520210000000148e+01 2.394952680000000100e+01 2.421385520000000113e+01 2.447818769999999944e+01 2.474252480000000176e+01 2.500686699999999973e+01 2.527121470000000159e+01 2.553556830000000133e+01 2.579992820000000009e+01 2.606429500000000132e+01 2.632866890000000026e+01 2.659305060000000154e+01 2.685744030000000038e+01 2.712183860000000024e+01 2.738624589999999870e+01 2.765066260000000042e+01 2.791508909999999943e+01 2.817952590000000157e+01 2.844397349999999847e+01 2.870843209999999956e+01 2.897290230000000122e+01 2.923738459999999861e+01 2.950187929999999881e+01 2.976638679999999937e+01 3.003090759999999904e+01 3.029544220000000010e+01 3.055999089999999896e+01 3.082455420000000146e+01 3.108913250000000161e+01 3.135372630000000171e+01 3.161833599999999933e+01 3.188296199999999914e+01 3.214760470000000225e+01 3.241226460000000031e+01 3.267694209999999799e+01 3.294163770000000113e+01 3.320635180000000020e+01 3.347108469999999869e+01 3.373583709999999769e+01 3.400060919999999953e+01 3.426540159999999702e+01 3.453021470000000193e+01 3.479504889999999762e+01
-2.567535369999999872e+00 -2.300880180000000053e+00 -2.034280799999999889e+00 -1.767736369999999946e+00 -1.501246070000000099e+00 -1.234809070000000064e+00 -9.684245320000000046e-01 -7.020916520000000105e-01 -4.358096140000000118e-01 -1.695776149999999871e-01 9.660514439999999536e-02 3.627394580000000146e-01 6.288261109999999654e-01 8.948658849999999720e-01 1.160859550000000073e+00 1.426807890000000079e+00 1.692711639999999962e+00 1.958571580000000090e+00 2.224388450000000184e+00 2.490162999999999904e+00 2.755895950000000205e+00 3.021588060000000020e+00 3.287240039999999919e+00 3.552852609999999967e+00 3.818426479999999845e+00 4.083962380000000003e+00 4.349460989999999860e+00 4.614923019999999987e+00 4.880349149999999803e+00 5.145740090000000322e+00 5.411096490000000259e+00 5.676419049999999800e+00 5.941708420000000324e+00 6.206965280000000362e+00 6.472190290000000346e+00 6.737384089999999937e+00 7.002547329999999626e+00 7.267680669999999843e+00 7.532784730000000373e+00 7.797860149999999990e+00 8.062907559999999307e+00 8.327927580000000773e+00 8.592920830000000620e+00 8.857887919999999582e+00 9.122829469999999219e+00 9.387746079999999438e+00 9.652638339999999317e+00 9.917506859999999591e+00 1.018235220000000041e+01 1.044717499999999966e+01
2.169935339999999968e+01 2.196356210000000075e+01 2.222777140000000173e+01 2.249198189999999897e+01 2.275619389999999953e+01 2.302040799999999976e+01 2.328462460000000078e+01 2.354884410000000017e+01 2.381306700000000021e+01 2.407729369999999847e+01 2.434152470000000079e+01 2.460576030000000003e+01 2.487000120000000081e+01 2.513424759999999836e+01 2.539849999999999852e+01 2.566275890000000004e+01 2.592702470000000048e+01 2.619129789999999858e+01 2.645557880000000139e+01 2.671986790000000056e+01 2.698416569999999837e+01 2.724847259999999949e+01 2.751278890000000033e+01 2.777711520000000078e+01 2.804145189999999843e+01 2.830579930000000033e+01 2.857015799999999928e+01 2.883452839999999995e+01 2.909891079999999874e+01 2.936330579999999912e+01 2.962771370000000104e+01 2.989213489999999851e+01 3.015656999999999854e+01 3.042101930000000110e+01 3.068548320000000018e+01 3.094996220000000164e+01 3.121445680000000067e+01 3.147896719999999959e+01 3.174349409999999949e+01 3.200803770000000270e+01 3.227259850000000085e+01 3.253717699999999979e+01 3.280177359999999709e+01 3.306638860000000335e+01 3.333102269999999834e+01 3.359567599999999743e+01 3.386034920000000170e+01 3.412504270000000162e+01 3.438975680000000068e+01 3.465449199999999763e+01
-2.718184739999999877e+00 -2.451668610000000026e+00 -2.185207750000000004e+00 -1.918801329999999972e+00 -1.652448499999999987e+00 -1.386148450000000087e+00 -1.119900359999999928e+00 -8.537034049999999707e-01 -5.875567809999999724e-01 -3.214596880000000212e-01 -5.541133000000000169e-02 2.105890820000000108e-01 4.765423300000000140e-01 7.424491909999999528e-01 1.008310430000000091e+00 1.274126819999999993e+00 1.539899120000000066e+00 1.805628060000000090e+00 2.071314409999999828e+00 2.336958890000000011e+00 2.602562250000000077e+00 2.868125200000000152e+00 3.133648480000000180e+00 3.399132779999999965e+00 3.664578829999999954e+00 3.929987319999999951e+00 4.195358960000000081e+00 4.460694430000000210e+00 4.725994410000000201e+00 4.991259600000000241e+00 5.256490659999999870e+00 5.521688260000000348e+00 5.786853070000000265e+00 6.051985740000000114e+00 6.317086920000000383e+00 6.582157269999999727e+00 6.847197429999999585e+00 7.112208019999999742e+00 7.377189689999999800e+00 7.642143060000000432e+00 7.907068759999999585e+00 8.171967390000000719e+00 8.436839570000000066e+00 8.701685919999999186e+00 8.966507019999999883e+00 9.231303490000000167e+00 9.496075910000000064e+00 9.760824879999999482e+00 1.002555100000000010e+01 1.029025479999999959e+01
2.158052040000000105e+01 2.184463889999999964e+01 2.210875830000000164e+01 2.237287879999999873e+01 2.263700100000000148e+01 2.290112540000000152e+01 2.316525229999999880e+01 2.342938230000000033e+01 2.369351569999999896e+01 2.395765300000000053e+01 2.422179470000000023e+01 2.448594119999999918e+01 2.475009289999999851e+01 2.501425030000000049e+01 2.527841379999999916e+01 2.554258390000000034e+01 2.580676100000000162e+01 2.607094550000000055e+01 2.633513779999999826e+01 2.659933850000000177e+01 2.686354790000000037e+01 2.712776639999999873e+01 2.739199449999999914e+01 2.765623270000000034e+01 2.792048129999999873e+01 2.818474080000000015e+01 2.844901169999999979e+01 2.871329419999999999e+01 2.897758899999999826e+01 2.924189630000000051e+01 2.950621659999999835e+01 2.977055040000000119e+01 3.003489809999999949e+01 3.029926010000000147e+01 3.056363680000000116e+01 3.082802859999999967e+01 3.109243610000000047e+01 3.135685949999999877e+01 3.162129930000000044e+01 3.188575609999999827e+01 3.215023000000000053e+01 3.241472170000000119e+01 3.267923150000000021e+01 3.294375990000000343e+01 3.320830720000000014e+01 3.347287399999999735e+01 3.373746059999999858e+01 3.400206740000000138e+01 3.426669499999999857e+01 3.453134359999999958e+01
-2.851596699999999984e+00 -2.585202180000000016e+00 -2.318862460000000070e+00 -2.052576709999999860e+00 -1.786344079999999890e+00 -1.520163759999999975e+00 -1.254034939999999931e+00 -9.879567930000000553e-01 -7.219285220000000169e-01 -4.559493299999999860e-01 -1.900184249999999908e-01 7.586497729999999717e-02 3.417016549999999930e-01 6.074923800000000540e-01 8.732379169999999746e-01 1.138939020000000024e+00 1.404596450000000107e+00 1.670210949999999972e+00 1.935783260000000006e+00 2.201314110000000213e+00 2.466804230000000153e+00 2.732254339999999893e+00 2.997665150000000001e+00 3.263037380000000098e+00 3.528371729999999928e+00 3.793668879999999799e+00 4.058929550000000219e+00 4.324154400000000287e+00 4.589344119999999805e+00 4.854499380000000031e+00 5.119620860000000384e+00 5.384709199999999640e+00 5.649765079999999884e+00 5.914789139999999890e+00 6.179782030000000148e+00 6.444744390000000323e+00 6.709676850000000137e+00 6.974580050000000142e+00 7.239454610000000123e+00 7.504301149999999865e+00 7.769120290000000040e+00 8.033912640000000494e+00 8.298678799999999356e+00 8.563419370000000086e+00 8.828134959999999865e+00 9.092826159999999547e+00 9.357493549999999161e+00 9.622137710000000510e+00 9.886759229999999121e+00 1.015135869999999940e+01
2.147869800000000140e+01 2.174273900000000026e+01 2.200678080000000136e+01 2.227082389999999990e+01 2.253486880000000170e+01 2.279891579999999962e+01 2.306296559999999829e+01 2.332701840000000004e+01 2.359107470000000006e+01 2.385513500000000064e+01 2.411919980000000052e+01 2.438326939999999965e+01 2.464734430000000032e+01 2.491142500000000126e+01 2.517551190000000005e+01 2.543960540000000137e+01 2.570370589999999922e+01 2.596781400000000062e+01 2.623192999999999842e+01 2.649605439999999845e+01 2.676018759999999830e+01 2.702432999999999907e+01 2.728848209999999952e+01 2.755264430000000075e+01 2.781681710000000152e+01 2.808100080000000176e+01 2.834519590000000022e+01 2.860940280000000158e+01 2.887362189999999984e+01 2.913785379999999847e+01 2.940209869999999981e+01 2.966635720000000020e+01 2.993062959999999961e+01 3.019491629999999915e+01 3.045921789999999874e+01 3.072353469999999831e+01 3.098786720000000017e+01 3.125221570000000071e+01 3.151658069999999867e+01 3.178096259999999873e+01 3.204536190000000317e+01 3.230977889999999775e+01 3.257421420000000012e+01 3.283866799999999841e+01 3.310314089999999965e+01 3.336763320000000022e+01 3.363214539999999886e+01 3.389667790000000025e+01 3.416123110000000196e+01 3.442580550000000272e+01
-2.967611999999999917e+00 -2.701322030000000041e+00 -2.435086430000000135e+00 -2.168904379999999854e+00 -1.902775040000000084e+00 -1.636697590000000035e+00 -1.370671229999999907e+00 -1.104695140000000020e+00 -8.387685219999999608e-01 -5.728905869999999512e-01 -3.070605450000000181e-01 -4.127761860000000310e-02 2.244589680000000087e-01 4.901499799999999851e-01 7.557961779999999852e-01 1.021398320000000082e+00 1.286957139999999944e+00 1.552473390000000064e+00 1.817947800000000003e+00 2.083381109999999925e+00 2.348774020000000018e+00 2.614127260000000064e+00 2.879441540000000188e+00 3.144717550000000195e+00 3.409956000000000209e+00 3.675157570000000096e+00 3.940322960000000041e+00 4.205452840000000414e+00 4.470547879999999807e+00 4.735608749999999922e+00 5.000636110000000301e+00 5.265630630000000423e+00 5.530592940000000013e+00 5.795523700000000389e+00 6.060423550000000326e+00 6.325293120000000435e+00 6.590133040000000442e+00 6.854943930000000130e+00 7.119726420000000111e+00 7.384481120000000232e+00 7.649208640000000337e+00 7.913909580000000332e+00 8.178584550000000064e+00 8.443234139999999499e+00 8.707858939999999492e+00 8.972459539999999123e+00 9.237036520000000195e+00 9.501590450000000132e+00 9.766121930000000617e+00 1.003063150000000014e+01
2.139394929999999917e+01 2.165792539999999988e+01 2.192190240000000045e+01 2.218588069999999846e+01 2.244986079999999973e+01 2.271384319999999946e+01 2.297782820000000115e+01 2.324181640000000115e+01 2.350580820000000060e+01 2.376980400000000060e+01 2.403380429999999990e+01 2.429780949999999962e+01 2.456182009999999849e+01 2.482583650000000119e+01 2.508985919999999936e+01 2.535388850000000005e+01 2.561792499999999961e+01 2.588196900000000156e+01 2.614602109999999868e+01 2.641008150000000043e+01 2.667415090000000077e+01 2.693822949999999850e+01 2.720231790000000061e+01 2.746641639999999995e+01 2.773052560000000000e+01 2.799464580000000069e+01 2.825877739999999960e+01 2.852292089999999902e+01 2.878707680000000124e+01 2.905124530000000149e+01 2.931542710000000085e+01 2.957962240000000165e+01 2.984383180000000024e+01 3.010805560000000014e+01 3.037229430000000008e+01 3.063654820000000001e+01 3.090081789999999984e+01 3.116510369999999952e+01 3.142940610000000135e+01 3.169372549999999933e+01 3.195806220000000053e+01 3.222241679999999775e+01 3.248678970000000277e+01 3.275118119999999777e+01 3.301559180000000282e+01 3.328002190000000127e+01 3.354447199999999896e+01 3.380894239999999940e+01 3.407343360000000132e+01 3.433794600000000230e+01
-3.066147710000000082e+00 -2.799945399999999918e+00 -2.533797110000000075e+00 -2.267701999999999884e+00 -2.001659259999999829e+00 -1.735668049999999907e+00 -1.469727589999999973e+00 -1.203837049999999964e+00 -9.379956430000000456e-01 -6.722025849999999636e-01 -4.064570900000000209e-01 -1.407583819999999875e-01 1.248943069999999961e-01 3.905017390000000144e-01 6.560646700000000164e-01 9.215838490000000105e-01 1.187060020000000105e+00 1.452493910000000055e+00 1.717886259999999998e+00 1.983237780000000061e+00 2.248549199999999804e+00 2.513821220000000078e+00 2.779054540000000184e+00 3.044249880000000186e+00 3.309407900000000069e+00 3.574529309999999960e+00 3.839614779999999783e+00 4.104664979999999908e+00 4.369680589999999754e+00 4.634662249999999872e+00 4.899610639999999684e+00 5.164526399999999740e+00 5.429410179999999642e+00 5.694262610000000002e+00 5.959084329999999596e+00 6.223875979999999863e+00 6.488638169999999761e+00 6.753371519999999961e+00 7.018076640000000310e+00 7.282754159999999644e+00 7.547404669999999705e+00 7.812028770000000399e+00 8.076627050000000807e+00 8.341200110000000834e+00 8.605748529999999619e+00 8.870272899999999794e+00 9.134773790000000560e+00 9.399251780000000167e+00 9.663707430000000542e+00 9.928141310000000885e+00
2.132633200000000073e+01 2.159025600000000011e+01 2.185418100000000052e+01 2.211810729999999836e+01 2.238203539999999947e+01 2.264596579999999904e+01 2.290989890000000173e+01 2.317383519999999919e+01 2.343777509999999964e+01 2.370171909999999826e+01 2.396566759999999974e+01 2.422962109999999925e+01 2.449358000000000146e+01 2.475754480000000157e+01 2.502151579999999953e+01 2.528549359999999879e+01 2.554947849999999931e+01 2.581347110000000100e+01 2.607747170000000025e+01 2.634148070000000175e+01 2.660549879999999945e+01 2.686952610000000163e+01 2.713356329999999872e+01 2.739761060000000015e+01 2.766166869999999989e+01 2.792573780000000028e+01 2.818981840000000005e+01 2.845391100000000151e+01 2.871801590000000104e+01 2.898213369999999856e+01 2.924626459999999994e+01 2.951040929999999918e+01 2.977456799999999859e+01 3.003874120000000048e+01 3.030292929999999885e+01 3.056713279999999955e+01 3.083135210000000015e+01 3.109558750000000060e+01 3.135983960000000081e+01 3.162410870000000074e+01 3.188839529999999911e+01 3.215269980000000061e+01 3.241702260000000280e+01 3.268136410000000325e+01 3.294572480000000070e+01 3.321010499999999865e+01 3.347450529999999702e+01 3.373892589999999814e+01 3.400336740000000191e+01 3.426783009999999763e+01
-3.147087529999999855e+00 -2.880956400000000084e+00 -2.614878989999999792e+00 -2.348854460000000088e+00 -2.082882000000000122e+00 -1.816960789999999992e+00 -1.551090029999999897e+00 -1.285268920000000037e+00 -1.019496670000000105e+00 -7.537724829999999931e-01 -4.880955900000000236e-01 -2.224652169999999929e-01 4.311940069999999764e-02 3.086590200000000062e-01 5.741543930000000406e-01 8.396062629999999638e-01 1.105015370000000052e+00 1.370382439999999979e+00 1.635708200000000057e+00 1.900993369999999905e+00 2.166238659999999872e+00 2.431444770000000144e+00 2.696612410000000182e+00 2.961742269999999788e+00 3.226835020000000220e+00 3.491891369999999828e+00 3.756911969999999990e+00 4.021897489999999742e+00 4.286848609999999837e+00 4.551765969999999939e+00 4.816650229999999588e+00 5.081502040000000164e+00 5.346322029999999614e+00 5.611110830000000327e+00 5.875869090000000128e+00 6.140597419999999751e+00 6.405296439999999869e+00 6.669966770000000267e+00 6.934609019999999902e+00 7.199223779999999628e+00 7.463811670000000120e+00 7.728373269999999629e+00 7.992909179999999836e+00 8.257419979999999882e+00 8.521906259999999733e+00 8.786368590000000367e+00 9.050807539999999207e+00 9.315223689999999834e+00 9.579617589999999794e+00 9.843989819999999114e+00
2.127589370000000102e+01 2.153977860000000177e+01 2.180366439999999884e+01 2.206755160000000160e+01 2.233144070000000170e+01 2.259533199999999908e+01 2.285922610000000077e+01 2.312312340000000077e+01 2.338702440000000138e+01 2.365092939999999899e+01 2.391483900000000062e+01 2.417875360000000029e+01 2.444267370000000028e+01 2.470659960000000055e+01 2.497053179999999983e+01 2.523447080000000042e+01 2.549841699999999989e+01 2.576237079999999935e+01 2.602633270000000110e+01 2.629030320000000032e+01 2.655428260000000051e+01 2.681827140000000043e+01 2.708227000000000118e+01 2.734627890000000150e+01 2.761029849999999897e+01 2.787432919999999825e+01 2.813837150000000165e+01 2.840242569999999844e+01 2.866649239999999921e+01 2.893057190000000034e+01 2.919466470000000058e+01 2.945877120000000104e+01 2.972289179999999931e+01 2.998702700000000121e+01 3.025117720000000077e+01 3.051534270000000149e+01 3.077952409999999972e+01 3.104372169999999898e+01 3.130793600000000154e+01 3.157216740000000144e+01 3.183641629999999978e+01 3.210068309999999769e+01 3.236496830000000102e+01 3.262927229999999668e+01 3.289359540000000237e+01 3.315793819999999670e+01 3.342230109999999854e+01 3.368668430000000313e+01 3.395108849999999734e+01 3.421551399999999887e+01
-3.210350249999999850e+00 -2.944274109999999833e+00 -2.678251449999999867e+00 -2.412281440000000110e+00 -2.146363270000000156e+00 -1.880496130000000043e+00 -1.614679210000000031e+00 -1.348911710000000097e+00 -1.083192860000000035e+00 -8.175218619999999881e-01 -5.518979440000000292e-01 -2.863203400000000065e-01 -2.078828710000000038e-02 2.446989679999999889e-01 5.101421720000000049e-01 7.755420669999999461e-01 1.040899390000000091e+00 1.306214860000000089e+00 1.571489200000000030e+00 1.836723120000000042e+00 2.101917349999999907e+00 2.367072559999999992e+00 2.632189460000000203e+00 2.897268749999999837e+00 3.162311090000000213e+00 3.427317169999999802e+00 3.692287649999999921e+00 3.957223209999999991e+00 4.222124499999999614e+00 4.486992169999999724e+00 4.751826870000000369e+00 5.016629240000000323e+00 5.281399920000000137e+00 5.546139540000000423e+00 5.810848730000000018e+00 6.075528099999999654e+00 6.340178270000000005e+00 6.604799850000000028e+00 6.869393449999999568e+00 7.133959670000000308e+00 7.398499089999999612e+00 7.663012329999999928e+00 7.927499949999999629e+00 8.191962549999999510e+00 8.456400699999999659e+00 8.720814980000000105e+00 8.985205960000000047e+00 9.249574190000000584e+00 9.513920249999999967e+00 9.778244689999999295e+00
2.124264339999999862e+01 2.150650219999999990e+01 2.177036199999999866e+01 2.203422330000000073e+01 2.229808630000000136e+01 2.256195170000000161e+01 2.282581989999999905e+01 2.308969120000000075e+01 2.335356630000000067e+01 2.361744540000000114e+01 2.388132909999999853e+01 2.414521780000000106e+01 2.440911200000000036e+01 2.467301199999999994e+01 2.493691850000000088e+01 2.520083169999999839e+01 2.546475209999999834e+01 2.572868019999999945e+01 2.599261639999999929e+01 2.625656109999999899e+01 2.652051480000000083e+01 2.678447800000000001e+01 2.704845100000000002e+01 2.731243419999999844e+01 2.757642819999999872e+01 2.784043339999999844e+01 2.810445019999999872e+01 2.836847889999999950e+01 2.863252010000000070e+01 2.889657419999999988e+01 2.916064160000000172e+01 2.942472280000000140e+01 2.968881809999999888e+01 2.995292789999999883e+01 3.021705280000000116e+01 3.048119309999999871e+01 3.074534930000000088e+01 3.100952180000000169e+01 3.127371090000000109e+01 3.153791719999999899e+01 3.180214110000000005e+01 3.206638290000000069e+01 3.233064310000000319e+01 3.259492209999999801e+01 3.285922039999999811e+01 3.312353829999999988e+01 3.338787630000000206e+01 3.365223470000000106e+01 3.391661409999999677e+01 3.418101479999999981e+01
-3.255877599999999816e+00 -2.989840529999999941e+00 -2.723856780000000199e+00 -2.457925509999999925e+00 -2.192045919999999981e+00 -1.926217199999999963e+00 -1.660438529999999968e+00 -1.394709140000000014e+00 -1.129028230000000077e+00 -8.633950209999999847e-01 -5.978087450000000302e-01 -3.322686349999999789e-01 -6.677393299999999365e-02 1.986761129999999875e-01 4.640822479999999750e-01 7.294452089999999833e-01 9.947657269999999885e-01 1.260044530000000051e+00 1.525282330000000020e+00 1.790479829999999994e+00 2.055637760000000203e+00 2.320756789999999903e+00 2.585837629999999887e+00 2.850880960000000020e+00 3.115887460000000164e+00 3.380857799999999802e+00 3.645792660000000129e+00 3.910692679999999921e+00 4.175558529999999990e+00 4.440390859999999940e+00 4.705190309999999876e+00 4.969957510000000411e+00 5.234693110000000260e+00 5.499397740000000034e+00 5.764071999999999640e+00 6.028716529999999629e+00 6.293331919999999968e+00 6.557918800000000381e+00 6.822477769999999886e+00 7.087009410000000287e+00 7.351514329999999653e+00 7.615993109999999788e+00 7.880446339999999772e+00 8.144874590000000580e+00 8.409278450000000404e+00 8.673658480000000282e+00 8.938015260000000239e+00 9.202349330000000549e+00 9.466661269999999462e+00 9.730951629999999852e+00
2.122659270000000120e+01 2.149043879999999973e+01 2.175428580000000167e+01 2.201813419999999866e+01 2.228198450000000008e+01 2.254583720000000113e+01 2.280969250000000059e+01 2.307355120000000070e+01 2.333741339999999909e+01 2.360127990000000153e+01 2.386515079999999855e+01 2.412902679999999833e+01 2.439290829999999843e+01 2.465679559999999881e+01 2.492068940000000055e+01 2.518458989999999886e+01 2.544849759999999961e+01 2.571241309999999913e+01 2.597633659999999978e+01 2.624026870000000145e+01 2.650420980000000171e+01 2.676816030000000168e+01 2.703212070000000011e+01 2.729609140000000167e+01 2.756007290000000154e+01 2.782406549999999967e+01 2.808806969999999836e+01 2.835208589999999873e+01 2.861611459999999951e+01 2.888015619999999828e+01 2.914421120000000087e+01 2.940827979999999897e+01 2.967236270000000076e+01 2.993646010000000146e+01 3.020057260000000099e+01 3.046470060000000046e+01 3.072884439999999984e+01 3.099300450000000140e+01 3.125718129999999917e+01 3.152137529999999899e+01 3.178558689999999842e+01 3.204981639999999743e+01 3.231406439999999947e+01 3.257833109999999976e+01 3.284261719999999940e+01 3.310692290000000071e+01 3.337124870000000243e+01 3.363559500000000213e+01 3.389996219999999738e+01 3.416435080000000113e+01
-3.283617679999999872e+00 -3.017604009999999892e+00 -2.751643549999999827e+00 -2.485735480000000219e+00 -2.219878990000000218e+00 -1.954073259999999923e+00 -1.688317510000000077e+00 -1.422610930000000051e+00 -1.156952739999999924e+00 -8.913421609999999662e-01 -6.257784290000000249e-01 -3.602607749999999776e-01 -9.478844379999999681e-02 1.706393150000000136e-01 4.360232450000000037e-01 7.013640799999999453e-01 9.666625509999999810e-01 1.231919379999999897e+00 1.497135279999999957e+00 1.762310969999999921e+00 2.027447140000000037e+00 2.292544490000000046e+00 2.557603719999999914e+00 2.822625500000000009e+00 3.087610510000000197e+00 3.352559429999999896e+00 3.617472919999999981e+00 3.882351630000000053e+00 4.147196229999999595e+00 4.412007359999999601e+00 4.676785660000000178e+00 4.941531780000000040e+00 5.206246329999999922e+00 5.470929950000000375e+00 5.735583260000000294e+00 6.000206880000000353e+00 6.264801399999999632e+00 6.529367449999999629e+00 6.793905620000000312e+00 7.058416499999999871e+00 7.322900699999999929e+00 7.587358789999999686e+00 7.851791350000000058e+00 8.116198980000000063e+00 8.380582229999999910e+00 8.644941680000000517e+00 8.909277899999999306e+00 9.173591439999999153e+00 9.437882869999999258e+00 9.702152740000000719e+00
2.122775090000000020e+01 2.149159750000000102e+01 2.175544500000000170e+01 2.201929399999999859e+01 2.228314479999999875e+01 2.254699790000000093e+01 2.281085380000000029e+01 2.307471290000000153e+01 2.333857569999999981e+01 2.360244259999999983e+01 2.386631410000000031e+01 2.413019059999999882e+01 2.439407260000000122e+01 2.465796050000000150e+01 2.492185470000000080e+01 2.518575570000000141e+01 2.544966399999999851e+01 2.571357989999999916e+01 2.597750399999999971e+01 2.624143660000000011e+01 2.650537819999999911e+01 2.676932929999999899e+01 2.703329019999999971e+01 2.729726140000000001e+01 2.756124339999999862e+01 2.782523649999999904e+01 2.808924120000000002e+01 2.835325800000000029e+01 2.861728719999999981e+01 2.888132930000000087e+01 2.914538479999999865e+01 2.940945400000000021e+01 2.967353729999999956e+01 2.993763530000000017e+01 3.020174829999999844e+01 3.046587680000000020e+01 3.073002109999999831e+01 3.099418179999999978e+01 3.125835909999999984e+01 3.152255359999999840e+01 3.178676570000000012e+01 3.205099580000000259e+01 3.231524430000000336e+01 3.257951159999999646e+01 3.284379820000000194e+01 3.310810440000000199e+01 3.337243070000000245e+01 3.363677760000000205e+01 3.390114530000000315e+01 3.416553439999999853e+01
-3.293543759999999931e+00 -3.027537950000000144e+00 -2.761585320000000010e+00 -2.495685040000000132e+00 -2.229836310000000044e+00 -1.964038320000000004e+00 -1.698290269999999991e+00 -1.432591359999999980e+00 -1.166940810000000051e+00 -9.013378499999999960e-01 -6.357817019999999486e-01 -3.702716050000000036e-01 -1.048068030000000039e-01 1.606134539999999888e-01 4.259899079999999727e-01 6.913232929999999499e-01 9.566143390000000357e-01 1.221863769999999905e+00 1.487072289999999963e+00 1.752240629999999966e+00 2.017369470000000220e+00 2.282459509999999803e+00 2.547511450000000011e+00 2.812525959999999881e+00 3.077503730000000104e+00 3.342445419999999778e+00 3.607351690000000222e+00 3.872223219999999966e+00 4.137060639999999623e+00 4.401864619999999562e+00 4.666635780000000011e+00 4.931374769999999685e+00 5.196082210000000146e+00 5.460758740000000167e+00 5.725404959999999654e+00 5.990021510000000049e+00 6.254608980000000429e+00 6.519167979999999751e+00 6.783699109999999699e+00 7.048202970000000178e+00 7.312680150000000268e+00 7.577131239999999934e+00 7.841556810000000155e+00 8.105957439999999181e+00 8.370333710000000593e+00 8.634686190000000039e+00 8.899015439999999444e+00 9.163322029999999785e+00 9.427606499999999556e+00 9.691869419999999735e+00
2.124609909999999857e+01 2.150995950000000079e+01 2.177382079999999931e+01 2.203768349999999998e+01 2.230154810000000154e+01 2.256541500000000156e+01 2.282928469999999876e+01 2.309315760000000139e+01 2.335703409999999991e+01 2.362091480000000132e+01 2.388479999999999848e+01 2.414869029999999839e+01 2.441258600000000101e+01 2.467648760000000152e+01 2.494039550000000105e+01 2.520431029999999950e+01 2.546823219999999921e+01 2.573216180000000008e+01 2.599609960000000086e+01 2.626004590000000150e+01 2.652400109999999955e+01 2.678796579999999850e+01 2.705194039999999944e+01 2.731592519999999880e+01 2.757992080000000001e+01 2.784392749999999950e+01 2.810794579999999954e+01 2.837197610000000125e+01 2.863601889999999983e+01 2.890007459999999995e+01 2.916414350000000155e+01 2.942822620000000100e+01 2.969232309999999941e+01 2.995643450000000030e+01 3.022056100000000001e+01 3.048470289999999849e+01 3.074886070000000160e+01 3.101303469999999862e+01 3.127722550000000012e+01 3.154143330000000134e+01 3.180565879999999979e+01 3.206990220000000136e+01 3.233416400000000124e+01 3.259844460000000055e+01 3.286274439999999686e+01 3.312706390000000312e+01 3.339140350000000268e+01 3.365576360000000022e+01 3.392014460000000042e+01 3.418454690000000085e+01
-3.285624390000000172e+00 -3.019610960000000066e+00 -2.753650749999999814e+00 -2.487742930000000019e+00 -2.221886689999999831e+00 -1.956081219999999954e+00 -1.690325719999999921e+00 -1.424619400000000091e+00 -1.158961480000000099e+00 -8.933511710000000550e-01 -6.277877099999999988e-01 -3.622703299999999738e-01 -9.679827629999999961e-02 1.686292020000000058e-01 4.340128480000000066e-01 6.993533969999999877e-01 9.646515780000000095e-01 1.229908109999999999e+00 1.495123720000000045e+00 1.760299110000000056e+00 2.025434979999999996e+00 2.290532020000000113e+00 2.555590940000000089e+00 2.820612409999999848e+00 3.085597110000000143e+00 3.350545710000000010e+00 3.615458869999999880e+00 3.880337260000000121e+00 4.145181540000000275e+00 4.409992329999999683e+00 4.674770299999999601e+00 4.939516079999999754e+00 5.204230289999999925e+00 5.468913569999999780e+00 5.733566530000000050e+00 5.998189799999999572e+00 6.262783970000000089e+00 6.527349659999999609e+00 6.791887469999999816e+00 7.056397999999999726e+00 7.320881820000000317e+00 7.585339539999999658e+00 7.849771740000000442e+00 8.114178989999999203e+00 8.378561859999999584e+00 8.642920930000000723e+00 8.907256759999999218e+00 9.171569919999999598e+00 9.435860950000000358e+00 9.700130429999999748e+00
2.128161910000000034e+01 2.154550649999999834e+01 2.180939490000000092e+01 2.207328460000000092e+01 2.233717619999999826e+01 2.260107010000000116e+01 2.286496670000000009e+01 2.312886650000000088e+01 2.339276999999999873e+01 2.365667759999999831e+01 2.392058970000000073e+01 2.418450689999999881e+01 2.444842949999999959e+01 2.471235790000000065e+01 2.497629269999999835e+01 2.524023419999999973e+01 2.550418300000000116e+01 2.576813939999999903e+01 2.603210389999999919e+01 2.629607689999999920e+01 2.656005890000000136e+01 2.682405029999999968e+01 2.708805149999999884e+01 2.735206289999999996e+01 2.761608509999999939e+01 2.788011840000000063e+01 2.814416320000000127e+01 2.840822010000000120e+01 2.867228940000000037e+01 2.893637149999999991e+01 2.920046689999999856e+01 2.946457600000000099e+01 2.972869920000000121e+01 2.999283700000000152e+01 3.025698969999999832e+01 3.052115789999999862e+01 3.078534189999999882e+01 3.104954210000000003e+01 3.131375900000000101e+01 3.157799310000000048e+01 3.184224460000000079e+01 3.210651409999999828e+01 3.237080189999999646e+01 3.263510850000000119e+01 3.289943430000000291e+01 3.316377969999999920e+01 3.342814520000000300e+01 3.369253109999999651e+01 3.395693789999999979e+01 3.422136600000000328e+01
-3.259855060000000027e+00 -2.993818490000000221e+00 -2.727835240000000105e+00 -2.461904479999999840e+00 -2.196025409999999845e+00 -1.930197200000000057e+00 -1.664419059999999950e+00 -1.398690210000000045e+00 -1.133009839999999935e+00 -8.673771770000000547e-01 -6.017914559999999469e-01 -3.362519059999999893e-01 -7.075777099999999709e-02 1.946917019999999943e-01 4.600972569999999817e-01 7.254596319999999654e-01 9.907795579999999491e-01 1.256057760000000023e+00 1.521294949999999924e+00 1.786491849999999992e+00 2.051649160000000194e+00 2.316767570000000109e+00 2.581847779999999926e+00 2.846890469999999951e+00 3.111896329999999988e+00 3.376866020000000024e+00 3.641800219999999921e+00 3.906699580000000172e+00 4.171564759999999872e+00 4.436396420000000340e+00 4.701195180000000029e+00 4.965961700000000256e+00 5.230696609999999858e+00 5.495400530000000394e+00 5.760074089999999813e+00 6.024717909999999677e+00 6.289332589999999890e+00 6.553918740000000298e+00 6.818476979999999799e+00 7.083007880000000256e+00 7.347512059999999678e+00 7.611990089999999931e+00 7.876442560000000093e+00 8.140870059999999242e+00 8.405273149999999305e+00 8.669652400000000370e+00 8.934008399999999739e+00 9.198341680000000409e+00 9.462652829999999682e+00 9.726942389999999605e+00
2.133426299999999998e+01 2.159819050000000118e+01 2.186211899999999986e+01 2.212604879999999952e+01 2.238998050000000006e+01 2.265391440000000145e+01 2.291785110000000003e+01 2.318179089999999931e+01 2.344573439999999920e+01 2.370968200000000081e+01 2.397363410000000172e+01 2.423759109999999950e+01 2.450155360000000115e+01 2.476552189999999953e+01 2.502949650000000048e+01 2.529347789999999918e+01 2.555746639999999914e+01 2.582146260000000026e+01 2.608546679999999895e+01 2.634947939999999988e+01 2.661350110000000058e+01 2.687753199999999865e+01 2.714157279999999872e+01 2.740562380000000076e+01 2.766968539999999876e+01 2.793375809999999859e+01 2.819784239999999897e+01 2.846193859999999987e+01 2.872604720000000000e+01 2.899016849999999934e+01 2.925430310000000134e+01 2.951845140000000001e+01 2.978261369999999886e+01 3.004679060000000135e+01 3.031098240000000033e+01 3.057518950000000046e+01 3.083941240000000050e+01 3.110365159999999918e+01 3.136790729999999883e+01 3.163218009999999936e+01 3.189647039999999834e+01 3.216077849999999927e+01 3.242510500000000206e+01 3.268945020000000312e+01 3.295381460000000118e+01 3.321819849999999974e+01 3.348260239999999754e+01 3.374702669999999927e+01 3.401147189999999654e+01 3.427593829999999997e+01
-3.216242139999999861e+00 -2.950166760000000110e+00 -2.684144869999999905e+00 -2.418175639999999849e+00 -2.152258259999999979e+00 -1.886391920000000111e+00 -1.620575810000000061e+00 -1.354809139999999967e+00 -1.089091110000000029e+00 -8.234209489999999576e-01 -5.577978789999999965e-01 -2.922211319999999946e-01 -2.668994549999999938e-02 2.387964340000000019e-01 5.042387529999999840e-01 7.696377540000000073e-01 1.034994170000000047e+00 1.300308730000000024e+00 1.565582150000000006e+00 1.830815139999999897e+00 2.096008419999999983e+00 2.361162690000000008e+00 2.626278629999999836e+00 2.891356950000000037e+00 3.156398310000000151e+00 3.421403399999999984e+00 3.686372889999999902e+00 3.951307449999999832e+00 4.216207719999999881e+00 4.481074369999999973e+00 4.745908039999999772e+00 5.010709369999999829e+00 5.275478999999999807e+00 5.540217560000000319e+00 5.804925680000000199e+00 6.069603970000000182e+00 6.334253050000000052e+00 6.598873539999999593e+00 6.863466029999999662e+00 7.128031130000000104e+00 7.392569439999999936e+00 7.657081540000000075e+00 7.921568019999999599e+00 8.186029469999999364e+00 8.450466470000000285e+00 8.714879570000000797e+00 8.979269370000000805e+00 9.243636419999999632e+00 9.507981279999999202e+00 9.772304520000000494e+00
2.140401059999999944e+01 2.166799119999999945e+01 2.193197269999999932e+01 2.219595560000000134e+01 2.245994019999999836e+01 2.272392710000000093e+01 2.298791669999999954e+01 2.325190939999999884e+01 2.351590579999999875e+01 2.377990619999999922e+01 2.404391100000000137e+01 2.430792080000000155e+01 2.457193589999999972e+01 2.483595689999999934e+01 2.509998410000000035e+01 2.536401800000000151e+01 2.562805910000000154e+01 2.589210770000000039e+01 2.615616430000000037e+01 2.642022929999999903e+01 2.668430329999999984e+01 2.694838650000000158e+01 2.721247950000000060e+01 2.747658260000000041e+01 2.774069640000000092e+01 2.800482110000000091e+01 2.826895740000000146e+01 2.853310550000000134e+01 2.879726600000000047e+01 2.906143919999999881e+01 2.932562550000000101e+01 2.958982549999999989e+01 2.985403949999999895e+01 3.011826789999999932e+01 3.038251130000000089e+01 3.064676989999999890e+01 3.091104419999999919e+01 3.117533459999999934e+01 3.143964169999999925e+01 3.170396570000000125e+01 3.196830710000000053e+01 3.223266639999999938e+01 3.249704390000000132e+01 3.276144010000000151e+01 3.302585539999999753e+01 3.329029020000000116e+01 3.355474490000000287e+01 3.381922000000000139e+01 3.408371590000000140e+01 3.434823300000000046e+01
-3.154812469999999980e+00 -2.888682390000000044e+00 -2.622606039999999972e+00 -2.356582599999999861e+00 -2.090611229999999932e+00 -1.824691129999999939e+00 -1.558821489999999921e+00 -1.293001510000000076e+00 -1.027230389999999938e+00 -7.615073620000000210e-01 -4.958316349999999928e-01 -2.302024400000000082e-01 3.538098709999999703e-02 3.009194040000000014e-01 5.664135630000000088e-01 8.318642069999999666e-01 1.097272070000000044e+00 1.362637890000000018e+00 1.627962389999999981e+00 1.893246289999999998e+00 2.158490290000000034e+00 2.423695110000000152e+00 2.688861440000000158e+00 2.953989979999999793e+00 3.219081399999999871e+00 3.484136400000000133e+00 3.749155650000000062e+00 4.014139799999999703e+00 4.279089540000000191e+00 4.544005509999999859e+00 4.808888370000000023e+00 5.073738760000000347e+00 5.338557330000000434e+00 5.603344700000000067e+00 5.868101499999999859e+00 6.132828370000000362e+00 6.397525919999999644e+00 6.662194770000000155e+00 6.926835520000000024e+00 7.191448779999999985e+00 7.456035149999999945e+00 7.720595219999999870e+00 7.985129589999999666e+00 8.249638839999999362e+00 8.514123550000000762e+00 8.778584300000000340e+00 9.043021660000000850e+00 9.307436210000000543e+00 9.571828509999999568e+00 9.836199110000000800e+00
2.149079550000000083e+01 2.175484200000000001e+01 2.201888930000000144e+01 2.228293790000000030e+01 2.254698820000000126e+01 2.281104080000000067e+01 2.307509599999999850e+01 2.333915430000000057e+01 2.360321610000000092e+01 2.386728189999999827e+01 2.413135210000000086e+01 2.439542720000000031e+01 2.465950769999999892e+01 2.492359390000000019e+01 2.518768620000000169e+01 2.545178519999999978e+01 2.571589129999999912e+01 2.598000490000000084e+01 2.624412639999999897e+01 2.650825629999999933e+01 2.677239510000000067e+01 2.703654300000000177e+01 2.730070059999999899e+01 2.756486840000000171e+01 2.782904669999999925e+01 2.809323589999999982e+01 2.835743649999999860e+01 2.862164900000000145e+01 2.888587370000000121e+01 2.915011110000000016e+01 2.941436149999999827e+01 2.967862549999999899e+01 2.994290349999999989e+01 3.020719580000000093e+01 3.047150299999999845e+01 3.073582529999999835e+01 3.100016340000000170e+01 3.126451750000000018e+01 3.152888809999999964e+01 3.179327560000000119e+01 3.205768040000000241e+01 3.232210309999999964e+01 3.258654390000000234e+01 3.285100330000000213e+01 3.311548179999999775e+01 3.337997969999999981e+01 3.364449749999999995e+01 3.390903569999999689e+01 3.417359460000000126e+01 3.443817460000000352e+01
-3.075605289999999936e+00 -2.809404339999999944e+00 -2.543257420000000213e+00 -2.277163700000000013e+00 -2.011122359999999887e+00 -1.745132579999999933e+00 -1.479193540000000029e+00 -1.213304460000000029e+00 -9.474645250000000019e-01 -6.816729529999999704e-01 -4.159289609999999859e-01 -1.502317709999999862e-01 1.154193830000000004e-01 3.810252650000000019e-01 6.465866289999999683e-01 9.121042249999999907e-01 1.177578800000000037e+00 1.443011070000000062e+00 1.708401789999999920e+00 1.973751669999999958e+00 2.239061430000000019e+00 2.504331769999999846e+00 2.769563409999999948e+00 3.034757030000000189e+00 3.299913339999999806e+00 3.565033010000000058e+00 3.830116729999999858e+00 4.095165159999999638e+00 4.360178989999999644e+00 4.625158859999999983e+00 4.890105440000000137e+00 5.155019369999999768e+00 5.419901310000000194e+00 5.684751880000000313e+00 5.949571739999999664e+00 6.214361499999999872e+00 6.479121789999999770e+00 6.743853220000000093e+00 7.008556419999999676e+00 7.273232000000000141e+00 7.537880549999999680e+00 7.802502679999999913e+00 8.067098969999999980e+00 8.331670040000000554e+00 8.596216450000000009e+00 8.860738789999999199e+00 9.125237639999999928e+00 9.389713569999999621e+00 9.654167149999999253e+00 9.918598949999999803e+00
2.159453849999999875e+01 2.185866349999999869e+01 2.212278909999999854e+01 2.238691610000000054e+01 2.265104459999999875e+01 2.291517539999999897e+01 2.317930869999999999e+01 2.344344500000000053e+01 2.370758479999999935e+01 2.397172850000000111e+01 2.423587649999999982e+01 2.450002939999999896e+01 2.476418749999999847e+01 2.502835119999999947e+01 2.529252109999999831e+01 2.555669759999999968e+01 2.582088099999999997e+01 2.608507189999999909e+01 2.634927060000000054e+01 2.661347770000000068e+01 2.687769339999999829e+01 2.714191840000000155e+01 2.740615289999999860e+01 2.767039749999999998e+01 2.793465249999999855e+01 2.819891840000000016e+01 2.846319559999999882e+01 2.872748460000000037e+01 2.899178570000000121e+01 2.925609940000000009e+01 2.952042619999999928e+01 2.978476639999999875e+01 3.004912050000000079e+01 3.031348889999999940e+01 3.057787199999999928e+01 3.084227029999999914e+01 3.110668409999999895e+01 3.137111399999999861e+01 3.163556030000000163e+01 3.190002339999999847e+01 3.216450379999999853e+01 3.242900199999999700e+01 3.269351819999999975e+01 3.295805310000000077e+01 3.322260690000000238e+01 3.348718010000000334e+01 3.375177320000000236e+01 3.401638650000000297e+01 3.428102059999999796e+01 3.454567579999999793e+01
-2.978678609999999782e+00 -2.712390259999999831e+00 -2.446156300000000172e+00 -2.179975910000000017e+00 -1.913848259999999968e+00 -1.647772529999999902e+00 -1.381747899999999918e+00 -1.115773569999999992e+00 -8.498487329999999673e-01 -5.839726020000000073e-01 -3.181443880000000002e-01 -5.236331100000000266e-02 2.133714029999999873e-01 4.790605210000000169e-01 7.447048029999999708e-01 1.010305000000000009e+00 1.275861869999999954e+00 1.541376139999999895e+00 1.806848549999999998e+00 2.072279829999999823e+00 2.337670699999999879e+00 2.603021870000000071e+00 2.868334060000000019e+00 3.133607959999999970e+00 3.398844289999999990e+00 3.664043710000000065e+00 3.929206929999999875e+00 4.194334620000000236e+00 4.459427449999999737e+00 4.724486100000000022e+00 4.989511209999999863e+00 5.254503459999999571e+00 5.519463489999999695e+00 5.784391949999999838e+00 6.049289469999999724e+00 6.314156699999999844e+00 6.578994259999999983e+00 6.843802769999999924e+00 7.108582860000000281e+00 7.373335149999999949e+00 7.638060229999999784e+00 7.902758719999999570e+00 8.167431219999999215e+00 8.432078320000000460e+00 8.696700610000000609e+00 8.961298689999999567e+00 9.225873130000000089e+00 9.490424510000000424e+00 9.754953410000000602e+00 1.001946039999999982e+01
2.171474909999999880e+01 2.197896469999999880e+01 2.224318099999999987e+01 2.250739839999999958e+01 2.277161740000000023e+01 2.303583839999999938e+01 2.330006189999999933e+01 2.356428830000000119e+01 2.382851810000000015e+01 2.409275170000000088e+01 2.435698959999999857e+01 2.462123210000000029e+01 2.488547979999999882e+01 2.514973309999999884e+01 2.541399240000000148e+01 2.567825819999999837e+01 2.594253090000000128e+01 2.620681090000000069e+01 2.647109869999999887e+01 2.673539470000000051e+01 2.699969929999999962e+01 2.726401309999999967e+01 2.752833629999999943e+01 2.779266940000000119e+01 2.805701290000000014e+01 2.832136729999999858e+01 2.858573279999999883e+01 2.885011000000000081e+01 2.911449929999999853e+01 2.937890120000000138e+01 2.964331590000000105e+01 2.990774409999999861e+01 3.017218599999999995e+01 3.043664220000000142e+01 3.070111310000000060e+01 3.096559900000000098e+01 3.123010049999999893e+01 3.149461790000000150e+01 3.175915170000000032e+01 3.202370229999999651e+01 3.228827009999999831e+01 3.255285570000000206e+01 3.281745930000000300e+01 3.308208139999999986e+01 3.334672249999999849e+01 3.361138299999999646e+01 3.387606329999999843e+01 3.414076390000000316e+01 3.440548520000000110e+01 3.467022769999999809e+01
-2.864114439999999817e+00 -2.597721799999999970e+00 -2.331383980000000022e+00 -2.065100150000000134e+00 -1.798869489999999960e+00 -1.532691159999999941e+00 -1.266564349999999894e+00 -1.000488250000000079e+00 -7.344620609999999994e-01 -4.684849750000000257e-01 -2.025562049999999892e-01 6.332503329999999986e-02 3.291595190000000115e-01 5.949480230000000480e-01 8.606913120000000417e-01 1.126390140000000040e+00 1.392045269999999890e+00 1.657657439999999927e+00 1.923227390000000092e+00 2.188755850000000169e+00 2.454243560000000102e+00 2.719691230000000015e+00 2.985099579999999975e+00 3.250469310000000167e+00 3.515801140000000213e+00 3.781095749999999978e+00 4.046353850000000030e+00 4.311576099999999911e+00 4.576763210000000193e+00 4.841915829999999588e+00 5.107034630000000242e+00 5.372120289999999798e+00 5.637173449999999697e+00 5.902194760000000429e+00 6.167184889999999697e+00 6.432144459999999953e+00 6.697074109999999969e+00 6.961974470000000359e+00 7.226846169999999958e+00 7.491689830000000327e+00 7.756506060000000424e+00 8.021295479999999145e+00 8.286058690000000837e+00 8.550796300000000016e+00 8.815508890000000264e+00 9.080197070000000537e+00 9.344861420000000862e+00 9.609502530000000320e+00 9.874120969999999886e+00 1.013871729999999971e+01
2.185075450000000075e+01 2.211507260000000130e+01 2.237939130000000176e+01 2.264371089999999853e+01 2.290803199999999862e+01 2.317235499999999959e+01 2.343668029999999902e+01 2.370100839999999920e+01 2.396533970000000124e+01 2.422967480000000151e+01 2.449401389999999878e+01 2.475835770000000124e+01 2.502270640000000057e+01 2.528706060000000022e+01 2.555142079999999893e+01 2.581578730000000022e+01 2.608016050000000163e+01 2.634454099999999954e+01 2.660892910000000100e+01 2.687332539999999881e+01 2.713773020000000002e+01 2.740214389999999867e+01 2.766656710000000174e+01 2.793100009999999855e+01 2.819544339999999849e+01 2.845989750000000029e+01 2.872436259999999919e+01 2.898883939999999981e+01 2.925332819999999856e+01 2.951782940000000011e+01 2.978234349999999964e+01 3.004687089999999827e+01 3.031141209999999830e+01 3.057596750000000085e+01 3.084053749999999994e+01 3.110512260000000140e+01 3.136972319999999925e+01 3.163433970000000173e+01 3.189897260000000045e+01 3.216362219999999894e+01 3.242828920000000181e+01 3.269297379999999720e+01 3.295767649999999804e+01 3.322239780000000309e+01 3.348713810000000279e+01 3.375189790000000301e+01 3.401667760000000129e+01 3.428147760000000233e+01 3.454629839999999774e+01 3.481114039999999932e+01
-2.732008729999999996e+00 -2.465494510000000083e+00 -2.199035620000000080e+00 -1.932631200000000105e+00 -1.666280420000000095e+00 -1.399982459999999929e+00 -1.133736499999999925e+00 -8.675417229999999869e-01 -6.013973160000000151e-01 -3.353024820000000128e-01 -6.925642399999999699e-02 1.967416459999999923e-01 4.626925120000000002e-01 7.285969490000000492e-01 9.944557280000000388e-01 1.260269609999999929e+00 1.526039359999999956e+00 1.791765719999999895e+00 2.057449440000000074e+00 2.323091269999999930e+00 2.588691920000000035e+00 2.854252129999999887e+00 3.119772629999999936e+00 3.385254119999999922e+00 3.650697309999999973e+00 3.916102910000000215e+00 4.181471619999999945e+00 4.446804120000000360e+00 4.712101099999999931e+00 4.977363249999999795e+00 5.242591230000000380e+00 5.507785730000000157e+00 5.772947389999999679e+00 6.038076880000000202e+00 6.303174850000000440e+00 6.568241949999999996e+00 6.833278820000000309e+00 7.098286100000000154e+00 7.363264420000000143e+00 7.628214410000000001e+00 7.893136690000000399e+00 8.158031870000000296e+00 8.422900580000000303e+00 8.687743420000000327e+00 8.952560979999999446e+00 9.217353879999999222e+00 9.482122699999999682e+00 9.746868029999999905e+00 1.001159050000000050e+01 1.027629059999999939e+01
2.200344550000000154e+01 2.226787819999999840e+01 2.253231129999999993e+01 2.279674520000000015e+01 2.306118040000000136e+01 2.332561730000000111e+01 2.359005640000000170e+01 2.385449810000000070e+01 2.411894290000000041e+01 2.438339129999999955e+01 2.464784360000000163e+01 2.491230039999999946e+01 2.517676210000000125e+01 2.544122910000000104e+01 2.570570179999999993e+01 2.597018080000000140e+01 2.623466649999999944e+01 2.649915929999999875e+01 2.676365960000000044e+01 2.702816789999999969e+01 2.729268469999999880e+01 2.755721030000000127e+01 2.782174529999999990e+01 2.808629009999999937e+01 2.835084499999999963e+01 2.861541060000000058e+01 2.887998729999999981e+01 2.914457549999999841e+01 2.940917569999999870e+01 2.967378829999999823e+01 2.993841370000000168e+01 3.020305249999999830e+01 3.046770499999999871e+01 3.073237170000000162e+01 3.099705300000000108e+01 3.126174939999999935e+01 3.152646130000000113e+01 3.179118910000000042e+01 3.205593340000000069e+01 3.232069460000000305e+01 3.258547300000000035e+01 3.285026930000000078e+01 3.311508369999999957e+01 3.337991689999999778e+01 3.364476909999999776e+01 3.390964089999999942e+01 3.417453280000000149e+01 3.443944520000000153e+01 3.470437859999999830e+01 3.496933339999999646e+01
-2.582470460000000134e+00 -2.315817239999999888e+00 -2.049219879999999883e+00 -1.782677529999999955e+00 -1.516189350000000102e+00 -1.249754519999999980e+00 -9.833722209999999908e-01 -7.170416259999999875e-01 -4.507619259999999795e-01 -1.845323170000000013e-01 8.164800060000000637e-02 3.477798189999999900e-01 6.138639249999999770e-01 8.799010999999999916e-01 1.145892120000000070e+00 1.411837749999999891e+00 1.677738750000000056e+00 1.943595879999999942e+00 2.209409899999999816e+00 2.475181539999999902e+00 2.740911539999999924e+00 3.006600639999999824e+00 3.272249560000000113e+00 3.537859019999999965e+00 3.803429739999999892e+00 4.068962430000000019e+00 4.334457790000000088e+00 4.599916519999999842e+00 4.865339310000000417e+00 5.130726840000000344e+00 5.396079809999999810e+00 5.661398870000000194e+00 5.926684709999999967e+00 6.191937989999999559e+00 6.457159370000000287e+00 6.722349499999999978e+00 6.987509020000000071e+00 7.252638600000000046e+00 7.517738849999999751e+00 7.782810419999999674e+00 8.047853939999999540e+00 8.312870020000000082e+00 8.577859300000000076e+00 8.842822370000000376e+00 9.107759859999999819e+00 9.372672359999999259e+00 9.637560490000000257e+00 9.902424820000000238e+00 1.016726599999999969e+01 1.043208450000000020e+01
2.217274919999999838e+01 2.243730880000000028e+01 2.270186849999999978e+01 2.296642879999999920e+01 2.323099029999999843e+01 2.349555330000000097e+01 2.376011820000000085e+01 2.402468569999999914e+01 2.428925609999999935e+01 2.455382990000000021e+01 2.481840749999999929e+01 2.508298939999999888e+01 2.534757600000000011e+01 2.561216780000000171e+01 2.587676529999999886e+01 2.614136889999999980e+01 2.640597909999999970e+01 2.667059629999999970e+01 2.693522090000000091e+01 2.719985339999999852e+01 2.746449429999999836e+01 2.772914400000000157e+01 2.799380299999999977e+01 2.825847160000000002e+01 2.852315049999999985e+01 2.878783990000000159e+01 2.905254040000000160e+01 2.931725249999999861e+01 2.958197649999999967e+01 2.984671289999999999e+01 3.011146219999999829e+01 3.037622479999999925e+01 3.064100120000000160e+01 3.090579190000000054e+01 3.117059719999999956e+01 3.143541769999999858e+01 3.170025379999999871e+01 3.196510599999999869e+01 3.222997469999999964e+01 3.249486040000000031e+01 3.275976359999999943e+01 3.302468480000000284e+01 3.328962429999999983e+01 3.355458269999999743e+01 3.381956050000000147e+01 3.408455800000000124e+01 3.434957589999999783e+01 3.461461460000000301e+01 3.487967450000000014e+01 3.514475620000000333e+01
-2.415501640000000005e+00 -2.148691420000000019e+00 -1.881937640000000078e+00 -1.615239469999999899e+00 -1.348596069999999925e+00 -1.082006589999999990e+00 -8.154702329999999888e-01 -5.489861630000000270e-01 -2.825535699999999761e-01 -1.617164629999999839e-02 2.501604089999999725e-01 5.164433929999999728e-01 7.826780949999999626e-01 1.048865299999999889e+00 1.315005779999999902e+00 1.581100320000000004e+00 1.847149680000000016e+00 2.113154610000000044e+00 2.379115880000000072e+00 2.645034240000000203e+00 2.910910419999999998e+00 3.176745169999999785e+00 3.442539210000000072e+00 3.708293279999999914e+00 3.974008089999999882e+00 4.239684350000000101e+00 4.505322790000000133e+00 4.770924090000000284e+00 5.036488959999999793e+00 5.302018099999999734e+00 5.567512179999999589e+00 5.832971889999999604e+00 6.098397910000000088e+00 6.363790909999999634e+00 6.629151539999999621e+00 6.894480490000000295e+00 7.159778389999999604e+00 7.425045899999999754e+00 7.690283660000000410e+00 7.955492320000000284e+00 8.220672509999999988e+00 8.485824859999999248e+00 8.750949990000000511e+00 9.016048539999999889e+00 9.281121100000000013e+00 9.546168299999999718e+00 9.811190740000000687e+00 1.007618899999999940e+01 1.034116369999999918e+01 1.060611549999999959e+01
