2.847003889999999870e+01 2.846501489999999990e+01 2.846005070000000003e+01 2.845514550000000042e+01 2.845029859999999999e+01 2.844550939999999883e+01 2.844077709999999826e+01 2.843610109999999835e+01 2.843148090000000039e+01 2.842691569999999857e+01 2.842240490000000008e+01 2.841794799999999910e+01 2.841354430000000164e+01 2.840919339999999949e+01 2.840489459999999866e+01 2.840064750000000160e+01 2.839645140000000012e+01 2.839230590000000021e+01 2.838821049999999957e+01 2.838416469999999947e+01 2.838016800000000117e+01 2.837622010000000117e+01 2.837232039999999955e+01 2.836846849999999876e+01 2.836466400000000121e+01 2.836090649999999869e+01 2.835719560000000072e+01 2.835353100000000026e+01 2.834991229999999973e+01 2.834633910000000157e+01 2.834281109999999870e+01 2.833932799999999830e+01 2.833588939999999923e+01 2.833249500000000154e+01 2.832914450000000173e+01 2.832583770000000101e+01 2.832257419999999826e+01 2.831935389999999941e+01 2.831617629999999863e+01 2.831304129999999830e+01 2.830994869999999963e+01 2.830689810000000151e+01 2.830388939999999920e+01 2.830092229999999986e+01 2.829799669999999878e+01 2.829511229999999955e+01 2.829226889999999983e+01 2.828946630000000084e+01 2.828670449999999903e+01 2.828398310000000038e+01
2.758530520000000053e+01 2.757701919999999873e+01 2.756881870000000134e+01 2.756070319999999896e+01 2.755267219999999995e+01 2.754472549999999842e+01 2.753686259999999919e+01 2.752908329999999992e+01 2.752138700000000071e+01 2.751377360000000039e+01 2.750624249999999904e+01 2.749879340000000028e+01 2.749142600000000058e+01 2.748413980000000123e+01 2.747693429999999992e+01 2.746980920000000026e+01 2.746276389999999878e+01 2.745579800000000148e+01 2.744891099999999895e+01 2.744210239999999956e+01 2.743537149999999869e+01 2.742871789999999876e+01 2.742214099999999988e+01 2.741564010000000096e+01 2.740921459999999854e+01 2.740286389999999983e+01 2.739658740000000137e+01 2.739038430000000091e+01 2.738425399999999854e+01 2.737819580000000030e+01 2.737220900000000157e+01 2.736629280000000008e+01 2.736044659999999951e+01 2.735466949999999997e+01 2.734896090000000157e+01 2.734331999999999852e+01 2.733774610000000038e+01 2.733223830000000021e+01 2.732679600000000164e+01 2.732141830000000127e+01 2.731610459999999918e+01 2.731085410000000024e+01 2.730566599999999866e+01 2.730053960000000046e+01 2.729547420000000102e+01 2.729046900000000164e+01 2.728552330000000126e+01 2.728063639999999879e+01 2.727580749999999910e+01 2.727103609999999989e+01
2.576372449999999859e+01 2.575920590000000132e+01 2.575474039999999931e+01 2.575032750000000092e+01 2.574596659999999915e+01 2.574165689999999884e+01 2.573739799999999889e+01 2.573318929999999938e+01 2.572903009999999924e+01 2.572491989999999973e+01 2.572085829999999973e+01 2.571684460000000172e+01 2.571287829999999985e+01 2.570895900000000012e+01 2.570508620000000022e+01 2.570125940000000142e+01 2.569747819999999905e+01 2.569374210000000147e+01 2.569005070000000046e+01 2.568640359999999845e+01 2.568280030000000025e+01 2.567924059999999997e+01 2.567572399999999888e+01 2.567225020000000058e+01 2.566881880000000038e+01 2.566542949999999834e+01 2.566208190000000045e+01 2.565877580000000080e+01 2.565551089999999945e+01 2.565228670000000122e+01 2.564910319999999899e+01 2.564595990000000114e+01 2.564285659999999822e+01 2.563979309999999856e+01 2.563676909999999864e+01 2.563378439999999969e+01 2.563083870000000175e+01 2.562793170000000131e+01 2.562506339999999838e+01 2.562223339999999894e+01 2.561944159999999826e+01 2.561668769999999995e+01 2.561397150000000167e+01 2.561129289999999870e+01 2.560865169999999935e+01 2.560604770000000130e+01 2.560348069999999865e+01 2.560095049999999972e+01 2.559845699999999979e+01 2.559600010000000125e+01
2.482927989999999951e+01 2.482185159999999868e+01 2.481450059999999880e+01 2.480722689999999986e+01 2.480002989999999841e+01 2.479290930000000159e+01 2.478586500000000115e+01 2.477889640000000071e+01 2.477200330000000150e+01 2.476518529999999885e+01 2.475844209999999990e+01 2.475177329999999998e+01 2.474517850000000152e+01 2.473865729999999985e+01 2.473220919999999978e+01 2.472583390000000136e+01 2.471953080000000114e+01 2.471329940000000036e+01 2.470713930000000147e+01 2.470104990000000100e+01 2.469503070000000022e+01 2.468908109999999922e+01 2.468320059999999927e+01 2.467738840000000167e+01 2.467164410000000174e+01 2.466596699999999842e+01 2.466035640000000129e+01 2.465481169999999977e+01 2.464933209999999875e+01 2.464391720000000063e+01 2.463856600000000086e+01 2.463327809999999829e+01 2.462805249999999901e+01 2.462288870000000074e+01 2.461778599999999884e+01 2.461274350000000055e+01 2.460776070000000004e+01 2.460283679999999862e+01 2.459797100000000114e+01 2.459316270000000060e+01 2.458841119999999947e+01 2.458371580000000023e+01 2.457907579999999825e+01 2.457449039999999840e+01 2.456995909999999839e+01 2.456548109999999951e+01 2.456105589999999950e+01 2.455668259999999847e+01 2.455236079999999887e+01 2.454808979999999963e+01
2.305607910000000160e+01 2.305205610000000149e+01 2.304807990000000117e+01 2.304414999999999836e+01 2.304026569999999907e+01 2.303642659999999864e+01 2.303263219999999833e+01 2.302888180000000062e+01 2.302517509999999845e+01 2.302151149999999902e+01 2.301789069999999882e+01 2.301431200000000032e+01 2.301077520000000121e+01 2.300727970000000155e+01 2.300382520000000142e+01 2.300041129999999967e+01 2.299703759999999875e+01 2.299370359999999991e+01 2.299040919999999844e+01 2.298715389999999914e+01 2.298393730000000090e+01 2.298075929999999900e+01 2.297761939999999825e+01 2.297451729999999870e+01 2.297145289999999918e+01 2.296842579999999856e+01 2.296543570000000045e+01 2.296248239999999896e+01 2.295956560000000124e+01 2.295668519999999901e+01 2.295384079999999827e+01 2.295103220000000022e+01 2.294825930000000014e+01 2.294552180000000163e+01 2.294281949999999881e+01 2.294015230000000116e+01 2.293751980000000046e+01 2.293492200000000025e+01 2.293235860000000059e+01 2.292982950000000031e+01 2.292733459999999823e+01 2.292487350000000035e+01 2.292244619999999955e+01 2.292005250000000061e+01 2.291769229999999880e+01 2.291536539999999889e+01 2.291307159999999854e+01 2.291081080000000014e+01 2.290858280000000136e+01 2.290638759999999863e+01
2.207314519999999902e+01 2.206656780000000140e+01 2.206005970000000005e+01 2.205362059999999857e+01 2.204725030000000174e+01 2.204094840000000133e+01 2.203471460000000093e+01 2.202854870000000176e+01 2.202245040000000031e+01 2.201641920000000141e+01 2.201045480000000154e+01 2.200455690000000075e+01 2.199872510000000148e+01 2.199295910000000021e+01 2.198725819999999942e+01 2.198162230000000150e+01 2.197605069999999827e+01 2.197054299999999927e+01 2.196509869999999864e+01 2.195971730000000122e+01 2.195439819999999997e+01 2.194914100000000090e+01 2.194394510000000054e+01 2.193880980000000136e+01 2.193373460000000108e+01 2.192871879999999862e+01 2.192376199999999997e+01 2.191886339999999933e+01 2.191402240000000035e+01 2.190923829999999839e+01 2.190451059999999828e+01 2.189983850000000132e+01 2.189522140000000050e+01 2.189065869999999947e+01 2.188614970000000071e+01 2.188169369999999958e+01 2.187729009999999974e+01 2.187293820000000011e+01 2.186863729999999961e+01 2.186438689999999951e+01 2.186018620000000112e+01 2.185603460000000098e+01 2.185193160000000034e+01 2.184787650000000170e+01 2.184386860000000041e+01 2.183990740000000130e+01 2.183599230000000091e+01 2.183212269999999933e+01 2.182829810000000137e+01 2.182451779999999886e+01
2.034767510000000001e+01 2.034413969999999949e+01 2.034064479999999975e+01 2.033719010000000083e+01 2.033377499999999927e+01 2.033039910000000106e+01 2.032706200000000152e+01 2.032376319999999836e+01 2.032050219999999996e+01 2.031727869999999925e+01 2.031409229999999866e+01 2.031094269999999824e+01 2.030782930000000164e+01 2.030475200000000058e+01 2.030171029999999988e+01 2.029870389999999958e+01 2.029573249999999973e+01 2.029279580000000038e+01 2.028989350000000158e+01 2.028702540000000099e+01 2.028419110000000103e+01 2.028139039999999937e+01 2.027862310000000079e+01 2.027588890000000177e+01 2.027318759999999997e+01 2.027051900000000018e+01 2.026788290000000003e+01 2.026527899999999960e+01 2.026270710000000008e+01 2.026016720000000149e+01 2.025765889999999914e+01 2.025518220000000014e+01 2.025273680000000098e+01 2.025032260000000051e+01 2.024793939999999992e+01 2.024558710000000161e+01 2.024326549999999969e+01 2.024097439999999892e+01 2.023871379999999931e+01 2.023648349999999851e+01 2.023428330000000130e+01 2.023211309999999941e+01 2.022997279999999876e+01 2.022786220000000057e+01 2.022578120000000013e+01 2.022372969999999981e+01 2.022170750000000083e+01 2.021971449999999848e+01 2.021775059999999868e+01 2.021581580000000145e+01
1.931657429999999920e+01 1.931084059999999880e+01 1.930516779999999954e+01 1.929955580000000026e+01 1.929400419999999983e+01 1.928851279999999946e+01 1.928308129999999920e+01 1.927770939999999911e+01 1.927239690000000039e+01 1.926714339999999837e+01 1.926194860000000020e+01 1.925681210000000121e+01 1.925173360000000145e+01 1.924671280000000095e+01 1.924174909999999983e+01 1.923684220000000167e+01 1.923199179999999942e+01 1.922719719999999910e+01 1.922245799999999960e+01 1.921777390000000096e+01 1.921314410000000095e+01 1.920856840000000076e+01 1.920404609999999934e+01 1.919957660000000033e+01 1.919515949999999904e+01 1.919079419999999914e+01 1.918647999999999954e+01 1.918221660000000028e+01 1.917800310000000152e+01 1.917383909999999858e+01 1.916972399999999865e+01 1.916565719999999828e+01 1.916163799999999995e+01 1.915766590000000136e+01 1.915374029999999905e+01 1.914986049999999906e+01 1.914602599999999910e+01 1.914223630000000043e+01 1.913849060000000080e+01 1.913478849999999909e+01 1.913112939999999895e+01 1.912751259999999931e+01 1.912393769999999904e+01 1.912040409999999824e+01 1.911691120000000055e+01 1.911345850000000013e+01 1.911004559999999941e+01 1.910667189999999849e+01 1.910333689999999862e+01 1.910004010000000108e+01
1.763856900000000039e+01 1.763551470000000165e+01 1.763249499999999870e+01 1.762950950000000105e+01 1.762655790000000167e+01 1.762363969999999824e+01 1.762075450000000032e+01 1.761790209999999846e+01 1.761508200000000102e+01 1.761229390000000095e+01 1.760953740000000067e+01 1.760681239999999903e+01 1.760411840000000083e+01 1.760145520000000019e+01 1.759882250000000070e+01 1.759622010000000003e+01 1.759364760000000061e+01 1.759110490000000127e+01 1.758859169999999850e+01 1.758610769999999945e+01 1.758365290000000059e+01 1.758122690000000077e+01 1.757882970000000000e+01 1.757646090000000072e+01 1.757412040000000175e+01 1.757180809999999838e+01 1.756952379999999891e+01 1.756726730000000103e+01 1.756503860000000117e+01 1.756283730000000176e+01 1.756066350000000043e+01 1.755851690000000076e+01 1.755639749999999921e+01 1.755430499999999938e+01 1.755223949999999888e+01 1.755020079999999894e+01 1.754818870000000075e+01 1.754620309999999961e+01 1.754424399999999906e+01 1.754231120000000033e+01 1.754040459999999868e+01 1.753852410000000006e+01 1.753666959999999975e+01 1.753484100000000012e+01 1.753303820000000002e+01 1.753126100000000065e+01 1.752950939999999846e+01 1.752778329999999940e+01 1.752608250000000112e+01 1.752440700000000007e+01
1.655998629999999849e+01 1.655508890000000122e+01 1.655024380000000050e+01 1.654545110000000108e+01 1.654071030000000064e+01 1.653602139999999920e+01 1.653138390000000157e+01 1.652679780000000065e+01 1.652226260000000124e+01 1.651777819999999863e+01 1.651334429999999998e+01 1.650896039999999942e+01 1.650462630000000175e+01 1.650034159999999872e+01 1.649610600000000105e+01 1.649191910000000050e+01 1.648778039999999834e+01 1.648368960000000172e+01 1.647964629999999886e+01 1.647565000000000168e+01 1.647170020000000079e+01 1.646779649999999862e+01 1.646393839999999997e+01 1.646012550000000019e+01 1.645635710000000174e+01 1.645263290000000111e+01 1.644895229999999842e+01 1.644531479999999846e+01 1.644171989999999894e+01 1.643816699999999997e+01 1.643465570000000042e+01 1.643118529999999922e+01 1.642775539999999879e+01 1.642436539999999923e+01 1.642101489999999941e+01 1.641770319999999828e+01 1.641442989999999824e+01 1.641119450000000057e+01 1.640799639999999826e+01 1.640483509999999967e+01 1.640171020000000013e+01 1.639862109999999973e+01 1.639556740000000090e+01 1.639254860000000136e+01 1.638956429999999997e+01 1.638661390000000040e+01 1.638369709999999912e+01 1.638081340000000097e+01 1.637796240000000125e+01 1.637514360000000124e+01
1.492888029999999944e+01 1.492630240000000086e+01 1.492375329999999956e+01 1.492123280000000030e+01 1.491874040000000079e+01 1.491627599999999987e+01 1.491383919999999996e+01 1.491142959999999995e+01 1.490904699999999927e+01 1.490669109999999975e+01 1.490436170000000082e+01 1.490205850000000076e+01 1.489978130000000078e+01 1.489752990000000032e+01 1.489530390000000004e+01 1.489310329999999993e+01 1.489092770000000066e+01 1.488877710000000043e+01 1.488665130000000048e+01 1.488455000000000084e+01 1.488247319999999974e+01 1.488042060000000077e+01 1.487839209999999923e+01 1.487638759999999927e+01 1.487440690000000032e+01 1.487245000000000061e+01 1.487051669999999959e+01 1.486860680000000023e+01 1.486672030000000078e+01 1.486485710000000005e+01 1.486301699999999926e+01 1.486120000000000019e+01 1.485940599999999989e+01 1.485763479999999959e+01 1.485588650000000044e+01 1.485416080000000072e+01 1.485245770000000043e+01 1.485077719999999957e+01 1.484911909999999935e+01 1.484748339999999978e+01 1.484586999999999968e+01 1.484427870000000027e+01 1.484270959999999917e+01 1.484116249999999937e+01 1.483963729999999970e+01 1.483813400000000016e+01 1.483665249999999958e+01 1.483519259999999917e+01 1.483375440000000012e+01 1.483233770000000007e+01
1.380323450000000030e+01 1.379916629999999955e+01 1.379514190000000085e+01 1.379116119999999945e+01 1.378722400000000015e+01 1.378333010000000058e+01 1.377947920000000082e+01 1.377567119999999967e+01 1.377190580000000075e+01 1.376818270000000055e+01 1.376450170000000028e+01 1.376086250000000000e+01 1.375726479999999974e+01 1.375370840000000072e+01 1.375019269999999949e+01 1.374671769999999960e+01 1.374328279999999936e+01 1.373988770000000059e+01 1.373653209999999980e+01 1.373321550000000002e+01 1.372993759999999952e+01 1.372669800000000073e+01 1.372349619999999959e+01 1.372033180000000030e+01 1.371720449999999936e+01 1.371411359999999924e+01 1.371105889999999938e+01 1.370803979999999989e+01 1.370505600000000079e+01 1.370210690000000042e+01 1.369919209999999943e+01 1.369631120000000024e+01 1.369346370000000057e+01 1.369064909999999990e+01 1.368786710000000006e+01 1.368511709999999937e+01 1.368239870000000025e+01 1.367971149999999980e+01 1.367705510000000046e+01 1.367442899999999995e+01 1.367183280000000067e+01 1.366926609999999975e+01 1.366672849999999961e+01 1.366421959999999913e+01 1.366173900000000074e+01 1.365928639999999916e+01 1.365686140000000037e+01 1.365446359999999970e+01 1.365209270000000075e+01 1.364974830000000061e+01
1.221855419999999981e+01 1.221644930000000073e+01 1.221436759999999921e+01 1.221230910000000058e+01 1.221027330000000077e+01 1.220825999999999922e+01 1.220626900000000070e+01 1.220430009999999932e+01 1.220235289999999928e+01 1.220042740000000059e+01 1.219852329999999974e+01 1.219664039999999972e+01 1.219477849999999997e+01 1.219293749999999932e+01 1.219111709999999960e+01 1.218931730000000080e+01 1.218753779999999942e+01 1.218577860000000079e+01 1.218403939999999963e+01 1.218232030000000066e+01 1.218062089999999920e+01 1.217894139999999936e+01 1.217728140000000003e+01 1.217564100000000060e+01 1.217402000000000051e+01 1.217241830000000036e+01 1.217083590000000015e+01 1.216927270000000050e+01 1.216772860000000023e+01 1.216620349999999995e+01 1.216469730000000027e+01 1.216320999999999941e+01 1.216174159999999915e+01 1.216029179999999954e+01 1.215886079999999936e+01 1.215744839999999982e+01 1.215605449999999976e+01 1.215467920000000035e+01 1.215332229999999925e+01 1.215198370000000061e+01 1.215066350000000028e+01 1.214936149999999948e+01 1.214807779999999937e+01 1.214681219999999939e+01 1.214556460000000015e+01 1.214433499999999988e+01 1.214312340000000034e+01 1.214192970000000038e+01 1.214075380000000060e+01 1.213959559999999982e+01
1.104635850000000019e+01 1.104311320000000052e+01 1.103990300000000069e+01 1.103672800000000009e+01 1.103358770000000000e+01 1.103048219999999979e+01 1.102741119999999952e+01 1.102437459999999980e+01 1.102137210000000067e+01 1.101840340000000040e+01 1.101546850000000077e+01 1.101256710000000005e+01 1.100969880000000067e+01 1.100686349999999969e+01 1.100406079999999953e+01 1.100129060000000081e+01 1.099855239999999945e+01 1.099584600000000023e+01 1.099317109999999964e+01 1.099052739999999950e+01 1.098791450000000047e+01 1.098533210000000082e+01 1.098277979999999943e+01 1.098025729999999989e+01 1.097776430000000047e+01 1.097530030000000068e+01 1.097286509999999993e+01 1.097045819999999949e+01 1.096807920000000003e+01 1.096572789999999920e+01 1.096340380000000003e+01 1.096110660000000081e+01 1.095883590000000041e+01 1.095659129999999948e+01 1.095437240000000045e+01 1.095217899999999922e+01 1.095001060000000059e+01 1.094786689999999929e+01 1.094574749999999952e+01 1.094365220000000072e+01 1.094158050000000060e+01 1.093953220000000037e+01 1.093750679999999953e+01 1.093550420000000045e+01 1.093352400000000024e+01 1.093156579999999956e+01 1.092962950000000077e+01 1.092771469999999923e+01 1.092582119999999968e+01 1.092394870000000040e+01
9.507795079999999288e+00 9.506161040000000284e+00 9.504544920000000729e+00 9.502946520000000064e+00 9.501365630000000451e+00 9.499802049999999554e+00 9.498255620000000121e+00 9.496726139999999816e+00 9.495213460000000438e+00 9.493717410000000356e+00 9.492237839999999593e+00 9.490774619999999828e+00 9.489327590000000257e+00 9.487896640000000659e+00 9.486481639999999160e+00 9.485082480000000871e+00 9.483699039999999414e+00 9.482331240000000605e+00 9.480978959999999844e+00 9.479642130000000222e+00 9.478320659999999620e+00 9.477014459999999474e+00 9.475723459999999321e+00 9.474447599999999525e+00 9.473186809999999625e+00 9.471941019999999156e+00 9.470710179999999312e+00 9.469494230000000456e+00 9.468293109999999402e+00 9.467106790000000771e+00 9.465935209999999600e+00 9.464778320000000633e+00 9.463636080000000561e+00 9.462508449999999627e+00 9.461395380000000799e+00 9.460296830000000767e+00 9.459212759999999776e+00 9.458143140000000670e+00 9.457087910000000264e+00 9.456047039999999626e+00 9.455020490000000777e+00 9.454008209999999579e+00 9.453010159999999829e+00 9.452026289999999165e+00 9.451056559999999607e+00 9.450100929999999622e+00 9.449159339999999574e+00 9.448231749999999707e+00 9.447318100000000385e+00 9.446418350000000075e+00
8.289354489999999132e+00 8.286926819999999694e+00 8.284525580000000389e+00 8.282150680000000875e+00 8.279801960000000349e+00 8.277479319999999419e+00 8.275182590000000005e+00 8.272911649999999284e+00 8.270666320000000127e+00 8.268446439999999953e+00 8.266251829999999856e+00 8.264082319999999982e+00 8.261937700000000717e+00 8.259817769999999726e+00 8.257722319999999172e+00 8.255651130000000393e+00 8.253603970000000345e+00 8.251580609999999538e+00 8.249580800000000380e+00 8.247604289999999949e+00 8.245650830000000653e+00 8.243720160000000519e+00 8.241812010000000299e+00 8.239926099999999920e+00 8.238062180000000012e+00 8.236219950000000622e+00 8.234399149999999779e+00 8.232599479999999303e+00 8.230820669999999950e+00 8.229062430000000816e+00 8.227324480000000051e+00 8.225606550000000183e+00 8.223908339999999484e+00 8.222229569999999654e+00 8.220569980000000498e+00 8.218929290000000165e+00 8.217307229999999407e+00 8.215703530000000754e+00 8.214117930000000456e+00 8.212550170000000094e+00 8.210999989999999471e+00 8.209467160000000874e+00 8.207951440000000431e+00 8.206452569999999724e+00 8.204970349999999968e+00 8.203504540000000844e+00 8.202054920000000138e+00 8.200621299999999891e+00 8.199203470000000493e+00 8.197801229999999606e+00
6.796672430000000098e+00 6.795507950000000186e+00 6.794356139999999655e+00 6.793216850000000306e+00 6.792089940000000325e+00 6.790975279999999614e+00 6.789872749999999790e+00 6.788782209999999928e+00 6.787703569999999687e+00 6.786636699999999855e+00 6.785581500000000155e+00 6.784537870000000304e+00 6.783505729999999900e+00 6.782484990000000380e+00 6.781475549999999686e+00 6.780477359999999898e+00 6.779490329999999787e+00 6.778514389999999779e+00 6.777549490000000176e+00 6.776595559999999629e+00 6.775652560000000157e+00 6.774720420000000409e+00 6.773799099999999740e+00 6.772888560000000169e+00 6.771988750000000223e+00 6.771099640000000086e+00 6.770221180000000061e+00 6.769353350000000269e+00 6.768496110000000066e+00 6.767649419999999694e+00 6.766813270000000102e+00 6.765987619999999758e+00 6.765172439999999732e+00 6.764367720000000084e+00 6.763573410000000230e+00 6.762789500000000231e+00 6.762015960000000270e+00 6.761252769999999579e+00 6.760499890000000178e+00 6.759757310000000352e+00 6.759025000000000283e+00 6.758302920000000213e+00 6.757591060000000205e+00 6.756889379999999612e+00 6.756197850000000393e+00 6.755516440000000067e+00 6.754845109999999764e+00 6.754183850000000433e+00 6.753532599999999775e+00 6.752891339999999687e+00
5.532229110000000283e+00 5.530614909999999718e+00 5.529018360000000243e+00 5.527439379999999680e+00 5.525877890000000292e+00 5.524333790000000022e+00 5.522806990000000305e+00 5.521297389999999972e+00 5.519804869999999752e+00 5.518329320000000315e+00 5.516870619999999725e+00 5.515428639999999660e+00 5.514003250000000023e+00 5.512594309999999886e+00 5.511201680000000103e+00 5.509825199999999867e+00 5.508464710000000153e+00 5.507120060000000095e+00 5.505791079999999837e+00 5.504477600000000415e+00 5.503179440000000255e+00 5.501896440000000332e+00 5.500628400000000084e+00 5.499375139999999718e+00 5.498136480000000326e+00 5.496912230000000399e+00 5.495702200000000204e+00 5.494506200000000007e+00 5.493324040000000075e+00 5.492155529999999786e+00 5.491000480000000294e+00 5.489858700000000091e+00 5.488729990000000392e+00 5.487614169999999625e+00 5.486511059999999773e+00 5.485420470000000215e+00 5.484342230000000207e+00 5.483276140000000076e+00 5.482222039999999907e+00 5.481179749999999906e+00 5.480149110000000157e+00 5.479129949999999916e+00 5.478122100000000216e+00 5.477125430000000073e+00 5.476139759999999690e+00 5.475164959999999859e+00 5.474200879999999714e+00 5.473247380000000106e+00 5.472304339999999989e+00 5.471371610000000274e+00
4.085346939999999982e+00 4.084651110000000251e+00 4.083962810000000054e+00 4.083281949999999938e+00 4.082608439999999561e+00 4.081942210000000237e+00 4.081283179999999788e+00 4.080631280000000416e+00 4.079986459999999759e+00 4.079348630000000142e+00 4.078717750000000031e+00 4.078093759999999790e+00 4.077476609999999724e+00 4.076866240000000197e+00 4.076262619999999615e+00 4.075665690000000119e+00 4.075075420000000115e+00 4.074491759999999907e+00 4.073914700000000444e+00 4.073344180000000314e+00 4.072780189999999578e+00 4.072222690000000256e+00 4.071671659999999804e+00 4.071127080000000120e+00 4.070588909999999672e+00 4.070057150000000235e+00 4.069531780000000154e+00 4.069012759999999673e+00 4.068500099999999620e+00 4.067993770000000175e+00 4.067493749999999686e+00 4.067000039999999927e+00 4.066512620000000133e+00 4.066031480000000364e+00 4.065556599999999854e+00 4.065087959999999612e+00 4.064625569999999577e+00 4.064169399999999932e+00 4.063719439999999850e+00 4.063275680000000278e+00 4.062838099999999564e+00 4.062406690000000431e+00 4.061981430000000337e+00 4.061562310000000231e+00 4.061149310000000234e+00 4.060742420000000408e+00 4.060341610000000045e+00 4.059946870000000096e+00 4.059558179999999794e+00 4.059175520000000148e+00
2.775138380000000016e+00 2.774334730000000082e+00 2.773539899999999836e+00 2.772753849999999964e+00 2.771976539999999822e+00 2.771207930000000097e+00 2.770447949999999881e+00 2.769696569999999802e+00 2.768953719999999841e+00 2.768219349999999856e+00 2.767493389999999831e+00 2.766775780000000129e+00 2.766066459999999783e+00 2.765365339999999783e+00 2.764672369999999990e+00 2.763987450000000123e+00 2.763310520000000103e+00 2.762641490000000033e+00 2.761980270000000015e+00 2.761326780000000092e+00 2.760680939999999861e+00 2.760042649999999931e+00 2.759411819999999960e+00 2.758788369999999990e+00 2.758172179999999862e+00 2.757563180000000003e+00 2.756961270000000130e+00 2.756366340000000026e+00 2.755778310000000175e+00 2.755197079999999854e+00 2.754622550000000114e+00 2.754054630000000170e+00 2.753493220000000186e+00 2.752938229999999820e+00 2.752389560000000124e+00 2.751847129999999808e+00 2.751310839999999924e+00 2.750780600000000131e+00 2.750256330000000027e+00 2.749737930000000219e+00 2.749225340000000184e+00 2.748718450000000146e+00 2.748217200000000027e+00 2.747721509999999867e+00 2.747231290000000214e+00 2.746746480000000101e+00 2.746267009999999953e+00 2.745792799999999811e+00 2.745323799999999981e+00 2.744859930000000059e+00
1.373717499999999925e+00 1.373490419999999990e+00 1.373265769999999941e+00 1.373043550000000002e+00 1.372823710000000030e+00 1.372606229999999927e+00 1.372391099999999975e+00 1.372178279999999972e+00 1.371967769999999920e+00 1.371759539999999999e+00 1.371553570000000111e+00 1.371349850000000092e+00 1.371148360000000066e+00 1.370949079999999931e+00 1.370752009999999910e+00 1.370557129999999901e+00 1.370364420000000027e+00 1.370173890000000005e+00 1.369985510000000017e+00 1.369799280000000063e+00 1.369615189999999982e+00 1.369433230000000057e+00 1.369253400000000065e+00 1.369075690000000067e+00 1.368900089999999903e+00 1.368726600000000015e+00 1.368555219999999961e+00 1.368385930000000084e+00 1.368218740000000100e+00 1.368053640000000071e+00 1.367890639999999935e+00 1.367729710000000098e+00 1.367570869999999994e+00 1.367414109999999905e+00 1.367259419999999892e+00 1.367106809999999895e+00 1.366956269999999973e+00 1.366807799999999906e+00 1.366661389999999976e+00 1.366517049999999900e+00 1.366374760000000022e+00 1.366234530000000058e+00 1.366096350000000070e+00 1.365960220000000058e+00 1.365826130000000083e+00 1.365694079999999921e+00 1.365564070000000019e+00 1.365436080000000052e+00 1.365310119999999960e+00 1.365186170000000088e+00
1.800574610000000089e-02 1.801116839999999941e-02 1.801657400000000048e-02 1.802196220000000168e-02 1.802733269999999902e-02 1.803268489999999835e-02 1.803801860000000049e-02 1.804333370000000061e-02 1.804862980000000033e-02 1.805390720000000018e-02 1.805916570000000096e-02 1.806440549999999839e-02 1.806962670000000076e-02 1.807482960000000166e-02 1.808001459999999949e-02 1.808518179999999906e-02 1.809033170000000010e-02 1.809546470000000101e-02 1.810058130000000154e-02 1.810568179999999874e-02 1.811076689999999850e-02 1.811583699999999922e-02 1.812089260000000063e-02 1.812593430000000033e-02 1.813096250000000020e-02 1.813597800000000052e-02 1.814098109999999833e-02 1.814597240000000167e-02 1.815095259999999905e-02 1.815592200000000142e-02 1.816088130000000078e-02 1.816583100000000034e-02 1.817077149999999849e-02 1.817570350000000112e-02 1.818062729999999835e-02 1.818554359999999953e-02 1.819045260000000039e-02 1.819535510000000120e-02 1.820025130000000116e-02 1.820514170000000001e-02 1.821002689999999882e-02 1.821490710000000027e-02 1.821978289999999848e-02 1.822465469999999879e-02 1.822952279999999828e-02 1.823438780000000148e-02 1.823924999999999852e-02 1.824410980000000168e-02 1.824896759999999896e-02 1.825382390000000049e-02
-1.337834050000000108e+00 -1.337592829999999955e+00 -1.337354240000000027e+00 -1.337118229999999963e+00 -1.336884780000000106e+00 -1.336653859999999971e+00 -1.336425430000000025e+00 -1.336199480000000106e+00 -1.335975979999999952e+00 -1.335754899999999967e+00 -1.335536209999999890e+00 -1.335319909999999943e+00 -1.335105959999999925e+00 -1.334894349999999896e+00 -1.334685059999999979e+00 -1.334478059999999910e+00 -1.334273360000000075e+00 -1.334070920000000049e+00 -1.333870740000000055e+00 -1.333672799999999992e+00 -1.333477089999999921e+00 -1.333283599999999902e+00 -1.333092310000000058e+00 -1.332903210000000005e+00 -1.332716299999999965e+00 -1.332531569999999999e+00 -1.332349000000000006e+00 -1.332168589999999986e+00 -1.331990320000000061e+00 -1.331814199999999948e+00 -1.331640209999999991e+00 -1.331468349999999967e+00 -1.331298609999999938e+00 -1.331130979999999964e+00 -1.330965450000000105e+00 -1.330802019999999919e+00 -1.330640679999999909e+00 -1.330481430000000076e+00 -1.330324250000000097e+00 -1.330169149999999911e+00 -1.330016099999999923e+00 -1.329865120000000012e+00 -1.329716179999999914e+00 -1.329569280000000076e+00 -1.329424420000000051e+00 -1.329281579999999963e+00 -1.329140750000000093e+00 -1.329001939999999937e+00 -1.328865119999999900e+00 -1.328730299999999920e+00
-2.738947899999999880e+00 -2.738133470000000180e+00 -2.737327880000000047e+00 -2.736531079999999783e+00 -2.735743040000000015e+00 -2.734963720000000098e+00 -2.734193059999999953e+00 -2.733431019999999823e+00 -2.732677530000000132e+00 -2.731932549999999793e+00 -2.731196000000000179e+00 -2.730467829999999818e+00 -2.729747970000000024e+00 -2.729036349999999889e+00 -2.728332899999999839e+00 -2.727637529999999977e+00 -2.726950169999999840e+00 -2.726270729999999975e+00 -2.725599139999999920e+00 -2.724935299999999838e+00 -2.724279130000000215e+00 -2.723630539999999822e+00 -2.722989430000000155e+00 -2.722355719999999923e+00 -2.721729299999999796e+00 -2.721110079999999876e+00 -2.720497969999999821e+00 -2.719892869999999796e+00 -2.719294679999999964e+00 -2.718703309999999984e+00 -2.718118650000000081e+00 -2.717540619999999851e+00 -2.716969109999999965e+00 -2.716404040000000020e+00 -2.715845299999999796e+00 -2.715292809999999779e+00 -2.714746480000000073e+00 -2.714206200000000013e+00 -2.713671900000000026e+00 -2.713143490000000213e+00 -2.712620890000000173e+00 -2.712104000000000070e+00 -2.711592759999999824e+00 -2.711087070000000043e+00 -2.710586870000000204e+00 -2.710092079999999903e+00 -2.709602630000000012e+00 -2.709118460000000006e+00 -2.708639479999999988e+00 -2.708165650000000202e+00
-4.049455710000000153e+00 -4.048745710000000386e+00 -4.048043410000000009e+00 -4.047348709999999627e+00 -4.046661539999999668e+00 -4.045981809999999790e+00 -4.045309439999999590e+00 -4.044644350000000443e+00 -4.043986470000000111e+00 -4.043335739999999845e+00 -4.042692090000000071e+00 -4.042055460000000267e+00 -4.041425789999999907e+00 -4.040803020000000245e+00 -4.040187119999999688e+00 -4.039578020000000436e+00 -4.038975680000000068e+00 -4.038380059999999716e+00 -4.037791129999999562e+00 -4.037208829999999971e+00 -4.036633150000000114e+00 -4.036064050000000236e+00 -4.035501489999999691e+00 -4.034945450000000378e+00 -4.034395909999999752e+00 -4.033852829999999834e+00 -4.033316199999999796e+00 -4.032785979999999881e+00 -4.032262170000000090e+00 -4.031744739999999716e+00 -4.031233669999999769e+00 -4.030728950000000310e+00 -4.030230549999999745e+00 -4.029738459999999911e+00 -4.029252660000000041e+00 -4.028773140000000197e+00 -4.028299869999999672e+00 -4.027832840000000303e+00 -4.027372040000000375e+00 -4.026917440000000070e+00 -4.026469030000000338e+00 -4.026026790000000410e+00 -4.025590700000000410e+00 -4.025160739999999571e+00 -4.024736889999999789e+00 -4.024319140000000239e+00 -4.023907450000000274e+00 -4.023501809999999956e+00 -4.023102200000000295e+00 -4.022708579999999756e+00
-5.496221890000000165e+00 -5.494596959999999974e+00 -5.492989709999999803e+00 -5.491400060000000138e+00 -5.489827909999999811e+00 -5.488273190000000135e+00 -5.486735799999999941e+00 -5.485215619999999959e+00 -5.483712569999999786e+00 -5.482226510000000275e+00 -5.480757340000000255e+00 -5.479304919999999690e+00 -5.477869120000000258e+00 -5.476449790000000206e+00 -5.475046810000000264e+00 -5.473659999999999748e+00 -5.472289230000000337e+00 -5.470934309999999634e+00 -5.469595100000000265e+00 -5.468271419999999772e+00 -5.466963080000000197e+00 -5.465669919999999848e+00 -5.464391759999999820e+00 -5.463128400000000440e+00 -5.461879660000000136e+00 -5.460645360000000004e+00 -5.459425290000000430e+00 -5.458219279999999785e+00 -5.457027130000000170e+00 -5.455848640000000138e+00 -5.454683629999999894e+00 -5.453531909999999705e+00 -5.452393279999999898e+00 -5.451267549999999851e+00 -5.450154549999999709e+00 -5.449054069999999861e+00 -5.447965950000000390e+00 -5.446890009999999727e+00 -5.445826059999999913e+00 -5.444773930000000206e+00 -5.443733449999999863e+00 -5.442704469999999795e+00 -5.441686810000000207e+00 -5.440680320000000236e+00 -5.439684849999999905e+00 -5.438700240000000186e+00 -5.437726370000000031e+00 -5.436763069999999587e+00 -5.435810230000000409e+00 -5.434867719999999736e+00
-6.760829850000000363e+00 -6.759650910000000401e+00 -6.758484809999999676e+00 -6.757331409999999927e+00 -6.756190560000000289e+00 -6.755062119999999837e+00 -6.753945960000000248e+00 -6.752841949999999649e+00 -6.751749969999999657e+00 -6.750669910000000051e+00 -6.749601649999999786e+00 -6.748545100000000296e+00 -6.747500149999999586e+00 -6.746466719999999917e+00 -6.745444720000000061e+00 -6.744434069999999615e+00 -6.743434680000000014e+00 -6.742446499999999787e+00 -6.741469450000000307e+00 -6.740503460000000224e+00 -6.739548479999999842e+00 -6.738604460000000351e+00 -6.737671330000000403e+00 -6.736749060000000178e+00 -6.735837590000000041e+00 -6.734936880000000237e+00 -6.734046900000000058e+00 -6.733167599999999808e+00 -6.732298949999999671e+00 -6.731440899999999949e+00 -6.730593439999999816e+00 -6.729756519999999576e+00 -6.728930120000000237e+00 -6.728114200000000267e+00 -6.727308729999999848e+00 -6.726513699999999929e+00 -6.725729059999999926e+00 -6.724954780000000021e+00 -6.724190840000000335e+00 -6.723437220000000103e+00 -6.722693869999999627e+00 -6.721960759999999979e+00 -6.721237880000000331e+00 -6.720525170000000159e+00 -6.719822620000000413e+00 -6.719130179999999619e+00 -6.718447819999999737e+00 -6.717775500000000122e+00 -6.717113190000000067e+00 -6.716460839999999877e+00
-8.253238100000000799e+00 -8.250799900000000520e+00 -8.248388159999999303e+00 -8.246002770000000481e+00 -8.243643609999999455e+00 -8.241310540000000628e+00 -8.239003419999999522e+00 -8.236722110000000541e+00 -8.234466440000000276e+00 -8.232236260000000527e+00 -8.230031379999999785e+00 -8.227851629999999972e+00 -8.225696790000000647e+00 -8.223566679999999351e+00 -8.221461090000000027e+00 -8.219379780000000579e+00 -8.217322530000000569e+00 -8.215289110000000505e+00 -8.213279269999999244e+00 -8.211292759999999191e+00 -8.209329329999999203e+00 -8.207388710000000032e+00 -8.205470630000000654e+00 -8.203574830000000873e+00 -8.201701030000000614e+00 -8.199848960000000631e+00 -8.198018319999999193e+00 -8.196208840000000606e+00 -8.194420239999999467e+00 -8.192652230000000202e+00 -8.190904529999999184e+00 -8.189176850000000840e+00 -8.187468920000000594e+00 -8.185780449999999320e+00 -8.184111160000000496e+00 -8.182460790000000372e+00 -8.180829049999999825e+00 -8.179215689999999483e+00 -8.177620429999999274e+00 -8.176043030000000655e+00 -8.174483220000000827e+00 -8.172940759999999472e+00 -8.171415409999999824e+00 -8.169906920000000738e+00 -8.168415080000000827e+00 -8.166939660000000600e+00 -8.165480430000000567e+00 -8.164037199999999217e+00 -8.162609760000000492e+00 -8.161197910000000277e+00
-9.471897569999999433e+00 -9.470249009999999856e+00 -9.468618550000000411e+00 -9.467005970000000659e+00 -9.465411070000000038e+00 -9.463833649999999764e+00 -9.462273520000000104e+00 -9.460730489999999548e+00 -9.459204409999999896e+00 -9.457695089999999638e+00 -9.456202380000000574e+00 -9.454726150000000828e+00 -9.453266230000000547e+00 -9.451822509999999511e+00 -9.450394850000000346e+00 -9.448983130000000230e+00 -9.447587249999999770e+00 -9.446207089999999695e+00 -9.444842559999999665e+00 -9.443493560000000286e+00 -9.442159999999999442e+00 -9.440841799999999395e+00 -9.439538880000000631e+00 -9.438251169999999135e+00 -9.436978590000000722e+00 -9.435721080000000427e+00 -9.434478580000000392e+00 -9.433251020000000153e+00 -9.432038359999999955e+00 -9.430840529999999333e+00 -9.429657490000000308e+00 -9.428489179999999692e+00 -9.427335559999999504e+00 -9.426196579999999159e+00 -9.425072200000000677e+00 -9.423962360000000871e+00 -9.422867030000000810e+00 -9.421786159999999910e+00 -9.420719699999999364e+00 -9.419667609999999414e+00 -9.418629850000000303e+00 -9.417606360000000620e+00 -9.416597109999999660e+00 -9.415602039999999562e+00 -9.414621110000000570e+00 -9.413654270000000324e+00 -9.412701450000000136e+00 -9.411762630000000129e+00 -9.410837730000000789e+00 -9.409926699999999755e+00
-1.101011399999999973e+01 -1.100685840000000049e+01 -1.100363800000000047e+01 -1.100045270000000031e+01 -1.099730229999999942e+01 -1.099418660000000081e+01 -1.099110549999999975e+01 -1.098805869999999985e+01 -1.098504609999999992e+01 -1.098206740000000003e+01 -1.097912250000000078e+01 -1.097621099999999927e+01 -1.097333279999999966e+01 -1.097048750000000084e+01 -1.096767490000000045e+01 -1.096489479999999972e+01 -1.096214679999999930e+01 -1.095943059999999925e+01 -1.095674589999999959e+01 -1.095409240000000040e+01 -1.095146979999999992e+01 -1.094887759999999943e+01 -1.094631569999999954e+01 -1.094378350000000033e+01 -1.094128079999999947e+01 -1.093880719999999940e+01 -1.093636240000000015e+01 -1.093394589999999944e+01 -1.093155740000000087e+01 -1.092919649999999976e+01 -1.092686289999999971e+01 -1.092455610000000021e+01 -1.092227590000000070e+01 -1.092002180000000067e+01 -1.091779350000000015e+01 -1.091559059999999981e+01 -1.091341270000000030e+01 -1.091125959999999928e+01 -1.090913079999999979e+01 -1.090702600000000011e+01 -1.090494490000000027e+01 -1.090288709999999917e+01 -1.090085239999999978e+01 -1.089884029999999981e+01 -1.089685069999999989e+01 -1.089488320000000066e+01 -1.089293739999999922e+01 -1.089101319999999973e+01 -1.088911030000000046e+01 -1.088722830000000030e+01
-1.218254989999999971e+01 -1.218043049999999994e+01 -1.217833450000000006e+01 -1.217626180000000069e+01 -1.217421189999999953e+01 -1.217218480000000014e+01 -1.217018009999999961e+01 -1.216819759999999917e+01 -1.216623700000000063e+01 -1.216429819999999928e+01 -1.216238090000000049e+01 -1.216048490000000015e+01 -1.215861010000000064e+01 -1.215675629999999963e+01 -1.215492320000000070e+01 -1.215311069999999916e+01 -1.215131880000000031e+01 -1.214954709999999949e+01 -1.214779560000000025e+01 -1.214606419999999964e+01 -1.214435270000000067e+01 -1.214266100000000037e+01 -1.214098910000000053e+01 -1.213933669999999942e+01 -1.213770380000000060e+01 -1.213609029999999933e+01 -1.213449609999999979e+01 -1.213292110000000079e+01 -1.213136530000000057e+01 -1.212982859999999974e+01 -1.212831079999999950e+01 -1.212681199999999926e+01 -1.212533190000000083e+01 -1.212387069999999945e+01 -1.212242819999999988e+01 -1.212100429999999918e+01 -1.211959899999999912e+01 -1.211821220000000032e+01 -1.211684389999999922e+01 -1.211549390000000059e+01 -1.211416230000000027e+01 -1.211284889999999947e+01 -1.211155369999999998e+01 -1.211027660000000061e+01 -1.210901770000000077e+01 -1.210777670000000050e+01 -1.210655359999999980e+01 -1.210534840000000045e+01 -1.210416090000000011e+01 -1.210299119999999995e+01
-1.376669120000000035e+01 -1.376261309999999938e+01 -1.375857889999999983e+01 -1.375458829999999999e+01 -1.375064129999999984e+01 -1.374673770000000061e+01 -1.374287709999999940e+01 -1.373905940000000037e+01 -1.373528439999999939e+01 -1.373155170000000069e+01 -1.372786119999999954e+01 -1.372421250000000015e+01 -1.372060530000000078e+01 -1.371703940000000088e+01 -1.371351439999999933e+01 -1.371002999999999972e+01 -1.370658579999999915e+01 -1.370318140000000007e+01 -1.369981650000000073e+01 -1.369649079999999941e+01 -1.369320369999999976e+01 -1.368995490000000004e+01 -1.368674389999999974e+01 -1.368357050000000008e+01 -1.368043399999999998e+01 -1.367733409999999949e+01 -1.367427029999999988e+01 -1.367124220000000001e+01 -1.366824940000000055e+01 -1.366529129999999981e+01 -1.366236759999999961e+01 -1.365947770000000006e+01 -1.365662120000000002e+01 -1.365379770000000015e+01 -1.365100679999999933e+01 -1.364824789999999943e+01 -1.364552059999999933e+01 -1.364282449999999969e+01 -1.364015919999999937e+01 -1.363752419999999965e+01 -1.363491909999999940e+01 -1.363234349999999928e+01 -1.362979709999999933e+01 -1.362727929999999965e+01 -1.362478980000000028e+01 -1.362232829999999950e+01 -1.361989439999999973e+01 -1.361748769999999986e+01 -1.361510789999999993e+01 -1.361275460000000059e+01
-1.489264999999999972e+01 -1.489005760000000045e+01 -1.488749430000000018e+01 -1.488495960000000018e+01 -1.488245329999999989e+01 -1.487997499999999995e+01 -1.487752449999999982e+01 -1.487510140000000014e+01 -1.487270539999999919e+01 -1.487033620000000056e+01 -1.486799369999999954e+01 -1.486567739999999915e+01 -1.486338729999999941e+01 -1.486112299999999919e+01 -1.485888429999999971e+01 -1.485667100000000040e+01 -1.485448290000000071e+01 -1.485231989999999946e+01 -1.485018160000000087e+01 -1.484806799999999960e+01 -1.484597890000000042e+01 -1.484391420000000039e+01 -1.484187359999999956e+01 -1.483985700000000030e+01 -1.483786440000000084e+01 -1.483589549999999946e+01 -1.483395020000000031e+01 -1.483202849999999984e+01 -1.483013019999999926e+01 -1.482825509999999980e+01 -1.482640330000000084e+01 -1.482457460000000005e+01 -1.482276880000000041e+01 -1.482098590000000016e+01 -1.481922589999999929e+01 -1.481748849999999962e+01 -1.481577380000000055e+01 -1.481408159999999974e+01 -1.481241190000000074e+01 -1.481076449999999944e+01 -1.480913939999999940e+01 -1.480753640000000004e+01 -1.480595560000000077e+01 -1.480439679999999925e+01 -1.480285989999999963e+01 -1.480134480000000075e+01 -1.479985150000000083e+01 -1.479837990000000048e+01 -1.479692979999999913e+01 -1.479550129999999974e+01
-1.652319869999999824e+01 -1.651829169999999891e+01 -1.651343719999999848e+01 -1.650863500000000172e+01 -1.650388480000000158e+01 -1.649918650000000042e+01 -1.649453979999999831e+01 -1.648994439999999884e+01 -1.648539999999999850e+01 -1.648090639999999851e+01 -1.647646329999999892e+01 -1.647207029999999861e+01 -1.646772719999999879e+01 -1.646343350000000072e+01 -1.645918890000000090e+01 -1.645499300000000176e+01 -1.645084549999999979e+01 -1.644674579999999864e+01 -1.644269359999999836e+01 -1.643868850000000137e+01 -1.643472999999999828e+01 -1.643081749999999985e+01 -1.642695069999999902e+01 -1.642312910000000059e+01 -1.641935210000000112e+01 -1.641561919999999830e+01 -1.641193000000000168e+01 -1.640828390000000070e+01 -1.640468040000000016e+01 -1.640111900000000134e+01 -1.639759910000000076e+01 -1.639412019999999970e+01 -1.639068169999999824e+01 -1.638728330000000000e+01 -1.638392419999999916e+01 -1.638060400000000172e+01 -1.637732219999999828e+01 -1.637407830000000075e+01 -1.637087169999999858e+01 -1.636770190000000014e+01 -1.636456850000000074e+01 -1.636147090000000048e+01 -1.635840869999999825e+01 -1.635538139999999885e+01 -1.635238849999999999e+01 -1.634942960000000056e+01 -1.634650419999999826e+01 -1.634361200000000025e+01 -1.634075239999999951e+01 -1.633792509999999965e+01
-1.760209030000000041e+01 -1.759902170000000154e+01 -1.759598790000000079e+01 -1.759298850000000058e+01 -1.759002309999999980e+01 -1.758709119999999970e+01 -1.758419260000000151e+01 -1.758132670000000175e+01 -1.757849339999999927e+01 -1.757569210000000126e+01 -1.757292269999999945e+01 -1.757018469999999866e+01 -1.756747790000000009e+01 -1.756480189999999908e+01 -1.756215660000000156e+01 -1.755954150000000169e+01 -1.755695649999999830e+01 -1.755440139999999971e+01 -1.755187580000000125e+01 -1.754937960000000174e+01 -1.754691250000000124e+01 -1.754447430000000097e+01 -1.754206479999999857e+01 -1.753968389999999999e+01 -1.753733139999999935e+01 -1.753500710000000140e+01 -1.753271069999999909e+01 -1.753044230000000070e+01 -1.752820150000000154e+01 -1.752598830000000163e+01 -1.752380249999999862e+01 -1.752164399999999844e+01 -1.751951269999999994e+01 -1.751740829999999960e+01 -1.751533089999999859e+01 -1.751328020000000052e+01 -1.751125619999999827e+01 -1.750925870000000018e+01 -1.750728760000000150e+01 -1.750534280000000109e+01 -1.750342420000000132e+01 -1.750153170000000102e+01 -1.749966510000000142e+01 -1.749782439999999895e+01 -1.749600949999999955e+01 -1.749422020000000089e+01 -1.749245639999999824e+01 -1.749071800000000110e+01 -1.748900490000000119e+01 -1.748731709999999850e+01
-1.927962199999999982e+01 -1.927387909999999849e+01 -1.926819719999999947e+01 -1.926257610000000042e+01 -1.925701540000000023e+01 -1.925151490000000010e+01 -1.924607440000000125e+01 -1.924069360000000017e+01 -1.923537209999999931e+01 -1.923010969999999986e+01 -1.922490609999999833e+01 -1.921976079999999953e+01 -1.921467349999999996e+01 -1.920964389999999966e+01 -1.920467149999999990e+01 -1.919975600000000071e+01 -1.919489679999999865e+01 -1.919009360000000086e+01 -1.918534590000000151e+01 -1.918065310000000068e+01 -1.917601489999999842e+01 -1.917143060000000077e+01 -1.916689979999999949e+01 -1.916242189999999823e+01 -1.915799639999999826e+01 -1.915362259999999850e+01 -1.914930010000000138e+01 -1.914502819999999872e+01 -1.914080639999999889e+01 -1.913663409999999843e+01 -1.913251059999999981e+01 -1.912843540000000075e+01 -1.912440790000000135e+01 -1.912042750000000169e+01 -1.911649359999999831e+01 -1.911260550000000080e+01 -1.910876269999999977e+01 -1.910496470000000002e+01 -1.910121069999999932e+01 -1.909750030000000010e+01 -1.909383280000000127e+01 -1.909020770000000056e+01 -1.908662449999999922e+01 -1.908308249999999973e+01 -1.907958130000000097e+01 -1.907612029999999947e+01 -1.907269900000000007e+01 -1.906931690000000046e+01 -1.906597349999999835e+01 -1.906266839999999974e+01
-2.031086279999999888e+01 -2.030731319999999940e+01 -2.030380449999999826e+01 -2.030033590000000032e+01 -2.029690719999999970e+01 -2.029351780000000005e+01 -2.029016730000000024e+01 -2.028685510000000036e+01 -2.028358100000000164e+01 -2.028034440000000060e+01 -2.027714509999999848e+01 -2.027398249999999891e+01 -2.027085629999999838e+01 -2.026776620000000051e+01 -2.026471180000000061e+01 -2.026169279999999873e+01 -2.025870880000000085e+01 -2.025575960000000109e+01 -2.025284489999999948e+01 -2.024996429999999847e+01 -2.024711770000000044e+01 -2.024430459999999954e+01 -2.024152499999999932e+01 -2.023877849999999867e+01 -2.023606499999999997e+01 -2.023338409999999854e+01 -2.023073570000000032e+01 -2.022811959999999942e+01 -2.022553549999999944e+01 -2.022298329999999922e+01 -2.022046279999999996e+01 -2.021797379999999933e+01 -2.021551619999999971e+01 -2.021308970000000116e+01 -2.021069430000000011e+01 -2.020832970000000017e+01 -2.020599569999999900e+01 -2.020369230000000016e+01 -2.020141930000000130e+01 -2.019917660000000126e+01 -2.019696390000000008e+01 -2.019478120000000132e+01 -2.019262829999999909e+01 -2.019050509999999932e+01 -2.018841139999999967e+01 -2.018634720000000016e+01 -2.018431220000000081e+01 -2.018230640000000164e+01 -2.018032960000000031e+01 -2.017838169999999920e+01
-2.203560360000000173e+01 -2.202901729999999958e+01 -2.202250049999999959e+01 -2.201605280000000064e+01 -2.200967389999999924e+01 -2.200336349999999896e+01 -2.199712140000000105e+01 -2.199094709999999964e+01 -2.198484050000000067e+01 -2.197880119999999948e+01 -2.197282870000000088e+01 -2.196692279999999897e+01 -2.196108309999999975e+01 -2.195530919999999853e+01 -2.194960049999999896e+01 -2.194395679999999871e+01 -2.193837750000000142e+01 -2.193286219999999886e+01 -2.192741029999999824e+01 -2.192202130000000082e+01 -2.191669479999999837e+01 -2.191143010000000046e+01 -2.190622670000000127e+01 -2.190108400000000088e+01 -2.189600139999999939e+01 -2.189097840000000161e+01 -2.188601420000000175e+01 -2.188110830000000107e+01 -2.187625999999999848e+01 -2.187146870000000121e+01 -2.186673370000000105e+01 -2.186205430000000050e+01 -2.185743000000000080e+01 -2.185286010000000090e+01 -2.184834379999999854e+01 -2.184388050000000092e+01 -2.183946960000000104e+01 -2.183511040000000136e+01 -2.183080229999999844e+01 -2.182654459999999830e+01 -2.182233659999999986e+01 -2.181817769999999967e+01 -2.181406730000000138e+01 -2.181000480000000152e+01 -2.180598949999999903e+01 -2.180202089999999870e+01 -2.179809829999999948e+01 -2.179422130000000024e+01 -2.179038909999999873e+01 -2.178660130000000095e+01
-2.301886680000000140e+01 -2.301483040000000102e+01 -2.301084090000000160e+01 -2.300689769999999967e+01 -2.300300030000000007e+01 -2.299914809999999932e+01 -2.299534069999999986e+01 -2.299157749999999822e+01 -2.298785799999999924e+01 -2.298418170000000060e+01 -2.298054810000000003e+01 -2.297695679999999996e+01 -2.297340739999999926e+01 -2.296989939999999919e+01 -2.296643239999999864e+01 -2.296300600000000003e+01 -2.295961979999999869e+01 -2.295627340000000061e+01 -2.295296649999999872e+01 -2.294969880000000018e+01 -2.294646990000000031e+01 -2.294327940000000154e+01 -2.294012710000000155e+01 -2.293701259999999920e+01 -2.293393580000000043e+01 -2.293089619999999940e+01 -2.292789360000000087e+01 -2.292492779999999897e+01 -2.292199850000000083e+01 -2.291910550000000057e+01 -2.291624849999999824e+01 -2.291342739999999978e+01 -2.291064180000000050e+01 -2.290789150000000163e+01 -2.290517649999999961e+01 -2.290249640000000042e+01 -2.289985100000000173e+01 -2.289724029999999999e+01 -2.289466390000000118e+01 -2.289212170000000057e+01 -2.288961349999999939e+01 -2.288713920000000002e+01 -2.288469860000000011e+01 -2.288229150000000089e+01 -2.287991780000000119e+01 -2.287757720000000106e+01 -2.287526970000000048e+01 -2.287299510000000069e+01 -2.287075319999999934e+01 -2.286854389999999881e+01
-2.479130350000000149e+01 -2.478386589999999856e+01 -2.477650620000000004e+01 -2.476922379999999890e+01 -2.476201849999999993e+01 -2.475488989999999845e+01 -2.474783770000000160e+01 -2.474086150000000117e+01 -2.473396109999999837e+01 -2.472713600000000156e+01 -2.472038590000000013e+01 -2.471371040000000008e+01 -2.470710910000000027e+01 -2.470058159999999958e+01 -2.469412739999999928e+01 -2.468774609999999825e+01 -2.468143710000000013e+01 -2.467520010000000141e+01 -2.466903440000000103e+01 -2.466293950000000024e+01 -2.465691500000000147e+01 -2.465096009999999893e+01 -2.464507439999999860e+01 -2.463925709999999825e+01 -2.463350769999999912e+01 -2.462782550000000015e+01 -2.462220999999999904e+01 -2.461666029999999949e+01 -2.461117580000000160e+01 -2.460575589999999835e+01 -2.460039989999999932e+01 -2.459510699999999872e+01 -2.458987649999999903e+01 -2.458470769999999916e+01 -2.457959999999999923e+01 -2.457455249999999936e+01 -2.456956459999999964e+01 -2.456463550000000140e+01 -2.455976460000000117e+01 -2.455495099999999908e+01 -2.455019419999999997e+01 -2.454549340000000157e+01 -2.454084789999999927e+01 -2.453625710000000026e+01 -2.453172010000000114e+01 -2.452723639999999961e+01 -2.452280539999999931e+01 -2.451842620000000039e+01 -2.451409840000000173e+01 -2.450982129999999870e+01
-2.572561830000000072e+01 -2.572108689999999953e+01 -2.571660879999999949e+01 -2.571218329999999952e+01 -2.570780979999999971e+01 -2.570348770000000016e+01 -2.569921629999999979e+01 -2.569499520000000103e+01 -2.569082369999999926e+01 -2.568670120000000168e+01 -2.568262719999999888e+01 -2.567860130000000041e+01 -2.567462270000000046e+01 -2.567069120000000026e+01 -2.566680609999999874e+01 -2.566296699999999831e+01 -2.565917340000000024e+01 -2.565542500000000103e+01 -2.565172120000000078e+01 -2.564806169999999952e+01 -2.564444609999999969e+01 -2.564087389999999900e+01 -2.563734480000000104e+01 -2.563385840000000115e+01 -2.563041439999999938e+01 -2.562701240000000169e+01 -2.562365210000000104e+01 -2.562033320000000103e+01 -2.561705540000000170e+01 -2.561381839999999954e+01 -2.561062180000000055e+01 -2.560746549999999999e+01 -2.560434899999999914e+01 -2.560127230000000154e+01 -2.559823490000000135e+01 -2.559523679999999857e+01 -2.559227750000000157e+01 -2.558935699999999969e+01 -2.558647489999999891e+01 -2.558363100000000045e+01 -2.558082519999999960e+01 -2.557805719999999994e+01 -2.557532690000000031e+01 -2.557263389999999958e+01 -2.556997820000000132e+01 -2.556735949999999846e+01 -2.556477770000000049e+01 -2.556223260000000153e+01 -2.555972399999999922e+01 -2.555725179999999952e+01
-2.754720190000000102e+01 -2.753890480000000096e+01 -2.753069370000000049e+01 -2.752256810000000087e+01 -2.751452779999999976e+01 -2.750657220000000081e+01 -2.749870110000000167e+01 -2.749091400000000007e+01 -2.748321049999999843e+01 -2.747559030000000035e+01 -2.746805300000000116e+01 -2.746059809999999857e+01 -2.745322529999999972e+01 -2.744593409999999878e+01 -2.743872410000000173e+01 -2.743159479999999917e+01 -2.742454559999999830e+01 -2.741757619999999918e+01 -2.741068590000000071e+01 -2.740387420000000063e+01 -2.739714060000000018e+01 -2.739048449999999946e+01 -2.738390520000000095e+01 -2.737740210000000118e+01 -2.737097460000000027e+01 -2.736462200000000067e+01 -2.735834369999999893e+01 -2.735213889999999992e+01 -2.734600700000000018e+01 -2.733994720000000100e+01 -2.733395880000000133e+01 -2.732804110000000009e+01 -2.732219329999999857e+01 -2.731641469999999927e+01 -2.731070439999999877e+01 -2.730506189999999833e+01 -2.729948620000000048e+01 -2.729397660000000059e+01 -2.728853229999999996e+01 -2.728315269999999870e+01 -2.727783690000000050e+01 -2.727258409999999955e+01 -2.726739359999999834e+01 -2.726226469999999935e+01 -2.725719660000000033e+01 -2.725218849999999904e+01 -2.724723979999999912e+01 -2.724234969999999834e+01 -2.723751760000000033e+01 -2.723274260000000169e+01
-2.843158700000000039e+01 -2.842655119999999869e+01 -2.842157509999999832e+01 -2.841665820000000053e+01 -2.841179959999999838e+01 -2.840699880000000022e+01 -2.840225489999999908e+01 -2.839756739999999979e+01 -2.839293569999999889e+01 -2.838835890000000006e+01 -2.838383669999999981e+01 -2.837936829999999944e+01 -2.837495320000000021e+01 -2.837059070000000105e+01 -2.836628040000000084e+01 -2.836202159999999850e+01 -2.835781400000000119e+01 -2.835365679999999955e+01 -2.834954970000000074e+01 -2.834549210000000130e+01 -2.834148370000000128e+01 -2.833752379999999960e+01 -2.833361220000000102e+01 -2.832974820000000094e+01 -2.832593160000000054e+01 -2.832216199999999873e+01 -2.831843879999999913e+01 -2.831476179999999943e+01 -2.831113059999999848e+01 -2.830754479999999873e+01 -2.830400410000000022e+01 -2.830050819999999945e+01 -2.829705660000000123e+01 -2.829364920000000083e+01 -2.829028549999999953e+01 -2.828696529999999854e+01 -2.828368839999999906e+01 -2.828045439999999999e+01 -2.827726300000000137e+01 -2.827411409999999847e+01 -2.827100719999999967e+01 -2.826794230000000141e+01 -2.826491910000000018e+01 -2.826193729999999960e+01 -2.825899670000000086e+01 -2.825609719999999925e+01 -2.825323840000000075e+01 -2.825042020000000065e+01 -2.824764240000000015e+01 -2.824490490000000165e+01
-3.030255229999999855e+01 -3.029338650000000044e+01 -3.028431499999999943e+01 -3.027533749999999912e+01 -3.026645329999999845e+01 -3.025766199999999984e+01 -3.024896310000000099e+01 -3.024035620000000080e+01 -3.023184080000000051e+01 -3.022341660000000019e+01 -3.021508299999999991e+01 -3.020683969999999974e+01 -3.019868629999999854e+01 -3.019062209999999880e+01 -3.018264690000000172e+01 -3.017475999999999914e+01 -3.016696110000000175e+01 -3.015924959999999899e+01 -3.015162490000000162e+01 -3.014408639999999906e+01 -3.013663379999999847e+01 -3.012926620000000000e+01 -3.012198310000000134e+01 -3.011478389999999905e+01 -3.010766789999999915e+01 -3.010063450000000174e+01 -3.009368290000000101e+01 -3.008681250000000063e+01 -3.008002240000000072e+01 -3.007331209999999899e+01 -3.006668069999999915e+01 -3.006012760000000128e+01 -3.005365180000000080e+01 -3.004725260000000020e+01 -3.004092929999999839e+01 -3.003468099999999907e+01 -3.002850690000000000e+01 -3.002240630000000010e+01 -3.001637840000000068e+01 -3.001042220000000071e+01 -3.000453699999999913e+01 -2.999872209999999839e+01 -2.999297650000000104e+01 -2.998729949999999889e+01 -2.998169030000000035e+01 -2.997614809999999963e+01 -2.997067210000000159e+01 -2.996526150000000044e+01 -2.995991559999999865e+01 -2.995463360000000108e+01
2.706946100000000044e+01 2.706495089999999948e+01 2.706049409999999966e+01 2.705609009999999870e+01 2.705173810000000145e+01 2.704743769999999969e+01 2.704318819999999945e+01 2.703898919999999961e+01 2.703484010000000026e+01 2.703074039999999911e+01 2.702668949999999981e+01 2.702268700000000123e+01 2.701873249999999871e+01 2.701482529999999826e+01 2.701096520000000112e+01 2.700715170000000143e+01 2.700338430000000045e+01 2.699966260000000062e+01 2.699598629999999844e+01 2.699235489999999871e+01 2.698876819999999910e+01 2.698522570000000087e+01 2.698172699999999935e+01 2.697827200000000047e+01 2.697486010000000078e+01 2.697149119999999911e+01 2.696816490000000144e+01 2.696488090000000071e+01 2.696163900000000169e+01 2.695843879999999970e+01 2.695528009999999952e+01 2.695216269999999881e+01 2.694908619999999999e+01 2.694605049999999835e+01 2.694305530000000104e+01 2.694010039999999861e+01 2.693718559999999940e+01 2.693431059999999988e+01 2.693147529999999890e+01 2.692867950000000121e+01 2.692592289999999977e+01 2.692320540000000051e+01 2.692052689999999870e+01 2.691788710000000151e+01 2.691528599999999827e+01 2.691272329999999968e+01 2.691019890000000103e+01 2.690771259999999998e+01 2.690526450000000125e+01 2.690285430000000133e+01
2.901116999999999990e+01 2.900204180000000065e+01 2.899300570000000121e+01 2.898406110000000169e+01 2.897520739999999861e+01 2.896644380000000041e+01 2.895777000000000001e+01 2.894918549999999868e+01 2.894068989999999886e+01 2.893228260000000063e+01 2.892396330000000049e+01 2.891573160000000087e+01 2.890758719999999826e+01 2.889952960000000104e+01 2.889155849999999859e+01 2.888367339999999928e+01 2.887587410000000077e+01 2.886815989999999843e+01 2.886053060000000059e+01 2.885298570000000140e+01 2.884552479999999974e+01 2.883814720000000165e+01 2.883085270000000122e+01 2.882364049999999978e+01 2.881651030000000091e+01 2.880946129999999883e+01 2.880249320000000068e+01 2.879560520000000068e+01 2.878879669999999891e+01 2.878206720000000018e+01 2.877541580000000110e+01 2.876884210000000053e+01 2.876234529999999978e+01 2.875592460000000017e+01 2.874957939999999823e+01 2.874330900000000000e+01 2.873711249999999851e+01 2.873098939999999857e+01 2.872493869999999916e+01 2.871895980000000037e+01 2.871305189999999996e+01 2.870721410000000162e+01 2.870144589999999951e+01 2.869574619999999854e+01 2.869011439999999880e+01 2.868454979999999921e+01 2.867905139999999875e+01 2.867361869999999868e+01 2.866825070000000153e+01 2.866294669999999911e+01
2.436736970000000113e+01 2.436333050000000000e+01 2.435933849999999978e+01 2.435539329999999936e+01 2.435149420000000120e+01 2.434764069999999947e+01 2.434383250000000132e+01 2.434006889999999856e+01 2.433634959999999836e+01 2.433267409999999842e+01 2.432904190000000000e+01 2.432545269999999960e+01 2.432190609999999964e+01 2.431840150000000023e+01 2.431493869999999902e+01 2.431151739999999961e+01 2.430813699999999855e+01 2.430479740000000177e+01 2.430149820000000105e+01 2.429823899999999881e+01 2.429501949999999866e+01 2.429183959999999942e+01 2.428869870000000120e+01 2.428559680000000043e+01 2.428253349999999955e+01 2.427950849999999861e+01 2.427652169999999998e+01 2.427357269999999900e+01 2.427066130000000044e+01 2.426778739999999956e+01 2.426495059999999881e+01 2.426215080000000057e+01 2.425938779999999895e+01 2.425666130000000109e+01 2.425397119999999873e+01 2.425131730000000019e+01 2.424869929999999840e+01 2.424611720000000048e+01 2.424357069999999936e+01 2.424105959999999982e+01 2.423858389999999829e+01 2.423614329999999839e+01 2.423373760000000132e+01 2.423136679999999998e+01 2.422903060000000153e+01 2.422672899999999885e+01 2.422446180000000027e+01 2.422222890000000106e+01 2.422003009999999890e+01 2.421786540000000088e+01
2.625008199999999903e+01 2.624185280000000020e+01 2.623370710000000017e+01 2.622564429999999902e+01 2.621766420000000153e+01 2.620976609999999951e+01 2.620194980000000129e+01 2.619421480000000102e+01 2.618656079999999875e+01 2.617898740000000046e+01 2.617149429999999910e+01 2.616408110000000065e+01 2.615674750000000159e+01 2.614949319999999844e+01 2.614231769999999955e+01 2.613522070000000141e+01 2.612820190000000053e+01 2.612126070000000055e+01 2.611439680000000152e+01 2.610760979999999876e+01 2.610089909999999946e+01 2.609426429999999897e+01 2.608770489999999853e+01 2.608122039999999942e+01 2.607481020000000171e+01 2.606847379999999958e+01 2.606221060000000023e+01 2.605601989999999901e+01 2.604990120000000076e+01 2.604385389999999845e+01 2.603787720000000050e+01 2.603197060000000107e+01 2.602613330000000147e+01 2.602036469999999824e+01 2.601466399999999979e+01 2.600903059999999911e+01 2.600346379999999868e+01 2.599796269999999865e+01 2.599252669999999910e+01 2.598715509999999895e+01 2.598184709999999953e+01 2.597660199999999975e+01 2.597141900000000092e+01 2.596629739999999842e+01 2.596123649999999827e+01 2.595623559999999941e+01 2.595129379999999841e+01 2.594641060000000010e+01 2.594158510000000106e+01 2.593681679999999901e+01
2.166424489999999992e+01 2.166066879999999983e+01 2.165713399999999922e+01 2.165363999999999933e+01 2.165018639999999905e+01 2.164677280000000081e+01 2.164339869999999877e+01 2.164006380000000007e+01 2.163676770000000005e+01 2.163350989999999996e+01 2.163029009999999985e+01 2.162710799999999978e+01 2.162396329999999978e+01 2.162085550000000111e+01 2.161778440000000145e+01 2.161474970000000084e+01 2.161175109999999933e+01 2.160878830000000050e+01 2.160586100000000087e+01 2.160296900000000164e+01 2.160011210000000048e+01 2.159729000000000099e+01 2.159450239999999965e+01 2.159174919999999886e+01 2.158903009999999867e+01 2.158634490000000028e+01 2.158369349999999898e+01 2.158107550000000074e+01 2.157849089999999848e+01 2.157593950000000049e+01 2.157342110000000091e+01 2.157093539999999976e+01 2.156848240000000061e+01 2.156606190000000112e+01 2.156367360000000133e+01 2.156131759999999886e+01 2.155899349999999970e+01 2.155670130000000029e+01 2.155444079999999829e+01 2.155221179999999848e+01 2.155001430000000084e+01 2.154784809999999950e+01 2.154571299999999923e+01 2.154360889999999884e+01 2.154153570000000073e+01 2.153949319999999901e+01 2.153748140000000078e+01 2.153550010000000015e+01 2.153354909999999833e+01 2.153162850000000006e+01
2.348846119999999971e+01 2.348112479999999991e+01 2.347386339999999905e+01 2.346667649999999838e+01 2.345956380000000152e+01 2.345252490000000023e+01 2.344555959999999928e+01 2.343866739999999993e+01 2.343184820000000101e+01 2.342510150000000024e+01 2.341842720000000000e+01 2.341182480000000155e+01 2.340529409999999899e+01 2.339883469999999832e+01 2.339244619999999841e+01 2.338612840000000048e+01 2.337988089999999985e+01 2.337370320000000135e+01 2.336759490000000028e+01 2.336155559999999909e+01 2.335558490000000020e+01 2.334968230000000133e+01 2.334384719999999902e+01 2.333807919999999925e+01 2.333237779999999972e+01 2.332674229999999937e+01 2.332117230000000063e+01 2.331566720000000004e+01 2.331022630000000007e+01 2.330484900000000081e+01 2.329953479999999999e+01 2.329428300000000007e+01 2.328909279999999882e+01 2.328396379999999866e+01 2.327889520000000090e+01 2.327388630000000092e+01 2.326893649999999880e+01 2.326404499999999942e+01 2.325921130000000048e+01 2.325443459999999973e+01 2.324971419999999966e+01 2.324504939999999920e+01 2.324043959999999842e+01 2.323588399999999865e+01 2.323138210000000115e+01 2.322693310000000011e+01 2.322253630000000157e+01 2.321819119999999970e+01 2.321389699999999934e+01 2.320965310000000059e+01
1.895966950000000040e+01 1.895654980000000123e+01 1.895346560000000125e+01 1.895041660000000050e+01 1.894740240000000142e+01 1.894442259999999933e+01 1.894147690000000139e+01 1.893856500000000054e+01 1.893568660000000037e+01 1.893284119999999859e+01 1.893002870000000115e+01 1.892724869999999981e+01 1.892450099999999935e+01 1.892178529999999981e+01 1.891910130000000123e+01 1.891644889999999890e+01 1.891382769999999880e+01 1.891123759999999976e+01 1.890867829999999827e+01 1.890614970000000028e+01 1.890365149999999872e+01 1.890118349999999836e+01 1.889874560000000159e+01 1.889633770000000013e+01 1.889395950000000113e+01 1.889161079999999870e+01 1.888929159999999996e+01 1.888700160000000139e+01 1.888474079999999944e+01 1.888250890000000126e+01 1.888030589999999975e+01 1.887813159999999968e+01 1.887598589999999987e+01 1.887386860000000155e+01 1.887177970000000116e+01 1.886971899999999991e+01 1.886768629999999902e+01 1.886568159999999850e+01 1.886370480000000072e+01 1.886175559999999862e+01 1.885983410000000049e+01 1.885794010000000043e+01 1.885607339999999965e+01 1.885423400000000171e+01 1.885242179999999834e+01 1.885063650000000024e+01 1.884887820000000147e+01 1.884714680000000087e+01 1.884544199999999847e+01 1.884376380000000140e+01
2.072689150000000069e+01 2.072044079999999866e+01 2.071405640000000048e+01 2.070773810000000026e+01 2.070148560000000160e+01 2.069529849999999982e+01 2.068917659999999970e+01 2.068311969999999889e+01 2.067712739999999982e+01 2.067119950000000017e+01 2.066533580000000114e+01 2.065953590000000162e+01 2.065379950000000164e+01 2.064812639999999888e+01 2.064251610000000170e+01 2.063696840000000066e+01 2.063148299999999935e+01 2.062605930000000143e+01 2.062069710000000100e+01 2.061539589999999933e+01 2.061015520000000123e+01 2.060497469999999964e+01 2.059985389999999938e+01 2.059479220000000055e+01 2.058978910000000084e+01 2.058484419999999915e+01 2.057995700000000028e+01 2.057512669999999844e+01 2.057035300000000078e+01 2.056563510000000150e+01 2.056097259999999949e+01 2.055636480000000077e+01 2.055181119999999950e+01 2.054731110000000172e+01 2.054286379999999923e+01 2.053846890000000158e+01 2.053412559999999942e+01 2.052983329999999995e+01 2.052559139999999971e+01 2.052139920000000117e+01 2.051725619999999850e+01 2.051316170000000128e+01 2.050911509999999893e+01 2.050511579999999867e+01 2.050116320000000059e+01 2.049725660000000005e+01 2.049339549999999832e+01 2.048957920000000144e+01 2.048580719999999999e+01 2.048207899999999881e+01
1.625438480000000041e+01 1.625171680000000052e+01 1.624907879999999949e+01 1.624647050000000092e+01 1.624389160000000132e+01 1.624134180000000072e+01 1.623882079999999917e+01 1.623632840000000144e+01 1.623386430000000047e+01 1.623142819999999986e+01 1.622901999999999845e+01 1.622663929999999866e+01 1.622428599999999932e+01 1.622195980000000048e+01 1.621966060000000098e+01 1.621738810000000086e+01 1.621514230000000012e+01 1.621292280000000119e+01 1.621072970000000169e+01 1.620856260000000049e+01 1.620642150000000115e+01 1.620430610000000016e+01 1.620221649999999869e+01 1.620015240000000034e+01 1.619811370000000039e+01 1.619610039999999884e+01 1.619411219999999929e+01 1.619214900000000057e+01 1.619021090000000029e+01 1.618829759999999851e+01 1.618640900000000116e+01 1.618454510000000113e+01 1.618270580000000081e+01 1.618089090000000141e+01 1.617910039999999938e+01 1.617733409999999949e+01 1.617559200000000175e+01 1.617387400000000142e+01 1.617218000000000089e+01 1.617050980000000138e+01 1.616886350000000050e+01 1.616724089999999947e+01 1.616564179999999951e+01 1.616406630000000177e+01 1.616251420000000039e+01 1.616098549999999889e+01 1.615947990000000090e+01 1.615799750000000046e+01 1.615653809999999879e+01 1.615510169999999945e+01
1.796510209999999930e+01 1.795952979999999854e+01 1.795401529999999823e+01 1.794855829999999841e+01 1.794315849999999912e+01 1.793781579999999920e+01 1.793252980000000107e+01 1.792730040000000002e+01 1.792212740000000082e+01 1.791701039999999878e+01 1.791194929999999985e+01 1.790694380000000052e+01 1.790199349999999967e+01 1.789709829999999968e+01 1.789225779999999943e+01 1.788747169999999898e+01 1.788273960000000073e+01 1.787806120000000121e+01 1.787343609999999927e+01 1.786886399999999853e+01 1.786434429999999907e+01 1.785987679999999855e+01 1.785546099999999825e+01 1.785109629999999825e+01 1.784678239999999860e+01 1.784251880000000057e+01 1.783830490000000069e+01 1.783414030000000139e+01 1.783002439999999922e+01 1.782595669999999899e+01 1.782193669999999841e+01 1.781796380000000113e+01 1.781403750000000130e+01 1.781015719999999902e+01 1.780632239999999911e+01 1.780253250000000165e+01 1.779878689999999963e+01 1.779508510000000143e+01 1.779142650000000003e+01 1.778781060000000025e+01 1.778423670000000101e+01 1.778070440000000119e+01 1.777721310000000088e+01 1.777376220000000018e+01 1.777035120000000035e+01 1.776697959999999910e+01 1.776364690000000124e+01 1.776035239999999860e+01 1.775709579999999832e+01 1.775387660000000167e+01
1.354847389999999940e+01 1.354625449999999987e+01 1.354405970000000003e+01 1.354188940000000052e+01 1.353974329999999959e+01 1.353762120000000024e+01 1.353552269999999957e+01 1.353344779999999936e+01 1.353139619999999965e+01 1.352936769999999989e+01 1.352736220000000067e+01 1.352537940000000027e+01 1.352341919999999931e+01 1.352148140000000076e+01 1.351956589999999991e+01 1.351767249999999976e+01 1.351580120000000029e+01 1.351395169999999979e+01 1.351212400000000002e+01 1.351031799999999983e+01 1.350853339999999925e+01 1.350677029999999945e+01 1.350502859999999927e+01 1.350330800000000053e+01 1.350160870000000024e+01 1.349993030000000083e+01 1.349827299999999930e+01 1.349663660000000043e+01 1.349502090000000010e+01 1.349342610000000064e+01 1.349185179999999917e+01 1.349029819999999980e+01 1.348876510000000017e+01 1.348725250000000031e+01 1.348576030000000081e+01 1.348428829999999934e+01 1.348283660000000062e+01 1.348140509999999992e+01 1.347999369999999963e+01 1.347860230000000037e+01 1.347723079999999918e+01 1.347587919999999961e+01 1.347454749999999990e+01 1.347323549999999948e+01 1.347194310000000073e+01 1.347067030000000010e+01 1.346941699999999997e+01 1.346818309999999919e+01 1.346696859999999951e+01 1.346577330000000039e+01
1.520344620000000013e+01 1.519874569999999991e+01 1.519409420000000033e+01 1.518949150000000081e+01 1.518493750000000020e+01 1.518043190000000031e+01 1.517597450000000059e+01 1.517156519999999986e+01 1.516720379999999935e+01 1.516288989999999970e+01 1.515862349999999914e+01 1.515440420000000010e+01 1.515023189999999964e+01 1.514610620000000019e+01 1.514202689999999940e+01 1.513799380000000028e+01 1.513400640000000053e+01 1.513006440000000019e+01 1.512616760000000049e+01 1.512231560000000030e+01 1.511850800000000028e+01 1.511474439999999930e+01 1.511102449999999919e+01 1.510734779999999944e+01 1.510371390000000069e+01 1.510012240000000006e+01 1.509657280000000057e+01 1.509306469999999933e+01 1.508959770000000056e+01 1.508617120000000078e+01 1.508278480000000066e+01 1.507943799999999968e+01 1.507613030000000087e+01 1.507286120000000018e+01 1.506963039999999943e+01 1.506643709999999992e+01 1.506328099999999992e+01 1.506016160000000070e+01 1.505707839999999997e+01 1.505403090000000077e+01 1.505101860000000080e+01 1.504804099999999956e+01 1.504509769999999946e+01 1.504218820000000001e+01 1.503931210000000007e+01 1.503646879999999975e+01 1.503365789999999969e+01 1.503087909999999994e+01 1.502813180000000060e+01 1.502541569999999993e+01
1.084206209999999970e+01 1.084028939999999963e+01 1.083853610000000067e+01 1.083680219999999927e+01 1.083508750000000020e+01 1.083339160000000057e+01 1.083171459999999975e+01 1.083005619999999958e+01 1.082841619999999949e+01 1.082679459999999949e+01 1.082519109999999962e+01 1.082360569999999989e+01 1.082203819999999972e+01 1.082048859999999912e+01 1.081895659999999992e+01 1.081744229999999973e+01 1.081594540000000038e+01 1.081446599999999947e+01 1.081300390000000000e+01 1.081155900000000081e+01 1.081013130000000011e+01 1.080872070000000029e+01 1.080732719999999958e+01 1.080595059999999918e+01 1.080459090000000089e+01 1.080324799999999996e+01 1.080192199999999936e+01 1.080061259999999912e+01 1.079931999999999981e+01 1.079804389999999970e+01 1.079678449999999934e+01 1.079554150000000057e+01 1.079431510000000038e+01 1.079310500000000062e+01 1.079191130000000065e+01 1.079073400000000049e+01 1.078957289999999958e+01 1.078842810000000085e+01 1.078729940000000020e+01 1.078618690000000058e+01 1.078509039999999963e+01 1.078400989999999915e+01 1.078294529999999973e+01 1.078189670000000078e+01 1.078086389999999994e+01 1.077984690000000079e+01 1.077884549999999919e+01 1.077785979999999988e+01 1.077688979999999930e+01 1.077593519999999927e+01
1.244152079999999927e+01 1.243768569999999940e+01 1.243389089999999975e+01 1.243013610000000035e+01 1.242642129999999945e+01 1.242274630000000002e+01 1.241911089999999973e+01 1.241551499999999919e+01 1.241195830000000022e+01 1.240844069999999988e+01 1.240496199999999938e+01 1.240152209999999933e+01 1.239812060000000038e+01 1.239475739999999959e+01 1.239143209999999939e+01 1.238814469999999979e+01 1.238489470000000026e+01 1.238168199999999963e+01 1.237850620000000035e+01 1.237536700000000067e+01 1.237226410000000065e+01 1.236919720000000034e+01 1.236616590000000038e+01 1.236317000000000021e+01 1.236020889999999994e+01 1.235728240000000078e+01 1.235439000000000043e+01 1.235153150000000011e+01 1.234870639999999931e+01 1.234591419999999928e+01 1.234315469999999948e+01 1.234042729999999999e+01 1.233773180000000025e+01 1.233506760000000035e+01 1.233243440000000035e+01 1.232983169999999973e+01 1.232725920000000031e+01 1.232471639999999979e+01 1.232220290000000062e+01 1.231971839999999929e+01 1.231726229999999944e+01 1.231483440000000051e+01 1.231243420000000022e+01 1.231006129999999921e+01 1.230771539999999931e+01 1.230539600000000000e+01 1.230310290000000073e+01 1.230083559999999920e+01 1.229859390000000019e+01 1.229637729999999962e+01
8.135234329999999403e+00 8.133907230000000155e+00 8.132594609999999946e+00 8.131296329999999628e+00 8.130012260000000879e+00 8.128742259999999220e+00 8.127486210000000710e+00 8.126243999999999801e+00 8.125015530000000652e+00 8.123800680000000440e+00 8.122599360000000601e+00 8.121411480000000793e+00 8.120236950000000675e+00 8.119075699999999784e+00 8.117927650000000384e+00 8.116792730000000233e+00 8.115670879999999698e+00 8.114562030000000092e+00 8.113466120000000004e+00 8.112383109999999675e+00 8.111312930000000421e+00 8.110255549999999758e+00 8.109210920000000655e+00 8.108178999999999803e+00 8.107159740000000170e+00 8.106153109999999273e+00 8.105159079999999960e+00 8.104177590000000819e+00 8.103208640000000074e+00 8.102252169999999865e+00 8.101308149999999486e+00 8.100376569999999887e+00 8.099457369999999656e+00 8.098550530000000691e+00 8.097656009999999682e+00 8.096773790000000304e+00 8.095903829999999246e+00 8.095046090000000305e+00 8.094200539999999222e+00 8.093367139999999793e+00 8.092545850000000485e+00 8.091736640000000591e+00 8.090939459999999528e+00 8.090154269999999315e+00 8.089381039999999246e+00 8.088619709999999685e+00 8.087870240000000877e+00 8.087132580000000459e+00 8.086406679999999625e+00 8.085692500000000393e+00
9.679621259999999339e+00 9.676646090000000200e+00 9.673702329999999350e+00 9.670789850000000243e+00 9.667908530000000056e+00 9.665058240000000467e+00 9.662238860000000429e+00 9.659450250000000793e+00 9.656692270000000633e+00 9.653964759999999146e+00 9.651267580000000734e+00 9.648600549999999387e+00 9.645963500000000579e+00 9.643356239999999246e+00 9.640778579999999209e+00 9.638230310000000856e+00 9.635711210000000193e+00 9.633221049999999508e+00 9.630759590000000259e+00 9.628326590000000351e+00 9.625921789999999589e+00 9.623544929999999553e+00 9.621195719999999341e+00 9.618873880000000653e+00 9.616579120000000813e+00 9.614311150000000694e+00 9.612069659999999516e+00 9.609854340000000050e+00 9.607664879999999741e+00 9.605500960000000532e+00 9.603362260000000816e+00 9.601248449999999934e+00 9.599159209999999831e+00 9.597094209999999848e+00 9.595053119999999325e+00 9.593035620000000208e+00 9.591041369999999233e+00 9.589070070000000001e+00 9.587121370000000198e+00 9.585194969999999870e+00 9.583290540000000135e+00 9.581407770000000212e+00 9.579546360000000149e+00 9.577706009999999992e+00 9.575886410000000737e+00 9.574087269999999705e+00 9.572308310000000375e+00 9.570549249999999120e+00 9.568809820000000244e+00 9.567089749999999171e+00
5.428036210000000139e+00 5.427154439999999802e+00 5.426282229999999984e+00 5.425419490000000344e+00 5.424566119999999714e+00 5.423722050000000294e+00 5.422887209999999847e+00 5.422061499999999867e+00 5.421244869999999771e+00 5.420437259999999924e+00 5.419638599999999862e+00 5.418848829999999950e+00 5.418067899999999604e+00 5.417295769999999955e+00 5.416532379999999591e+00 5.415777699999999584e+00 5.415031680000000236e+00 5.414294280000000015e+00 5.413565479999999930e+00 5.412845240000000224e+00 5.412133530000000192e+00 5.411430329999999955e+00 5.410735589999999817e+00 5.410049319999999717e+00 5.409371460000000020e+00 5.408702019999999777e+00 5.408040960000000119e+00 5.407388270000000219e+00 5.406743920000000259e+00 5.406107900000000299e+00 5.405480189999999574e+00 5.404860760000000042e+00 5.404249609999999926e+00 5.403646710000000297e+00 5.403052040000000389e+00 5.402465580000000323e+00 5.401887310000000220e+00 5.401317210000000202e+00 5.400755270000000330e+00 5.400201449999999959e+00 5.399655730000000098e+00 5.399118089999999981e+00 5.398588509999999729e+00 5.398066949999999586e+00 5.397553389999999673e+00 5.397047800000000173e+00 5.396550150000000379e+00 5.396060409999999585e+00 5.395578539999999812e+00 5.395104530000000231e+00
6.917802639999999670e+00 6.915682910000000128e+00 6.913585649999999916e+00 6.911510780000000409e+00 6.909458189999999611e+00 6.907427819999999663e+00 6.905419550000000406e+00 6.903433289999999722e+00 6.901468939999999996e+00 6.899526380000000181e+00 6.897605500000000056e+00 6.895706180000000352e+00 6.893828280000000142e+00 6.891971670000000216e+00 6.890136199999999711e+00 6.888321720000000425e+00 6.886528069999999779e+00 6.884755069999999755e+00 6.883002560000000436e+00 6.881270350000000313e+00 6.879558239999999714e+00 6.877866049999999731e+00 6.876193569999999866e+00 6.874540589999999618e+00 6.872906900000000263e+00 6.871292279999999586e+00 6.869696509999999812e+00 6.868119369999999613e+00 6.866560609999999620e+00 6.865020020000000223e+00 6.863497360000000214e+00 6.861992390000000164e+00 6.860504869999999755e+00 6.859034580000000325e+00 6.857581259999999901e+00 6.856144679999999880e+00 6.854724619999999824e+00 6.853320820000000424e+00 6.851933060000000353e+00 6.850561120000000059e+00 6.849204750000000175e+00 6.847863740000000199e+00 6.846537869999999693e+00 6.845226919999999993e+00 6.843930669999999772e+00 6.842648910000000306e+00 6.841381450000000086e+00 6.840128090000000327e+00 6.838888629999999580e+00 6.837662879999999888e+00
2.720834780000000119e+00 2.720398180000000110e+00 2.719966279999999959e+00 2.719539049999999847e+00 2.719116450000000018e+00 2.718698419999999949e+00 2.718284950000000144e+00 2.717875980000000080e+00 2.717471499999999818e+00 2.717071470000000044e+00 2.716675860000000053e+00 2.716284649999999967e+00 2.715897800000000029e+00 2.715515309999999793e+00 2.715137149999999888e+00 2.714763290000000051e+00 2.714393719999999899e+00 2.714028429999999936e+00 2.713667399999999841e+00 2.713310610000000178e+00 2.712958050000000121e+00 2.712609710000000174e+00 2.712265579999999954e+00 2.711925649999999965e+00 2.711589909999999826e+00 2.711258350000000039e+00 2.710930959999999779e+00 2.710607720000000054e+00 2.710288649999999855e+00 2.709973719999999808e+00 2.709662929999999914e+00 2.709356269999999789e+00 2.709053729999999938e+00 2.708755299999999977e+00 2.708460989999999846e+00 2.708170770000000172e+00 2.707884640000000065e+00 2.707602590000000031e+00 2.707324610000000131e+00 2.707050699999999921e+00 2.706780830000000027e+00 2.706515000000000004e+00 2.706253199999999914e+00 2.705995409999999879e+00 2.705741629999999898e+00 2.705491830000000153e+00 2.705246010000000201e+00 2.705004150000000163e+00 2.704766240000000099e+00 2.704532250000000193e+00
4.155976650000000383e+00 4.154708959999999784e+00 4.153454759999999801e+00 4.152213999999999849e+00 4.150986620000000293e+00 4.149772569999999661e+00 4.148571800000000032e+00 4.147384230000000116e+00 4.146209800000000278e+00 4.145048459999999935e+00 4.143900119999999632e+00 4.142764709999999795e+00 4.141642150000000022e+00 4.140532359999999912e+00 4.139435240000000071e+00 4.138350700000000160e+00 4.137278649999999836e+00 4.136218969999999828e+00 4.135171569999999797e+00 4.134136319999999643e+00 4.133113119999999974e+00 4.132101839999999804e+00 4.131102359999999862e+00 4.130114550000000051e+00 4.129138290000000211e+00 4.128173430000000366e+00 4.127219850000000356e+00 4.126277410000000145e+00 4.125345959999999756e+00 4.124425369999999980e+00 4.123515499999999889e+00 4.122616189999999570e+00 4.121727319999999750e+00 4.120848719999999688e+00 4.119980270000000111e+00 4.119121820000000156e+00 4.118273219999999846e+00 4.117434330000000031e+00 4.116605019999999726e+00 4.115785139999999842e+00 4.114974560000000281e+00 4.114173130000000178e+00 4.113380740000000202e+00 4.112597240000000376e+00 4.111822519999999592e+00 4.111056439999999590e+00 4.110298880000000210e+00 4.109549730000000345e+00 4.108808859999999896e+00 4.108076180000000299e+00
1.327859240000000066e-02 1.328672499999999923e-02 1.329475500000000011e-02 1.330268559999999919e-02 1.331052010000000063e-02 1.331826139999999978e-02 1.332591259999999986e-02 1.333347659999999969e-02 1.334095639999999944e-02 1.334835489999999965e-02 1.335567470000000034e-02 1.336291879999999994e-02 1.337008980000000020e-02 1.337719029999999941e-02 1.338422310000000025e-02 1.339119079999999927e-02 1.339809580000000076e-02 1.340494079999999914e-02 1.341172839999999963e-02 1.341846080000000038e-02 1.342514069999999927e-02 1.343177050000000060e-02 1.343835259999999997e-02 1.344488930000000033e-02 1.345138300000000078e-02 1.345783610000000040e-02 1.346425080000000080e-02 1.347062949999999933e-02 1.347697439999999934e-02 1.348328780000000032e-02 1.348957190000000042e-02 1.349582889999999952e-02 1.350206099999999923e-02 1.350827020000000024e-02 1.351445880000000030e-02 1.352062889999999969e-02 1.352678239999999948e-02 1.353292149999999958e-02 1.353904820000000064e-02 1.354516449999999990e-02 1.355127239999999976e-02 1.355737369999999997e-02 1.356347050000000082e-02 1.356956450000000071e-02 1.357565770000000033e-02 1.358175189999999942e-02 1.358784889999999947e-02 1.359395040000000061e-02 1.360005830000000047e-02 1.360617419999999959e-02
1.394346800000000108e+00 1.393928910000000077e+00 1.393515520000000008e+00 1.393106610000000023e+00 1.392702169999999962e+00 1.392302160000000066e+00 1.391906569999999954e+00 1.391515389999999908e+00 1.391128579999999948e+00 1.390746119999999975e+00 1.390368000000000048e+00 1.389994170000000029e+00 1.389624619999999977e+00 1.389259320000000075e+00 1.388898229999999900e+00 1.388541320000000079e+00 1.388188559999999905e+00 1.387839920000000005e+00 1.387495350000000016e+00 1.387154819999999900e+00 1.386818300000000059e+00 1.386485729999999972e+00 1.386157080000000041e+00 1.385832310000000067e+00 1.385511369999999909e+00 1.385194220000000032e+00 1.384880810000000073e+00 1.384571100000000055e+00 1.384265029999999896e+00 1.383962570000000003e+00 1.383663670000000012e+00 1.383368270000000066e+00 1.383076339999999904e+00 1.382787809999999951e+00 1.382502649999999944e+00 1.382220809999999966e+00 1.381942229999999938e+00 1.381666880000000042e+00 1.381394699999999975e+00 1.381125659999999922e+00 1.380859690000000084e+00 1.380596769999999918e+00 1.380336840000000009e+00 1.380079859999999936e+00 1.379825789999999941e+00 1.379574580000000106e+00 1.379326210000000108e+00 1.379080620000000090e+00 1.378837780000000013e+00 1.378597649999999897e+00
-2.694132380000000104e+00 -2.693679309999999827e+00 -2.693231159999999846e+00 -2.692787870000000083e+00 -2.692349389999999953e+00 -2.691915690000000083e+00 -2.691486709999999949e+00 -2.691062420000000177e+00 -2.690642780000000123e+00 -2.690227759999999968e+00 -2.689817319999999956e+00 -2.689411419999999886e+00 -2.689010049999999818e+00 -2.688613160000000057e+00 -2.688220750000000159e+00 -2.687832769999999982e+00 -2.687449210000000033e+00 -2.687070049999999988e+00 -2.686695269999999969e+00 -2.686324850000000097e+00 -2.685958760000000112e+00 -2.685597000000000012e+00 -2.685239549999999920e+00 -2.684886389999999956e+00 -2.684537510000000182e+00 -2.684192900000000215e+00 -2.683852540000000175e+00 -2.683516410000000185e+00 -2.683184520000000184e+00 -2.682856839999999909e+00 -2.682533359999999867e+00 -2.682214080000000056e+00 -2.681898980000000154e+00 -2.681588039999999840e+00 -2.681281260000000000e+00 -2.680978619999999868e+00 -2.680680109999999949e+00 -2.680385709999999921e+00 -2.680095430000000167e+00 -2.679809230000000042e+00 -2.679527100000000051e+00 -2.679249040000000193e+00 -2.678975020000000207e+00 -2.678705030000000153e+00 -2.678439060000000094e+00 -2.678177080000000210e+00 -2.677919080000000118e+00 -2.677665039999999941e+00 -2.677414939999999799e+00 -2.677168770000000197e+00
-1.367737769999999964e+00 -1.367306429999999962e+00 -1.366879619999999962e+00 -1.366457309999999925e+00 -1.366039479999999973e+00 -1.365626130000000105e+00 -1.365217219999999898e+00 -1.364812750000000019e+00 -1.364412689999999984e+00 -1.364017019999999913e+00 -1.363625719999999930e+00 -1.363238759999999994e+00 -1.362856120000000004e+00 -1.362477759999999982e+00 -1.362103660000000049e+00 -1.361733780000000005e+00 -1.361368099999999970e+00 -1.361006570000000027e+00 -1.360649170000000074e+00 -1.360295849999999973e+00 -1.359946560000000026e+00 -1.359601290000000073e+00 -1.359259970000000095e+00 -1.358922570000000052e+00 -1.358589040000000026e+00 -1.358259340000000037e+00 -1.357933419999999947e+00 -1.357611230000000058e+00 -1.357292729999999947e+00 -1.356977869999999919e+00 -1.356666600000000056e+00 -1.356358869999999994e+00 -1.356054639999999978e+00 -1.355753849999999927e+00 -1.355456449999999924e+00 -1.355162409999999928e+00 -1.354871659999999922e+00 -1.354584149999999987e+00 -1.354299860000000022e+00 -1.354018710000000070e+00 -1.353740680000000030e+00 -1.353465700000000105e+00 -1.353193749999999973e+00 -1.352924769999999999e+00 -1.352658719999999981e+00 -1.352395550000000002e+00 -1.352135239999999961e+00 -1.351877730000000000e+00 -1.351622979999999918e+00 -1.351370970000000060e+00
-5.401404399999999661e+00 -5.400506400000000262e+00 -5.399618160000000167e+00 -5.398739579999999982e+00 -5.397870580000000196e+00 -5.397011049999999699e+00 -5.396160919999999805e+00 -5.395320110000000113e+00 -5.394488540000000221e+00 -5.393666139999999665e+00 -5.392852849999999698e+00 -5.392048599999999858e+00 -5.391253339999999561e+00 -5.390467010000000059e+00 -5.389689559999999879e+00 -5.388920940000000215e+00 -5.388161110000000420e+00 -5.387410019999999911e+00 -5.386667639999999757e+00 -5.385933920000000263e+00 -5.385208829999999836e+00 -5.384492350000000371e+00 -5.383784430000000398e+00 -5.383085059999999977e+00 -5.382394190000000300e+00 -5.381711809999999652e+00 -5.381037889999999990e+00 -5.380372409999999661e+00 -5.379715339999999735e+00 -5.379066650000000394e+00 -5.378426329999999922e+00 -5.377794350000000279e+00 -5.377170679999999869e+00 -5.376555319999999583e+00 -5.375948219999999722e+00 -5.375349370000000349e+00 -5.374758749999999807e+00 -5.374176320000000118e+00 -5.373602059999999625e+00 -5.373035950000000227e+00 -5.372477960000000330e+00 -5.371928060000000116e+00 -5.371386219999999767e+00 -5.370852420000000293e+00 -5.370326610000000223e+00 -5.369808769999999676e+00 -5.369298859999999785e+00 -5.368796849999999843e+00 -5.368302710000000033e+00 -5.367816399999999710e+00
-4.129586820000000102e+00 -4.128305779999999814e+00 -4.127038259999999958e+00 -4.125784200000000013e+00 -4.124543560000000220e+00 -4.123316260000000177e+00 -4.122102280000000007e+00 -4.120901530000000257e+00 -4.119713970000000280e+00 -4.118539529999999615e+00 -4.117378129999999636e+00 -4.116229699999999880e+00 -4.115094159999999945e+00 -4.113971430000000318e+00 -4.112861419999999768e+00 -4.111764039999999731e+00 -4.110679179999999988e+00 -4.109606740000000258e+00 -4.108546620000000260e+00 -4.107498699999999836e+00 -4.106462869999999654e+00 -4.105438999999999616e+00 -4.104426969999999564e+00 -4.103426660000000226e+00 -4.102437929999999788e+00 -4.101460649999999930e+00 -4.100494679999999725e+00 -4.099539889999999964e+00 -4.098596129999999782e+00 -4.097663269999999969e+00 -4.096741149999999720e+00 -4.095829639999999827e+00 -4.094928590000000312e+00 -4.094037860000000251e+00 -4.093157299999999665e+00 -4.092286760000000356e+00 -4.091426109999999561e+00 -4.090575199999999967e+00 -4.089733879999999822e+00 -4.088902029999999854e+00 -4.088079500000000088e+00 -4.087266149999999598e+00 -4.086461850000000062e+00 -4.085666480000000433e+00 -4.084879889999999847e+00 -4.084101969999999859e+00 -4.083332590000000373e+00 -4.082571630000000340e+00 -4.081818980000000430e+00 -4.081074519999999595e+00
-8.108342079999999896e+00 -8.106999229999999557e+00 -8.105671069999999645e+00 -8.104357430000000306e+00 -8.103058190000000494e+00 -8.101773200000000230e+00 -8.100502329999999418e+00 -8.099245469999999614e+00 -8.098002499999999770e+00 -8.096773309999999668e+00 -8.095557790000000864e+00 -8.094355860000000291e+00 -8.093167409999999506e+00 -8.091992369999999823e+00 -8.090830649999999125e+00 -8.089682180000000500e+00 -8.088546880000000883e+00 -8.087424690000000638e+00 -8.086315550000000130e+00 -8.085219399999999723e+00 -8.084136170000000732e+00 -8.083065819999999846e+00 -8.082008310000000861e+00 -8.080963569999999763e+00 -8.079931569999999397e+00 -8.078912259999999179e+00 -8.077905599999999353e+00 -8.076911559999999213e+00 -8.075930079999999123e+00 -8.074961139999999205e+00 -8.074004690000000650e+00 -8.073060710000000029e+00 -8.072129139999999481e+00 -8.071209969999999956e+00 -8.070303129999999214e+00 -8.069408609999999982e+00 -8.068526370000000725e+00 -8.067656350000000032e+00 -8.066798529999999801e+00 -8.065952859999999447e+00 -8.065119299999999214e+00 -8.064297809999999345e+00 -8.063488350000000082e+00 -8.062690860000000015e+00 -8.061905299999999386e+00 -8.061131619999999387e+00 -8.060369780000000262e+00 -8.059619720000000598e+00 -8.058881400000000639e+00 -8.058154749999999922e+00
-6.891369010000000017e+00 -6.889236340000000069e+00 -6.887126160000000219e+00 -6.885038360000000246e+00 -6.882972879999999627e+00 -6.880929609999999919e+00 -6.878908479999999770e+00 -6.876909369999999910e+00 -6.874932199999999938e+00 -6.872976849999999693e+00 -6.871043209999999846e+00 -6.869131160000000236e+00 -6.867240559999999938e+00 -6.865371289999999682e+00 -6.863523190000000440e+00 -6.861696109999999571e+00 -6.859889899999999763e+00 -6.858104380000000333e+00 -6.856339389999999590e+00 -6.854594719999999697e+00 -6.852870209999999851e+00 -6.851165639999999613e+00 -6.849480820000000136e+00 -6.847815540000000034e+00 -6.846169579999999755e+00 -6.844542729999999686e+00 -6.842934760000000338e+00 -6.841345440000000444e+00 -6.839774560000000392e+00 -6.838221859999999985e+00 -6.836687129999999613e+00 -6.835170109999999966e+00 -6.833670579999999717e+00 -6.832188300000000325e+00 -6.830723019999999757e+00 -6.829274510000000298e+00 -6.827842529999999854e+00 -6.826426839999999885e+00 -6.825027219999999950e+00 -6.823643429999999732e+00 -6.822275239999999741e+00 -6.820922430000000425e+00 -6.819584769999999629e+00 -6.818262050000000407e+00 -6.816954049999999654e+00 -6.815660570000000362e+00 -6.814381390000000316e+00 -6.813116329999999721e+00 -6.811865169999999914e+00 -6.810627750000000091e+00
-1.081499130000000086e+01 -1.081320299999999968e+01 -1.081143430000000016e+01 -1.080968520000000055e+01 -1.080795540000000088e+01 -1.080624470000000059e+01 -1.080455300000000030e+01 -1.080288000000000004e+01 -1.080122560000000043e+01 -1.079958979999999968e+01 -1.079797220000000024e+01 -1.079637280000000032e+01 -1.079479150000000054e+01 -1.079322810000000032e+01 -1.079168259999999968e+01 -1.079015470000000043e+01 -1.078864450000000019e+01 -1.078715180000000018e+01 -1.078567649999999922e+01 -1.078421849999999971e+01 -1.078277779999999986e+01 -1.078135430000000028e+01 -1.077994780000000041e+01 -1.077855839999999965e+01 -1.077718600000000038e+01 -1.077583049999999965e+01 -1.077449179999999984e+01 -1.077316979999999980e+01 -1.077186460000000068e+01 -1.077057609999999954e+01 -1.076930420000000055e+01 -1.076804880000000075e+01 -1.076680990000000016e+01 -1.076558750000000053e+01 -1.076438139999999954e+01 -1.076319170000000014e+01 -1.076201829999999937e+01 -1.076086109999999962e+01 -1.075971999999999973e+01 -1.075859510000000085e+01 -1.075748630000000006e+01 -1.075639340000000033e+01 -1.075531649999999928e+01 -1.075425539999999991e+01 -1.075321010000000044e+01 -1.075218060000000087e+01 -1.075116680000000002e+01 -1.075016860000000030e+01 -1.074918590000000052e+01 -1.074821870000000068e+01
-9.652956339999999358e+00 -9.649968819999999781e+00 -9.647012710000000268e+00 -9.644087900000000602e+00 -9.641194269999999733e+00 -9.638331689999999341e+00 -9.635500040000000155e+00 -9.632699179999999473e+00 -9.629928980000000749e+00 -9.627189279999999627e+00 -9.624479940000000511e+00 -9.621800779999999165e+00 -9.619151640000000114e+00 -9.616532330000000073e+00 -9.613942639999999429e+00 -9.611382389999999276e+00 -9.608851330000000246e+00 -9.606349260000000001e+00 -9.603875929999999173e+00 -9.601431090000000168e+00 -9.599014490000000066e+00 -9.596625850000000568e+00 -9.594264909999999702e+00 -9.591931369999999291e+00 -9.589624949999999259e+00 -9.587345340000000604e+00 -9.585092250000000647e+00 -9.582865370000000382e+00 -9.580664369999999153e+00 -9.578488930000000678e+00 -9.576338749999999678e+00 -9.574213489999999993e+00 -9.572112810000000138e+00 -9.570036410000000160e+00 -9.567983939999999521e+00 -9.565955080000000166e+00 -9.563949499999999659e+00 -9.561966879999999946e+00 -9.560006879999999541e+00 -9.558069200000000265e+00 -9.556153509999999685e+00 -9.554259500000000571e+00 -9.552386860000000368e+00 -9.550535280000000071e+00 -9.548704479999999606e+00 -9.546894149999999968e+00 -9.545104009999999306e+00 -9.543333779999999322e+00 -9.541583179999999942e+00 -9.539851970000000847e+00
-1.352100919999999995e+01 -1.351877469999999981e+01 -1.351656509999999933e+01 -1.351437999999999917e+01 -1.351221929999999993e+01 -1.351008279999999928e+01 -1.350797009999999965e+01 -1.350588109999999986e+01 -1.350381549999999997e+01 -1.350177320000000059e+01 -1.349975389999999997e+01 -1.349775759999999991e+01 -1.349578389999999928e+01 -1.349383270000000046e+01 -1.349190399999999990e+01 -1.348999749999999942e+01 -1.348811309999999963e+01 -1.348625059999999998e+01 -1.348441000000000045e+01 -1.348259110000000049e+01 -1.348079380000000072e+01 -1.347901799999999994e+01 -1.347726360000000057e+01 -1.347553040000000024e+01 -1.347381850000000014e+01 -1.347212760000000031e+01 -1.347045780000000015e+01 -1.346880890000000086e+01 -1.346718090000000068e+01 -1.346557360000000081e+01 -1.346398699999999948e+01 -1.346242100000000086e+01 -1.346087550000000022e+01 -1.345935049999999933e+01 -1.345784590000000058e+01 -1.345636149999999986e+01 -1.345489740000000012e+01 -1.345345350000000018e+01 -1.345202959999999948e+01 -1.345062579999999919e+01 -1.344924179999999936e+01 -1.344787769999999938e+01 -1.344653339999999986e+01 -1.344520879999999963e+01 -1.344390379999999929e+01 -1.344261829999999946e+01 -1.344135220000000075e+01 -1.344010549999999959e+01 -1.343887810000000016e+01 -1.343766989999999950e+01
-1.241450230000000055e+01 -1.241065560000000012e+01 -1.240684910000000052e+01 -1.240308279999999996e+01 -1.239935649999999967e+01 -1.239566989999999969e+01 -1.239202309999999940e+01 -1.238841569999999948e+01 -1.238484760000000051e+01 -1.238131869999999957e+01 -1.237782870000000024e+01 -1.237437749999999959e+01 -1.237096479999999943e+01 -1.236759029999999981e+01 -1.236425400000000074e+01 -1.236095539999999993e+01 -1.235769439999999975e+01 -1.235447070000000025e+01 -1.235128390000000032e+01 -1.234813369999999999e+01 -1.234501999999999988e+01 -1.234194220000000008e+01 -1.233890010000000004e+01 -1.233589330000000039e+01 -1.233292149999999943e+01 -1.232998420000000017e+01 -1.232708120000000029e+01 -1.232421199999999928e+01 -1.232137619999999956e+01 -1.231857349999999940e+01 -1.231580340000000007e+01 -1.231306550000000044e+01 -1.231035939999999940e+01 -1.230768469999999937e+01 -1.230504099999999923e+01 -1.230242789999999964e+01 -1.229984490000000008e+01 -1.229729159999999943e+01 -1.229476769999999952e+01 -1.229227279999999922e+01 -1.228980630000000041e+01 -1.228736800000000073e+01 -1.228495739999999969e+01 -1.228257409999999972e+01 -1.228021780000000085e+01 -1.227788810000000019e+01 -1.227558469999999957e+01 -1.227330700000000085e+01 -1.227105489999999932e+01 -1.226882799999999918e+01
-1.622640260000000012e+01 -1.622372000000000014e+01 -1.622106760000000136e+01 -1.621844510000000028e+01 -1.621585209999999933e+01 -1.621328839999999971e+01 -1.621075370000000149e+01 -1.620824770000000115e+01 -1.620577000000000112e+01 -1.620332060000000141e+01 -1.620089899999999972e+01 -1.619850509999999844e+01 -1.619613869999999878e+01 -1.619379959999999841e+01 -1.619148739999999975e+01 -1.618920209999999926e+01 -1.618694350000000171e+01 -1.618471140000000119e+01 -1.618250550000000132e+01 -1.618032579999999854e+01 -1.617817219999999878e+01 -1.617604430000000093e+01 -1.617394219999999905e+01 -1.617186560000000028e+01 -1.616981450000000109e+01 -1.616778880000000029e+01 -1.616578820000000150e+01 -1.616381259999999997e+01 -1.616186210000000045e+01 -1.615993639999999942e+01 -1.615803550000000044e+01 -1.615615920000000116e+01 -1.615430740000000043e+01 -1.615248009999999823e+01 -1.615067709999999934e+01 -1.614889829999999904e+01 -1.614714370000000088e+01 -1.614541309999999896e+01 -1.614370650000000040e+01 -1.614202369999999931e+01 -1.614036460000000162e+01 -1.613872920000000022e+01 -1.613711740000000106e+01 -1.613552890000000062e+01 -1.613396390000000125e+01 -1.613242199999999826e+01 -1.613090340000000111e+01 -1.612940779999999918e+01 -1.612793509999999841e+01 -1.612648529999999880e+01
-1.517584459999999957e+01 -1.517113329999999927e+01 -1.516647110000000076e+01 -1.516185770000000055e+01 -1.515729310000000041e+01 -1.515277700000000038e+01 -1.514830919999999992e+01 -1.514388950000000023e+01 -1.513951770000000074e+01 -1.513519370000000031e+01 -1.513091709999999956e+01 -1.512668769999999974e+01 -1.512250539999999965e+01 -1.511836979999999997e+01 -1.511428060000000073e+01 -1.511023759999999960e+01 -1.510624050000000018e+01 -1.510228880000000018e+01 -1.509838240000000020e+01 -1.509452079999999974e+01 -1.509070370000000061e+01 -1.508693060000000052e+01 -1.508320130000000070e+01 -1.507951519999999945e+01 -1.507587189999999921e+01 -1.507227110000000003e+01 -1.506871229999999962e+01 -1.506519489999999983e+01 -1.506171870000000013e+01 -1.505828299999999942e+01 -1.505488740000000014e+01 -1.505153149999999940e+01 -1.504821470000000083e+01 -1.504493659999999977e+01 -1.504169659999999986e+01 -1.503849429999999998e+01 -1.503532919999999962e+01 -1.503220070000000064e+01 -1.502910840000000015e+01 -1.502605190000000057e+01 -1.502303050000000084e+01 -1.502004389999999923e+01 -1.501709160000000054e+01 -1.501417299999999955e+01 -1.501128779999999985e+01 -1.500843549999999915e+01 -1.500561560000000050e+01 -1.500282759999999982e+01 -1.500007130000000011e+01 -1.499734600000000029e+01
-1.893112130000000093e+01 -1.892798750000000041e+01 -1.892488940000000142e+01 -1.892182670000000044e+01 -1.891879889999999875e+01 -1.891580559999999878e+01 -1.891284660000000173e+01 -1.890992140000000177e+01 -1.890702969999999894e+01 -1.890417130000000157e+01 -1.890134580000000142e+01 -1.889855289999999854e+01 -1.889579230000000010e+01 -1.889306380000000019e+01 -1.889036720000000003e+01 -1.888770200000000088e+01 -1.888506819999999919e+01 -1.888246549999999857e+01 -1.887989370000000022e+01 -1.887735259999999826e+01 -1.887484189999999984e+01 -1.887236150000000023e+01 -1.886991109999999949e+01 -1.886749070000000117e+01 -1.886510009999999937e+01 -1.886273900000000125e+01 -1.886040729999999854e+01 -1.885810490000000073e+01 -1.885583150000000074e+01 -1.885358719999999977e+01 -1.885137160000000023e+01 -1.884918479999999974e+01 -1.884702649999999835e+01 -1.884489659999999844e+01 -1.884279490000000123e+01 -1.884072150000000079e+01 -1.883867599999999953e+01 -1.883665849999999864e+01 -1.883466870000000171e+01 -1.883270660000000163e+01 -1.883077199999999962e+01 -1.882886480000000162e+01 -1.882698489999999936e+01 -1.882513210000000115e+01 -1.882330650000000105e+01 -1.882150770000000151e+01 -1.881973580000000013e+01 -1.881799060000000168e+01 -1.881627190000000027e+01 -1.881457980000000063e+01
-1.793699720000000042e+01 -1.793141509999999883e+01 -1.792589070000000007e+01 -1.792042400000000058e+01 -1.791501470000000040e+01 -1.790966239999999843e+01 -1.790436710000000176e+01 -1.789912839999999861e+01 -1.789394619999999847e+01 -1.788882010000000022e+01 -1.788374999999999915e+01 -1.787873550000000122e+01 -1.787377640000000056e+01 -1.786887249999999838e+01 -1.786402329999999949e+01 -1.785922850000000039e+01 -1.785448789999999875e+01 -1.784980110000000053e+01 -1.784516759999999991e+01 -1.784058710000000048e+01 -1.783605920000000111e+01 -1.783158350000000070e+01 -1.782715950000000049e+01 -1.782278670000000176e+01 -1.781846469999999982e+01 -1.781419310000000067e+01 -1.780997119999999967e+01 -1.780579859999999925e+01 -1.780167469999999952e+01 -1.779759909999999934e+01 -1.779357119999999881e+01 -1.778959049999999920e+01 -1.778565629999999942e+01 -1.778176810000000074e+01 -1.777792549999999849e+01 -1.777412770000000108e+01 -1.777037430000000029e+01 -1.776666459999999859e+01 -1.776299819999999841e+01 -1.775937439999999867e+01 -1.775579259999999948e+01 -1.775225239999999971e+01 -1.774875319999999945e+01 -1.774529439999999880e+01 -1.774187549999999902e+01 -1.773849590000000020e+01 -1.773515510000000006e+01 -1.773185270000000102e+01 -1.772858809999999963e+01 -1.772536069999999953e+01
-2.163515110000000163e+01 -2.163156180000000006e+01 -2.162801389999999913e+01 -2.162450690000000009e+01 -2.162104049999999944e+01 -2.161761399999999966e+01 -2.161422719999999842e+01 -2.161087960000000052e+01 -2.160757080000000130e+01 -2.160430050000000080e+01 -2.160106809999999911e+01 -2.159787349999999861e+01 -2.159471620000000058e+01 -2.159159599999999912e+01 -2.158851239999999905e+01 -2.158546520000000157e+01 -2.158245420000000081e+01 -2.157947890000000157e+01 -2.157653919999999914e+01 -2.157363469999999950e+01 -2.157076530000000147e+01 -2.156793060000000040e+01 -2.156513049999999865e+01 -2.156236469999999983e+01 -2.155963300000000160e+01 -2.155693520000000163e+01 -2.155427099999999996e+01 -2.155164029999999897e+01 -2.154904289999999989e+01 -2.154647860000000037e+01 -2.154394720000000163e+01 -2.154144850000000133e+01 -2.153898239999999831e+01 -2.153654859999999971e+01 -2.153414709999999843e+01 -2.153177769999999924e+01 -2.152944009999999864e+01 -2.152713440000000134e+01 -2.152486019999999911e+01 -2.152261740000000145e+01 -2.152040600000000126e+01 -2.151822569999999857e+01 -2.151607639999999932e+01 -2.151395799999999880e+01 -2.151187029999999822e+01 -2.150981319999999997e+01 -2.150778650000000169e+01 -2.150579019999999986e+01 -2.150382409999999922e+01 -2.150188809999999862e+01
-2.069785759999999897e+01 -2.069139759999999839e+01 -2.068500429999999923e+01 -2.067867710000000159e+01 -2.067241590000000073e+01 -2.066622040000000027e+01 -2.066009030000000024e+01 -2.065402519999999953e+01 -2.064802510000000169e+01 -2.064208950000000087e+01 -2.063621819999999829e+01 -2.063041090000000111e+01 -2.062466729999999870e+01 -2.061898709999999824e+01 -2.061336989999999858e+01 -2.060781550000000095e+01 -2.060232329999999834e+01 -2.059689309999999907e+01 -2.059152440000000084e+01 -2.058621690000000015e+01 -2.058097000000000065e+01 -2.057578330000000122e+01 -2.057065640000000073e+01 -2.056558869999999928e+01 -2.056057970000000168e+01 -2.055562889999999854e+01 -2.055073580000000177e+01 -2.054589980000000082e+01 -2.054112020000000172e+01 -2.053639670000000095e+01 -2.053172849999999983e+01 -2.052711499999999845e+01 -2.052255570000000162e+01 -2.051804980000000000e+01 -2.051359689999999958e+01 -2.050919629999999927e+01 -2.050484720000000038e+01 -2.050054919999999825e+01 -2.049630159999999890e+01 -2.049210370000000125e+01 -2.048795489999999830e+01 -2.048385449999999963e+01 -2.047980199999999940e+01 -2.047579680000000124e+01 -2.047183820000000054e+01 -2.046792549999999977e+01 -2.046405830000000137e+01 -2.046023590000000070e+01 -2.045645779999999903e+01 -2.045272329999999883e+01
-2.433876430000000113e+01 -2.433471369999999823e+01 -2.433071029999999979e+01 -2.432675370000000115e+01 -2.432284320000000122e+01 -2.431897839999999889e+01 -2.431515870000000135e+01 -2.431138380000000154e+01 -2.430765299999999840e+01 -2.430396599999999907e+01 -2.430032230000000126e+01 -2.429672150000000030e+01 -2.429316319999999862e+01 -2.428964699999999866e+01 -2.428617249999999927e+01 -2.428273929999999936e+01 -2.427934700000000134e+01 -2.427599539999999934e+01 -2.427268409999999932e+01 -2.426941280000000134e+01 -2.426618110000000073e+01 -2.426298870000000107e+01 -2.425983550000000122e+01 -2.425672099999999887e+01 -2.425364499999999879e+01 -2.425060720000000103e+01 -2.424760739999999970e+01 -2.424464539999999957e+01 -2.424172079999999951e+01 -2.423883359999999954e+01 -2.423598330000000090e+01 -2.423316990000000004e+01 -2.423039310000000057e+01 -2.422765270000000015e+01 -2.422494839999999883e+01 -2.422228020000000015e+01 -2.421964769999999945e+01 -2.421705090000000027e+01 -2.421448949999999911e+01 -2.421196339999999836e+01 -2.420947230000000161e+01 -2.420701610000000059e+01 -2.420459470000000124e+01 -2.420220780000000005e+01 -2.419985540000000057e+01 -2.419753719999999930e+01 -2.419525309999999862e+01 -2.419300309999999854e+01 -2.419078680000000148e+01 -2.418860430000000150e+01
-2.345840749999999986e+01 -2.345106219999999908e+01 -2.344379220000000075e+01 -2.343659699999999901e+01 -2.342947639999999865e+01 -2.342242990000000091e+01 -2.341545719999999875e+01 -2.340855799999999931e+01 -2.340173199999999909e+01 -2.339497880000000052e+01 -2.338829820000000126e+01 -2.338168990000000136e+01 -2.337515339999999853e+01 -2.336868850000000108e+01 -2.336229480000000081e+01 -2.335597190000000012e+01 -2.334971949999999907e+01 -2.334353709999999893e+01 -2.333742429999999857e+01 -2.333138070000000042e+01 -2.332540570000000102e+01 -2.331949900000000042e+01 -2.331365999999999872e+01 -2.330788820000000072e+01 -2.330218299999999942e+01 -2.329654389999999964e+01 -2.329097030000000146e+01 -2.328546160000000143e+01 -2.328001730000000080e+01 -2.327463660000000090e+01 -2.326931889999999825e+01 -2.326406370000000123e+01 -2.325887020000000049e+01 -2.325373779999999968e+01 -2.324866580000000127e+01 -2.324365359999999825e+01 -2.323870030000000142e+01 -2.323380540000000138e+01 -2.322896820000000062e+01 -2.322418790000000044e+01 -2.321946390000000093e+01 -2.321479550000000103e+01 -2.321018199999999965e+01 -2.320562260000000165e+01 -2.320111680000000121e+01 -2.319666379999999961e+01 -2.319226300000000052e+01 -2.318791369999999930e+01 -2.318361529999999959e+01 -2.317936710000000033e+01
-2.704144349999999974e+01 -2.703692399999999907e+01 -2.703245779999999954e+01 -2.702804420000000007e+01 -2.702368260000000078e+01 -2.701937240000000173e+01 -2.701511319999999827e+01 -2.701090419999999881e+01 -2.700674509999999984e+01 -2.700263509999999911e+01 -2.699857400000000140e+01 -2.699456100000000092e+01 -2.699059589999999886e+01 -2.698667800000000128e+01 -2.698280700000000110e+01 -2.697898239999999959e+01 -2.697520379999999918e+01 -2.697147070000000113e+01 -2.696778279999999839e+01 -2.696413970000000049e+01 -2.696054110000000037e+01 -2.695698640000000168e+01 -2.695347549999999970e+01 -2.695000789999999924e+01 -2.694658340000000152e+01 -2.694320150000000069e+01 -2.693986209999999915e+01 -2.693656470000000169e+01 -2.693330920000000006e+01 -2.693009520000000023e+01 -2.692692249999999987e+01 -2.692379070000000141e+01 -2.692069970000000012e+01 -2.691764919999999961e+01 -2.691463879999999875e+01 -2.691166859999999872e+01 -2.690873799999999960e+01 -2.690584709999999902e+01 -2.690299539999999823e+01 -2.690018290000000079e+01 -2.689740940000000080e+01 -2.689467459999999832e+01 -2.689197830000000167e+01 -2.688932039999999901e+01 -2.688670060000000106e+01 -2.688411890000000071e+01 -2.688157509999999917e+01 -2.687906900000000121e+01 -2.687660040000000095e+01 -2.687416929999999837e+01
-2.621895310000000023e+01 -2.621071470000000048e+01 -2.620256029999999825e+01 -2.619448930000000075e+01 -2.618650129999999976e+01 -2.617859590000000125e+01 -2.617077259999999939e+01 -2.616303110000000132e+01 -2.615537090000000120e+01 -2.614779180000000025e+01 -2.614029340000000090e+01 -2.613287520000000086e+01 -2.612553709999999896e+01 -2.611827849999999884e+01 -2.611109910000000056e+01 -2.610399849999999944e+01 -2.609697630000000146e+01 -2.609003209999999839e+01 -2.608316539999999861e+01 -2.607637580000000099e+01 -2.606966279999999969e+01 -2.606302589999999952e+01 -2.605646460000000175e+01 -2.604997840000000053e+01 -2.604356659999999835e+01 -2.603722870000000000e+01 -2.603096419999999966e+01 -2.602477229999999864e+01 -2.601865250000000174e+01 -2.601260410000000078e+01 -2.600662639999999826e+01 -2.600071880000000135e+01 -2.599488059999999834e+01 -2.598911100000000118e+01 -2.598340950000000049e+01 -2.597777509999999879e+01 -2.597220730000000088e+01 -2.596670519999999982e+01 -2.596126819999999924e+01 -2.595589539999999928e+01 -2.595058620000000005e+01 -2.594533979999999929e+01 -2.594015549999999948e+01 -2.593503240000000076e+01 -2.592996989999999968e+01 -2.592496729999999872e+01 -2.592002370000000155e+01 -2.591513859999999880e+01 -2.591031100000000009e+01 -2.590554039999999958e+01
-2.974309309999999940e+01 -2.973809550000000002e+01 -2.973315729999999846e+01 -2.972827780000000075e+01 -2.972345639999999989e+01 -2.971869230000000073e+01 -2.971398500000000098e+01 -2.970933390000000074e+01 -2.970473829999999893e+01 -2.970019750000000158e+01 -2.969571110000000047e+01 -2.969127849999999924e+01 -2.968689910000000154e+01 -2.968257230000000035e+01 -2.967829779999999928e+01 -2.967407479999999964e+01 -2.966990300000000147e+01 -2.966578189999999893e+01 -2.966171100000000038e+01 -2.965768979999999999e+01 -2.965371800000000135e+01 -2.964979500000000101e+01 -2.964592060000000018e+01 -2.964209419999999895e+01 -2.963831550000000092e+01 -2.963458410000000143e+01 -2.963089970000000051e+01 -2.962726190000000059e+01 -2.962367030000000057e+01 -2.962012460000000047e+01 -2.961662460000000152e+01 -2.961316980000000143e+01 -2.960976009999999903e+01 -2.960639499999999913e+01 -2.960307440000000057e+01 -2.959979789999999866e+01 -2.959656530000000174e+01 -2.959337629999999919e+01 -2.959023069999999933e+01 -2.958712819999999866e+01 -2.958406869999999955e+01 -2.958105180000000090e+01 -2.957807749999999913e+01 -2.957514550000000142e+01 -2.957225550000000069e+01 -2.956940750000000051e+01 -2.956660120000000092e+01 -2.956383659999999836e+01 -2.956111339999999998e+01 -2.955843150000000108e+01
-2.897905120000000068e+01 -2.896991080000000096e+01 -2.896086329999999975e+01 -2.895190799999999953e+01 -2.894304419999999922e+01 -2.893427150000000125e+01 -2.892558929999999862e+01 -2.891699709999999968e+01 -2.890849449999999976e+01 -2.890008100000000013e+01 -2.889175630000000083e+01 -2.888351979999999841e+01 -2.887537130000000118e+01 -2.886731019999999859e+01 -2.885933629999999894e+01 -2.885144899999999879e+01 -2.884364790000000056e+01 -2.883593270000000075e+01 -2.882830279999999945e+01 -2.882075770000000148e+01 -2.881329709999999977e+01 -2.880592030000000037e+01 -2.879862689999999859e+01 -2.879141620000000046e+01 -2.878428780000000131e+01 -2.877724100000000007e+01 -2.877027530000000155e+01 -2.876338989999999995e+01 -2.875658419999999893e+01 -2.874985769999999974e+01 -2.874320949999999897e+01 -2.873663910000000143e+01 -2.873014560000000017e+01 -2.872372830000000121e+01 -2.871738660000000110e+01 -2.871111970000000113e+01 -2.870492670000000146e+01 -2.869880699999999862e+01 -2.869275969999999987e+01 -2.868678410000000056e+01 -2.868087939999999847e+01 -2.867504470000000083e+01 -2.866927940000000063e+01 -2.866358260000000158e+01 -2.865795340000000024e+01 -2.865239130000000145e+01 -2.864689519999999945e+01 -2.864146450000000144e+01 -2.863609840000000162e+01 -2.863079600000000013e+01
