7.339224680000000500e-01 9.800078829999999686e-01 1.226052389999999992e+00 1.472056599999999937e+00 1.718021119999999957e+00 1.963946570000000058e+00 2.209833539999999985e+00 2.455682630000000088e+00 2.701494429999999891e+00 2.947269550000000127e+00 3.193008550000000056e+00 3.438712030000000031e+00 3.684380550000000198e+00 3.930014700000000083e+00 4.175615040000000278e+00 4.421182139999999983e+00 4.666716550000000296e+00 4.912218840000000419e+00 5.157689559999999673e+00 5.403129260000000045e+00 5.648538480000000028e+00 5.893917759999999895e+00 6.139267649999999854e+00 6.384588670000000299e+00 6.629881349999999784e+00 6.875146220000000419e+00 7.120383809999999869e+00 7.365594630000000365e+00 7.610779189999999694e+00 7.855938010000000027e+00 8.101071599999999151e+00 8.346180450000000306e+00 8.591265079999999443e+00 8.836325970000000751e+00 9.081363619999999415e+00 9.326378509999999622e+00 9.571371149999999162e+00 9.816342000000000567e+00 1.006129160000000056e+01 1.030622029999999967e+01 1.055112869999999958e+01 1.079601719999999965e+01 1.104088619999999921e+01 1.128573639999999934e+01 1.153056800000000059e+01 1.177538159999999934e+01 1.202017769999999963e+01 1.226495659999999965e+01 1.250971879999999992e+01 1.275446490000000033e+01
-2.015722350000000063e+01 -1.990527180000000129e+01 -1.965342389999999995e+01 -1.940167890000000028e+01 -1.915003600000000006e+01 -1.889849429999999941e+01 -1.864705299999999966e+01 -1.839571129999999854e+01 -1.814446840000000094e+01 -1.789332339999999988e+01 -1.764227539999999905e+01 -1.739132379999999856e+01 -1.714046760000000091e+01 -1.688970610000000150e+01 -1.663903829999999928e+01 -1.638846350000000029e+01 -1.613798089999999874e+01 -1.588758969999999948e+01 -1.563728900000000088e+01 -1.538707800000000070e+01 -1.513695590000000024e+01 -1.488692200000000021e+01 -1.463697529999999958e+01 -1.438711510000000082e+01 -1.413734050000000053e+01 -1.388765090000000058e+01 -1.363804520000000053e+01 -1.338852289999999989e+01 -1.313908299999999940e+01 -1.288972470000000037e+01 -1.264044729999999994e+01 -1.239124999999999943e+01 -1.214213190000000075e+01 -1.189309229999999928e+01 -1.164413030000000049e+01 -1.139524529999999913e+01 -1.114643629999999952e+01 -1.089770269999999996e+01 -1.064904349999999944e+01 -1.040045809999999982e+01 -1.015194570000000063e+01 -9.903505490000000577e+00 -9.655136669999999199e+00 -9.406838490000000164e+00 -9.158610180000000156e+00 -8.910450969999999415e+00 -8.662360089999999957e+00 -8.414336790000000121e+00 -8.166380309999999199e+00 -7.918489880000000092e+00
5.679586479999999549e-01 8.138884699999999750e-01 1.059777909999999990e+00 1.305627579999999899e+00 1.551438089999999992e+00 1.797210039999999953e+00 2.042944030000000133e+00 2.288640659999999993e+00 2.534300510000000006e+00 2.779924170000000139e+00 3.025512229999999914e+00 3.271065269999999803e+00 3.516583840000000016e+00 3.762068540000000016e+00 4.007519910000000074e+00 4.252938529999999773e+00 4.498324949999999767e+00 4.743679720000000266e+00 4.989003389999999705e+00 5.234296510000000069e+00 5.479559609999999914e+00 5.724793240000000338e+00 5.969997919999999958e+00 6.215174189999999932e+00 6.460322569999999764e+00 6.705443589999999787e+00 6.950537749999999626e+00 7.195605579999999613e+00 7.440647580000000261e+00 7.685664260000000247e+00 7.930656120000000087e+00 8.175623670000000232e+00 8.420567399999999481e+00 8.665487790000000246e+00 8.910385350000000315e+00 9.155260549999999498e+00 9.400113870000000205e+00 9.644945800000000347e+00 9.889756809999999732e+00 1.013454740000000065e+01 1.037931799999999960e+01 1.062406900000000043e+01 1.086880099999999949e+01 1.111351450000000085e+01 1.135820979999999913e+01 1.160288740000000018e+01 1.184754769999999979e+01 1.209219129999999964e+01 1.233681860000000086e+01 1.258142989999999983e+01
-2.032155990000000045e+01 -2.006978360000000094e+01 -1.981811109999999942e+01 -1.956654139999999842e+01 -1.931507369999999923e+01 -1.906370730000000080e+01 -1.881244119999999853e+01 -1.856127469999999846e+01 -1.831020690000000073e+01 -1.805923689999999837e+01 -1.780836400000000097e+01 -1.755758720000000039e+01 -1.730690579999999912e+01 -1.705631890000000084e+01 -1.680582569999999976e+01 -1.655542540000000074e+01 -1.630511720000000153e+01 -1.605490010000000112e+01 -1.580477340000000019e+01 -1.555473630000000007e+01 -1.530478789999999911e+01 -1.505492740000000040e+01 -1.480515409999999932e+01 -1.455546700000000016e+01 -1.430586530000000067e+01 -1.405634829999999980e+01 -1.380691509999999944e+01 -1.355756489999999914e+01 -1.330829690000000021e+01 -1.305911030000000039e+01 -1.281000429999999923e+01 -1.256097800000000042e+01 -1.231203069999999933e+01 -1.206316149999999965e+01 -1.181436970000000031e+01 -1.156565450000000084e+01 -1.131701499999999960e+01 -1.106845050000000086e+01 -1.081996009999999941e+01 -1.057154309999999953e+01 -1.032319870000000073e+01 -1.007492610000000077e+01 -9.826724540000000729e+00 -9.578593189999999424e+00 -9.330531309999999579e+00 -9.082538109999999776e+00 -8.834612820000000255e+00 -8.586754680000000306e+00 -8.338962909999999340e+00 -8.091236759999999251e+00
4.163409960000000187e-01 6.621309189999999845e-01 9.078809639999999570e-01 1.153591739999999977e+00 1.399263850000000087e+00 1.644897899999999913e+00 1.890494469999999927e+00 2.136054169999999974e+00 2.381577570000000144e+00 2.627065260000000180e+00 2.872517820000000111e+00 3.117935820000000025e+00 3.363319820000000071e+00 3.608670399999999834e+00 3.853988119999999906e+00 4.099273529999999610e+00 4.344527180000000044e+00 4.589749620000000085e+00 4.834941390000000006e+00 5.080103040000000014e+00 5.325235100000000443e+00 5.570338109999999787e+00 5.815412580000000276e+00 6.060459050000000403e+00 6.305478029999999734e+00 6.550470029999999610e+00 6.795435590000000303e+00 7.040375189999999783e+00 7.285289340000000280e+00 7.530178560000000410e+00 7.775043319999999980e+00 8.019884140000000272e+00 8.264701490000000206e+00 8.509495870000000295e+00 8.754267750000000348e+00 8.999017630000000878e+00 9.243745970000000867e+00 9.488453240000000122e+00 9.733139930000000106e+00 9.977806490000000750e+00 1.022245339999999914e+01 1.046708109999999969e+01 1.071169000000000082e+01 1.095628070000000065e+01 1.120085349999999913e+01 1.144540899999999972e+01 1.168994750000000060e+01 1.193446939999999934e+01 1.217897540000000056e+01 1.242346569999999950e+01
-2.046963660000000118e+01 -2.021801960000000165e+01 -1.996650629999999893e+01 -1.971509580000000028e+01 -1.946378740000000107e+01 -1.921258010000000027e+01 -1.896147309999999919e+01 -1.871046550000000153e+01 -1.845955659999999909e+01 -1.820874540000000152e+01 -1.795803109999999947e+01 -1.770741299999999896e+01 -1.745689000000000135e+01 -1.720646149999999963e+01 -1.695612649999999988e+01 -1.670588419999999985e+01 -1.645573380000000085e+01 -1.620567450000000065e+01 -1.595570529999999998e+01 -1.570582560000000072e+01 -1.545603430000000067e+01 -1.520633079999999993e+01 -1.495671420000000040e+01 -1.470718360000000047e+01 -1.445773819999999965e+01 -1.420837719999999926e+01 -1.395909980000000061e+01 -1.370990510000000029e+01 -1.346079229999999960e+01 -1.321176059999999985e+01 -1.296280920000000059e+01 -1.271393720000000016e+01 -1.246514389999999928e+01 -1.221642849999999925e+01 -1.196779000000000082e+01 -1.171922780000000053e+01 -1.147074100000000030e+01 -1.122232870000000027e+01 -1.097399030000000053e+01 -1.072572489999999945e+01 -1.047753170000000011e+01 -1.022940990000000028e+01 -9.981358679999999595e+00 -9.733377340000000544e+00 -9.485465050000000176e+00 -9.237621029999999678e+00 -8.989844500000000238e+00 -8.742134690000000319e+00 -8.494490830000000159e+00 -8.246912139999999170e+00
2.804436699999999782e-01 5.261094979999999532e-01 7.717359029999999454e-01 1.017323490000000108e+00 1.262872860000000097e+00 1.508384600000000075e+00 1.753859320000000110e+00 1.999297590000000069e+00 2.244699999999999918e+00 2.490067119999999967e+00 2.735399520000000084e+00 2.980697789999999792e+00 3.225962469999999804e+00 3.471194130000000211e+00 3.716393329999999828e+00 3.961560609999999816e+00 4.206696530000000323e+00 4.451801620000000348e+00 4.696876429999999658e+00 4.941921480000000422e+00 5.186937320000000184e+00 5.431924460000000288e+00 5.676883430000000175e+00 5.921814750000000238e+00 6.166718930000000043e+00 6.411596480000000042e+00 6.656447909999999801e+00 6.901273719999999834e+00 7.146074409999999766e+00 7.390850480000000111e+00 7.635602419999999668e+00 7.880330719999999900e+00 8.125035860000000554e+00 8.369718329999999540e+00 8.614378600000000219e+00 8.859017149999999674e+00 9.103634440000000438e+00 9.348230960000000422e+00 9.592807150000000505e+00 9.837363489999999544e+00 1.008190040000000032e+01 1.032641839999999966e+01 1.057091789999999953e+01 1.081539940000000044e+01 1.105986329999999995e+01 1.130430999999999919e+01 1.154874000000000045e+01 1.179315380000000069e+01 1.203755169999999985e+01 1.228193420000000025e+01
-2.060112439999999978e+01 -2.034965000000000046e+01 -2.009827909999999918e+01 -1.984701099999999840e+01 -1.959584479999999829e+01 -1.934477959999999896e+01 -1.909381460000000175e+01 -1.884294900000000084e+01 -1.859218179999999876e+01 -1.834151230000000155e+01 -1.809093950000000106e+01 -1.784046269999999978e+01 -1.759008100000000141e+01 -1.733979349999999897e+01 -1.708959940000000088e+01 -1.683949780000000018e+01 -1.658948790000000173e+01 -1.633956879999999856e+01 -1.608973980000000026e+01 -1.583999990000000047e+01 -1.559034830000000049e+01 -1.534078419999999987e+01 -1.509130679999999991e+01 -1.484191509999999958e+01 -1.459260839999999959e+01 -1.434338589999999947e+01 -1.409424659999999996e+01 -1.384518979999999999e+01 -1.359621459999999971e+01 -1.334732020000000041e+01 -1.309850579999999987e+01 -1.284977049999999998e+01 -1.260111359999999969e+01 -1.235253419999999913e+01 -1.210403149999999961e+01 -1.185560459999999949e+01 -1.160725279999999948e+01 -1.135897530000000089e+01 -1.111077120000000029e+01 -1.086263980000000018e+01 -1.061458020000000069e+01 -1.036659159999999957e+01 -1.011867329999999932e+01 -9.870824410000000881e+00 -9.623044209999999765e+00 -9.375331879999999174e+00 -9.127686640000000295e+00 -8.880107719999999816e+00 -8.632594340000000699e+00 -8.385145729999999631e+00
1.603990829999999979e-01 4.059563939999999982e-01 6.514746860000000250e-01 8.969545589999999846e-01 1.142396610000000035e+00 1.387801429999999892e+00 1.633169599999999999e+00 1.878501699999999941e+00 2.123798330000000067e+00 2.369060029999999983e+00 2.614287389999999878e+00 2.859480969999999900e+00 3.104641319999999816e+00 3.349769000000000219e+00 3.594864569999999926e+00 3.839928560000000157e+00 4.084961520000000235e+00 4.329963990000000429e+00 4.574936499999999739e+00 4.819879580000000274e+00 5.064793759999999700e+00 5.309679550000000248e+00 5.554537469999999644e+00 5.799368040000000057e+00 6.044171760000000226e+00 6.288949149999999655e+00 6.533700689999999867e+00 6.778426900000000366e+00 7.023128260000000012e+00 7.267805270000000206e+00 7.512458409999999809e+00 7.757088170000000282e+00 8.001695019999999658e+00 8.246279440000000349e+00 8.490841910000000325e+00 8.735382890000000344e+00 8.979902850000000214e+00 9.224402259999999742e+00 9.468881570000000636e+00 9.713341249999999150e+00 9.957781739999999715e+00 1.020220349999999954e+01 1.044660700000000020e+01 1.069099259999999951e+01 1.093536079999999977e+01 1.117971209999999971e+01 1.142404690000000045e+01 1.166836559999999956e+01 1.191266859999999994e+01 1.215695640000000033e+01
-2.071661419999999865e+01 -2.046526490000000109e+01 -2.021401919999999919e+01 -1.996287600000000140e+01 -1.971183470000000071e+01 -1.946089429999999965e+01 -1.921005399999999952e+01 -1.895931290000000047e+01 -1.870867020000000025e+01 -1.845812499999999901e+01 -1.820767640000000043e+01 -1.795732359999999872e+01 -1.770706570000000113e+01 -1.745690189999999831e+01 -1.720683130000000105e+01 -1.695685310000000001e+01 -1.670696630000000127e+01 -1.645717030000000136e+01 -1.620746400000000165e+01 -1.595784669999999927e+01 -1.570831749999999971e+01 -1.545887549999999955e+01 -1.520951990000000009e+01 -1.496024990000000088e+01 -1.471106469999999966e+01 -1.446196319999999957e+01 -1.421294480000000071e+01 -1.396400870000000083e+01 -1.371515379999999951e+01 -1.346637950000000039e+01 -1.321768490000000007e+01 -1.296906910000000046e+01 -1.272053129999999932e+01 -1.247207079999999912e+01 -1.222368660000000062e+01 -1.197537799999999919e+01 -1.172714410000000029e+01 -1.147898419999999930e+01 -1.123089730000000053e+01 -1.098288280000000050e+01 -1.073493969999999997e+01 -1.048706740000000082e+01 -1.023926490000000022e+01 -9.991531489999999849e+00 -9.743866399999999928e+00 -9.496268819999999167e+00 -9.248737959999999703e+00 -9.001273039999999170e+00 -8.753873280000000534e+00 -8.506537910000000480e+00
5.632673860000000227e-02 3.017908380000000057e-01 5.472162670000000340e-01 7.926036220000000077e-01 1.037953490000000034e+00 1.283266470000000048e+00 1.528543130000000083e+00 1.773784049999999946e+00 2.018989809999999885e+00 2.264160969999999828e+00 2.509298100000000087e+00 2.754401749999999982e+00 2.999472480000000107e+00 3.244510839999999785e+00 3.489517380000000113e+00 3.734492630000000091e+00 3.979437129999999989e+00 4.224351409999999696e+00 4.469236010000000370e+00 4.714091449999999739e+00 4.958918240000000033e+00 5.203716899999999868e+00 5.448487959999999575e+00 5.693231899999999790e+00 5.937949240000000017e+00 6.182640479999999883e+00 6.427306119999999900e+00 6.671946639999999817e+00 6.916562540000000148e+00 7.161154299999999751e+00 7.405722410000000089e+00 7.650267340000000083e+00 7.894789570000000367e+00 8.139289570000000751e+00 8.383767810000000154e+00 8.628224749999999332e+00 8.872660859999999872e+00 9.117076589999999925e+00 9.361472409999999300e+00 9.605848760000000652e+00 9.850206090000000358e+00 1.009454490000000071e+01 1.033886550000000071e+01 1.058316839999999992e+01 1.082745410000000064e+01 1.107172300000000043e+01 1.131597559999999980e+01 1.156021209999999932e+01 1.180443320000000007e+01 1.204863910000000082e+01
-2.081600579999999923e+01 -2.056476389999999910e+01 -2.031362560000000173e+01 -2.006258980000000136e+01 -1.981165569999999931e+01 -1.956082239999999928e+01 -1.931008909999999901e+01 -1.905945489999999864e+01 -1.880891889999999833e+01 -1.855848040000000054e+01 -1.830813829999999953e+01 -1.805789190000000133e+01 -1.780774020000000135e+01 -1.755768249999999853e+01 -1.730771779999999893e+01 -1.705784530000000032e+01 -1.680806409999999929e+01 -1.655837340000000069e+01 -1.630877230000000111e+01 -1.605925999999999831e+01 -1.580983559999999954e+01 -1.556049819999999961e+01 -1.531124699999999983e+01 -1.506208110000000033e+01 -1.481299970000000066e+01 -1.456400189999999917e+01 -1.431508700000000012e+01 -1.406625389999999953e+01 -1.381750199999999928e+01 -1.356883030000000012e+01 -1.332023809999999919e+01 -1.307172440000000080e+01 -1.282328850000000031e+01 -1.257492949999999965e+01 -1.232664650000000073e+01 -1.207843890000000009e+01 -1.183030560000000087e+01 -1.158224599999999960e+01 -1.133425919999999998e+01 -1.108634439999999977e+01 -1.083850080000000027e+01 -1.059072749999999985e+01 -1.034302379999999921e+01 -1.009538880000000027e+01 -9.847821830000000887e+00 -9.600322029999999174e+00 -9.352888599999999997e+00 -9.105520780000000869e+00 -8.858217769999999547e+00 -8.610978810000000649e+00
-3.168186790000000058e-02 2.137040060000000019e-01 4.590515039999999991e-01 7.043612190000000384e-01 9.496337379999999495e-01 1.194869640000000066e+00 1.440069510000000053e+00 1.685233910000000002e+00 1.930363419999999941e+00 2.175458589999999859e+00 2.420519989999999844e+00 2.665548170000000106e+00 2.910543679999999966e+00 3.155507070000000081e+00 3.400438869999999891e+00 3.645339620000000114e+00 3.890209850000000191e+00 4.135050099999999951e+00 4.379860879999999845e+00 4.624642719999999763e+00 4.869396130000000156e+00 5.114121619999999702e+00 5.358819699999999742e+00 5.603490869999999902e+00 5.848135629999999807e+00 6.092754489999999912e+00 6.337347920000000023e+00 6.581916419999999768e+00 6.826460469999999781e+00 7.070980559999999748e+00 7.315477160000000367e+00 7.559950749999999609e+00 7.804401790000000005e+00 8.048830759999999529e+00 8.293238119999999824e+00 8.537624329999999873e+00 8.781989850000000430e+00 9.026335129999999651e+00 9.270660630000000069e+00 9.514966790000000785e+00 9.759254059999999953e+00 1.000352290000000011e+01 1.024777369999999976e+01 1.049200699999999919e+01 1.073622310000000013e+01 1.098042249999999953e+01 1.122460560000000029e+01 1.146877289999999938e+01 1.171292479999999969e+01 1.195706170000000057e+01
-2.089918959999999970e+01 -2.064803750000000093e+01 -2.039698860000000025e+01 -2.014604230000000129e+01 -1.989519759999999948e+01 -1.964445359999999852e+01 -1.939380949999999970e+01 -1.914326439999999963e+01 -1.889281739999999843e+01 -1.864246770000000097e+01 -1.839221440000000030e+01 -1.814205649999999892e+01 -1.789199329999999932e+01 -1.764202390000000165e+01 -1.739214739999999892e+01 -1.714236289999999840e+01 -1.689266960000000140e+01 -1.664306660000000093e+01 -1.639355309999999832e+01 -1.614412809999999965e+01 -1.589479080000000089e+01 -1.564554030000000040e+01 -1.539637590000000067e+01 -1.514729660000000067e+01 -1.489830150000000053e+01 -1.464938989999999919e+01 -1.440056090000000033e+01 -1.415181349999999938e+01 -1.390314709999999998e+01 -1.365456059999999994e+01 -1.340605339999999934e+01 -1.315762439999999955e+01 -1.290927300000000066e+01 -1.266099829999999926e+01 -1.241279929999999965e+01 -1.216467540000000014e+01 -1.191662570000000088e+01 -1.166864930000000022e+01 -1.142074539999999949e+01 -1.117291319999999999e+01 -1.092515189999999947e+01 -1.067746080000000042e+01 -1.042983890000000002e+01 -1.018228550000000077e+01 -9.934799710000000061e+00 -9.687380859999999316e+00 -9.440028090000000205e+00 -9.192740629999999413e+00 -8.945517690000000854e+00 -8.698358490000000387e+00
-1.035357910000000020e-01 1.417865319999999929e-01 3.870707190000000075e-01 6.323173589999999678e-01 8.775270339999999836e-01 1.122700320000000085e+00 1.367837799999999993e+00 1.612940030000000080e+00 1.858007589999999931e+00 2.103041020000000039e+00 2.348040880000000108e+00 2.593007730000000066e+00 2.837942110000000184e+00 3.082844559999999845e+00 3.327715620000000207e+00 3.572555819999999827e+00 3.817365679999999983e+00 4.062145740000000060e+00 4.306896499999999683e+00 4.551618500000000012e+00 4.796312229999999843e+00 5.040978199999999632e+00 5.285616929999999769e+00 5.530228900000000003e+00 5.774814609999999959e+00 6.019374560000000152e+00 6.263909230000000328e+00 6.508419110000000174e+00 6.752904680000000326e+00 6.997366409999999703e+00 7.241804789999999770e+00 7.486220269999999566e+00 7.730613329999999728e+00 7.974984440000000063e+00 8.219334039999999675e+00 8.463662610000000086e+00 8.707970590000000399e+00 8.952258430000000544e+00 9.196526589999999501e+00 9.440775509999999926e+00 9.685005629999999144e+00 9.929217389999999810e+00 1.017341120000000032e+01 1.041758759999999917e+01 1.066174690000000069e+01 1.090588960000000007e+01 1.115001610000000021e+01 1.139412680000000044e+01 1.163822210000000013e+01 1.188230249999999977e+01
-2.096607420000000133e+01 -2.071499370000000084e+01 -2.046401639999999844e+01 -2.021314160000000015e+01 -1.996236830000000140e+01 -1.971169559999999876e+01 -1.946112279999999828e+01 -1.921064880000000130e+01 -1.896027289999999965e+01 -1.870999409999999941e+01 -1.845981159999999832e+01 -1.820972450000000009e+01 -1.795973199999999892e+01 -1.770983299999999971e+01 -1.746002689999999902e+01 -1.721031260000000174e+01 -1.696068939999999969e+01 -1.671115640000000013e+01 -1.646171259999999847e+01 -1.621235719999999958e+01 -1.596308939999999943e+01 -1.571390829999999994e+01 -1.546481299999999948e+01 -1.521580269999999935e+01 -1.496687649999999969e+01 -1.471803350000000066e+01 -1.446927289999999999e+01 -1.422059379999999962e+01 -1.397199540000000084e+01 -1.372347680000000025e+01 -1.347503719999999916e+01 -1.322667580000000065e+01 -1.297839160000000014e+01 -1.273018390000000011e+01 -1.248205180000000070e+01 -1.223399449999999966e+01 -1.198601110000000070e+01 -1.173810089999999917e+01 -1.149026289999999939e+01 -1.124249649999999967e+01 -1.099480070000000076e+01 -1.074717479999999981e+01 -1.049961790000000050e+01 -1.025212920000000061e+01 -1.000470800000000082e+01 -9.757353459999999146e+00 -9.510064749999999734e+00 -9.262841090000000221e+00 -9.015681719999999899e+00 -8.768585829999999248e+00
-1.591810710000000073e-01 8.609206630000000582e-02 3.313272540000000155e-01 5.765250760000000252e-01 8.216861130000000513e-01 1.066810940000000096e+00 1.311900129999999942e+00 1.556954240000000045e+00 1.801973840000000049e+00 2.046959479999999942e+00 2.291911709999999935e+00 2.536831090000000177e+00 2.781718140000000172e+00 3.026573420000000070e+00 3.271397449999999818e+00 3.516190760000000193e+00 3.760953869999999810e+00 4.005687319999999829e+00 4.250391600000000381e+00 4.495067249999999959e+00 4.739714750000000087e+00 4.984334620000000271e+00 5.228927360000000135e+00 5.473493460000000255e+00 5.718033420000000255e+00 5.962547719999999885e+00 6.207036849999999717e+00 6.451501290000000388e+00 6.695941509999999930e+00 6.940357999999999805e+00 7.184751219999999883e+00 7.429121639999999971e+00 7.673469729999999878e+00 7.917795940000000421e+00 8.162100730000000581e+00 8.406384559999999340e+00 8.650647879999999290e+00 8.894891140000000362e+00 9.139114790000000710e+00 9.383319260000000384e+00 9.627504990000000262e+00 9.871672430000000276e+00 1.011582199999999965e+01 1.035995420000000067e+01 1.060406930000000081e+01 1.084816789999999997e+01 1.109225029999999990e+01 1.133631699999999931e+01 1.158036839999999934e+01 1.182440500000000050e+01
-2.101657989999999998e+01 -2.076555279999999826e+01 -2.051462910000000051e+01 -2.026380759999999981e+01 -2.001308769999999981e+01 -1.976246829999999832e+01 -1.951194870000000137e+01 -1.926152790000000081e+01 -1.901120500000000035e+01 -1.876097929999999891e+01 -1.851084970000000141e+01 -1.826081539999999848e+01 -1.801087550000000093e+01 -1.776102919999999941e+01 -1.751127560000000116e+01 -1.726161379999999923e+01 -1.701204290000000086e+01 -1.676256199999999907e+01 -1.651317029999999875e+01 -1.626386690000000002e+01 -1.601465089999999947e+01 -1.576552150000000019e+01 -1.551647780000000054e+01 -1.526751890000000067e+01 -1.501864400000000010e+01 -1.476985220000000076e+01 -1.452114259999999923e+01 -1.427251440000000038e+01 -1.402396670000000078e+01 -1.377549869999999999e+01 -1.352710949999999990e+01 -1.327879830000000005e+01 -1.303056429999999999e+01 -1.278240650000000045e+01 -1.253432420000000036e+01 -1.228631640000000047e+01 -1.203838250000000087e+01 -1.179052150000000054e+01 -1.154273270000000018e+01 -1.129501510000000053e+01 -1.104736809999999991e+01 -1.079979070000000085e+01 -1.055228220000000050e+01 -1.030484170000000077e+01 -1.005746850000000059e+01 -9.810161750000000680e+00 -9.562920670000000456e+00 -9.315744459999999449e+00 -9.068632340000000625e+00 -8.821583529999999840e+00
-1.985796489999999970e-01 4.665840179999999893e-02 2.918586360000000046e-01 5.370216349999999972e-01 7.821479770000000498e-01 1.027238230000000030e+00 1.272292970000000079e+00 1.517312760000000038e+00 1.762298149999999897e+00 2.007249700000000026e+00 2.252167950000000030e+00 2.497053460000000058e+00 2.741906750000000059e+00 2.986728369999999799e+00 3.231518850000000054e+00 3.476278709999999883e+00 3.721008470000000123e+00 3.965708649999999835e+00 4.210379770000000299e+00 4.455022340000000192e+00 4.699636850000000088e+00 4.944223820000000380e+00 5.188783739999999867e+00 5.433317090000000071e+00 5.677824389999999610e+00 5.922306100000000129e+00 6.166762710000000425e+00 6.411194700000000246e+00 6.655602550000000228e+00 6.899986720000000240e+00 7.144347690000000028e+00 7.388685930000000290e+00 7.633001880000000128e+00 7.877296020000000176e+00 8.121568789999999538e+00 8.365820660000000686e+00 8.610052059999999230e+00 8.854263449999999480e+00 9.098455270000000539e+00 9.342627959999999732e+00 9.586781970000000541e+00 9.830917709999999587e+00 1.007503559999999965e+01 1.031913620000000087e+01 1.056321969999999943e+01 1.080728679999999997e+01 1.105133769999999949e+01 1.129537290000000027e+01 1.153939279999999989e+01 1.178339790000000065e+01
-2.105064109999999999e+01 -2.079964950000000101e+01 -2.054876099999999894e+01 -2.029797489999999982e+01 -2.004729019999999906e+01 -1.979670610000000153e+01 -1.954622170000000025e+01 -1.929583600000000132e+01 -1.904554819999999893e+01 -1.879535740000000033e+01 -1.854526279999999971e+01 -1.829526339999999962e+01 -1.804535840000000135e+01 -1.779554690000000150e+01 -1.754582789999999903e+01 -1.729620069999999998e+01 -1.704666440000000094e+01 -1.679721800000000087e+01 -1.654786070000000109e+01 -1.629859169999999935e+01 -1.604940990000000056e+01 -1.580031469999999949e+01 -1.555130499999999927e+01 -1.530238010000000060e+01 -1.505353910000000006e+01 -1.480478100000000019e+01 -1.455610509999999991e+01 -1.430751049999999935e+01 -1.405899630000000045e+01 -1.381056169999999916e+01 -1.356220579999999920e+01 -1.331392780000000009e+01 -1.306572680000000020e+01 -1.281760189999999966e+01 -1.256955239999999918e+01 -1.232157740000000068e+01 -1.207367610000000013e+01 -1.182584759999999946e+01 -1.157809119999999936e+01 -1.133040590000000059e+01 -1.108279089999999911e+01 -1.083524560000000037e+01 -1.058776890000000037e+01 -1.034036030000000039e+01 -1.009301870000000001e+01 -9.845743470000000386e+00 -9.598533789999999399e+00 -9.351388849999999309e+00 -9.104307869999999525e+00 -8.857290080000000287e+00
-2.216916539999999880e-01 2.352520469999999989e-02 2.687043259999999933e-01 5.138462919999999823e-01 7.589516790000000457e-01 1.004021059999999910e+00 1.249054990000000087e+00 1.494054049999999911e+00 1.739018780000000097e+00 1.983949729999999967e+00 2.228847459999999892e+00 2.473712509999999920e+00 2.718545419999999879e+00 2.963346710000000162e+00 3.208116920000000150e+00 3.452856569999999792e+00 3.697566189999999864e+00 3.942246279999999992e+00 4.186897369999999619e+00 4.431519950000000208e+00 4.676114540000000375e+00 4.920681629999999807e+00 5.165221709999999966e+00 5.409735290000000418e+00 5.654222850000000022e+00 5.898684870000000302e+00 6.143121840000000056e+00 6.387534220000000040e+00 6.631922509999999882e+00 6.876287160000000398e+00 7.120628639999999621e+00 7.364947420000000022e+00 7.609243959999999696e+00 7.853518720000000286e+00 8.097772140000000007e+00 8.342004689999999556e+00 8.586216800000000759e+00 8.830408930000000822e+00 9.074581520000000623e+00 9.318735000000000213e+00 9.562869819999999521e+00 9.806986410000000376e+00 1.005108519999999928e+01 1.029516659999999995e+01 1.053923110000000030e+01 1.078327900000000028e+01 1.102731089999999980e+01 1.127132710000000060e+01 1.151532800000000023e+01 1.175931409999999921e+01
-2.106821210000000022e+01 -2.081723759999999857e+01 -2.056636629999999855e+01 -2.031559740000000147e+01 -2.006492980000000159e+01 -1.981436280000000139e+01 -1.956389539999999982e+01 -1.931352680000000177e+01 -1.906325610000000026e+01 -1.881308230000000137e+01 -1.856300470000000047e+01 -1.831302219999999892e+01 -1.806313409999999919e+01 -1.781333950000000144e+01 -1.756363740000000107e+01 -1.731402710000000056e+01 -1.706450750000000127e+01 -1.681507789999999858e+01 -1.656573729999999856e+01 -1.631648500000000013e+01 -1.606731990000000110e+01 -1.581824119999999922e+01 -1.556924809999999937e+01 -1.532033969999999989e+01 -1.507151520000000033e+01 -1.482277350000000027e+01 -1.457411399999999979e+01 -1.432553569999999965e+01 -1.407703779999999938e+01 -1.382861939999999912e+01 -1.358027970000000018e+01 -1.333201779999999914e+01 -1.308383290000000088e+01 -1.283572410000000019e+01 -1.258769050000000078e+01 -1.233973139999999979e+01 -1.209184600000000032e+01 -1.184403329999999954e+01 -1.159629259999999995e+01 -1.134862290000000051e+01 -1.110102359999999955e+01 -1.085349380000000075e+01 -1.060603270000000009e+01 -1.035863950000000067e+01 -1.011131330000000084e+01 -9.864053419999999406e+00 -9.616858999999999824e+00 -9.369729259999999726e+00 -9.122663429999999352e+00 -8.875660720000000836e+00
-2.285255240000000077e-01 1.668390349999999966e-02 2.618556240000000090e-01 5.069902179999999925e-01 7.520882610000000357e-01 9.971503240000000323e-01 1.242176970000000047e+00 1.487168770000000029e+00 1.732126260000000029e+00 1.977050009999999913e+00 2.221940560000000175e+00 2.466798450000000198e+00 2.711624220000000030e+00 2.956418400000000002e+00 3.201181520000000003e+00 3.445914109999999919e+00 3.690616680000000205e+00 3.935289759999999859e+00 4.179933840000000345e+00 4.424549439999999834e+00 4.669137069999999667e+00 4.913697220000000421e+00 5.158230380000000004e+00 5.402737059999999758e+00 5.647217730000000380e+00 5.891672879999999779e+00 6.136102990000000368e+00 6.380508540000000117e+00 6.624889999999999723e+00 6.869247849999999822e+00 7.113582540000000343e+00 7.357894540000000205e+00 7.602184310000000167e+00 7.846452320000000036e+00 8.090699000000000751e+00 8.334924819999999457e+00 8.579130219999999696e+00 8.823315640000000570e+00 9.067481530000000234e+00 9.311628329999999565e+00 9.555756479999999442e+00 9.799866400000000866e+00 1.004395850000000046e+01 1.028803330000000038e+01 1.053209110000000059e+01 1.077613249999999923e+01 1.102015770000000039e+01 1.126416730000000044e+01 1.150816159999999932e+01 1.175214099999999995e+01
-2.106925890000000123e+01 -2.081828339999999855e+01 -2.056741099999999989e+01 -2.031664100000000062e+01 -2.006597239999999971e+01 -1.981540430000000086e+01 -1.956493580000000065e+01 -1.931456610000000040e+01 -1.906429430000000025e+01 -1.881411950000000033e+01 -1.856404080000000079e+01 -1.831405739999999938e+01 -1.806416820000000101e+01 -1.781437259999999867e+01 -1.756466950000000082e+01 -1.731505810000000167e+01 -1.706553750000000136e+01 -1.681610690000000119e+01 -1.656676530000000014e+01 -1.631751189999999951e+01 -1.606834579999999946e+01 -1.581926619999999950e+01 -1.557027210000000039e+01 -1.532136269999999989e+01 -1.507253719999999930e+01 -1.482379459999999938e+01 -1.457513409999999965e+01 -1.432655489999999965e+01 -1.407805600000000013e+01 -1.382963670000000000e+01 -1.358129600000000003e+01 -1.333303319999999914e+01 -1.308484729999999985e+01 -1.283673749999999991e+01 -1.258870310000000003e+01 -1.234074309999999919e+01 -1.209285670000000046e+01 -1.184504309999999982e+01 -1.159730150000000037e+01 -1.134963100000000047e+01 -1.110203079999999964e+01 -1.085450009999999921e+01 -1.060703819999999986e+01 -1.035964410000000058e+01 -1.011231699999999911e+01 -9.865056270000000183e+00 -9.617860999999999549e+00 -9.370730419999999228e+00 -9.123663759999999456e+00 -8.876660219999999768e+00
-2.190834839999999950e-01 2.613223469999999965e-02 2.713102259999999877e-01 5.164510700000000121e-01 7.615553440000000229e-01 1.006623620000000052e+00 1.251656459999999971e+00 1.496654420000000041e+00 1.741618069999999907e+00 1.986547960000000002e+00 2.231444629999999929e+00 2.476308620000000182e+00 2.721140479999999862e+00 2.965940729999999803e+00 3.210709909999999834e+00 3.455448529999999963e+00 3.700157130000000016e+00 3.944836220000000004e+00 4.189486300000000440e+00 4.434107889999999941e+00 4.678701489999999907e+00 4.923267599999999966e+00 5.167806709999999804e+00 5.412319329999999873e+00 5.656805929999999982e+00 5.901266989999999879e+00 6.145703020000000016e+00 6.390114470000000324e+00 6.634501819999999661e+00 6.878865539999999612e+00 7.123206109999999924e+00 7.367523979999999639e+00 7.611819610000000402e+00 7.856093470000000245e+00 8.100346000000000046e+00 8.344577660000000563e+00 8.588788900000000837e+00 8.832980149999999142e+00 9.077151869999999789e+00 9.321304489999999277e+00 9.565438459999999310e+00 9.809554190000000062e+00 1.005365210000000076e+01 1.029773269999999918e+01 1.054179640000000084e+01 1.078584350000000036e+01 1.102987450000000003e+01 1.127388990000000035e+01 1.151788999999999952e+01 1.176187529999999981e+01
-2.105377809999999883e+01 -2.080278330000000153e+01 -2.055189179999999993e+01 -2.030110260000000011e+01 -2.005041489999999982e+01 -1.979982770000000158e+01 -1.954934030000000078e+01 -1.929895159999999876e+01 -1.904866080000000039e+01 -1.879846709999999987e+01 -1.854836949999999973e+01 -1.829836720000000128e+01 -1.804845930000000109e+01 -1.779864489999999932e+01 -1.754892309999999966e+01 -1.729929299999999870e+01 -1.704975380000000129e+01 -1.680030460000000048e+01 -1.655094449999999995e+01 -1.630167259999999985e+01 -1.605248810000000148e+01 -1.580339009999999966e+01 -1.555437769999999986e+01 -1.530545009999999984e+01 -1.505660639999999972e+01 -1.480784560000000027e+01 -1.455916700000000041e+01 -1.431056979999999967e+01 -1.406205289999999941e+01 -1.381361569999999972e+01 -1.356525719999999957e+01 -1.331697650000000088e+01 -1.306877290000000080e+01 -1.282064549999999947e+01 -1.257259349999999998e+01 -1.232461600000000068e+01 -1.207671209999999995e+01 -1.182888110000000026e+01 -1.158112209999999997e+01 -1.133343439999999980e+01 -1.108581700000000048e+01 -1.083826919999999916e+01 -1.059079009999999954e+01 -1.034337900000000054e+01 -1.009603500000000054e+01 -9.848757409999999268e+00 -9.601545350000000312e+00 -9.354398039999999526e+00 -9.107314719999999753e+00 -8.860294590000000525e+00
-1.933865499999999904e-01 5.184922089999999956e-02 2.970471920000000154e-01 5.422079459999999962e-01 7.873320600000000002e-01 1.032420109999999891e+00 1.277472649999999987e+00 1.522490260000000095e+00 1.767473489999999980e+00 2.012422889999999853e+00 2.257339019999999863e+00 2.502222409999999897e+00 2.747073610000000166e+00 2.991893140000000173e+00 3.236681550000000129e+00 3.481439359999999983e+00 3.726167080000000187e+00 3.970865250000000124e+00 4.215534360000000369e+00 4.460174929999999982e+00 4.704787470000000305e+00 4.949372470000000135e+00 5.193930439999999926e+00 5.438461860000000314e+00 5.682967230000000036e+00 5.927447029999999728e+00 6.171901749999999964e+00 6.416331859999999665e+00 6.660737840000000354e+00 6.905120170000000002e+00 7.149479300000000315e+00 7.393815700000000213e+00 7.638129840000000392e+00 7.882422179999999834e+00 8.126693169999999355e+00 8.370943249999999836e+00 8.615172899999999245e+00 8.859382540000000361e+00 9.103572619999999560e+00 9.347743590000000324e+00 9.591895870000000102e+00 9.836029919999999649e+00 1.008014619999999972e+01 1.032424499999999945e+01 1.056832690000000063e+01 1.081239230000000084e+01 1.105644159999999943e+01 1.130047519999999928e+01 1.154449349999999974e+01 1.178849699999999956e+01
-2.102176160000000138e+01 -2.077072940000000045e+01 -2.051980049999999878e+01 -2.026897400000000005e+01 -2.001824900000000085e+01 -1.976762460000000132e+01 -1.951709990000000161e+01 -1.926667420000000064e+01 -1.901634639999999976e+01 -1.876611570000000029e+01 -1.851598119999999881e+01 -1.826594210000000018e+01 -1.801599739999999983e+01 -1.776614629999999906e+01 -1.751638790000000157e+01 -1.726672130000000038e+01 -1.701714570000000037e+01 -1.676766020000000168e+01 -1.651826379999999972e+01 -1.626895580000000052e+01 -1.601973519999999951e+01 -1.577060129999999916e+01 -1.552155300000000082e+01 -1.527258959999999988e+01 -1.502371020000000001e+01 -1.477491389999999960e+01 -1.452619989999999994e+01 -1.427756729999999941e+01 -1.402901519999999991e+01 -1.378054279999999920e+01 -1.353214930000000038e+01 -1.328383380000000002e+01 -1.303559549999999945e+01 -1.278743339999999939e+01 -1.253934689999999996e+01 -1.229133490000000073e+01 -1.204339680000000001e+01 -1.179553169999999973e+01 -1.154773870000000002e+01 -1.130001700000000042e+01 -1.105236589999999985e+01 -1.080478440000000084e+01 -1.055727189999999993e+01 -1.030982739999999964e+01 -1.006245020000000068e+01 -9.815139489999999967e+00 -9.567894459999999768e+00 -9.320714329999999492e+00 -9.073598309999999501e+00 -8.826545619999999204e+00
-1.514678469999999888e-01 9.380186570000000057e-02 3.390336549999999893e-01 5.842281059999999693e-01 8.293857970000000357e-01 1.074507300000000054e+00 1.319593199999999911e+00 1.564644039999999903e+00 1.809660389999999897e+00 2.054642809999999820e+00 2.299591850000000104e+00 2.544508050000000132e+00 2.789391960000000115e+00 3.034244109999999939e+00 3.279065039999999875e+00 3.523855269999999873e+00 3.768615340000000202e+00 4.013345750000000045e+00 4.258047030000000177e+00 4.502719680000000224e+00 4.747364219999999690e+00 4.991981149999999978e+00 5.236570959999999886e+00 5.481134159999999866e+00 5.725671239999999607e+00 5.970182679999999742e+00 6.214668969999999959e+00 6.459130590000000005e+00 6.703568019999999628e+00 6.947981730000000411e+00 7.192372200000000326e+00 7.436739880000000191e+00 7.681085249999999753e+00 7.925408759999999830e+00 8.169710880000000230e+00 8.413992049999999168e+00 8.658252729999999175e+00 8.902493359999999356e+00 9.146714400000000467e+00 9.390916289999999833e+00 9.635099459999999283e+00 9.879264349999999695e+00 1.012341140000000017e+01 1.036754099999999923e+01 1.061165369999999974e+01 1.085574979999999989e+01 1.109982980000000019e+01 1.134389400000000059e+01 1.158794299999999922e+01 1.183197709999999958e+01
-2.097323340000000158e+01 -2.072214560000000105e+01 -2.047116120000000095e+01 -2.022027930000000140e+01 -1.996949890000000138e+01 -1.971881919999999866e+01 -1.946823940000000164e+01 -1.921775849999999863e+01 -1.896737570000000161e+01 -1.871709010000000006e+01 -1.846690070000000006e+01 -1.821680690000000169e+01 -1.796680750000000160e+01 -1.771690189999999987e+01 -1.746708909999999904e+01 -1.721736819999999923e+01 -1.696773849999999939e+01 -1.671819890000000086e+01 -1.646874860000000140e+01 -1.621938679999999877e+01 -1.597011250000000082e+01 -1.572092499999999937e+01 -1.547182339999999989e+01 -1.522280680000000075e+01 -1.497387430000000030e+01 -1.472502500000000047e+01 -1.447625820000000019e+01 -1.422757299999999958e+01 -1.397896850000000057e+01 -1.373044379999999975e+01 -1.348199810000000021e+01 -1.323363059999999969e+01 -1.298534049999999951e+01 -1.273712680000000042e+01 -1.248898879999999956e+01 -1.224092560000000063e+01 -1.199293639999999961e+01 -1.174502030000000019e+01 -1.149717659999999952e+01 -1.124940439999999953e+01 -1.100170289999999973e+01 -1.075407129999999967e+01 -1.050650880000000065e+01 -1.025901449999999926e+01 -1.001158769999999976e+01 -9.764227630000000602e+00 -9.516933399999999210e+00 -9.269704270000000079e+00 -9.022539439999999189e+00 -8.775438140000000331e+00
-9.337496639999999515e-02 1.519427819999999985e-01 3.972224309999999869e-01 6.424645669999999864e-01 8.876697730000000508e-01 1.132838629999999958e+00 1.377971700000000022e+00 1.623069569999999961e+00 1.868132780000000048e+00 2.113161910000000088e+00 2.358157509999999846e+00 2.603120119999999815e+00 2.848050300000000146e+00 3.092948569999999897e+00 3.337815490000000107e+00 3.582651579999999836e+00 3.827457359999999920e+00 4.072233360000000246e+00 4.316980110000000259e+00 4.561698110000000028e+00 4.806387879999999946e+00 5.051049919999999638e+00 5.295684739999999557e+00 5.540292840000000218e+00 5.784874699999999592e+00 6.029430829999999908e+00 6.273961710000000025e+00 6.518467829999999630e+00 6.762949660000000307e+00 7.007407689999999967e+00 7.251842380000000254e+00 7.496254200000000090e+00 7.740643630000000108e+00 7.985011130000000179e+00 8.229357159999999283e+00 8.473682170000000013e+00 8.717986619999999576e+00 8.962270959999999675e+00 9.206535649999999293e+00 9.450781109999999430e+00 9.695007800000000842e+00 9.939216160000000855e+00 1.018340659999999964e+01 1.042757959999999962e+01 1.067173559999999988e+01 1.091587499999999977e+01 1.115999820000000042e+01 1.140410559999999940e+01 1.164819770000000076e+01 1.189227490000000032e+01
-2.090823569999999876e+01 -2.065707430000000144e+01 -2.040601630000000100e+01 -2.015506080000000111e+01 -1.990420699999999954e+01 -1.965345399999999998e+01 -1.940280089999999902e+01 -1.915224690000000152e+01 -1.890179099999999934e+01 -1.865143249999999853e+01 -1.840117040000000159e+01 -1.815100380000000158e+01 -1.790093200000000095e+01 -1.765095399999999870e+01 -1.740106889999999851e+01 -1.715127590000000168e+01 -1.690157410000000127e+01 -1.665196269999999856e+01 -1.640244080000000082e+01 -1.615300739999999990e+01 -1.590366189999999946e+01 -1.565440320000000085e+01 -1.540523059999999944e+01 -1.515614320000000070e+01 -1.490714000000000006e+01 -1.465822039999999937e+01 -1.440938339999999940e+01 -1.416062810000000027e+01 -1.391195369999999976e+01 -1.366335950000000032e+01 -1.341484439999999978e+01 -1.316640770000000060e+01 -1.291804860000000055e+01 -1.266976619999999976e+01 -1.242155960000000015e+01 -1.217342810000000064e+01 -1.192537079999999960e+01 -1.167738699999999952e+01 -1.142947559999999996e+01 -1.118163610000000041e+01 -1.093386749999999985e+01 -1.068616899999999958e+01 -1.043853979999999915e+01 -1.019097919999999924e+01 -9.943486240000000365e+00 -9.696060239999999553e+00 -9.448700380000000010e+00 -9.201405859999999493e+00 -8.954175910000000016e+00 -8.707009740000000164e+00
-1.916404249999999893e-02 2.262161030000000017e-01 4.715579180000000203e-01 7.168619910000000317e-01 9.621289109999999756e-01 1.207359260000000045e+00 1.452553610000000051e+00 1.697712539999999937e+00 1.942836620000000014e+00 2.187926399999999827e+00 2.432982449999999908e+00 2.678005310000000083e+00 2.922995549999999998e+00 3.167953699999999984e+00 3.412880309999999806e+00 3.657775899999999858e+00 3.902641019999999905e+00 4.147476179999999957e+00 4.392281920000000284e+00 4.637058749999999563e+00 4.881807189999999963e+00 5.126527740000000222e+00 5.371220919999999843e+00 5.615887230000000230e+00 5.860527160000000180e+00 6.105141220000000146e+00 6.349729889999999877e+00 6.594293669999999885e+00 6.838833029999999980e+00 7.083348459999999847e+00 7.327840440000000122e+00 7.572309439999999725e+00 7.816755920000000302e+00 8.061180370000000650e+00 8.305583229999999872e+00 8.549964980000000381e+00 8.794326070000000328e+00 9.038666949999999645e+00 9.282988080000000863e+00 9.527289899999999534e+00 9.771572859999999139e+00 1.001583740000000056e+01 1.026008400000000087e+01 1.050431299999999979e+01 1.074852489999999960e+01 1.099272020000000083e+01 1.123689919999999987e+01 1.148106240000000078e+01 1.172521019999999936e+01 1.196934309999999968e+01
-2.082682020000000023e+01 -2.057556719999999828e+01 -2.032441760000000031e+01 -2.007337070000000168e+01 -1.982242550000000136e+01 -1.957158129999999829e+01 -1.932083709999999854e+01 -1.907019199999999870e+01 -1.881964530000000124e+01 -1.856919590000000042e+01 -1.831884319999999988e+01 -1.806858619999999860e+01 -1.781842400000000026e+01 -1.756835570000000146e+01 -1.731838060000000112e+01 -1.706849779999999939e+01 -1.681870629999999878e+01 -1.656900540000000177e+01 -1.631939410000000024e+01 -1.606987159999999903e+01 -1.582043709999999948e+01 -1.557108969999999992e+01 -1.532182859999999991e+01 -1.507265280000000018e+01 -1.482356159999999967e+01 -1.457455399999999912e+01 -1.432562929999999923e+01 -1.407678660000000015e+01 -1.382802509999999963e+01 -1.357934389999999958e+01 -1.333074210000000015e+01 -1.308221900000000026e+01 -1.283377370000000006e+01 -1.258540529999999968e+01 -1.233711309999999983e+01 -1.208889620000000065e+01 -1.184075379999999988e+01 -1.159268510000000063e+01 -1.134468919999999947e+01 -1.109676540000000067e+01 -1.084891280000000080e+01 -1.060113059999999940e+01 -1.035341799999999957e+01 -1.010577430000000021e+01 -9.858198559999999944e+00 -9.610690050000000539e+00 -9.363247969999999754e+00 -9.115871549999999601e+00 -8.868560000000000443e+00 -8.621312530000000862e+00
7.109449029999999337e-02 3.165517130000000123e-01 5.619703150000000536e-01 8.073508940000000411e-01 1.052694039999999998e+00 1.298000339999999975e+00 1.543270369999999891e+00 1.788504719999999937e+00 2.033703940000000099e+00 2.278868619999999900e+00 2.523999310000000218e+00 2.769096569999999868e+00 3.014160959999999889e+00 3.259193020000000107e+00 3.504193299999999844e+00 3.749162339999999816e+00 3.994100669999999909e+00 4.239008840000000333e+00 4.483887359999999767e+00 4.728736760000000316e+00 4.973557569999999650e+00 5.218350280000000119e+00 5.463115430000000217e+00 5.707853509999999631e+00 5.952565029999999702e+00 6.197250490000000056e+00 6.441910380000000380e+00 6.686545200000000300e+00 6.931155440000000389e+00 7.175741580000000397e+00 7.420304110000000009e+00 7.664843499999999921e+00 7.909360219999999941e+00 8.153854750000000706e+00 8.398327560000000247e+00 8.642779120000000148e+00 8.887209869999999512e+00 9.131620290000000750e+00 9.376010830000000240e+00 9.620381930000000636e+00 9.864734059999999971e+00 1.010906759999999949e+01 1.035338319999999968e+01 1.059768099999999968e+01 1.084196159999999942e+01 1.108622549999999940e+01 1.133047299999999957e+01 1.157470460000000045e+01 1.181892080000000078e+01 1.206312179999999934e+01
-2.072905480000000011e+01 -2.047769239999999868e+01 -2.022643349999999884e+01 -1.997527729999999835e+01 -1.972422299999999851e+01 -1.947326980000000063e+01 -1.922241670000000013e+01 -1.897166280000000071e+01 -1.872100749999999891e+01 -1.847044969999999964e+01 -1.821998860000000064e+01 -1.796962329999999852e+01 -1.771935309999999930e+01 -1.746917699999999840e+01 -1.721909420000000068e+01 -1.696910379999999918e+01 -1.671920499999999876e+01 -1.646939689999999956e+01 -1.621967869999999934e+01 -1.597004950000000001e+01 -1.572050849999999933e+01 -1.547105479999999922e+01 -1.522168759999999921e+01 -1.497240599999999944e+01 -1.472320910000000005e+01 -1.447409629999999936e+01 -1.422506650000000050e+01 -1.397611889999999946e+01 -1.372725280000000048e+01 -1.347846730000000015e+01 -1.322976150000000040e+01 -1.298113470000000014e+01 -1.273258590000000012e+01 -1.248411439999999928e+01 -1.223571940000000069e+01 -1.198739989999999977e+01 -1.173915530000000018e+01 -1.149098460000000088e+01 -1.124288720000000019e+01 -1.099486199999999947e+01 -1.074690849999999998e+01 -1.049902559999999951e+01 -1.025121279999999935e+01 -1.000346900000000083e+01 -9.755793680000000023e+00 -9.508185890000000029e+00 -9.260644870000000139e+00 -9.013169850000000594e+00 -8.765760050000000803e+00 -8.518414690000000178e+00
1.772907790000000094e-01 4.228400950000000269e-01 6.683504489999999576e-01 9.138224390000000419e-01 1.159256660000000050e+00 1.404653699999999894e+00 1.650014160000000007e+00 1.895338600000000095e+00 2.140627610000000125e+00 2.385881749999999801e+00 2.631101600000000040e+00 2.876287720000000103e+00 3.121440670000000139e+00 3.366560999999999915e+00 3.611649260000000083e+00 3.856705999999999968e+00 4.101731759999999838e+00 4.346727070000000026e+00 4.591692479999999854e+00 4.836628499999999775e+00 5.081535660000000121e+00 5.326414490000000335e+00 5.571265490000000042e+00 5.816089189999999576e+00 6.060886090000000337e+00 6.305656700000000114e+00 6.550401520000000311e+00 6.795121039999999724e+00 7.039815759999999756e+00 7.284486170000000094e+00 7.529132749999999596e+00 7.773755999999999666e+00 8.018356380000000172e+00 8.262934380000000800e+00 8.507490470000000471e+00 8.752025120000000769e+00 8.996538790000000674e+00 9.241031939999999167e+00 9.485505039999999610e+00 9.729958549999999207e+00 9.974392910000000612e+00 1.021880859999999913e+01 1.046320599999999956e+01 1.070758559999999981e+01 1.095194790000000040e+01 1.119629330000000067e+01 1.144062210000000057e+01 1.168493490000000001e+01 1.192923219999999951e+01 1.217351419999999962e+01
-2.061504340000000113e+01 -2.036355379999999826e+01 -2.011216780000000171e+01 -1.986088469999999973e+01 -1.960970359999999957e+01 -1.935862360000000137e+01 -1.910764380000000173e+01 -1.885676349999999957e+01 -1.860598179999999857e+01 -1.835529770000000127e+01 -1.810471060000000065e+01 -1.785421940000000163e+01 -1.760382339999999957e+01 -1.735352170000000172e+01 -1.710331349999999873e+01 -1.685319790000000140e+01 -1.660317399999999921e+01 -1.635324110000000175e+01 -1.610339829999999850e+01 -1.585364470000000026e+01 -1.560397949999999945e+01 -1.535440179999999977e+01 -1.510491090000000014e+01 -1.485550579999999954e+01 -1.460618580000000044e+01 -1.435694999999999943e+01 -1.410779750000000021e+01 -1.385872759999999992e+01 -1.360973940000000049e+01 -1.336083200000000026e+01 -1.311200469999999996e+01 -1.286325670000000088e+01 -1.261458700000000022e+01 -1.236599490000000046e+01 -1.211747959999999935e+01 -1.186904020000000060e+01 -1.162067599999999956e+01 -1.137238609999999994e+01 -1.112416969999999949e+01 -1.087602599999999953e+01 -1.062795419999999957e+01 -1.037995349999999917e+01 -1.013202320000000078e+01 -9.884162319999999724e+00 -9.636370210000000824e+00 -9.388646050000000187e+00 -9.140989060000000777e+00 -8.893398440000000349e+00 -8.645873429999999971e+00 -8.398413259999999880e+00
2.993741739999999929e-01 5.450309620000000077e-01 7.906483850000000091e-01 1.036227049999999927e+00 1.281767539999999928e+00 1.527270480000000097e+00 1.772736429999999919e+00 2.018165999999999904e+00 2.263559750000000204e+00 2.508918280000000056e+00 2.754242140000000116e+00 2.999531909999999968e+00 3.244788160000000143e+00 3.490011430000000026e+00 3.735202300000000086e+00 3.980361300000000213e+00 4.225488979999999728e+00 4.470585889999999729e+00 4.715652559999999660e+00 4.960689539999999731e+00 5.205697340000000395e+00 5.450676490000000207e+00 5.695627530000000327e+00 5.940550950000000441e+00 6.185447289999999931e+00 6.430317040000000262e+00 6.675160729999999987e+00 6.919978839999999742e+00 7.164771870000000042e+00 7.409540329999999564e+00 7.654284709999999770e+00 7.899005490000000407e+00 8.143703150000000335e+00 8.388378189999999179e+00 8.633031069999999474e+00 8.877662270000000078e+00 9.122272269999999850e+00 9.366861529999999547e+00 9.611430509999999927e+00 9.855979680000000798e+00 1.010050949999999936e+01 1.034502039999999923e+01 1.058951290000000078e+01 1.083398730000000043e+01 1.107844429999999925e+01 1.132288409999999956e+01 1.156730720000000012e+01 1.181171409999999966e+01 1.205610519999999930e+01 1.230048099999999955e+01
-2.048488869999999906e+01 -2.023325439999999986e+01 -1.998172399999999982e+01 -1.973029640000000029e+01 -1.947897100000000137e+01 -1.922774679999999847e+01 -1.897662300000000002e+01 -1.872559869999999904e+01 -1.847467310000000040e+01 -1.822384539999999831e+01 -1.797311459999999883e+01 -1.772248009999999852e+01 -1.747194079999999872e+01 -1.722149609999999953e+01 -1.697114489999999876e+01 -1.672088660000000004e+01 -1.647072029999999998e+01 -1.622064500000000109e+01 -1.597066009999999991e+01 -1.572076460000000075e+01 -1.547095769999999959e+01 -1.522123870000000068e+01 -1.497160650000000004e+01 -1.472206049999999955e+01 -1.447259979999999935e+01 -1.422322360000000074e+01 -1.397393100000000032e+01 -1.372472130000000057e+01 -1.347559350000000045e+01 -1.322654690000000066e+01 -1.297758070000000075e+01 -1.272869400000000084e+01 -1.247988600000000048e+01 -1.223115589999999919e+01 -1.198250299999999946e+01 -1.173392630000000025e+01 -1.148542510000000050e+01 -1.123699859999999973e+01 -1.098864599999999925e+01 -1.074036650000000037e+01 -1.049215919999999969e+01 -1.024402350000000084e+01 -9.995958429999999950e+00 -9.747963289999999503e+00 -9.500037280000000806e+00 -9.252179619999999716e+00 -9.004389529999999198e+00 -8.756666230000000439e+00 -8.509008959999999178e+00 -8.261416940000000153e+00
4.371882610000000224e-01 6.829682510000000262e-01 9.287084180000000355e-01 1.174409370000000008e+00 1.420071709999999987e+00 1.665696030000000105e+00 1.911282939999999986e+00 2.156833020000000101e+00 2.402346860000000195e+00 2.647825039999999852e+00 2.893268130000000049e+00 3.138676719999999865e+00 3.384051359999999953e+00 3.629392629999999897e+00 3.874701079999999909e+00 4.119977269999999692e+00 4.365221739999999961e+00 4.610435060000000362e+00 4.855617760000000338e+00 5.100770380000000159e+00 5.345893460000000097e+00 5.590987519999999655e+00 5.836053099999999993e+00 6.081090719999999727e+00 6.326100900000000138e+00 6.571084149999999902e+00 6.816040990000000299e+00 7.060971920000000068e+00 7.305877449999999662e+00 7.550758079999999595e+00 7.795614310000000380e+00 8.040446620000000877e+00 8.285255519999999763e+00 8.530041479999999510e+00 8.774805000000000632e+00 9.019546540000000334e+00 9.264266590000000079e+00 9.508965619999999674e+00 9.753644100000000705e+00 9.998302490000000375e+00 1.024294130000000003e+01 1.048756090000000007e+01 1.073216180000000008e+01 1.097674439999999940e+01 1.122130929999999971e+01 1.146585679999999918e+01 1.171038740000000011e+01 1.195490159999999946e+01 1.219939970000000073e+01 1.244388219999999912e+01
-2.033799309999999849e+01 -2.008619739999999965e+01 -1.983450549999999879e+01 -1.958291649999999962e+01 -1.933142970000000105e+01 -1.908004409999999851e+01 -1.882875900000000158e+01 -1.857757339999999857e+01 -1.832648670000000024e+01 -1.807549780000000084e+01 -1.782460610000000045e+01 -1.757381060000000161e+01 -1.732311049999999852e+01 -1.707250510000000077e+01 -1.682199340000000021e+01 -1.657157460000000171e+01 -1.632124800000000064e+01 -1.607101259999999954e+01 -1.582086770000000087e+01 -1.557081239999999944e+01 -1.532084599999999952e+01 -1.507096750000000007e+01 -1.482117620000000002e+01 -1.457147119999999951e+01 -1.432185179999999924e+01 -1.407231709999999936e+01 -1.382286629999999938e+01 -1.357349860000000064e+01 -1.332421309999999970e+01 -1.307500920000000022e+01 -1.282588580000000000e+01 -1.257684229999999914e+01 -1.232787790000000072e+01 -1.207899169999999955e+01 -1.183018290000000050e+01 -1.158145080000000071e+01 -1.133279450000000033e+01 -1.108421330000000005e+01 -1.083570630000000001e+01 -1.058727279999999915e+01 -1.033891189999999938e+01 -1.009062289999999962e+01 -9.842405080000000694e+00 -9.594257550000000023e+00 -9.346179570000000325e+00 -9.098170359999999235e+00 -8.850229150000000544e+00 -8.602355179999999990e+00 -8.354547679999999588e+00 -8.106805879999999576e+00
5.906100499999999975e-01 8.365292389999999800e-01 1.082408089999999934e+00 1.328247219999999951e+00 1.574047229999999908e+00 1.819808730000000097e+00 2.065532319999999977e+00 2.311218579999999800e+00 2.556868109999999916e+00 2.802481489999999908e+00 3.048059310000000188e+00 3.293602139999999956e+00 3.539110560000000127e+00 3.784585139999999903e+00 4.030026440000000321e+00 4.275435019999999753e+00 4.520811430000000186e+00 4.766156239999999933e+00 5.011469980000000213e+00 5.256753210000000287e+00 5.502006459999999599e+00 5.747230270000000196e+00 5.992425179999999685e+00 6.237591710000000234e+00 6.482730379999999570e+00 6.727841719999999803e+00 6.972926250000000437e+00 7.217984470000000208e+00 7.463016910000000337e+00 7.708024059999999622e+00 7.953006420000000354e+00 8.197964510000000260e+00 8.442898800000000037e+00 8.687809800000000138e+00 8.932697989999999422e+00 9.177563859999999352e+00 9.422407879999999736e+00 9.667230540000000261e+00 9.912032319999999785e+00 1.015681370000000072e+01 1.040157510000000052e+01 1.064631699999999981e+01 1.089103990000000088e+01 1.113574430000000071e+01 1.138043049999999923e+01 1.162509909999999991e+01 1.186975050000000032e+01 1.211438519999999919e+01 1.235900350000000003e+01 1.260360599999999920e+01
-2.017499739999999875e+01 -1.992302379999999928e+01 -1.967115390000000019e+01 -1.941938700000000040e+01 -1.916772220000000004e+01 -1.891615859999999927e+01 -1.866469550000000055e+01 -1.841333200000000048e+01 -1.816206730000000036e+01 -1.791090050000000033e+01 -1.765983089999999933e+01 -1.740885760000000104e+01 -1.715797969999999850e+01 -1.690719659999999891e+01 -1.665650720000000007e+01 -1.640591089999999852e+01 -1.615540680000000151e+01 -1.590499409999999969e+01 -1.565467199999999970e+01 -1.540443969999999929e+01 -1.515429630000000039e+01 -1.490424100000000074e+01 -1.465427309999999927e+01 -1.440439180000000086e+01 -1.415459609999999913e+01 -1.390488539999999951e+01 -1.365525880000000036e+01 -1.340571549999999945e+01 -1.315625469999999986e+01 -1.290687570000000051e+01 -1.265757750000000037e+01 -1.240835949999999954e+01 -1.215922089999999933e+01 -1.191016070000000049e+01 -1.166117829999999955e+01 -1.141227289999999961e+01 -1.116344370000000019e+01 -1.091468979999999966e+01 -1.066601059999999990e+01 -1.041740519999999925e+01 -1.016887280000000082e+01 -9.920412739999999729e+00 -9.672024159999999426e+00 -9.423706320000000858e+00 -9.175458439999999882e+00 -8.927279770000000170e+00 -8.679169529999999355e+00 -8.431126960000000281e+00 -8.183151320000000339e+00 -7.935241829999999830e+00
2.687611280000000047e+00 2.933296879999999884e+00 3.178946869999999869e+00 3.424561830000000029e+00 3.670142330000000008e+00 3.915688929999999957e+00 4.161202199999999962e+00 4.406682710000000114e+00 4.652130999999999794e+00 4.897547630000000041e+00 5.142933150000000175e+00 5.388288110000000408e+00 5.633613040000000183e+00 5.878908479999999770e+00 6.124174960000000389e+00 6.369413009999999709e+00 6.614623159999999835e+00 6.859805920000000334e+00 7.104961819999999761e+00 7.350091360000000407e+00 7.595195059999999998e+00 7.840273429999999877e+00 8.085326950000000679e+00 8.330356150000000071e+00 8.575361499999999637e+00 8.820343499999999892e+00 9.065302649999999574e+00 9.310239409999999438e+00 9.555154290000000827e+00 9.800047749999999169e+00 1.004492029999999936e+01 1.028977229999999921e+01 1.053460439999999920e+01 1.077941689999999930e+01 1.102421030000000002e+01 1.126898519999999948e+01 1.151374180000000003e+01 1.175848079999999918e+01 1.200320250000000044e+01 1.224790750000000017e+01 1.249259600000000070e+01 1.273726869999999955e+01 1.298192580000000085e+01 1.322656789999999916e+01 1.347119539999999915e+01 1.371580879999999958e+01 1.396040829999999922e+01 1.420499459999999914e+01 1.444956799999999930e+01 1.469412879999999966e+01
-2.204387600000000091e+01 -2.179098779999999991e+01 -2.153820999999999941e+01 -2.128554199999999952e+01 -2.103298279999999920e+01 -2.078053159999999977e+01 -2.052818750000000136e+01 -2.027594970000000174e+01 -2.002381739999999866e+01 -1.977178960000000174e+01 -1.951986550000000165e+01 -1.926804440000000085e+01 -1.901632529999999832e+01 -1.876470739999999893e+01 -1.851319000000000159e+01 -1.826177210000000173e+01 -1.801045290000000065e+01 -1.775923170000000084e+01 -1.750810750000000127e+01 -1.725707949999999968e+01 -1.700614709999999974e+01 -1.675530919999999924e+01 -1.650456510000000065e+01 -1.625391400000000175e+01 -1.600335510000000028e+01 -1.575288749999999993e+01 -1.550251040000000025e+01 -1.525222300000000075e+01 -1.500202460000000038e+01 -1.475191419999999987e+01 -1.450189119999999932e+01 -1.425195459999999947e+01 -1.400210369999999926e+01 -1.375233770000000000e+01 -1.350265570000000004e+01 -1.325305700000000009e+01 -1.300354079999999968e+01 -1.275410630000000012e+01 -1.250475259999999977e+01 -1.225547899999999935e+01 -1.200628470000000014e+01 -1.175716889999999992e+01 -1.150813079999999999e+01 -1.125916969999999928e+01 -1.101028460000000031e+01 -1.076147489999999962e+01 -1.051273980000000030e+01 -1.026407850000000010e+01 -1.001549020000000034e+01 -9.766974129999999477e+00
2.530457740000000122e+00 2.776001190000000118e+00 3.021509480000000192e+00 3.266983199999999865e+00 3.512422920000000115e+00 3.757829189999999819e+00 4.003202589999999894e+00 4.248543660000000166e+00 4.493852959999999896e+00 4.739131040000000183e+00 4.984378440000000410e+00 5.229595699999999958e+00 5.474783359999999988e+00 5.719941949999999942e+00 5.965071990000000213e+00 6.210174020000000183e+00 6.455248550000000307e+00 6.700296100000000088e+00 6.945317179999999979e+00 7.190312300000000434e+00 7.435281970000000129e+00 7.680226689999999579e+00 7.925146950000000245e+00 8.170043250000000867e+00 8.414916079999999354e+00 8.659765930000000722e+00 8.904593280000000277e+00 9.149398619999999482e+00 9.394182419999999922e+00 9.638945149999999629e+00 9.883687280000000186e+00 1.012840929999999950e+01 1.037311159999999965e+01 1.061779480000000042e+01 1.086245919999999998e+01 1.110710530000000063e+01 1.135173349999999992e+01 1.159634439999999955e+01 1.184093840000000064e+01 1.208551579999999959e+01 1.233007719999999985e+01 1.257462289999999960e+01 1.281915350000000053e+01 1.306366930000000082e+01 1.330817079999999919e+01 1.355265849999999972e+01 1.379713259999999941e+01 1.404159369999999996e+01 1.428604209999999952e+01 1.453047839999999979e+01
-2.221539100000000033e+01 -2.196268780000000120e+01 -2.171009499999999903e+01 -2.145761200000000102e+01 -2.120523770000000141e+01 -2.095297130000000152e+01 -2.070081199999999910e+01 -2.044875899999999902e+01 -2.019681130000000024e+01 -1.994496810000000053e+01 -1.969322860000000119e+01 -1.944159199999999998e+01 -1.919005729999999943e+01 -1.893862379999999845e+01 -1.868729069999999837e+01 -1.843605700000000169e+01 -1.818492189999999908e+01 -1.793388470000000012e+01 -1.768294440000000023e+01 -1.743210029999999833e+01 -1.718135150000000166e+01 -1.693069720000000089e+01 -1.668013660000000087e+01 -1.642966880000000174e+01 -1.617929300000000126e+01 -1.592900840000000073e+01 -1.567881410000000031e+01 -1.542870940000000068e+01 -1.517869340000000022e+01 -1.492876530000000024e+01 -1.467892430000000026e+01 -1.442916959999999982e+01 -1.417950030000000083e+01 -1.392991559999999929e+01 -1.368041479999999943e+01 -1.343099699999999963e+01 -1.318166139999999942e+01 -1.293240710000000071e+01 -1.268323350000000005e+01 -1.243413959999999996e+01 -1.218512480000000053e+01 -1.193618810000000074e+01 -1.168732879999999952e+01 -1.143854600000000055e+01 -1.118983910000000037e+01 -1.094120719999999913e+01 -1.069264949999999992e+01 -1.044416520000000048e+01 -1.019575350000000036e+01 -9.947413669999999541e+00
2.388768489999999911e+00 2.634185019999999877e+00 2.879566810000000032e+00 3.124914430000000021e+00 3.370228469999999810e+00 3.615509460000000175e+00 3.860757979999999812e+00 4.105974559999999940e+00 4.351159769999999760e+00 4.596314139999999604e+00 4.841438219999999681e+00 5.086532540000000324e+00 5.331597630000000088e+00 5.576634020000000191e+00 5.821642230000000140e+00 6.066622790000000265e+00 6.311576200000000192e+00 6.556502980000000314e+00 6.801403650000000134e+00 7.046278690000000289e+00 7.291128620000000282e+00 7.535953929999999801e+00 7.780755120000000247e+00 8.025532670000000479e+00 8.270287070000000185e+00 8.515018810000000826e+00 8.759728360000000436e+00 9.004416199999999648e+00 9.249082800000000049e+00 9.493728629999999669e+00 9.738354169999999144e+00 9.982959859999999352e+00 1.022754620000000081e+01 1.047211360000000013e+01 1.071666249999999998e+01 1.096119340000000086e+01 1.120570670000000035e+01 1.145020300000000013e+01 1.169468250000000076e+01 1.193914580000000036e+01 1.218359330000000007e+01 1.242802539999999922e+01 1.267244250000000072e+01 1.291684519999999914e+01 1.316123379999999976e+01 1.340560870000000016e+01 1.364997040000000084e+01 1.389431919999999998e+01 1.413865569999999927e+01 1.438298009999999927e+01
-2.237040760000000006e+01 -2.211787370000000053e+01 -2.186545020000000150e+01 -2.161313630000000074e+01 -2.136093100000000078e+01 -2.110883360000000053e+01 -2.085684320000000014e+01 -2.060495889999999974e+01 -2.035317990000000066e+01 -2.010150529999999947e+01 -1.984993430000000103e+01 -1.959846609999999956e+01 -1.934709970000000112e+01 -1.909583429999999993e+01 -1.884466919999999845e+01 -1.859360339999999923e+01 -1.834263610000000000e+01 -1.809176649999999853e+01 -1.784099369999999851e+01 -1.759031690000000125e+01 -1.733973530000000096e+01 -1.708924800000000133e+01 -1.683885420000000011e+01 -1.658855309999999861e+01 -1.633834380000000053e+01 -1.608822539999999890e+01 -1.583819719999999975e+01 -1.558825840000000085e+01 -1.533840799999999938e+01 -1.508864529999999959e+01 -1.483896949999999926e+01 -1.458937959999999912e+01 -1.433987499999999926e+01 -1.409045470000000044e+01 -1.384111799999999981e+01 -1.359186399999999928e+01 -1.334269190000000016e+01 -1.309360090000000021e+01 -1.284459020000000073e+01 -1.259565899999999949e+01 -1.234680640000000018e+01 -1.209803169999999994e+01 -1.184933400000000070e+01 -1.160071259999999960e+01 -1.135216660000000033e+01 -1.110369520000000065e+01 -1.085529769999999949e+01 -1.060697320000000055e+01 -1.035872099999999918e+01 -1.011054020000000087e+01
2.261189209999999949e+00 2.506493990000000061e+00 2.751764430000000150e+00 2.997001089999999923e+00 3.242204529999999973e+00 3.487375300000000067e+00 3.732513959999999908e+00 3.977621060000000153e+00 4.222697130000000243e+00 4.467742720000000389e+00 4.712758370000000419e+00 4.957744589999999896e+00 5.202701919999999980e+00 5.447630880000000175e+00 5.692531980000000047e+00 5.937405759999999866e+00 6.182252700000000267e+00 6.427073319999999867e+00 6.671868130000000008e+00 6.916637620000000375e+00 7.161382289999999706e+00 7.406102630000000353e+00 7.650799120000000286e+00 7.895472260000000020e+00 8.140122520000000250e+00 8.384750390000000664e+00 8.629356330000000241e+00 8.873940819999999619e+00 9.118504319999999552e+00 9.363047299999999851e+00 9.607570230000000322e+00 9.852073550000000068e+00 1.009655769999999997e+01 1.034102320000000041e+01 1.058547049999999956e+01 1.082989989999999914e+01 1.107431200000000082e+01 1.131870720000000041e+01 1.156308590000000081e+01 1.180744860000000074e+01 1.205179560000000016e+01 1.229612750000000077e+01 1.254044460000000072e+01 1.278474740000000054e+01 1.302903640000000074e+01 1.327331180000000010e+01 1.351757409999999915e+01 1.376182380000000016e+01 1.400606130000000071e+01 1.425028700000000015e+01
-2.250963979999999864e+01 -2.225725819999999899e+01 -2.200498689999999868e+01 -2.175282509999999903e+01 -2.150077190000000016e+01 -2.124882649999999984e+01 -2.099698800000000176e+01 -2.074525549999999896e+01 -2.049362830000000102e+01 -2.024210529999999864e+01 -1.999068589999999901e+01 -1.973936910000000111e+01 -1.948815400000000153e+01 -1.923703989999999919e+01 -1.898602590000000134e+01 -1.873511119999999863e+01 -1.848429480000000069e+01 -1.823357590000000172e+01 -1.798295369999999949e+01 -1.773242739999999884e+01 -1.748199609999999993e+01 -1.723165889999999933e+01 -1.698141509999999954e+01 -1.673126369999999952e+01 -1.648120400000000174e+01 -1.623123500000000163e+01 -1.598135599999999990e+01 -1.573156610000000022e+01 -1.548186450000000036e+01 -1.523225030000000046e+01 -1.498272270000000006e+01 -1.473328090000000046e+01 -1.448392400000000002e+01 -1.423465120000000006e+01 -1.398546170000000011e+01 -1.373635469999999970e+01 -1.348732919999999957e+01 -1.323838459999999984e+01 -1.298952000000000062e+01 -1.274073450000000030e+01 -1.249202730000000017e+01 -1.224339769999999916e+01 -1.199484469999999980e+01 -1.174636770000000041e+01 -1.149796569999999996e+01 -1.124963810000000031e+01 -1.100138390000000044e+01 -1.075320239999999927e+01 -1.050509270000000051e+01 -1.025705420000000068e+01
2.149378089999999908e+00 2.394586100000000162e+00 2.639760089999999781e+00 2.884900640000000127e+00 3.130008290000000137e+00 3.375083590000000022e+00 3.620127099999999931e+00 3.865139350000000196e+00 4.110120880000000199e+00 4.355072230000000211e+00 4.599993930000000120e+00 4.844886490000000379e+00 5.089750450000000370e+00 5.334586309999999720e+00 5.579394599999999649e+00 5.824175819999999781e+00 6.068930469999999744e+00 6.313659059999999990e+00 6.558362090000000144e+00 6.803040049999999894e+00 7.047693429999999815e+00 7.292322719999999592e+00 7.536928389999999922e+00 7.781510940000000431e+00 8.026070839999999151e+00 8.270608550000000392e+00 8.515124560000000287e+00 8.759619320000000542e+00 9.004093299999999189e+00 9.248546960000000539e+00 9.492980760000000018e+00 9.737395140000000282e+00 9.981790569999999363e+00 1.022616750000000074e+01 1.047052629999999951e+01 1.071486759999999983e+01 1.095919160000000048e+01 1.120349889999999959e+01 1.144778990000000007e+01 1.169206499999999949e+01 1.193632460000000073e+01 1.218056920000000076e+01 1.242479920000000071e+01 1.266901509999999931e+01 1.291321710000000067e+01 1.315740590000000054e+01 1.340158169999999949e+01 1.364574490000000040e+01 1.388989609999999963e+01 1.413403549999999953e+01
-2.263299149999999926e+01 -2.238074479999999866e+01 -2.212860829999999979e+01 -2.187658130000000156e+01 -2.162466290000000058e+01 -2.137285209999999935e+01 -2.112114820000000037e+01 -2.086955019999999905e+01 -2.061805740000000142e+01 -2.036666879999999935e+01 -2.011538360000000125e+01 -1.986420090000000016e+01 -1.961311990000000094e+01 -1.936213980000000134e+01 -1.911125960000000035e+01 -1.886047849999999926e+01 -1.860979569999999939e+01 -1.835921019999999970e+01 -1.810872129999999913e+01 -1.785832810000000137e+01 -1.760802980000000062e+01 -1.735782539999999941e+01 -1.710771420000000020e+01 -1.685769529999999961e+01 -1.660776780000000130e+01 -1.635793089999999950e+01 -1.610818370000000144e+01 -1.585852539999999955e+01 -1.560895520000000047e+01 -1.535947220000000080e+01 -1.511007550000000066e+01 -1.486076440000000076e+01 -1.461153799999999947e+01 -1.436239540000000048e+01 -1.411333579999999976e+01 -1.386435829999999925e+01 -1.361546230000000079e+01 -1.336664670000000044e+01 -1.311791080000000065e+01 -1.286925379999999919e+01 -1.262067470000000036e+01 -1.237217290000000069e+01 -1.212374750000000034e+01 -1.187539759999999944e+01 -1.162712250000000047e+01 -1.137892139999999941e+01 -1.113079330000000056e+01 -1.088273760000000046e+01 -1.063475339999999925e+01 -1.038683990000000001e+01
2.053549789999999931e+00 2.298675690000000049e+00 2.543767850000000053e+00 2.788826840000000029e+00 3.033853210000000189e+00 3.278847499999999915e+00 3.523810249999999922e+00 3.768742009999999976e+00 4.013643300000000025e+00 4.258514650000000401e+00 4.503356590000000104e+00 4.748169640000000413e+00 4.992954310000000007e+00 5.237711120000000165e+00 5.482440579999999564e+00 5.727143179999999667e+00 5.971819430000000040e+00 6.216469840000000247e+00 6.461094880000000096e+00 6.705695050000000101e+00 6.950270839999999950e+00 7.194822720000000338e+00 7.439351180000000063e+00 7.683856689999999823e+00 7.928339730000000252e+00 8.172800750000000392e+00 8.417240239999999929e+00 8.661658640000000631e+00 8.906056429999999580e+00 9.150434040000000380e+00 9.394791939999999286e+00 9.639130579999999782e+00 9.883450410000000019e+00 1.012775189999999981e+01 1.037203539999999968e+01 1.061630139999999933e+01 1.086055039999999927e+01 1.110478269999999945e+01 1.134899889999999978e+01 1.159319930000000021e+01 1.183738430000000008e+01 1.208155439999999992e+01 1.232571010000000022e+01 1.256985159999999979e+01 1.281397950000000030e+01 1.305809419999999932e+01 1.330219600000000035e+01 1.354628540000000037e+01 1.379036269999999931e+01 1.403442850000000064e+01
-2.274029270000000125e+01 -2.248816340000000125e+01 -2.223614440000000059e+01 -2.198423469999999824e+01 -2.173243349999999907e+01 -2.148074000000000083e+01 -2.122915319999999895e+01 -2.097767239999999944e+01 -2.072629660000000129e+01 -2.047502490000000108e+01 -2.022385660000000129e+01 -1.997279059999999973e+01 -1.972182630000000003e+01 -1.947096270000000118e+01 -1.922019900000000092e+01 -1.896953419999999824e+01 -1.871896759999999915e+01 -1.846849819999999909e+01 -1.821812519999999935e+01 -1.796784780000000126e+01 -1.771766510000000139e+01 -1.746757619999999989e+01 -1.721758030000000161e+01 -1.696767639999999844e+01 -1.671786390000000111e+01 -1.646814170000000033e+01 -1.621850909999999857e+01 -1.596896510000000013e+01 -1.571950900000000040e+01 -1.547013989999999950e+01 -1.522085700000000053e+01 -1.497165930000000067e+01 -1.472254599999999947e+01 -1.447351639999999939e+01 -1.422456949999999942e+01 -1.397570450000000086e+01 -1.372692059999999969e+01 -1.347821689999999961e+01 -1.322959260000000015e+01 -1.298104690000000083e+01 -1.273257890000000003e+01 -1.248418780000000083e+01 -1.223587279999999922e+01 -1.198763310000000004e+01 -1.173946779999999990e+01 -1.149137610000000009e+01 -1.124335720000000016e+01 -1.099541040000000081e+01 -1.074753469999999922e+01 -1.049972939999999966e+01
1.973776900000000056e+00 2.218835040000000092e+00 2.463859680000000107e+00 2.708851370000000092e+00 2.953810659999999810e+00 3.198738080000000039e+00 3.443634190000000039e+00 3.688499499999999820e+00 3.933334550000000096e+00 4.178139859999999928e+00 4.422915950000000151e+00 4.667663339999999828e+00 4.912382540000000297e+00 5.157074060000000237e+00 5.401738400000000162e+00 5.646376069999999636e+00 5.890987550000000184e+00 6.135573339999999654e+00 6.380133930000000397e+00 6.624669810000000325e+00 6.869181460000000072e+00 7.113669340000000396e+00 7.358133950000000034e+00 7.602575749999999744e+00 7.846995210000000220e+00 8.091392790000000446e+00 8.335768959999999339e+00 8.580124169999999495e+00 8.824458870000000843e+00 9.068773529999999639e+00 9.313068590000000313e+00 9.557344490000000192e+00 9.801601679999999206e+00 1.004584060000000001e+01 1.029006170000000076e+01 1.053426540000000067e+01 1.077845210000000087e+01 1.102262230000000010e+01 1.126677639999999947e+01 1.151091480000000011e+01 1.175503789999999960e+01 1.199914620000000021e+01 1.224324009999999952e+01 1.248732000000000042e+01 1.273138630000000049e+01 1.297543940000000084e+01 1.321947970000000083e+01 1.346350769999999919e+01 1.370752369999999942e+01 1.395152820000000027e+01
-2.283147560000000098e+01 -2.257944600000000079e+01 -2.232752650000000116e+01 -2.207571640000000102e+01 -2.182401480000000049e+01 -2.157242069999999856e+01 -2.132093330000000009e+01 -2.106955179999999928e+01 -2.081827519999999865e+01 -2.056710269999999952e+01 -2.031603339999999847e+01 -2.006506650000000036e+01 -1.981420109999999823e+01 -1.956343620000000172e+01 -1.931277120000000025e+01 -1.906220499999999873e+01 -1.881173679999999848e+01 -1.856136569999999963e+01 -1.831109089999999995e+01 -1.806091160000000073e+01 -1.781082669999999979e+01 -1.756083560000000077e+01 -1.731093720000000147e+01 -1.706113080000000082e+01 -1.681141549999999896e+01 -1.656179039999999958e+01 -1.631225470000000044e+01 -1.606280740000000051e+01 -1.581344780000000050e+01 -1.556417500000000054e+01 -1.531498810000000077e+01 -1.506588630000000073e+01 -1.481686870000000056e+01 -1.456793440000000039e+01 -1.431908269999999916e+01 -1.407031270000000056e+01 -1.382162349999999940e+01 -1.357301419999999936e+01 -1.332448409999999939e+01 -1.307603229999999961e+01 -1.282765799999999956e+01 -1.257936040000000055e+01 -1.233113849999999978e+01 -1.208299159999999972e+01 -1.183491889999999991e+01 -1.158691950000000048e+01 -1.133899259999999920e+01 -1.109113739999999915e+01 -1.084335309999999986e+01 -1.059563890000000086e+01
1.910124809999999895e+00 2.155129259999999825e+00 2.400100380000000033e+00 2.645038739999999944e+00 2.889944859999999949e+00 3.134819289999999814e+00 3.379662559999999871e+00 3.624475200000000008e+00 3.869257730000000173e+00 4.114010679999999809e+00 4.358734560000000258e+00 4.603429880000000196e+00 4.848097160000000017e+00 5.092736890000000294e+00 5.337349579999999705e+00 5.581935719999999712e+00 5.826495809999999942e+00 6.071030330000000141e+00 6.315539779999999936e+00 6.560024620000000084e+00 6.804485340000000271e+00 7.048922420000000244e+00 7.293336329999999812e+00 7.537727529999999732e+00 7.782096479999999872e+00 8.026443659999999980e+00 8.270769509999999158e+00 8.515074489999999940e+00 8.759359059999999531e+00 9.003623669999999635e+00 9.247868750000000304e+00 9.492094760000000520e+00 9.736302130000000332e+00 9.980491309999999672e+00 1.022466269999999966e+01 1.046881680000000081e+01 1.071295399999999987e+01 1.095707469999999972e+01 1.120117929999999973e+01 1.144526839999999979e+01 1.168934220000000046e+01 1.193340120000000049e+01 1.217744590000000038e+01 1.242147660000000009e+01 1.266549380000000014e+01 1.290949780000000047e+01 1.315348909999999982e+01 1.339746809999999932e+01 1.364143520000000009e+01 1.388539070000000031e+01
-2.290641000000000105e+01 -2.265446220000000110e+01 -2.240262450000000172e+01 -2.215089610000000064e+01 -2.189927600000000041e+01 -2.164776349999999994e+01 -2.139635769999999937e+01 -2.114505760000000123e+01 -2.089386239999999972e+01 -2.064277129999999971e+01 -2.039178330000000017e+01 -2.014089750000000123e+01 -1.989011319999999827e+01 -1.963942940000000092e+01 -1.938884519999999867e+01 -1.913835979999999992e+01 -1.888797230000000127e+01 -1.863768179999999930e+01 -1.838748749999999887e+01 -1.813738850000000014e+01 -1.788738389999999967e+01 -1.763747280000000117e+01 -1.738765439999999884e+01 -1.713792779999999993e+01 -1.688829210000000103e+01 -1.663874639999999872e+01 -1.638928999999999903e+01 -1.613992190000000093e+01 -1.589064130000000041e+01 -1.564144720000000000e+01 -1.539233899999999977e+01 -1.514331549999999993e+01 -1.489437619999999995e+01 -1.464551999999999943e+01 -1.439674609999999966e+01 -1.414805360000000078e+01 -1.389944179999999996e+01 -1.365090969999999970e+01 -1.340245660000000072e+01 -1.315408159999999960e+01 -1.290578380000000003e+01 -1.265756230000000038e+01 -1.240941650000000074e+01 -1.216134540000000008e+01 -1.191334819999999972e+01 -1.166542409999999919e+01 -1.141757229999999979e+01 -1.116979189999999988e+01 -1.092208220000000019e+01 -1.067444219999999966e+01
1.862646969999999902e+00 2.107611509999999910e+00 2.352542870000000175e+00 2.597441579999999917e+00 2.842308189999999790e+00 3.087143230000000127e+00 3.331947229999999927e+00 3.576720710000000025e+00 3.821464209999999806e+00 4.066178230000000227e+00 4.310863290000000347e+00 4.555519900000000177e+00 4.800148560000000231e+00 5.044749780000000072e+00 5.289324050000000277e+00 5.533871869999999582e+00 5.778393720000000400e+00 6.022890099999999691e+00 6.267361479999999929e+00 6.511808349999999912e+00 6.756231180000000336e+00 7.000630430000000182e+00 7.245006590000000024e+00 7.489360109999999793e+00 7.733691470000000123e+00 7.978001100000000179e+00 8.222289480000000594e+00 8.466557050000000473e+00 8.710804270000000571e+00 8.955031569999999164e+00 9.199239419999999612e+00 9.443428230000000312e+00 9.687598460000000244e+00 9.931750550000000288e+00 1.017588489999999979e+01 1.042000200000000021e+01 1.066410220000000031e+01 1.090818600000000060e+01 1.115225380000000044e+01 1.139630589999999977e+01 1.164034299999999966e+01 1.188436519999999952e+01 1.212837309999999924e+01 1.237236709999999995e+01 1.261634759999999922e+01 1.286031499999999994e+01 1.310426960000000030e+01 1.334821200000000019e+01 1.359214249999999957e+01 1.383606140000000018e+01
-2.296500959999999836e+01 -2.271312560000000147e+01 -2.246135160000000042e+01 -2.220968690000000123e+01 -2.195813049999999933e+01 -2.170668159999999958e+01 -2.145533929999999856e+01 -2.120410269999999997e+01 -2.095297100000000157e+01 -2.070194319999999877e+01 -2.045101849999999999e+01 -2.020019599999999826e+01 -1.994947489999999846e+01 -1.969885419999999954e+01 -1.944833300000000165e+01 -1.919791060000000016e+01 -1.894758589999999998e+01 -1.869735820000000004e+01 -1.844722649999999931e+01 -1.819719010000000026e+01 -1.794724790000000070e+01 -1.769739909999999838e+01 -1.744764290000000173e+01 -1.719797840000000022e+01 -1.694840470000000110e+01 -1.669892090000000096e+01 -1.644952620000000110e+01 -1.620021960000000050e+01 -1.595100039999999986e+01 -1.570186759999999992e+01 -1.545282049999999963e+01 -1.520385800000000032e+01 -1.495497950000000031e+01 -1.470618389999999920e+01 -1.445747049999999945e+01 -1.420883830000000003e+01 -1.396028669999999927e+01 -1.371181460000000030e+01 -1.346342120000000087e+01 -1.321510570000000051e+01 -1.296686730000000054e+01 -1.271870509999999932e+01 -1.247061829999999993e+01 -1.222260610000000014e+01 -1.197466750000000069e+01 -1.172680180000000050e+01 -1.147900820000000088e+01 -1.123128589999999960e+01 -1.098363389999999917e+01 -1.073605159999999970e+01
1.831356189999999939e+00 2.076294410000000035e+00 2.321199519999999961e+00 2.566072080000000089e+00 2.810912619999999862e+00 3.055721660000000117e+00 3.300499750000000176e+00 3.545247400000000049e+00 3.789965130000000126e+00 4.034653460000000358e+00 4.279312899999999864e+00 4.523943949999999603e+00 4.768547129999999967e+00 5.013122929999999755e+00 5.257671840000000429e+00 5.502194359999999840e+00 5.746690970000000398e+00 5.991162169999999954e+00 6.235608420000000152e+00 6.480030209999999791e+00 6.724428009999999567e+00 6.968802290000000177e+00 7.213153509999999713e+00 7.457482149999999699e+00 7.701788660000000064e+00 7.946073489999999850e+00 8.190337109999999754e+00 8.434579960000000654e+00 8.678802479999999875e+00 8.923005140000000779e+00 9.167188360000000813e+00 9.411352589999999907e+00 9.655498270000000716e+00 9.899625820000000687e+00 1.014373570000000058e+01 1.038782830000000068e+01 1.063190409999999986e+01 1.087596339999999984e+01 1.112000680000000052e+01 1.136403460000000010e+01 1.160804719999999968e+01 1.185204519999999917e+01 1.209602879999999914e+01 1.233999840000000070e+01 1.258395460000000021e+01 1.282789769999999940e+01 1.307182809999999940e+01 1.331574619999999953e+01 1.355965239999999916e+01 1.380354720000000057e+01
-2.300721210000000028e+01 -2.275537359999999865e+01 -2.250364520000000113e+01 -2.225202600000000075e+01 -2.200051510000000121e+01 -2.174911170000000027e+01 -2.149781480000000045e+01 -2.124662370000000067e+01 -2.099553729999999874e+01 -2.074455479999999952e+01 -2.049367540000000076e+01 -2.024289810000000145e+01 -1.999222209999999933e+01 -1.974164650000000165e+01 -1.949117040000000145e+01 -1.924079289999999887e+01 -1.899051319999999876e+01 -1.874033030000000011e+01 -1.849024340000000066e+01 -1.824025160000000056e+01 -1.799035410000000113e+01 -1.774054980000000015e+01 -1.749083810000000128e+01 -1.724121789999999876e+01 -1.699168840000000102e+01 -1.674224879999999871e+01 -1.649289810000000145e+01 -1.624363549999999989e+01 -1.599446009999999951e+01 -1.574537109999999984e+01 -1.549636759999999924e+01 -1.524744860000000024e+01 -1.499861339999999998e+01 -1.474986110000000039e+01 -1.450119089999999922e+01 -1.425260180000000076e+01 -1.400409299999999924e+01 -1.375566360000000010e+01 -1.350731290000000051e+01 -1.325903989999999943e+01 -1.301084389999999935e+01 -1.276272389999999923e+01 -1.251467919999999978e+01 -1.226670879999999997e+01 -1.201881200000000049e+01 -1.177098799999999912e+01 -1.152323589999999953e+01 -1.127555489999999949e+01 -1.102794409999999914e+01 -1.078040279999999917e+01
1.816266659999999922e+00 2.061191969999999873e+00 2.306084230000000179e+00 2.550943970000000061e+00 2.795771729999999788e+00 3.040568040000000138e+00 3.285333420000000171e+00 3.530068410000000156e+00 3.774773520000000104e+00 4.019449260000000024e+00 4.264096150000000307e+00 4.508714689999999692e+00 4.753305379999999580e+00 4.997868719999999598e+00 5.242405210000000260e+00 5.486915340000000363e+00 5.731399589999999655e+00 5.975858449999999600e+00 6.220292390000000005e+00 6.464701889999999729e+00 6.709087430000000296e+00 6.953449469999999799e+00 7.197788489999999761e+00 7.442104930000000174e+00 7.686399269999999895e+00 7.930671949999999804e+00 8.174923440000000596e+00 8.419154170000000548e+00 8.663364610000000354e+00 8.907555179999999240e+00 9.151726339999999738e+00 9.395878529999999174e+00 9.640012170000000324e+00 9.884127700000000516e+00 1.012822560000000038e+01 1.037230620000000059e+01 1.061636999999999986e+01 1.086041729999999994e+01 1.110444870000000073e+01 1.134846459999999979e+01 1.159246530000000064e+01 1.183645130000000023e+01 1.208042299999999969e+01 1.232438070000000074e+01 1.256832499999999975e+01 1.281225620000000021e+01 1.305617469999999969e+01 1.330008089999999932e+01 1.354397520000000021e+01 1.378785809999999934e+01
-2.303295999999999921e+01 -2.278114880000000042e+01 -2.252944779999999980e+01 -2.227785589999999871e+01 -2.202637229999999846e+01 -2.177499620000000036e+01 -2.152372649999999865e+01 -2.127256260000000054e+01 -2.102150340000000028e+01 -2.077054809999999918e+01 -2.051969589999999855e+01 -2.026894569999999973e+01 -2.001829680000000167e+01 -1.976774819999999977e+01 -1.951729909999999890e+01 -1.926694859999999920e+01 -1.901669580000000082e+01 -1.876653980000000033e+01 -1.851647979999999905e+01 -1.826651479999999950e+01 -1.801664399999999944e+01 -1.776686640000000139e+01 -1.751718130000000073e+01 -1.726758769999999998e+01 -1.701808480000000046e+01 -1.676867160000000112e+01 -1.651934729999999973e+01 -1.627011110000000116e+01 -1.602096200000000081e+01 -1.577189920000000001e+01 -1.552292180000000066e+01 -1.527402889999999935e+01 -1.502521969999999918e+01 -1.477649339999999967e+01 -1.452784890000000040e+01 -1.427928559999999969e+01 -1.403080250000000007e+01 -1.378239879999999928e+01 -1.353407359999999926e+01 -1.328582609999999953e+01 -1.303765540000000023e+01 -1.278956069999999912e+01 -1.254154119999999928e+01 -1.229359589999999969e+01 -1.204572420000000044e+01 -1.179792510000000050e+01 -1.155019779999999940e+01 -1.130254159999999963e+01 -1.105495550000000016e+01 -1.080743879999999990e+01
1.817388980000000043e+00 2.062314730000000207e+00 2.307207430000000059e+00 2.552067599999999992e+00 2.796895800000000154e+00 3.041692550000000050e+00 3.286458370000000073e+00 3.531193800000000049e+00 3.775899349999999988e+00 4.020575540000000281e+00 4.265222859999999727e+00 4.509841849999999930e+00 4.754432979999999809e+00 4.998996769999999756e+00 5.243533700000000408e+00 5.488044269999999614e+00 5.732528959999999785e+00 5.976988259999999720e+00 6.221422650000000054e+00 6.465832599999999708e+00 6.710218580000000266e+00 6.954581069999999698e+00 7.198920529999999651e+00 7.443237419999999993e+00 7.687532209999999644e+00 7.931805340000000371e+00 8.176057269999999377e+00 8.420288449999999258e+00 8.664499340000000771e+00 8.908690359999999586e+00 9.152861970000000014e+00 9.397014600000000328e+00 9.641148689999999633e+00 9.885264680000000581e+00 1.012936299999999967e+01 1.037344399999999922e+01 1.061750830000000079e+01 1.086155609999999960e+01 1.110558799999999913e+01 1.134960429999999931e+01 1.159360539999999951e+01 1.183759189999999961e+01 1.208156400000000019e+01 1.232552219999999998e+01 1.256946690000000011e+01 1.281339849999999991e+01 1.305731749999999991e+01 1.330122420000000005e+01 1.354511890000000029e+01 1.378900229999999993e+01
-2.304222000000000037e+01 -2.279041799999999895e+01 -2.253872600000000048e+01 -2.228714319999999915e+01 -2.203566869999999867e+01 -2.178430159999999915e+01 -2.153304109999999838e+01 -2.128188619999999887e+01 -2.103083609999999837e+01 -2.077988979999999941e+01 -2.052904660000000092e+01 -2.027830549999999832e+01 -2.002766559999999885e+01 -1.977712599999999910e+01 -1.952668590000000037e+01 -1.927634439999999927e+01 -1.902610059999999947e+01 -1.877595349999999996e+01 -1.852590239999999966e+01 -1.827594639999999870e+01 -1.802608449999999962e+01 -1.777631579999999900e+01 -1.752663959999999932e+01 -1.727705489999999955e+01 -1.702756079999999983e+01 -1.677815650000000147e+01 -1.652884099999999989e+01 -1.627961360000000113e+01 -1.603047319999999942e+01 -1.578141920000000020e+01 -1.553245049999999949e+01 -1.528356639999999977e+01 -1.503476590000000002e+01 -1.478604819999999975e+01 -1.453741239999999912e+01 -1.428885769999999944e+01 -1.404038320000000084e+01 -1.379198799999999991e+01 -1.354367139999999914e+01 -1.329543239999999926e+01 -1.304727019999999982e+01 -1.279918400000000034e+01 -1.255117279999999980e+01 -1.230323600000000006e+01 -1.205537269999999950e+01 -1.180758190000000063e+01 -1.155986300000000000e+01 -1.131221500000000013e+01 -1.106463719999999995e+01 -1.081712869999999960e+01
1.834703930000000094e+00 2.079643460000000221e+00 2.324549890000000119e+00 2.569423770000000218e+00 2.814265620000000023e+00 3.059075990000000189e+00 3.303855400000000220e+00 3.548604370000000063e+00 3.793323430000000052e+00 4.038013079999999810e+00 4.282673850000000115e+00 4.527306239999999704e+00 4.771910749999999979e+00 5.016487879999999677e+00 5.261038130000000201e+00 5.505561980000000410e+00 5.750059939999999870e+00 5.994532470000000224e+00 6.238980060000000272e+00 6.483403189999999761e+00 6.727802330000000275e+00 6.972177949999999846e+00 7.216530520000000060e+00 7.460860509999999834e+00 7.705168360000000050e+00 7.949454539999999625e+00 8.193719500000000266e+00 8.437963699999999179e+00 8.682187580000000793e+00 8.926391589999999709e+00 9.170576159999999533e+00 9.414741740000000192e+00 9.658888770000000790e+00 9.903017679999999601e+00 1.014712890000000023e+01 1.039122290000000071e+01 1.063530000000000086e+01 1.087936069999999944e+01 1.112340539999999933e+01 1.136743459999999928e+01 1.161144859999999923e+01 1.185544789999999971e+01 1.209943280000000065e+01 1.234340390000000021e+01 1.258736140000000070e+01 1.283130590000000026e+01 1.307523759999999946e+01 1.331915709999999997e+01 1.356306469999999997e+01 1.380696080000000059e+01
-2.303496020000000044e+01 -2.278314890000000048e+01 -2.253144779999999869e+01 -2.227985579999999999e+01 -2.202837209999999857e+01 -2.177699589999999930e+01 -2.152572620000000114e+01 -2.127456219999999831e+01 -2.102350300000000161e+01 -2.077254759999999933e+01 -2.052169530000000108e+01 -2.027094509999999872e+01 -2.002029609999999948e+01 -1.976974750000000114e+01 -1.951929840000000027e+01 -1.926894790000000057e+01 -1.901869500000000102e+01 -1.876853900000000053e+01 -1.851847899999999925e+01 -1.826851399999999970e+01 -1.801864309999999847e+01 -1.776886560000000159e+01 -1.751918050000000093e+01 -1.726958690000000018e+01 -1.702008400000000066e+01 -1.677067089999999894e+01 -1.652134660000000110e+01 -1.627211039999999898e+01 -1.602296139999999980e+01 -1.577389860000000077e+01 -1.552492130000000081e+01 -1.527602850000000068e+01 -1.502721930000000050e+01 -1.477849299999999921e+01 -1.452984870000000051e+01 -1.428128539999999980e+01 -1.403280239999999957e+01 -1.378439879999999995e+01 -1.353607369999999932e+01 -1.328782619999999959e+01 -1.303965559999999968e+01 -1.279156109999999913e+01 -1.254354159999999929e+01 -1.229559650000000026e+01 -1.204772490000000040e+01 -1.179992589999999986e+01 -1.155219869999999993e+01 -1.130454259999999955e+01 -1.105695659999999947e+01 -1.080944000000000038e+01
1.868192880000000056e+00 2.113159609999999855e+00 2.358093150000000193e+00 2.602994059999999887e+00 2.847862860000000218e+00 3.092700090000000124e+00 3.337506289999999876e+00 3.582281979999999866e+00 3.827027680000000043e+00 4.071743900000000416e+00 4.316431170000000428e+00 4.561089990000000149e+00 4.805720870000000033e+00 5.050324299999999766e+00 5.294900789999999802e+00 5.539450829999999826e+00 5.783974899999999586e+00 6.028473499999999596e+00 6.272947109999999604e+00 6.517396200000000306e+00 6.761821259999999612e+00 7.006222740000000115e+00 7.250601129999999728e+00 7.494956890000000094e+00 7.739290470000000255e+00 7.983602349999999959e+00 8.227892960000000144e+00 8.472162770000000620e+00 8.716412229999999539e+00 8.960641779999999557e+00 9.204851859999999775e+00 9.449042920000000123e+00 9.693215399999999704e+00 9.937369730000000345e+00 1.018150630000000056e+01 1.042562569999999944e+01 1.066972810000000038e+01 1.091381419999999913e+01 1.115788419999999981e+01 1.140193859999999937e+01 1.164597790000000010e+01 1.189000240000000019e+01 1.213401260000000015e+01 1.237800889999999931e+01 1.262199159999999942e+01 1.286596119999999921e+01 1.310991819999999919e+01 1.335386279999999992e+01 1.359779550000000015e+01 1.384171680000000038e+01
-2.301117629999999892e+01 -2.275933759999999850e+01 -2.250760899999999864e+01 -2.225598959999999948e+01 -2.200447850000000116e+01 -2.175307499999999905e+01 -2.150177800000000161e+01 -2.125058669999999950e+01 -2.099950019999999995e+01 -2.074851759999999956e+01 -2.049763809999999964e+01 -2.024686069999999916e+01 -1.999618459999999942e+01 -1.974560890000000057e+01 -1.949513280000000037e+01 -1.924475520000000017e+01 -1.899447550000000007e+01 -1.874429260000000141e+01 -1.849420569999999842e+01 -1.824421389999999832e+01 -1.799431630000000126e+01 -1.774451210000000145e+01 -1.749480039999999903e+01 -1.724518020000000007e+01 -1.699565079999999995e+01 -1.674621120000000118e+01 -1.649686060000000154e+01 -1.624759810000000115e+01 -1.599842280000000017e+01 -1.574933389999999989e+01 -1.550033039999999929e+01 -1.525141160000000085e+01 -1.500257649999999998e+01 -1.475382439999999917e+01 -1.450515419999999978e+01 -1.425656530000000011e+01 -1.400805659999999975e+01 -1.375962739999999940e+01 -1.351127690000000037e+01 -1.326300409999999985e+01 -1.301480819999999916e+01 -1.276668850000000077e+01 -1.251864390000000071e+01 -1.227067380000000085e+01 -1.202277720000000016e+01 -1.177495339999999935e+01 -1.152720159999999971e+01 -1.127952080000000024e+01 -1.103191029999999984e+01 -1.078436920000000043e+01
1.917803369999999896e+00 2.162810889999999819e+00 2.407785099999999900e+00 2.652726540000000188e+00 2.897635750000000066e+00 3.142513280000000186e+00 3.387359640000000116e+00 3.632175380000000064e+00 3.876961019999999980e+00 4.121717079999999811e+00 4.366444070000000011e+00 4.611142499999999700e+00 4.855812890000000159e+00 5.100455740000000127e+00 5.345071550000000116e+00 5.589660809999999813e+00 5.834224029999999672e+00 6.078761680000000389e+00 6.323274249999999874e+00 6.567762219999999651e+00 6.812226080000000294e+00 7.056666299999999836e+00 7.301083339999999922e+00 7.545477680000000298e+00 7.789849770000000007e+00 8.034200090000000571e+00 8.278529089999999258e+00 8.522837230000000375e+00 8.767124949999999473e+00 9.011392700000000033e+00 9.255640939999999262e+00 9.499870100000000761e+00 9.744080629999999132e+00 9.988272970000000583e+00 1.023244749999999925e+01 1.047660480000000049e+01 1.072074510000000025e+01 1.096486900000000020e+01 1.120897680000000030e+01 1.145306899999999928e+01 1.169714600000000004e+01 1.194120820000000016e+01 1.218525610000000015e+01 1.242928999999999995e+01 1.267331030000000069e+01 1.291731749999999934e+01 1.316131200000000057e+01 1.340529420000000016e+01 1.364926439999999985e+01 1.389322319999999955e+01
-2.297087979999999874e+01 -2.271899540000000073e+01 -2.246722120000000089e+01 -2.221555620000000175e+01 -2.196399960000000107e+01 -2.171255049999999898e+01 -2.146120799999999917e+01 -2.120997129999999942e+01 -2.095883939999999868e+01 -2.070781149999999826e+01 -2.045688669999999831e+01 -2.020606409999999897e+01 -1.995534280000000038e+01 -1.970472200000000029e+01 -1.945420079999999885e+01 -1.920377829999999975e+01 -1.895345370000000074e+01 -1.870322589999999963e+01 -1.845309430000000006e+01 -1.820305779999999984e+01 -1.795311570000000145e+01 -1.770326700000000031e+01 -1.745351080000000010e+01 -1.720384639999999976e+01 -1.695427279999999826e+01 -1.670478909999999928e+01 -1.645539450000000059e+01 -1.620608809999999878e+01 -1.595686899999999930e+01 -1.570773639999999993e+01 -1.545868940000000080e+01 -1.520972719999999967e+01 -1.496084880000000084e+01 -1.471205349999999967e+01 -1.446334030000000048e+01 -1.421470839999999924e+01 -1.396615689999999965e+01 -1.371768510000000063e+01 -1.346929199999999938e+01 -1.322097690000000014e+01 -1.297273880000000013e+01 -1.272457690000000063e+01 -1.247649039999999943e+01 -1.222847849999999958e+01 -1.198054029999999948e+01 -1.173267500000000041e+01 -1.148488180000000014e+01 -1.123715980000000059e+01 -1.098950819999999950e+01 -1.074192629999999937e+01
1.983514369999999971e+00 2.228576480000000082e+00 2.473605099999999890e+00 2.718600770000000111e+00 2.963564040000000066e+00 3.208495459999999966e+00 3.453395550000000203e+00 3.698264860000000098e+00 3.943103910000000045e+00 4.187913220000000436e+00 4.432693310000000331e+00 4.677444709999999617e+00 4.922167919999999697e+00 5.166863450000000135e+00 5.411531799999999670e+00 5.656173479999999643e+00 5.900788979999999739e+00 6.145378789999999647e+00 6.389943409999999879e+00 6.634483310000000245e+00 6.878998980000000429e+00 7.123490900000000181e+00 7.367959540000000196e+00 7.612405370000000282e+00 7.856828860000000248e+00 8.101230479999999901e+00 8.345610690000000886e+00 8.589969939999999582e+00 8.834308690000000297e+00 9.078627389999999409e+00 9.322926499999999450e+00 9.567206450000000473e+00 9.811467690000000630e+00 1.005571070000000056e+01 1.029993580000000009e+01 1.054414359999999995e+01 1.078833440000000010e+01 1.103250859999999989e+01 1.127666679999999921e+01 1.152080920000000042e+01 1.176493639999999985e+01 1.200904880000000041e+01 1.225314679999999967e+01 1.249723069999999936e+01 1.274130109999999938e+01 1.298535829999999969e+01 1.322940269999999963e+01 1.347343479999999971e+01 1.371745489999999990e+01 1.396146339999999952e+01
-2.291410199999999975e+01 -2.266215389999999985e+01 -2.241031590000000051e+01 -2.215858719999999948e+01 -2.190696700000000163e+01 -2.165545429999999882e+01 -2.140404819999999830e+01 -2.115274799999999900e+01 -2.090155269999999987e+01 -2.065046140000000108e+01 -2.039947330000000036e+01 -2.014858740000000026e+01 -1.989780299999999968e+01 -1.964711919999999878e+01 -1.939653500000000008e+01 -1.914604960000000133e+01 -1.889566209999999913e+01 -1.864537169999999833e+01 -1.839517740000000146e+01 -1.814507850000000033e+01 -1.789507389999999987e+01 -1.764516300000000015e+01 -1.739534469999999899e+01 -1.714561829999999887e+01 -1.689598270000000113e+01 -1.664643729999999877e+01 -1.639698110000000142e+01 -1.614761319999999856e+01 -1.589833289999999977e+01 -1.564913909999999930e+01 -1.540003109999999964e+01 -1.515100799999999914e+01 -1.490206889999999973e+01 -1.465321310000000032e+01 -1.440443950000000051e+01 -1.415574750000000037e+01 -1.390713599999999950e+01 -1.365860439999999976e+01 -1.341015170000000012e+01 -1.316177710000000012e+01 -1.291347969999999989e+01 -1.266525880000000015e+01 -1.241711339999999986e+01 -1.216904279999999972e+01 -1.192104619999999926e+01 -1.167312259999999924e+01 -1.142527130000000035e+01 -1.117749150000000036e+01 -1.092978229999999940e+01 -1.068214299999999994e+01
2.065252570000000176e+00 2.310383369999999825e+00 2.555480440000000186e+00 2.800544330000000137e+00 3.045575610000000211e+00 3.290574809999999850e+00 3.535542470000000215e+00 3.780479140000000182e+00 4.025385339999999701e+00 4.270261610000000374e+00 4.515108460000000434e+00 4.759926430000000153e+00 5.004716020000000043e+00 5.249477749999999610e+00 5.494212130000000194e+00 5.738919649999999706e+00 5.983600830000000315e+00 6.228256159999999930e+00 6.472886120000000076e+00 6.717491220000000318e+00 6.962071940000000403e+00 7.206628750000000139e+00 7.451162140000000100e+00 7.695672590000000035e+00 7.940160549999999873e+00 8.184626520000000127e+00 8.429070940000000789e+00 8.673494279999999890e+00 8.917896999999999963e+00 9.162279549999999162e+00 9.406642400000000848e+00 9.650985979999999742e+00 9.895310750000000155e+00 1.013961710000000060e+01 1.038390560000000029e+01 1.062817659999999975e+01 1.087243050000000011e+01 1.111666780000000010e+01 1.136088890000000085e+01 1.160509419999999992e+01 1.184928430000000077e+01 1.209345929999999925e+01 1.233761989999999997e+01 1.258176650000000052e+01 1.282589929999999967e+01 1.307001890000000088e+01 1.331412569999999995e+01 1.355822009999999977e+01 1.380230240000000030e+01 1.404637310000000028e+01
-2.284089140000000029e+01 -2.258886150000000015e+01 -2.233694180000000173e+01 -2.208513140000000163e+01 -2.183342950000000116e+01 -2.158183509999999927e+01 -2.133034759999999963e+01 -2.107896579999999886e+01 -2.082768910000000062e+01 -2.057651639999999915e+01 -2.032544710000000165e+01 -2.007448009999999883e+01 -1.982361459999999909e+01 -1.957284969999999902e+01 -1.932218459999999993e+01 -1.907161839999999842e+01 -1.882115029999999933e+01 -1.857077930000000165e+01 -1.832050459999999958e+01 -1.807032530000000037e+01 -1.782024060000000176e+01 -1.757024960000000036e+01 -1.732035139999999984e+01 -1.707054520000000153e+01 -1.682083009999999845e+01 -1.657120529999999903e+01 -1.632166979999999867e+01 -1.607222279999999870e+01 -1.582286350000000041e+01 -1.557359100000000041e+01 -1.532440449999999998e+01 -1.507530299999999990e+01 -1.482628580000000085e+01 -1.457735199999999942e+01 -1.432850069999999931e+01 -1.407973119999999945e+01 -1.383104239999999940e+01 -1.358243369999999928e+01 -1.333390409999999981e+01 -1.308545289999999994e+01 -1.283707910000000041e+01 -1.258878200000000014e+01 -1.234056069999999927e+01 -1.209241450000000029e+01 -1.184434240000000038e+01 -1.159634360000000086e+01 -1.134841740000000065e+01 -1.110056289999999990e+01 -1.085277939999999930e+01 -1.060506589999999960e+01
2.162930550000000007e+00 2.408144449999999992e+00 2.653324329999999787e+00 2.898470769999999863e+00 3.143584300000000109e+00 3.388665490000000169e+00 3.633714879999999869e+00 3.878733009999999926e+00 4.123720429999999659e+00 4.368677650000000412e+00 4.613605220000000173e+00 4.858503660000000224e+00 5.103373480000000129e+00 5.348215220000000159e+00 5.593029370000000000e+00 5.837816450000000046e+00 6.082576969999999861e+00 6.327311420000000020e+00 6.572020310000000087e+00 6.816704129999999751e+00 7.061363369999999584e+00 7.305998510000000223e+00 7.550610039999999579e+00 7.795198440000000062e+00 8.039764189999999644e+00 8.284307749999999970e+00 8.528829610000000727e+00 8.773330209999999241e+00 9.017810040000000527e+00 9.262269549999999185e+00 9.506709190000000476e+00 9.751129419999999826e+00 9.995530690000000718e+00 1.023991340000000072e+01 1.048427809999999916e+01 1.072862519999999975e+01 1.097295510000000007e+01 1.121726819999999947e+01 1.146156500000000023e+01 1.170584599999999931e+01 1.195011150000000022e+01 1.219436190000000053e+01 1.243859780000000015e+01 1.268281939999999963e+01 1.292702740000000006e+01 1.317122190000000082e+01 1.341540350000000004e+01 1.365957270000000001e+01 1.390372969999999953e+01 1.414787489999999970e+01
-2.275131389999999953e+01 -2.249918429999999958e+01 -2.224716490000000135e+01 -2.199525489999999905e+01 -2.174345350000000110e+01 -2.149175969999999936e+01 -2.124017269999999868e+01 -2.098869159999999923e+01 -2.073731550000000112e+01 -2.048604369999999975e+01 -2.023487520000000117e+01 -1.998380919999999961e+01 -1.973284470000000113e+01 -1.948198100000000110e+01 -1.923121719999999968e+01 -1.898055240000000055e+01 -1.872998580000000146e+01 -1.847951640000000140e+01 -1.822914349999999928e+01 -1.797886610000000118e+01 -1.772868349999999893e+01 -1.747859469999999860e+01 -1.722859890000000149e+01 -1.697869520000000065e+01 -1.672888289999999856e+01 -1.647916090000000011e+01 -1.622952850000000069e+01 -1.597998480000000043e+01 -1.573052900000000065e+01 -1.548116019999999970e+01 -1.523187760000000068e+01 -1.498268020000000078e+01 -1.473356740000000009e+01 -1.448453809999999997e+01 -1.423559159999999935e+01 -1.398672709999999952e+01 -1.373794370000000065e+01 -1.348924049999999930e+01 -1.324061670000000035e+01 -1.299207159999999917e+01 -1.274360420000000005e+01 -1.249521370000000076e+01 -1.224689930000000082e+01 -1.199866019999999978e+01 -1.175049560000000071e+01 -1.150240460000000020e+01 -1.125438639999999957e+01 -1.100644029999999951e+01 -1.075856540000000017e+01 -1.051076089999999930e+01
2.276051520000000217e+00 2.521363290000000035e+00 2.766640709999999892e+00 3.011884339999999938e+00 3.257094749999999816e+00 3.502272490000000182e+00 3.747418109999999913e+00 3.992532150000000168e+00 4.237615169999999765e+00 4.482667700000000366e+00 4.727690270000000083e+00 4.972683420000000076e+00 5.217647669999999849e+00 5.462583539999999793e+00 5.707491550000000302e+00 5.952372219999999992e+00 6.197226050000000264e+00 6.442053559999999734e+00 6.686855239999999867e+00 6.931631600000000226e+00 7.176383129999999611e+00 7.421110320000000371e+00 7.665813660000000418e+00 7.910493630000000387e+00 8.155150730000000792e+00 8.399785420000000613e+00 8.644398170000000547e+00 8.888989470000000281e+00 9.133559769999999745e+00 9.378109549999999572e+00 9.622639259999999695e+00 9.867149360000000868e+00 1.011164029999999947e+01 1.035611259999999945e+01 1.060056660000000051e+01 1.084500270000000022e+01 1.108942159999999966e+01 1.133382349999999938e+01 1.157820889999999991e+01 1.182257829999999998e+01 1.206693210000000072e+01 1.231127069999999968e+01 1.255559449999999977e+01 1.279990399999999973e+01 1.304419960000000067e+01 1.328848160000000078e+01 1.353275069999999936e+01 1.377700699999999934e+01 1.402125120000000003e+01 1.426548340000000081e+01
-2.264545779999999908e+01 -2.239321070000000091e+01 -2.214107399999999970e+01 -2.188904670000000152e+01 -2.163712789999999941e+01 -2.138531689999999941e+01 -2.113361280000000164e+01 -2.088201460000000154e+01 -2.063052160000000157e+01 -2.037913280000000071e+01 -2.012784750000000145e+01 -1.987666469999999919e+01 -1.962558359999999880e+01 -1.937460340000000159e+01 -1.912372309999999942e+01 -1.887294199999999833e+01 -1.862225919999999846e+01 -1.837167379999999994e+01 -1.812118500000000054e+01 -1.787079179999999923e+01 -1.762049359999999965e+01 -1.737028940000000077e+01 -1.712017829999999918e+01 -1.687015949999999975e+01 -1.662023220000000023e+01 -1.637039550000000077e+01 -1.612064859999999911e+01 -1.587099060000000073e+01 -1.562142069999999983e+01 -1.537193800000000010e+01 -1.512254169999999931e+01 -1.487323100000000053e+01 -1.462400489999999920e+01 -1.437486280000000072e+01 -1.412580359999999935e+01 -1.387682670000000051e+01 -1.362793109999999963e+01 -1.337911609999999918e+01 -1.313038079999999930e+01 -1.288172430000000013e+01 -1.263314590000000059e+01 -1.238464480000000023e+01 -1.213621999999999979e+01 -1.188787089999999935e+01 -1.163959649999999968e+01 -1.139139609999999969e+01 -1.114326879999999953e+01 -1.089521389999999990e+01 -1.064723060000000032e+01 -1.039931799999999917e+01
2.403937759999999813e+00 2.649362500000000065e+00 2.894752500000000062e+00 3.140108339999999831e+00 3.385430560000000089e+00 3.630719749999999912e+00 3.875976440000000078e+00 4.121201189999999848e+00 4.366394549999999875e+00 4.611557069999999925e+00 4.856689280000000331e+00 5.101791709999999647e+00 5.346864909999999860e+00 5.591909379999999707e+00 5.836925670000000288e+00 6.081914280000000339e+00 6.326875730000000253e+00 6.571810540000000422e+00 6.816719209999999585e+00 7.061602240000000030e+00 7.306460140000000436e+00 7.551293399999999600e+00 7.796102519999999814e+00 8.040887969999999996e+00 8.285650260000000600e+00 8.530389870000000485e+00 8.775107260000000409e+00 9.019802920000000057e+00 9.264477319999999239e+00 9.509130929999999537e+00 9.753764209999999935e+00 9.998377630000000238e+00 1.024297160000000062e+01 1.048754669999999933e+01 1.073210330000000035e+01 1.097664179999999945e+01 1.122116280000000010e+01 1.146566660000000049e+01 1.171015359999999994e+01 1.195462440000000015e+01 1.219907940000000046e+01 1.244351900000000022e+01 1.268794360000000054e+01 1.293235370000000017e+01 1.317674960000000084e+01 1.342113190000000067e+01 1.366550089999999962e+01 1.390985709999999997e+01 1.415420079999999992e+01 1.439853249999999996e+01
-2.252342529999999954e+01 -2.227104329999999877e+01 -2.201877169999999850e+01 -2.176660950000000128e+01 -2.151455599999999890e+01 -2.126261029999999863e+01 -2.101077139999999943e+01 -2.075903870000000140e+01 -2.050741109999999878e+01 -2.025588790000000117e+01 -2.000446820000000159e+01 -1.975315110000000018e+01 -1.950193579999999827e+01 -1.925082150000000070e+01 -1.899980730000000051e+01 -1.874889230000000140e+01 -1.849807570000000112e+01 -1.824735670000000098e+01 -1.799673440000000113e+01 -1.774620790000000170e+01 -1.749577650000000162e+01 -1.724543930000000103e+01 -1.699519529999999889e+01 -1.674504389999999887e+01 -1.649498409999999993e+01 -1.624501509999999982e+01 -1.599513609999999986e+01 -1.574534629999999957e+01 -1.549564469999999972e+01 -1.524603059999999921e+01 -1.499650309999999998e+01 -1.474706139999999976e+01 -1.449770469999999989e+01 -1.424843210000000049e+01 -1.399924279999999932e+01 -1.375013590000000008e+01 -1.350111079999999930e+01 -1.325216640000000012e+01 -1.300330210000000086e+01 -1.275451690000000049e+01 -1.250581009999999971e+01 -1.225718089999999982e+01 -1.200862829999999981e+01 -1.176015179999999916e+01 -1.151175029999999921e+01 -1.126342310000000069e+01 -1.101516950000000072e+01 -1.076698859999999947e+01 -1.051887950000000060e+01 -1.027084160000000068e+01
2.547471649999999865e+00 2.793024669999999876e+00 3.038542510000000085e+00 3.284025740000000138e+00 3.529474920000000182e+00 3.774890619999999863e+00 4.020273399999999775e+00 4.265623810000000127e+00 4.510942410000000180e+00 4.756229740000000206e+00 5.001486350000000414e+00 5.246712780000000187e+00 5.491909559999999857e+00 5.737077219999999755e+00 5.982216300000000153e+00 6.227327319999999666e+00 6.472410789999999636e+00 6.717467229999999567e+00 6.962497159999999852e+00 7.207501080000000115e+00 7.452479499999999923e+00 7.697432919999999790e+00 7.942361840000000228e+00 8.187266749999999149e+00 8.432148149999999731e+00 8.677006510000000006e+00 8.921842330000000487e+00 9.166656079999999207e+00 9.411448240000000354e+00 9.656219280000000182e+00 9.900969690000000156e+00 1.014569990000000033e+01 1.039041040000000038e+01 1.063510169999999988e+01 1.087977410000000056e+01 1.112442829999999994e+01 1.136906450000000035e+01 1.161368329999999993e+01 1.185828509999999980e+01 1.210287040000000047e+01 1.234743950000000012e+01 1.259199300000000044e+01 1.283653130000000075e+01 1.308105469999999926e+01 1.332556379999999940e+01 1.357005889999999937e+01 1.381454049999999967e+01 1.405900899999999965e+01 1.430346480000000042e+01 1.454790840000000074e+01
-2.238530829999999838e+01 -2.213277420000000006e+01 -2.188035049999999870e+01 -2.162803639999999916e+01 -2.137583090000000041e+01 -2.112373330000000138e+01 -2.087174260000000103e+01 -2.061985809999999830e+01 -2.036807890000000043e+01 -2.011640410000000045e+01 -1.986483289999999968e+01 -1.961336439999999826e+01 -1.936199780000000104e+01 -1.911073220000000106e+01 -1.885956690000000080e+01 -1.860850089999999923e+01 -1.835753340000000122e+01 -1.810666369999999858e+01 -1.785589069999999978e+01 -1.760521380000000136e+01 -1.735463199999999873e+01 -1.710414460000000147e+01 -1.685375069999999909e+01 -1.660344939999999880e+01 -1.635323999999999955e+01 -1.610312150000000031e+01 -1.585309329999999939e+01 -1.560315439999999931e+01 -1.535330399999999962e+01 -1.510354129999999984e+01 -1.485386540000000011e+01 -1.460427559999999936e+01 -1.435477099999999950e+01 -1.410535080000000008e+01 -1.385601409999999944e+01 -1.360676020000000008e+01 -1.335758829999999975e+01 -1.310849739999999919e+01 -1.285948690000000028e+01 -1.261055589999999960e+01 -1.236170350000000084e+01 -1.211292910000000056e+01 -1.186423169999999949e+01 -1.161561060000000012e+01 -1.136706490000000080e+01 -1.111859390000000047e+01 -1.087019680000000044e+01 -1.062187270000000083e+01 -1.037362099999999998e+01 -1.012544070000000040e+01
2.706569280000000077e+00 2.952266129999999933e+00 3.197927289999999978e+00 3.443553329999999857e+00 3.689144810000000163e+00 3.934702319999999975e+00 4.180226410000000392e+00 4.425717650000000170e+00 4.671176589999999962e+00 4.916603779999999979e+00 5.161999770000000431e+00 5.407365109999999753e+00 5.652700330000000051e+00 5.898005979999999759e+00 6.143282580000000159e+00 6.388530659999999806e+00 6.633750739999999979e+00 6.878943360000000062e+00 7.124109009999999742e+00 7.369248230000000177e+00 7.614361520000000105e+00 7.859449380000000041e+00 8.104512310000000497e+00 8.349550819999999263e+00 8.594565409999999517e+00 8.839556549999999291e+00 9.084524749999999926e+00 9.329470490000000282e+00 9.574394240000000167e+00 9.819296500000000094e+00 1.006417770000000012e+01 1.030903840000000038e+01 1.055387900000000023e+01 1.079869990000000080e+01 1.104350179999999959e+01 1.128828490000000073e+01 1.153304969999999940e+01 1.177779680000000084e+01 1.202252660000000084e+01 1.226723939999999935e+01 1.251193579999999983e+01 1.275661619999999985e+01 1.300128109999999992e+01 1.324593080000000000e+01 1.349056590000000000e+01 1.373518660000000047e+01 1.397979360000000071e+01 1.422438709999999951e+01 1.446896770000000032e+01 1.471353569999999955e+01
-2.223113109999999892e+01 -2.197842800000000096e+01 -2.172583529999999996e+01 -2.147335220000000078e+01 -2.122097790000000117e+01 -2.096871150000000128e+01 -2.071655210000000125e+01 -2.046449880000000121e+01 -2.021255090000000010e+01 -1.996070759999999922e+01 -1.970896779999999993e+01 -1.945733089999999876e+01 -1.920579589999999826e+01 -1.895436199999999971e+01 -1.870302849999999850e+01 -1.845179440000000071e+01 -1.820065890000000053e+01 -1.794962119999999928e+01 -1.769868040000000065e+01 -1.744783580000000001e+01 -1.719708650000000105e+01 -1.694643160000000037e+01 -1.669587040000000044e+01 -1.644540200000000141e+01 -1.619502560000000102e+01 -1.594474040000000059e+01 -1.569454559999999965e+01 -1.544444020000000073e+01 -1.519442360000000036e+01 -1.494449490000000047e+01 -1.469465330000000058e+01 -1.444489790000000085e+01 -1.419522800000000018e+01 -1.394564270000000050e+01 -1.369614130000000074e+01 -1.344672279999999986e+01 -1.319738659999999975e+01 -1.294813180000000052e+01 -1.269895759999999996e+01 -1.244986319999999935e+01 -1.220084780000000002e+01 -1.195191059999999972e+01 -1.170305079999999975e+01 -1.145426759999999966e+01 -1.120556020000000075e+01 -1.095692790000000016e+01 -1.070836979999999983e+01 -1.045988509999999927e+01 -1.021147309999999919e+01 -9.963133029999999835e+00
