2.096438882888000080e+03 2.112680520278000131e+03 2.128919457739999871e+03 2.145155735599999844e+03 2.161389393920000202e+03 2.177620473620000212e+03 2.193849013640000067e+03 2.210075053579999803e+03 2.226298632380000072e+03 2.242519790299999840e+03 2.258738564299999780e+03 2.274954993979999927e+03 2.291169116300000042e+03 2.307380970199999865e+03 2.323590592640000068e+03 2.339798021239999798e+03 2.356003292299999885e+03 2.372206443439999930e+03 2.388407510959999854e+03 2.404606531160000031e+03 2.420803539680000085e+03 2.436998572160000094e+03 2.453191664899999978e+03 2.469382852220000132e+03 2.485572169099999883e+03 2.501759650519999923e+03 2.517945331460000034e+03 2.534129245579999861e+03 2.550311426539999957e+03 2.566491908660000263e+03 2.582670725599999969e+03 2.598847909699999946e+03 2.615023495280000134e+03 2.631197514020000199e+03 2.647369998919999944e+03 2.663540981659999943e+03 2.679710495899999842e+03 2.695878572000000077e+03 2.712045245600000271e+03 2.728210539799999879e+03 2.744374494199999845e+03 2.760537135200000193e+03 2.776698489200000040e+03 2.792858602400000109e+03 2.809017487999999958e+03 2.825175185600000077e+03 2.841331728199999816e+03 2.857487135599999874e+03 2.873641440800000055e+03 2.889794683399999940e+03
7.176232489999999871e+02 7.342520611999998437e+02 7.508740225999999893e+02 7.674891926000000240e+02 7.840976239999999962e+02 8.006993761999999606e+02 8.172945019999999658e+02 8.338830542000000605e+02 8.504650855999998385e+02 8.670406556000000364e+02 8.836098236000000270e+02 9.001726292000000740e+02 9.167291384000000107e+02 9.332793973999998798e+02 9.498234721999999692e+02 9.663614090000000942e+02 9.828932606000000760e+02 9.994190797999999631e+02 1.015938926000000038e+03 1.032452851999999893e+03 1.048960910600000034e+03 1.065463147999999819e+03 1.081959630199999992e+03 1.098450403399999914e+03 1.114935527000000093e+03 1.131415040599999884e+03 1.147889016799999808e+03 1.164357488600000124e+03 1.180820521999999983e+03 1.197278169799999887e+03 1.213730478200000107e+03 1.230177500000000009e+03 1.246619294600000103e+03 1.263055908199999976e+03 1.279487400199999911e+03 1.295913810200000171e+03 1.312335204200000135e+03 1.328751621800000066e+03 1.345163129000000026e+03 1.361569765400000051e+03 1.377971583799999962e+03 1.394368637659999877e+03 1.410760979780000071e+03 1.427148659660000021e+03 1.443531728120000025e+03 1.459910235979999925e+03 1.476284234060000017e+03 1.492653771860000006e+03 1.509018899539999893e+03 1.525379667919999974e+03
2.085485270768000191e+03 2.101716639020000002e+03 2.117945342059999803e+03 2.134171420279999893e+03 2.150394913940000151e+03 2.166615862640000159e+03 2.182834305979999954e+03 2.199050283560000025e+03 2.215263833659999818e+03 2.231474995219999983e+03 2.247683807179999803e+03 2.263890307820000089e+03 2.280094533439999850e+03 2.296296523640000032e+03 2.312496314060000259e+03 2.328693942979999974e+03 2.344889446700000008e+03 2.361082861519999824e+03 2.377274223739999798e+03 2.393463569659999848e+03 2.409650934260000213e+03 2.425836353839999902e+03 2.442019862719999765e+03 2.458201496539999880e+03 2.474381289619999734e+03 2.490559276940000018e+03 2.506735491500000080e+03 2.522909968280000157e+03 2.539082740280000053e+03 2.555253841159999865e+03 2.571423303919999853e+03 2.587591162220000115e+03 2.603757448399999703e+03 2.619922194140000101e+03 2.636085433100000046e+03 2.652247196299999814e+03 2.668407515419999982e+03 2.684566422800000055e+03 2.700723949459999858e+03 2.716880128400000103e+03 2.733034987999999885e+03 2.749188554000000295e+03 2.765340866000000005e+03 2.781491957000000184e+03 2.797641846800000167e+03 2.813790568399999756e+03 2.829938148199999887e+03 2.846084625800000140e+03 2.862230027600000085e+03 2.878374373399999968e+03
7.067770465999999487e+02 7.233942823999998382e+02 7.400046674000000166e+02 7.566082676000000902e+02 7.732051358000001073e+02 7.897953181999998833e+02 8.063788808000001609e+02 8.229558698000000732e+02 8.395263445999999021e+02 8.560903646000001572e+02 8.726479759999999715e+02 8.891992448000000877e+02 9.057442172000000937e+02 9.222829526000000442e+02 9.388155037999999877e+02 9.553419235999999728e+02 9.718622647999998208e+02 9.883765933999998197e+02 1.004884955600000012e+03 1.021387404199999992e+03 1.037883998600000041e+03 1.054374791599999980e+03 1.070859829400000081e+03 1.087339177999999947e+03 1.103812890199999856e+03 1.120281012200000077e+03 1.136743603399999984e+03 1.153200716600000078e+03 1.169652404599999954e+03 1.186098720200000116e+03 1.202539716199999930e+03 1.218975452000000132e+03 1.235405973800000083e+03 1.251831341000000066e+03 1.268251599799999894e+03 1.284666803000000073e+03 1.301077009999999973e+03 1.317482266999999865e+03 1.333882633400000032e+03 1.350278155400000060e+03 1.366668885799999998e+03 1.383054877399999896e+03 1.399436180359999980e+03 1.415812849460000052e+03 1.432184933539999975e+03 1.448552484740000182e+03 1.464915553880000061e+03 1.481274191120000069e+03 1.497628447940000115e+03 1.513978373840000131e+03
2.075478505735999988e+03 2.091700640653999926e+03 2.107920143624000048e+03 2.124137054840000019e+03 2.140351414100000056e+03 2.156563261400000101e+03 2.172772635020000052e+03 2.188979575219999788e+03 2.205184119619999819e+03 2.221386307159999888e+03 2.237586176119999891e+03 2.253783764119999887e+03 2.269979108120000092e+03 2.286172246399999949e+03 2.302363215920000130e+03 2.318552052980000099e+03 2.334738793880000230e+03 2.350923474919999990e+03 2.367106131739999910e+03 2.383286800639999910e+03 2.399465516600000228e+03 2.415642315260000032e+03 2.431817230279999876e+03 2.447990297299999838e+03 2.464161549980000018e+03 2.480331021980000060e+03 2.496498748940000041e+03 2.512664762540000083e+03 2.528829096439999830e+03 2.544991784960000132e+03 2.561152859119999903e+03 2.577312353239999993e+03 2.593470298340000227e+03 2.609626727419999952e+03 2.625781671499999902e+03 2.641935163580000335e+03 2.658087234020000324e+03 2.674237913840000147e+03 2.690387235379999765e+03 2.706535228339999776e+03 2.722681924399999843e+03 2.738827352599999813e+03 2.754971540000000005e+03 2.771114526200000000e+03 2.787256331000000046e+03 2.803396993999999722e+03 2.819536535000000185e+03 2.835674980400000095e+03 2.851812376400000176e+03 2.867948736199999985e+03
6.970039843999998084e+02 7.136107063999997990e+02 7.302105842000000848e+02 7.468036772000000383e+02 7.633900315999999293e+02 7.799697134000000460e+02 7.965427753999999823e+02 8.131092769999997927e+02 8.296692643999999746e+02 8.462228035999999065e+02 8.627699474000000919e+02 8.793107420000001184e+02 8.958452599999998256e+02 9.123735409999999320e+02 9.288956510000000435e+02 9.454116427999999814e+02 9.619215692000000217e+02 9.784254829999999856e+02 9.949234501999999338e+02 1.011415510399999903e+03 1.027901736199999959e+03 1.044382167199999913e+03 1.060856862799999817e+03 1.077325882399999955e+03 1.093789278799999920e+03 1.110247104800000216e+03 1.126699413199999981e+03 1.143146263399999953e+03 1.159587708200000179e+03 1.176023800400000027e+03 1.192454592800000000e+03 1.208880144799999925e+03 1.225300502600000073e+03 1.241715719000000036e+03 1.258125860000000102e+03 1.274530965200000082e+03 1.290931094000000030e+03 1.307326305800000000e+03 1.323716640199999802e+03 1.340102156599999944e+03 1.356482907800000021e+03 1.372858946599999854e+03 1.389230327120000084e+03 1.405597095560000071e+03 1.421959306700000070e+03 1.438317012019999993e+03 1.454670262999999977e+03 1.471019110459999865e+03 1.487363605219999954e+03 1.503703798760000154e+03
2.066509282219999932e+03 2.082723226867999983e+03 2.098934569598000053e+03 2.115143350339999870e+03 2.131349608760000137e+03 2.147553383599999961e+03 2.163754715120000128e+03 2.179953640939999786e+03 2.196150200000000041e+03 2.212344429920000039e+03 2.228536368319999838e+03 2.244726054140000088e+03 2.260913523019999957e+03 2.277098812579999958e+03 2.293281959779999852e+03 2.309463000260000172e+03 2.325641970980000224e+03 2.341818906919999790e+03 2.357993844380000155e+03 2.374166817679999895e+03 2.390337863119999838e+03 2.406507014360000085e+03 2.422674306379999962e+03 2.438839773499999865e+03 2.455003449379999893e+03 2.471165367680000145e+03 2.487325562059999811e+03 2.503484065520000058e+03 2.519640911059999780e+03 2.535796131680000144e+03 2.551949759719999747e+03 2.568101827519999915e+03 2.584252366759999859e+03 2.600401409779999994e+03 2.616548987600000146e+03 2.632695131899999978e+03 2.648839873039999929e+03 2.664983243359999960e+03 2.681125271899999916e+03 2.697265990339999917e+03 2.713405426400000124e+03 2.729543614400000024e+03 2.745680581399999937e+03 2.761816360400000121e+03 2.777950977800000146e+03 2.794084460000000036e+03 2.810216840000000047e+03 2.826348150799999985e+03 2.842478412200000093e+03 2.858607657200000176e+03
6.883257896000000073e+02 7.049230999999999767e+02 7.215135794000000260e+02 7.380972740000001977e+02 7.546742432000000917e+02 7.712445463999999902e+02 7.878082363999999416e+02 8.043653659999999945e+02 8.209160011999999824e+02 8.374601881999999478e+02 8.539979929999999513e+02 8.705294618000000355e+02 8.870546539999998004e+02 9.035736289999999826e+02 9.200864395999999488e+02 9.365931451999999808e+02 9.530937985999999000e+02 9.695884591999999884e+02 9.860771732000000611e+02 1.002560006599999952e+03 1.019037012199999936e+03 1.035508242800000062e+03 1.051973751200000152e+03 1.068433603400000038e+03 1.084887845599999991e+03 1.101336530600000060e+03 1.117779724399999850e+03 1.134217473199999858e+03 1.150649836399999913e+03 1.167076866800000062e+03 1.183498617199999899e+03 1.199915147000000161e+03 1.216326502399999981e+03 1.232732742800000096e+03 1.249133921000000100e+03 1.265530096400000048e+03 1.281921315199999981e+03 1.298307630199999949e+03 1.314689100800000006e+03 1.331065773199999967e+03 1.347437706799999887e+03 1.363804954400000042e+03 1.380167562200000020e+03 1.396525588940000034e+03 1.412879082140000037e+03 1.429228095920000214e+03 1.445572681760000023e+03 1.461912890479999987e+03 1.478248773559999790e+03 1.494580381820000184e+03
2.058586339477999900e+03 2.074793122003999997e+03 2.090997329276000073e+03 2.107199000894000164e+03 2.123398176260000128e+03 2.139594894379999914e+03 2.155789193600000090e+03 2.171981112200000098e+03 2.188170689779999975e+03 2.204357961979999800e+03 2.220542967739999767e+03 2.236725744020000093e+03 2.252906327119999787e+03 2.269084753999999975e+03 2.285261061619999964e+03 2.301435284959999990e+03 2.317607460319999973e+03 2.333777623339999991e+03 2.349945808999999826e+03 2.366112052280000171e+03 2.382276388159999897e+03 2.398438850300000013e+03 2.414599473020000005e+03 2.430758290639999814e+03 2.446915336160000152e+03 2.463070643900000050e+03 2.479224245540000084e+03 2.495376175400000193e+03 2.511526465160000043e+03 2.527675147819999893e+03 2.543822255059999861e+03 2.559967819219999910e+03 2.576111871319999864e+03 2.592254443040000297e+03 2.608395566059999965e+03 2.624535270739999760e+03 2.640673588099999961e+03 2.656810549159999937e+03 2.672946183619999829e+03 2.689080522499999915e+03 2.705213594840000042e+03 2.721345430999999735e+03 2.737476061999999729e+03 2.753605511599999772e+03 2.769733812800000123e+03 2.785860998600000130e+03 2.801987095399999816e+03 2.818112129600000117e+03 2.834236127600000145e+03 2.850359122400000160e+03
6.807034628000001248e+02 6.972925165999999990e+02 7.138747327999999470e+02 7.304501839999998083e+02 7.470189097999998467e+02 7.635809762000001228e+02 7.801364360000000033e+02 7.966853485999999975e+02 8.132277667999999267e+02 8.297637500000000728e+02 8.462933576000000357e+02 8.628166424000000916e+02 8.793336637999998402e+02 8.958444746000000123e+02 9.123491341999999804e+02 9.288476954000000205e+02 9.453402241999999660e+02 9.618267601999998533e+02 9.783073759999999766e+02 9.947821178000001510e+02 1.011251044999999976e+03 1.027714217000000190e+03 1.044171686600000157e+03 1.060623506599999928e+03 1.077069729800000005e+03 1.093510428800000000e+03 1.109945643199999950e+03 1.126375425799999903e+03 1.142799849200000153e+03 1.159218953000000056e+03 1.175632796599999892e+03 1.192041439399999945e+03 1.208444934200000034e+03 1.224843327200000203e+03 1.241236684399999831e+03 1.257625052000000096e+03 1.274008489400000144e+03 1.290387042800000017e+03 1.306760778200000004e+03 1.323129735199999914e+03 1.339493979800000034e+03 1.355853551599999946e+03 1.372208516599999939e+03 1.388558921660000124e+03 1.404904817600000115e+03 1.421246257880000030e+03 1.437583294640000076e+03 1.453915979360000165e+03 1.470244363519999979e+03 1.486568497939999816e+03
2.051717564747600136e+03 2.067918195308000122e+03 2.084116273621999881e+03 2.100311839051999868e+03 2.116504930340000101e+03 2.132695587019999948e+03 2.148883846579999954e+03 2.165069747300000017e+03 2.181253327460000037e+03 2.197434624020000228e+03 2.213613674600000195e+03 2.229790515499999856e+03 2.245965183679999882e+03 2.262137715440000193e+03 2.278308147079999799e+03 2.294476513579999846e+03 2.310642850579999958e+03 2.326807193059999918e+03 2.342969576659999802e+03 2.359130035700000008e+03 2.375288603840000178e+03 2.391445315399999799e+03 2.407600205360000018e+03 2.423753305400000045e+03 2.439904649839999820e+03 2.456054271680000056e+03 2.472202203920000102e+03 2.488348478240000077e+03 2.504493127640000239e+03 2.520636183799999799e+03 2.536777679060000082e+03 2.552917644440000004e+03 2.569056111620000138e+03 2.585193111620000309e+03 2.601328675459999886e+03 2.617462833499999761e+03 2.633595616759999757e+03 2.649727054940000016e+03 2.665857179059999908e+03 2.681986018160000185e+03 2.698113601940000081e+03 2.714239963400000306e+03 2.730365123000000040e+03 2.746489114399999835e+03 2.762611970599999950e+03 2.778733717999999953e+03 2.794854389600000104e+03 2.810973998599999959e+03 2.827092591200000243e+03 2.843210180600000058e+03
6.741436172000001079e+02 6.907255826000000525e+02 7.073007103999998435e+02 7.238690732000000025e+02 7.404307238000001234e+02 7.569857216000000335e+02 7.735341194000000087e+02 7.900759766000001036e+02 8.066113526000001457e+02 8.231402935999999499e+02 8.396628722000000380e+02 8.561791345999999976e+02 8.726891467999998895e+02 8.891929549999999836e+02 9.056906252000001132e+02 9.221822101999998722e+02 9.386677693999999974e+02 9.551473555999998553e+02 9.716210281999999552e+02 9.880888400000001184e+02 1.004550850399999945e+03 1.021007118799999944e+03 1.037457698000000164e+03 1.053902647399999978e+03 1.070342019799999889e+03 1.086775874599999952e+03 1.103204257999999982e+03 1.119627242600000045e+03 1.136044867999999951e+03 1.152457200199999988e+03 1.168864285399999972e+03 1.185266189599999962e+03 1.201662959000000001e+03 1.218054653000000144e+03 1.234441330999999991e+03 1.250823032600000033e+03 1.267199830399999883e+03 1.283571764000000030e+03 1.299938892799999849e+03 1.316301269600000069e+03 1.332658947200000057e+03 1.349011985000000095e+03 1.365360429199999999e+03 1.381704339200000049e+03 1.398043759220000084e+03 1.414378746020000108e+03 1.430709352399999943e+03 1.447035628520000046e+03 1.463357627180000009e+03 1.479675398540000060e+03
2.045908996718600065e+03 2.062104464395999912e+03 2.078297399263999978e+03 2.094487840453999979e+03 2.110675826707999931e+03 2.126861396239999976e+03 2.143044587660000161e+03 2.159225438060000215e+03 2.175403985720000037e+03 2.191580266940000001e+03 2.207754319340000166e+03 2.223926179219999995e+03 2.240095882879999863e+03 2.256263466620000145e+03 2.272428965420000168e+03 2.288592414920000010e+03 2.304753850099999909e+03 2.320913306599999942e+03 2.337070818080000208e+03 2.353226419520000036e+03 2.369380144579999978e+03 2.385532026920000135e+03 2.401682100200000150e+03 2.417830397419999827e+03 2.433976951579999877e+03 2.450121796339999946e+03 2.466264962719999858e+03 2.482406483719999869e+03 2.498546391020000101e+03 2.514684716960000060e+03 2.530821492560000024e+03 2.546956749500000114e+03 2.563090518139999858e+03 2.579222830159999830e+03 2.595353715920000013e+03 2.611483205779999935e+03 2.627611330100000032e+03 2.643738118579999991e+03 2.659863601580000250e+03 2.675987808140000197e+03 2.692110767959999976e+03 2.708232511400000021e+03 2.724353064200000063e+03 2.740472461999999723e+03 2.756590724600000158e+03 2.772707884999999806e+03 2.788823969600000055e+03 2.804939011399999799e+03 2.821053036799999973e+03 2.837166072200000144e+03
6.686534864000000198e+02 6.852295249999999669e+02 7.017987524000000121e+02 7.183612081999999646e+02 7.349169584000001123e+02 7.514660624000000553e+02 7.680085730000000694e+02 7.845445495999999821e+02 8.010740516000000753e+02 8.175971317999999428e+02 8.341138495999998668e+02 8.506242710000001352e+02 8.671284422000001086e+02 8.836264225999998416e+02 9.001182716000000710e+02 9.166040486000001692e+02 9.330838063999999576e+02 9.495576043999999456e+02 9.660254954000001817e+02 9.824875454000000445e+02 9.989438072000000375e+02 1.015394340199999988e+03 1.031839190599999938e+03 1.048278424399999949e+03 1.064712101000000075e+03 1.081140266599999904e+03 1.097562980599999946e+03 1.113980309000000034e+03 1.130392291399999976e+03 1.146799000399999841e+03 1.163200475600000118e+03 1.179596789600000193e+03 1.195987982000000102e+03 1.212374112200000127e+03 1.228755246199999874e+03 1.245131423599999835e+03 1.261502703799999836e+03 1.277869146199999932e+03 1.294230803599999945e+03 1.310587728800000150e+03 1.326939974599999914e+03 1.343287587199999962e+03 1.359630632599999899e+03 1.375969156999999996e+03 1.392303219140000010e+03 1.408632863240000006e+03 1.424958146059999990e+03 1.441279118420000032e+03 1.457595832460000111e+03 1.473908339659999911e+03
2.041166637794000053e+03 2.057357911111999783e+03 2.073546667453999817e+03 2.089732945694000136e+03 2.105916784244000155e+03 2.122098221119999835e+03 2.138277294800000163e+03 2.154454041980000056e+03 2.170628500939999867e+03 2.186800707320000129e+03 2.202970698080000147e+03 2.219138510180000139e+03 2.235304179260000183e+03 2.251467740959999901e+03 2.267629230919999827e+03 2.283788684120000198e+03 2.299946134880000045e+03 2.316101618839999901e+03 2.332255169000000024e+03 2.348406821000000036e+03 2.364556607179999901e+03 2.380704561200000171e+03 2.396850717379999878e+03 2.412995107400000052e+03 2.429137764260000040e+03 2.445278720960000101e+03 2.461418009179999899e+03 2.477555661259999852e+03 2.493691708880000078e+03 2.509826183059999948e+03 2.525959116139999878e+03 2.542090537820000009e+03 2.558220479780000005e+03 2.574348973040000146e+03 2.590476046639999822e+03 2.606601732260000063e+03 2.622726058940000257e+03 2.638849056380000093e+03 2.654970754940000006e+03 2.671091183659999842e+03 2.687210371579999901e+03 2.703328347740000027e+03 2.719445139200000085e+03 2.735560781600000155e+03 2.751675295400000323e+03 2.767788713599999937e+03 2.783901062599999932e+03 2.800012368799999877e+03 2.816122658600000250e+03 2.832231964999999946e+03
6.642391027999999551e+02 6.808104157999998733e+02 6.973749176000001171e+02 7.139326544000000467e+02 7.304836921999999504e+02 7.470280904000001101e+02 7.635658952000001136e+02 7.800971792000000278e+02 7.966219886000001225e+02 8.131403894000000037e+02 8.296524344000001747e+02 8.461581830000000082e+02 8.626576880000000074e+02 8.791510220000000118e+02 8.956382246000000578e+02 9.121193683999999848e+02 9.285944996000000629e+02 9.450636775999998918e+02 9.615269683999999870e+02 9.779844247999999425e+02 9.944360996000000341e+02 1.010882052200000089e+03 1.027322341999999935e+03 1.043757021800000075e+03 1.060186150999999882e+03 1.076609789000000092e+03 1.093027988599999844e+03 1.109440809199999876e+03 1.125848303599999781e+03 1.142250531199999841e+03 1.158647544800000105e+03 1.175039397199999939e+03 1.191426154400000087e+03 1.207807862600000135e+03 1.224184581199999911e+03 1.240556363000000147e+03 1.256923267399999986e+03 1.273285340599999927e+03 1.289642648600000030e+03 1.305995230999999876e+03 1.322343153799999982e+03 1.338686463200000162e+03 1.355025218600000017e+03 1.371359472799999821e+03 1.387689272000000074e+03 1.404014671639999960e+03 1.420335726499999964e+03 1.436652488059999996e+03 1.452965006480000056e+03 1.469273335220000035e+03
2.037494049313999994e+03 2.053682076375800079e+03 2.069867598763999922e+03 2.086050655015999837e+03 2.102231283457999780e+03 2.118409522039999956e+03 2.134585408580000149e+03 2.150758979839999938e+03 2.166930273439999837e+03 2.183099325680000220e+03 2.199266172860000097e+03 2.215430851940000139e+03 2.231593397239999831e+03 2.247753845719999845e+03 2.263912231700000120e+03 2.280068590159999985e+03 2.296222955419999835e+03 2.312375363119999747e+03 2.328525845600000139e+03 2.344674438500000178e+03 2.360821173499999986e+03 2.376966084919999957e+03 2.393109205759999895e+03 2.409250568360000216e+03 2.425390205720000267e+03 2.441528149520000170e+03 2.457664432099999885e+03 2.473799085139999988e+03 2.489932139659999848e+03 2.506063627999999881e+03 2.522193580520000069e+03 2.538322028239999781e+03 2.554449002180000207e+03 2.570574532040000122e+03 2.586698648179999964e+03 2.602821380960000170e+03 2.618942760079999971e+03 2.635062815239999964e+03 2.651181576140000288e+03 2.667299071160000040e+03 2.683415329339999971e+03 2.699530380379999770e+03 2.715644252000000051e+03 2.731756977200000165e+03 2.747868573799999922e+03 2.763979081399999814e+03 2.780088519800000086e+03 2.796196922000000086e+03 2.812304314399999839e+03 2.828410730000000058e+03
6.609057265999999800e+02 6.774735152000000653e+02 6.940344794000000093e+02 7.105886984000001121e+02 7.271362117999999555e+02 7.436770922000000610e+02 7.602113858000000164e+02 7.767391585999998824e+02 7.932604699999999411e+02 8.097753662000000077e+02 8.262839197999999215e+02 8.427861836000001858e+02 8.592822169999999460e+02 8.757720727999999326e+02 8.922558103999999730e+02 9.087334892000001219e+02 9.252051685999999791e+02 9.416709080000000540e+02 9.581307602000001680e+02 9.745847845999999208e+02 9.910330406000000494e+02 1.007475580999999920e+03 1.023912465200000042e+03 1.040343752599999789e+03 1.056769495999999890e+03 1.073189754799999946e+03 1.089604588400000011e+03 1.106014049599999908e+03 1.122418197799999916e+03 1.138817085799999859e+03 1.155210773000000017e+03 1.171599312199999986e+03 1.187982756200000040e+03 1.204361171000000013e+03 1.220734602799999948e+03 1.237103117600000132e+03 1.253466754999999921e+03 1.269825581000000057e+03 1.286179641799999899e+03 1.302529003399999965e+03 1.318873705400000063e+03 1.335213813800000025e+03 1.351549374799999896e+03 1.367880447799999956e+03 1.384207078999999794e+03 1.400529324499999802e+03 1.416847235780000119e+03 1.433160865639999884e+03 1.449470265559999916e+03 1.465775487020000128e+03
2.034893743165999922e+03 2.051079454518800048e+03 2.067262669975999870e+03 2.083443427910000082e+03 2.099621766482000112e+03 2.115797723180000048e+03 2.131971336019999853e+03 2.148142642159999923e+03 2.164311677900000177e+03 2.180478480199999922e+03 2.196643084700000145e+03 2.212805528360000153e+03 2.228965845499999887e+03 2.245124072420000175e+03 2.261280244099999891e+03 2.277434394859999884e+03 2.293586559020000095e+03 2.309736770900000010e+03 2.325885064820000025e+03 2.342031474440000238e+03 2.358176032100000157e+03 2.374318772120000176e+03 2.390459726839999803e+03 2.406598927940000067e+03 2.422736409739999999e+03 2.438872202600000037e+03 2.455006338860000142e+03 2.471138850199999979e+03 2.487269768300000123e+03 2.503399123520000103e+03 2.519526947540000037e+03 2.535653271380000206e+03 2.551778124079999998e+03 2.567901537319999989e+03 2.584023540140000023e+03 2.600144163559999924e+03 2.616263435959999697e+03 2.632381387700000232e+03 2.648498047820000011e+03 2.664613445359999787e+03 2.680727610020000157e+03 2.696840568860000076e+03 2.712952349600000161e+03 2.729062989200000175e+03 2.745172500199999831e+03 2.761280928799999856e+03 2.777388288199999806e+03 2.793494611399999940e+03 2.809599924799999826e+03 2.825704261400000178e+03
6.586576873999999862e+02 6.752231329999999616e+02 6.917817740000000413e+02 7.083336566000000403e+02 7.248788468000000194e+02 7.414173973999997997e+02 7.579493677999998908e+02 7.744748239999998987e+02 7.909938188000000991e+02 8.075064115999998648e+02 8.240126551999999265e+02 8.405126156000001174e+02 8.570063455999998041e+02 8.734939045999999507e+02 8.899753586000001633e+02 9.064507538000000295e+02 9.229201495999998315e+02 9.393836119999998573e+02 9.558411937999999282e+02 9.722929478000000927e+02 9.887389465999999629e+02 1.005179229800000030e+03 1.021613870000000134e+03 1.038042913400000089e+03 1.054466419399999950e+03 1.070884454000000005e+03 1.087297063399999843e+03 1.103704306999999972e+03 1.120106244199999992e+03 1.136502927800000180e+03 1.152894417200000134e+03 1.169280765200000133e+03 1.185662031200000001e+03 1.202038274600000022e+03 1.218409541600000011e+03 1.234775891599999795e+03 1.251137377399999878e+03 1.267494058400000085e+03 1.283845980800000007e+03 1.300193210599999929e+03 1.316535800600000130e+03 1.332873790399999962e+03 1.349207252599999947e+03 1.365536220200000116e+03 1.381860765800000081e+03 1.398180930980000085e+03 1.414496769860000086e+03 1.430808335900000202e+03 1.447115680580000117e+03 1.463418854720000127e+03
2.033368350835999991e+03 2.049552663510200091e+03 2.065734485515999950e+03 2.081913855272000092e+03 2.098090810814000179e+03 2.114265389959999993e+03 2.130437629340000058e+03 2.146607567300000028e+03 2.162775239479999982e+03 2.178940682179999840e+03 2.195103932359999817e+03 2.211265025659999992e+03 2.227423997719999988e+03 2.243580882860000202e+03 2.259735716719999800e+03 2.275888533620000089e+03 2.292039368539999941e+03 2.308188254480000069e+03 2.324335226419999799e+03 2.340480316700000003e+03 2.356623559640000167e+03 2.372764987579999797e+03 2.388904632859999765e+03 2.405042529140000170e+03 2.421178708100000222e+03 2.437313201420000041e+03 2.453446041440000045e+03 2.469577258520000214e+03 2.485706885659999898e+03 2.501834952560000147e+03 2.517961490239999875e+03 2.534086529719999817e+03 2.550210101359999953e+03 2.566332235519999813e+03 2.582452961240000150e+03 2.598572309539999878e+03 2.614690308799999912e+03 2.630806989380000232e+03 2.646922380320000229e+03 2.663036509999999907e+03 2.679149408119999862e+03 2.695261103060000096e+03 2.711371623199999704e+03 2.727480995599999915e+03 2.743589252599999782e+03 2.759696414000000004e+03 2.775802519400000165e+03 2.791907588600000054e+03 2.808011648000000150e+03 2.824114730599999803e+03
6.574980014000000210e+02 6.740623184000000947e+02 6.906198242000000391e+02 7.071705715999999029e+02 7.237146331999999802e+02 7.402520551999998588e+02 7.567829036000000542e+02 7.733072311999999329e+02 7.898250974000000042e+02 8.063365681999998742e+02 8.228416898000000401e+02 8.393405348000001140e+02 8.558331494000001385e+02 8.723195929999999407e+02 8.887999316000000363e+02 9.052742114000000129e+02 9.217425049999999374e+02 9.382048586000000796e+02 9.546613382000000456e+02 9.711119899999998779e+02 9.875568865999998707e+02 1.003996080800000072e+03 1.020429625400000077e+03 1.036857579800000167e+03 1.053279996799999935e+03 1.069696949000000131e+03 1.086108475999999882e+03 1.102514643800000158e+03 1.118915505200000098e+03 1.135311119599999984e+03 1.151701539799999864e+03 1.168086825200000021e+03 1.184467028600000049e+03 1.200842209400000002e+03 1.217212426999999934e+03 1.233577727599999889e+03 1.249938164000000143e+03 1.266293802200000073e+03 1.282644688399999950e+03 1.298990888599999835e+03 1.315332442399999991e+03 1.331669409199999791e+03 1.348001841799999966e+03 1.364329792999999881e+03 1.380653322199999820e+03 1.396972474279999915e+03 1.413287306000000171e+03 1.429597868840000046e+03 1.445904213620000064e+03 1.462206392479999977e+03
2.032917315416000065e+03 2.049101137630999801e+03 2.065282471183999860e+03 2.081461354388000018e+03 2.097637825226000132e+03 2.113811921384000016e+03 2.129983680020000065e+03 2.146153138820000095e+03 2.162320333159999791e+03 2.178485300660000121e+03 2.194648076960000253e+03 2.210808697699999811e+03 2.226967198520000238e+03 2.243123614399999951e+03 2.259277980320000097e+03 2.275430331260000003e+03 2.291580700880000222e+03 2.307729124160000083e+03 2.323875633440000001e+03 2.340020263039999918e+03 2.356163046619999932e+03 2.372304016520000005e+03 2.388443205080000098e+03 2.404580645959999856e+03 2.420716370180000013e+03 2.436850410080000074e+03 2.452982797340000161e+03 2.469113563639999938e+03 2.485242740000000140e+03 2.501370358099999976e+03 2.517496447640000042e+03 2.533621039640000163e+03 2.549744164459999865e+03 2.565865853119999883e+03 2.581986133999999765e+03 2.598105038120000245e+03 2.614222594519999802e+03 2.630338832240000102e+03 2.646453780979999920e+03 2.662567469780000010e+03 2.678679927680000219e+03 2.694791182400000253e+03 2.710901260999999977e+03 2.727010197800000242e+03 2.743118012599999929e+03 2.759224744999999984e+03 2.775330408199999965e+03 2.791435041799999908e+03 2.807538665600000058e+03 2.823641305999999986e+03
6.574289125999998760e+02 6.739932956000000104e+02 6.905508740000000216e+02 7.071016939999999522e+02 7.236458216000000903e+02 7.401833162000000357e+02 7.567142371999998431e+02 7.732386374000000160e+02 7.897565761999999268e+02 8.062681130000000849e+02 8.227733071999998629e+02 8.392722115999999914e+02 8.557648987999998553e+02 8.722514084000001731e+02 8.887318129999998746e+02 9.052061653999999180e+02 9.216745249999999032e+02 9.381369445999998788e+02 9.545934901999999056e+02 9.710442146000000321e+02 9.874891772000000856e+02 1.003928430800000115e+03 1.020362041399999953e+03 1.036790061799999876e+03 1.053212544800000160e+03 1.069629556400000183e+03 1.086041149399999995e+03 1.102447376600000098e+03 1.118848304000000098e+03 1.135243977800000039e+03 1.151634463999999980e+03 1.168019808800000192e+03 1.184400078200000053e+03 1.200775325000000066e+03 1.217145595400000047e+03 1.233510955400000057e+03 1.249871457799999916e+03 1.266227155399999901e+03 1.282578101000000061e+03 1.298924353999999994e+03 1.315265967199999977e+03 1.331602993400000059e+03 1.347935478800000055e+03 1.364263489399999798e+03 1.380587078000000020e+03 1.396906286179999825e+03 1.413221174000000019e+03 1.429531792279999991e+03 1.445838191840000036e+03 1.462140425479999976e+03
2.033540490055999953e+03 2.049724727490200166e+03 2.065906474916000207e+03 2.082085770619999948e+03 2.098262652704000175e+03 2.114437158920000002e+03 2.130609326360000068e+03 2.146779191720000199e+03 2.162946792619999997e+03 2.179112165359999835e+03 2.195275345579999794e+03 2.211436368919999950e+03 2.227595271680000224e+03 2.243752088180000101e+03 2.259906854060000114e+03 2.276059602979999909e+03 2.292210370580000017e+03 2.308359190520000084e+03 2.324506095799999912e+03 2.340651120739999897e+03 2.356794298339999841e+03 2.372935661600000003e+03 2.389075242859999889e+03 2.405213075780000054e+03 2.421349191379999866e+03 2.437483621339999900e+03 2.453616399319999800e+03 2.469747555020000163e+03 2.485877120119999745e+03 2.502005125640000188e+03 2.518131603259999792e+03 2.534256582680000065e+03 2.550380094260000078e+03 2.566502169020000110e+03 2.582622836000000007e+03 2.598742125560000204e+03 2.614860067399999934e+03 2.630976689900000110e+03 2.647092023420000260e+03 2.663206096339999931e+03 2.679318938360000175e+03 2.695430576539999947e+03 2.711541038600000320e+03 2.727650358200000028e+03 2.743758562400000301e+03 2.759865671000000020e+03 2.775971716999999899e+03 2.792076733400000194e+03 2.808180739999999787e+03 2.824283769799999845e+03
6.584506453999999849e+02 6.750163021999999273e+02 6.915751411999999618e+02 7.081272283999999217e+02 7.246726166000000831e+02 7.412113717999998244e+02 7.577435401999998703e+02 7.742691944000000603e+02 7.907883871999999883e+02 8.073011713999999301e+02 8.238076129999999466e+02 8.403077647999998590e+02 8.568016861999999492e+02 8.732894366000000446e+02 8.897710753999999724e+02 9.062466620000000148e+02 9.227162491999999929e+02 9.391798963999999614e+02 9.556376629999999750e+02 9.720896084000000883e+02 9.885357853999998952e+02 1.004976253400000132e+03 1.021411071799999945e+03 1.037840293400000064e+03 1.054263977600000089e+03 1.070682190399999854e+03 1.087094978000000083e+03 1.103502393199999915e+03 1.119904508600000099e+03 1.136301363799999990e+03 1.152693024799999876e+03 1.169079550999999810e+03 1.185460988599999837e+03 1.201837397000000010e+03 1.218208829000000151e+03 1.234575343999999859e+03 1.250937001400000099e+03 1.267293847400000004e+03 1.283645941400000083e+03 1.299993329599999925e+03 1.316336077999999816e+03 1.332674232800000027e+03 1.349007853399999931e+03 1.365336985999999797e+03 1.381661689999999908e+03 1.397982010940000009e+03 1.414298006900000019e+03 1.430609729360000074e+03 1.446917228480000176e+03 1.463220557059999919e+03
2.035236487699999998e+03 2.051422048579399871e+03 2.067605114672000127e+03 2.083785724435999782e+03 2.099963915960000122e+03 2.116139727260000200e+03 2.132313194899999871e+03 2.148484357159999945e+03 2.164653250339999886e+03 2.180819910740000068e+03 2.196984375319999799e+03 2.213146679059999769e+03 2.229306858259999899e+03 2.245464947240000129e+03 2.261620982299999923e+03 2.277774997760000133e+03 2.293927027279999947e+03 2.310077106499999900e+03 2.326225267759999952e+03 2.342371545380000043e+03 2.358515973020000274e+03 2.374658583020000151e+03 2.390799409039999773e+03 2.406938482760000170e+03 2.423075837180000235e+03 2.439211503980000089e+03 2.455345515500000147e+03 2.471477902759999779e+03 2.487608697440000014e+03 2.503737931220000064e+03 2.519865633800000069e+03 2.535991836199999852e+03 2.552116569440000148e+03 2.568239863880000030e+03 2.584361749220000092e+03 2.600482254499999726e+03 2.616601411399999961e+03 2.632719247640000049e+03 2.648835792920000131e+03 2.664951076939999894e+03 2.681065127419999953e+03 2.697177974719999838e+03 2.713289649199999985e+03 2.729400169999999889e+03 2.745509575399999903e+03 2.761617891800000052e+03 2.777725145599999905e+03 2.793831363199999942e+03 2.809936571000000185e+03 2.826040801999999985e+03
6.605637343999999302e+02 6.771318595999998706e+02 6.936931670000001304e+02 7.102477160000000822e+02 7.267955660000000080e+02 7.433367763999999625e+02 7.598714066000000003e+02 7.763995027999999365e+02 7.929211376000000655e+02 8.094363637999999810e+02 8.259452408000001924e+02 8.424478214000000662e+02 8.589441716000001179e+02 8.754343442000001687e+02 8.919183985999998185e+02 9.083963942000000316e+02 9.248683837999999469e+02 9.413344267999998465e+02 9.577945892000000185e+02 9.742489172000000508e+02 9.906974768000000040e+02 1.007140314200000148e+03 1.023577501999999868e+03 1.040009086399999887e+03 1.056435126800000035e+03 1.072855682599999909e+03 1.089270806600000014e+03 1.105680558200000178e+03 1.122084996799999999e+03 1.138484175200000209e+03 1.154878146199999946e+03 1.171266969199999949e+03 1.187650697000000036e+03 1.204029395600000043e+03 1.220403104600000006e+03 1.236771896599999991e+03 1.253135811200000035e+03 1.269494907799999964e+03 1.285849245800000062e+03 1.302198877999999922e+03 1.318543850600000042e+03 1.334884229599999799e+03 1.351220054599999912e+03 1.367551391599999988e+03 1.383878286799999842e+03 1.400200793660000045e+03 1.416518965640000033e+03 1.432832854220000172e+03 1.449142511539999987e+03 1.465447989080000070e+03
2.038003122097999949e+03 2.054190923136200126e+03 2.070376221229999828e+03 2.086559054996000214e+03 2.102739462602000003e+03 2.118917481800000132e+03 2.135093151200000193e+03 2.151266506639999989e+03 2.167437585740000031e+03 2.183606425460000082e+03 2.199773062100000061e+03 2.215937531300000046e+03 2.232099869359999957e+03 2.248260111260000031e+03 2.264418292639999891e+03 2.280574447819999932e+03 2.296728612439999779e+03 2.312880819500000143e+03 2.329031103979999898e+03 2.345179498880000210e+03 2.361326038520000111e+03 2.377470755899999858e+03 2.393613683359999868e+03 2.409754854560000240e+03 2.425894301840000026e+03 2.442032056879999800e+03 2.458168152019999980e+03 2.474302618939999775e+03 2.490435489319999760e+03 2.506566794180000215e+03 2.522696565199999895e+03 2.538824832079999851e+03 2.554951626500000202e+03 2.571076978160000181e+03 2.587200918080000065e+03 2.603323475299999700e+03 2.619444680179999978e+03 2.635564561759999833e+03 2.651683150400000159e+03 2.667800475139999890e+03 2.683916564359999938e+03 2.700031447100000150e+03 2.716145152399999915e+03 2.732257705999999871e+03 2.748369144199999937e+03 2.764479486799999904e+03 2.780588766800000030e+03 2.796697004000000106e+03 2.812804237999999714e+03 2.828910488600000008e+03
6.637665955999998459e+02 6.803383903999999802e+02 6.969033607999999731e+02 7.134615661999998792e+02 7.300130725999999868e+02 7.465579328000001169e+02 7.630961995999998635e+02 7.796279390000001968e+02 7.961532037999998010e+02 8.126720534000000953e+02 8.291845538000000033e+02 8.456907445999997890e+02 8.621907049999999799e+02 8.786844745999999304e+02 8.951721194000001560e+02 9.116536988000000292e+02 9.281292590000000473e+02 9.445988726000000497e+02 9.610625923999998577e+02 9.775204711999999745e+02 9.939725750000000062e+02 1.010418949999999995e+03 1.026859655599999996e+03 1.043294751200000064e+03 1.059724296200000026e+03 1.076148349999999937e+03 1.092566958800000066e+03 1.108980182000000013e+03 1.125388078999999834e+03 1.141790709200000038e+03 1.158188125399999990e+03 1.174580380399999967e+03 1.190967527000000018e+03 1.207349631199999976e+03 1.223726739199999884e+03 1.240098910400000022e+03 1.256466197599999987e+03 1.272828660199999831e+03 1.289186344400000053e+03 1.305539309600000024e+03 1.321887608600000021e+03 1.338231294199999866e+03 1.354570419199999833e+03 1.370905043000000205e+03 1.387235211799999888e+03 1.403560976419999861e+03 1.419882395600000109e+03 1.436199518180000041e+03 1.452512396959999933e+03 1.468821082760000081e+03
2.041837252217600053e+03 2.058028223612000147e+03 2.074216680445999827e+03 2.090402661422000165e+03 2.106586205017999873e+03 2.122767349579999973e+03 2.138946132200000193e+03 2.155122591620000094e+03 2.171296763480000209e+03 2.187468686059999982e+03 2.203638395659999787e+03 2.219805927920000158e+03 2.235971319799999947e+03 2.252134605620000002e+03 2.268295822340000086e+03 2.284455004280000139e+03 2.300612185760000102e+03 2.316767401760000212e+03 2.332920687259999795e+03 2.349072075260000020e+03 2.365221600079999916e+03 2.381369294719999743e+03 2.397515192840000054e+03 2.413659327440000197e+03 2.429801730199999838e+03 2.445942434779999985e+03 2.462081472859999849e+03 2.478218876779999846e+03 2.494354677559999800e+03 2.510488907540000127e+03 2.526621597079999901e+03 2.542752777199999855e+03 2.558882479580000108e+03 2.575010734579999735e+03 2.591137572560000081e+03 2.607263023219999923e+03 2.623387116920000153e+03 2.639509883360000003e+03 2.655631352899999911e+03 2.671751553260000037e+03 2.687870514799999910e+03 2.703988266559999829e+03 2.720104835600000115e+03 2.736220253599999978e+03 2.752334549600000173e+03 2.768447750000000269e+03 2.784559881199999836e+03 2.800670969599999808e+03 2.816781048199999987e+03 2.832890143399999943e+03
6.680564438000001246e+02 6.846330961999999545e+02 7.012029241999998703e+02 7.177659871999999268e+02 7.343223379999999452e+02 7.508720359999999800e+02 7.674151406000000861e+02 7.839517045999998572e+02 8.004817940000000362e+02 8.170054549999999836e+02 8.335227535999999873e+02 8.500337491999998747e+02 8.665384879999999157e+02 8.830370360000001710e+02 8.995294526000000133e+02 9.160157905999999457e+02 9.324961094000000230e+02 9.489704618000000664e+02 9.654389071999999032e+02 9.819015116000000489e+02 9.983583146000000852e+02 1.014809388799999851e+03 1.031254780400000072e+03 1.047694548800000121e+03 1.064128760000000057e+03 1.080557453599999917e+03 1.096980695599999990e+03 1.113398545399999875e+03 1.129811055799999849e+03 1.146218272999999954e+03 1.162620269600000029e+03 1.179017091799999889e+03 1.195408792400000038e+03 1.211795430799999849e+03 1.228177066400000058e+03 1.244553745400000025e+03 1.260925527200000033e+03 1.277292457999999897e+03 1.293654610399999910e+03 1.310012017399999877e+03 1.326364744999999857e+03 1.342712845999999900e+03 1.359056373200000053e+03 1.375395372800000132e+03 1.391729908159999923e+03 1.408060024160000012e+03 1.424385774920000131e+03 1.440707213239999874e+03 1.457024389939999992e+03 1.473337357160000010e+03
2.046735173195000016e+03 2.062930262798000058e+03 2.079122822587999963e+03 2.095312891405999835e+03 2.111500508126000113e+03 2.127685711160000210e+03 2.143868538260000150e+03 2.160049027640000077e+03 2.176227216920000046e+03 2.192403142399999979e+03 2.208576841699999932e+03 2.224748350459999983e+03 2.240917706300000191e+03 2.257084944199999882e+03 2.273250100459999885e+03 2.289413209400000142e+03 2.305574307320000116e+03 2.321733427879999908e+03 2.337890606720000051e+03 2.354045877499999733e+03 2.370199274539999806e+03 2.386350830840000071e+03 2.402500580720000016e+03 2.418648557179999898e+03 2.434794792560000133e+03 2.450939320519999910e+03 2.467082172739999805e+03 2.483223382220000076e+03 2.499362979980000091e+03 2.515500998359999812e+03 2.531637469039999814e+03 2.547772423039999921e+03 2.563905890720000116e+03 2.580037904419999904e+03 2.596168493180000041e+03 2.612297688680000192e+03 2.628425520620000043e+03 2.644552018700000190e+03 2.660677213280000160e+03 2.676801133400000253e+03 2.692923808759999702e+03 2.709045268400000168e+03 2.725165543999999954e+03 2.741284658000000036e+03 2.757402643399999761e+03 2.773519533200000296e+03 2.789635347200000069e+03 2.805750118400000247e+03 2.821863873199999944e+03 2.837976644599999872e+03
6.734298667999998997e+02 6.900125648000000638e+02 7.065884384000000864e+02 7.231575337999997828e+02 7.397199169999998958e+02 7.562756342000000132e+02 7.728247514000001956e+02 7.893673280000000432e+02 8.059034101999998256e+02 8.224330706000000646e+02 8.389563488000001144e+02 8.554733108000000357e+02 8.719840159999998832e+02 8.884885237999999390e+02 9.049868804000000182e+02 9.214791451999999481e+02 9.379653842000000168e+02 9.544456435999998121e+02 9.709199894000000768e+02 9.873884744000001774e+02 1.003851151399999935e+03 1.020308079800000087e+03 1.036759312399999999e+03 1.053204915199999959e+03 1.069644934400000011e+03 1.086079435999999987e+03 1.102508466199999930e+03 1.118932084399999894e+03 1.135350343399999929e+03 1.151763302599999861e+03 1.168171021399999972e+03 1.184573546000000078e+03 1.200970935800000007e+03 1.217363250200000039e+03 1.233750535399999990e+03 1.250132850799999915e+03 1.266510249200000089e+03 1.282882783399999880e+03 1.299250512800000024e+03 1.315613483600000109e+03 1.331971755199999961e+03 1.348325380400000086e+03 1.364674412000000075e+03 1.381018896199999972e+03 1.397358895039999879e+03 1.413694456700000046e+03 1.430025633980000066e+03 1.446352477700000009e+03 1.462675040000000081e+03 1.478993373020000035e+03
2.052692236359800063e+03 2.068892413057999875e+03 2.085090040789999875e+03 2.101285159003999979e+03 2.117477806639999926e+03 2.133668022440000186e+03 2.149855844419999812e+03 2.166041311519999908e+03 2.182224460039999940e+03 2.198405328920000102e+03 2.214583954459999859e+03 2.230760373619999882e+03 2.246934623359999932e+03 2.263106739320000088e+03 2.279276757799999814e+03 2.295444714440000098e+03 2.311610644219999813e+03 2.327774583440000242e+03 2.343936565760000121e+03 2.360096626160000142e+03 2.376254799620000085e+03 2.392411118479999914e+03 2.408565618380000160e+03 2.424718331659999876e+03 2.440869291980000071e+03 2.457018532340000093e+03 2.473166085079999903e+03 2.489311983200000213e+03 2.505456259040000077e+03 2.521598944280000069e+03 2.537740071260000150e+03 2.553879671000000144e+03 2.570017774519999875e+03 2.586154413499999919e+03 2.602289618960000098e+03 2.618423421919999782e+03 2.634555851420000181e+03 2.650686939140000050e+03 2.666816714779999984e+03 2.682945207380000284e+03 2.699072447959999863e+03 2.715198461599999973e+03 2.731323291199999858e+03 2.747446946000000025e+03 2.763569465600000058e+03 2.779690883000000213e+03 2.795811217999999826e+03 2.811930503600000065e+03 2.828048772799999824e+03 2.844166038800000024e+03
6.798823832000000493e+02 6.964723016000000371e+02 7.130553890000001047e+02 7.296316982000000735e+02 7.462012819999999920e+02 7.627641931999999088e+02 7.793204977999998846e+02 7.958702551999999741e+02 8.124135049999999865e+02 8.289503197999999884e+02 8.454807524000000285e+02 8.620048622000001615e+02 8.785226953999999751e+02 8.950343180000002121e+02 9.115397828000000118e+02 9.280391492000001108e+02 9.445324700000001030e+02 9.610198046000000431e+02 9.775012057999999797e+02 9.939767329999999674e+02 1.010446439000000055e+03 1.026910383200000069e+03 1.043368618400000059e+03 1.059821204000000080e+03 1.076268199399999958e+03 1.092709644200000184e+03 1.109145610999999917e+03 1.125576152600000114e+03 1.142001315200000136e+03 1.158421158200000036e+03 1.174835740999999871e+03 1.191245109800000137e+03 1.207649330599999985e+03 1.224048449599999913e+03 1.240442519599999969e+03 1.256831606599999986e+03 1.273215750200000002e+03 1.289595016400000077e+03 1.305969444800000019e+03 1.322339108000000124e+03 1.338704038999999966e+03 1.355064310400000068e+03 1.371419955200000004e+03 1.387771045999999842e+03 1.404117617119999977e+03 1.420459731259999899e+03 1.436797438579999834e+03 1.453130789899999854e+03 1.469459836699999869e+03 1.485784630460000017e+03
2.059701191413999823e+03 2.075907446270000037e+03 2.092111129634000008e+03 2.108312280973999805e+03 2.124510939560000224e+03 2.140707144200000130e+03 2.156900934559999769e+03 2.173092347599999812e+03 2.189281422259999999e+03 2.205468195500000093e+03 2.221652705599999990e+03 2.237834989519999908e+03 2.254015084220000062e+03 2.270193025999999918e+03 2.286368851159999849e+03 2.302542596000000231e+03 2.318714296160000231e+03 2.334883986620000087e+03 2.351051703680000173e+03 2.367217481000000134e+03 2.383381353560000207e+03 2.399543356340000173e+03 2.415703522339999836e+03 2.431861886539999887e+03 2.448018481940000129e+03 2.464173342199999752e+03 2.480326500319999923e+03 2.496477988640000149e+03 2.512627840160000233e+03 2.528776087220000136e+03 2.544922761499999979e+03 2.561067896000000019e+03 2.577211521080000239e+03 2.593353669080000145e+03 2.609494371020000017e+03 2.625633657920000132e+03 2.641771560140000020e+03 2.657908108040000116e+03 2.674043332639999790e+03 2.690177264299999933e+03 2.706309932059999937e+03 2.722441367599999921e+03 2.738571595999999772e+03 2.754700649599999906e+03 2.770828561400000126e+03 2.786955357800000002e+03 2.803081058599999778e+03 2.819205703399999948e+03 2.835329325199999857e+03 2.851451937199999975e+03
6.874071355999999469e+02 7.040054492000001574e+02 7.205969251999999869e+02 7.371816097999999329e+02 7.537595624000000498e+02 7.703308423999999377e+02 7.868955091999998785e+02 8.034536090000001423e+02 8.200052012000001014e+02 8.365503517999998166e+02 8.530891004000000066e+02 8.696215195999998286e+02 8.861476556000000073e+02 9.026675677999999152e+02 9.191813090000000557e+02 9.356889385999998012e+02 9.521905160000001160e+02 9.686860873999999058e+02 9.851757122000001345e+02 1.001659449799999948e+03 1.018137353000000076e+03 1.034609481200000118e+03 1.051075880599999891e+03 1.067536617199999910e+03 1.083991737199999989e+03 1.100441299999999956e+03 1.116885365000000093e+03 1.133323978399999987e+03 1.149757199599999922e+03 1.166185087999999951e+03 1.182607689800000117e+03 1.199025057800000013e+03 1.215437257999999929e+03 1.231844336600000133e+03 1.248246346399999993e+03 1.264643346800000018e+03 1.281035384000000022e+03 1.297422517400000061e+03 1.313804799800000183e+03 1.330182283999999981e+03 1.346555022800000188e+03 1.362923068999999941e+03 1.379286468799999966e+03 1.395645286880000185e+03 1.411999566139999843e+03 1.428349360700000034e+03 1.444694722039999988e+03 1.461035702959999981e+03 1.477372353620000013e+03 1.493704724839999926e+03
2.067758695483999873e+03 2.083972043492000012e+03 2.100182793410000158e+03 2.116390985300000011e+03 2.132596657640000103e+03 2.148799851679999847e+03 2.165000604379999913e+03 2.181198956000000180e+03 2.197394943499999954e+03 2.213588606480000180e+03 2.229779981239999870e+03 2.245969106059999831e+03 2.262156018560000120e+03 2.278340754379999908e+03 2.294523351800000000e+03 2.310703845800000181e+03 2.326882272679999915e+03 2.343058668740000030e+03 2.359233068959999855e+03 2.375405509639999764e+03 2.391576024439999856e+03 2.407744648339999912e+03 2.423911416980000013e+03 2.440076362700000118e+03 2.456239521139999852e+03 2.472400924640000085e+03 2.488560608180000145e+03 2.504718603440000152e+03 2.520874943419999909e+03 2.537029661779999969e+03 2.553182790859999841e+03 2.569334362340000098e+03 2.585484407899999951e+03 2.601632960540000113e+03 2.617780050620000111e+03 2.633925709820000066e+03 2.650069969820000097e+03 2.666212860980000187e+03 2.682354413659999864e+03 2.698494658880000316e+03 2.714633627000000160e+03 2.730771346399999857e+03 2.746907851400000254e+03 2.763043161800000235e+03 2.779177323800000067e+03 2.795310350599999765e+03 2.811442275200000040e+03 2.827573130599999786e+03 2.843702943199999936e+03 2.859831745999999839e+03
6.959973457999999482e+02 7.126052096000000802e+02 7.292062160000000404e+02 7.458004375999998956e+02 7.623879139999999097e+02 7.789687112000001434e+02 7.955428819999999632e+02 8.121104858000001059e+02 8.286715753999999379e+02 8.452262036000001899e+02 8.617744364000000132e+02 8.783163134000001264e+02 8.948519072000001415e+02 9.113812574000000950e+02 9.279044366000000537e+02 9.444214844000000539e+02 9.609324601999999231e+02 9.774374299999999494e+02 9.939364333999999417e+02 1.010429536399999961e+03 1.026916791800000055e+03 1.043398245800000041e+03 1.059873970999999983e+03 1.076344007000000147e+03 1.092808413199999904e+03 1.109267242399999986e+03 1.125720553999999993e+03 1.142168394199999966e+03 1.158610828999999967e+03 1.175047904600000038e+03 1.191479673800000000e+03 1.207906195999999909e+03 1.224327523999999812e+03 1.240743710600000213e+03 1.257154802000000018e+03 1.273560864199999969e+03 1.289961943400000109e+03 1.306358092400000032e+03 1.322749364000000014e+03 1.339135811000000103e+03 1.355517492800000127e+03 1.371894448999999895e+03 1.388266743619999943e+03 1.404634422860000086e+03 1.420997539519999918e+03 1.437356145080000033e+03 1.453710291020000113e+03 1.470060028819999843e+03 1.486405408640000132e+03 1.502746481959999983e+03
2.076854425225999876e+03 2.093075904566000190e+03 2.109294755588000044e+03 2.125511018419999800e+03 2.141724732860000131e+03 2.157935937979999835e+03 2.174144674040000154e+03 2.190350979320000079e+03 2.206554892759999802e+03 2.222756452640000134e+03 2.238955696580000222e+03 2.255152663519999805e+03 2.271347389760000169e+03 2.287539913579999848e+03 2.303730271280000125e+03 2.319918499819999852e+03 2.336104634840000017e+03 2.352288713959999768e+03 2.368470772159999797e+03 2.384650845080000181e+03 2.400828968360000090e+03 2.417005176319999919e+03 2.433179504599999746e+03 2.449351987519999966e+03 2.465522659400000066e+03 2.481691553900000144e+03 2.497858705340000142e+03 2.514024146719999862e+03 2.530187911699999859e+03 2.546350033279999934e+03 2.562510544459999892e+03 2.578669476920000307e+03 2.594826864319999913e+03 2.610982737679999900e+03 2.627137130000000070e+03 2.643290071639999951e+03 2.659441594939999959e+03 2.675591730919999918e+03 2.691740510600000107e+03 2.707887964340000053e+03 2.724034125799999856e+03 2.740179019400000016e+03 2.756322678800000176e+03 2.772465130399999907e+03 2.788606413800000155e+03 2.804746548799999800e+03 2.820885568400000011e+03 2.837023505600000135e+03 2.853160380199999963e+03 2.869296225199999753e+03
7.056924554000001990e+02 7.223109716000001299e+02 7.389226370000001225e+02 7.555275110000000041e+02 7.721256398000000445e+02 7.887170894000000771e+02 8.053019059999999172e+02 8.218801556000000801e+02 8.384518777999999202e+02 8.550171451999999590e+02 8.715759974000000057e+02 8.881285003999998935e+02 9.046747070000001258e+02 9.212146634000000631e+02 9.377484355999999934e+02 9.542760763999999654e+02 9.707976320000000214e+02 9.873131683999999950e+02 1.003822731799999929e+03 1.020326381600000104e+03 1.036824164000000110e+03 1.053316145000000006e+03 1.069802370800000062e+03 1.086282900799999879e+03 1.102757781199999954e+03 1.119227071400000113e+03 1.135690824199999952e+03 1.152149092399999972e+03 1.168601935400000002e+03 1.185049392800000078e+03 1.201491537200000039e+03 1.217928408199999922e+03 1.234360058600000002e+03 1.250786547799999880e+03 1.267207928599999832e+03 1.283624247199999900e+03 1.300035562999999911e+03 1.316441922200000135e+03 1.332843384199999946e+03 1.349239995200000067e+03 1.365631814600000098e+03 1.382018888600000082e+03 1.398401264719999972e+03 1.414779001699999981e+03 1.431152148379999971e+03 1.447520756240000082e+03 1.463884876099999929e+03 1.480244558119999965e+03 1.496599853120000034e+03 1.512950811919999978e+03
2.086980263299999933e+03 2.103210929773999851e+03 2.119438933939999970e+03 2.135664316519999829e+03 2.151887117180000132e+03 2.168107376179999846e+03 2.184325133119999919e+03 2.200540426279999792e+03 2.216753295259999959e+03 2.232963778339999863e+03 2.249171914460000153e+03 2.265377741239999978e+03 2.281581296960000145e+03 2.297782619239999804e+03 2.313981745040000078e+03 2.330178711319999820e+03 2.346373554379999860e+03 2.362566311839999798e+03 2.378757018679999874e+03 2.394945711859999847e+03 2.411132426359999954e+03 2.427317197819999819e+03 2.443500061879999976e+03 2.459681052859999909e+03 2.475860205080000014e+03 2.492037553520000074e+03 2.508213132500000029e+03 2.524386975020000136e+03 2.540559116060000179e+03 2.556729587960000117e+03 2.572898423720000210e+03 2.589065657659999943e+03 2.605231320800000049e+03 2.621395446800000173e+03 2.637558067339999980e+03 2.653719214759999886e+03 2.669878920080000171e+03 2.686037215639999886e+03 2.702194133120000060e+03 2.718349704199999906e+03 2.734503956600000038e+03 2.750656922000000122e+03 2.766808633399999962e+03 2.782959123800000270e+03 2.799108412999999928e+03 2.815256540599999880e+03 2.831403533000000152e+03 2.847549423200000092e+03 2.863694230999999945e+03 2.879837996000000203e+03
7.164501715999999760e+02 7.330804292000000260e+02 7.497038425999999163e+02 7.663204579999999169e+02 7.829303348000000824e+02 7.995335324000000128e+02 8.161300969999999779e+02 8.327200880000000325e+02 8.493035581999999977e+02 8.658805669999999282e+02 8.824511606000000938e+02 8.990153983999998673e+02 9.155733398000002126e+02 9.321250244000000293e+02 9.486705248000000665e+02 9.652098806000001332e+02 9.817431511999998293e+02 9.982703894000001128e+02 1.014791648000000123e+03 1.031306979800000136e+03 1.047816444199999978e+03 1.064320093999999926e+03 1.080817975400000023e+03 1.097310141200000089e+03 1.113796657400000186e+03 1.130277563600000121e+03 1.146752919199999951e+03 1.163222776999999951e+03 1.179687189799999942e+03 1.196146203799999967e+03 1.212599885000000086e+03 1.229048272999999881e+03 1.245491420600000083e+03 1.261929393800000071e+03 1.278362232200000108e+03 1.294789988600000015e+03 1.311212715799999842e+03 1.327630473199999869e+03 1.344043300400000135e+03 1.360451256800000010e+03 1.376854395199999999e+03 1.393252759160000096e+03 1.409646405440000080e+03 1.426035382879999815e+03 1.442419742959999894e+03 1.458799535180000021e+03 1.475174811020000107e+03 1.491545620639999925e+03 1.507912012880000020e+03 1.524274039219999850e+03
2.225382344480000029e+03 2.241597594079999908e+03 2.257810493420000057e+03 2.274021080779999920e+03 2.290229393780000009e+03 2.306435469380000086e+03 2.322639345200000207e+03 2.338841058859999976e+03 2.355040645999999924e+03 2.371238143579999814e+03 2.387433587900000020e+03 2.403627015260000007e+03 2.419818460640000012e+03 2.436007959680000113e+03 2.452195547360000091e+03 2.468381258659999730e+03 2.484565128560000176e+03 2.500747190720000162e+03 2.516927480119999927e+03 2.533106029760000183e+03 2.549282873959999961e+03 2.565458046380000269e+03 2.581631578700000318e+03 2.597803505899999891e+03 2.613973858999999720e+03 2.630142671000000064e+03 2.646309974899999816e+03 2.662475801059999867e+03 2.678640183139999863e+03 2.694803151499999785e+03 2.710964739799999734e+03 2.727124971799999912e+03 2.743283890400000018e+03 2.759441515399999844e+03 2.775597879800000101e+03 2.791753023199999916e+03 2.807906958800000211e+03 2.824059732799999892e+03 2.840211365000000114e+03 2.856361895000000004e+03 2.872511336000000028e+03 2.888659734200000003e+03 2.904807102799999939e+03 2.920953481399999873e+03 2.937098896399999830e+03 2.953243380800000068e+03 2.969386947799999689e+03 2.985529643599999872e+03 3.001671487999999954e+03 3.017812500799999725e+03
5.931041840000000320e+02 6.097948051999999279e+02 6.264781399999999394e+02 6.431542280000001028e+02 6.598231352000000243e+02 6.764849143999999797e+02 6.931396249999997963e+02 7.097873197999999775e+02 7.264280516000001171e+02 7.430618863999998212e+02 7.596888769999998203e+02 7.763090695999999298e+02 7.929225302000002102e+02 8.095293116000000282e+02 8.261294599999998809e+02 8.427230413999998291e+02 8.593101085999999214e+02 8.758907077999999728e+02 8.924649049999998169e+02 9.090327529999999570e+02 9.255942913999999746e+02 9.421495927999999367e+02 9.586987033999998857e+02 9.752416759999998703e+02 9.917785633999999391e+02 1.008309424999999919e+03 1.024834313599999859e+03 1.041353282000000036e+03 1.057866376399999808e+03 1.074373662800000147e+03 1.090875180800000180e+03 1.107370996399999967e+03 1.123861155800000006e+03 1.140345711800000117e+03 1.156824723799999902e+03 1.173298237999999856e+03 1.189766307200000028e+03 1.206228984200000014e+03 1.222686328400000093e+03 1.239138386000000082e+03 1.255585209800000030e+03 1.272026852599999984e+03 1.288463367199999993e+03 1.304894799800000101e+03 1.321321216400000139e+03 1.337742656599999918e+03 1.354159173199999941e+03 1.370570819000000029e+03 1.386977646800000002e+03 1.403379707420000159e+03
2.215010210840000127e+03 2.231216078540000126e+03 2.247419625680000081e+03 2.263620891200000187e+03 2.279819912720000048e+03 2.296016726540000036e+03 2.312211370940000052e+03 2.328403881560000173e+03 2.344594295360000160e+03 2.360782648639999934e+03 2.376968977040000027e+03 2.393153316200000063e+03 2.409335701760000120e+03 2.425516168699999980e+03 2.441694751340000039e+03 2.457871485319999920e+03 2.474046404300000177e+03 2.490219542599999841e+03 2.506390933879999920e+03 2.522560611800000061e+03 2.538728610019999905e+03 2.554894961540000168e+03 2.571059698699999899e+03 2.587222854499999812e+03 2.603384461279999869e+03 2.619544551380000030e+03 2.635703156479999961e+03 2.651860308920000080e+03 2.668016039719999753e+03 2.684170379899999716e+03 2.700323360479999792e+03 2.716475013799999942e+03 2.732625365599999895e+03 2.748774456799999825e+03 2.764922307199999977e+03 2.781068949800000155e+03 2.797214410999999927e+03 2.813358730400000240e+03 2.829501934400000209e+03 2.845644042800000079e+03 2.861785095199999887e+03 2.877925111399999878e+03 2.894064131000000089e+03 2.910202173800000310e+03 2.926339272799999890e+03 2.942475460999999996e+03 2.958610751600000185e+03 2.974745184200000040e+03 2.990878778599999805e+03 3.007011574399999972e+03
5.817841940000000704e+02 5.984626051999998708e+02 6.151337300000000141e+02 6.317976079999998547e+02 6.484543117999999140e+02 6.651038942000000134e+02 6.817464079999999740e+02 6.983819060000000718e+02 7.150104541999999128e+02 7.316321054000000004e+02 7.482469123999999283e+02 7.648549279999999726e+02 7.814562181999999666e+02 7.980508292000001802e+02 8.146388138000002073e+02 8.312202379999998811e+02 8.477951546000001599e+02 8.643636097999999492e+02 8.809256695999999920e+02 8.974813802000001033e+02 9.140308009999998831e+02 9.305739847999998346e+02 9.471109844000000066e+02 9.636418591999999990e+02 9.801666619999998602e+02 9.966854455999998663e+02 1.013198269400000072e+03 1.029705179600000065e+03 1.046206235600000127e+03 1.062701490200000080e+03 1.079190996199999972e+03 1.095674806399999852e+03 1.112152980200000002e+03 1.128625570400000015e+03 1.145092623200000162e+03 1.161554198000000042e+03 1.178010347599999932e+03 1.194461131399999886e+03 1.210906588999999940e+03 1.227346786399999928e+03 1.243781763200000114e+03 1.260211585399999876e+03 1.276636299199999939e+03 1.293055964000000131e+03 1.309470619400000032e+03 1.325880324799999926e+03 1.342285132999999860e+03 1.358685096799999883e+03 1.375080269000000044e+03 1.391470697780000137e+03
2.205658720339999945e+03 2.221856211320000057e+03 2.238051409459999832e+03 2.254244352380000237e+03 2.270435079020000103e+03 2.286623624360000122e+03 2.302810026680000192e+03 2.318994320960000096e+03 2.335176544819999890e+03 2.351356733239999812e+03 2.367534922519999782e+03 2.383711147640000036e+03 2.399885443579999901e+03 2.416057845320000069e+03 2.432228387180000027e+03 2.448397104140000010e+03 2.464564029199999823e+03 2.480729196679999859e+03 2.496892640900000060e+03 2.513054393540000092e+03 2.529214488919999894e+03 2.545372959379999884e+03 2.561529837919999864e+03 2.577685156219999953e+03 2.593838946620000115e+03 2.609991241460000310e+03 2.626142071759999908e+03 2.642291469199999938e+03 2.658439464799999769e+03 2.674586089580000134e+03 2.690731375219999791e+03 2.706875350759999947e+03 2.723018049199999950e+03 2.739159497600000122e+03 2.755299724999999853e+03 2.771438764399999855e+03 2.787576642200000151e+03 2.803713397999999870e+03 2.819849044999999933e+03 2.835983622799999921e+03 2.852117157799999859e+03 2.868249676399999771e+03 2.884381205000000136e+03 2.900511783200000082e+03 2.916641430799999853e+03 2.932770174199999929e+03 2.948898046400000112e+03 2.965025067200000194e+03 2.981151276200000211e+03 2.997276686600000176e+03
5.715530983999999535e+02 5.882203357999999298e+02 6.048802867999997943e+02 6.215330042000000503e+02 6.381785539999998491e+02 6.548169823999999153e+02 6.714483488000000762e+02 6.880727125999999316e+02 7.046901265999999850e+02 7.213006502000000637e+02 7.379043361999999888e+02 7.545012374000000364e+02 7.710914198000000397e+02 7.876749362000000474e+02 8.042518328000001020e+02 8.208221756000000369e+02 8.373860173999999006e+02 8.539434110000001965e+02 8.704944158000000698e+02 8.870390846000000238e+02 9.035774701999998797e+02 9.201096319999999196e+02 9.366356227999999646e+02 9.531554954000000635e+02 9.696693092000000433e+02 9.861771235999999590e+02 1.002678984800000080e+03 1.019174945600000001e+03 1.035665072000000009e+03 1.052149410200000148e+03 1.068628013000000010e+03 1.085100946400000112e+03 1.101568250000000035e+03 1.118029989799999839e+03 1.134486212000000023e+03 1.150936975999999959e+03 1.167382334599999922e+03 1.183822340599999961e+03 1.200257046799999898e+03 1.216686506000000008e+03 1.233110777599999892e+03 1.249529907800000046e+03 1.265943956000000071e+03 1.282352968400000009e+03 1.298757004399999914e+03 1.315156116799999836e+03 1.331550351800000044e+03 1.347939768799999911e+03 1.364324414000000161e+03 1.380704346799999939e+03
2.197238487860000077e+03 2.213428603339999881e+03 2.229616452379999828e+03 2.245802071940000133e+03 2.261985498980000102e+03 2.278166769800000111e+03 2.294345921359999920e+03 2.310522989959999904e+03 2.326698010579999846e+03 2.342871019520000118e+03 2.359042052419999891e+03 2.375211142940000173e+03 2.391378326720000132e+03 2.407543638080000164e+03 2.423707110679999914e+03 2.439868780159999915e+03 2.456028678199999831e+03 2.472186839120000059e+03 2.488343296580000242e+03 2.504498082919999888e+03 2.520651231140000164e+03 2.536802773580000121e+03 2.552952741919999880e+03 2.569101169160000154e+03 2.585248086319999857e+03 2.601393525739999859e+03 2.617537517780000144e+03 2.633680094119999922e+03 2.649821285120000084e+03 2.665961121800000001e+03 2.682099635179999950e+03 2.698236854300000232e+03 2.714372808199999781e+03 2.730507531199999903e+03 2.746641052999999829e+03 2.762773393399999804e+03 2.778904591999999866e+03 2.795034675200000038e+03 2.811163669399999890e+03 2.827291607600000134e+03 2.843418509600000107e+03 2.859544415000000299e+03 2.875669343600000047e+03 2.891793328400000064e+03 2.907916402400000152e+03 2.924038578799999868e+03 2.940159890599999926e+03 2.956280370800000128e+03 2.972400045800000044e+03 2.988518942000000152e+03
5.623637732000001961e+02 5.790209588000000167e+02 5.956708646000001863e+02 6.123135434000000714e+02 6.289490545999999540e+02 6.455774510000001101e+02 6.621987919999999122e+02 6.788131370000000970e+02 6.954205322000000251e+02 7.120210501999999906e+02 7.286147306000000299e+02 7.452016393999999764e+02 7.617818359999998847e+02 7.783553666000000248e+02 7.949222905999999966e+02 8.114826608000000761e+02 8.280365431999998691e+02 8.445839905999998791e+02 8.611250557999999273e+02 8.776597916000000623e+02 8.941882574000001114e+02 9.107105126000001292e+02 9.272266033999999308e+02 9.437365958000000319e+02 9.602405359999997927e+02 9.767384899999999561e+02 9.932305040000001100e+02 1.009716637400000081e+03 1.026196942999999919e+03 1.042671480200000133e+03 1.059140301800000088e+03 1.075603460599999835e+03 1.092061016000000109e+03 1.108513020800000049e+03 1.124959527800000160e+03 1.141400589800000034e+03 1.157836272800000188e+03 1.174266616399999975e+03 1.190691679999999906e+03 1.207111523000000034e+03 1.223526198199999953e+03 1.239935751800000162e+03 1.256340249800000038e+03 1.272739731799999845e+03 1.289134263800000099e+03 1.305523885399999926e+03 1.321908662599999843e+03 1.338288641600000119e+03 1.354663881800000127e+03 1.371034422799999902e+03
2.189858953939999992e+03 2.206042682599999807e+03 2.222224165940000148e+03 2.238403442240000004e+03 2.254580547139999908e+03 2.270755516940000234e+03 2.286928388599999835e+03 2.303099197099999856e+03 2.319267978079999921e+03 2.335434767180000108e+03 2.351599599380000200e+03 2.367762508339999840e+03 2.383923529700000017e+03 2.400082696460000079e+03 2.416240043599999808e+03 2.432395604119999916e+03 2.448549411019999752e+03 2.464701497959999870e+03 2.480851897940000072e+03 2.497000643299999865e+03 2.513147766380000121e+03 2.529293299519999891e+03 2.545437273739999910e+03 2.561579722039999979e+03 2.577720675439999923e+03 2.593860164300000179e+03 2.609998220960000253e+03 2.626134875120000288e+03 2.642270157800000106e+03 2.658404099360000146e+03 2.674536730159999934e+03 2.690668079240000225e+03 2.706798177619999933e+03 2.722927055000000109e+03 2.739054735799999889e+03 2.755181261599999743e+03 2.771306645600000138e+03 2.787430927399999746e+03 2.803554133399999955e+03 2.819676289999999881e+03 2.835797423600000002e+03 2.851917567200000121e+03 2.868036747199999809e+03 2.884154996600000231e+03 2.900272328600000037e+03 2.916388789399999951e+03 2.932504392199999984e+03 2.948619163400000161e+03 2.964733142600000065e+03 2.980846343000000161e+03
5.542225610000000415e+02 5.708708432000000812e+02 5.875118522000000212e+02 6.041456341999999040e+02 6.207722486000000117e+02 6.373917613999999503e+02 6.540042187999999896e+02 6.706096867999999631e+02 6.872082115999999132e+02 7.037998592000001281e+02 7.203846823999999742e+02 7.369627405999999610e+02 7.535340865999999096e+02 7.700987731999998687e+02 7.866568663999998989e+02 8.032084190000000490e+02 8.197534838000001400e+02 8.362921268000000055e+02 8.528243942000001425e+02 8.693503453999999238e+02 8.858700331999998525e+02 9.023835235999999895e+02 9.188908627999999226e+02 9.353921101999999337e+02 9.518873251999998502e+02 9.683765605999999480e+02 9.848598757999998270e+02 1.001337323599999991e+03 1.017808956800000033e+03 1.034274834800000008e+03 1.050735016999999971e+03 1.067189549599999964e+03 1.083638492000000042e+03 1.100081903599999805e+03 1.116519837199999984e+03 1.132952352199999950e+03 1.149379488199999969e+03 1.165801317800000106e+03 1.182217887199999950e+03 1.198629249200000004e+03 1.215035469800000101e+03 1.231436588600000050e+03 1.247832664999999906e+03 1.264223758399999952e+03 1.280609915000000001e+03 1.296991187600000103e+03 1.313367642199999864e+03 1.329739318400000002e+03 1.346106275600000117e+03 1.362468566600000031e+03
2.183534286139999949e+03 2.199712595540000166e+03 2.215888678100000106e+03 2.232062571439999829e+03 2.248234311860000162e+03 2.264403934999999819e+03 2.280571476499999790e+03 2.296736972659999992e+03 2.312900457799999913e+03 2.329061966899999788e+03 2.345221534939999856e+03 2.361379196240000056e+03 2.377534984460000032e+03 2.393688933920000181e+03 2.409841078280000147e+03 2.425991449879999891e+03 2.442140082379999967e+03 2.458287009440000020e+03 2.474432262079999873e+03 2.490575873300000239e+03 2.506717875440000171e+03 2.522858299519999946e+03 2.538997177879999981e+03 2.555134541540000100e+03 2.571270422179999969e+03 2.587404849500000182e+03 2.603537855839999793e+03 2.619669470240000010e+03 2.635799724380000043e+03 2.651928646639999897e+03 2.668056268039999850e+03 2.684182618280000042e+03 2.700307727060000161e+03 2.716431625400000030e+03 2.732554336400000011e+03 2.748675892400000066e+03 2.764796326399999998e+03 2.780915658200000053e+03 2.797033927399999811e+03 2.813151153799999975e+03 2.829267363800000112e+03 2.845382590400000026e+03 2.861496866599999976e+03 2.877610205599999972e+03 2.893722647000000052e+03 2.909834217200000239e+03 2.925944935999999871e+03 2.942054836400000113e+03 2.958163938199999848e+03 2.974272281000000021e+03
5.471406817999998111e+02 5.637812155999999959e+02 5.804144695999998476e+02 5.970405098000001090e+02 6.136593890000001466e+02 6.302711600000000089e+02 6.468758887999999843e+02 6.634736216000001150e+02 6.800644244000000072e+02 6.966483565999999428e+02 7.132254643999999644e+02 7.297958203999999114e+02 7.463594642000000476e+02 7.629164617999999791e+02 7.794668659999999818e+02 7.960107428000001164e+02 8.125481383999999707e+02 8.290791188000000602e+02 8.456037367999999788e+02 8.621220452000000023e+02 8.786341033999999581e+02 8.951399707999999009e+02 9.116397001999998793e+02 9.281333576000001813e+02 9.446209825999999339e+02 9.611026477999998860e+02 9.775783994000000803e+02 9.940483033999998952e+02 1.010512406000000055e+03 1.026970766599999934e+03 1.043423437999999805e+03 1.059870486199999959e+03 1.076311963999999989e+03 1.092747917600000164e+03 1.109178413000000091e+03 1.125603502999999819e+03 1.142023240400000077e+03 1.158437684600000011e+03 1.174846888399999898e+03 1.191250904600000013e+03 1.207649792599999955e+03 1.224043605200000002e+03 1.240432395199999974e+03 1.256816215400000146e+03 1.273195125199999893e+03 1.289569177399999944e+03 1.305938424800000121e+03 1.322302913600000011e+03 1.338662709799999902e+03 1.355017859600000065e+03
2.178269275399999970e+03 2.194443112639999981e+03 2.210614738880000004e+03 2.226784190419999959e+03 2.242951503559999765e+03 2.259116713280000113e+03 2.275279856539999855e+03 2.291440967000000001e+03 2.307600080300000172e+03 2.323757230759999857e+03 2.339912452699999903e+03 2.356065780439999799e+03 2.372217247640000096e+03 2.388366887959999985e+03 2.404514734400000179e+03 2.420660820619999868e+03 2.436805178300000080e+03 2.452947840440000164e+03 2.469088839380000081e+03 2.485228207459999794e+03 2.501365976359999877e+03 2.517502176439999857e+03 2.533636840699999993e+03 2.549769999499999813e+03 2.565901683860000048e+03 2.582031924140000228e+03 2.598160751360000177e+03 2.614288195220000034e+03 2.630414285419999942e+03 2.646539052979999724e+03 2.662662526940000134e+03 2.678784736340000109e+03 2.694905710879999788e+03 2.711025479599999926e+03 2.727144072200000210e+03 2.743261516399999891e+03 2.759377838599999905e+03 2.775493071800000052e+03 2.791607242399999905e+03 2.807720376799999940e+03 2.823832501400000183e+03 2.839943649199999982e+03 2.856053846599999815e+03 2.872163120000000163e+03 2.888271495800000139e+03 2.904379000400000223e+03 2.920485660199999984e+03 2.936591508200000135e+03 2.952696564200000012e+03 2.968800861199999872e+03
5.411226103999999850e+02 5.577565640000000258e+02 5.743832509999999729e+02 5.910027175999998690e+02 6.076150231999999960e+02 6.242202338000001873e+02 6.408184022000000368e+02 6.574095812000000478e+02 6.739938368000000537e+02 6.905712218000001030e+02 7.071417956000000231e+02 7.237056109999998625e+02 7.402627274000001307e+02 7.568132107999999789e+02 7.733571007999998983e+02 7.898944700000001831e+02 8.064253712000001997e+02 8.229498638000000028e+02 8.394680006000000958e+02 8.559798343999998451e+02 8.724854377999999997e+02 8.889848503999999139e+02 9.054781447999998818e+02 9.219653671999999460e+02 9.384465770000001612e+02 9.549218336000001273e+02 9.713911897999998928e+02 9.878547115999999733e+02 1.004312445199999956e+03 1.020764449999999897e+03 1.037210785400000077e+03 1.053651504200000090e+03 1.070086665799999992e+03 1.086516329600000063e+03 1.102940541800000119e+03 1.119359361799999988e+03 1.135772848999999951e+03 1.152181062800000063e+03 1.168584049399999913e+03 1.184981868200000008e+03 1.201374572000000171e+03 1.217762213599999995e+03 1.234144858999999997e+03 1.250522554399999990e+03 1.266895352600000024e+03 1.283263312999999926e+03 1.299626488400000198e+03 1.315984931599999982e+03 1.332338695400000006e+03 1.348687832600000092e+03
2.174068237460000091e+03 2.190238531160000093e+03 2.206406625080000140e+03 2.222572556839999834e+03 2.238736360760000025e+03 2.254898073140000179e+03 2.271057728960000077e+03 2.287215363199999956e+03 2.303371010180000212e+03 2.319524704880000172e+03 2.335676480959999935e+03 2.351826372080000056e+03 2.367974412560000019e+03 2.384120634740000241e+03 2.400265072279999913e+03 2.416407757519999905e+03 2.432548723460000019e+03 2.448688001779999922e+03 2.464825625479999871e+03 2.480961624919999849e+03 2.497096032440000272e+03 2.513228879719999895e+03 2.529360197779999908e+03 2.545490016979999837e+03 2.561618367680000119e+03 2.577745281559999967e+03 2.593870787660000133e+03 2.609994916340000145e+03 2.626117697959999987e+03 2.642239162220000253e+03 2.658359337500000038e+03 2.674478254159999778e+03 2.690595940579999933e+03 2.706712426459999733e+03 2.722827738200000113e+03 2.738941908799999965e+03 2.755054963999999927e+03 2.771166930200000024e+03 2.787277833799999826e+03 2.803387714399999822e+03 2.819496585200000027e+03 2.835604479200000242e+03 2.851711429400000270e+03 2.867817455599999903e+03 2.883922590799999853e+03 2.900026854799999910e+03 2.916130280599999878e+03 2.932232894599999781e+03 2.948334723200000099e+03 2.964435786200000166e+03
5.361769399999998313e+02 5.528054947999999058e+02 5.694267829999998867e+02 5.860408574000000499e+02 6.026477840000000015e+02 6.192476090000000113e+02 6.358403918000001340e+02 6.524261983999999757e+02 6.690050816000000395e+02 6.855770941999999195e+02 7.021423021999999037e+02 7.187007649999998193e+02 7.352525288000001638e+02 7.517976595999998608e+02 7.683362168000001020e+02 7.848682532000000265e+02 8.013938281999999163e+02 8.179130012000000534e+02 8.344258250000000317e+02 8.509323589999999058e+02 8.674326625999999578e+02 8.839267952000000150e+02 9.004148096000001260e+02 9.168967652000001181e+02 9.333727214000000458e+02 9.498427376000001914e+02 9.663068600000001425e+02 9.827651545999999598e+02 9.992176741999999194e+02 1.015664484800000082e+03 1.032105626000000029e+03 1.048541177000000062e+03 1.064971170799999982e+03 1.081395680000000084e+03 1.097814757399999962e+03 1.114228462399999898e+03 1.130636841200000163e+03 1.147039959799999906e+03 1.163437864399999853e+03 1.179830614400000059e+03 1.196218269200000123e+03 1.212600888200000099e+03 1.228978510999999799e+03 1.245351203599999963e+03 1.261719018799999958e+03 1.278082009400000061e+03 1.294440228200000092e+03 1.310793734599999880e+03 1.327142574800000148e+03 1.343486814800000047e+03
2.170934700020000037e+03 2.187102359659999820e+03 2.203267829419999998e+03 2.219431144279999899e+03 2.235592340539999896e+03 2.251751453179999771e+03 2.267908517179999762e+03 2.284063566859999810e+03 2.300216637859999992e+03 2.316367763180000111e+03 2.332516977140000108e+03 2.348664313400000083e+03 2.364809804959999838e+03 2.380953485479999927e+03 2.397095387299999857e+03 2.413235543419999885e+03 2.429373985520000133e+03 2.445510746599999948e+03 2.461645857680000063e+03 2.477779351099999985e+03 2.493911257879999994e+03 2.510041608380000071e+03 2.526170434940000177e+03 2.542297767260000001e+03 2.558423637020000115e+03 2.574548072600000069e+03 2.590671105679999982e+03 2.606792765300000156e+03 2.622913081820000116e+03 2.639032083619999867e+03 2.655149801720000141e+03 2.671266263179999896e+03 2.687381498360000023e+03 2.703495536299999912e+03 2.719608403400000043e+03 2.735720131999999921e+03 2.751830745199999910e+03 2.767940276000000267e+03 2.784048750800000107e+03 2.800156189400000130e+03 2.816262638000000152e+03 2.832368103199999950e+03 2.848472624600000017e+03 2.864576228599999922e+03 2.880678941600000144e+03 2.896780789999999797e+03 2.912881793600000037e+03 2.928981991999999991e+03 2.945081404999999904e+03 2.961180052400000022e+03
5.323093664000000445e+02 5.489337103999998817e+02 5.655507944000000862e+02 5.821606646000000183e+02 5.987633869999999661e+02 6.153590143999999782e+02 6.319476062000001093e+02 6.485292217999999593e+02 6.651039139999998042e+02 6.816717488000001595e+02 6.982327789999999368e+02 7.147870640000001004e+02 7.313346566000000166e+02 7.478756227999999737e+02 7.644100219999997989e+02 7.809379003999999895e+02 7.974593305999999302e+02 8.139743587999998908e+02 8.304830510000001595e+02 8.469854534000000967e+02 8.634816385999999966e+02 8.799716594000001351e+02 8.964555685999998786e+02 9.129334255999999641e+02 9.294052897999999914e+02 9.458712206000000151e+02 9.623312707999998565e+02 9.787855064000000311e+02 9.952339735999998993e+02 1.011676738399999977e+03 1.028113847000000078e+03 1.044545372000000043e+03 1.060971352999999908e+03 1.077391862599999968e+03 1.093806947000000036e+03 1.110216672199999948e+03 1.126621077799999966e+03 1.143020236399999931e+03 1.159414200799999890e+03 1.175803023800000119e+03 1.192186758199999986e+03 1.208565463399999999e+03 1.224939192199999979e+03 1.241307997399999977e+03 1.257671945000000051e+03 1.274031081200000017e+03 1.290385458799999924e+03 1.306735130600000048e+03 1.323080162600000222e+03 1.339420594400000027e+03
2.168869508539999970e+03 2.185035431060000064e+03 2.201199168319999899e+03 2.217360757280000144e+03 2.233520232920000126e+03 2.249677629560000241e+03 2.265832983499999955e+03 2.281986328399999820e+03 2.298137698579999778e+03 2.314287128359999770e+03 2.330434651399999893e+03 2.346580300699999952e+03 2.362724110579999888e+03 2.378866113380000115e+03 2.395006341440000142e+03 2.411144827760000226e+03 2.427281604020000032e+03 2.443416703219999818e+03 2.459550155720000021e+03 2.475681993860000148e+03 2.491812248660000023e+03 2.507940951139999925e+03 2.524068131659999835e+03 2.540193821899999875e+03 2.556318051560000185e+03 2.572440850339999997e+03 2.588562249260000044e+03 2.604682277360000171e+03 2.620800963679999768e+03 2.636918339240000023e+03 2.653034431760000189e+03 2.669149270939999951e+03 2.685262885820000065e+03 2.701375304119999782e+03 2.717486556199999995e+03 2.733596667799999977e+03 2.749705670599999848e+03 2.765813584399999854e+03 2.781920448800000031e+03 2.798026283600000170e+03 2.814131115199999840e+03 2.830234983199999988e+03 2.846337900800000170e+03 2.862439894399999957e+03 2.878541003600000295e+03 2.894641248200000064e+03 2.910740654600000198e+03 2.926839249199999813e+03 2.942937058399999842e+03 2.959034115200000087e+03
5.295240014000000883e+02 5.461453424000001178e+02 5.627594167999998263e+02 5.793662839999999505e+02 5.959660033999998632e+02 6.125586278000000675e+02 6.291442231999999422e+02 6.457228357999999844e+02 6.622945382000000336e+02 6.788593832000001385e+02 6.954174235999998928e+02 7.119687253999998120e+02 7.285133413999999448e+02 7.450513309999998910e+02 7.615827535999999327e+02 7.781076686000001246e+02 7.946261288000000604e+02 8.111382002000000284e+02 8.276439355999998497e+02 8.441433944000000338e+02 8.606366293999999471e+02 8.771237131999998837e+02 8.936046853999998802e+02 9.100796186000000034e+02 9.265485655999998471e+02 9.430115792000001420e+02 9.594687253999998120e+02 9.759200570000000425e+02 9.923656333999999788e+02 1.008805507399999897e+03 1.025239738400000078e+03 1.041668392399999902e+03 1.058091515600000093e+03 1.074509167400000024e+03 1.090921400600000197e+03 1.107328281199999992e+03 1.123729862000000139e+03 1.140126202400000011e+03 1.156517348599999877e+03 1.172903366600000027e+03 1.189284302600000046e+03 1.205660222599999997e+03 1.222031172800000149e+03 1.238397219200000109e+03 1.254758407999999918e+03 1.271114792000000079e+03 1.287466430599999967e+03 1.303813376600000083e+03 1.320155689400000028e+03 1.336493415200000072e+03
2.167873599560000002e+03 2.184038670020000154e+03 2.200201559180000004e+03 2.216362302020000243e+03 2.232520934180000040e+03 2.248677490640000087e+03 2.264832005719999870e+03 2.280984515059999922e+03 2.297135052319999886e+03 2.313283651159999863e+03 2.329430345900000248e+03 2.345575169539999933e+03 2.361718155080000088e+03 2.377859335520000059e+03 2.393998743860000104e+03 2.410136412440000186e+03 2.426272372939999968e+03 2.442406657699999869e+03 2.458539297740000166e+03 2.474670324740000069e+03 2.490799770380000155e+03 2.506927665019999949e+03 2.523054040340000029e+03 2.539178925379999782e+03 2.555302351819999785e+03 2.571424348699999882e+03 2.587544947039999897e+03 2.603664175220000288e+03 2.619782064259999970e+03 2.635898641880000014e+03 2.652013938439999947e+03 2.668127982980000070e+03 2.684240803220000089e+03 2.700352428199999849e+03 2.716462889599999926e+03 2.732572209200000088e+03 2.748680420000000140e+03 2.764787541799999872e+03 2.780893614200000229e+03 2.796998663599999873e+03 2.813102709799999957e+03 2.829205785799999830e+03 2.845307917999999972e+03 2.861409126200000173e+03 2.877509450000000015e+03 2.893608909200000198e+03 2.909707530199999837e+03 2.925805339399999866e+03 2.941902363199999854e+03 2.957998634600000059e+03
5.278246400000000449e+02 5.444441792000000078e+02 5.610564452000000983e+02 5.776615106000001560e+02 5.942594282000000021e+02 6.108502507999999125e+02 6.274340510000001814e+02 6.440108683999999357e+02 6.605807755999999245e+02 6.771438253999999688e+02 6.937000706000001173e+02 7.102495837999999821e+02 7.267924111999998331e+02 7.433286187999999584e+02 7.598582594000001791e+02 7.763813924000000952e+02 7.928980771999999888e+02 8.094083731999999145e+02 8.259123332000001483e+02 8.424100232000000688e+02 8.589014959999999519e+02 8.753868175999998584e+02 8.918660342000000583e+02 9.083392117999999300e+02 9.248064031999999770e+02 9.412676744000000326e+02 9.577230781999999181e+02 9.741726673999999093e+02 9.906165079999998397e+02 1.007054652799999985e+03 1.023487161199999946e+03 1.039914092600000004e+03 1.056335499799999980e+03 1.072751435600000150e+03 1.089161972599999899e+03 1.105567150400000173e+03 1.121967035000000124e+03 1.138361679200000026e+03 1.154751142399999935e+03 1.171135477400000127e+03 1.187514743599999974e+03 1.203888993800000208e+03 1.220258280800000193e+03 1.236622670599999992e+03 1.252982202799999868e+03 1.269336943400000109e+03 1.285686945200000082e+03 1.302032254400000056e+03 1.318372937000000093e+03 1.334709039200000007e+03
2.167947672679999869e+03 2.184112772179999865e+03 2.200275690380000015e+03 2.216436461599999802e+03 2.232595122799999899e+03 2.248751708299999791e+03 2.264906252419999873e+03 2.281058790799999770e+03 2.297209357100000034e+03 2.313357985640000152e+03 2.329504708760000085e+03 2.345649562099999912e+03 2.361792576679999911e+03 2.377933786820000023e+03 2.394073224199999913e+03 2.410210921819999839e+03 2.426346911359999922e+03 2.442481225160000122e+03 2.458613894900000105e+03 2.474744951600000149e+03 2.490874426280000080e+03 2.507002350620000016e+03 2.523128754979999940e+03 2.539253669719999834e+03 2.555377125859999978e+03 2.571499152440000216e+03 2.587619779820000076e+03 2.603739037700000154e+03 2.619856956439999976e+03 2.635973563759999706e+03 2.652088890019999781e+03 2.668202963599999748e+03 2.684315813539999908e+03 2.700427468880000106e+03 2.716537957999999890e+03 2.732647304000000076e+03 2.748755547799999931e+03 2.764862702599999920e+03 2.780968808000000081e+03 2.797073883799999749e+03 2.813177956399999857e+03 2.829281065399999989e+03 2.845383224000000155e+03 2.861484465200000159e+03 2.877584815400000025e+03 2.893684301000000232e+03 2.909782955000000129e+03 2.925880797199999961e+03 2.941977847399999973e+03 2.958074151799999981e+03
5.272134799999998904e+02 5.438324119999999766e+02 5.604440839999999753e+02 5.770485488000001624e+02 5.936458658000001378e+02 6.102360943999999563e+02 6.268192874000001211e+02 6.433955108000000109e+02 6.599648174000001291e+02 6.765272732000000815e+02 6.930829243999999107e+02 7.096318370000001323e+02 7.261740704000001188e+02 7.427096840000001521e+02 7.592387306000000535e+02 7.757612696000001051e+02 7.922773604000001342e+02 8.087870689999999740e+02 8.252904416000001220e+02 8.417875376000001779e+02 8.582784229999999752e+02 8.747631572000000233e+02 8.912417864000001373e+02 9.077143765999999232e+02 9.241809872000001178e+02 9.406416709999998602e+02 9.570964939999998933e+02 9.735455024000000321e+02 9.899887688000001162e+02 1.006426332799999955e+03 1.022858267000000069e+03 1.039284617600000047e+03 1.055705450599999949e+03 1.072120818800000052e+03 1.088530781599999955e+03 1.104935391800000161e+03 1.121334708800000044e+03 1.137728791999999885e+03 1.154117687599999954e+03 1.170501461600000084e+03 1.186880166800000097e+03 1.203253855999999814e+03 1.219622595199999978e+03 1.235986423999999943e+03 1.252345401799999991e+03 1.268699594599999955e+03 1.285049042000000100e+03 1.301393810000000030e+03 1.317733944800000017e+03 1.334069505800000115e+03
2.169090459380000084e+03 2.185256468359999872e+03 2.201420292740000150e+03 2.217581968819999929e+03 2.233741530920000059e+03 2.249899015340000005e+03 2.266054456400000163e+03 2.282207888420000018e+03 2.298359346379999806e+03 2.314508863279999787e+03 2.330656474100000196e+03 2.346802211839999927e+03 2.362946109500000148e+03 2.379088200080000206e+03 2.395228516579999905e+03 2.411367090679999819e+03 2.427503956040000048e+03 2.443639143020000120e+03 2.459772683959999995e+03 2.475904610539999794e+03 2.492034953780000251e+03 2.508163744699999825e+03 2.524291014320000158e+03 2.540416793660000167e+03 2.556541111760000149e+03 2.572663999639999929e+03 2.588785487000000103e+03 2.604905604200000198e+03 2.621024380280000059e+03 2.637141844939999828e+03 2.653258026559999962e+03 2.669372954840000148e+03 2.685486658820000230e+03 2.701599166879999757e+03 2.717710507400000097e+03 2.733820711400000164e+03 2.749929799999999886e+03 2.766037806199999977e+03 2.782144756400000006e+03 2.798250683600000229e+03 2.814355607599999985e+03 2.830459561399999984e+03 2.846562564800000018e+03 2.862664657400000124e+03 2.878765852399999858e+03 2.894866189400000167e+03 2.910965681599999698e+03 2.927064368599999852e+03 2.943162270199999966e+03 2.959259412800000064e+03
5.276926267999999709e+02 5.443121725999999398e+02 5.609244452000000365e+02 5.775295172000001003e+02 5.941274414000001798e+02 6.107182706000000962e+02 6.273020707999999104e+02 6.438788948000001255e+02 6.604488019999998869e+02 6.770118583999999373e+02 6.935681101999998646e+02 7.101176234000001841e+02 7.266604574000000412e+02 7.431966649999999390e+02 7.597263055999999324e+02 7.762494385999998485e+02 7.927661299999999756e+02 8.092764259999999013e+02 8.257803860000001350e+02 8.422780760000000555e+02 8.587695554000001721e+02 8.752548703999998452e+02 8.917340870000000450e+02 9.082072645999999168e+02 9.246744559999999638e+02 9.411357206000000133e+02 9.575911243999998987e+02 9.740407136000001174e+02 9.904845476000000417e+02 1.006922692399999960e+03 1.023355194199999914e+03 1.039782118999999966e+03 1.056203526199999942e+03 1.072619462000000112e+03 1.089029985799999849e+03 1.105435163600000124e+03 1.121835041600000068e+03 1.138229679199999964e+03 1.154619135800000095e+03 1.171003470800000059e+03 1.187382730400000128e+03 1.203756967400000121e+03 1.220126254400000107e+03 1.236490631000000121e+03 1.252850156599999991e+03 1.269204890599999999e+03 1.285554885799999965e+03 1.301900188399999934e+03 1.318240864400000191e+03 1.334576959999999872e+03
2.171300730079999994e+03 2.187468534260000069e+03 2.203634147900000244e+03 2.219797607959999823e+03 2.235958948760000112e+03 2.252118205939999825e+03 2.268275415139999950e+03 2.284430610679999972e+03 2.300583826879999833e+03 2.316735097400000086e+03 2.332884457220000058e+03 2.349031939340000008e+03 2.365177577420000034e+03 2.381321403800000098e+03 2.397463452139999845e+03 2.413603754780000145e+03 2.429742343400000209e+03 2.445879250999999840e+03 2.462014509260000068e+03 2.478148149200000262e+03 2.494280203159999928e+03 2.510410700840000118e+03 2.526539674579999883e+03 2.542667154740000115e+03 2.558793171020000045e+03 2.574917755100000250e+03 2.591040935359999821e+03 2.607162742819999949e+03 2.623283207179999863e+03 2.639402357479999864e+03 2.655520222760000252e+03 2.671636832719999802e+03 2.687752216400000179e+03 2.703866402180000023e+03 2.719979415799999970e+03 2.736091296200000215e+03 2.752202054599999883e+03 2.768311737199999698e+03 2.784420357200000126e+03 2.800527947600000061e+03 2.816634541399999762e+03 2.832740158399999927e+03 2.848844831599999907e+03 2.864948587400000179e+03 2.881051445600000079e+03 2.897153439199999866e+03 2.913254601199999797e+03 2.929354944799999885e+03 2.945454502999999931e+03 2.961553308800000195e+03
5.292623642000000928e+02 5.458837184000001344e+02 5.624978060000000823e+02 5.791046863999999914e+02 5.957044189999999162e+02 6.122970500000001266e+02 6.288826519999997799e+02 6.454612778000000617e+02 6.620329867999998896e+02 6.785978384000000005e+02 6.951558853999999883e+02 7.117071938000001410e+02 7.282518164000000525e+02 7.447898126000000047e+02 7.613212352000000465e+02 7.778461568000000170e+02 7.943646169999999529e+02 8.108766883999999209e+02 8.273824238000001969e+02 8.438818826000001536e+02 8.603751241999998456e+02 8.768622014000000036e+02 8.933431736000000001e+02 9.098181067999998959e+02 9.262870471999999609e+02 9.427500608000000284e+02 9.592072003999999197e+02 9.756585253999999168e+02 9.921040952000000743e+02 1.008543962599999986e+03 1.024978193599999940e+03 1.041406834399999980e+03 1.057829951000000165e+03 1.074247589600000083e+03 1.090659822800000029e+03 1.107066690200000039e+03 1.123468264399999953e+03 1.139864591600000040e+03 1.156255724600000121e+03 1.172641729400000031e+03 1.189022658800000045e+03 1.205398558999999977e+03 1.221769502599999896e+03 1.238135529199999837e+03 1.254496704799999861e+03 1.270853075600000011e+03 1.287204694399999880e+03 1.303551627199999984e+03 1.319893920200000139e+03 1.336231632799999943e+03
2.174575022420000096e+03 2.190745518740000080e+03 2.206913816599999791e+03 2.223079951640000218e+03 2.239243959500000074e+03 2.255405876480000188e+03 2.271565736240000206e+03 2.287723575080000046e+03 2.303879427320000104e+03 2.320033327279999867e+03 2.336185308619999887e+03 2.352335404999999810e+03 2.368483650740000030e+03 2.384630078839999896e+03 2.400774722300000121e+03 2.416917613460000211e+03 2.433058785979999811e+03 2.449198270880000109e+03 2.465336100500000157e+03 2.481472306520000075e+03 2.497606921279999824e+03 2.513739975800000138e+03 2.529871500440000091e+03 2.546001526879999801e+03 2.562130084819999865e+03 2.578257205939999949e+03 2.594382919939999738e+03 2.610507257180000124e+03 2.626630246700000043e+03 2.642751918200000091e+03 2.658872302039999795e+03 2.674991426600000068e+03 2.691109321580000142e+03 2.707226016020000316e+03 2.723341535000000022e+03 2.739455916800000068e+03 2.755569176599999992e+03 2.771681354000000283e+03 2.787792468800000279e+03 2.803902554000000237e+03 2.820011636000000181e+03 2.836119741200000135e+03 2.852226902599999903e+03 2.868333139999999730e+03 2.884438479800000096e+03 2.900542954999999893e+03 2.916646592000000055e+03 2.932749417200000153e+03 2.948851450399999976e+03 2.964952731200000017e+03
5.319219332000000122e+02 5.485463035999998738e+02 5.651634007999998630e+02 5.817732907999998133e+02 5.983760264000000006e+02 6.149716670000000249e+02 6.315602720000001682e+02 6.481418942000000243e+02 6.647165996000001087e+02 6.812844410000000153e+02 6.978454778000000260e+02 7.143997693999999683e+02 7.309473751999998967e+02 7.474883480000000873e+02 7.640227472000001399e+02 7.805506322000001092e+02 7.970720558000000437e+02 8.135870906000000105e+02 8.300957762000000457e+02 8.465981851999999890e+02 8.630943637999998828e+02 8.795843780000000152e+02 8.960682871999999861e+02 9.125461376000000655e+02 9.290179952000000867e+02 9.454839194000001044e+02 9.619439629999999397e+02 9.783981854000001022e+02 9.948466459999999643e+02 1.011289397600000029e+03 1.027726499599999897e+03 1.044158004800000072e+03 1.060583979199999931e+03 1.077004468999999972e+03 1.093419540200000029e+03 1.109829245599999922e+03 1.126233644599999934e+03 1.142632783399999880e+03 1.159026728000000048e+03 1.175415524600000026e+03 1.191799239200000102e+03 1.208177924600000097e+03 1.224551633600000059e+03 1.240920419000000038e+03 1.257284340200000088e+03 1.273643450000000030e+03 1.289997801200000140e+03 1.306347453200000018e+03 1.322692458800000168e+03 1.339032864199999949e+03
2.178911948420000044e+03 2.195086047679999865e+03 2.211257936599999994e+03 2.227427650820000053e+03 2.243595226639999964e+03 2.259760700360000101e+03 2.275924106299999949e+03 2.292085480759999882e+03 2.308244858059999842e+03 2.324402272520000224e+03 2.340557758460000059e+03 2.356711350860000039e+03 2.372863082719999966e+03 2.389012987699999940e+03 2.405161098800000218e+03 2.421307449679999991e+03 2.437452072680000128e+03 2.453595000140000138e+03 2.469736265059999823e+03 2.485875898459999917e+03 2.502013932679999925e+03 2.518150399399999969e+03 2.534285329639999873e+03 2.550418754419999914e+03 2.566550704759999917e+03 2.582681211680000160e+03 2.598810305540000172e+03 2.614938016040000093e+03 2.631064373539999906e+03 2.647189407740000206e+03 2.663313149000000067e+03 2.679435625699999946e+03 2.695556867539999985e+03 2.711676906200000303e+03 2.727795762799999920e+03 2.743913477600000078e+03 2.760030070400000113e+03 2.776145567600000049e+03 2.792260008799999923e+03 2.808373407199999747e+03 2.824485802400000011e+03 2.840597220800000287e+03 2.856707688800000142e+03 2.872817226199999823e+03 2.888925872599999821e+03 2.905033647799999926e+03 2.921140578200000164e+03 2.937246696799999881e+03 2.953352023399999780e+03 2.969456584399999883e+03
5.356692680000001019e+02 5.522978425999999672e+02 5.689191505999999663e+02 5.855332447999999204e+02 6.021401779999998780e+02 6.187400162000001274e+02 6.353328188000000409e+02 6.519186320000001160e+02 6.684975217999999586e+02 6.850695475999998507e+02 7.016347622000000683e+02 7.181932315999999901e+02 7.347450020000001132e+02 7.512901328000000376e+02 7.678286900000000514e+02 7.843607263999999759e+02 8.008863014000000931e+02 8.174054678000002241e+02 8.339182915999999750e+02 8.504248190000000704e+02 8.669251226000001225e+02 8.834192419999999402e+02 8.999072498000000451e+02 9.163891922000000250e+02 9.328651417999999467e+02 9.493351382000000740e+02 9.657992474000000129e+02 9.822575288000000455e+02 9.987100285999999869e+02 1.015156819400000131e+03 1.031597947400000066e+03 1.048033472000000074e+03 1.064463452599999982e+03 1.080887935400000060e+03 1.097306992999999920e+03 1.113720664999999826e+03 1.130129024000000072e+03 1.146532109600000013e+03 1.162929987799999935e+03 1.179322711400000117e+03 1.195710339799999929e+03 1.212092919199999869e+03 1.228470515599999999e+03 1.244843175200000132e+03 1.261210950800000091e+03 1.277573908400000164e+03 1.293932094199999938e+03 1.310285561000000143e+03 1.326634368200000154e+03 1.342978562000000011e+03
2.184306669619999866e+03 2.200485302420000153e+03 2.216661709040000005e+03 2.232835925779999798e+03 2.249007990260000042e+03 2.265177937460000066e+03 2.281345803019999948e+03 2.297511623240000063e+03 2.313675432439999895e+03 2.329837266259999979e+03 2.345997158359999958e+03 2.362155144379999911e+03 2.378311257320000095e+03 2.394465531499999997e+03 2.410618000580000171e+03 2.426768696900000123e+03 2.442917654779999793e+03 2.459064906560000054e+03 2.475210483920000115e+03 2.491354420520000076e+03 2.507496748040000057e+03 2.523637497499999881e+03 2.539776701239999966e+03 2.555914390939999976e+03 2.572050596300000052e+03 2.588185350319999998e+03 2.604318682040000112e+03 2.620450622479999765e+03 2.636581201999999848e+03 2.652710450300000048e+03 2.668838398400000187e+03 2.684965074679999816e+03 2.701090509499999825e+03 2.717214728599999944e+03 2.733337769599999774e+03 2.749459655600000133e+03 2.765580413000000135e+03 2.781700074800000039e+03 2.797818667399999867e+03 2.813936217200000101e+03 2.830052763800000321e+03 2.846168313799999851e+03 2.862282913399999870e+03 2.878396588999999949e+03 2.894509353800000099e+03 2.910621247399999902e+03 2.926732296199999837e+03 2.942842526599999928e+03 2.958951958399999967e+03 2.975060624599999755e+03
5.405011675999999170e+02 5.571351409999999760e+02 5.737618411999999353e+02 5.903813275999998496e+02 6.069936529999999948e+02 6.235988833999999770e+02 6.401970584000000599e+02 6.567882572000000891e+02 6.733725193999998737e+02 6.899499176000001626e+02 7.065204913999998553e+02 7.230843134000001555e+02 7.396414363999999750e+02 7.561919198000000506e+02 7.727358163999999761e+02 7.892731856000000334e+02 8.058040802000000440e+02 8.223285661999998410e+02 8.388466963999999280e+02 8.553585301999999047e+02 8.718641203999998197e+02 8.883635263999999552e+02 9.048568075999999110e+02 9.213440167999999630e+02 9.378252134000001661e+02 9.543004502000001139e+02 9.707697932000000947e+02 9.872332952000001569e+02 1.003691008999999895e+03 1.020142994000000044e+03 1.036589302999999973e+03 1.053030001999999968e+03 1.069465137199999845e+03 1.085894768000000113e+03 1.102318953800000145e+03 1.118737740799999983e+03 1.135151201600000149e+03 1.151559375799999998e+03 1.167962329400000044e+03 1.184360108599999876e+03 1.200752779400000009e+03 1.217140388000000030e+03 1.233522993799999995e+03 1.249900642999999945e+03 1.266273401599999943e+03 1.282641322399999808e+03 1.299004451599999811e+03 1.315362848600000007e+03 1.331716559599999982e+03 1.348065650600000026e+03
2.190753416300000026e+03 2.206937533700000131e+03 2.223119405779999852e+03 2.239299070819999997e+03 2.255476563799999894e+03 2.271651922340000056e+03 2.287825182080000104e+03 2.303996378660000119e+03 2.320165548380000018e+03 2.336332724899999903e+03 2.352497944520000146e+03 2.368661241560000235e+03 2.384822649679999813e+03 2.400982204519999868e+03 2.417139938419999908e+03 2.433295885699999872e+03 2.449450080019999859e+03 2.465602553719999833e+03 2.481753340459999890e+03 2.497902472579999994e+03 2.514049982420000106e+03 2.530195901659999890e+03 2.546340262640000219e+03 2.562483097039999848e+03 2.578624436539999806e+03 2.594764311500000076e+03 2.610902754260000165e+03 2.627039793859999918e+03 2.643175462639999751e+03 2.659309790299999804e+03 2.675442806539999765e+03 2.691574541720000070e+03 2.707705025539999951e+03 2.723834284399999888e+03 2.739962354599999799e+03 2.756089263200000005e+03 2.772215036600000076e+03 2.788339701200000036e+03 2.804463290000000143e+03 2.820585836000000199e+03 2.836707358999999997e+03 2.852827885400000014e+03 2.868947454799999832e+03 2.885066080399999919e+03 2.901183808400000089e+03 2.917300645400000121e+03 2.933416631000000052e+03 2.949531798200000139e+03 2.965646160199999940e+03 2.981759743399999934e+03
5.464132826000000023e+02 5.630538361999999779e+02 5.796871165999998539e+02 5.963131766000001335e+02 6.129320689999999558e+02 6.295438598000000638e+02 6.461486018000000513e+02 6.627463543999999729e+02 6.793371769999998833e+02 6.959211158000000523e+02 7.124982367999998587e+02 7.290685928000000331e+02 7.456322497999999541e+02 7.621892539999998917e+02 7.787396648000001278e+02 7.952835416000000350e+02 8.118209371999998893e+02 8.283519175999999788e+02 8.448765290000001187e+02 8.613948373999999149e+02 8.779068890000000920e+02 8.944127498000000287e+02 9.109124726000000010e+02 9.274061168000000634e+02 9.438937286000000313e+02 9.603753805999999713e+02 9.768511189999999260e+02 9.933210031999999501e+02 1.009785085999999865e+03 1.026243426800000179e+03 1.042696078399999806e+03 1.059143106799999941e+03 1.075584551599999941e+03 1.092020485399999870e+03 1.108450954400000001e+03 1.124876011400000152e+03 1.141295715799999925e+03 1.157710127000000057e+03 1.174119297799999913e+03 1.190523274399999991e+03 1.206922122800000125e+03 1.223315895799999907e+03 1.239704646199999843e+03 1.256088426799999979e+03 1.272467290399999911e+03 1.288841296399999919e+03 1.305210497600000053e+03 1.321574940200000128e+03 1.337934683599999971e+03 1.354289780600000086e+03
2.198219400320000204e+03 2.214409977140000137e+03 2.230598286859999916e+03 2.246784366439999758e+03 2.262968253500000174e+03 2.279149984340000174e+03 2.295329595260000133e+03 2.311507121900000129e+03 2.327682601219999924e+03 2.343856068200000209e+03 2.360027557819999856e+03 2.376197105719999854e+03 2.392364746220000143e+03 2.408530513640000208e+03 2.424694442299999992e+03 2.440856566519999888e+03 2.457016919300000154e+03 2.473175534959999823e+03 2.489332445840000219e+03 2.505487685600000077e+03 2.521641286579999814e+03 2.537793281119999847e+03 2.553943701560000136e+03 2.570092579579999892e+03 2.586239948180000283e+03 2.602385837719999927e+03 2.618530279220000011e+03 2.634673305020000043e+03 2.650814944820000164e+03 2.666955230300000039e+03 2.683094191160000264e+03 2.699231857759999912e+03 2.715368259800000033e+03 2.731503431600000113e+03 2.747637395599999763e+03 2.763770178199999918e+03 2.779901825599999938e+03 2.796032350999999835e+03 2.812161787399999866e+03 2.828290167799999836e+03 2.844417518600000221e+03 2.860543866200000139e+03 2.876669237000000066e+03 2.892793663999999808e+03 2.908917173599999842e+03 2.925039785599999959e+03 2.941161546199999975e+03 2.957282462000000123e+03 2.973402579200000218e+03 2.989521904400000039e+03
5.533997851999999966e+02 5.700480937999998332e+02 5.866891160000000127e+02 6.033229177999999138e+02 6.199495586000000458e+02 6.365690845999999965e+02 6.531815551999998206e+02 6.697870363999998062e+02 6.863855743999999959e+02 7.029772351999999955e+02 7.195620649999998477e+02 7.361401298000000679e+02 7.527114824000000226e+02 7.692761755999999878e+02 7.858342754000000241e+02 8.023858280000001741e+02 8.189308928000000378e+02 8.354695291999998972e+02 8.520017900000000282e+02 8.685277412000000368e+02 8.850474223999999595e+02 9.015608995999998569e+02 9.180682322000000113e+02 9.345694730000000163e+02 9.510646747999999207e+02 9.675538970000000063e+02 9.840371924000000945e+02 1.000514620400000013e+03 1.016986233800000036e+03 1.033452091999999993e+03 1.049912247799999932e+03 1.066366754000000128e+03 1.082815676600000188e+03 1.099259055199999921e+03 1.115696962400000075e+03 1.132129437800000005e+03 1.148556547399999999e+03 1.164978337400000100e+03 1.181394867200000135e+03 1.197806196200000159e+03 1.214212370599999986e+03 1.230613443199999892e+03 1.247009480000000167e+03 1.263400520600000164e+03 1.279786630999999943e+03 1.296167857400000003e+03 1.312544259199999942e+03 1.328915882600000032e+03 1.345282780399999865e+03 1.361645011999999952e+03
2.206659892159999799e+03 2.222857924999999796e+03 2.239053664999999910e+03 2.255247150440000041e+03 2.271438416959999813e+03 2.287627503499999875e+03 2.303814445040000010e+03 2.319999278539999978e+03 2.336182040300000153e+03 2.352362766620000002e+03 2.368541492480000215e+03 2.384718252860000121e+03 2.400893084060000092e+03 2.417066019079999933e+03 2.433237094220000017e+03 2.449406342480000148e+03 2.465573798180000267e+03 2.481739495639999859e+03 2.497903467860000092e+03 2.514065747839999858e+03 2.530226369240000167e+03 2.546385364400000071e+03 2.562542766319999828e+03 2.578698606019999715e+03 2.594852917160000288e+03 2.611005731420000302e+03 2.627157079160000194e+03 2.643306992719999926e+03 2.659455503119999776e+03 2.675602641380000023e+03 2.691748437860000195e+03 2.707892923580000115e+03 2.724036125600000105e+03 2.740178082200000063e+03 2.756318817800000033e+03 2.772458358800000042e+03 2.788596744800000124e+03 2.804733995600000071e+03 2.820870137599999907e+03 2.837005210400000124e+03 2.853139240399999835e+03 2.869272253999999975e+03 2.885404277600000114e+03 2.901535344200000054e+03 2.917665473600000041e+03 2.933794705400000112e+03 2.949923059400000056e+03 2.966050568600000133e+03 2.982177252800000133e+03 2.998303144999999859e+03
5.614539302000000589e+02 5.781111422000001312e+02 5.947610678000000917e+02 6.114037730000000010e+02 6.280393040000001292e+02 6.446677202000000761e+02 6.612890876000001299e+02 6.779034457999998722e+02 6.945108674000000519e+02 7.111113986000000295e+02 7.277050987999998597e+02 7.442920274000000518e+02 7.608722372000001997e+02 7.774457809999998972e+02 7.940127181999998811e+02 8.105731081999999788e+02 8.271270038000000113e+02 8.436744578000000274e+02 8.602155295999998543e+02 8.767502786000000015e+02 8.932787509999998292e+02 9.098010061999998470e+02 9.263171102000001156e+02 9.428271025999999893e+02 9.593310493999999835e+02 9.758290033999999196e+02 9.923210174000000734e+02 1.008807144200000039e+03 1.025287449800000104e+03 1.041761980400000084e+03 1.058230795400000034e+03 1.074693947600000001e+03 1.091151489800000036e+03 1.107603481399999964e+03 1.124049975200000063e+03 1.140491030600000158e+03 1.156926687200000060e+03 1.173357017599999836e+03 1.189782061399999975e+03 1.206201884600000085e+03 1.222616533399999980e+03 1.239026060600000164e+03 1.255430532200000016e+03 1.271829981200000020e+03 1.288224480200000016e+03 1.304614075399999820e+03 1.320998812999999927e+03 1.337378752399999939e+03 1.353753952999999910e+03 1.370124454400000104e+03
2.216133128899999974e+03 2.232339628220000122e+03 2.248543805660000089e+03 2.264745698839999932e+03 2.280945344719999866e+03 2.297142780919999950e+03 2.313338044399999944e+03 2.329531171460000223e+03 2.345722199060000094e+03 2.361911162840000088e+03 2.378098099100000127e+03 2.394283043479999833e+03 2.410466030959999898e+03 2.426647096520000105e+03 2.442826275800000076e+03 2.459003603119999752e+03 2.475179112140000143e+03 2.491352837179999824e+03 2.507524812560000100e+03 2.523695071279999866e+03 2.539863647000000128e+03 2.556030572720000237e+03 2.572195881439999994e+03 2.588359605499999816e+03 2.604521777899999961e+03 2.620682429659999798e+03 2.636841593780000039e+03 2.652999301280000054e+03 2.669155583839999963e+03 2.685310472480000044e+03 2.701463999540000259e+03 2.717616193400000157e+03 2.733767086400000153e+03 2.749916712199999893e+03 2.766065090600000076e+03 2.782212267800000063e+03 2.798358256999999867e+03 2.814503097799999978e+03 2.830646816599999966e+03 2.846789446400000088e+03 2.862931007000000136e+03 2.879071538000000146e+03 2.895211065800000142e+03 2.911349610199999915e+03 2.927487210799999957e+03 2.943623887400000058e+03 2.959759673000000021e+03 2.975894593999999870e+03 2.992028676800000085e+03 3.008161954400000013e+03
5.705696522000000641e+02 5.872369028000000526e+02 6.038968670000001566e+02 6.205495975999999700e+02 6.371951606000000083e+02 6.538336021999998593e+02 6.704649884000000384e+02 6.870893654000001334e+02 7.037067925999999716e+02 7.203173294000000624e+02 7.369210285999999996e+02 7.535179496000000654e+02 7.701081451999998535e+02 7.866916747999998734e+02 8.032685845999999401e+02 8.198389406000001145e+02 8.364027955999999904e+02 8.529601958000000650e+02 8.695112137999999504e+02 8.860558891999999105e+02 9.025942880000000059e+02 9.191264563999998245e+02 9.356524538000001030e+02 9.521723395999999866e+02 9.686861599999999726e+02 9.851939809999998943e+02 1.001695842200000016e+03 1.018191809599999942e+03 1.034681935999999951e+03 1.051166274199999862e+03 1.067644883599999957e+03 1.084117810400000053e+03 1.100585113999999976e+03 1.117046847200000002e+03 1.133503069400000186e+03 1.149953826800000115e+03 1.166399172200000066e+03 1.182839171600000100e+03 1.199273864600000024e+03 1.215703310599999895e+03 1.232127568999999994e+03 1.248546679399999903e+03 1.264960707799999909e+03 1.281369700400000056e+03 1.297773716599999943e+03 1.314172802600000068e+03 1.330567011200000024e+03 1.346956401800000094e+03 1.363341014000000087e+03 1.379720913799999835e+03
2.226633572480000112e+03 2.242849564579999878e+03 2.259063201139999819e+03 2.275274519779999991e+03 2.291483557460000156e+03 2.307690353120000054e+03 2.323894943060000060e+03 2.340097364899999775e+03 2.356297654940000029e+03 2.372495849479999833e+03 2.388691984820000016e+03 2.404886097260000042e+03 2.421078221780000149e+03 2.437268394679999801e+03 2.453456650279999849e+03 2.469643023560000074e+03 2.485827548839999963e+03 2.502010261760000049e+03 2.518191194659999837e+03 2.534370383179999862e+03 2.550547860319999927e+03 2.566723659079999834e+03 2.582897812459999841e+03 2.599070354120000047e+03 2.615241317059999801e+03 2.631410732299999836e+03 2.647578633500000251e+03 2.663745052340000257e+03 2.679910019840000132e+03 2.696073569000000134e+03 2.712235728200000267e+03 2.728396534399999837e+03 2.744556013999999777e+03 2.760714193400000113e+03 2.776871118799999749e+03 2.793026803400000063e+03 2.809181280199999946e+03 2.825334588799999892e+03 2.841486755599999924e+03 2.857637800399999833e+03 2.873787762800000110e+03 2.889936669199999869e+03 2.906084552600000279e+03 2.922231432800000221e+03 2.938377349399999730e+03 2.954522315600000184e+03 2.970666377600000033e+03 2.986809548600000198e+03 3.002951868199999808e+03 3.019093356200000017e+03
5.807453474000001279e+02 5.974237519999999222e+02 6.140948702000000594e+02 6.307587547999999060e+02 6.474154585999999654e+02 6.640650409999998374e+02 6.807075614000000314e+02 6.973430791999999201e+02 7.139716406000000006e+02 7.305932984000000943e+02 7.472081252000000404e+02 7.638161606000001029e+02 7.804174706000001152e+02 7.970121080000001257e+02 8.136001190000001770e+02 8.301815695999998752e+02 8.467565125999999509e+02 8.633250007999999980e+02 8.798870935999998437e+02 8.964428371999999854e+02 9.129922910000000229e+02 9.295355144000000109e+02 9.460725535999999920e+02 9.626034679999997934e+02 9.791283103999999184e+02 9.956471335999999610e+02 1.012159990399999970e+03 1.028666946800000005e+03 1.045168042400000104e+03 1.061663336600000093e+03 1.078152882200000022e+03 1.094636738599999944e+03 1.111114951999999903e+03 1.127587581799999953e+03 1.144054674199999909e+03 1.160516295200000059e+03 1.176972484399999985e+03 1.193423301199999969e+03 1.209868798400000060e+03 1.226309028800000078e+03 1.242744045200000073e+03 1.259173900400000093e+03 1.275598647199999959e+03 1.292018338400000175e+03 1.308433026799999880e+03 1.324842758600000025e+03 1.341247593199999983e+03 1.357647583400000030e+03 1.374042775400000210e+03 1.390433220020000135e+03
