4.014202462400000059e+03 4.014036017000000356e+03 4.013870488999999907e+03 4.013705878400000074e+03 4.013542178599999716e+03 4.013379382999999962e+03 4.013217485000000124e+03 4.013056477999999970e+03 4.012896368599999732e+03 4.012737143600000309e+03 4.012578796400000101e+03 4.012421327000000019e+03 4.012264728799999830e+03 4.012109001799999987e+03 4.011954132800000025e+03 4.011800121799999943e+03 4.011646962200000416e+03 4.011494660599999861e+03 4.011343197199999850e+03 4.011192571999999927e+03 4.011042791599999873e+03 4.010893836199999896e+03 4.010745712400000230e+03 4.010598406999999952e+03 4.010451926599999751e+03 4.010306264599999849e+03 4.010161407799999779e+03 4.010017362799999773e+03 4.009874116400000275e+03 4.009731675200000154e+03 4.009590032600000086e+03 4.009449175400000058e+03 4.009309110199999850e+03 4.009169830400000137e+03 4.009031336000000010e+03 4.008893613799999912e+03 4.008756663799999842e+03 4.008620492600000034e+03 4.008485080399999788e+03 4.008350440399999570e+03 4.008216559399999824e+03 4.008083430800000315e+03 4.007951061199999913e+03 4.007819437399999970e+03 4.007688565999999810e+03 4.007558440400000109e+03 4.007429054000000178e+03 4.007300406800000019e+03 4.007172498799999630e+03 4.007045316799999910e+03
3.953165596400000140e+03 3.952915858999999728e+03 3.952667342599999756e+03 3.952420047200000226e+03 3.952173972800000229e+03 3.951929112799999984e+03 3.951685467199999948e+03 3.951443036000000120e+03 3.951201812600000267e+03 3.950961796999999933e+03 3.950722982600000250e+03 3.950485376000000088e+03 3.950248964000000342e+03 3.950013753199999883e+03 3.949779736999999841e+03 3.949546908799999983e+03 3.949315275199999633e+03 3.949084823000000142e+03 3.948855558799999926e+03 3.948627469399999882e+03 3.948400561399999788e+03 3.948174828199999865e+03 3.947950263199999881e+03 3.947726873000000069e+03 3.947504644399999961e+03 3.947283577400000013e+03 3.947063665399999991e+03 3.946844908400000350e+03 3.946627306400000180e+03 3.946410852799999702e+03 3.946195534399999815e+03 3.945981364399999620e+03 3.945768329600000015e+03 3.945556430000000091e+03 3.945345652399999835e+03 3.945136003399999936e+03 3.944927476400000160e+03 3.944720058200000040e+03 3.944513762000000042e+03 3.944308567999999923e+03 3.944104476200000136e+03 3.943901486599999771e+03 3.943699592599999960e+03 3.943498794199999793e+03 3.943299071599999934e+03 3.943100438000000395e+03 3.942902880200000254e+03 3.942706391599999733e+03 3.942510978799999975e+03 3.942316622000000280e+03
3.835603947800000242e+03 3.835453322599999865e+03 3.835303522400000020e+03 3.835154540600000018e+03 3.835006377199999861e+03 3.834859025599999768e+03 3.834712479199999962e+03 3.834566737999999987e+03 3.834421795400000065e+03 3.834277644799999962e+03 3.834134286200000133e+03 3.833991713000000345e+03 3.833849925200000143e+03 3.833708916200000203e+03 3.833568672800000058e+03 3.833429208200000176e+03 3.833290502599999854e+03 3.833152562600000238e+03 3.833015374999999949e+03 3.832878946400000132e+03 3.832743263600000319e+03 3.832608333199999834e+03 3.832474142000000029e+03 3.832340689999999995e+03 3.832207977200000187e+03 3.832075990400000137e+03 3.831944736200000079e+03 3.831814201400000002e+03 3.831684392600000137e+03 3.831555303199999798e+03 3.831426919999999882e+03 3.831299256199999945e+03 3.831172298599999976e+03 3.831046047200000430e+03 3.830920495399999709e+03 3.830795643200000086e+03 3.830671483999999964e+03 3.830548017799999798e+03 3.830425244600000042e+03 3.830303157800000008e+03 3.830181750800000373e+03 3.830061030200000005e+03 3.829940982799999802e+03 3.829821608600000218e+03 3.829702914200000123e+03 3.829584886399999959e+03 3.829467525199999727e+03 3.829350824000000102e+03 3.829234796000000188e+03 3.829119421399999737e+03
3.771751073000000360e+03 3.771525947000000087e+03 3.771301929799999925e+03 3.771079021399999874e+03 3.770857228400000167e+03 3.770636537600000338e+03 3.770416955599999710e+03 3.770198475799999869e+03 3.769981098199999906e+03 3.769764822799999820e+03 3.769549636400000054e+03 3.769335552200000166e+03 3.769122550400000364e+03 3.768910644200000206e+03 3.768699820400000135e+03 3.768490085600000384e+03 3.768281426600000032e+03 3.768073843399999987e+03 3.767867342600000029e+03 3.767661911000000146e+03 3.767457548600000337e+03 3.767254255400000147e+03 3.767052024800000254e+03 3.766850850199999968e+03 3.766650738199999978e+03 3.766451675600000272e+03 3.766253662400000394e+03 3.766056698599999891e+03 3.765860777599999892e+03 3.765665899399999944e+03 3.765472050800000034e+03 3.765279238400000395e+03 3.765087455599999885e+03 3.764896695800000089e+03 3.764706959000000097e+03 3.764518238600000132e+03 3.764330527999999958e+03 3.764143827200000032e+03 3.763958129600000120e+03 3.763773435199999767e+03 3.763589737400000104e+03 3.763407036200000221e+03 3.763225318400000106e+03 3.763044584000000214e+03 3.762864826399999856e+03 3.762686045600000398e+03 3.762508235000000241e+03 3.762331394599999840e+03 3.762155511200000092e+03 3.761980584800000088e+03
3.656973462800000107e+03 3.656838433400000213e+03 3.656704130000000077e+03 3.656570559199999934e+03 3.656437714400000004e+03 3.656305589000000055e+03 3.656174176399999851e+03 3.656043476599999849e+03 3.655913483000000269e+03 3.655784195600000203e+03 3.655655614400000104e+03 3.655527726199999961e+03 3.655400531000000228e+03 3.655274022200000218e+03 3.655148199799999929e+03 3.655023063800000273e+03 3.654898600999999871e+03 3.654774817999999868e+03 3.654651708200000030e+03 3.654529265000000123e+03 3.654407488400000148e+03 3.654286371799999870e+03 3.654165915200000200e+03 3.654046111999999994e+03 3.653926962200000162e+03 3.653808465799999794e+03 3.653690609600000244e+03 3.653573400199999924e+03 3.653456824400000187e+03 3.653340895400000136e+03 3.653225593399999980e+03 3.653110924999999952e+03 3.652996890200000053e+03 3.652883475800000269e+03 3.652770688399999926e+03 3.652658514800000376e+03 3.652546968200000265e+03 3.652436035400000037e+03 3.652325709799999913e+03 3.652215997999999672e+03 3.652106893399999990e+03 3.651998395999999957e+03 3.651890505800000028e+03 3.651783209600000191e+03 3.651676513999999770e+03 3.651570419000000129e+03 3.651464911399999892e+03 3.651359997800000201e+03 3.651255678200000148e+03 3.651151945999999953e+03
3.590288132000000132e+03 3.590087419399999817e+03 3.589887709999999970e+03 3.589689003800000137e+03 3.589491294200000084e+03 3.589294581199999811e+03 3.589098858199999995e+03 3.588904131799999959e+03 3.588710395399999925e+03 3.588517648999999892e+03 3.588325885999999628e+03 3.588135106400000041e+03 3.587945310199999767e+03 3.587756490799999938e+03 3.587568648200000098e+03 3.587381775800000014e+03 3.587195880199999920e+03 3.587010948199999802e+03 3.586826979800000117e+03 3.586643974999999955e+03 3.586461927199999991e+03 3.586280843000000004e+03 3.586100702599999750e+03 3.585921519200000148e+03 3.585743279600000278e+03 3.585565983800000140e+03 3.585389631799999734e+03 3.585214216999999735e+03 3.585039732799999911e+03 3.584866179200000261e+03 3.584693549600000097e+03 3.584521843999999874e+03 3.584351062400000046e+03 3.584181191600000147e+03 3.584012231600000177e+03 3.583844182400000136e+03 3.583677037399999790e+03 3.583510796599999594e+03 3.583345446799999991e+03 3.583180988000000070e+03 3.583017420199999833e+03 3.582854736799999955e+03 3.582692937799999982e+03 3.582532009999999900e+03 3.582371953400000166e+03 3.582212767999999869e+03 3.582054440599999907e+03 3.581896977800000059e+03 3.581740366400000312e+03 3.581584606399999757e+03
3.478269691399999829e+03 3.478150046599999769e+03 3.478031042000000070e+03 3.477912671000000046e+03 3.477794933600000149e+03 3.477677829799999927e+03 3.477561346399999820e+03 3.477445496600000297e+03 3.477330260599999747e+03 3.477215645000000222e+03 3.477101636599999892e+03 3.476988242000000355e+03 3.476875454600000012e+03 3.476763274400000228e+03 3.476651688200000081e+03 3.476540702600000259e+03 3.476430311000000074e+03 3.476320513399999982e+03 3.476211303199999747e+03 3.476102673800000048e+03 3.475994631800000207e+03 3.475887170599999990e+03 3.475780283600000075e+03 3.475673977399999785e+03 3.475568238799999563e+03 3.475463067800000317e+03 3.475358464400000230e+03 3.475254421999999977e+03 3.475150947199999791e+03 3.475048026800000116e+03 3.474945667399999820e+03 3.474843855799999801e+03 3.474742598599999837e+03 3.474641895799999929e+03 3.474541734200000064e+03 3.474442120400000022e+03 3.474343047800000022e+03 3.474244516400000066e+03 3.474146526200000153e+03 3.474049070600000050e+03 3.473952149599999757e+03 3.473855763200000183e+03 3.473759904800000186e+03 3.473664580999999998e+03 3.473569778600000063e+03 3.473475504199999705e+03 3.473381751200000053e+03 3.473288519599999745e+03 3.473195809400000144e+03 3.473103614000000107e+03
3.408803892799999630e+03 3.408627402199999779e+03 3.408451795999999831e+03 3.408277080800000022e+03 3.408103243399999883e+03 3.407930296999999882e+03 3.407758228400000007e+03 3.407587037600000258e+03 3.407416717999999946e+03 3.407247282799999994e+03 3.407078718799999933e+03 3.406911019399999986e+03 3.406744191199999932e+03 3.406578227599999991e+03 3.406413128600000164e+03 3.406248894199999995e+03 3.406085511199999928e+03 3.405922986200000196e+03 3.405761312599999656e+03 3.405600490400000126e+03 3.405440519599999789e+03 3.405281386999999995e+03 3.405123099200000070e+03 3.404965649599999779e+03 3.404809031599999798e+03 3.404653251799999907e+03 3.404498297000000093e+03 3.404344173800000135e+03 3.404190869000000021e+03 3.404038382599999750e+03 3.403886714600000232e+03 3.403735858400000325e+03 3.403585814000000028e+03 3.403436568199999783e+03 3.403288134200000059e+03 3.403140492200000153e+03 3.402993648799999846e+03 3.402847590800000035e+03 3.402702324800000042e+03 3.402557844199999636e+03 3.402414142399999946e+03 3.402271219399999609e+03 3.402129061999999976e+03 3.401987676800000372e+03 3.401847057200000108e+03 3.401707196599999861e+03 3.401568095000000085e+03 3.401429745800000092e+03 3.401292148999999881e+03 3.401155291400000351e+03
3.299497742000000017e+03 3.299393310200000087e+03 3.299289426199999980e+03 3.299186096599999928e+03 3.299083308199999919e+03 3.298981067599999733e+03 3.298879368200000044e+03 3.298778203400000166e+03 3.298677573200000097e+03 3.298577471000000060e+03 3.298477903400000287e+03 3.298378863799999635e+03 3.298280338999999913e+03 3.298182342200000221e+03 3.298084860200000094e+03 3.297987892999999985e+03 3.297891440600000351e+03 3.297795503000000281e+03 3.297700066999999763e+03 3.297605139199999940e+03 3.297510713000000123e+03 3.297416781800000081e+03 3.297323358800000278e+03 3.297230424200000016e+03 3.297137984599999982e+03 3.297046040000000175e+03 3.296954583799999909e+03 3.296863609399999859e+03 3.296773130000000037e+03 3.296683125800000198e+03 3.296593603400000120e+03 3.296504562799999803e+03 3.296415997400000379e+03 3.296327907200000027e+03 3.296240292200000113e+03 3.296153152400000181e+03 3.296066474600000220e+03 3.295980271999999786e+03 3.295894531400000233e+03 3.295809259399999974e+03 3.295724449399999685e+03 3.295640094800000043e+03 3.295556208799999695e+03 3.295472778199999993e+03 3.295389803000000029e+03 3.295307289800000035e+03 3.295225225399999999e+03 3.295143616399999701e+03 3.295062456200000270e+03 3.294981751399999666e+03
3.227276357599999756e+03 3.227123897599999964e+03 3.226972203199999967e+03 3.226821287599999778e+03 3.226671137600000293e+03 3.226521759799999927e+03 3.226373141000000032e+03 3.226225294400000166e+03 3.226078200200000083e+03 3.225931871599999795e+03 3.225786301999999978e+03 3.225641491399999722e+03 3.225497426599999926e+03 3.225354114199999913e+03 3.225211554200000137e+03 3.225069739999999911e+03 3.224928671599999689e+03 3.224788348999999926e+03 3.224648758999999700e+03 3.224509908199999700e+03 3.224371790000000146e+03 3.224234411000000364e+03 3.224097751400000107e+03 3.223961824400000296e+03 3.223826616800000011e+03 3.223692128599999705e+03 3.223558359799999835e+03 3.223425310399999944e+03 3.223292967200000021e+03 3.223161336799999845e+03 3.223030405999999857e+03 3.222900181400000292e+03 3.222770656400000007e+03 3.222641824399999678e+03 3.222513685400000213e+03 3.222386239399999795e+03 3.222259473199999775e+03 3.222133393400000386e+03 3.222007993400000032e+03 3.221883266599999843e+03 3.221759219600000051e+03 3.221635832599999958e+03 3.221513112199999796e+03 3.221391058400000020e+03 3.221269664599999942e+03 3.221148917600000004e+03 3.221028830600000219e+03 3.220909383799999887e+03 3.220790583799999695e+03 3.220672423999999864e+03
3.120663528199999746e+03 3.120574184000000059e+03 3.120485301800000343e+03 3.120396881599999688e+03 3.120308930000000146e+03 3.120221433799999886e+03 3.120134392999999818e+03 3.120047807599999942e+03 3.119961677600000257e+03 3.119875996400000076e+03 3.119790757400000075e+03 3.119705967199999577e+03 3.119621619200000168e+03 3.119537713400000030e+03 3.119454243199999837e+03 3.119371208599999591e+03 3.119288602999999966e+03 3.119206432999999834e+03 3.119124691999999868e+03 3.119043380000000070e+03 3.118962496999999985e+03 3.118882029800000055e+03 3.118801991599999837e+03 3.118722369199999775e+03 3.118643162599999869e+03 3.118564378400000351e+03 3.118486003400000300e+03 3.118408044199999949e+03 3.118330494199999976e+03 3.118253353400000378e+03 3.118176621800000248e+03 3.118100292799999806e+03 3.118024373000000196e+03 3.117948855799999819e+03 3.117873741200000040e+03 3.117799022600000171e+03 3.117724706599999990e+03 3.117650786600000174e+03 3.117577269200000046e+03 3.117504141200000049e+03 3.117431402600000183e+03 3.117359066600000006e+03 3.117287113400000180e+03 3.117215556199999810e+03 3.117144381799999792e+03 3.117073603400000138e+03 3.117003207799999927e+03 3.116933194999999614e+03 3.116863571599999887e+03 3.116794331000000057e+03
3.045720185000000129e+03 3.045591564199999993e+03 3.045463609999999790e+03 3.045336302600000181e+03 3.045209648600000037e+03 3.045083647999999812e+03 3.044958294199999727e+03 3.044833593800000017e+03 3.044709533600000213e+03 3.044586120200000096e+03 3.044463346999999885e+03 3.044341220600000270e+03 3.044219721200000095e+03 3.044098868600000060e+03 3.043978642999999920e+03 3.043859057600000142e+03 3.043740092600000025e+03 3.043621761200000037e+03 3.043504056799999944e+03 3.043386972799999967e+03 3.043270509200000106e+03 3.043154665999999906e+03 3.043039436600000045e+03 3.042924821000000065e+03 3.042810819199999969e+03 3.042697424599999977e+03 3.042584630599999855e+03 3.042472443800000292e+03 3.042360857599999690e+03 3.042249871999999868e+03 3.042139480400000139e+03 3.042029676199999813e+03 3.041920466000000033e+03 3.041811836599999879e+03 3.041703794600000037e+03 3.041596333399999821e+03 3.041489453000000140e+03 3.041383140200000071e+03 3.041277401599999848e+03 3.041172237199999927e+03 3.041067633799999840e+03 3.040963591400000041e+03 3.040860110000000077e+03 3.040757182999999714e+03 3.040654817000000094e+03 3.040552992200000062e+03 3.040451721800000087e+03 3.040350992600000154e+03 3.040250798000000032e+03 3.040151151200000186e+03
2.941774507999999969e+03 2.941700165600000219e+03 2.941626199400000132e+03 2.941552615999999944e+03 2.941479415400000107e+03 2.941406590999999935e+03 2.941334136200000103e+03 2.941262064200000168e+03 2.941190361800000119e+03 2.941119028999999955e+03 2.941048059199999898e+03 2.940977459000000181e+03 2.940907221800000116e+03 2.940837347600000157e+03 2.940767836399999851e+03 2.940698681599999873e+03 2.940629883200000222e+03 2.940561441199999990e+03 2.940493355600000086e+03 2.940425619799999822e+03 2.940358233800000107e+03 2.940291191000000254e+03 2.940224504599999818e+03 2.940158161400000154e+03 2.940092161399999895e+03 2.940026504599999953e+03 2.939961190999999872e+03 2.939896213999999873e+03 2.939831580200000190e+03 2.939767283000000134e+03 2.939703322400000161e+03 2.939639698400000270e+03 2.939576404399999774e+03 2.939513447000000269e+03 2.939450826199999938e+03 2.939388528800000131e+03 2.939326561400000173e+03 2.939264924000000065e+03 2.939203616599999805e+03 2.939142632600000070e+03 2.939081978600000184e+03 2.939021647999999914e+03 2.938961640800000168e+03 2.938901957000000039e+03 2.938842590000000200e+03 2.938783553000000211e+03 2.938724832800000058e+03 2.938666429400000197e+03 2.938608349399999952e+03 2.938550586199999998e+03
2.864137255999999979e+03 2.864032315999999810e+03 2.863927917200000138e+03 2.863824059600000055e+03 2.863720730000000003e+03 2.863617935000000216e+03 2.863515674600000239e+03 2.863413942199999838e+03 2.863312737799999923e+03 2.863212061400000039e+03 2.863111913000000186e+03 2.863012286000000131e+03 2.862913180399999874e+03 2.862814602800000102e+03 2.862716539999999895e+03 2.862618992000000162e+03 2.862521958799999993e+03 2.862425440399999843e+03 2.862329430199999933e+03 2.862233934800000043e+03 2.862138947599999938e+03 2.862044461999999839e+03 2.861950477999999748e+03 2.861856995600000118e+03 2.861764014800000041e+03 2.861671529000000191e+03 2.861579538200000115e+03 2.861488035800000034e+03 2.861397028399999726e+03 2.861306502800000089e+03 2.861216465599999992e+03 2.861126910200000111e+03 2.861037836599999991e+03 2.860949238199999854e+03 2.860861115000000154e+03 2.860773466999999982e+03 2.860686287600000014e+03 2.860599576800000250e+03 2.860513334599999780e+03 2.860427547799999957e+03 2.860342229599999882e+03 2.860257360200000221e+03 2.860172952800000076e+03 2.860088994199999888e+03 2.860005484400000114e+03 2.859922423400000298e+03 2.859839804600000207e+03 2.859757634600000074e+03 2.859675893600000109e+03 2.859594594799999868e+03
2.762840059999999994e+03 2.762780653400000119e+03 2.762721550400000069e+03 2.762662750999999844e+03 2.762604248600000119e+03 2.762546049800000219e+03 2.762488141400000131e+03 2.762430536599999868e+03 2.762373222199999873e+03 2.762316198200000144e+03 2.762259464599999774e+03 2.762203027999999904e+03 2.762146868599999834e+03 2.762091006200000265e+03 2.762035421000000042e+03 2.761980126200000086e+03 2.761925108599999930e+03 2.761870374799999809e+03 2.761815924800000175e+03 2.761761745400000109e+03 2.761707849800000076e+03 2.761654231399999844e+03 2.761600883600000088e+03 2.761547813000000133e+03 2.761495013000000199e+03 2.761442483599999832e+03 2.761390231399999720e+03 2.761338243199999852e+03 2.761286525600000004e+03 2.761235078599999724e+03 2.761183895600000142e+03 2.761132983200000126e+03 2.761082328200000120e+03 2.761031943800000136e+03 2.760981823399999939e+03 2.760931960400000207e+03 2.760882361400000264e+03 2.760833026400000108e+03 2.760783948799999962e+03 2.760735135200000059e+03 2.760686579000000165e+03 2.760638280199999826e+03 2.760590238799999952e+03 2.760542454800000087e+03 2.760494928199999777e+03 2.760447658999999931e+03 2.760400640599999861e+03 2.760353879600000255e+03 2.760307375999999749e+03 2.760261116600000150e+03
2.682533181259999765e+03 2.682451775540000199e+03 2.682370788919999995e+03 2.682290219420000085e+03 2.682210065719999875e+03 2.682130327820000275e+03 2.682051003080000100e+03 2.681972091499999806e+03 2.681893591099999867e+03 2.681815501219999987e+03 2.681737819880000188e+03 2.681660546420000173e+03 2.681583678859999964e+03 2.681507215879999876e+03 2.681431156159999773e+03 2.681355498379999972e+03 2.681280240560000038e+03 2.681205381379999835e+03 2.681130919520000134e+03 2.681056853000000046e+03 2.680983179840000048e+03 2.680909899379999842e+03 2.680837008980000064e+03 2.680764507320000121e+03 2.680692393080000329e+03 2.680620663619999959e+03 2.680549317619999783e+03 2.680478352439999981e+03 2.680407767419999800e+03 2.680337560580000172e+03 2.680267729279999912e+03 2.680198271539999951e+03 2.680129186040000150e+03 2.680060470800000076e+03 2.679992123840000204e+03 2.679924142519999805e+03 2.679856524859999809e+03 2.679789270199999919e+03 2.679722374580000178e+03 2.679655837339999835e+03 2.679589656499999819e+03 2.679523828760000015e+03 2.679458353460000126e+03 2.679393227300000035e+03 2.679328448960000060e+03 2.679264015799999925e+03 2.679199926499999947e+03 2.679136178419999851e+03 2.679072768919999817e+03 2.679009697340000002e+03
2.583867661340000268e+03 2.583823165459999927e+03 2.583778894640000090e+03 2.583734848879999845e+03 2.583691026200000124e+03 2.583647425279999879e+03 2.583604045459999725e+03 2.583560885419999977e+03 2.583517943179999747e+03 2.583475218739999946e+03 2.583432710119999683e+03 2.583390417319999870e+03 2.583348337700000229e+03 2.583306471920000149e+03 2.583264818000000105e+03 2.583223375280000255e+03 2.583182142440000007e+03 2.583141118819999974e+03 2.583100303100000019e+03 2.583059695280000142e+03 2.583019293379999908e+03 2.582979097399999773e+03 2.582939106020000054e+03 2.582899319239999841e+03 2.582859735080000064e+03 2.582820353539999815e+03 2.582781173960000160e+03 2.582742195020000054e+03 2.582703416719999950e+03 2.582664837740000166e+03 2.582626458079999793e+03 2.582588276420000057e+03 2.582550292099999751e+03 2.582512505780000083e+03 2.582474915480000163e+03 2.582437521199999992e+03 2.582400322280000182e+03 2.582363318059999983e+03 2.582326508539999850e+03 2.582289892400000099e+03 2.582253470300000117e+03 2.582217240920000222e+03 2.582181203600000117e+03 2.582145359000000099e+03 2.582109705800000029e+03 2.582074243999999908e+03 2.582038972939999894e+03 2.582003892619999988e+03 2.581969001720000051e+03 2.581934301559999767e+03
2.500913548340000034e+03 2.500855552819999957e+03 2.500797856279999905e+03 2.500740457400000196e+03 2.500683356179999919e+03 2.500626551299999846e+03 2.500570041439999841e+03 2.500513825940000061e+03 2.500457904800000051e+03 2.500402275379999992e+03 2.500346938340000179e+03 2.500291891700000178e+03 2.500237135459999990e+03 2.500182666980000249e+03 2.500128486260000045e+03 2.500074591980000150e+03 2.500020983479999813e+03 2.499967658779999965e+03 2.499914617219999855e+03 2.499861857480000253e+03 2.499809378240000115e+03 2.499757178840000051e+03 2.499705257300000085e+03 2.499653612959999919e+03 2.499602243840000028e+03 2.499551148620000276e+03 2.499500327300000208e+03 2.499449777240000003e+03 2.499399497119999978e+03 2.499349486279999837e+03 2.499299742740000056e+03 2.499250265180000042e+03 2.499201052280000113e+03 2.499152103379999971e+03 2.499103415179999956e+03 2.499054988339999909e+03 2.499006819560000167e+03 2.498958908839999822e+03 2.498911253539999962e+03 2.498863852999999835e+03 2.498816705239999919e+03 2.498769808940000075e+03 2.498723162780000166e+03 2.498676764779999758e+03 2.498630613620000076e+03 2.498584707980000076e+03 2.498539046540000072e+03 2.498493627320000087e+03 2.498448448340000141e+03 2.498403509599999779e+03
2.404862500940000245e+03 2.404832905879999998e+03 2.404803459320000002e+03 2.404774161920000097e+03 2.404745012360000146e+03 2.404716009320000012e+03 2.404687152139999853e+03 2.404658440820000123e+03 2.404629873379999935e+03 2.404601450480000040e+03 2.404573170140000002e+03 2.404545032359999823e+03 2.404517036480000115e+03 2.404489181840000128e+03 2.404461467120000179e+03 2.404433892319999813e+03 2.404406456780000099e+03 2.404379159839999829e+03 2.404352000179999777e+03 2.404324978460000239e+03 2.404298093360000166e+03 2.404271344220000174e+03 2.404244731040000261e+03 2.404218253160000131e+03 2.404191909260000102e+03 2.404165700000000015e+03 2.404139624720000029e+03 2.404113682100000005e+03 2.404087872799999786e+03 2.404062195500000144e+03 2.404036650200000167e+03 2.404011236240000017e+03 2.403985954279999987e+03 2.403960802340000100e+03 2.403935780419999901e+03 2.403910889180000140e+03 2.403886127300000226e+03 2.403861495439999999e+03 2.403836991619999935e+03 2.403812617160000173e+03 2.403788371399999960e+03 2.403764253020000069e+03 2.403740263340000183e+03 2.403716400379999868e+03 2.403692665460000171e+03 2.403669057260000045e+03 2.403645576439999786e+03 2.403622221680000166e+03 2.403598993640000117e+03 2.403575892320000094e+03
2.319274562900000092e+03 2.319239892439999949e+03 2.319205400840000038e+03 2.319171088099999906e+03 2.319136952899999869e+03 2.319102995239999927e+03 2.319069213799999943e+03 2.319035609240000213e+03 2.319002180240000143e+03 2.318968926800000190e+03 2.318935847599999761e+03 2.318902942640000219e+03 2.318870211259999905e+03 2.318837652140000046e+03 2.318805265280000185e+03 2.318773049360000186e+03 2.318741005039999891e+03 2.318709129679999933e+03 2.318677424599999995e+03 2.318645887820000098e+03 2.318614518679999946e+03 2.318583317179999995e+03 2.318552281339999809e+03 2.318521411159999843e+03 2.318490706640000099e+03 2.318460165139999845e+03 2.318429787319999832e+03 2.318399571859999924e+03 2.318369518099999823e+03 2.318339624719999847e+03 2.318309891060000155e+03 2.318280317119999836e+03 2.318250900919999822e+03 2.318221641799999816e+03 2.318192539099999976e+03 2.318163592160000007e+03 2.318134800320000068e+03 2.318106161600000178e+03 2.318077675999999883e+03 2.318049342199999955e+03 2.318021159540000099e+03 2.317993127360000017e+03 2.317965243679999730e+03 2.317937509159999991e+03 2.317909921160000067e+03 2.317882480340000257e+03 2.317855184720000125e+03 2.317828033639999830e+03 2.317801026439999987e+03 2.317774162459999843e+03
2.225847862940000141e+03 2.225833150219999879e+03 2.225818511420000050e+03 2.225803947200000039e+03 2.225789455579999867e+03 2.225775037219999831e+03 2.225760691460000089e+03 2.225746417639999891e+03 2.225732216419999986e+03 2.225718085819999942e+03 2.225704027159999896e+03 2.225690039120000165e+03 2.225676121039999998e+03 2.225662273580000146e+03 2.225648495420000017e+03 2.225634787219999907e+03 2.225621148319999975e+03 2.225607578059999923e+03 2.225594076440000208e+03 2.225580642800000078e+03 2.225567277799999829e+03 2.225553980120000233e+03 2.225540750420000222e+03 2.225527587380000114e+03 2.225514491660000203e+03 2.225501463260000037e+03 2.225488500859999931e+03 2.225475604459999886e+03 2.225462774720000198e+03 2.225450010319999819e+03 2.225437312579999798e+03 2.225424679520000154e+03 2.225412111799999821e+03 2.225399610080000002e+03 2.225387172379999811e+03 2.225374800019999839e+03 2.225362492340000244e+03 2.225350248679999822e+03 2.225338069699999778e+03 2.225325954739999816e+03 2.225313903799999935e+03 2.225301916880000135e+03 2.225289993320000121e+03 2.225278133780000189e+03 2.225266338259999884e+03 2.225254605439999978e+03 2.225242935979999856e+03 2.225231329879999976e+03 2.225219787139999880e+03 2.225208307100000184e+03
2.137628575520000140e+03 2.137617176000000200e+03 2.137605835219999790e+03 2.137594553179999821e+03 2.137583329879999837e+03 2.137572164659999999e+03 2.137561057519999849e+03 2.137550009120000141e+03 2.137539017479999984e+03 2.137528084579999813e+03 2.137517208440000104e+03 2.137506389719999788e+03 2.137495628419999775e+03 2.137484923219999928e+03 2.137474275439999928e+03 2.137463683760000094e+03 2.137453148179999971e+03 2.137442669359999854e+03 2.137432245320000220e+03 2.137421877379999842e+03 2.137411564879999787e+03 2.137401307160000215e+03 2.137391104220000216e+03 2.137380956059999789e+03 2.137370862020000004e+03 2.137360822099999950e+03 2.137350836300000083e+03 2.137340903299999809e+03 2.137331024420000176e+03 2.137321197679999841e+03 2.137311424399999851e+03 2.137301703260000068e+03 2.137292034260000037e+03 2.137282416739999917e+03 2.137272851360000004e+03 2.137263336800000161e+03 2.137253873720000229e+03 2.137244460800000070e+03 2.137235098699999980e+03 2.137225786760000119e+03 2.137216524320000190e+03 2.137207311380000192e+03 2.137198147940000126e+03 2.137189033340000151e+03 2.137179967579999811e+03 2.137170949339999879e+03 2.137161979940000037e+03 2.137153058060000149e+03 2.137144183039999916e+03 2.137135355540000091e+03
2.046814922856199928e+03 2.046815101768999966e+03 2.046815280404599889e+03 2.046815458776200103e+03 2.046815636877199950e+03 2.046815814720800063e+03 2.046815992306999988e+03 2.046816169642399927e+03 2.046816346720399906e+03 2.046816523554200103e+03 2.046816700143800063e+03 2.046816876495799988e+03 2.046817052610200108e+03 2.046817228486999966e+03 2.046817404132799993e+03 2.046817579554199938e+03 2.046817754744600052e+03 2.046817929717200059e+03 2.046818104465399983e+03 2.046818278995800028e+03 2.046818453314999942e+03 2.046818627422999953e+03 2.046818801319800059e+03 2.046818975005400034e+03 2.046819148493000057e+03 2.046819321769399949e+03 2.046819494847799888e+03 2.046819667728200102e+03 2.046819840410599909e+03 2.046820012894999991e+03 2.046820185181399893e+03 2.046820357283000021e+03 2.046820529186599970e+03 2.046820700905399917e+03 2.046820872426199912e+03 2.046821043768800109e+03 2.046821214920000102e+03 2.046821385886400094e+03 2.046821556668000085e+03 2.046821727264800074e+03 2.046821897676800063e+03 2.046822067904000050e+03 2.046822237953000013e+03 2.046822407817199974e+03 2.046822577496599934e+03 2.046822746997800095e+03 2.046822916314200029e+03 2.046823085445799961e+03 2.046823254399200096e+03 2.046823423167800001e+03
1.955966043919999947e+03 1.955977897519999942e+03 1.955989689080000062e+03 1.956001419259999921e+03 1.956013088720000042e+03 1.956024697459999970e+03 1.956036244820000093e+03 1.956047732120000092e+03 1.956059159359999967e+03 1.956070525880000105e+03 1.956081833660000029e+03 1.956093080719999989e+03 1.956104269039999963e+03 1.956115398619999951e+03 1.956126468800000112e+03 1.956137480240000059e+03 1.956148433600000089e+03 1.956159328879999975e+03 1.956170166740000013e+03 1.956180946519999907e+03 1.956191668879999952e+03 1.956202334479999990e+03 1.956212943980000091e+03 1.956223496059999889e+03 1.956233992700000044e+03 1.956244432579999966e+03 1.956254817680000087e+03 1.956265147340000112e+03 1.956275421560000041e+03 1.956285641660000010e+03 1.956295806979999952e+03 1.956305918179999935e+03 1.956315975920000028e+03 1.956325979539999935e+03 1.956335931020000089e+03 1.956345829039999899e+03 1.956355674259999887e+03 1.956365467339999896e+03 1.956375208939999993e+03 1.956384898400000111e+03 1.956394537039999932e+03 1.956404124859999911e+03 1.956413661199999979e+03 1.956423148039999887e+03 1.956432584720000023e+03 1.956441971239999930e+03 1.956451308919999974e+03 1.956460597759999928e+03 1.956469837099999950e+03 1.956479028920000019e+03
1.867790318479999996e+03 1.867805377700000008e+03 1.867820361679999905e+03 1.867835271740000053e+03 1.867850107219999927e+03 1.867864870099999962e+03 1.867879559060000020e+03 1.867894175420000010e+03 1.867908719840000003e+03 1.867923192319999998e+03 1.867937592859999995e+03 1.867951922120000063e+03 1.867966180099999974e+03 1.867980368120000094e+03 1.867994485520000126e+03 1.868008532959999911e+03 1.868022511099999974e+03 1.868036419940000087e+03 1.868050259480000022e+03 1.868064030380000077e+03 1.868077732640000022e+03 1.868091366919999928e+03 1.868104933220000021e+03 1.868118431540000074e+03 1.868131862539999929e+03 1.868145226879999882e+03 1.868158523900000091e+03 1.868171754259999943e+03 1.868184918619999962e+03 1.868198016320000079e+03 1.868211048019999907e+03 1.868224013719999903e+03 1.868236914079999906e+03 1.868249748440000076e+03 1.868262518120000095e+03 1.868275222459999895e+03 1.868287861459999931e+03 1.868300435780000043e+03 1.868312946080000074e+03 1.868325391039999886e+03 1.868337772639999912e+03 1.868350088899999946e+03 1.868362341799999967e+03 1.868374530679999907e+03 1.868386655539999992e+03 1.868398717040000065e+03 1.868410714520000056e+03 1.868422649300000103e+03 1.868434520060000068e+03 1.868446327460000020e+03
1.774334136980000039e+03 1.774369265479999967e+03 1.774404212480000069e+03 1.774438977979999891e+03 1.774473563300000023e+03 1.774507969100000082e+03 1.774542195380000067e+03 1.774576242800000045e+03 1.774610112679999929e+03 1.774643805019999945e+03 1.774677319820000093e+03 1.774710659060000125e+03 1.774743822740000041e+03 1.774776810860000069e+03 1.774809625399999959e+03 1.774842266359999940e+03 1.774874735059999921e+03 1.774907030840000061e+03 1.774939156339999954e+03 1.774971110240000144e+03 1.775002895179999996e+03 1.775034510500000124e+03 1.775065958180000052e+03 1.775097238220000008e+03 1.775128351939999902e+03 1.775159299339999961e+03 1.775190081740000096e+03 1.775220700459999989e+03 1.775251156159999937e+03 1.775281449500000008e+03 1.775311580479999975e+03 1.775341551739999886e+03 1.775371362619999900e+03 1.775401015099999995e+03 1.775430509840000013e+03 1.775459846839999955e+03 1.775489028080000026e+03 1.775518053559999998e+03 1.775546925260000080e+03 1.775575643839999884e+03 1.775604209300000093e+03 1.775632623620000004e+03 1.775660887459999913e+03 1.775689000820000047e+03 1.775716966339999999e+03 1.775744784019999997e+03 1.775772454519999883e+03 1.775799979160000021e+03 1.775827358600000025e+03 1.775854594160000033e+03
1.688769863239999950e+03 1.688799810080000043e+03 1.688829607099999976e+03 1.688859254960000044e+03 1.688888754319999862e+03 1.688918106500000022e+03 1.688947312159999910e+03 1.688976371960000051e+03 1.689005286560000059e+03 1.689034057280000070e+03 1.689062684120000085e+03 1.689091167739999946e+03 1.689119509460000017e+03 1.689147709939999913e+03 1.689175769180000088e+03 1.689203688499999998e+03 1.689231467900000098e+03 1.689259108700000070e+03 1.689286610899999914e+03 1.689313975159999927e+03 1.689341202800000019e+03 1.689368293819999963e+03 1.689395248219999985e+03 1.689422067319999996e+03 1.689448751119999997e+03 1.689475300940000125e+03 1.689501716119999855e+03 1.689527997980000009e+03 1.689554145860000062e+03 1.689580161739999994e+03 1.689606045620000032e+03 1.689631796839999879e+03 1.689657417379999970e+03 1.689682905919999939e+03 1.689708264439999994e+03 1.689733491619999995e+03 1.689758589439999923e+03 1.689783557900000005e+03 1.689808396339999945e+03 1.689833105420000038e+03 1.689857686459999968e+03 1.689882138800000121e+03 1.689906462440000041e+03 1.689930658700000095e+03 1.689954726919999985e+03 1.689978667760000008e+03 1.690002481219999936e+03 1.690026167960000066e+03 1.690049727979999943e+03 1.690073161280000022e+03
1.592695230079999874e+03 1.592753688920000059e+03 1.592811846800000012e+03 1.592869703719999961e+03 1.592927261000000044e+03 1.592984519300000102e+03 1.593041479940000045e+03 1.593098142920000100e+03 1.593154510220000020e+03 1.593210582499999873e+03 1.593266361080000024e+03 1.593321846620000088e+03 1.593377039779999905e+03 1.593431941880000068e+03 1.593486554900000101e+03 1.593540878840000005e+03 1.593594915679999986e+03 1.593648666080000112e+03 1.593702131360000067e+03 1.593755312839999988e+03 1.593808211179999944e+03 1.593860829019999983e+03 1.593913166360000105e+03 1.593965225180000061e+03 1.594017006139999921e+03 1.594068511219999891e+03 1.594119741739999881e+03 1.594170698359999960e+03 1.594221383719999949e+03 1.594271797820000074e+03 1.594321942640000088e+03 1.594371820159999970e+03 1.594421431700000085e+03 1.594470777920000046e+03 1.594519860800000060e+03 1.594568681660000038e+03 1.594617241819999890e+03 1.594665543260000049e+03 1.594713587960000041e+03 1.594761375919999864e+03 1.594808909780000022e+03 1.594856190859999970e+03 1.594903220480000073e+03 1.594949999960000014e+03 1.594996531279999999e+03 1.595042816420000008e+03 1.595088856039999882e+03 1.595134651459999986e+03 1.595180205319999914e+03 1.595225518279999960e+03
1.509766183879999971e+03 1.509811025599999994e+03 1.509855641600000126e+03 1.509900032539999984e+03 1.509944199739999931e+03 1.509988143860000037e+03 1.510031867539999894e+03 1.510075370779999957e+03 1.510118655559999979e+03 1.510161721880000187e+03 1.510204571719999876e+03 1.510247205740000027e+03 1.510289625920000162e+03 1.510331831599999987e+03 1.510373825420000003e+03 1.510415608040000052e+03 1.510457179460000134e+03 1.510498541660000001e+03 1.510539694640000107e+03 1.510580640379999977e+03 1.510621379539999907e+03 1.510661912120000125e+03 1.510702239440000085e+03 1.510742362160000084e+03 1.510782281599999806e+03 1.510821998420000000e+03 1.510861513280000054e+03 1.510900826179999967e+03 1.510939938439999878e+03 1.510978851379999924e+03 1.511017564339999808e+03 1.511056078639999896e+03 1.511094394940000029e+03 1.511132513900000049e+03 1.511170436180000024e+03 1.511208161779999955e+03 1.511245692019999979e+03 1.511283026900000095e+03 1.511320166420000078e+03 1.511357112559999905e+03 1.511393864659999963e+03 1.511430423379999866e+03 1.511466789379999909e+03 1.511502962660000094e+03 1.511538944540000102e+03 1.511574734360000093e+03 1.511610333439999977e+03 1.511645741119999911e+03 1.511680958720000035e+03 1.511715986239999893e+03
1.411066260800000009e+03 1.411148143699999991e+03 1.411229604860000109e+03 1.411310646259999885e+03 1.411391268559999844e+03 1.411471473739999965e+03 1.411551261800000020e+03 1.411630635380000058e+03 1.411709594479999851e+03 1.411788141739999901e+03 1.411866277160000209e+03 1.411944003380000140e+03 1.412021320400000150e+03 1.412098230860000058e+03 1.412174736080000002e+03 1.412250837380000121e+03 1.412326536739999938e+03 1.412401834819999976e+03 1.412476734260000057e+03 1.412551235720000022e+03 1.412625341840000146e+03 1.412699053280000044e+03 1.412772372679999989e+03 1.412845302019999963e+03 1.412917841960000032e+03 1.412989995139999792e+03 1.413061762880000060e+03 1.413133147819999976e+03 1.413204151279999905e+03 1.413274775240000054e+03 1.413345021680000173e+03 1.413414892580000014e+03 1.413484389260000171e+03 1.413553515019999850e+03 1.413622270520000029e+03 1.413690659059999916e+03 1.413758681300000035e+03 1.413826340540000047e+03 1.413893638099999862e+03 1.413960575959999915e+03 1.414027156759999798e+03 1.414093382479999946e+03 1.414159254440000041e+03 1.414224775939999972e+03 1.414289948300000106e+03 1.414354773499999965e+03 1.414419254179999825e+03 1.414483392319999894e+03 1.414547189899999921e+03 1.414610648899999887e+03
1.330788164000000052e+03 1.330847913800000015e+03 1.330907366599999932e+03 1.330966515800000025e+03 1.331025361399999838e+03 1.331083909999999833e+03 1.331142155000000002e+03 1.331200109599999905e+03 1.331257767199999989e+03 1.331315134400000034e+03 1.331372211200000038e+03 1.331428997600000002e+03 1.331485493600000154e+03 1.331541699200000039e+03 1.331597620999999890e+03 1.331653265599999941e+03 1.331708619799999951e+03 1.331763690199999928e+03 1.331818483399999877e+03 1.331872999400000026e+03 1.331927238199999920e+03 1.331981199800000013e+03 1.332034877600000073e+03 1.332088291399999889e+03 1.332141427999999905e+03 1.332194287400000121e+03 1.332246882800000094e+03 1.332299201000000039e+03 1.332351255199999969e+03 1.332403038800000104e+03 1.332454558399999996e+03 1.332505807400000094e+03 1.332556792400000177e+03 1.332607513400000016e+03 1.332657970400000067e+03 1.332708163400000103e+03 1.332758092399999896e+03 1.332807757399999900e+03 1.332857164999999895e+03 1.332906315199999881e+03 1.332955201400000078e+03 1.333003830199999811e+03 1.333052201599999989e+03 1.333100315600000158e+03 1.333148172200000090e+03 1.333195771400000012e+03 1.333243119799999931e+03 1.333290210800000068e+03 1.333337044399999968e+03 1.333383627199999864e+03
1.229443269800000053e+03 1.229548704799999996e+03 1.229653598599999896e+03 1.229757951199999980e+03 1.229861769200000026e+03 1.229965052600000035e+03 1.230067801400000008e+03 1.230170015600000170e+03 1.230271701799999846e+03 1.230372853399999940e+03 1.230473483600000009e+03 1.230573579200000040e+03 1.230673160000000053e+03 1.230772212800000034e+03 1.230870744199999990e+03 1.230968754200000149e+03 1.231066249400000061e+03 1.231163229799999954e+03 1.231259695400000055e+03 1.231355652799999916e+03 1.231451095399999986e+03 1.231546036400000048e+03 1.231640475800000104e+03 1.231734406999999919e+03 1.231827836599999955e+03 1.231920771199999990e+03 1.232013204200000018e+03 1.232105148799999824e+03 1.232196598399999857e+03 1.232287566199999901e+03 1.232378038999999944e+03 1.232468029999999999e+03 1.232557539200000065e+03 1.232646573200000148e+03 1.232735125400000015e+03 1.232823202399999900e+03 1.232910810800000036e+03 1.232997950599999967e+03 1.233084621799999923e+03 1.233170830999999907e+03 1.233256578200000149e+03 1.233341863399999966e+03 1.233426693200000045e+03 1.233511067599999933e+03 1.233594999800000096e+03 1.233678476600000067e+03 1.233761504600000080e+03 1.233844097000000147e+03 1.233926240600000028e+03 1.234007955199999969e+03
1.151842192399999931e+03 1.151916897800000015e+03 1.151991213799999969e+03 1.152065147000000024e+03 1.152138703999999962e+03 1.152211878200000001e+03 1.152284682800000155e+03 1.152357104599999957e+03 1.152429163400000107e+03 1.152500845999999910e+03 1.152572158999999829e+03 1.152643109000000095e+03 1.152713695999999800e+03 1.152783913400000074e+03 1.152853774400000020e+03 1.152923279000000093e+03 1.152992420600000059e+03 1.153061212399999931e+03 1.153129647799999930e+03 1.153197726800000055e+03 1.153265456000000086e+03 1.153332842000000028e+03 1.153399871600000097e+03 1.153466558000000077e+03 1.153532901199999969e+03 1.153598901200000000e+03 1.153664557999999943e+03 1.153729871600000024e+03 1.153794848600000023e+03 1.153859488999999940e+03 1.153923786199999995e+03 1.153987753399999974e+03 1.154051383999999871e+03 1.154114677999999913e+03 1.154177642000000105e+03 1.154240275999999994e+03 1.154302580000000034e+03 1.154364553999999998e+03 1.154426198000000113e+03 1.154487518599999930e+03 1.154548509199999899e+03 1.154609176399999797e+03 1.154669520200000079e+03 1.154729540600000064e+03 1.154789237599999979e+03 1.154848611200000050e+03 1.154907661400000052e+03 1.154966394799999989e+03 1.155024811400000090e+03 1.155082904599999893e+03
1.047846790999999939e+03 1.047975926600000093e+03 1.048104402200000095e+03 1.048232217799999944e+03 1.048359386600000107e+03 1.048485895400000118e+03 1.048611750799999982e+03 1.048736959400000160e+03 1.048861521199999970e+03 1.048985436200000095e+03 1.049108704400000079e+03 1.049231332399999928e+03 1.049353320199999871e+03 1.049474667799999906e+03 1.049595375200000035e+03 1.049715455600000041e+03 1.049834895800000140e+03 1.049953715600000123e+03 1.050071901799999978e+03 1.050189460999999937e+03 1.050306406400000014e+03 1.050422724800000196e+03 1.050538422799999807e+03 1.050653506999999991e+03 1.050767984000000069e+03 1.050881847200000038e+03 1.050995103199999903e+03 1.051107751999999891e+03 1.051219800200000009e+03 1.051331247800000028e+03 1.051442101399999956e+03 1.051552361000000019e+03 1.051662026599999990e+03 1.051771104800000103e+03 1.051879602199999908e+03 1.051987512199999856e+03 1.052094847999999956e+03 1.052201602999999977e+03 1.052307790400000158e+03 1.052413403600000038e+03 1.052518449199999850e+03 1.052622927200000049e+03 1.052726850799999966e+03 1.052830213400000048e+03 1.052933021600000075e+03 1.053035282000000052e+03 1.053136987999999974e+03 1.053238152800000080e+03 1.053338776399999915e+03 1.053438858799999934e+03
9.729355897999998888e+02 9.730252970000001369e+02 9.731145421999999598e+02 9.732033188000000337e+02 9.732916334000001370e+02 9.733794926000000487e+02 9.734668897999999899e+02 9.735538381999999729e+02 9.736403246000002127e+02 9.737263688000000457e+02 9.738119641999999203e+02 9.738971108000000640e+02 9.739818152000000282e+02 9.740660840000000462e+02 9.741499105999998847e+02 9.742333016000000043e+02 9.743162569999999505e+02 9.743987767999999505e+02 9.744808742000000166e+02 9.745625426000001426e+02 9.746437820000001011e+02 9.747245923999998922e+02 9.748049869999999828e+02 9.748849592000001394e+02 9.749645156000001407e+02 9.750436562000002141e+02 9.751223743999998987e+02 9.752006899999998950e+02 9.752785831999999573e+02 9.753560737999998764e+02 9.754331551999998737e+02 9.755098273999999492e+02 9.755860903999998754e+02 9.756619573999998920e+02 9.757374152000002141e+02 9.758124770000001718e+02 9.758871361999999863e+02 9.759613994000001185e+02 9.760352665999998862e+02 9.761087377999999717e+02 9.761818129999999201e+02 9.762544921999999588e+02 9.763267819999998665e+02 9.763986824000000979e+02 9.764701933999999710e+02 9.765413149999999405e+02 9.766120472000000063e+02 9.766823965999999473e+02 9.767523565999999846e+02 9.768219338000001244e+02
8.662808702000002086e+02 8.664338780000000497e+02 8.665861070000000836e+02 8.667375572000000830e+02 8.668882418000000598e+02 8.670381542000000081e+02 8.671872944000001553e+02 8.673356690000000526e+02 8.674832845999999336e+02 8.676301346000000194e+02 8.677762255999998615e+02 8.679215509999999085e+02 8.680661305999999513e+02 8.682099511999999777e+02 8.683530193999999938e+02 8.684953418000000056e+02 8.686369118000000071e+02 8.687777426000000105e+02 8.689178342000000157e+02 8.690571800000000167e+02 8.691957932000000255e+02 8.693336738000000423e+02 8.694708218000000670e+02 8.696072438000001057e+02 8.697429331999999249e+02 8.698779097999999976e+02 8.700121603999998570e+02 8.701456981999999698e+02 8.702785166000001027e+02 8.704106354000000465e+02 8.705420348000000104e+02 8.706727412000000186e+02 8.708027414000000590e+02 8.709320419999999103e+02 8.710606496000000334e+02 8.711885707999999795e+02 8.713157989999999700e+02 8.714423474000000169e+02 8.715682093999998870e+02 8.716933982000000469e+02 8.718179137999998147e+02 8.719417561999998725e+02 8.720649319999999989e+02 8.721874412000001939e+02 8.723092970000000150e+02 8.724304927999999109e+02 8.725510352000001149e+02 8.726709307999999510e+02 8.727901796000001013e+02 8.729087882000001173e+02
7.940807311999999456e+02 7.941855391999999938e+02 7.942897927999999865e+02 7.943934919999999238e+02 7.944966500000000451e+02 7.945992602000001170e+02 7.947013357999999243e+02 7.948028701999999157e+02 7.949038634000000911e+02 7.950043286000000080e+02 7.951042657999998937e+02 7.952036750000002030e+02 7.953025628000000324e+02 7.954009226000000581e+02 7.954987676000000647e+02 7.955960978000000523e+02 7.956929132000000209e+02 7.957892203999999765e+02 7.958850128000001405e+02 7.959803036000000702e+02 7.960750927999999931e+02 7.961693803999999091e+02 7.962631664000000455e+02 7.963564574000001812e+02 7.964492534000000887e+02 7.965415543999999954e+02 7.966333670000001348e+02 7.967246911999998247e+02 7.968155335999999807e+02 7.969058876000001419e+02 7.969957598000000871e+02 7.970851567999998224e+02 7.971740720000000238e+02 7.972625120000000152e+02 7.973504768000000240e+02 7.974379729999998290e+02 7.975249939999998787e+02 7.976115463999999520e+02 7.976976368000000548e+02 7.977832519999999477e+02 7.978684118000001035e+02 7.979531030000000555e+02 7.980373388000000432e+02 7.981211126000000604e+02 7.982044244000001072e+02 7.982872873999999683e+02 7.983696884000000864e+02 7.984516406000000188e+02 7.985331373999999869e+02 7.986141853999999967e+02
6.847262815999999930e+02 6.849033464000001459e+02 6.850795267999999396e+02 6.852548096000000442e+02 6.854292146000000230e+02 6.856027285999998639e+02 6.857753582000000279e+02 6.859471034000000600e+02 6.861179773999999725e+02 6.862879669999999805e+02 6.864570919999998750e+02 6.866253325999998651e+02 6.867927085999999690e+02 6.869592199999999593e+02 6.871248602000000574e+02 6.872896424000000479e+02 6.874535600000001523e+02 6.876166195999999218e+02 6.877788278000000446e+02 6.879401846000000660e+02 6.881006900000002133e+02 6.882603506000000380e+02 6.884191663999999946e+02 6.885771440000000894e+02 6.887342768000000888e+02 6.888905846000000111e+02 6.890460542000000714e+02 6.892006988000000547e+02 6.893545249999999669e+02 6.895075196000000233e+02 6.896597024000000147e+02 6.898110667999999350e+02 6.899616260000000239e+02 6.901113734000000477e+02 6.902603156000000126e+02 6.904084657999999308e+02 6.905558108000000175e+02 6.907023638000000574e+02 6.908481314000000566e+02 6.909931136000000151e+02 6.911373103999999330e+02 6.912807284000000436e+02 6.914233742000001257e+02 6.915652543999999580e+02 6.917063623999999891e+02 6.918467114000000038e+02 6.919863014000000021e+02 6.921251323999999840e+02 6.922632175999999617e+02 6.924005569999999352e+02
6.152856686000000082e+02 6.154057093999999779e+02 6.155251100000000406e+02 6.156438769999999749e+02 6.157620038000000022e+02 6.158794970000001285e+02 6.159963697999999113e+02 6.161126090000000204e+02 6.162282344000000194e+02 6.163432394000001295e+02 6.164576305999999022e+02 6.165714080000000195e+02 6.166845847999998114e+02 6.167971477999999479e+02 6.169091167999999925e+02 6.170204852000001665e+02 6.171312530000000152e+02 6.172414334000000053e+02 6.173510197999999036e+02 6.174600254000001769e+02 6.175684435999999096e+02 6.176762810000000172e+02 6.177835376000000451e+02 6.178902266000000054e+02 6.179963348000001133e+02 6.181018754000001536e+02 6.182068483999998989e+02 6.183112604000000374e+02 6.184151048000001083e+02 6.185183881999998903e+02 6.186211171999998442e+02 6.187232917999999700e+02 6.188249120000000403e+02 6.189259843999998338e+02 6.190265024000000267e+02 6.191264791999999488e+02 6.192259082000000490e+02 6.193247959999998784e+02 6.194231426000001193e+02 6.195209546000000955e+02 6.196182320000000345e+02 6.197149747999999363e+02 6.198111830000000282e+02 6.199068632000000889e+02 6.200020153999998911e+02 6.200966396000001168e+02 6.201907358000000841e+02 6.202843172000000322e+02 6.203773705999999493e+02 6.204699091999998473e+02
5.031969116000000213e+02 5.033982379999999921e+02 5.035985546000001705e+02 5.037978746000001138e+02 5.039961914000000434e+02 5.041935049999999592e+02 5.043898286000001008e+02 5.045851556000000073e+02 5.047794925999999123e+02 5.049728396000000430e+02 5.051651965999999447e+02 5.053565702000000783e+02 5.055469669999999951e+02 5.057363738000001376e+02 5.059248103999998420e+02 5.061122702000000118e+02 5.062987532000001920e+02 5.064842726000001676e+02 5.066688217999999324e+02 5.068524073999999473e+02 5.070350293999999849e+02 5.072167009999998299e+02 5.073974089999999251e+02 5.075771732000000611e+02 5.077559870000000046e+02 5.079338503999999830e+02 5.081107766000000083e+02 5.082867656000000807e+02 5.084618173999999726e+02 5.086359319999999116e+02 5.088091291999999157e+02 5.089813957999999730e+02 5.091527383999998619e+02 5.093231702000000496e+02 5.094926846000000751e+02 5.096612881999999445e+02 5.098289876000001186e+02 5.099957894000001488e+02 5.101616870000000290e+02 5.103266935999999987e+02 5.104908157999998366e+02 5.106540403999999853e+02 5.108163938000000144e+02 5.109778628000001390e+02 5.111384606000001440e+02 5.112981938000000355e+02 5.114570557999998073e+02 5.116150598000001537e+02 5.117722058000001653e+02 5.119285003999998480e+02
4.365184976000000461e+02 4.366539559999998801e+02 4.367886685999999372e+02 4.369226618000000144e+02 4.370559224000000995e+02 4.371884701999999834e+02 4.373202920000001086e+02 4.374514076000000387e+02 4.375818103999999948e+02 4.377115069999999832e+02 4.378404974000000038e+02 4.379687947999998414e+02 4.380963991999999507e+02 4.382233106000001044e+02 4.383495290000000750e+02 4.384750676000001022e+02 4.385999329999999645e+02 4.387241119999998773e+02 4.388476178000000800e+02 4.389704569999998967e+02 4.390926296000000093e+02 4.392141421999999693e+02 4.393349881999999980e+02 4.394551807999998800e+02 4.395747199999998429e+02 4.396936057999998866e+02 4.398118447999997898e+02 4.399294370000000072e+02 4.400463889999998628e+02 4.401627008000000387e+02 4.402783790000000863e+02 4.403934236000000055e+02 4.405078412000000299e+02 4.406216251999999258e+02 4.407347887999999330e+02 4.408473254000000452e+02 4.409592482000000473e+02 4.410705505999999332e+02 4.411812391999999363e+02 4.412913140000000567e+02 4.414007815999998456e+02 4.415096353999999792e+02 4.416178886000000148e+02 4.417255412000001797e+02 4.418325932000000194e+02 4.419390445999999883e+02 4.420449019999998654e+02 4.421501654000001054e+02 4.422548414000000321e+02 4.423589234000000943e+02
3.217282351999999719e+02 3.219540145999999368e+02 3.221786786000000120e+02 3.224022337999999763e+02 3.226246736000000510e+02 3.228460111999997935e+02 3.230662400000001071e+02 3.232853666000000885e+02 3.235033910000001924e+02 3.237203197999999702e+02 3.239361529999998766e+02 3.241508905999999115e+02 3.243645391999998537e+02 3.245770921999999246e+02 3.247885628000001361e+02 3.249989510000000337e+02 3.252082568000000720e+02 3.254164868000000297e+02 3.256236344000001282e+02 3.258297127999999248e+02 3.260347220000001016e+02 3.262386619999999766e+02 3.264415460000000166e+02 3.266433607999999822e+02 3.268441196000001128e+02 3.270438289999999597e+02 3.272424823999999717e+02 3.274400929999999335e+02 3.276366542000000663e+02 3.278321791999999277e+02 3.280266613999999663e+02 3.282201205999999729e+02 3.284125436000001628e+02 3.286039436000000933e+02 3.287943139999999858e+02 3.289836745999998584e+02 3.291720187999999325e+02 3.293593531999999868e+02 3.295456844000000274e+02 3.297310124000000542e+02 3.299153372000000672e+02 3.300986786000000848e+02 3.302810233999998673e+02 3.304623848000001090e+02 3.306427628000001278e+02 3.308221705999999358e+02 3.310006016000002091e+02 3.311780690000000504e+02 3.313545727999999144e+02 3.315301129999998011e+02
2.578266589999998359e+02 2.579777395999999499e+02 2.581280017999999927e+02 2.582774324000001798e+02 2.584260512000000745e+02 2.585738581999999042e+02 2.587208533999998963e+02 2.588670434000000569e+02 2.590124281999999312e+02 2.591570209999999861e+02 2.593008217999999943e+02 2.594438305999999557e+02 2.595860605999998825e+02 2.597275051999999960e+02 2.598681776000000809e+02 2.600080778000001374e+02 2.601472123999999440e+02 2.602855813999999555e+02 2.604231847999999445e+02 2.605600357999999233e+02 2.606961410000001251e+02 2.608314871999998559e+02 2.609660942000000432e+02 2.610999620000000050e+02 2.612330905999999686e+02 2.613654800000001615e+02 2.614971434000001409e+02 2.616280807999999070e+02 2.617582922000001417e+02 2.618877841999999418e+02 2.620165567999999894e+02 2.621446166000000630e+02 2.622719702000001689e+02 2.623986110000000735e+02 2.625245522000000165e+02 2.626497937999999976e+02 2.627743357999997897e+02 2.628981781999998475e+02 2.630213341999999557e+02 2.631437972000001082e+02 2.632655803999998625e+02 2.633866771999998946e+02 2.635070875999999771e+02 2.636268313999999009e+02 2.637458888000001025e+02 2.638642795999999180e+02 2.639820038000000295e+02 2.640990613999999823e+02 2.642154457999999977e+02 2.643311768000000939e+02
1.402710362000000259e+02 1.405214270000001306e+02 1.407706034000000272e+02 1.410185653999999431e+02 1.412653195999998843e+02 1.415108528000000661e+02 1.417551848000000518e+02 1.419983023999998295e+02 1.422402187999998660e+02 1.424809340000001612e+02 1.427204480000000331e+02 1.429587673999999424e+02 1.431958855999998832e+02 1.434318158000000949e+02 1.436665513999998893e+02 1.439000989999999547e+02 1.441324652000000697e+02 1.443636500000000069e+02 1.445936467999999877e+02 1.448224754000000303e+02 1.450501226000001225e+02 1.452766016000000491e+02 1.455019123999998101e+02 1.457260549999998602e+02 1.459490359999999782e+02 1.461708619999999428e+02 1.463915263999999752e+02 1.466110424000000876e+02 1.468294100000000526e+02 1.470466292000000976e+02 1.472627066000000013e+02 1.474776421999999911e+02 1.476914492000000791e+02 1.479041210000000319e+02 1.481156642000000829e+02 1.483260854000000108e+02 1.485353846000000431e+02 1.487435683999999583e+02 1.489506433999999899e+02 1.491566096000001380e+02 1.493614735999999539e+02 1.495652353999998923e+02 1.497679015999999592e+02 1.499694787999999335e+02 1.501699736000000485e+02 1.503693794000000707e+02 1.505677093999997851e+02 1.507649636000001010e+02 1.509611552000001211e+02 1.511562776000000667e+02
3.922070362999999816e+03 3.921919209799999862e+03 3.921768881599999986e+03 3.921619378399999732e+03 3.921470700200000010e+03 3.921322833799999898e+03 3.921175779199999852e+03 3.921029536399999870e+03 3.920884098800000174e+03 3.920739453199999843e+03 3.920595612799999799e+03 3.920452557800000250e+03 3.920310288200000286e+03 3.920168810600000143e+03 3.920028105200000027e+03 3.919888178600000174e+03 3.919749024199999894e+03 3.919610635399999865e+03 3.919473012200000085e+03 3.919336147999999866e+03 3.919200049399999898e+03 3.919064696599999934e+03 3.918930096199999753e+03 3.918796241600000030e+03 3.918663126200000079e+03 3.918530756600000132e+03 3.918399119599999722e+03 3.918268221799999992e+03 3.918138043400000242e+03 3.918008597600000030e+03 3.917879877800000031e+03 3.917751877400000012e+03 3.917624589799999740e+03 3.917498021600000357e+03 3.917372159600000032e+03 3.917247010399999908e+03 3.917122560799999974e+03 3.916998817400000007e+03 3.916875773599999775e+03 3.916753429399999732e+03 3.916631771600000320e+03 3.916510813400000188e+03 3.916390541599999779e+03 3.916270956200000001e+03 3.916152050599999711e+03 3.916033831400000054e+03 3.915916285399999651e+03 3.915799419200000102e+03 3.915683226199999808e+03 3.915567706400000134e+03
4.046423035400000117e+03 4.046150791999999910e+03 4.045879848800000218e+03 4.045610205799999676e+03 4.045341849800000091e+03 4.045074787399999877e+03 4.044809018599999945e+03 4.044544536800000060e+03 4.044281335399999989e+03 4.044019414400000187e+03 4.043758773800000199e+03 4.043499413600000025e+03 4.043241327199999887e+03 4.042984514599999784e+03 4.042728969200000392e+03 4.042474690999999893e+03 4.042221679999999651e+03 4.041969936200000120e+03 4.041719446400000379e+03 4.041470217199999752e+03 4.041222241999999824e+03 4.040975520799999686e+03 4.040730047000000013e+03 4.040485820599999897e+03 4.040242841600000247e+03 4.040001103399999920e+03 4.039760599400000046e+03 4.039521336199999951e+03 4.039283300600000075e+03 4.039046492599999965e+03 4.038810912200000075e+03 4.038576552800000172e+03 4.038343414400000256e+03 4.038111496999999872e+03 4.037880787399999917e+03 4.037651285599999937e+03 4.037422985000000153e+03 4.037195892199999889e+03 4.036969994000000042e+03 4.036745290400000158e+03 4.036521774800000003e+03 4.036299447200000031e+03 4.036078301000000010e+03 4.035858336199999940e+03 4.035639539599999807e+03 4.035421917799999846e+03 4.035205457600000045e+03 4.034990158999999949e+03 4.034776022000000012e+03 4.034563026799999989e+03
3.743720311999999922e+03 3.743584041799999795e+03 3.743448510799999895e+03 3.743313725599999998e+03 3.743179666399999860e+03 3.743046339800000169e+03 3.742913739200000236e+03 3.742781857999999829e+03 3.742650696199999857e+03 3.742520247200000085e+03 3.742390510999999606e+03 3.742261481000000003e+03 3.742133157199999914e+03 3.742005533000000014e+03 3.741878601800000069e+03 3.741752370199999859e+03 3.741626824999999826e+03 3.741501966199999970e+03 3.741377787200000057e+03 3.741254294600000321e+03 3.741131475199999841e+03 3.741009328999999980e+03 3.740887856000000284e+03 3.740767049600000064e+03 3.740646909799999776e+03 3.740527430000000095e+03 3.740408610200000112e+03 3.740290443800000048e+03 3.740172930799999904e+03 3.740056071200000133e+03 3.739939858400000048e+03 3.739824292399999649e+03 3.739709366600000067e+03 3.739595081000000391e+03 3.739481428999999935e+03 3.739368417199999840e+03 3.739256038999999873e+03 3.739144287799999802e+03 3.739033163600000080e+03 3.738922666399999798e+03 3.738812789600000087e+03 3.738703533200000038e+03 3.738594897199999650e+03 3.738486875000000055e+03 3.738379473200000120e+03 3.738272678599999836e+03 3.738166491200000110e+03 3.738060910999999578e+03 3.737955944600000294e+03 3.737851572200000192e+03
3.864804908600000090e+03 3.864558233599999767e+03 3.864312746600000082e+03 3.864068440999999893e+03 3.863825316800000110e+03 3.863583380600000055e+03 3.863342619199999717e+03 3.863103039200000239e+03 3.862864627400000245e+03 3.862627390399999967e+03 3.862391328199999862e+03 3.862156434200000149e+03 3.861922701800000141e+03 3.861690137600000071e+03 3.861458735000000161e+03 3.861228493999999955e+03 3.860999408000000130e+03 3.860771477000000232e+03 3.860544700999999804e+03 3.860319073399999979e+03 3.860094587600000068e+03 3.859871256800000083e+03 3.859649061199999778e+03 3.859428007399999842e+03 3.859208095400000275e+03 3.858989311999999700e+03 3.858771657199999936e+03 3.858555131000000074e+03 3.858339733400000114e+03 3.858125457799999822e+03 3.857912297599999874e+03 3.857700252800000271e+03 3.857489323400000103e+03 3.857279502800000046e+03 3.857070784399999866e+03 3.856863168200000018e+03 3.856656647599999815e+03 3.856451222600000165e+03 3.856246886599999925e+03 3.856043639600000006e+03 3.855841475000000173e+03 3.855640392799999972e+03 3.855440379799999846e+03 3.855241442600000028e+03 3.855043568000000050e+03 3.854846762600000147e+03 3.854651006600000073e+03 3.854456313200000295e+03 3.854262662600000112e+03 3.854070061399999759e+03
3.565311078800000359e+03 3.565189500200000111e+03 3.565068568400000004e+03 3.564948296599999594e+03 3.564828665000000001e+03 3.564709680200000093e+03 3.564591335600000093e+03 3.564473631200000000e+03 3.564356560400000035e+03 3.564240116599999965e+03 3.564124306400000023e+03 3.564009116600000198e+03 3.563894547200000034e+03 3.563780604800000219e+03 3.563667269600000054e+03 3.563554548199999772e+03 3.563442440599999827e+03 3.563330940199999986e+03 3.563220040400000016e+03 3.563109741199999917e+03 3.563000042600000143e+03 3.562890938000000006e+03 3.562782433999999739e+03 3.562674510800000007e+03 3.562567181600000367e+03 3.562460439800000131e+03 3.562354278799999975e+03 3.562248698599999898e+03 3.562143692600000122e+03 3.562039267399999972e+03 3.561935416400000122e+03 3.561832139600000119e+03 3.561729430399999728e+03 3.561627282200000082e+03 3.561525708199999826e+03 3.561424688600000081e+03 3.561324236599999949e+03 3.561224339000000327e+03 3.561125002400000085e+03 3.561026220199999898e+03 3.560927992400000221e+03 3.560830312400000366e+03 3.560733180199999879e+03 3.560636602399999902e+03 3.560540565799999968e+03 3.560445076999999856e+03 3.560350122800000008e+03 3.560255716399999983e+03 3.560161844600000222e+03 3.560068514000000050e+03
3.683173106600000210e+03 3.682951815200000055e+03 3.682731592999999975e+03 3.682512446599999748e+03 3.682294369400000051e+03 3.682077361399999972e+03 3.681861422599999969e+03 3.681646546399999806e+03 3.681432739400000173e+03 3.681219988400000148e+03 3.681008293400000184e+03 3.680797661000000062e+03 3.680588084600000002e+03 3.680379557600000226e+03 3.680172086599999602e+03 3.679965664999999717e+03 3.679760286200000337e+03 3.679555950200000098e+03 3.679352663599999687e+03 3.679150413200000003e+03 3.678949198999999680e+03 3.678749014400000306e+03 3.678549872600000072e+03 3.678351753800000097e+03 3.678154664600000160e+03 3.677958591800000249e+03 3.677763548599999922e+03 3.677569521800000075e+03 3.677376511399999799e+03 3.677184504199999992e+03 3.676993513399999756e+03 3.676803525799999989e+03 3.676614548000000013e+03 3.676426560200000040e+03 3.676239568999999847e+03 3.676053574399999889e+03 3.675868563200000153e+03 3.675684541999999965e+03 3.675501497600000221e+03 3.675319436599999790e+03 3.675138345800000025e+03 3.674958225200000015e+03 3.674779074799999762e+03 3.674600881399999707e+03 3.674423651600000085e+03 3.674247372199999973e+03 3.674072043199999825e+03 3.673897664600000098e+03 3.673724223199999869e+03 3.673551719000000048e+03
3.386885827399999926e+03 3.386778788599999643e+03 3.386672317399999883e+03 3.386566407199999958e+03 3.386461064600000100e+03 3.386356283000000076e+03 3.386252062399999886e+03 3.386148389599999973e+03 3.386045271200000116e+03 3.385942700600000080e+03 3.385840677799999867e+03 3.385739196200000151e+03 3.385638255800000024e+03 3.385537856599999941e+03 3.385437992000000122e+03 3.385338655399999880e+03 3.385239853400000356e+03 3.385141585999999734e+03 3.385043840000000273e+03 3.384946615400000155e+03 3.384849912200000290e+03 3.384753730399999768e+03 3.384658069999999952e+03 3.384562917799999923e+03 3.384468280400000367e+03 3.384374157799999921e+03 3.384280536799999936e+03 3.384187430599999971e+03 3.384094819400000233e+03 3.384002723000000060e+03 3.383911121600000115e+03 3.383820015199999943e+03 3.383729410400000233e+03 3.383639300599999842e+03 3.383549685799999679e+03 3.383460565999999744e+03 3.383371934599999804e+03 3.383283791599999859e+03 3.383196136999999908e+03 3.383108964199999718e+03 3.383022279799999978e+03 3.382936077200000000e+03 3.382850356400000237e+03 3.382765117400000236e+03 3.382680353600000217e+03 3.382596064999999726e+03 3.382512258199999906e+03 3.382428926599999613e+03 3.382346063599999979e+03 3.382263675799999874e+03
3.501494259799999782e+03 3.501298173799999859e+03 3.501103051400000368e+03 3.500908879399999933e+03 3.500715670999999929e+03 3.500523412999999891e+03 3.500332112000000052e+03 3.500141761400000178e+03 3.499952361200000269e+03 3.499763904800000091e+03 3.499576398799999879e+03 3.499389836600000308e+03 3.499204218200000014e+03 3.499019537000000128e+03 3.498835799599999973e+03 3.498652992799999993e+03 3.498471123199999965e+03 3.498290184200000112e+03 3.498110175799999979e+03 3.497931098000000020e+03 3.497752944200000002e+03 3.497575707799999691e+03 3.497399395399999776e+03 3.497224000400000023e+03 3.497049522799999977e+03 3.496875955999999860e+03 3.496703293399999893e+03 3.496531541600000310e+03 3.496360693999999967e+03 3.496190750599999774e+03 3.496021698200000174e+03 3.495853543399999580e+03 3.495686279600000034e+03 3.495519900199999938e+03 3.495354411799999980e+03 3.495189801200000147e+03 3.495026074999999764e+03 3.494863213399999950e+03 3.494701229600000261e+03 3.494540117000000009e+03 3.494379862400000093e+03 3.494220472399999835e+03 3.494061933800000133e+03 3.493904253199999857e+03 3.493747417399999904e+03 3.493591433000000052e+03 3.493436286799999834e+03 3.493281978799999706e+03 3.493128509000000122e+03 3.492975864200000160e+03
3.208395473599999605e+03 3.208302849200000310e+03 3.208210713200000100e+03 3.208119059000000107e+03 3.208027886599999874e+03 3.207937195999999858e+03 3.207846974000000046e+03 3.207757233799999995e+03 3.207667962200000147e+03 3.207579159199999594e+03 3.207490824800000155e+03 3.207402952399999776e+03 3.207315548599999602e+03 3.207228600200000074e+03 3.207142107199999828e+03 3.207056076200000007e+03 3.206970500599999923e+03 3.206885373799999797e+03 3.206800695800000085e+03 3.206716473200000110e+03 3.206632692799999859e+03 3.206549354599999788e+03 3.206466458599999896e+03 3.206384011399999963e+03 3.206301999799999976e+03 3.206220423800000390e+03 3.206139290000000074e+03 3.206058585200000380e+03 3.205978315999999722e+03 3.205898482399999921e+03 3.205819071200000053e+03 3.205740095600000132e+03 3.205661542400000144e+03 3.205583418199999869e+03 3.205505716399999983e+03 3.205428443599999810e+03 3.205351586599999791e+03 3.205275152000000162e+03 3.205199133199999778e+03 3.205123536799999783e+03 3.205048356199999944e+03 3.204973598000000038e+03 3.204899249000000054e+03 3.204825309199999992e+03 3.204751785200000086e+03 3.204678676999999880e+03 3.204605977999999595e+03 3.204533681599999909e+03 3.204461800999999923e+03 3.204390329599999859e+03
3.319792154599999776e+03 3.319621095800000148e+03 3.319450875200000155e+03 3.319281506000000263e+03 3.319112968399999772e+03 3.318945275600000059e+03 3.318778420999999980e+03 3.318612398000000212e+03 3.318447213200000078e+03 3.318282860000000255e+03 3.318119338399999833e+03 3.317956648399999722e+03 3.317794783399999687e+03 3.317633743399999730e+03 3.317473528399999850e+03 3.317314131799999814e+03 3.317155560199999854e+03 3.316997800399999960e+03 3.316840858999999909e+03 3.316684736000000157e+03 3.316529418199999782e+03 3.316374912199999926e+03 3.316221211400000357e+03 3.316068315800000164e+03 3.315916218800000024e+03 3.315764920399999937e+03 3.315614420599999903e+03 3.315464712799999688e+03 3.315315797000000202e+03 3.315167666600000302e+03 3.315020328200000222e+03 3.314873768599999948e+03 3.314727987799999937e+03 3.314582979200000409e+03 3.314438749400000233e+03 3.314295291800000086e+03 3.314152593199999956e+03 3.314010666799999854e+03 3.313869492799999989e+03 3.313729084399999920e+03 3.313589428400000088e+03 3.313450518200000261e+03 3.313312360400000216e+03 3.313174941799999942e+03 3.313038262399999894e+03 3.312902328799999850e+03 3.312767121200000020e+03 3.312632639600000402e+03 3.312498890599999868e+03 3.312365861000000223e+03
3.029846657000000050e+03 3.029768367799999851e+03 3.029690481200000249e+03 3.029612997199999882e+03 3.029535922399999890e+03 3.029459237000000030e+03 3.029382960800000092e+03 3.029307074000000284e+03 3.029231583199999932e+03 3.029156481799999710e+03 3.029081769800000075e+03 3.029007453799999894e+03 3.028933514000000287e+03 3.028859970200000134e+03 3.028786802600000101e+03 3.028714017799999965e+03 3.028641615800000181e+03 3.028569590000000062e+03 3.028497940400000061e+03 3.028426666999999725e+03 3.028355769799999962e+03 3.028285242200000084e+03 3.028215084200000092e+03 3.028145302400000219e+03 3.028075883599999997e+03 3.028006834400000116e+03 3.027938148199999887e+03 3.027869831599999998e+03 3.027801871399999982e+03 3.027734280799999851e+03 3.027667046600000049e+03 3.027600175399999898e+03 3.027533660600000076e+03 3.027467502200000126e+03 3.027401700200000050e+03 3.027336261200000081e+03 3.027271171999999751e+03 3.027206432599999971e+03 3.027142049600000064e+03 3.027078023000000030e+03 3.027014339600000312e+03 3.026951012600000013e+03 3.026888028800000029e+03 3.026825401399999919e+03 3.026763117200000124e+03 3.026701182799999970e+03 3.026639591600000131e+03 3.026578343600000153e+03 3.026517445399999815e+03 3.026456890399999793e+03
3.138043420399999832e+03 3.137897217199999886e+03 3.137751739999999700e+03 3.137606982199999948e+03 3.137462950399999954e+03 3.137319644600000174e+03 3.137177058199999919e+03 3.137035184599999866e+03 3.136894037000000026e+03 3.136753602199999932e+03 3.136613880200000040e+03 3.136474871000000348e+03 3.136336574599999949e+03 3.136198991000000206e+03 3.136062113599999975e+03 3.135925942400000167e+03 3.135790470799999639e+03 3.135655705399999988e+03 3.135521639599999617e+03 3.135388273399999889e+03 3.135255600200000117e+03 3.135123626600000080e+03 3.134992339399999764e+03 3.134861745199999859e+03 3.134731837400000131e+03 3.134602609399999892e+03 3.134474067799999830e+03 3.134346206000000166e+03 3.134219023999999990e+03 3.134092515199999980e+03 3.133966679600000134e+03 3.133841517199999998e+03 3.133717014800000015e+03 3.133593178999999964e+03 3.133470009800000298e+03 3.133347494000000097e+03 3.133225638200000049e+03 3.133104429200000141e+03 3.132983873600000152e+03 3.132863964799999849e+03 3.132744702800000141e+03 3.132626081000000340e+03 3.132508092799999758e+03 3.132390738199999760e+03 3.132274023800000123e+03 3.132157929800000147e+03 3.132042462800000067e+03 3.131927622799999881e+03 3.131813396600000033e+03 3.131699784200000067e+03
2.851244829199999913e+03 2.851180822400000125e+03 2.851117145600000185e+03 2.851053785600000083e+03 2.850990762200000063e+03 2.850928055599999880e+03 2.850865672400000221e+03 2.850803605999999945e+03 2.850741863000000194e+03 2.850680436799999825e+03 2.850619327399999747e+03 2.850558528200000183e+03 2.850498045800000000e+03 2.850437873599999875e+03 2.850378011599999809e+03 2.850318459799999800e+03 2.850259211600000071e+03 2.850200273599999946e+03 2.850141645799999878e+03 2.850083314999999857e+03 2.850025287800000115e+03 2.849967570799999976e+03 2.849910144200000104e+03 2.849853021200000057e+03 2.849796201799999835e+03 2.849739679400000114e+03 2.849683447399999750e+03 2.849627519000000120e+03 2.849571880999999848e+03 2.849516540000000077e+03 2.849461489400000119e+03 2.849406729199999972e+03 2.849352265999999872e+03 2.849298093200000039e+03 2.849244210800000019e+03 2.849190612200000032e+03 2.849137310600000092e+03 2.849084292800000185e+03 2.849031558799999857e+03 2.848979115199999796e+03 2.848926962000000003e+03 2.848875092600000244e+03 2.848823500399999830e+03 2.848772198600000138e+03 2.848721180600000025e+03 2.848670446399999946e+03 2.848619989400000122e+03 2.848569822800000111e+03 2.848519933399999900e+03 2.848470321199999944e+03
2.956282014200000049e+03 2.956160495000000083e+03 2.956039582999999766e+03 2.955919278200000008e+03 2.955799574000000121e+03 2.955680470400000104e+03 2.955561974000000191e+03 2.955444078200000149e+03 2.955326776400000199e+03 2.955210075200000119e+03 2.955093968000000132e+03 2.954978461400000015e+03 2.954863548799999990e+03 2.954749223599999823e+03 2.954635492400000203e+03 2.954522348599999987e+03 2.954409792200000084e+03 2.954297816600000260e+03 2.954186435000000074e+03 2.954075627600000189e+03 2.953965400999999929e+03 2.953855755200000203e+03 2.953746690200000103e+03 2.953638192800000070e+03 2.953530269599999883e+03 2.953422920599999998e+03 2.953316132599999946e+03 2.953209918800000196e+03 2.953104259400000046e+03 2.952999167599999964e+03 2.952894636799999716e+03 2.952790660399999979e+03 2.952687238399999842e+03 2.952584370800000215e+03 2.952482050999999956e+03 2.952380278999999973e+03 2.952279048200000034e+03 2.952178365199999917e+03 2.952078216800000064e+03 2.951978609599999800e+03 2.951879536999999800e+03 2.951780992400000287e+03 2.951682982400000128e+03 2.951585493800000222e+03 2.951488533199999893e+03 2.951392087400000037e+03 2.951296162999999979e+03 2.951200760000000173e+03 2.951105858599999920e+03 2.951011472000000140e+03
2.672599584620000314e+03 2.672549835140000141e+03 2.672500338439999723e+03 2.672451093200000287e+03 2.672402098760000172e+03 2.672353352480000012e+03 2.672304855020000105e+03 2.672256603740000173e+03 2.672208597979999922e+03 2.672160837079999965e+03 2.672113319060000322e+03 2.672066043920000084e+03 2.672019009679999726e+03 2.671972216340000159e+03 2.671925661920000039e+03 2.671879346419999820e+03 2.671833267859999978e+03 2.671787426240000059e+03 2.671741820239999925e+03 2.671696448539999892e+03 2.671651311139999962e+03 2.671606407379999837e+03 2.671561735940000290e+03 2.671517296160000114e+03 2.671473086720000083e+03 2.671429108280000037e+03 2.671385358859999997e+03 2.671341838459999963e+03 2.671298546420000093e+03 2.671255482080000093e+03 2.671212644119999823e+03 2.671170032539999738e+03 2.671127647339999839e+03 2.671085487199999989e+03 2.671043551459999890e+03 2.671001840119999997e+03 2.670960352520000015e+03 2.670919087340000260e+03 2.670878045899999961e+03 2.670837226220000048e+03 2.670796628300000066e+03 2.670756252140000015e+03 2.670716096420000213e+03 2.670676161800000045e+03 2.670636446960000285e+03 2.670596952560000318e+03 2.670557677280000007e+03 2.670518621119999807e+03 2.670479783419999876e+03 2.670441164179999760e+03
2.774490333799999917e+03 2.774393353399999796e+03 2.774296854799999892e+03 2.774200837999999749e+03 2.774105316199999834e+03 2.774010269599999901e+03 2.773915704799999730e+03 2.773821628400000009e+03 2.773728027199999815e+03 2.773634901200000058e+03 2.773542257000000063e+03 2.773450088000000051e+03 2.773358394200000021e+03 2.773267175599999973e+03 2.773176432199999908e+03 2.773086157400000047e+03 2.772996351199999935e+03 2.772907020200000261e+03 2.772818151200000102e+03 2.772729744199999914e+03 2.772641805799999929e+03 2.772554329399999915e+03 2.772467314999999871e+03 2.772380756000000019e+03 2.772294659000000138e+03 2.772209017399999993e+03 2.772123824600000262e+03 2.772039087199999813e+03 2.771954805200000010e+03 2.771870965399999932e+03 2.771787574400000267e+03 2.771704625599999872e+03 2.771622119000000112e+03 2.771540054600000076e+03 2.771458425799999986e+03 2.771377239200000076e+03 2.771296481599999879e+03 2.771216159600000083e+03 2.771136266599999999e+03 2.771056802600000083e+03 2.770977767599999879e+03 2.770899148399999831e+03 2.770820958199999950e+03 2.770743183800000224e+03 2.770665825199999745e+03 2.770588882399999875e+03 2.770512348799999927e+03 2.770436231000000134e+03 2.770360515800000030e+03 2.770285209799999848e+03
2.493924234139999953e+03 2.493888732079999954e+03 2.493853408880000188e+03 2.493818264540000200e+03 2.493783297739999853e+03 2.493748507159999917e+03 2.493713892140000098e+03 2.493679452020000099e+03 2.493645186140000078e+03 2.493611093840000194e+03 2.493577174460000151e+03 2.493543426679999811e+03 2.493509849840000243e+03 2.493476443940000081e+03 2.493443207660000098e+03 2.493410140339999998e+03 2.493377241979999781e+03 2.493344511260000218e+03 2.493311948179999945e+03 2.493279551420000189e+03 2.493247320980000040e+03 2.493215256859999954e+03 2.493183357079999951e+03 2.493151622299999872e+03 2.493120051200000034e+03 2.493088644439999825e+03 2.493057400700000017e+03 2.493026319319999857e+03 2.492995400299999801e+03 2.492964642980000008e+03 2.492934047360000022e+03 2.492903613439999845e+03 2.492873339239999950e+03 2.492843226080000022e+03 2.492813272639999923e+03 2.492783478260000265e+03 2.492753844259999823e+03 2.492724368659999982e+03 2.492695051459999831e+03 2.492665893320000123e+03 2.492636892919999809e+03 2.492608050920000096e+03 2.492579365999999936e+03 2.492550838820000081e+03 2.492522468059999937e+03 2.492494255040000098e+03 2.492466197780000130e+03 2.492438297600000169e+03 2.492410553839999920e+03 2.492382965180000156e+03
2.592669694579999941e+03 2.592597123619999820e+03 2.592524916979999944e+03 2.592453075320000153e+03 2.592381596660000014e+03 2.592310480999999982e+03 2.592239727680000215e+03 2.592169334719999824e+03 2.592099302120000175e+03 2.592029629220000061e+03 2.591960315360000095e+03 2.591891358559999844e+03 2.591822758159999921e+03 2.591754513500000030e+03 2.591686623260000033e+03 2.591619086780000089e+03 2.591551902740000060e+03 2.591485070480000104e+03 2.591418587359999947e+03 2.591352454039999884e+03 2.591286668539999937e+03 2.591221228880000126e+03 2.591156135059999997e+03 2.591091385100000025e+03 2.591026977680000073e+03 2.590962912140000299e+03 2.590899185839999973e+03 2.590835798120000163e+03 2.590772747659999823e+03 2.590710033139999723e+03 2.590647651920000044e+03 2.590585603999999876e+03 2.590523886740000307e+03 2.590462499480000133e+03 2.590401440239999829e+03 2.590340707039999870e+03 2.590280299219999961e+03 2.590220213479999984e+03 2.590160450479999781e+03 2.590101006259999849e+03 2.590041880820000188e+03 2.589983071520000067e+03 2.589924577040000258e+03 2.589866395399999874e+03 2.589808525280000140e+03 2.589750964700000168e+03 2.589693711679999979e+03 2.589636764899999889e+03 2.589580121720000079e+03 2.589523781480000252e+03
2.315213227159999860e+03 2.315191975159999856e+03 2.315170830739999928e+03 2.315149791920000098e+03 2.315128859360000206e+03 2.315108032399999956e+03 2.315087309720000121e+03 2.315066691980000087e+03 2.315046177860000171e+03 2.315025767359999918e+03 2.315005459819999942e+03 2.314985254579999946e+03 2.314965152300000227e+03 2.314945150999999896e+03 2.314925252000000000e+03 2.314905453320000106e+03 2.314885755620000054e+03 2.314866158240000004e+03 2.314846661179999955e+03 2.314827263119999770e+03 2.314807965380000041e+03 2.314788765979999880e+03 2.314769664919999741e+03 2.314750662859999920e+03 2.314731759140000122e+03 2.314712952439999754e+03 2.314694244079999862e+03 2.314675632739999855e+03 2.314657119080000029e+03 2.314638701779999792e+03 2.314620380840000053e+03 2.314602156920000198e+03 2.314584028700000090e+03 2.314565996840000025e+03 2.314548060680000162e+03 2.314530220220000047e+03 2.314512475460000132e+03 2.314494825079999828e+03 2.314477270400000180e+03 2.314459810759999982e+03 2.314442446160000145e+03 2.314425175939999917e+03 2.314408000100000208e+03 2.314390918640000109e+03 2.314373931560000074e+03 2.314357038199999806e+03 2.314340239220000058e+03 2.314323533960000077e+03 2.314306922419999864e+03 2.314290404599999874e+03
2.410832248459999846e+03 2.410783989919999840e+03 2.410735974260000148e+03 2.410688201479999861e+03 2.410640670920000048e+03 2.410593381919999956e+03 2.410546334480000041e+03 2.410499527280000166e+03 2.410452960980000171e+03 2.410406633600000077e+03 2.410360545139999886e+03 2.410314694939999754e+03 2.410269082339999841e+03 2.410223706020000009e+03 2.410178566640000099e+03 2.410133662879999974e+03 2.410088993419999952e+03 2.410044557600000189e+03 2.410000355420000233e+03 2.409956385559999944e+03 2.409912647359999937e+03 2.409869139500000074e+03 2.409825861979999900e+03 2.409782813480000186e+03 2.409739992020000045e+03 2.409697398920000069e+03 2.409655030880000140e+03 2.409612888560000101e+03 2.409570970640000269e+03 2.409529275800000050e+03 2.409487803380000059e+03 2.409446552060000158e+03 2.409405520520000209e+03 2.409364708760000212e+03 2.409324114800000189e+03 2.409283737320000000e+03 2.409243576320000102e+03 2.409203629820000060e+03 2.409163897160000033e+03 2.409124376360000042e+03 2.409085067420000087e+03 2.409045969020000030e+03 2.409007079179999891e+03 2.408968397239999831e+03 2.408929921880000165e+03 2.408891652440000144e+03 2.408853586940000241e+03 2.408815724720000162e+03 2.408778064459999769e+03 2.408740604179999991e+03
2.136498532759999762e+03 2.136491547319999881e+03 2.136484596859999783e+03 2.136477682040000218e+03 2.136470802199999980e+03 2.136463956680000138e+03 2.136457146799999919e+03 2.136450371240000095e+03 2.136443630660000053e+03 2.136436923740000111e+03 2.136430251140000109e+03 2.136423612860000048e+03 2.136417008899999928e+03 2.136410437940000065e+03 2.136403901300000143e+03 2.136397397660000024e+03 2.136390928339999846e+03 2.136384491360000084e+03 2.136378088039999966e+03 2.136371717720000106e+03 2.136365381059999891e+03 2.136359076740000091e+03 2.136352804759999799e+03 2.136346566440000061e+03 2.136340359799999987e+03 2.136334186160000172e+03 2.136328045520000160e+03 2.136321936559999813e+03 2.136315859939999882e+03 2.136309815659999913e+03 2.136303803060000064e+03 2.136297823460000018e+03 2.136291874879999796e+03 2.136285958639999990e+03 2.136280074740000146e+03 2.136274221860000125e+03 2.136268401320000066e+03 2.136262612460000128e+03 2.136256854620000013e+03 2.136251129119999860e+03 2.136245434639999985e+03 2.136239771839999776e+03 2.136234140059999845e+03 2.136228540619999876e+03 2.136222971539999890e+03 2.136217434799999864e+03 2.136211928419999822e+03 2.136206453719999899e+03 2.136201010039999801e+03 2.136195598039999823e+03
2.228967463160000079e+03 2.228943449060000148e+03 2.228919555739999851e+03 2.228895782539999800e+03 2.228872130780000134e+03 2.228848599139999806e+03 2.228825186959999883e+03 2.228801894899999752e+03 2.228778722300000027e+03 2.228755669159999798e+03 2.228732734159999836e+03 2.228709918619999826e+03 2.228687220559999787e+03 2.228664640640000016e+03 2.228642178200000217e+03 2.228619833239999934e+03 2.228597605099999782e+03 2.228575493119999919e+03 2.228553497299999890e+03 2.228531617640000150e+03 2.228509852820000106e+03 2.228488202840000213e+03 2.228466667040000175e+03 2.228445245419999992e+03 2.228423937319999823e+03 2.228402742079999825e+03 2.228381659700000000e+03 2.228360688859999755e+03 2.228339830219999840e+03 2.228319082460000118e+03 2.228298445580000134e+03 2.228277918260000206e+03 2.228257501160000174e+03 2.228237192959999902e+03 2.228216993000000002e+03 2.228196900620000179e+03 2.228176916479999818e+03 2.228157038599999851e+03 2.228137267640000118e+03 2.228117601620000187e+03 2.228098041199999898e+03 2.228078585719999865e+03 2.228059233859999949e+03 2.228039984959999856e+03 2.228020839679999881e+03 2.228001796040000045e+03 2.227982854700000189e+03 2.227964013679999880e+03 2.227945273639999868e+03 2.227926633260000017e+03
1.957772700199999917e+03 1.957779976699999906e+03 1.957787216899999976e+03 1.957794421459999967e+03 1.957801591039999948e+03 1.957808724980000079e+03 1.957815824600000042e+03 1.957822889239999995e+03 1.957829918899999939e+03 1.957836914239999942e+03 1.957843875260000004e+03 1.957850801959999899e+03 1.957857694999999921e+03 1.957864553720000004e+03 1.957871378779999986e+03 1.957878169520000029e+03 1.957884927260000040e+03 1.957891651339999953e+03 1.957898342420000063e+03 1.957904999840000073e+03 1.957911624920000122e+03 1.957918216340000072e+03 1.957924774759999991e+03 1.957931300839999949e+03 1.957937793919999876e+03 1.957944254660000070e+03 1.957950682400000005e+03 1.957957077799999979e+03 1.957963441520000060e+03 1.957969772240000111e+03 1.957976070619999973e+03 1.957982337319999942e+03 1.957988571679999950e+03 1.957994774360000065e+03 1.958000944699999991e+03 1.958007084020000093e+03 1.958013190339999937e+03 1.958019265639999958e+03 1.958025309260000085e+03 1.958031321200000093e+03 1.958037301459999981e+03 1.958043250039999975e+03 1.958049166940000077e+03 1.958055052819999901e+03 1.958060907020000059e+03 1.958066729540000097e+03 1.958072521040000083e+03 1.958078281520000019e+03 1.958084010320000061e+03 1.958089708100000053e+03
2.047133856867199938e+03 2.047134049105399981e+03 2.047134240116000001e+03 2.047134429925399900e+03 2.047134618560000035e+03 2.047134806046200083e+03 2.047134992403799970e+03 2.047135177652600078e+03 2.047135361825600057e+03 2.047135544936000088e+03 2.047135727016800047e+03 2.047135908074599911e+03 2.047136088142400013e+03 2.047136267240000052e+03 2.047136445374000004e+03 2.047136622583999952e+03 2.047136798869999893e+03 2.047136974258399960e+03 2.047137148769000078e+03 2.047137322414999971e+03 2.047137495222799998e+03 2.047137667192399931e+03 2.047137838356800103e+03 2.047138008716000058e+03 2.047138178302999904e+03 2.047138347117800095e+03 2.047138515180200102e+03 2.047138682503400105e+03 2.047138849107200031e+03 2.047139014998200082e+03 2.047139180189599983e+03 2.047139344701199889e+03 2.047139508533000026e+03 2.047139671704800094e+03 2.047139834236400020e+03 2.047139996121200056e+03 2.047140157385600105e+03 2.047140318029599939e+03 2.047140478072999940e+03 2.047140637522400084e+03 2.047140796384399891e+03 2.047140954672199996e+03 2.047141112398999894e+03 2.047141269564800041e+03 2.047141426189399908e+03 2.047141582272799951e+03 2.047141737834800097e+03 2.047141892868799914e+03 2.047142047394600013e+03 2.047142201418799914e+03
1.779050251460000027e+03 1.779071787920000133e+03 1.779093216799999936e+03 1.779114538759999959e+03 1.779135755119999885e+03 1.779156866540000010e+03 1.779177872360000038e+03 1.779198773240000037e+03 1.779219570499999918e+03 1.779240264139999908e+03 1.779260854160000008e+03 1.779281341880000127e+03 1.779301726639999970e+03 1.779322010419999970e+03 1.779342191899999989e+03 1.779362272399999938e+03 1.779382251920000044e+03 1.779402131119999922e+03 1.779421910659999867e+03 1.779441589880000038e+03 1.779461169440000049e+03 1.779480650660000038e+03 1.779500032879999935e+03 1.779519316099999969e+03 1.779538501640000050e+03 1.779557588839999880e+03 1.779576578359999985e+03 1.779595470859999978e+03 1.779614266340000086e+03 1.779632964140000013e+03 1.779651566239999966e+03 1.779670071320000034e+03 1.779688480040000059e+03 1.779706792400000040e+03 1.779725009719999889e+03 1.779743130679999922e+03 1.779761156600000049e+03 1.779779087480000044e+03 1.779796922660000064e+03 1.779814662799999951e+03 1.779832308560000001e+03 1.779849859280000146e+03 1.779867315619999999e+03 1.779884677580000016e+03 1.779901945820000037e+03 1.779919119019999926e+03 1.779936198500000046e+03 1.779953184259999944e+03 1.779970076300000073e+03 1.779986874619999980e+03
1.865282518459999892e+03 1.865306919319999906e+03 1.865331196760000012e+03 1.865355350119999912e+03 1.865379381380000041e+03 1.865403289220000033e+03 1.865427074960000027e+03 1.865450737939999954e+03 1.865474279479999950e+03 1.865497700240000086e+03 1.865520998899999995e+03 1.865544177440000112e+03 1.865567235199999914e+03 1.865590173499999992e+03 1.865612991680000050e+03 1.865635691059999999e+03 1.865658271640000066e+03 1.865680733420000024e+03 1.865703077720000010e+03 1.865725304540000025e+03 1.865747413880000067e+03 1.865769407060000049e+03 1.865791283420000127e+03 1.865813044940000054e+03 1.865834690959999989e+03 1.865856222140000000e+03 1.865877639139999928e+03 1.865898942620000071e+03 1.865920133240000041e+03 1.865941211000000067e+03 1.865962176559999989e+03 1.865983030580000104e+03 1.866003773059999958e+03 1.866024405979999983e+03 1.866044928679999884e+03 1.866065341819999958e+03 1.866085646720000113e+03 1.866105843379999897e+03 1.866125931799999989e+03 1.866145913959999916e+03 1.866165789200000063e+03 1.866185558839999885e+03 1.866205223539999906e+03 1.866224783299999899e+03 1.866244239440000001e+03 1.866263591959999985e+03 1.866282841519999920e+03 1.866301989439999943e+03 1.866321035720000054e+03 1.866339981020000096e+03
1.600335618439999962e+03 1.600371416839999938e+03 1.600407036380000136e+03 1.600442477059999874e+03 1.600477740199999971e+03 1.600512827120000111e+03 1.600547737159999997e+03 1.600582472959999905e+03 1.600617033859999992e+03 1.600651421179999943e+03 1.600685636239999894e+03 1.600719679039999846e+03 1.600753550240000095e+03 1.600787250500000027e+03 1.600820781140000008e+03 1.600854142160000038e+03 1.600887334880000026e+03 1.600920359299999973e+03 1.600953216079999947e+03 1.600985905880000018e+03 1.601018429360000027e+03 1.601050787180000043e+03 1.601082980000000134e+03 1.601115007819999846e+03 1.601146871299999930e+03 1.601178570439999930e+03 1.601210107220000054e+03 1.601241480319999937e+03 1.601272691059999943e+03 1.601303740099999914e+03 1.601334627440000077e+03 1.601365353740000046e+03 1.601395919000000049e+03 1.601426323879999927e+03 1.601456568380000135e+03 1.601486653160000060e+03 1.601516578220000156e+03 1.601546344220000037e+03 1.601575951820000000e+03 1.601605400359999976e+03 1.601634690500000033e+03 1.601663822900000014e+03 1.601692797559999917e+03 1.601721614479999971e+03 1.601750274320000017e+03 1.601778777080000054e+03 1.601807123419999925e+03 1.601835312680000015e+03 1.601863345519999939e+03 1.601891221939999923e+03
1.683433985000000121e+03 1.683482631620000120e+03 1.683531031400000074e+03 1.683579186319999963e+03 1.683627096380000012e+03 1.683674762239999836e+03 1.683722185220000028e+03 1.683769363999999996e+03 1.683816301220000014e+03 1.683862996220000014e+03 1.683909450319999905e+03 1.683955664179999985e+03 1.684001638460000095e+03 1.684047373819999848e+03 1.684092870919999996e+03 1.684138130419999925e+03 1.684183152979999932e+03 1.684227939920000154e+03 1.684272491899999977e+03 1.684316810239999995e+03 1.684360894280000139e+03 1.684404746660000001e+03 1.684448366719999967e+03 1.684491757100000086e+03 1.684534917140000061e+03 1.684577848819999872e+03 1.684620552139999972e+03 1.684663029079999887e+03 1.684705280300000140e+03 1.684747307119999959e+03 1.684789109540000027e+03 1.684830690199999935e+03 1.684872048440000071e+03 1.684913186900000028e+03 1.684954105580000032e+03 1.684994805799999995e+03 1.685035288880000053e+03 1.685075556140000117e+03 1.685115608900000097e+03 1.685155447159999994e+03 1.685195073559999855e+03 1.685234488099999908e+03 1.685273692759999904e+03 1.685312688199999911e+03 1.685351475740000069e+03 1.685390056700000059e+03 1.685428432400000020e+03 1.685466604160000088e+03 1.685504572639999878e+03 1.685542339159999983e+03
1.421647691000000123e+03 1.421697743419999824e+03 1.421747543059999998e+03 1.421797091240000100e+03 1.421846388620000198e+03 1.421895436520000203e+03 1.421944236260000025e+03 1.421992789160000029e+03 1.422041096540000126e+03 1.422089159059999929e+03 1.422136977379999962e+03 1.422184554139999818e+03 1.422231888679999884e+03 1.422278982320000068e+03 1.422325837039999897e+03 1.422372452839999823e+03 1.422418831039999986e+03 1.422464972299999999e+03 1.422510877940000000e+03 1.422556547959999989e+03 1.422601984339999944e+03 1.422647187080000094e+03 1.422692156839999825e+03 1.422736894940000184e+03 1.422781402040000103e+03 1.422825678140000036e+03 1.422869725219999964e+03 1.422913542620000044e+03 1.422957131659999959e+03 1.423000493000000006e+03 1.423043627300000026e+03 1.423086535219999860e+03 1.423129216759999963e+03 1.423171672580000177e+03 1.423213903339999888e+03 1.423255910360000144e+03 1.423297692979999965e+03 1.423339252519999945e+03 1.423380588320000015e+03 1.423421702359999927e+03 1.423462593980000065e+03 1.423503263839999818e+03 1.423543712599999935e+03 1.423583940919999804e+03 1.423623948140000039e+03 1.423663734920000024e+03 1.423703302579999900e+03 1.423742651120000119e+03 1.423781779880000158e+03 1.423820690179999929e+03
1.501586359700000003e+03 1.501659324019999985e+03 1.501731920719999835e+03 1.501804151119999915e+03 1.501876015219999999e+03 1.501947514339999998e+03 1.502018649139999980e+03 1.502089420280000013e+03 1.502159829080000009e+03 1.502229876200000035e+03 1.502299562960000003e+03 1.502368889359999912e+03 1.502437857379999969e+03 1.502506467680000014e+03 1.502574721579999959e+03 1.502642619740000100e+03 1.502710163480000119e+03 1.502777354779999996e+03 1.502844192980000116e+03 1.502910681379999914e+03 1.502976819320000004e+03 1.503042609439999978e+03 1.503108052399999906e+03 1.503173150179999993e+03 1.503237903440000082e+03 1.503302313499999855e+03 1.503366382339999973e+03 1.503430111279999892e+03 1.503493501639999977e+03 1.503556554740000138e+03 1.503619271900000058e+03 1.503681655099999944e+03 1.503743706320000001e+03 1.503805426219999845e+03 1.503866817439999977e+03 1.503927879979999943e+03 1.503988617139999860e+03 1.504049029580000024e+03 1.504109119279999959e+03 1.504168888220000099e+03 1.504228337720000127e+03 1.504287469760000022e+03 1.504346285659999921e+03 1.504404787399999805e+03 1.504462976960000105e+03 1.504520856319999893e+03 1.504578426139999920e+03 1.504635689060000004e+03 1.504692647060000127e+03 1.504749301459999970e+03
1.242981896000000006e+03 1.243046219599999858e+03 1.243110213200000089e+03 1.243173883400000022e+03 1.243237223600000107e+03 1.243300240399999893e+03 1.243362940399999843e+03 1.243425317000000177e+03 1.243487376799999993e+03 1.243549113199999965e+03 1.243610539400000107e+03 1.243671648799999957e+03 1.243732441399999971e+03 1.243792923800000153e+03 1.243853096000000050e+03 1.243912957999999890e+03 1.243972516400000131e+03 1.244031764599999860e+03 1.244090709199999992e+03 1.244149343600000066e+03 1.244207680999999866e+03 1.244265708200000063e+03 1.244323438399999986e+03 1.244380871599999864e+03 1.244438001199999917e+03 1.244494833799999924e+03 1.244551369400000112e+03 1.244607607999999800e+03 1.244663549599999897e+03 1.244719194199999947e+03 1.244774548399999958e+03 1.244829612200000156e+03 1.244884379000000081e+03 1.244938861999999972e+03 1.244993048000000044e+03 1.245046943600000077e+03 1.245100548800000070e+03 1.245153870200000028e+03 1.245206901200000175e+03 1.245259648400000060e+03 1.245312105200000133e+03 1.245364278200000172e+03 1.245416160799999943e+03 1.245467766199999915e+03 1.245519081200000073e+03 1.245570118999999977e+03 1.245620866400000068e+03 1.245671336599999904e+03 1.245721523000000161e+03 1.245771425599999930e+03
1.319754653599999983e+03 1.319852036600000019e+03 1.319948931200000061e+03 1.320045337399999880e+03 1.320141261799999938e+03 1.320236697800000002e+03 1.320331645400000070e+03 1.320426111199999923e+03 1.320520101800000020e+03 1.320613604000000123e+03 1.320706624400000010e+03 1.320799169599999914e+03 1.320891239600000063e+03 1.320982827799999995e+03 1.321073947399999952e+03 1.321164591799999926e+03 1.321254760999999917e+03 1.321344461599999931e+03 1.321433693599999970e+03 1.321522457000000031e+03 1.321610751799999889e+03 1.321698591200000010e+03 1.321785961999999927e+03 1.321872870799999873e+03 1.321959324200000083e+03 1.322045315599999867e+03 1.322130858199999921e+03 1.322215938800000004e+03 1.322300577199999907e+03 1.322384760200000073e+03 1.322468494400000054e+03 1.322551779800000077e+03 1.322634629600000153e+03 1.322717030599999816e+03 1.322798995999999988e+03 1.322880519199999981e+03 1.322961613400000033e+03 1.323042265399999906e+03 1.323122495000000072e+03 1.323202288999999837e+03 1.323281660600000123e+03 1.323360603200000014e+03 1.323439123399999971e+03 1.323517227800000001e+03 1.323594909800000096e+03 1.323672176000000036e+03 1.323749033000000054e+03 1.323825474199999917e+03 1.323901506199999858e+03 1.323977135600000111e+03
1.064353661599999896e+03 1.064432280800000171e+03 1.064510490799999843e+03 1.064588298200000054e+03 1.064665709599999900e+03 1.064742711800000052e+03 1.064819324600000073e+03 1.064895534799999950e+03 1.064971348999999918e+03 1.065046773799999983e+03 1.065121809199999916e+03 1.065196455199999946e+03 1.065270711800000072e+03 1.065344579000000067e+03 1.065418069999999943e+03 1.065491178199999922e+03 1.065563903600000003e+03 1.065636246199999960e+03 1.065708212600000024e+03 1.065779809399999976e+03 1.065851023400000031e+03 1.065921867799999973e+03 1.065992342600000029e+03 1.066062447799999973e+03 1.066132183400000031e+03 1.066201549399999976e+03 1.066270545800000036e+03 1.066339179199999990e+03 1.066407449600000064e+03 1.066475357000000031e+03 1.066542907999999898e+03 1.066610089400000106e+03 1.066676914399999987e+03 1.066743382999999994e+03 1.066809495200000129e+03 1.066875250999999935e+03 1.066940643800000089e+03 1.067005686799999921e+03 1.067070380000000114e+03 1.067134716799999978e+03 1.067198703799999976e+03 1.067262334399999872e+03 1.067325621800000135e+03 1.067388559400000076e+03 1.067451147199999923e+03 1.067513385199999902e+03 1.067575273400000015e+03 1.067636818400000038e+03 1.067698020199999974e+03 1.067758878799999820e+03
1.137934289600000056e+03 1.138056224599999950e+03 1.138177545799999962e+03 1.138298266400000102e+03 1.138418379799999911e+03 1.138537886000000071e+03 1.138656791599999906e+03 1.138775090000000091e+03 1.138892787799999951e+03 1.139009884999999940e+03 1.139126388200000065e+03 1.139242290799999864e+03 1.139357599400000026e+03 1.139472307399999863e+03 1.139586428000000069e+03 1.139699961199999962e+03 1.139812900399999990e+03 1.139925258799999938e+03 1.140037023200000021e+03 1.140148206800000025e+03 1.140258809599999950e+03 1.140368831599999794e+03 1.140478279400000019e+03 1.140587146400000165e+03 1.140695439200000010e+03 1.140803164399999787e+03 1.140910315399999945e+03 1.141016898800000035e+03 1.141122921199999837e+03 1.141228376000000026e+03 1.141333276399999932e+03 1.141437615800000003e+03 1.141541394200000013e+03 1.141644624799999974e+03 1.141747300999999879e+03 1.141849429400000190e+03 1.141951016600000003e+03 1.142052055999999993e+03 1.142152554199999940e+03 1.142252517800000078e+03 1.142351940199999945e+03 1.142450834599999780e+03 1.142549194400000033e+03 1.142647032800000034e+03 1.142744343200000003e+03 1.142841125599999941e+03 1.142937399800000094e+03 1.143033152599999994e+03 1.143128390599999875e+03 1.143223120399999971e+03
8.857736666000000696e+02 8.858666342000001350e+02 8.859591067999999723e+02 8.860511042000000543e+02 8.861426131999999143e+02 8.862336404000000130e+02 8.863241989999999078e+02 8.864142758000000413e+02 8.865038839999999709e+02 8.865930235999999240e+02 8.866816879999998946e+02 8.867698969999999008e+02 8.868576373999999305e+02 8.869449157999999898e+02 8.870317322000000786e+02 8.871180931999999757e+02 8.872040053999999145e+02 8.872894555999998829e+02 8.873744636000001265e+02 8.874590162000001783e+02 8.875431200000000445e+02 8.876267815999999584e+02 8.877100009999999202e+02 8.877927716000001510e+02 8.878751065999999810e+02 8.879570059999998648e+02 8.880384632000000238e+02 8.881194848000000093e+02 8.882000707999998212e+02 8.882802278000001479e+02 8.883599491999998463e+02 8.884392481999998381e+02 8.885181116000001111e+02 8.885965525999999954e+02 8.886745645999999397e+02 8.887521541999999499e+02 8.888293214000000262e+02 8.889060662000001685e+02 8.889823952000001555e+02 8.890583018000002085e+02 8.891337859999998727e+02 8.892088544000000638e+02 8.892835135999998784e+02 8.893577503999999863e+02 8.894315779999999450e+02 8.895049897999999757e+02 8.895779924000000847e+02 8.896505858000000444e+02 8.897227634000000762e+02 8.897945384000001923e+02
9.561308677999998054e+02 9.562775065999999242e+02 9.564234194000000571e+02 9.565685995999999705e+02 9.567130604000001313e+02 9.568567951999998513e+02 9.569998106000000462e+02 9.571421066000000337e+02 9.572836766000000353e+02 9.574245338000000629e+02 9.575646716000001106e+02 9.577040965999999571e+02 9.578428088000000571e+02 9.579808147999999619e+02 9.581181079999998929e+02 9.582546883999998499e+02 9.583905692000000727e+02 9.585257437999998729e+02 9.586602187999999387e+02 9.587939942000000428e+02 9.589270699999999579e+02 9.590594527999999173e+02 9.591911426000001484e+02 9.593221393999999691e+02 9.594524498000000676e+02 9.595820737999999892e+02 9.597110113999999612e+02 9.598392691999999897e+02 9.599668472000000747e+02 9.600937519999999950e+02 9.602199835999999777e+02 9.603455420000000231e+02 9.604704338000001371e+02 9.605946590000000924e+02 9.607182241999998951e+02 9.608411227999999937e+02 9.609633680000001732e+02 9.610849663999999848e+02 9.612059048000000985e+02 9.613261964000000717e+02 9.614458478000001378e+02 9.615648523999998361e+02 9.616832234000000881e+02 9.618009542000002057e+02 9.619180514000001949e+02 9.620345216000000619e+02 9.621503647999998066e+02 9.622655876000001172e+02 9.623801899999998568e+02 9.624941785999999411e+02
7.072542596000000685e+02 7.073616614000000027e+02 7.074684890000000905e+02 7.075747555999998895e+02 7.076804546000000755e+02 7.077855925999999727e+02 7.078901761999998143e+02 7.079941988000000492e+02 7.080976736000000074e+02 7.082005940000001374e+02 7.083029665999999906e+02 7.084047980000000280e+02 7.085060882000000220e+02 7.086068371999999727e+02 7.087070515999998861e+02 7.088067247999999836e+02 7.089058700000000499e+02 7.090044872000000851e+02 7.091025764000000891e+02 7.092001441999998406e+02 7.092971840000000157e+02 7.093937023999999383e+02 7.094897060000000693e+02 7.095851947999999538e+02 7.096801622000000407e+02 7.097746279999998933e+02 7.098685723999999482e+02 7.099620151999999962e+02 7.100549564000000373e+02 7.101473827999998321e+02 7.102393142000000807e+02 7.103307440000000952e+02 7.104216721999998754e+02 7.105121053999998821e+02 7.106020436000001155e+02 7.106914867999998933e+02 7.107804416000001311e+02 7.108689013999999133e+02 7.109568728000001556e+02 7.110443623999999545e+02 7.111313569999999800e+02 7.112178764000000228e+02 7.113039074000000710e+02 7.113894565999999031e+02 7.114745305999999800e+02 7.115591227999998409e+02 7.116432397999999466e+02 7.117268750000000637e+02 7.118100415999999768e+02 7.118927330000001348e+02
7.743431209999998828e+02 7.745146286000001510e+02 7.746852980000001025e+02 7.748551159999999527e+02 7.750240957999999409e+02 7.751922374000000673e+02 7.753595342000000983e+02 7.755259993999998187e+02 7.756916264000001320e+02 7.758564218000001347e+02 7.760203856000000542e+02 7.761835178000001179e+02 7.763458184000000983e+02 7.765072940000000017e+02 7.766679512000000614e+02 7.768277768000000378e+02 7.769867839999999433e+02 7.771449728000000050e+02 7.773023498000000018e+02 7.774589083999999275e+02 7.776146552000000156e+02 7.777695902000000387e+02 7.779237266000000091e+02 7.780770512000001418e+02 7.782295705999999882e+02 7.783812980000000152e+02 7.785322201999999834e+02 7.786823503999999048e+02 7.788316952000000128e+02 7.789802414000000681e+02 7.791280087999998614e+02 7.792749908000000687e+02 7.794211874000000080e+02 7.795666117999999187e+02 7.797112640000000283e+02 7.798551439999998820e+02 7.799982518000001619e+02 7.801406005999999707e+02 7.802821837999999843e+02 7.804230080000002090e+02 7.805630798000001960e+02 7.807023991999999453e+02 7.808409728000001451e+02 7.809788006000001133e+02 7.811158891999998559e+02 7.812522320000000491e+02 7.813878488000000289e+02 7.815227330000000165e+02 7.816568912000000182e+02 7.817903234000000339e+02
5.288218604000001051e+02 5.289438284000000294e+02 5.290651430000000346e+02 5.291858041999998932e+02 5.293058119999998326e+02 5.294251795999998649e+02 5.295439069999999901e+02 5.296619941999999810e+02 5.297794478000000709e+02 5.298962678000000324e+02 5.300124608000000990e+02 5.301280267999998159e+02 5.302429658000000927e+02 5.303572910000000320e+02 5.304709957999998551e+02 5.305840868000000228e+02 5.306965706000000864e+02 5.308084405999998125e+02 5.309197099999998954e+02 5.310303787999998804e+02 5.311404403999999886e+02 5.312499080000000049e+02 5.313587815999999293e+02 5.314670611999999892e+02 5.315747534000001906e+02 5.316818582000000788e+02 5.317883756000001085e+02 5.318943122000000585e+02 5.319996745999999348e+02 5.321044495999999526e+02 5.322086570000001302e+02 5.323122902000000067e+02 5.324153492000000369e+02 5.325178405999999995e+02 5.326197644000001219e+02 5.327211205999999493e+02 5.328219223999999485e+02 5.329221566000001076e+02 5.330218363999999838e+02 5.331209552000000258e+02 5.332195196000000124e+02 5.333175361999999495e+02 5.334149983999998312e+02 5.335119062000001122e+02 5.336082728000001225e+02 5.337040915999998560e+02 5.337993692000000010e+02 5.338940990000000966e+02 5.339882876000001488e+02 5.340819415999999364e+02
5.925743953999999576e+02 5.927709433999998510e+02 5.929665410000000065e+02 5.931611749999999574e+02 5.933548519999999371e+02 5.935475785999999516e+02 5.937393481999999949e+02 5.939301673999998457e+02 5.941200362000001860e+02 5.943089612000001125e+02 5.944969358000000739e+02 5.946839732000000822e+02 5.948700602000001254e+02 5.950552099999999882e+02 5.952394225999998980e+02 5.954226980000000822e+02 5.956050427999998647e+02 5.957864503999999215e+02 5.959669274000000314e+02 5.961464804000002005e+02 5.963251093999999739e+02 5.965028143999998065e+02 5.966795953999999256e+02 5.968554656000001160e+02 5.970304183999999168e+02 5.972044538000000102e+02 5.973775849999999537e+02 5.975498120000002018e+02 5.977211281999998391e+02 5.978915468000000146e+02 5.980610677999998188e+02 5.982296977999999399e+02 5.983974302000001444e+02 5.985642781999999897e+02 5.987302351999999246e+02 5.988953143999999611e+02 5.990595157999998719e+02 5.992228393999998843e+02 5.993852918000000045e+02 5.995468730000000050e+02 5.997075895999998920e+02 5.998674481999998989e+02 6.000264488000000256e+02 6.001845980000000509e+02 6.003418957999999748e+02 6.004983422000000246e+02 6.006539503999999852e+02 6.008087203999998565e+02 6.009626587999998719e+02 6.011157590000000255e+02
3.504575335999998060e+02 3.505942393999998785e+02 3.507301927999999407e+02 3.508654136000000108e+02 3.509999018000000888e+02 3.511336573999999473e+02 3.512666804000000411e+02 3.513989839999999276e+02 3.515305616000000555e+02 3.516614263999999821e+02 3.517915784000001622e+02 3.519210241999999198e+02 3.520497571999999309e+02 3.521777905999999803e+02 3.523051310000000740e+02 3.524317652000001999e+02 3.525577129999999215e+02 3.526829744000001483e+02 3.528075427999999647e+02 3.529314380000000710e+02 3.530546468000000004e+02 3.531771823999999924e+02 3.532990382000000409e+02 3.534202340000001641e+02 3.535407565999998951e+02 3.536606126000001495e+02 3.537798086000000239e+02 3.538983511999999791e+02 3.540162338000000091e+02 3.541334629999998924e+02 3.542500454000000900e+02 3.543659743999999137e+02 3.544812632000000576e+02 3.545959052000000611e+02 3.547099069999999301e+02 3.548232751999998982e+02 3.549360098000001926e+02 3.550481041999998979e+02 3.551595716000001630e+02 3.552704120000000785e+02 3.553806254000000990e+02 3.554902184000000034e+02 3.555991910000000189e+02 3.557075432000001456e+02 3.558152749999999287e+02 3.559223930000000564e+02 3.560288972000000740e+02 3.561347941999999875e+02 3.562400839999997970e+02 3.563447665999999572e+02
4.108430653999998867e+02 4.110648320000000240e+02 4.112855228000000807e+02 4.115051443999998355e+02 4.117236967999999706e+02 4.119411800000000312e+02 4.121576006000000234e+02 4.123729519999999411e+02 4.125872474000000238e+02 4.128004802000000382e+02 4.130126569999999901e+02 4.132237777999998798e+02 4.134338426000001618e+02 4.136428580000001602e+02 4.138508240000001024e+02 4.140577339999999822e+02 4.142636077999998179e+02 4.144684321999998247e+02 4.146722204000000147e+02 4.148749657999999272e+02 4.150766750000000229e+02 4.152773546000000806e+02 4.154769980000000942e+02 4.156756184000000758e+02 4.158732092000000193e+02 4.160697770000001583e+02 4.162653218000000379e+02 4.164598502000001190e+02 4.166533687999999529e+02 4.168458709999999883e+02 4.170373700000000099e+02 4.172278591999997843e+02 4.174173451999999997e+02 4.176058345999999801e+02 4.177933273999999528e+02 4.179798301999999239e+02 4.181653430000001208e+02 4.183498657999998613e+02 4.185334118000000672e+02 4.187159810000000562e+02 4.188975733999998283e+02 4.190781955999998445e+02 4.192578541999998833e+02 4.194365492000001723e+02 4.196142806000000292e+02 4.197910615999999209e+02 4.199668922000000748e+02 4.201417724000000362e+02 4.203157154000000446e+02 4.204887145999998666e+02
1.721647574000000986e+02 1.723164056000000528e+02 1.724672287999999298e+02 1.726172203999999510e+02 1.727663870000001225e+02 1.729147286000002168e+02 1.730622584000000188e+02 1.732089829999999893e+02 1.733548892000001160e+02 1.735000033999999687e+02 1.736443123999999898e+02 1.737878227999999581e+02 1.739305478000001131e+02 1.740724807999999939e+02 1.742136350000000675e+02 1.743540037999998731e+02 1.744936004000001049e+02 1.746324248000000807e+02 1.747704770000000281e+02 1.749077701999999590e+02 1.750442978000000949e+02 1.751800729999999930e+02 1.753150891999998748e+02 1.754493530000002011e+02 1.755828776000000744e+02 1.757156498000001648e+02 1.758476894000000357e+02 1.759789897999999084e+02 1.761095510000000104e+02 1.762393861999998990e+02 1.763684888000000228e+02 1.764968720000001667e+02 1.766245357999998760e+02 1.767514736000000539e+02 1.768776986000000306e+02 1.770032174000000396e+02 1.771280167999998412e+02 1.772521165999999084e+02 1.773755102000000079e+02 1.774982042000001456e+02 1.776201920000000882e+02 1.777414934000000812e+02 1.778620952000001125e+02 1.779820106000001942e+02 1.781012330000000929e+02 1.782197756000000481e+02 1.783376318000000538e+02 1.784548081999998885e+02 1.785713048000000072e+02 1.786871215999999549e+02
2.291333636000001661e+02 2.293804939999999988e+02 2.296264429999998811e+02 2.298712105999998130e+02 2.301147968000000219e+02 2.303572082000000592e+02 2.305984514000001582e+02 2.308385131999998521e+02 2.310774067999998351e+02 2.313151321999998800e+02 2.315516959999999926e+02 2.317870916000001671e+02 2.320213189999999486e+02 2.322543914000000314e+02 2.324863088000001881e+02 2.327170645999999579e+02 2.329466720000000350e+02 2.331751243999999588e+02 2.334024284000001899e+02 2.336285840000000462e+02 2.338535977999999886e+02 2.340774697999997898e+02 2.343002000000001317e+02 2.345217950000001110e+02 2.347422548000001825e+02 2.349615859999998975e+02 2.351797886000001654e+02 2.353968626000000768e+02 2.356128145999998651e+02 2.358276511999999911e+02 2.360413657999999941e+02 2.362539716000001135e+02 2.364654619999998886e+02 2.366758502000000135e+02 2.368851296000000275e+02 2.370933133999999427e+02 2.373004015999999865e+02 2.375063941999999315e+02 2.377112978000000112e+02 2.379151190000000042e+02 2.381178577999999106e+02 2.383195141999999578e+02 2.385200948000001517e+02 2.387196128000000499e+02 2.389180615999998736e+02 2.391154411999998501e+02 2.393117713999999978e+02 2.395070455999998558e+02 2.397012638000001061e+02 2.398944458000000850e+02
