3.362723451799999566e+03 3.379924998800000139e+03 3.397126281799999560e+03 3.414327340400000139e+03 3.431528201000000081e+03 3.448728896599999644e+03 3.465929460199999994e+03 3.483129911600000014e+03 3.500330283799999961e+03 3.517530609800000093e+03 3.534730915999999979e+03 3.551931235400000332e+03 3.569131594399999813e+03 3.586332019399999808e+03 3.603532543400000122e+03 3.620733199400000103e+03 3.637934000600000218e+03 3.655134993200000281e+03 3.672336197000000084e+03 3.689537638400000105e+03 3.706739356999999927e+03 3.723941366000000016e+03 3.741143704999999954e+03 3.758346400399999766e+03 3.775549478599999929e+03 3.792752966000000015e+03 3.809956895600000280e+03 3.827161293799999839e+03 3.844366187000000082e+03 3.861571608199999901e+03 3.878777577200000451e+03 3.895984126999999717e+03 3.913191290599999775e+03 3.930399087799999961e+03 3.947607551600000079e+03 3.964816708399999698e+03 3.982026584600000206e+03 3.999237213200000042e+03 4.016448613999999907e+03 4.033660826600000291e+03 4.050873870800000077e+03 4.068087773000000197e+03 4.085302572800000235e+03 4.102518283399999746e+03 4.119734944400000131e+03 4.136952582199999597e+03 4.154171223199999986e+03 4.171390900399999737e+03 4.188611633599999550e+03 4.205833462399999917e+03
2.002709273156000108e+03 2.020036244180000040e+03 2.037359906689999889e+03 2.054680311703999905e+03 2.071997509910000190e+03 2.089311551534000046e+03 2.106622486537999976e+03 2.123930364620000091e+03 2.141235234620000028e+03 2.158537145180000152e+03 2.175836145799999940e+03 2.193132284000000254e+03 2.210425607300000138e+03 2.227716163219999999e+03 2.245003999279999789e+03 2.262289161679999779e+03 2.279571697280000080e+03 2.296851651620000212e+03 2.314129070899999988e+03 2.331403999999999996e+03 2.348676483799999914e+03 2.365946567179999874e+03 2.383214294360000167e+03 2.400479709560000174e+03 2.417742856339999889e+03 2.435003777599999921e+03 2.452262516239999968e+03 2.469519115160000183e+03 2.486773616599999968e+03 2.504026062800000091e+03 2.521276494679999814e+03 2.538524954479999906e+03 2.555771482459999788e+03 2.573016119540000091e+03 2.590258906640000077e+03 2.607499883360000240e+03 2.624739089300000160e+03 2.641976564720000169e+03 2.659212347900000168e+03 2.676446478440000192e+03 2.693678993960000298e+03 2.710909933400000227e+03 2.728139338999999836e+03 2.745367239799999879e+03 2.762593675399999938e+03 2.779818691999999828e+03 2.797042316000000028e+03 2.814264593599999898e+03 2.831485551199999918e+03 2.848705228400000124e+03
3.351042052400000102e+03 3.368234689400000207e+03 3.385427088800000092e+03 3.402619276999999784e+03 3.419811286999999993e+03 3.437003138600000057e+03 3.454194871400000011e+03 3.471386511800000335e+03 3.488578086200000143e+03 3.505769620999999916e+03 3.522961155799999688e+03 3.540152716999999939e+03 3.557344324400000005e+03 3.574536017599999923e+03 3.591727816399999938e+03 3.608919760400000087e+03 3.626111862799999926e+03 3.643304163199999948e+03 3.660496688000000177e+03 3.677689463600000181e+03 3.694882523000000219e+03 3.712075885999999628e+03 3.729269585600000028e+03 3.746463648199999625e+03 3.763658106799999587e+03 3.780852981199999704e+03 3.798048304400000234e+03 3.815244109400000070e+03 3.832440409400000135e+03 3.849637244000000010e+03 3.866834639599999718e+03 3.884032615999999962e+03 3.901231212800000321e+03 3.918430449800000133e+03 3.935630353399999876e+03 3.952830956599999809e+03 3.970032285799999954e+03 3.987234367400000338e+03 4.004437227800000073e+03 4.021640893400000095e+03 4.038845397199999752e+03 4.056050758999999744e+03 4.073257018400000106e+03 4.090464188599999943e+03 4.107672309200000200e+03 4.124881400000000212e+03 4.142091500599999563e+03 4.159302617600000303e+03 4.176514803799999754e+03 4.193728065799999968e+03
1.991012123054000085e+03 2.008328592157999992e+03 2.025641791093999927e+03 2.042951770681999960e+03 2.060258581411999785e+03 2.077562273311999888e+03 2.094862896145999912e+03 2.112160499281999819e+03 2.129455131560000154e+03 2.146746841820000100e+03 2.164035677779999787e+03 2.181321687619999921e+03 2.198604918859999998e+03 2.215885419019999972e+03 2.233163234300000113e+03 2.250438410899999781e+03 2.267710995020000155e+03 2.284981032199999845e+03 2.302248568640000030e+03 2.319513647900000251e+03 2.336776316179999867e+03 2.354036616379999941e+03 2.371294592719999855e+03 2.388550288760000058e+03 2.405803748060000089e+03 2.423055013520000102e+03 2.440304126720000113e+03 2.457551131220000116e+03 2.474796067939999830e+03 2.492038979120000022e+03 2.509279905020000115e+03 2.526518887220000124e+03 2.543755965979999928e+03 2.560991181559999859e+03 2.578224574880000091e+03 2.595456184220000068e+03 2.612686049840000123e+03 2.629914210020000155e+03 2.647140704360000200e+03 2.664365571139999702e+03 2.681588847980000082e+03 2.698810573159999876e+03 2.716030787599999712e+03 2.733249520999999731e+03 2.750466815599999791e+03 2.767682704400000148e+03 2.784897233599999709e+03 2.802110429599999861e+03 2.819322332000000188e+03 2.836532973800000036e+03
3.340380339800000002e+03 3.357564924799999972e+03 3.374749278799999956e+03 3.391933434800000214e+03 3.409117425800000092e+03 3.426301271599999836e+03 3.443485005200000160e+03 3.460668659599999955e+03 3.477852261199999703e+03 3.495035836400000335e+03 3.512219418200000291e+03 3.529403039599999829e+03 3.546586713800000325e+03 3.563770486999999775e+03 3.580954372400000011e+03 3.598138409600000159e+03 3.615322624999999789e+03 3.632507045000000289e+03 3.649691695999999865e+03 3.666876604400000360e+03 3.684061803200000213e+03 3.701247318799999903e+03 3.718433184200000142e+03 3.735619419200000266e+03 3.752806050199999845e+03 3.769993110200000046e+03 3.787180632200000218e+03 3.804368629399999918e+03 3.821557141400000091e+03 3.838746188000000075e+03 3.855935802199999671e+03 3.873126010399999814e+03 3.890316839000000073e+03 3.907508314400000017e+03 3.924700469599999906e+03 3.941893317799999750e+03 3.959086905199999819e+03 3.976281245000000126e+03 3.993476370200000019e+03 4.010672307199999977e+03 4.027869082400000025e+03 4.045066722200000186e+03 4.062265253000000030e+03 4.079464707799999815e+03 4.096665113000000019e+03 4.113866488399999980e+03 4.131068873599999279e+03 4.148272281800000201e+03 4.165476752599999600e+03 4.182682305799999995e+03
1.980473652979999997e+03 1.997780749358000094e+03 2.015084610811999937e+03 2.032385288030000083e+03 2.049682831264400193e+03 2.066977290331999939e+03 2.084268714746000114e+03 2.101557153518000177e+03 2.118842655620000187e+03 2.136125268440000127e+03 2.153405040619999909e+03 2.170682020339999781e+03 2.187956253140000172e+03 2.205227787199999966e+03 2.222496668060000047e+03 2.239762941920000230e+03 2.257026654979999876e+03 2.274287851460000184e+03 2.291546577560000060e+03 2.308802876839999954e+03 2.326056794179999997e+03 2.343308373140000185e+03 2.360557657280000058e+03 2.377804689499999768e+03 2.395049512040000081e+03 2.412292169119999926e+03 2.429532701000000088e+03 2.446771150579999812e+03 2.464007558780000181e+03 2.481241967179999847e+03 2.498474416040000051e+03 2.515704945620000217e+03 2.532933596840000064e+03 2.550160409300000083e+03 2.567385422599999856e+03 2.584608675020000192e+03 2.601830206820000058e+03 2.619050056279999808e+03 2.636268261019999954e+03 2.653484859979999783e+03 2.670699890119999964e+03 2.687913389060000100e+03 2.705125394419999793e+03 2.722335945799999990e+03 2.739545069599999806e+03 2.756752813999999944e+03 2.773959212000000207e+03 2.791164303200000177e+03 2.808368107400000099e+03 2.825570677400000022e+03
3.330827717600000142e+03 3.348005088799999612e+03 3.365182235600000240e+03 3.382359197599999789e+03 3.399536001200000101e+03 3.416712672799999837e+03 3.433889238799999930e+03 3.451065732199999729e+03 3.468242185999999947e+03 3.485418620000000374e+03 3.502595073800000137e+03 3.519771567199999936e+03 3.536948126600000251e+03 3.554124791600000208e+03 3.571301582000000053e+03 3.588478530800000044e+03 3.605655657799999972e+03 3.622833002600000327e+03 3.640010584999999992e+03 3.657188438000000133e+03 3.674366587999999865e+03 3.691545061400000122e+03 3.708723891200000253e+03 3.725903097200000047e+03 3.743082705800000440e+03 3.760262756600000102e+03 3.777443262799999957e+03 3.794624264000000039e+03 3.811805779999999686e+03 3.828987843799999609e+03 3.846170481799999834e+03 3.863353713800000151e+03 3.880537572799999907e+03 3.897722085200000038e+03 3.914907283999999891e+03 3.932093182399999932e+03 3.949279819999999745e+03 3.966467223200000262e+03 3.983655411800000365e+03 4.000844418800000312e+03 4.018034270600000127e+03 4.035224987000000056e+03 4.052416607600000134e+03 4.069609145600000375e+03 4.086802640599999904e+03 4.103997112400000333e+03 4.121192594000000099e+03 4.138389105199999904e+03 4.155586672400000680e+03 4.172785328599999957e+03
1.971118710680000049e+03 1.988417562866000026e+03 2.005713211543999932e+03 2.023005707005999966e+03 2.040295099147999963e+03 2.057581437601999824e+03 2.074864771472000029e+03 2.092145149597999989e+03 2.109422620358000131e+03 2.126697231799999827e+03 2.143969031180000002e+03 2.161238066479999816e+03 2.178504383240000152e+03 2.195768029639999895e+03 2.213029049900000246e+03 2.230287490879999950e+03 2.247543397460000051e+03 2.264796814520000225e+03 2.282047786940000151e+03 2.299296358940000118e+03 2.316542573419999826e+03 2.333786475259999861e+03 2.351028106040000239e+03 2.368267509320000045e+03 2.385504727999999886e+03 2.402739802999999938e+03 2.419972776560000057e+03 2.437203690260000258e+03 2.454432585019999806e+03 2.471659501099999943e+03 2.488884479419999934e+03 2.506107560240000112e+03 2.523328782499999761e+03 2.540548185799999828e+03 2.557765809739999895e+03 2.574981693260000156e+03 2.592195874640000056e+03 2.609408391500000107e+03 2.626619282120000207e+03 2.643828584779999801e+03 2.661036336440000014e+03 2.678242574060000152e+03 2.695447334599999976e+03 2.712650657000000137e+03 2.729852573600000142e+03 2.747053117399999792e+03 2.764252334599999813e+03 2.781450251600000229e+03 2.798646908000000167e+03 2.815842343400000118e+03
3.322391861600000084e+03 3.339562850600000274e+03 3.356733628400000271e+03 3.373904228000000330e+03 3.391074669200000244e+03 3.408244984999999815e+03 3.425415208400000211e+03 3.442585365800000091e+03 3.459755483599999934e+03 3.476925601399999778e+03 3.494095732400000088e+03 3.511265909599999759e+03 3.528436172600000191e+03 3.545606534600000032e+03 3.562777035199999773e+03 3.579947700800000348e+03 3.597118551200000184e+03 3.614289625999999771e+03 3.631460944999999811e+03 3.648632541199999650e+03 3.665804434399999991e+03 3.682976664199999959e+03 3.700149250399999801e+03 3.717322226000000228e+03 3.734495610800000122e+03 3.751669437800000196e+03 3.768843733400000019e+03 3.786018530599999849e+03 3.803193842599999698e+03 3.820369709000000057e+03 3.837546156200000041e+03 3.854723203999999896e+03 3.871900885400000334e+03 3.889079226800000015e+03 3.906258254600000328e+03 3.923437995199999932e+03 3.940618481599999996e+03 3.957799733599999854e+03 3.974981777599999987e+03 3.992164639999999963e+03 4.009348360400000274e+03 4.026532945400000244e+03 4.043718441200000143e+03 4.060904860999999983e+03 4.078092237800000021e+03 4.095280598000000282e+03 4.112469967999999426e+03 4.129660374200000660e+03 4.146851843000000372e+03 4.164044400799999494e+03
1.962906722720000062e+03 1.980198432980000007e+03 1.997486967188000108e+03 2.014772375503999911e+03 2.032054707625999981e+03 2.049334012955000162e+03 2.066610340298000210e+03 2.083883738066000205e+03 2.101154254472000048e+03 2.118421937300000081e+03 2.135686833079999815e+03 2.152948989859999983e+03 2.170208453180000106e+03 2.187465269239999998e+03 2.204719483580000087e+03 2.221971142400000190e+03 2.239220289920000141e+03 2.256466971020000074e+03 2.273711229259999982e+03 2.290953108860000157e+03 2.308192653380000138e+03 2.325429906379999920e+03 2.342664908780000133e+03 2.359897704800000156e+03 2.377128335360000165e+03 2.394356842700000016e+03 2.411583267739999883e+03 2.428807651399999941e+03 2.446030034599999908e+03 2.463250458259999959e+03 2.480468960659999993e+03 2.497685582720000184e+03 2.514900364040000113e+03 2.532113342900000134e+03 2.549324558239999988e+03 2.566534048999999868e+03 2.583741852139999992e+03 2.600948006600000099e+03 2.618152549999999792e+03 2.635355518639999900e+03 2.652556950799999868e+03 2.669756882120000228e+03 2.686955349559999831e+03 2.704152389419999963e+03 2.721348038000000088e+03 2.738542331600000125e+03 2.755735298600000078e+03 2.772926985199999763e+03 2.790117424399999891e+03 2.807306642600000032e+03
3.315079655600000024e+03 3.332245100600000114e+03 3.349410334400000011e+03 3.366575389999999970e+03 3.383740293800000018e+03 3.400905085399999734e+03 3.418069784600000276e+03 3.435234424400000080e+03 3.452399031200000081e+03 3.469563638000000083e+03 3.486728264600000330e+03 3.503892950599999949e+03 3.521057715800000096e+03 3.538222593200000119e+03 3.555387609200000043e+03 3.572552796799999669e+03 3.589718175800000154e+03 3.606883785800000169e+03 3.624049640000000181e+03 3.641215777999999773e+03 3.658382226199999877e+03 3.675549004399999831e+03 3.692716152199999669e+03 3.709883689399999639e+03 3.727051642399999764e+03 3.744220044199999847e+03 3.761388921199999913e+03 3.778558299799999986e+03 3.795728206400000090e+03 3.812898667399999795e+03 3.830069715799999813e+03 3.847241371399999935e+03 3.864413667199999963e+03 3.881586623000000145e+03 3.898760278400000061e+03 3.915934646599999724e+03 3.933109760600000300e+03 3.950285653400000228e+03 3.967462338199999976e+03 3.984639854600000035e+03 4.001818222400000195e+03 4.018997468000000026e+03 4.036177624400000241e+03 4.053358717999999953e+03 4.070540761999999631e+03 4.087723802599999999e+03 4.104907852999999704e+03 4.122092946200000370e+03 4.139279102000000421e+03 4.156466360000000350e+03
1.955844611179999902e+03 1.973130263300000024e+03 1.990412763854000104e+03 2.007692161879999958e+03 2.024968507009999939e+03 2.042241848262199937e+03 2.059512234205999903e+03 2.076779713028000060e+03 2.094044332399999803e+03 2.111306139841999993e+03 2.128565182280000045e+03 2.145821505979999984e+03 2.163075157339999805e+03 2.180326181899999938e+03 2.197574625199999900e+03 2.214820532119999825e+03 2.232063946880000003e+03 2.249304914360000112e+03 2.266543478120000145e+03 2.283779681059999803e+03 2.301013567399999829e+03 2.318245178719999785e+03 2.335474557259999983e+03 2.352701745920000121e+03 2.369926785619999919e+03 2.387149717939999846e+03 2.404370583800000077e+03 2.421589424119999876e+03 2.438806278500000190e+03 2.456021187199999986e+03 2.473234189820000211e+03 2.490445325959999991e+03 2.507654633900000135e+03 2.524862152579999929e+03 2.542067920940000022e+03 2.559271976600000016e+03 2.576474357840000266e+03 2.593675100960000236e+03 2.610874244239999825e+03 2.628071824640000159e+03 2.645267878460000247e+03 2.662462442000000010e+03 2.679655551560000276e+03 2.696847243440000057e+03 2.714037554600000021e+03 2.731226515400000153e+03 2.748414169399999992e+03 2.765600543000000016e+03 2.782785675799999808e+03 2.799969594199999847e+03
3.308896201399999882e+03 3.326056927399999950e+03 3.343217448800000057e+03 3.360377798600000006e+03 3.377538003200000276e+03 3.394698088999999982e+03 3.411858095599999615e+03 3.429018036200000097e+03 3.446177956999999878e+03 3.463337871199999881e+03 3.480497818400000142e+03 3.497657825000000230e+03 3.514817910799999936e+03 3.531978121999999985e+03 3.549138465199999700e+03 3.566298986599999807e+03 3.583459706000000097e+03 3.600620656400000371e+03 3.617781864200000200e+03 3.634943349199999830e+03 3.652105151000000205e+03 3.669267295999999988e+03 3.686429804000000331e+03 3.703592708000000130e+03 3.720756034399999862e+03 3.737919809600000008e+03 3.755084066599999915e+03 3.772248831800000062e+03 3.789414125000000240e+03 3.806579979199999798e+03 3.823746427399999902e+03 3.840913482800000111e+03 3.858081185000000005e+03 3.875249560400000064e+03 3.892418622199999845e+03 3.909588416600000073e+03 3.926758956799999851e+03 3.943930275800000345e+03 3.961102399999999761e+03 3.978275355799999943e+03 3.995449169600000005e+03 4.012623867799999971e+03 4.029799476799999866e+03 4.046976023000000168e+03 4.064153539400000227e+03 4.081332045799999833e+03 4.098511568599999919e+03 4.115692134200000510e+03 4.132873775600000045e+03 4.150056519199999457e+03
1.949939120600000024e+03 1.967219777179999937e+03 1.984497301399999969e+03 2.001771742826000036e+03 2.019043150627999921e+03 2.036311573645999943e+03 2.053577060086399797e+03 2.070839657917999830e+03 2.088099414541999977e+03 2.105356376990000172e+03 2.122610592319999796e+03 2.139862105940000220e+03 2.157110963720000200e+03 2.174357212519999848e+03 2.191600895239999772e+03 2.208842058079999788e+03 2.226080745260000185e+03 2.243316999680000208e+03 2.260550864899999851e+03 2.277782385139999860e+03 2.295011601979999796e+03 2.312238558320000266e+03 2.329463295739999921e+03 2.346685856479999984e+03 2.363906281460000173e+03 2.381124611600000208e+03 2.398340887819999807e+03 2.415555150379999759e+03 2.432767438220000258e+03 2.449977792260000115e+03 2.467186250780000137e+03 2.484392854040000202e+03 2.501597639000000072e+03 2.518800645260000238e+03 2.536001910439999847e+03 2.553201472820000163e+03 2.570399368700000196e+03 2.587595636359999844e+03 2.604790312760000234e+03 2.621983433540000078e+03 2.639175036319999890e+03 2.656365156079999906e+03 2.673553829779999887e+03 2.690741092400000070e+03 2.707926979580000079e+03 2.725111523000000034e+03 2.742294768199999908e+03 2.759476739599999746e+03 2.776657470199999807e+03 2.793837006199999905e+03
3.303846660199999860e+03 3.321003512000000228e+03 3.338160159199999725e+03 3.355316634799999974e+03 3.372472971799999868e+03 3.389629190000000108e+03 3.406785329000000274e+03 3.423941415199999938e+03 3.441097468399999798e+03 3.458253528199999892e+03 3.475409620999999788e+03 3.492565773199999967e+03 3.509722017799999776e+03 3.526878374599999916e+03 3.544034876599999734e+03 3.561191556799999944e+03 3.578348434999999881e+03 3.595505550800000037e+03 3.612662924000000203e+03 3.629820580999999947e+03 3.646978554799999984e+03 3.664136871799999881e+03 3.681295558400000118e+03 3.698454640999999810e+03 3.715614159199999904e+03 3.732774126199999955e+03 3.749934575000000223e+03 3.767095532000000276e+03 3.784257023600000139e+03 3.801419082800000069e+03 3.818581736000000092e+03 3.835745002999999997e+03 3.852908916800000043e+03 3.870073510400000032e+03 3.887238796999999977e+03 3.904404816199999914e+03 3.921571587800000088e+03 3.938739138200000070e+03 3.955907500399999662e+03 3.973076700800000253e+03 3.990246759200000270e+03 4.007417708599999969e+03 4.024589568800000052e+03 4.041762379400000100e+03 4.058936153599999670e+03 4.076110931000000164e+03 4.093286724800000229e+03 4.110463568000000123e+03 4.127641493600000103e+03 4.144820514799999728e+03
1.945195741519999956e+03 1.962472440739999911e+03 1.979746024099999886e+03 1.997016539647999934e+03 2.014284037279999893e+03 2.031548565176000011e+03 2.048810171384000114e+03 2.066068903555999896e+03 2.083324808947999827e+03 2.100577934221999840e+03 2.117828326039999865e+03 2.135076030140000057e+03 2.152321091599999818e+03 2.169563556619999872e+03 2.186803468760000214e+03 2.204040873559999909e+03 2.221275814579999860e+03 2.238508334719999766e+03 2.255738477540000076e+03 2.272966286599999876e+03 2.290191803480000090e+03 2.307415070420000120e+03 2.324636128999999983e+03 2.341855020800000148e+03 2.359071787400000176e+03 2.376286468400000103e+03 2.393499104720000105e+03 2.410709735960000216e+03 2.427918401720000020e+03 2.445125142259999848e+03 2.462329995860000054e+03 2.479533000800000082e+03 2.496734196679999968e+03 2.513933620459999929e+03 2.531131310419999863e+03 2.548327303519999987e+03 2.565521638039999743e+03 2.582714350279999962e+03 2.599905476540000109e+03 2.617095054440000240e+03 2.634283118960000138e+03 2.651469705739999881e+03 2.668654851739999685e+03 2.685838591939999787e+03 2.703020960660000128e+03 2.720201994200000172e+03 2.737381728199999998e+03 2.754560188399999788e+03 2.771737420999999813e+03 2.788913458999999875e+03
3.299933869999999843e+03 3.317087692399999924e+03 3.334241316800000277e+03 3.351394769600000018e+03 3.368548077200000080e+03 3.385701279200000045e+03 3.402854395400000158e+03 3.420007458799999768e+03 3.437160495799999808e+03 3.454313539400000082e+03 3.471466615999999703e+03 3.488619752000000062e+03 3.505772980400000051e+03 3.522926327600000150e+03 3.540079819999999927e+03 3.557233497199999874e+03 3.574387372400000004e+03 3.591541478600000119e+03 3.608695848800000022e+03 3.625850509400000192e+03 3.643005486800000199e+03 3.660160807399999612e+03 3.677316497599999821e+03 3.694472596999999951e+03 3.711629118800000015e+03 3.728786102600000049e+03 3.745943568199999845e+03 3.763101548600000115e+03 3.780260063599999739e+03 3.797419146199999886e+03 3.814578829400000359e+03 3.831739126399999805e+03 3.848900076800000079e+03 3.866061706999999842e+03 3.883224036799999794e+03 3.900387092599999960e+03 3.917550914000000375e+03 3.934715514200000143e+03 3.951880932800000210e+03 3.969047189599999911e+03 3.986214304399999946e+03 4.003382323400000132e+03 4.020551253200000247e+03 4.037721133400000326e+03 4.054891983800000162e+03 4.072063830799999778e+03 4.089236707400000341e+03 4.106410640000000058e+03 4.123585648399999627e+03 4.140761765600000217e+03
1.941619076120000045e+03 1.958892837020000115e+03 1.976163493280000012e+03 1.993431093476000115e+03 2.010695687240000098e+03 2.027957322422000061e+03 2.045216046984199920e+03 2.062471908307999911e+03 2.079724953391999861e+03 2.096975228786000116e+03 2.114222781020000184e+03 2.131467655039999954e+03 2.148709896979999940e+03 2.165949551059999976e+03 2.183186662820000038e+03 2.200421275159999823e+03 2.217653432959999918e+03 2.234883178460000181e+03 2.252110555220000151e+03 2.269335606139999982e+03 2.286558373459999984e+03 2.303778898099999878e+03 2.320997222299999976e+03 2.338213386979999996e+03 2.355427433060000112e+03 2.372639400139999907e+03 2.389849329799999850e+03 2.407057260980000137e+03 2.424263232620000053e+03 2.441467284979999931e+03 2.458669455679999828e+03 2.475869783659999939e+03 2.493068307860000004e+03 2.510265065239999785e+03 2.527460093419999794e+03 2.544653430020000087e+03 2.561845111340000130e+03 2.579035175659999823e+03 2.596223657959999855e+03 2.613410595199999989e+03 2.630596023019999848e+03 2.647779977719999806e+03 2.664962493619999805e+03 2.682143607019999763e+03 2.699323352240000077e+03 2.716501763600000231e+03 2.733678877399999692e+03 2.750854730600000039e+03 2.768029343000000154e+03 2.785202767400000084e+03
3.297159764600000017e+03 3.314311408999999912e+03 3.331462862000000314e+03 3.348614143400000103e+03 3.365765279600000213e+03 3.382916310200000225e+03 3.400067254999999932e+03 3.417218147000000044e+03 3.434369019200000366e+03 3.451519891400000233e+03 3.468670803200000137e+03 3.485821774399999867e+03 3.502972837999999683e+03 3.520124026999999842e+03 3.537275354600000355e+03 3.554426867000000129e+03 3.571578583999999864e+03 3.588730531999999585e+03 3.605882744000000002e+03 3.623035246399999778e+03 3.640188072199999624e+03 3.657341241199999786e+03 3.674494779800000288e+03 3.691648727599999802e+03 3.708803104399999938e+03 3.725957943200000045e+03 3.743113263799999913e+03 3.760269099199999800e+03 3.777425475799999731e+03 3.794582420000000184e+03 3.811739958199999819e+03 3.828898130000000037e+03 3.846056942000000163e+03 3.863216440400000010e+03 3.880376644999999826e+03 3.897537575599999855e+03 3.914699271800000133e+03 3.931861753399999998e+03 3.949025053399999706e+03 3.966189191599999958e+03 3.983354201000000103e+03 4.000520101399999930e+03 4.017686925800000154e+03 4.034854700599999887e+03 4.052023445599999832e+03 4.069193200400000023e+03 4.086363978200000020e+03 4.103535818599999402e+03 4.120708734800000457e+03 4.137882759799999803e+03
1.939212784759999977e+03 1.956484607899999901e+03 1.973753334980000091e+03 1.991019013256000108e+03 2.008281692558000032e+03 2.025541420735999964e+03 2.042798245402399971e+03 2.060052213932000086e+03 2.077303373197999917e+03 2.094551769638000223e+03 2.111797449254000185e+03 2.129040457520000018e+03 2.146280840240000089e+03 2.163518641040000148e+03 2.180753905460000169e+03 2.197986676399999851e+03 2.215216998740000236e+03 2.232444914059999974e+03 2.249670466579999811e+03 2.266893698540000059e+03 2.284114650859999983e+03 2.301333366440000191e+03 2.318549886199999946e+03 2.335764251720000175e+03 2.352976501940000162e+03 2.370186679100000219e+03 2.387394821480000246e+03 2.404600969999999961e+03 2.421805162940000173e+03 2.439007439900000008e+03 2.456207839820000117e+03 2.473406400320000103e+03 2.490603159020000021e+03 2.507798154860000068e+03 2.524991424800000004e+03 2.542183005800000046e+03 2.559372934160000113e+03 2.576561248160000105e+03 2.593747982779999802e+03 2.610933174320000035e+03 2.628116859079999813e+03 2.645299072039999828e+03 2.662479848840000159e+03 2.679659224460000132e+03 2.696837233879999985e+03 2.714013913400000092e+03 2.731189291400000002e+03 2.748363408799999888e+03 2.765536298600000009e+03 2.782707993800000168e+03
3.295526594599999953e+03 3.312676932200000010e+03 3.329827065200000106e+03 3.346977033199999823e+03 3.364126862600000095e+03 3.381276579800000036e+03 3.398426217799999904e+03 3.415575796400000399e+03 3.432725361799999973e+03 3.449874927200000002e+03 3.467024525599999834e+03 3.484174189999999726e+03 3.501323946800000158e+03 3.518473822400000245e+03 3.535623849800000244e+03 3.552774055400000179e+03 3.569924465600000076e+03 3.587075113400000191e+03 3.604226018600000316e+03 3.621377220800000032e+03 3.638528739800000039e+03 3.655680608599999687e+03 3.672832853599999908e+03 3.689985501199999817e+03 3.707138577800000348e+03 3.724292116399999941e+03 3.741446143399999983e+03 3.758600685200000044e+03 3.775755768200000148e+03 3.792911418800000320e+03 3.810067669999999907e+03 3.827224548199999845e+03 3.844382079799999701e+03 3.861540284599999723e+03 3.878699202200000400e+03 3.895858852400000160e+03 3.913019268199999715e+03 3.930180469400000220e+03 3.947342488999999659e+03 3.964505346799999643e+03 3.981669075799999973e+03 3.998833708999999999e+03 4.015999259600000187e+03 4.033165760599999885e+03 4.050333238400000027e+03 4.067501719400000184e+03 4.084671236600000157e+03 4.101841809800000192e+03 4.119013465399999404e+03 4.136186229799999637e+03
1.937979521299999988e+03 1.955250396679999994e+03 1.972518179299999929e+03 1.989782917009999892e+03 2.007044659178000074e+03 2.024303453653999895e+03 2.041559348228599902e+03 2.058812390005999987e+03 2.076062625865999962e+03 2.093310102133999862e+03 2.110554864679999810e+03 2.127796959440000137e+03 2.145036430699999983e+03 2.162273323999999775e+03 2.179507682899999963e+03 2.196739551619999929e+03 2.213968974379999963e+03 2.231195993419999922e+03 2.248420651639999960e+03 2.265642991279999933e+03 2.282863054580000153e+03 2.300080883120000180e+03 2.317296517820000190e+03 2.334510000260000197e+03 2.351721370039999783e+03 2.368930668739999874e+03 2.386137934639999912e+03 2.403343208000000232e+03 2.420546528419999959e+03 2.437747934179999902e+03 2.454947464220000256e+03 2.472145156160000170e+03 2.489341048939999837e+03 2.506535179519999929e+03 2.523727585520000048e+03 2.540918303899999955e+03 2.558107371619999867e+03 2.575294824980000158e+03 2.592480700279999837e+03 2.609665033820000190e+03 2.626847861239999929e+03 2.644029218180000044e+03 2.661209139619999860e+03 2.678387660540000070e+03 2.695564815920000001e+03 2.712740641400000186e+03 2.729915167999999994e+03 2.747088434000000234e+03 2.764260472400000253e+03 2.781431316199999856e+03
3.295033462399999735e+03 3.312183351200000288e+03 3.329333042000000205e+03 3.346482561199999964e+03 3.363631941800000277e+03 3.380781210199999805e+03 3.397930405999999948e+03 3.415079542399999809e+03 3.432228652400000101e+03 3.449377775599999950e+03 3.466526931800000057e+03 3.483676147399999991e+03 3.500825461999999789e+03 3.517974895399999696e+03 3.535124474000000191e+03 3.552274237399999947e+03 3.569424205400000119e+03 3.586574404400000276e+03 3.603724874000000000e+03 3.620875627400000212e+03 3.638026710799999819e+03 3.655178130799999963e+03 3.672329933600000004e+03 3.689482138999999734e+03 3.706634779999999864e+03 3.723787876399999732e+03 3.740941461200000049e+03 3.758095567399999709e+03 3.775250208200000088e+03 3.792405423199999859e+03 3.809561238799999956e+03 3.826717674800000168e+03 3.843874770800000078e+03 3.861032540000000154e+03 3.878191021999999975e+03 3.895350236600000244e+03 3.912510216800000308e+03 3.929670982399999957e+03 3.946832566400000360e+03 3.963994995199999721e+03 3.981158295199999884e+03 3.998322492799999964e+03 4.015487614399999984e+03 4.032653686399999970e+03 4.049820735199999945e+03 4.066988787199999933e+03 4.084157875400000194e+03 4.101328019599999607e+03 4.118499252800000249e+03 4.135671588199999860e+03
1.937921518520000063e+03 1.955192429539999921e+03 1.972460247140000092e+03 1.989725019764000081e+03 2.006986796449999929e+03 2.024245625245999918e+03 2.041501553678599976e+03 2.058754629049999949e+03 2.076004898174000118e+03 2.093252407376000065e+03 2.110497202657999878e+03 2.127739329559999987e+03 2.144978833159999795e+03 2.162215758140000162e+03 2.179450148720000016e+03 2.196682049120000102e+03 2.213911502240000118e+03 2.231138551640000060e+03 2.248363240220000080e+03 2.265585610220000035e+03 2.282805703879999783e+03 2.300023562119999951e+03 2.317239226520000102e+03 2.334452737999999954e+03 2.351664136819999840e+03 2.368873463899999933e+03 2.386080758179999975e+03 2.403286060580000139e+03 2.420489408720000029e+03 2.437690842200000134e+03 2.454890399959999741e+03 2.472088119619999816e+03 2.489284039459999804e+03 2.506478197100000216e+03 2.523670630160000201e+03 2.540861374940000132e+03 2.558050469060000069e+03 2.575237949479999770e+03 2.592423850520000087e+03 2.609608210460000009e+03 2.626791063619999932e+03 2.643972446300000229e+03 2.661152392819999932e+03 2.678330939479999870e+03 2.695508119940000142e+03 2.712683967200000097e+03 2.729858520199999930e+03 2.747031812600000194e+03 2.764203877400000238e+03 2.781374741000000085e+03
3.295680222800000138e+03 3.312830533999999716e+03 3.329980640599999788e+03 3.347130582199999935e+03 3.364280385199999728e+03 3.381430076000000099e+03 3.398579687599999943e+03 3.415729239799999959e+03 3.432878778799999964e+03 3.450028317799999968e+03 3.467177896400000009e+03 3.484327534400000332e+03 3.501477264799999830e+03 3.518627113999999892e+03 3.535777121600000100e+03 3.552927300800000012e+03 3.570077684599999884e+03 3.587228312600000208e+03 3.604379198000000088e+03 3.621530373800000234e+03 3.638681872999999996e+03 3.655833715400000074e+03 3.672985940599999594e+03 3.690138561800000389e+03 3.707291618600000220e+03 3.724445137400000021e+03 3.741599144599999818e+03 3.758753660000000309e+03 3.775908723200000168e+03 3.793064360600000327e+03 3.810220585399999891e+03 3.827377443800000037e+03 3.844534955600000103e+03 3.861693147200000112e+03 3.878852044999999634e+03 3.896011675400000058e+03 3.913172071400000277e+03 3.930333252800000082e+03 3.947495252600000185e+03 3.964658097200000157e+03 3.981821806400000241e+03 3.998986419800000021e+03 4.016151950600000418e+03 4.033318438400000105e+03 4.050485902999999780e+03 4.067654370799999924e+03 4.084823868200000106e+03 4.101994421600000351e+03 4.119166064000000006e+03 4.136338815199999772e+03
1.939038244459999987e+03 1.956310171880000098e+03 1.973579001919999882e+03 1.990844782957999996e+03 2.008107564032000028e+03 2.025367393058000062e+03 2.042624317938800004e+03 2.059878385838000213e+03 2.077129643774000215e+03 2.094378138026000215e+03 2.111623914727999818e+03 2.128867019419999906e+03 2.146107497179999882e+03 2.163345393680000143e+03 2.180580751819999932e+03 2.197813616479999837e+03 2.215044031219999852e+03 2.232272038940000130e+03 2.249497683200000210e+03 2.266721004919999814e+03 2.283942047659999844e+03 2.301160852999999861e+03 2.318377461199999743e+03 2.335591914499999803e+03 2.352804252500000075e+03 2.370014516119999826e+03 2.387222744960000000e+03 2.404428979280000021e+03 2.421633257360000243e+03 2.438835618799999793e+03 2.456036101879999933e+03 2.473234745539999949e+03 2.490431586740000057e+03 2.507626664419999997e+03 2.524820016199999827e+03 2.542011677720000080e+03 2.559201687259999744e+03 2.576390080459999808e+03 2.593576894280000033e+03 2.610762164360000043e+03 2.627945926999999756e+03 2.645128217840000161e+03 2.662309071859999676e+03 2.679488524700000198e+03 2.696666610020000007e+03 2.713843362800000250e+03 2.731018820000000233e+03 2.748193009999999958e+03 2.765365972399999919e+03 2.782537740199999917e+03
3.297465456800000084e+03 3.314617048400000385e+03 3.331768442000000050e+03 3.348919670600000245e+03 3.366070754000000306e+03 3.383221731800000271e+03 3.400372623799999928e+03 3.417523462999999992e+03 3.434674282400000266e+03 3.451825108400000317e+03 3.468975967400000172e+03 3.486126885800000309e+03 3.503277903199999855e+03 3.520429039399999965e+03 3.537580320799999754e+03 3.554731780400000389e+03 3.571883451199999854e+03 3.589035353000000214e+03 3.606187518800000362e+03 3.623339974999999868e+03 3.640492754599999898e+03 3.657645877400000245e+03 3.674799376400000256e+03 3.691953277999999955e+03 3.709107608600000276e+03 3.726262401199999658e+03 3.743417682199999945e+03 3.760573478000000250e+03 3.777729808399999911e+03 3.794886712999999872e+03 3.812044218199999705e+03 3.829202343800000108e+03 3.846361122799999976e+03 3.863520575000000008e+03 3.880680739999999787e+03 3.897841637599999558e+03 3.915003294199999800e+03 3.932165742799999862e+03 3.949329003199999988e+03 3.966493101799999749e+03 3.983658078200000091e+03 4.000823938999999882e+03 4.017990730399999848e+03 4.035158472199999778e+03 4.052327184200000374e+03 4.069496906000000308e+03 4.086667650800000047e+03 4.103839451599999848e+03 4.121012341399999968e+03 4.138186340000000200e+03
1.941331233619999921e+03 1.958605168099999901e+03 1.975875996620000024e+03 1.993143767953999941e+03 2.010408531338000103e+03 2.027670334820000107e+03 2.044929226408399927e+03 2.062185253478000050e+03 2.079438463034000051e+03 2.096688901712000188e+03 2.113936615711999821e+03 2.131181650640000043e+03 2.148424052299999857e+03 2.165663864780000040e+03 2.182901133620000110e+03 2.200135902380000061e+03 2.217368214619999890e+03 2.234598113900000044e+03 2.251825643780000064e+03 2.269050845839999965e+03 2.286273763640000197e+03 2.303494437440000183e+03 2.320712910140000076e+03 2.337929221339999913e+03 2.355143413939999846e+03 2.372355526219999774e+03 2.389565599760000168e+03 2.406773673499999859e+03 2.423979787700000088e+03 2.441183980639999845e+03 2.458386291259999780e+03 2.475586758500000087e+03 2.492785420639999757e+03 2.509982315300000209e+03 2.527177479439999843e+03 2.544370951339999920e+03 2.561562767299999905e+03 2.578752964939999856e+03 2.595941579899999851e+03 2.613128648480000265e+03 2.630314206980000108e+03 2.647498291699999754e+03 2.664680936300000212e+03 2.681862177739999879e+03 2.699042050999999901e+03 2.716220590400000219e+03 2.733397829600000023e+03 2.750573801600000024e+03 2.767748545999999806e+03 2.784922089199999846e+03
3.300387204199999815e+03 3.317540940800000044e+03 3.334694479400000091e+03 3.351847853000000214e+03 3.369001081400000203e+03 3.386154197599999861e+03 3.403307234599999902e+03 3.420460218799999893e+03 3.437613176599999861e+03 3.454766141000000061e+03 3.471919138399999611e+03 3.489072201800000130e+03 3.506225357600000279e+03 3.523378632200000084e+03 3.540532051999999567e+03 3.557685649999999896e+03 3.574839452600000186e+03 3.591993492800000240e+03 3.609147790400000304e+03 3.626302378399999725e+03 3.643457289799999671e+03 3.660612537800000155e+03 3.677768168600000081e+03 3.694924195399999917e+03 3.712080657800000154e+03 3.729237568999999894e+03 3.746394968599999629e+03 3.763552883000000293e+03 3.780711338600000090e+03 3.797870361799999955e+03 3.815029978999999912e+03 3.832190216599999985e+03 3.849351107599999978e+03 3.866512671800000135e+03 3.883674942200000260e+03 3.900837945199999922e+03 3.918001707200000055e+03 3.935166254599999775e+03 3.952331613800000014e+03 3.969497811199999887e+03 3.986664879799999653e+03 4.003832839400000012e+03 4.021001716400000078e+03 4.038171543800000109e+03 4.055342341399999896e+03 4.072514142199999696e+03 4.089686966000000211e+03 4.106860845799999879e+03 4.124035808000000543e+03 4.141211879000000408e+03
1.944799128379999956e+03 1.962076071140000067e+03 1.979349895399999923e+03 1.996620650264000005e+03 2.013888385298000003e+03 2.031153148747999921e+03 2.048414988733939936e+03 2.065673952889999782e+03 2.082930088489999889e+03 2.100183442256000035e+03 2.117434060520000003e+03 2.134681989679999788e+03 2.151927274879999914e+03 2.169169961000000058e+03 2.186410093580000193e+03 2.203647716840000157e+03 2.220882874339999944e+03 2.238115609640000002e+03 2.255345966299999873e+03 2.272573987220000163e+03 2.289799713979999979e+03 2.307023190140000224e+03 2.324244455959999868e+03 2.341463554339999973e+03 2.358680524880000121e+03 2.375895408500000030e+03 2.393108246119999876e+03 2.410319077340000149e+03 2.427527942419999818e+03 2.444734879640000145e+03 2.461939929260000099e+03 2.479143128900000193e+03 2.496344517500000165e+03 2.513544133339999917e+03 2.530742013380000117e+03 2.547938195900000210e+03 2.565132718519999798e+03 2.582325616879999870e+03 2.599516929260000325e+03 2.616706690640000033e+03 2.633894937980000122e+03 2.651081706920000215e+03 2.668267033099999935e+03 2.685450952160000270e+03 2.702633499080000092e+03 2.719814706199999819e+03 2.736994618400000036e+03 2.754173256799999763e+03 2.771350660999999945e+03 2.788526863999999932e+03
3.304442686399999729e+03 3.321599425999999767e+03 3.338755960999999843e+03 3.355912324400000216e+03 3.373068549200000234e+03 3.390224661799999922e+03 3.407380695199999991e+03 3.424536669199999778e+03 3.441692623400000230e+03 3.458848577599999771e+03 3.476004564800000026e+03 3.493160611399999652e+03 3.510316750400000274e+03 3.527473008199999640e+03 3.544629411200000050e+03 3.561785992399999941e+03 3.578942778200000248e+03 3.596099795000000086e+03 3.613257069199999933e+03 3.630414633800000047e+03 3.647572508600000219e+03 3.664730733200000032e+03 3.681889327400000184e+03 3.699048324200000025e+03 3.716207750000000033e+03 3.733367624599999999e+03 3.750527987600000415e+03 3.767688852199999928e+03 3.784850264599999718e+03 3.802012238000000252e+03 3.819174805399999968e+03 3.836337986600000022e+03 3.853501821199999995e+03 3.870666328999999678e+03 3.887831536400000005e+03 3.904997476399999869e+03 3.922164168799999970e+03 3.939331639999999879e+03 3.956499923000000308e+03 3.973669044199999917e+03 3.990839030000000093e+03 4.008009906799999953e+03 4.025181694400000197e+03 4.042354432399999951e+03 4.059528134000000136e+03 4.076702838799999881e+03 4.093878566599999886e+03 4.111055337199999485e+03 4.128233190200000536e+03 4.145412151999999878e+03
1.949439938839999968e+03 1.966720908259999987e+03 1.983998742349999930e+03 2.001273491599999943e+03 2.018545204849999891e+03 2.035813930874000107e+03 2.053079718056600086e+03 2.070342614228000002e+03 2.087602666862000206e+03 2.104859923141999843e+03 2.122114429400000063e+03 2.139366232760000003e+03 2.156615377640000133e+03 2.173861910900000112e+03 2.191105876759999774e+03 2.208347320100000161e+03 2.225586285139999745e+03 2.242822816100000182e+03 2.260056955879999805e+03 2.277288748039999973e+03 2.294518234820000089e+03 2.311745459119999850e+03 2.328970463180000024e+03 2.346193287919999875e+03 2.363413975580000169e+03 2.380632565760000034e+03 2.397849100039999939e+03 2.415063619340000059e+03 2.432276161939999838e+03 2.449486768759999904e+03 2.466695478739999999e+03 2.483902330819999861e+03 2.501107363279999845e+03 2.518310615719999987e+03 2.535512125100000048e+03 2.552711929040000086e+03 2.569910065820000000e+03 2.587106573060000301e+03 2.604301486399999703e+03 2.621494843460000084e+03 2.638686679880000156e+03 2.655877032620000136e+03 2.673065937320000103e+03 2.690253428959999837e+03 2.707439544500000011e+03 2.724624317599999813e+03 2.741807780600000115e+03 2.758989976400000160e+03 2.776170931399999972e+03 2.793350685200000044e+03
3.309628676000000269e+03 3.326789256799999748e+03 3.343949633000000176e+03 3.361109844200000225e+03 3.378269903599999907e+03 3.395429857399999946e+03 3.412589718799999901e+03 3.429749527399999806e+03 3.446909309600000142e+03 3.464069091800000024e+03 3.481228900399999930e+03 3.498388774999999896e+03 3.515548735400000169e+03 3.532708814599999641e+03 3.549869032399999924e+03 3.567029428400000143e+03 3.584190022400000089e+03 3.601350847400000021e+03 3.618511923199999728e+03 3.635673289400000158e+03 3.652834972399999970e+03 3.669996991999999864e+03 3.687159381200000098e+03 3.704322166399999787e+03 3.721485380600000099e+03 3.738649043600000368e+03 3.755813181800000166e+03 3.772977828199999749e+03 3.790143015800000285e+03 3.807308757800000421e+03 3.824475093799999740e+03 3.841642043599999852e+03 3.858809633599999870e+03 3.875977896800000053e+03 3.893146859599999971e+03 3.910316548400000102e+03 3.927486982999999782e+03 3.944658202999999958e+03 3.961830221600000186e+03 3.979003078400000049e+03 3.996176793200000247e+03 4.013351392399999895e+03 4.030526909000000160e+03 4.047703356199999689e+03 4.064880780200000117e+03 4.082059187599999859e+03 4.099238624600000549e+03 4.116419097800000600e+03 4.133600653399999828e+03 4.150783304599999610e+03
1.955250682460000007e+03 1.972536717380000027e+03 1.989819597434000116e+03 2.007099372187999961e+03 2.024376091075999966e+03 2.041649803241600011e+03 2.058920557207999991e+03 2.076188401142000203e+03 2.093453382919999967e+03 2.110715549863999968e+03 2.127974948900000072e+03 2.145231626360000064e+03 2.162485629499999959e+03 2.179737002540000049e+03 2.196985791680000148e+03 2.214232041799999934e+03 2.231475797779999994e+03 2.248717103179999867e+03 2.265956002880000142e+03 2.283192539120000220e+03 2.300426755460000095e+03 2.317658694799999921e+03 2.334888399380000010e+03 2.352115911439999763e+03 2.369341271899999811e+03 2.386564523000000008e+03 2.403785705000000235e+03 2.421004858819999754e+03 2.438222025380000105e+03 2.455437243620000118e+03 2.472650553139999829e+03 2.489861994200000026e+03 2.507071605080000154e+03 2.524279424719999952e+03 2.541485491399999773e+03 2.558689843399999972e+03 2.575892518999999993e+03 2.593093554500000209e+03 2.610292988180000066e+03 2.627490856999999778e+03 2.644687197260000175e+03 2.661882045259999813e+03 2.679075437299999976e+03 2.696267410339999969e+03 2.713457995400000073e+03 2.730647240000000238e+03 2.747835164600000098e+03 2.765021808800000144e+03 2.782207212199999958e+03 2.799391407799999797e+03
3.315941153599999780e+03 3.333106413800000155e+03 3.350271469399999660e+03 3.367436346800000138e+03 3.384601085600000260e+03 3.401765699000000041e+03 3.418930226600000424e+03 3.436094694800000070e+03 3.453259136600000147e+03 3.470423571799999991e+03 3.487588033399999858e+03 3.504752554400000008e+03 3.521917161200000010e+03 3.539081873600000108e+03 3.556246731199999886e+03 3.573411753800000042e+03 3.590576981000000160e+03 3.607742425999999796e+03 3.624908128400000351e+03 3.642074114600000030e+03 3.659240404399999989e+03 3.676407037400000263e+03 3.693574033400000189e+03 3.710741418800000247e+03 3.727909226599999784e+03 3.745077483199999733e+03 3.762246215000000120e+03 3.779415448400000059e+03 3.796585209800000030e+03 3.813755532199999834e+03 3.830926435399999718e+03 3.848097952399999940e+03 3.865270109600000069e+03 3.882442933399999674e+03 3.899616450200000145e+03 3.916790686399999686e+03 3.933965668400000141e+03 3.951141422600000169e+03 3.968317982000000029e+03 3.985495366399999966e+03 4.002673608799999784e+03 4.019852729000000181e+03 4.037032760000000053e+03 4.054213728200000332e+03 4.071395653399999901e+03 4.088578568599999926e+03 4.105762500200000432e+03 4.122947474599999623e+03 4.140133518200000253e+03 4.157320657399999618e+03
1.962227381420000029e+03 1.979519543780000049e+03 1.996808526854000092e+03 2.014094380472000012e+03 2.031377154463999887e+03 2.048656898289740184e+03 2.065933660778000103e+03 2.083207490450000023e+03 2.100478435393999916e+03 2.117746543459999884e+03 2.135011861640000006e+03 2.152274436860000151e+03 2.169534315979999974e+03 2.186791544539999904e+03 2.204046169400000053e+03 2.221298234119999961e+03 2.238547785560000193e+03 2.255794866619999993e+03 2.273039522179999949e+03 2.290281797120000192e+03 2.307521733019999829e+03 2.324759374100000059e+03 2.341994762599999831e+03 2.359227941420000207e+03 2.376458952800000134e+03 2.393687836999999945e+03 2.410914636919999793e+03 2.428139392820000012e+03 2.445362145619999865e+03 2.462582935580000139e+03 2.479801802299999963e+03 2.497018786699999964e+03 2.514233926400000200e+03 2.531447261660000095e+03 2.548658831419999842e+03 2.565868673299999955e+03 2.583076825579999877e+03 2.600283327199999803e+03 2.617488214460000108e+03 2.634691524979999940e+03 2.651893296379999811e+03 2.669093565619999936e+03 2.686292367680000098e+03 2.703489740840000195e+03 2.720685721400000148e+03 2.737880338400000255e+03 2.755073635400000057e+03 2.772265645399999812e+03 2.789456408000000010e+03 2.806645942999999988e+03
3.323373710599999868e+03 3.340544481800000085e+03 3.357715048399999887e+03 3.374885430199999973e+03 3.392055660199999693e+03 3.409225764799999979e+03 3.426395776999999725e+03 3.443565729800000099e+03 3.460735642999999982e+03 3.477905549600000086e+03 3.495075482600000214e+03 3.512245461800000157e+03 3.529415520200000174e+03 3.546585684199999832e+03 3.563755986799999846e+03 3.580926454399999784e+03 3.598097113400000126e+03 3.615267996800000219e+03 3.632439124399999855e+03 3.649610522599999967e+03 3.666782231000000138e+03 3.683954275999999936e+03 3.701126677400000062e+03 3.718299461599999631e+03 3.735472668200000044e+03 3.752646310399999948e+03 3.769820427799999834e+03 3.786995040200000403e+03 3.804170173999999861e+03 3.821345868800000062e+03 3.838522137799999655e+03 3.855699013999999806e+03 3.872876523799999632e+03 3.890054693600000064e+03 3.907233549800000219e+03 3.924413125399999899e+03 3.941593440200000259e+03 3.958774527200000193e+03 3.975956406199999947e+03 3.993139110199999777e+03 4.010322665600000164e+03 4.027507098799999767e+03 4.044692429600000196e+03 4.061878697600000123e+03 4.079065922599999794e+03 4.096254130999999688e+03 4.113443349199999830e+03 4.130633603599999333e+03 4.147824927199999365e+03 4.165017339800000627e+03
1.970364372920000051e+03 1.987663750334000042e+03 2.004959920016000069e+03 2.022252932456000053e+03 2.039542837616000043e+03 2.056829685061999953e+03 2.074113524030000008e+03 2.091394403360000069e+03 2.108672371430000112e+03 2.125947476419999930e+03 2.143219765519999783e+03 2.160489286580000226e+03 2.177756085800000164e+03 2.195020210040000165e+03 2.212281705500000044e+03 2.229540617059999931e+03 2.246796991579999940e+03 2.264050872620000064e+03 2.281302305059999981e+03 2.298551333779999823e+03 2.315798001680000198e+03 2.333042352980000032e+03 2.350284431240000231e+03 2.367524277380000058e+03 2.384761935619999804e+03 2.401997447539999939e+03 2.419230854720000025e+03 2.436462198080000235e+03 2.453691519859999971e+03 2.470918859660000180e+03 2.488144259059999968e+03 2.505367756999999983e+03 2.522589393740000105e+03 2.539809208879999915e+03 2.557027241360000062e+03 2.574243530119999832e+03 2.591458113440000034e+03 2.608671030259999952e+03 2.625882318200000100e+03 2.643092014880000079e+03 2.660300157919999947e+03 2.677506783620000078e+03 2.694711930259999917e+03 2.711915634800000134e+03 2.729117927599999803e+03 2.746318854199999805e+03 2.763518447599999945e+03 2.780716734199999792e+03 2.797913766799999848e+03 2.815109565199999906e+03
3.331923601399999825e+03 3.349100702000000183e+03 3.366277591399999892e+03 3.383454289400000107e+03 3.400630828999999721e+03 3.417807236600000124e+03 3.434983545200000208e+03 3.452159781199999998e+03 3.469335971000000427e+03 3.486512154200000168e+03 3.503688350599999922e+03 3.520864586599999711e+03 3.538040901800000029e+03 3.555217309399999976e+03 3.572393855600000279e+03 3.589570553600000039e+03 3.606747436399999970e+03 3.623924536999999873e+03 3.641101875199999995e+03 3.658279490599999917e+03 3.675457396400000107e+03 3.692635632200000146e+03 3.709814217799999824e+03 3.726993186200000309e+03 3.744172563799999807e+03 3.761352377000000160e+03 3.778532652200000030e+03 3.795713422400000127e+03 3.812894707399999788e+03 3.830076546799999960e+03 3.847258953800000199e+03 3.864441961399999855e+03 3.881625595999999859e+03 3.898809890600000017e+03 3.915994864999999663e+03 3.933180545600000187e+03 3.950366971999999805e+03 3.967554150799999661e+03 3.984742128199999570e+03 4.001930924000000232e+03 4.019120564599999852e+03 4.036311076400000275e+03 4.053502485799999704e+03 4.070694825800000217e+03 4.087888116199999786e+03 4.105082389999999577e+03 4.122277673599999616e+03 4.139473986799999693e+03 4.156671362600000066e+03 4.173869834000000083e+03
1.979654908460000115e+03 1.996962611180000067e+03 2.014267074223999998e+03 2.031568348148000041e+03 2.048866483197799880e+03 2.066161529275999783e+03 2.083453535875999933e+03 2.100742552015999991e+03 2.118028626799999984e+03 2.135311807879999833e+03 2.152592143700000179e+03 2.169869681119999768e+03 2.187144468320000215e+03 2.204416552159999810e+03 2.221685977520000051e+03 2.238952792579999823e+03 2.256217041559999871e+03 2.273478770000000168e+03 2.290738023439999779e+03 2.307994845440000063e+03 2.325249281540000084e+03 2.342501375299999836e+03 2.359751168960000086e+03 2.376998707400000058e+03 2.394244032860000061e+03 2.411487186920000113e+03 2.428728213139999752e+03 2.445967152440000064e+03 2.463204046400000152e+03 2.480438936600000034e+03 2.497671863959999882e+03 2.514902868080000189e+03 2.532131989880000219e+03 2.549359268960000009e+03 2.566584744920000048e+03 2.583808457359999920e+03 2.601030445219999820e+03 2.618250746120000258e+03 2.635469399659999908e+03 2.652686443460000191e+03 2.669901915800000097e+03 2.687115852980000000e+03 2.704328293280000253e+03 2.721539273000000321e+03 2.738748832400000083e+03 2.755956999200000155e+03 2.773163819599999897e+03 2.790369319999999789e+03 2.807573546600000100e+03 2.824776532400000178e+03
3.341581909399999859e+03 3.358766171000000213e+03 3.375950201600000128e+03 3.393134034199999860e+03 3.410317701799999668e+03 3.427501230800000030e+03 3.444684647600000062e+03 3.461867985200000021e+03 3.479051269999999931e+03 3.496234534999999596e+03 3.513417800000000170e+03 3.530601104599999871e+03 3.547784468599999855e+03 3.564967931600000156e+03 3.582151513400000113e+03 3.599335240399999748e+03 3.616519145600000229e+03 3.633703261999999995e+03 3.650887609399999747e+03 3.668072220799999741e+03 3.685257115999999769e+03 3.702442334600000322e+03 3.719627896400000282e+03 3.736813834399999905e+03 3.754000175000000127e+03 3.771186944600000061e+03 3.788374169599999732e+03 3.805561876400000074e+03 3.822750098000000435e+03 3.839938860799999929e+03 3.857128191199999947e+03 3.874318115600000056e+03 3.891508660399999826e+03 3.908699858599999970e+03 3.925891730000000280e+03 3.943084307600000102e+03 3.960277617799999916e+03 3.977471687000000202e+03 3.994666541600000073e+03 4.011862214599999788e+03 4.029058725800000047e+03 4.046256101599999965e+03 4.063454375000000255e+03 4.080653572400000030e+03 4.097853726800000004e+03 4.115054851400000189e+03 4.132256985799999711e+03 4.149460149800000181e+03 4.166664376400000037e+03 4.183869692000000214e+03
1.990141408153999919e+03 2.007458587088000058e+03 2.024772489253999993e+03 2.042083165544599979e+03 2.059390666495999994e+03 2.076695042156000000e+03 2.093996342347999871e+03 2.111294616308000059e+03 2.128589913140000135e+03 2.145882281419999799e+03 2.163171769460000178e+03 2.180458424779999859e+03 2.197742295560000002e+03 2.215023428659999809e+03 2.232301870939999844e+03 2.249577668599999924e+03 2.266850867839999864e+03 2.284121514200000092e+03 2.301389653220000127e+03 2.318655329780000102e+03 2.335918589419999989e+03 2.353179474380000102e+03 2.370438030859999799e+03 2.387694301099999848e+03 2.404948328659999788e+03 2.422200156439999773e+03 2.439449827339999956e+03 2.456697383599999739e+03 2.473942866800000047e+03 2.491186318519999986e+03 2.508427780340000027e+03 2.525667293179999888e+03 2.542904897299999902e+03 2.560140632959999948e+03 2.577374541080000199e+03 2.594606660599999941e+03 2.611837031120000120e+03 2.629065691580000021e+03 2.646292680919999839e+03 2.663518038080000224e+03 2.680741800679999869e+03 2.697964007000000038e+03 2.715184694000000036e+03 2.732403902600000038e+03 2.749621665799999846e+03 2.766838016600000174e+03 2.784053001199999926e+03 2.801266652599999816e+03 2.818479003800000100e+03 2.835690094399999907e+03
3.352341262400000232e+03 3.369533503399999972e+03 3.386725506799999948e+03 3.403917292399999951e+03 3.421108906399999796e+03 3.438300361999999950e+03 3.455491698799999995e+03 3.472682943199999954e+03 3.489874121599999853e+03 3.507065273600000182e+03 3.524256412400000045e+03 3.541447577599999931e+03 3.558638802200000100e+03 3.575830099400000108e+03 3.593021515399999771e+03 3.610213069999999789e+03 3.627404789600000186e+03 3.644596707199999855e+03 3.661788842599999953e+03 3.678981241999999838e+03 3.696173918599999979e+03 3.713366898799999944e+03 3.730560222199999771e+03 3.747753915199999938e+03 3.764947991000000002e+03 3.782142495799999779e+03 3.799337449399999969e+03 3.816532884799999920e+03 3.833728821800000333e+03 3.850925293400000101e+03 3.868122319399999924e+03 3.885319939400000294e+03 3.902518179799999871e+03 3.919717060400000264e+03 3.936916614199999913e+03 3.954116867599999750e+03 3.971317847000000256e+03 3.988519578800000090e+03 4.005722095999999965e+03 4.022925424999999905e+03 4.040129598800000167e+03 4.057334630600000310e+03 4.074540559999999914e+03 4.091747406800000135e+03 4.108955210600000100e+03 4.126163984599999822e+03 4.143373768399999790e+03 4.160584588399999120e+03 4.177796464400000332e+03 4.195009436000000278e+03
2.001780678236000085e+03 2.019108519668000099e+03 2.036433043279999993e+03 2.053754299951399844e+03 2.071072340390000136e+03 2.088387214802000017e+03 2.105698973156000193e+03 2.123007664820000173e+03 2.140313339360000100e+03 2.157616045880000001e+03 2.174915831899999830e+03 2.192212746260000131e+03 2.209506837140000243e+03 2.226798151399999824e+03 2.244086735899999894e+03 2.261372638159999951e+03 2.278655903719999969e+03 2.295936579440000060e+03 2.313214710199999899e+03 2.330490342860000055e+03 2.347763520319999770e+03 2.365034289440000066e+03 2.382302693120000185e+03 2.399568775579999965e+03 2.416832580379999854e+03 2.434094151740000143e+03 2.451353531900000235e+03 2.468610763759999827e+03 2.485865889560000142e+03 2.503118951540000126e+03 2.520369991279999795e+03 2.537619050360000074e+03 2.554866169699999773e+03 2.572111390219999976e+03 2.589354752180000105e+03 2.606596295840000039e+03 2.623836060800000269e+03 2.641074087320000217e+03 2.658310414340000079e+03 2.675545080140000209e+03 2.692778124980000030e+03 2.710009587800000190e+03 2.727239501600000040e+03 2.744467910599999868e+03 2.761694847799999934e+03 2.778920352799999819e+03 2.796144465200000013e+03 2.813367211400000087e+03 2.830588644200000090e+03 2.847808790000000045e+03
3.490495702999999594e+03 3.507691507999999885e+03 3.524887299799999710e+03 3.542083098199999768e+03 3.559278942800000095e+03 3.576474846799999796e+03 3.593670849799999814e+03 3.610866978199999721e+03 3.628063264999999774e+03 3.645259729999999763e+03 3.662456406199999947e+03 3.679653326600000128e+03 3.696850511000000097e+03 3.714047992400000112e+03 3.731245803799999976e+03 3.748443964999999935e+03 3.765642509000000246e+03 3.782841462200000024e+03 3.800040857599999981e+03 3.817240714999999909e+03 3.834441067400000065e+03 3.851641941200000019e+03 3.868843362800000250e+03 3.886045365200000106e+03 3.903247974799999611e+03 3.920451218000000154e+03 3.937655121199999940e+03 3.954859717399999681e+03 3.972065032999999858e+03 3.989271094400000038e+03 4.006477934599999571e+03 4.023685566799999833e+03 4.040894037199999730e+03 4.058103365599999961e+03 4.075313578400000097e+03 4.092524708599999940e+03 4.109736782599999970e+03 4.126949826800000665e+03 4.144163867600000231e+03 4.161378937999999835e+03 4.178595070999999734e+03 4.195812286399999721e+03 4.213030610600000728e+03 4.230250083200000518e+03 4.247470730600000024e+03 4.264692572599999949e+03 4.281915648800000781e+03 4.299139978999999585e+03 4.316365602800000488e+03 4.333592539999999644e+03
1.881736996280000085e+03 1.899095603479999909e+03 1.916450499499999978e+03 1.933801737799999955e+03 1.951149372500000027e+03 1.968493455079999876e+03 1.985834039329999996e+03 2.003171176862000038e+03 2.020504919486000063e+03 2.037835318879999932e+03 2.055162425995999911e+03 2.072486291786000038e+03 2.089806966608000039e+03 2.107124500622000141e+03 2.124438943459999791e+03 2.141750344820000009e+03 2.159058753079999860e+03 2.176364217740000186e+03 2.193666786320000028e+03 2.210966507659999934e+03 2.228263428620000013e+03 2.245557596720000220e+03 2.262849059480000051e+03 2.280137863099999777e+03 2.297424053119999826e+03 2.314707676399999855e+03 2.331988777819999996e+03 2.349267402919999768e+03 2.366543596580000212e+03 2.383817403680000098e+03 2.401088867120000032e+03 2.418358032439999988e+03 2.435624942540000120e+03 2.452889639659999830e+03 2.470152168019999863e+03 2.483670030620000034e+03 2.500925889019999886e+03 2.518179708019999907e+03 2.535431530519999797e+03 2.552681396779999886e+03 2.569929347719999896e+03 2.587175424260000000e+03 2.604419666660000075e+03 2.621662115180000001e+03 2.638902808759999971e+03 2.656141787659999864e+03 2.673379090160000032e+03 2.690614755200000218e+03 2.707848822380000001e+03 2.725081328000000212e+03
3.479466350599999714e+03 3.496653839600000083e+03 3.513841315399999985e+03 3.531028817600000366e+03 3.548216372599999886e+03 3.565404006799999934e+03 3.582591746600000079e+03 3.599779625000000124e+03 3.616967668400000093e+03 3.634155903200000012e+03 3.651344362400000136e+03 3.668533072400000037e+03 3.685722059599999739e+03 3.702911350399999719e+03 3.720100977799999782e+03 3.737290968199999952e+03 3.754481348000000253e+03 3.771672150200000033e+03 3.788863394599999992e+03 3.806055114199999934e+03 3.823247335400000338e+03 3.840440084599999864e+03 3.857633388199999899e+03 3.874827279199999793e+03 3.892021777400000246e+03 3.909216922399999930e+03 3.926412734000000000e+03 3.943609231999999793e+03 3.960806462600000032e+03 3.978004432400000042e+03 3.995203187600000092e+03 4.012402741400000195e+03 4.029603133399999933e+03 4.046804383400000006e+03 4.064006517800000438e+03 4.081209569599999668e+03 4.098413565200000448e+03 4.115618524399999842e+03 4.132824486800000159e+03 4.150031472200000280e+03 4.167239513599999555e+03 4.184448637400000734e+03 4.201658869999999297e+03 4.218870237799999813e+03 4.236082767199999580e+03 4.253296491199999764e+03 4.270511442799999713e+03 4.287727635199999895e+03 4.304945107999999891e+03 4.322163894199999959e+03
1.869494083399999909e+03 1.886841320779999933e+03 1.904184886580000011e+03 1.921524834260000034e+03 1.938861216620000050e+03 1.956194087780000018e+03 1.973523498560000007e+03 1.990849502485999892e+03 2.008172150509999938e+03 2.025491494310000007e+03 2.042807584798400057e+03 2.060120472716000222e+03 2.077430208235999999e+03 2.094736841425999955e+03 2.112040421719999813e+03 2.129340998419999778e+03 2.146638620300000184e+03 2.163933335539999916e+03 2.181225192320000133e+03 2.198514238820000173e+03 2.215800522559999990e+03 2.233084089739999854e+03 2.250364987219999875e+03 2.267643261199999870e+03 2.284918957880000107e+03 2.302192122800000107e+03 2.319462801499999841e+03 2.336731038200000057e+03 2.353996877120000136e+03 2.371260363800000050e+03 2.388521541139999954e+03 2.405780452040000000e+03 2.423037140720000025e+03 2.440291650080000181e+03 2.457544021700000030e+03 2.474794297819999883e+03 2.492042521339999894e+03 2.509288732519999940e+03 2.526532972940000036e+03 2.543775284180000199e+03 2.561015705179999713e+03 2.578254277519999960e+03 2.595491040800000064e+03 2.612726034620000064e+03 2.629959298579999995e+03 2.647190870960000211e+03 2.664420791359999839e+03 2.681649097399999846e+03 2.698875828019999972e+03 2.716101018199999999e+03
3.469526750600000014e+03 3.486706735400000071e+03 3.503886726799999906e+03 3.521066744599999765e+03 3.538246828400000140e+03 3.555427004600000146e+03 3.572607299600000260e+03 3.589787733199999820e+03 3.606968351600000005e+03 3.624149167999999918e+03 3.641330215400000270e+03 3.658511520199999723e+03 3.675693115400000352e+03 3.692875027399999908e+03 3.710057282599999780e+03 3.727239907399999993e+03 3.744422928200000115e+03 3.761606378000000404e+03 3.778790276599999743e+03 3.795974663599999985e+03 3.813159552199999780e+03 3.830344982000000073e+03 3.847530972800000200e+03 3.864717557599999964e+03 3.881904756199999611e+03 3.899092601599999853e+03 3.916281120199999805e+03 3.933470345000000179e+03 3.950660289200000079e+03 3.967850985799999762e+03 3.985042467799999940e+03 4.002234761599999729e+03 4.019427886999999828e+03 4.036621877000000040e+03 4.053816751400000157e+03 4.071012549799999761e+03 4.088209292000000005e+03 4.105407004400000005e+03 4.122605713400000241e+03 4.139805452000000514e+03 4.157006240000000616e+03 4.174208110399999896e+03 4.191411082999999962e+03 4.208615197400000397e+03 4.225820473400000083e+03 4.243026937399999952e+03 4.260234615800000029e+03 4.277443541599999662e+03 4.294653741199999786e+03 4.311865240999999514e+03
1.858426786940000056e+03 1.875763818740000033e+03 1.893097215920000053e+03 1.910427031279999937e+03 1.927753317619999962e+03 1.945076127739999947e+03 1.962395515100000011e+03 1.979711530519999997e+03 1.997024226140000110e+03 2.014333653043999902e+03 2.031639862184000094e+03 2.048942903944399859e+03 2.066242828471999928e+03 2.083539685478000138e+03 2.100833524237999882e+03 2.118124394120000034e+03 2.135412342380000155e+03 2.152697418979999838e+03 2.169979670780000106e+03 2.187259145300000000e+03 2.204535889400000087e+03 2.221809949940000024e+03 2.239081373779999922e+03 2.256350205799999912e+03 2.273616492860000108e+03 2.290880279179999889e+03 2.308141610300000139e+03 2.325400529779999943e+03 2.342657083160000184e+03 2.359911313340000106e+03 2.377163263219999862e+03 2.394412977680000040e+03 2.411660497639999903e+03 2.428905866659999901e+03 2.446149126320000050e+03 2.463390318199999911e+03 2.480629484539999794e+03 2.497866665600000033e+03 2.515101902960000189e+03 2.532335236219999842e+03 2.549566706300000078e+03 2.566796352139999726e+03 2.584024214659999870e+03 2.601250331480000114e+03 2.618474742200000037e+03 2.635697485759999836e+03 2.652918600439999864e+03 2.670138123859999723e+03 2.687356094300000223e+03 2.704572549380000055e+03
3.460587855799999943e+03 3.477761154799999986e+03 3.494934460399999807e+03 3.512107812199999898e+03 3.529281223399999817e+03 3.546454740199999833e+03 3.563628382400000191e+03 3.580802176400000008e+03 3.597976155199999994e+03 3.615150338600000396e+03 3.632324766199999885e+03 3.649499457799999618e+03 3.666674446400000306e+03 3.683849751800000377e+03 3.701025413600000320e+03 3.718201451599999928e+03 3.735377892200000133e+03 3.752554768400000285e+03 3.769732100000000173e+03 3.786909926600000290e+03 3.804088261400000192e+03 3.821267144000000371e+03 3.838446594199999709e+03 3.855626644999999826e+03 3.872807316200000059e+03 3.889988640800000212e+03 3.907170645199999854e+03 3.924353349199999684e+03 3.941536792400000195e+03 3.958720994600000267e+03 3.975905982199999926e+03 3.993091781600000104e+03 4.010278425800000150e+03 4.027465934599999855e+03 4.044654334400000153e+03 4.061843658199999936e+03 4.079033932399999685e+03 4.096225183399999878e+03 4.113417437600000085e+03 4.130610714800000096e+03 4.147805054599999494e+03 4.165000470200000564e+03 4.182197001200000159e+03 4.199394667399999889e+03 4.216593501800000013e+03 4.233793524200000320e+03 4.250994760999999926e+03 4.268197251800000231e+03 4.285401009799999883e+03 4.302606067999999141e+03
1.848488093120000030e+03 1.865816058500000054e+03 1.883140422919999992e+03 1.900461239180000121e+03 1.917778560080000034e+03 1.935092438420000008e+03 1.952402927000000091e+03 1.969710076639999897e+03 1.987013939678000042e+03 2.004314566603999992e+03 2.021612008304000028e+03 2.038906314871999939e+03 2.056197536203999789e+03 2.073485721800000192e+03 2.090770920632000070e+03 2.108053181474000212e+03 2.125332552440000200e+03 2.142609082039999976e+03 2.159882816540000022e+03 2.177153804120000132e+03 2.194422091639999962e+03 2.211687724639999942e+03 2.228950749319999886e+03 2.246211211880000064e+03 2.263469156539999858e+03 2.280724628840000150e+03 2.297977673660000164e+03 2.315228334559999894e+03 2.332476655100000244e+03 2.349722678839999844e+03 2.366966449340000054e+03 2.384208008839999820e+03 2.401447400240000206e+03 2.418684665119999863e+03 2.435919844399999874e+03 2.453152980979999938e+03 2.470384115119999933e+03 2.487613287740000032e+03 2.504840538439999818e+03 2.522065908139999920e+03 2.539289436439999918e+03 2.556511162280000008e+03 2.573731125260000226e+03 2.590949363660000017e+03 2.608165917079999872e+03 2.625380823139999848e+03 2.642594119460000002e+03 2.659805843659999937e+03 2.677016034020000006e+03 2.694224726840000130e+03
3.452757490400000279e+03 3.469924908800000139e+03 3.487092346999999791e+03 3.504259831399999712e+03 3.521427395000000161e+03 3.538595057599999564e+03 3.555762852199999998e+03 3.572930805200000123e+03 3.590098949600000196e+03 3.607267311800000243e+03 3.624435911600000054e+03 3.641604788599999665e+03 3.658773969200000010e+03 3.675943473199999971e+03 3.693113333599999805e+03 3.710283576799999992e+03 3.727454229200000100e+03 3.744625323799999933e+03 3.761796886999999970e+03 3.778968938600000001e+03 3.796141511599999831e+03 3.813314639000000170e+03 3.830488333999999668e+03 3.847662636199999724e+03 3.864837565400000130e+03 3.882013154600000234e+03 3.899189430200000061e+03 3.916366412000000309e+03 3.933544133000000329e+03 3.950722619600000144e+03 3.967901904800000011e+03 3.985082001800000398e+03 4.002262943599999744e+03 4.019444763200000125e+03 4.036627473800000189e+03 4.053811121599999751e+03 4.070995713199999955e+03 4.088181288199999926e+03 4.105367873000000145e+03 4.122555487399999947e+03 4.139744164400000045e+03 4.156933923800000230e+03 4.174124798599999849e+03 4.191316815199999837e+03 4.208510000000000218e+03 4.225704379400000107e+03 4.242899979800000438e+03 4.260096827600000324e+03 4.277294949199999792e+03 4.294494370999999774e+03
1.839685712060000014e+03 1.857005748199999971e+03 1.874322213740000052e+03 1.891635160820000010e+03 1.908944643560000031e+03 1.926250714100000096e+03 1.943553423920000114e+03 1.960852825160000066e+03 1.978148968640000021e+03 1.995441905048000081e+03 2.012731685336000055e+03 2.030018359268000040e+03 2.047301976324200041e+03 2.064582585734000077e+03 2.081860236277999775e+03 2.099134976287999962e+03 2.116406853680000040e+03 2.133675916040000175e+03 2.150942211019999831e+03 2.168205784820000190e+03 2.185466683640000156e+03 2.202724954339999840e+03 2.219980641799999830e+03 2.237233791560000100e+03 2.254484448499999871e+03 2.271732656839999891e+03 2.288978461459999835e+03 2.306221904600000016e+03 2.323463031140000112e+03 2.340701883979999820e+03 2.357938504700000067e+03 2.375172936859999936e+03 2.392405221380000057e+03 2.409635401160000129e+03 2.426863515800000187e+03 2.444089607540000088e+03 2.461313716640000166e+03 2.478535883359999843e+03 2.495756147959999907e+03 2.512974549380000099e+03 2.530191127879999840e+03 2.547405921739999940e+03 2.564618969900000138e+03 2.581830311300000176e+03 2.599039983560000110e+03 2.616248024299999997e+03 2.633454471799999737e+03 2.650659363020000001e+03 2.667862734920000094e+03 2.685064623799999936e+03
3.446048993000000337e+03 3.463211362399999871e+03 3.480373744999999872e+03 3.497536180399999921e+03 3.514698695000000043e+03 3.531861321800000042e+03 3.549024080600000161e+03 3.566187004399999751e+03 3.583350119599999744e+03 3.600513459199999943e+03 3.617677049599999918e+03 3.634840910599999916e+03 3.652005081799999971e+03 3.669169582999999875e+03 3.686334440600000107e+03 3.703499694199999794e+03 3.720665356999999858e+03 3.737831468600000335e+03 3.754998048800000106e+03 3.772165130600000339e+03 3.789332733799999914e+03 3.806500891400000000e+03 3.823669629799999711e+03 3.840838975399999981e+03 3.858008954599999925e+03 3.875179600399999799e+03 3.892350932599999851e+03 3.909522984199999883e+03 3.926695775000000140e+03 3.943869337999999971e+03 3.961043699599999854e+03 3.978218879600000037e+03 3.995394910999999865e+03 4.012571826800000053e+03 4.029749640199999703e+03 4.046928390800000216e+03 4.064108091799999784e+03 4.081288782800000263e+03 4.098470483600000080e+03 4.115653220600000168e+03 4.132837026799999876e+03 4.150021915400000580e+03 4.167207932600000277e+03 4.184395085000000108e+03 4.201583412199999657e+03 4.218772940599999856e+03 4.235963690000000497e+03 4.253155693400000018e+03 4.270348970600000030e+03 4.287543554599999879e+03
1.832030352259999972e+03 1.849343571919999931e+03 1.866653248040000108e+03 1.883959433420000096e+03 1.901262180859999944e+03 1.918561541840000018e+03 1.935857569819999981e+03 1.953150314299999991e+03 1.970439828080000098e+03 1.987726159999999936e+03 2.005009361209999952e+03 2.022289481210000076e+03 2.039566569236000078e+03 2.056840674128000046e+03 2.074111844462000136e+03 2.091380128285999945e+03 2.108645573186000092e+03 2.125908226219999960e+03 2.143168135039999925e+03 2.160425345120000202e+03 2.177679902660000153e+03 2.194931853860000047e+03 2.212181243600000016e+03 2.229428116760000194e+03 2.246672517559999960e+03 2.263914490879999903e+03 2.281154080280000017e+03 2.298391328659999999e+03 2.315626278920000004e+03 2.332858974620000026e+03 2.350089456679999785e+03 2.367317768660000183e+03 2.384543950819999736e+03 2.401768045400000119e+03 2.418990092659999846e+03 2.436210132860000158e+03 2.453428206919999866e+03 2.470644355100000212e+03 2.487858615680000185e+03 2.505071028920000117e+03 2.522281633759999750e+03 2.539490468479999890e+03 2.556697571359999984e+03 2.573902981340000224e+03 2.591106734720000077e+03 2.608308870439999737e+03 2.625509425459999875e+03 2.642708436079999956e+03 2.659905939260000196e+03 2.677101971300000059e+03
3.440466541400000096e+03 3.457624673600000278e+03 3.474782832200000030e+03 3.491941043599999830e+03 3.509099334200000158e+03 3.526257736999999906e+03 3.543416278400000010e+03 3.560574991399999817e+03 3.577733895800000028e+03 3.594893024599999990e+03 3.612052410799999961e+03 3.629212074199999734e+03 3.646372047800000018e+03 3.663532351400000152e+03 3.680693024600000172e+03 3.697854087199999867e+03 3.715015572199999951e+03 3.732177505999999994e+03 3.749339915000000019e+03 3.766502819000000272e+03 3.783666257599999881e+03 3.800830257200000233e+03 3.817994837600000210e+03 3.835160025199999836e+03 3.852325859600000058e+03 3.869492360600000211e+03 3.886659548000000086e+03 3.903827461400000175e+03 3.920996120599999813e+03 3.938165558599999713e+03 3.955335788600000342e+03 3.972506856800000151e+03 3.989678776400000061e+03 4.006851573800000097e+03 4.024025288599999840e+03 4.041199934000000212e+03 4.058375543000000107e+03 4.075552135400000225e+03 4.092729750800000147e+03 4.109908408999999665e+03 4.127088129800000388e+03 4.144268952800000079e+03 4.161450891200000115e+03 4.178633984600000076e+03 4.195818246200000431e+03 4.213003715599999850e+03 4.230190412599999945e+03 4.247378363600000739e+03 4.264567595000000438e+03 4.281758133199999975e+03
1.825527226400000018e+03 1.842834731120000015e+03 1.860138715399999910e+03 1.877439232039999979e+03 1.894736333840000043e+03 1.912030072280000013e+03 1.929320498840000027e+03 1.946607664999999997e+03 1.963891621579999992e+03 1.981172419400000081e+03 1.998450106969999979e+03 2.015724734714000078e+03 2.032996351472000015e+03 2.050265005681399998e+03 2.067530745607999961e+03 2.084793619082000077e+03 2.102053673299999900e+03 2.119310955320000176e+03 2.136565511539999989e+03 2.153817388160000064e+03 2.171066631380000217e+03 2.188313285419999829e+03 2.205557396480000079e+03 2.222799007460000212e+03 2.240038164560000041e+03 2.257274910019999879e+03 2.274509288060000017e+03 2.291741340919999857e+03 2.308971112159999848e+03 2.326198643360000005e+03 2.343423976760000187e+03 2.360647153939999953e+03 2.377868215819999932e+03 2.395087203980000140e+03 2.412304158020000159e+03 2.429519119520000004e+03 2.446732126760000028e+03 2.463943220659999952e+03 2.481152439500000128e+03 2.498359822880000138e+03 2.515565409079999881e+03 2.532769236380000166e+03 2.549971343059999981e+03 2.567171766739999839e+03 2.584370544379999956e+03 2.601567714259999775e+03 2.618763312680000126e+03 2.635957375940000020e+03 2.653149941000000126e+03 2.670341043500000069e+03
3.436013963599999897e+03 3.453168696799999907e+03 3.470323456399999941e+03 3.487478268800000023e+03 3.504633166999999958e+03 3.521788184000000001e+03 3.538943339600000400e+03 3.556098660199999813e+03 3.573254185400000097e+03 3.590409934999999678e+03 3.607565935399999944e+03 3.624722226200000023e+03 3.641878820599999926e+03 3.659035758199999691e+03 3.676193065399999796e+03 3.693350762000000032e+03 3.710508881000000201e+03 3.727667455400000108e+03 3.744826504999999997e+03 3.761986056199999894e+03 3.779146141999999600e+03 3.796306795399999828e+03 3.813468029599999682e+03 3.830629884199999651e+03 3.847792372400000204e+03 3.864955540400000245e+03 3.882119401400000243e+03 3.899283988399999998e+03 3.916449321200000213e+03 3.933615439400000014e+03 3.950782356200000322e+03 3.967950111199999810e+03 3.985118717600000309e+03 4.002288215000000037e+03 4.019458629799999926e+03 4.036629975199999990e+03 4.053802290799999810e+03 4.070975602999999865e+03 4.088149924999999712e+03 4.105325302999999622e+03 4.122501750200000060e+03 4.139679292999999234e+03 4.156857964400000128e+03 4.174037790799999129e+03 4.191218798599999900e+03 4.208401007599999502e+03 4.225584444199999780e+03 4.242769147999999404e+03 4.259955132200000662e+03 4.277142429800000173e+03
1.820184176600000001e+03 1.837487042839999958e+03 1.854786407119999922e+03 1.872082323560000077e+03 1.889374842980000039e+03 1.906664018839999926e+03 1.923949901299999965e+03 1.941232541840000067e+03 1.958511990620000006e+03 1.975788297800000009e+03 1.993061512945999993e+03 2.010331685558000117e+03 2.027598864146000096e+03 2.044863097167200067e+03 2.062124432432000049e+03 2.079382917500000076e+03 2.096638599349999822e+03 2.113891524776000097e+03 2.131141739780000080e+03 2.148389290760000222e+03 2.165634222199999840e+03 2.182876579639999818e+03 2.200116407959999833e+03 2.217353751380000176e+03 2.234588653459999932e+03 2.251821157760000006e+03 2.269051307180000094e+03 2.286279144619999897e+03 2.303504712320000181e+03 2.320728052519999892e+03 2.337949206140000115e+03 2.355168215419999797e+03 2.372385121280000021e+03 2.389599963319999915e+03 2.406812782460000108e+03 2.424023618300000180e+03 2.441232511100000011e+03 2.458439499139999953e+03 2.475644622020000043e+03 2.492847918020000179e+03 2.510049425419999807e+03 2.527249182499999733e+03 2.544447227539999858e+03 2.561643596840000100e+03 2.578838328679999904e+03 2.596031458699999803e+03 2.613223025180000150e+03 2.630413063099999817e+03 2.647601608760000090e+03 2.664788698459999978e+03
3.432694467199999963e+03 3.449846646199999668e+03 3.466998851599999853e+03 3.484151116399999864e+03 3.501303466999999728e+03 3.518455929799999922e+03 3.535608537799999795e+03 3.552761310800000047e+03 3.569914288400000260e+03 3.587067497000000003e+03 3.604220956399999977e+03 3.621374706200000219e+03 3.638528766200000064e+03 3.655683162799999991e+03 3.672837935600000037e+03 3.689993097800000214e+03 3.707148689000000104e+03 3.724304729000000407e+03 3.741461250800000016e+03 3.758618280800000321e+03 3.775775851999999759e+03 3.792933977600000162e+03 3.810092697199999748e+03 3.827252030600000126e+03 3.844412017399999968e+03 3.861572670800000196e+03 3.878734023799999704e+03 3.895896102799999881e+03 3.913058940799999618e+03 3.930222557600000073e+03 3.947386979599999904e+03 3.964552239800000280e+03 3.981718358000000080e+03 3.998885373799999797e+03 4.016053300399999898e+03 4.033222164199999952e+03 4.050392004799999995e+03 4.067562842000000273e+03 4.084734695600000123e+03 4.101907605200000035e+03 4.119081583999999566e+03 4.136256671600000118e+03 4.153432881200000338e+03 4.170610252399999808e+03 4.187788805000000139e+03 4.204968565400000443e+03 4.222149559999999838e+03 4.239331821800000398e+03 4.256515363999999863e+03 4.273700226200000543e+03
1.816006584499999917e+03 1.833305868259999897e+03 1.850601665240000102e+03 1.867894029560000035e+03 1.885183012039999994e+03 1.902468664819999958e+03 1.919751039380000066e+03 1.937030185880000090e+03 1.954306154480000032e+03 1.971578995999999961e+03 1.988848759016000031e+03 2.006115492895999978e+03 2.023379246018000003e+03 2.040640066561999902e+03 2.057898002179999821e+03 2.075153100128000005e+03 2.092405407266000111e+03 2.109654970057999890e+03 2.126901834440000130e+03 2.144146045819999927e+03 2.161387649539999984e+03 2.178626691139999821e+03 2.195863213520000045e+03 2.213097261559999879e+03 2.230328878819999773e+03 2.247558108199999879e+03 2.264784992599999896e+03 2.282009574919999977e+03 2.299231896740000138e+03 2.316452000299999781e+03 2.333669925860000149e+03 2.350885715660000187e+03 2.368099409960000230e+03 2.385311049020000155e+03 2.402520673099999840e+03 2.419728321139999935e+03 2.436934032740000021e+03 2.454137847500000134e+03 2.471339803700000175e+03 2.488539938959999745e+03 2.505738292879999790e+03 2.522934902420000071e+03 2.540129804539999895e+03 2.557323037520000071e+03 2.574514638319999904e+03 2.591704642579999927e+03 2.608893087259999902e+03 2.626080007999999907e+03 2.643265441760000158e+03 2.660449423519999982e+03
3.430508593399999882e+03 3.447659069600000294e+03 3.464809578800000054e+03 3.481960140799999863e+03 3.499110788599999978e+03 3.516261555199999748e+03 3.533412460399999873e+03 3.550563543799999934e+03 3.567714825200000178e+03 3.584866337599999952e+03 3.602018100799999957e+03 3.619170154399999774e+03 3.636322524799999883e+03 3.653475231800000074e+03 3.670628314999999930e+03 3.687781787599999916e+03 3.704935695799999849e+03 3.722090052800000194e+03 3.739244891600000301e+03 3.756400238600000193e+03 3.773556120199999896e+03 3.790712569399999666e+03 3.807869612599999982e+03 3.825027269600000182e+03 3.842185579999999845e+03 3.859344563600000129e+03 3.876504246800000146e+03 3.893664655999999923e+03 3.910825824200000170e+03 3.927987777800000003e+03 3.945150536600000123e+03 3.962314133599999877e+03 3.979478595200000200e+03 3.996643947800000205e+03 4.013810224400000152e+03 4.030977438200000051e+03 4.048145628799999940e+03 4.065314809399999831e+03 4.082485026199999993e+03 4.099656285799999750e+03 4.116828627799999595e+03 4.134002072000000226e+03 4.151176651400000083e+03 4.168352385800000775e+03 4.185529301599999599e+03 4.202707431799999540e+03 4.219886802799999714e+03 4.237067434399999911e+03 4.254249359600000389e+03 4.271432598200000029e+03
1.812998219359999894e+03 1.830294959479999989e+03 1.847588224699999955e+03 1.864878067160000001e+03 1.882164538340000036e+03 1.899447690380000040e+03 1.916727574759999925e+03 1.934004240980000077e+03 1.951277739860000111e+03 1.968548120240000117e+03 1.985815433071999905e+03 2.003079725809999900e+03 2.020341047293999964e+03 2.037599445373999970e+03 2.054854967570000099e+03 2.072107661072000155e+03 2.089357572343999891e+03 2.106604747784000210e+03 2.123849232800000209e+03 2.141091074120000030e+03 2.158330315040000187e+03 2.175567000439999902e+03 2.192801175860000058e+03 2.210032883540000057e+03 2.227262167700000191e+03 2.244489071240000158e+03 2.261713637060000110e+03 2.278935906740000064e+03 2.296155922519999876e+03 2.313373725980000017e+03 2.330589358040000207e+03 2.347802859620000163e+03 2.365014271640000061e+03 2.382223633699999937e+03 2.399430986060000123e+03 2.416636367659999905e+03 2.433839818100000230e+03 2.451041375660000085e+03 2.468241079280000122e+03 2.485438967239999783e+03 2.502635076499999741e+03 2.519829446000000189e+03 2.537022112699999980e+03 2.554213113560000238e+03 2.571402484879999975e+03 2.588590262960000018e+03 2.605776485419999972e+03 2.622961186579999776e+03 2.640144403400000101e+03 2.657326170859999820e+03
3.429457081399999879e+03 3.446606719399999747e+03 3.463756383799999639e+03 3.480906101000000035e+03 3.498055910600000061e+03 3.515205839000000196e+03 3.532355905999999777e+03 3.549506144599999971e+03 3.566656587800000125e+03 3.583807262000000264e+03 3.600958193599999959e+03 3.618109409000000142e+03 3.635260941200000161e+03 3.652412809999999808e+03 3.669565055000000029e+03 3.686717696000000160e+03 3.703870766000000003e+03 3.721024291400000038e+03 3.738178298599999835e+03 3.755332814000000326e+03 3.772487863999999718e+03 3.789643481600000086e+03 3.806799693200000092e+03 3.823956525200000215e+03 3.841114010600000256e+03 3.858272162600000229e+03 3.875431020799999715e+03 3.892590604999999869e+03 3.909750954799999818e+03 3.926912083400000029e+03 3.944074017200000071e+03 3.961236795799999982e+03 3.978400439000000006e+03 3.995564973200000168e+03 4.012730431400000271e+03 4.029896833400000105e+03 4.047064205600000150e+03 4.064232574399999976e+03 4.081401972799999839e+03 4.098572427200000675e+03 4.115743957399999999e+03 4.132916596400000344e+03 4.150090363999999681e+03 4.167265293200000087e+03 4.184441403799999534e+03 4.201618735399999423e+03 4.218797301200000220e+03 4.235977127599999221e+03 4.253158247600000323e+03 4.270340687599999910e+03
1.811162463679999973e+03 1.828457685139999967e+03 1.845749437639999996e+03 1.863037773980000111e+03 1.880322745639999994e+03 1.897604404100000011e+03 1.914882800840000073e+03 1.932157985360000112e+03 1.949430008479999969e+03 1.966698919700000033e+03 1.983964768256000070e+03 2.001227602592000039e+03 2.018487471151999898e+03 2.035744421719999991e+03 2.052998501717000181e+03 2.070249758167999971e+03 2.087498237570000128e+03 2.104743986024000151e+03 2.121987049400000160e+03 2.139227472380000108e+03 2.156465300899999875e+03 2.173700578519999908e+03 2.190933350119999886e+03 2.208163658599999962e+03 2.225391547520000131e+03 2.242617059780000091e+03 2.259840237620000153e+03 2.277061123940000016e+03 2.294279760320000150e+03 2.311496187019999979e+03 2.328710446940000111e+03 2.345922579019999830e+03 2.363132624840000062e+03 2.380340623999999934e+03 2.397546616099999937e+03 2.414750640740000108e+03 2.431952736199999890e+03 2.449152942079999775e+03 2.466351296660000116e+03 2.483547837560000062e+03 2.500742603059999965e+03 2.517935630120000042e+03 2.535126956359999895e+03 2.552316618740000195e+03 2.569504653559999952e+03 2.586691097779999836e+03 2.603875987039999927e+03 2.621059357640000144e+03 2.638241244559999814e+03 2.655421683439999924e+03
3.429540696799999751e+03 3.446690354599999864e+03 3.463840038800000002e+03 3.480989782399999967e+03 3.498139618400000018e+03 3.515289566599999944e+03 3.532439653399999770e+03 3.549589918399999988e+03 3.566740381399999933e+03 3.583891082000000097e+03 3.601042033400000037e+03 3.618193268600000010e+03 3.635344827200000054e+03 3.652496722400000181e+03 3.669648987200000192e+03 3.686801654599999893e+03 3.703954744399999981e+03 3.721108296200000041e+03 3.738262323199999628e+03 3.755416865000000143e+03 3.772571941400000014e+03 3.789727585399999953e+03 3.806883816800000204e+03 3.824040675199999896e+03 3.841198180399999728e+03 3.858356358799999725e+03 3.875515236799999911e+03 3.892674853999999868e+03 3.909835216999999830e+03 3.926996372000000065e+03 3.944158338799999910e+03 3.961321137200000067e+03 3.978484806800000115e+03 3.995649367399999846e+03 4.012814845400000195e+03 4.029981273800000054e+03 4.047148672399999668e+03 4.064317067599999973e+03 4.081486492400000316e+03 4.098656966599999578e+03 4.115828523199999836e+03 4.133001188599999296e+03 4.150174982599999566e+03 4.167349938199999997e+03 4.184526075199999468e+03 4.201703426600000057e+03 4.218882018799999969e+03 4.236061878200000137e+03 4.253243024600000354e+03 4.270425490999999965e+03
1.810501075700000001e+03 1.827795792919999940e+03 1.845087043819999963e+03 1.862374879879999980e+03 1.879659353900000042e+03 1.896940516699999989e+03 1.914218419100000119e+03 1.931493111920000047e+03 1.948764644659999931e+03 1.966033067480000000e+03 1.983298429352000085e+03 2.000560778852000112e+03 2.017820164292000072e+03 2.035076633390000097e+03 2.052330233652799961e+03 2.069581011914000101e+03 2.086829014729999926e+03 2.104074288182000146e+03 2.121316878139999972e+03 2.138556829220000054e+03 2.155794187160000092e+03 2.173028995520000080e+03 2.190261299180000151e+03 2.207491141040000002e+03 2.224718564660000084e+03 2.241943612279999797e+03 2.259166328119999889e+03 2.276386752439999782e+03 2.293604927479999787e+03 2.310820895480000218e+03 2.328034696700000040e+03 2.345246371400000044e+03 2.362455960499999946e+03 2.379663504260000082e+03 2.396869041620000189e+03 2.414072612179999851e+03 2.431274254880000171e+03 2.448474008000000140e+03 2.465671911139999793e+03 2.482868001259999801e+03 2.500062315979999767e+03 2.517254893580000044e+03 2.534445771019999938e+03 2.551634984599999825e+03 2.568822571279999920e+03 2.586008568019999984e+03 2.603193009800000254e+03 2.620375933580000037e+03 2.637557374340000024e+03 2.654737367059999997e+03
3.430758165799999915e+03 3.447908707999999933e+03 3.465059276599999976e+03 3.482209911200000079e+03 3.499360625000000255e+03 3.516511457600000085e+03 3.533662435400000049e+03 3.550813584800000172e+03 3.567964932200000021e+03 3.585116510599999856e+03 3.602268346400000155e+03 3.619420472599999812e+03 3.636572908999999981e+03 3.653725688600000012e+03 3.670878837799999928e+03 3.688032383000000209e+03 3.705186357200000202e+03 3.722340780200000154e+03 3.739495691600000100e+03 3.756651111199999832e+03 3.773807065400000283e+03 3.790963587199999893e+03 3.808120702999999594e+03 3.825278432600000087e+03 3.842436815600000045e+03 3.859595865199999935e+03 3.876755621000000247e+03 3.893916109400000096e+03 3.911077350200000183e+03 3.928239376399999855e+03 3.945402207799999815e+03 3.962565883999999642e+03 3.979730418199999804e+03 3.996895843400000103e+03 4.014062192599999889e+03 4.031229485599999862e+03 4.048397748800000045e+03 4.065567008600000008e+03 4.082737291399999776e+03 4.099908630199999607e+03 4.117081051400000433e+03 4.134254574800000228e+03 4.151429226799999924e+03 4.168605033800000456e+03 4.185782035399999586e+03 4.202960238199999367e+03 4.220139688400000523e+03 4.237320392600000559e+03 4.254502397000000201e+03 4.271685708199999681e+03
1.811016096139999945e+03 1.828311321560000124e+03 1.845603077360000043e+03 1.862891417000000047e+03 1.880176391299999977e+03 1.897458052400000042e+03 1.914736450460000015e+03 1.932011636960000033e+03 1.949283661400000028e+03 1.966552573279999933e+03 1.983818422496000039e+03 2.001081257029999961e+03 2.018341125392000095e+03 2.035598075366000103e+03 2.052852154485200117e+03 2.070103409635999924e+03 2.087351887454000007e+03 2.104597633993999807e+03 2.121840695060000144e+03 2.139081115399999817e+03 2.156318941280000217e+03 2.173554215600000134e+03 2.190786983240000154e+03 2.208017287759999817e+03 2.225245172060000186e+03 2.242470679699999891e+03 2.259693852920000154e+03 2.276914733959999921e+03 2.294133363739999822e+03 2.311349785160000010e+03 2.328564038479999908e+03 2.345776163959999849e+03 2.362986203179999848e+03 2.380194195080000100e+03 2.397400179260000186e+03 2.414604195979999986e+03 2.431806283519999852e+03 2.449006480819999979e+03 2.466204826159999811e+03 2.483401358479999999e+03 2.500596114080000007e+03 2.517789131240000188e+03 2.534980447580000146e+03 2.552170099399999799e+03 2.569358123660000274e+03 2.586544556660000126e+03 2.603729434700000184e+03 2.620912793420000071e+03 2.638094668460000321e+03 2.655275095460000102e+03
3.433108234399999674e+03 3.450260518999999931e+03 3.467412836599999991e+03 3.484565213599999879e+03 3.501717669800000294e+03 3.518870244799999909e+03 3.536022965000000113e+03 3.553175856800000020e+03 3.570328946600000108e+03 3.587482267399999728e+03 3.604635839000000033e+03 3.621789700999999695e+03 3.638943879800000104e+03 3.656098395199999686e+03 3.673253273600000284e+03 3.690408561199999895e+03 3.707564264600000115e+03 3.724720423400000072e+03 3.741877064000000246e+03 3.759034212800000205e+03 3.776191896199999974e+03 3.793350140600000032e+03 3.810508979000000181e+03 3.827668437799999992e+03 3.844828536799999711e+03 3.861989308999999594e+03 3.879150787399999899e+03 3.896312985200000185e+03 3.913475942000000032e+03 3.930639684200000374e+03 3.947804224999999860e+03 3.964969610600000124e+03 3.982135854199999812e+03 3.999302988800000094e+03 4.016471034199999849e+03 4.033640030000000024e+03 4.050809989399999722e+03 4.067980945400000110e+03 4.085152931000000081e+03 4.102325959400000102e+03 4.119500070199999755e+03 4.136675276599999961e+03 4.153851618200000303e+03 4.171029114799999661e+03 4.188207792799999879e+03 4.205387678600000072e+03 4.222568798599999354e+03 4.239751185799999803e+03 4.256934860000000299e+03 4.274119847599999957e+03
1.812707825299999968e+03 1.830004573339999979e+03 1.847297844499999883e+03 1.864587692900000093e+03 1.881874169359999996e+03 1.899157326020000028e+03 1.916437213039999961e+03 1.933713882560000002e+03 1.950987383420000015e+03 1.968257765119999931e+03 1.985525078480000047e+03 2.002789371086000074e+03 2.020050691711999889e+03 2.037309088142000064e+03 2.054564608054400196e+03 2.071817298427999958e+03 2.089067206004000127e+03 2.106314376956000160e+03 2.123558857219999936e+03 2.140800691939999979e+03 2.158039926259999902e+03 2.175276605059999838e+03 2.192510772560000078e+03 2.209742471659999865e+03 2.226971746579999945e+03 2.244198640220000016e+03 2.261423194819999935e+03 2.278645453279999856e+03 2.295865457179999794e+03 2.313083248099999764e+03 2.330298866959999941e+03 2.347512355339999885e+03 2.364723752179999792e+03 2.381933099719999973e+03 2.399140435580000030e+03 2.416345801339999980e+03 2.433549233960000038e+03 2.450750774359999923e+03 2.467950459499999852e+03 2.485148328320000019e+03 2.502344418440000027e+03 2.519538768139999775e+03 2.536731413720000091e+03 2.553922392800000125e+03 2.571111742340000092e+03 2.588299498639999911e+03 2.605485697340000115e+03 2.622670375400000012e+03 2.639853567799999837e+03 2.657035310180000124e+03
3.436587919399999919e+03 3.453742804399999841e+03 3.470897722400000021e+03 3.488052693199999794e+03 3.505207743200000095e+03 3.522362918599999830e+03 3.539518226000000141e+03 3.556673705000000155e+03 3.573829388600000129e+03 3.590985296599999856e+03 3.608141462000000047e+03 3.625297904600000038e+03 3.642454663999999866e+03 3.659611759999999776e+03 3.676769225600000027e+03 3.693927087199999733e+03 3.711085371199999827e+03 3.728244104000000334e+03 3.745403318600000148e+03 3.762563034799999969e+03 3.779723285600000054e+03 3.796884097399999973e+03 3.814045503199999985e+03 3.831207516200000100e+03 3.848370182600000135e+03 3.865533508999999867e+03 3.882697541600000022e+03 3.899862293600000157e+03 3.917027798000000075e+03 3.934194081200000255e+03 3.951361169599999812e+03 3.968529089600000134e+03 3.985697874200000115e+03 4.002867543200000000e+03 4.020038122999999814e+03 4.037209640000000036e+03 4.054382127200000014e+03 4.071555610999999772e+03 4.088730111200000010e+03 4.105905660800000078e+03 4.123082279599999310e+03 4.140260000600000240e+03 4.157438843599999927e+03 4.174618848199999775e+03 4.191800027600000249e+03 4.208982408199999554e+03 4.226166029600000002e+03 4.243350904999999329e+03 4.260537067399999614e+03 4.277724543199999971e+03
1.815575888959999929e+03 1.832875182620000032e+03 1.850170989499999905e+03 1.867463361739999982e+03 1.884752351480000016e+03 1.902038010199999917e+03 1.919320388719999983e+03 1.936599539179999965e+03 1.953875510419999955e+03 1.971148353260000022e+03 1.988418116671999996e+03 2.005684849693999922e+03 2.022948601033999921e+03 2.040209418608000078e+03 2.057467350265999812e+03 2.074722443197999837e+03 2.091974744264000037e+03 2.109224299928000164e+03 2.126471156059999885e+03 2.143715358200000082e+03 2.160956952019999790e+03 2.178195981740000207e+03 2.195432492240000101e+03 2.212666527079999923e+03 2.229898129820000122e+03 2.247127344019999782e+03 2.264354211920000125e+03 2.281578777079999782e+03 2.298801081080000131e+03 2.316021164839999983e+03 2.333239070600000105e+03 2.350454839280000215e+03 2.367668511140000192e+03 2.384880127100000209e+03 2.402089727420000145e+03 2.419297350379999898e+03 2.436503036240000256e+03 2.453706823940000049e+03 2.470908752419999928e+03 2.488108859299999949e+03 2.505307183519999853e+03 2.522503762039999856e+03 2.539698633800000152e+03 2.556891834439999911e+03 2.574083401580000100e+03 2.591273371520000182e+03 2.608461781219999921e+03 2.625648666320000302e+03 2.642834063780000179e+03 2.660018007260000104e+03
3.441195696199999929e+03 3.458354026400000294e+03 3.475512376399999994e+03 3.492670779199999743e+03 3.509829267799999798e+03 3.526987868600000184e+03 3.544146614600000248e+03 3.561305519000000004e+03 3.578464627999999720e+03 3.595623961400000098e+03 3.612783545600000252e+03 3.629943407000000207e+03 3.647103585199999998e+03 3.664264093400000093e+03 3.681424971200000073e+03 3.698586238400000184e+03 3.715747927999999774e+03 3.732910066399999778e+03 3.750072673399999985e+03 3.767235788599999978e+03 3.784399438399999781e+03 3.801563642600000094e+03 3.818728427600000032e+03 3.835893833000000086e+03 3.853059871999999814e+03 3.870226584200000161e+03 3.887393982800000231e+03 3.904562107400000059e+03 3.921730977799999891e+03 3.938900626999999986e+03 3.956071074800000133e+03 3.973242354199999681e+03 3.990414485000000241e+03 4.007587500200000250e+03 4.024761426199999732e+03 4.041936289400000078e+03 4.059112116199999946e+03 4.076288926400000037e+03 4.093466759599999932e+03 4.110645629000000554e+03 4.127825574200000119e+03 4.145006615000000238e+03 4.162188771199999792e+03 4.179372082400000181e+03 4.196556568399999378e+03 4.213742255600000135e+03 4.230929176999999981e+03 4.248117345800000294e+03 4.265306801599999744e+03 4.282497564199999943e+03
1.819618363219999992e+03 1.836921241340000051e+03 1.854220617500000117e+03 1.871516543180000099e+03 1.888809071180000046e+03 1.906098252980000098e+03 1.923384140720000005e+03 1.940666784559999996e+03 1.957946235979999983e+03 1.975222543820000055e+03 1.992495758437999939e+03 2.009765928937999888e+03 2.027033104028000025e+03 2.044297332138799902e+03 2.061558661093999945e+03 2.078817138439999781e+03 2.096072811248000107e+03 2.113325726179999947e+03 2.130575929699999961e+03 2.147823466819999794e+03 2.165068383740000172e+03 2.182310726000000159e+03 2.199550537160000204e+03 2.216787861440000142e+03 2.234022743720000108e+03 2.251255226899999798e+03 2.268485353879999820e+03 2.285713167559999874e+03 2.302938710179999816e+03 2.320162023979999958e+03 2.337383149880000019e+03 2.354602130780000152e+03 2.371819005620000098e+03 2.389033816640000168e+03 2.406246602780000103e+03 2.423457404960000076e+03 2.440666262119999828e+03 2.457873213859999851e+03 2.475078299119999883e+03 2.492281556840000121e+03 2.509483024640000167e+03 2.526682740140000078e+03 2.543880742939999891e+03 2.561077068680000139e+03 2.578271755639999810e+03 2.595464840120000190e+03 2.612656359080000129e+03 2.629846348820000003e+03 2.647034844979999889e+03 2.664221883860000162e+03
3.446927314399999887e+03 3.464089908200000082e+03 3.481252528400000301e+03 3.498415194799999881e+03 3.515577946999999767e+03 3.532740804799999751e+03 3.549903801200000089e+03 3.567066962599999897e+03 3.584230315400000109e+03 3.601393892600000072e+03 3.618557720599999811e+03 3.635721819200000027e+03 3.652886228000000301e+03 3.670050973399999748e+03 3.687216075199999977e+03 3.704381573000000117e+03 3.721547480000000178e+03 3.738713835800000197e+03 3.755880660199999966e+03 3.773047986200000196e+03 3.790215833600000224e+03 3.807384242000000086e+03 3.824553224600000249e+03 3.841722821000000295e+03 3.858893051000000014e+03 3.876063940999999886e+03 3.893235523999999714e+03 3.910407826399999976e+03 3.927580868000000009e+03 3.944754681800000071e+03 3.961929294200000186e+03 3.979104731599999923e+03 3.996281020399999761e+03 4.013458180399999947e+03 4.030636251200000061e+03 4.047815259199999673e+03 4.064995217599999705e+03 4.082176166000000194e+03 4.099358117599999787e+03 4.116541118600000118e+03 4.133725182199999836e+03 4.150910334799999873e+03 4.168096602800000255e+03 4.185284019200000330e+03 4.202472610400000121e+03 4.219662396199999421e+03 4.236853409600000305e+03 4.254045677000000069e+03 4.271239218200000323e+03 4.288434072799999740e+03
1.824832729519999930e+03 1.842140249419999918e+03 1.859444247559999894e+03 1.876744776080000065e+03 1.894041887119999956e+03 1.911335633480000070e+03 1.928626065980000021e+03 1.945913236760000018e+03 1.963197195319999992e+03 1.980477993140000081e+03 1.997755679192000116e+03 2.015030303437999919e+03 2.032301914784000019e+03 2.049570561865400123e+03 2.066836292815999968e+03 2.084099155400000200e+03 2.101359197012000095e+03 2.118616464379999798e+03 2.135871004759999778e+03 2.153122863560000042e+03 2.170372086320000108e+03 2.187618719240000246e+03 2.204862806539999838e+03 2.222104393759999766e+03 2.239343523800000185e+03 2.256580240880000019e+03 2.273814588560000175e+03 2.291046609739999894e+03 2.308276347320000241e+03 2.325503843540000162e+03 2.342729140639999969e+03 2.359952279539999836e+03 2.377173301159999937e+03 2.394392247740000130e+03 2.411609158879999995e+03 2.428824075500000163e+03 2.446037036539999917e+03 2.463248082260000047e+03 2.480457252260000132e+03 2.497664584160000231e+03 2.514870118220000222e+03 2.532073891399999866e+03 2.549275942639999812e+03 2.566476308899999822e+03 2.583675028460000249e+03 2.600872138279999945e+03 2.618067675320000035e+03 2.635261675879999984e+03 2.652454176260000168e+03 2.669645212760000049e+03
3.453777599600000030e+03 3.470945282000000134e+03 3.488112990800000262e+03 3.505280739199999971e+03 3.522448566799999753e+03 3.539616500000000087e+03 3.556784565200000088e+03 3.573952788800000235e+03 3.591121203800000330e+03 3.608289836599999944e+03 3.625458713600000010e+03 3.642627861200000098e+03 3.659797312400000010e+03 3.676967093600000226e+03 3.694137224600000081e+03 3.711307745000000068e+03 3.728478681200000210e+03 3.745650046400000065e+03 3.762821886799999902e+03 3.779994222199999967e+03 3.797167072399999597e+03 3.814340476999999737e+03 3.831514455800000178e+03 3.848689041799999814e+03 3.865864254799999799e+03 3.883040121200000158e+03 3.900216680600000018e+03 3.917393946199999846e+03 3.934571957600000133e+03 3.951750727999999981e+03 3.968930290399999649e+03 3.986110677800000303e+03 4.003291909999999916e+03 4.020474013399999876e+03 4.037657020999999986e+03 4.054840952600000037e+03 4.072025834600000053e+03 4.089211699999999837e+03 4.106398575199999868e+03 4.123586486600000171e+03 4.140775454000000536e+03 4.157965510399999403e+03 4.175156682200000432e+03 4.192348995800000012e+03 4.209542477599999984e+03 4.226737154000000373e+03 4.243933051399999385e+03 4.261130202800000006e+03 4.278328621399999975e+03 4.295528353400000015e+03
1.831215109040000016e+03 1.848528351140000041e+03 1.865838047060000008e+03 1.883144248939999898e+03 1.900447010899999896e+03 1.917746384419999913e+03 1.935042421639999930e+03 1.952335173380000015e+03 1.969624691120000080e+03 1.986911025152000093e+03 2.004194225834000008e+03 2.021474342797999952e+03 2.038751425411999890e+03 2.056025522450000153e+03 2.073296682487999988e+03 2.090564953640000113e+03 2.107830383491999783e+03 2.125093019299999924e+03 2.142352907659999801e+03 2.159610095959999853e+03 2.176864629080000213e+03 2.194116553880000083e+03 2.211365914580000208e+03 2.228612756720000107e+03 2.245857124520000070e+03 2.263099062199999935e+03 2.280338613320000150e+03 2.297575821439999800e+03 2.314810730119999789e+03 2.332043380940000134e+03 2.349273817459999918e+03 2.366502080600000227e+03 2.383728211940000165e+03 2.400952253720000044e+03 2.418174246200000198e+03 2.435394229640000049e+03 2.452612244959999771e+03 2.469828332420000152e+03 2.487042530300000180e+03 2.504254878860000190e+03 2.521465416380000079e+03 2.538674182459999884e+03 2.555881215379999958e+03 2.573086552100000063e+03 2.590290232219999780e+03 2.607492291380000097e+03 2.624692767860000004e+03 2.641891698620000170e+03 2.659089119960000062e+03 2.676285068180000053e+03
3.461714026999999987e+03 3.478887596599999597e+03 3.496061185999999907e+03 3.513234814999999799e+03 3.530408510000000206e+03 3.547582304000000022e+03 3.564756229999999960e+03 3.581930301200000031e+03 3.599104563800000051e+03 3.616279031000000032e+03 3.633453742400000010e+03 3.650628717800000231e+03 3.667803983599999810e+03 3.684979579400000148e+03 3.702155518399999892e+03 3.719331840199999988e+03 3.736508571200000006e+03 3.753685731200000191e+03 3.770863353199999892e+03 3.788041463599999588e+03 3.805220088799999758e+03 3.822399255199999971e+03 3.839578995800000030e+03 3.856759337000000414e+03 3.873940298600000006e+03 3.891121906999999737e+03 3.908304201799999646e+03 3.925487202799999977e+03 3.942670936399999846e+03 3.959855429000000186e+03 3.977040713600000345e+03 3.994226810000000114e+03 4.011413751200000206e+03 4.028601556999999957e+03 4.045790260400000079e+03 4.062979881199999909e+03 4.080170458999999937e+03 4.097362013599999955e+03 4.114554564799999753e+03 4.131748152199999822e+03 4.148942795599999954e+03 4.166138527999999496e+03 4.183335369200000059e+03 4.200533345600000757e+03 4.217732490200000029e+03 4.234932829399999719e+03 4.252134389599999849e+03 4.269337197200000446e+03 4.286541285199999948e+03 4.303746666799999730e+03
1.838760122120000005e+03 1.856080188619999944e+03 1.873396680560000050e+03 1.890709652720000122e+03 1.908019155920000003e+03 1.925325244280000106e+03 1.942627968620000047e+03 1.959927381080000032e+03 1.977223533139999972e+03 1.994516475026000080e+03 2.011806257623999954e+03 2.029092930829999887e+03 2.046376544176999914e+03 2.063657146867999927e+03 2.080934787709999910e+03 2.098209515047999957e+03 2.115481376600000203e+03 2.132750421140000071e+03 2.150016694339999958e+03 2.167280243719999817e+03 2.184541115479999917e+03 2.201799355820000073e+03 2.219055010279999806e+03 2.236308124399999997e+03 2.253558743059999870e+03 2.270806910480000170e+03 2.288052670219999982e+03 2.305296067820000189e+03 2.322537144859999898e+03 2.339775945559999855e+03 2.357012511500000073e+03 2.374246886240000094e+03 2.391479111359999933e+03 2.408709227780000219e+03 2.425937277739999899e+03 2.443163302160000057e+03 2.460387341300000116e+03 2.477609435419999954e+03 2.494829624120000062e+03 2.512047948320000160e+03 2.529264446959999987e+03 2.546479158319999897e+03 2.563692121999999927e+03 2.580903375620000133e+03 2.598112958120000258e+03 2.615320907119999902e+03 2.632527260240000032e+03 2.649732055100000252e+03 2.666935328000000027e+03 2.684137115900000026e+03
3.470692191799999819e+03 3.487872427400000106e+03 3.505052663000000393e+03 3.522232938199999808e+03 3.539413266200000180e+03 3.556593686600000183e+03 3.573774219200000061e+03 3.590954903599999852e+03 3.608135759599999801e+03 3.625316820199999711e+03 3.642498111799999606e+03 3.659679660799999965e+03 3.676861493599999903e+03 3.694043643199999678e+03 3.711226136000000224e+03 3.728408998400000200e+03 3.745592263399999865e+03 3.762775950799999919e+03 3.779960093599999709e+03 3.797144718200000170e+03 3.814329850999999962e+03 3.831515518400000019e+03 3.848701753400000143e+03 3.865888575800000126e+03 3.883076018599999770e+03 3.900264108200000010e+03 3.917452870999999959e+03 3.934642340000000331e+03 3.951832535000000007e+03 3.969023482399999921e+03 3.986215215199999875e+03 4.003407759799999894e+03 4.020601142600000003e+03 4.037795390000000225e+03 4.054990528399999675e+03 4.072186590799999976e+03 4.089383597000000009e+03 4.106581580000000031e+03 4.123780559599999833e+03 4.140980575399999907e+03 4.158181647200000043e+03 4.175383808000000499e+03 4.192587077600000157e+03 4.209791488999999274e+03 4.226997062000000369e+03 4.244203836200000296e+03 4.261411837999999989e+03 4.278621087200000147e+03 4.295831610199999886e+03 4.313043453199999931e+03
1.847461420879999878e+03 1.864789439720000018e+03 1.882113852980000047e+03 1.899434713460000012e+03 1.916752075280000099e+03 1.934065990580000062e+03 1.951376510840000037e+03 1.968683688860000075e+03 1.985987576252000054e+03 2.003288223307999942e+03 2.020585681045999991e+03 2.037879999625999972e+03 2.055171228944000177e+03 2.072459418500000083e+03 2.089744617398000173e+03 2.107026874279999902e+03 2.124306237260000216e+03 2.141582754980000118e+03 2.158856474300000173e+03 2.176127442080000037e+03 2.193395705840000119e+03 2.210661311779999778e+03 2.227924305439999898e+03 2.245184733019999840e+03 2.262442639400000189e+03 2.279698069460000170e+03 2.296951068079999914e+03 2.314201679480000166e+03 2.331449946560000171e+03 2.348695914200000061e+03 2.365939623979999851e+03 2.383181120119999832e+03 2.400420443540000178e+03 2.417657637140000134e+03 2.434892742500000168e+03 2.452125801199999842e+03 2.469356854159999784e+03 2.486585941639999874e+03 2.503813104559999829e+03 2.521038383179999983e+03 2.538261816440000075e+03 2.555483444599999984e+03 2.572703306599999905e+03 2.589921441380000033e+03 2.607137887219999811e+03 2.624352682400000049e+03 2.641565865200000189e+03 2.658777473240000290e+03 2.675987543480000113e+03 2.693196113540000169e+03
3.480770959399999811e+03 3.497958639800000128e+03 3.515146313600000212e+03 3.532334013800000321e+03 3.549521753600000011e+03 3.566709579200000007e+03 3.583897510400000101e+03 3.601085580200000095e+03 3.618273808400000235e+03 3.635462234599999647e+03 3.652650878599999942e+03 3.669839773400000013e+03 3.687028945399999884e+03 3.704218421000000035e+03 3.721408233199999813e+03 3.738598408400000153e+03 3.755788973000000169e+03 3.772979960000000119e+03 3.790171389199999794e+03 3.807363293600000361e+03 3.824555699600000025e+03 3.841748640199999954e+03 3.858942135199999939e+03 3.876136217600000236e+03 3.893330907200000183e+03 3.910526243600000271e+03 3.927722253200000068e+03 3.944918955799999821e+03 3.962116384400000243e+03 3.979314565399999992e+03 3.996513525200000004e+03 4.013713290200000301e+03 4.030913899999999558e+03 4.048115367800000058e+03 4.065317733199999566e+03 4.082521009399999912e+03 4.099725242599999547e+03 4.116930446000000302e+03 4.134136659199999485e+03 4.151343902000000526e+03 4.168552200799999810e+03 4.185761595199999647e+03 4.202972104999999829e+03 4.220183756600000379e+03 4.237396582999999737e+03 4.254610617199999979e+03 4.271825878999999986e+03 4.289042401400000017e+03 4.306260210800000095e+03 4.323479340199999569e+03
1.857311547979999887e+03 1.874648656999999957e+03 1.891982126119999975e+03 1.909312008139999989e+03 1.926638355860000047e+03 1.943961223400000108e+03 1.961280662240000083e+03 1.978596725180000021e+03 1.995909462578000102e+03 2.013218926574000079e+03 2.030525167790000069e+03 2.047828236756259912e+03 2.065128183511999850e+03 2.082425057876000210e+03 2.099718909109999913e+03 2.117009786120000172e+03 2.134297737679999955e+03 2.151582812300000114e+03 2.168865056839999852e+03 2.186144519479999872e+03 2.203421247079999830e+03 2.220695286499999838e+03 2.237966683940000166e+03 2.255235486260000016e+03 2.272501737680000133e+03 2.289765483740000036e+03 2.307026769980000154e+03 2.324285640619999867e+03 2.341542139879999922e+03 2.358796311319999859e+03 2.376048199159999967e+03 2.393297845640000105e+03 2.410545294319999812e+03 2.427790586780000012e+03 2.445033765919999951e+03 2.462274873320000097e+03 2.479513950560000012e+03 2.496751037900000028e+03 2.513986177580000003e+03 2.531219408540000131e+03 2.548450772359999974e+03 2.565680307980000180e+03 2.582908055660000173e+03 2.600134054340000148e+03 2.617358342300000004e+03 2.634580959140000232e+03 2.651801943139999821e+03 2.669021331920000193e+03 2.686239163759999883e+03 2.703455475620000016e+03
3.491945459000000028e+03 3.509141389399999753e+03 3.526337300000000141e+03 3.543533210600000075e+03 3.560729167399999824e+03 3.577925183599999855e+03 3.595121298799999749e+03 3.612317539399999987e+03 3.629513931800000137e+03 3.646710509000000002e+03 3.663907290799999828e+03 3.681104316799999651e+03 3.698301613399999951e+03 3.715499200399999609e+03 3.732697117400000025e+03 3.749895390799999859e+03 3.767094047000000046e+03 3.784293112400000155e+03 3.801492613399999755e+03 3.818692589600000247e+03 3.835893060800000057e+03 3.853094053400000121e+03 3.870295600399999785e+03 3.887497728199999983e+03 3.904700469800000064e+03 3.921903844999999819e+03 3.939107893399999739e+03 3.956312628199999835e+03 3.973518095599999924e+03 3.990724308800000017e+03 4.007931307400000151e+03 4.025139111200000116e+03 4.042347753199999715e+03 4.059557266400000117e+03 4.076767670600000201e+03 4.093978998800000227e+03 4.111191277400000217e+03 4.128404539400000431e+03 4.145618811199999982e+03 4.162834119200000714e+03 4.180050503000000390e+03 4.197267982400000619e+03 4.214486583800000517e+03 4.231706346799999665e+03 4.248927297799999906e+03 4.266149463200000355e+03 4.283372869400000127e+03 4.300597555999999713e+03 4.317823549400000047e+03 4.335050875999999334e+03
1.868310762139999952e+03 1.885658134819999987e+03 1.903001829320000070e+03 1.920341899100000091e+03 1.937678397619999942e+03 1.955011377020000054e+03 1.972340890760000093e+03 1.989666989725999883e+03 2.006989726585999961e+03 2.024309152357999892e+03 2.041625318251399904e+03 2.058938274776000071e+03 2.076248072270000193e+03 2.093554760701999840e+03 2.110858389506000094e+03 2.128159007719999863e+03 2.145456665239999893e+03 2.162751408860000083e+03 2.180043288079999911e+03 2.197332349759999943e+03 2.214618641420000131e+03 2.231902210579999974e+03 2.249183103440000195e+03 2.266461366859999998e+03 2.283737045719999969e+03 2.301010186880000219e+03 2.318280834560000130e+03 2.335549034300000130e+03 2.352814830320000056e+03 2.370078267500000038e+03 2.387339388739999777e+03 2.404598237600000175e+03 2.421854858300000160e+03 2.439109292420000202e+03 2.456361583519999840e+03 2.473611773180000000e+03 2.490859902979999788e+03 2.508106015159999970e+03 2.525350150639999811e+03 2.542592351000000235e+03 2.559832655180000074e+03 2.577071105420000094e+03 2.594307740000000194e+03 2.611542599840000094e+03 2.628775723220000145e+03 2.646007150399999773e+03 2.663236919660000240e+03 2.680465069280000080e+03 2.697691636879999805e+03 2.714916661400000066e+03
